频道名,地址,跳过原因
2026-05-22 18:39:01,https://vd2.bdstatic.com/mda-sctj0f6r4u1bpebc/1080p/cae_h264/1774706523506678171/mda-sctj0f6r4u1bpebc.mp4,重复URL
www.izbds.com,https://vd2.bdstatic.com/mda-sctj0f6r4u1bpebc/1080p/cae_h264/1774706523506678171/mda-sctj0f6r4u1bpebc.mp4,重复URL
余姚综合,http://l.cztvcloud.com/channels/lantian/SXyuyao1/720p.m3u8?zzhed,重复URL
余杭未来E频道,http://l.cztvcloud.com/channels/lantian/SXyuhang3/720p.m3u8?zzhed,重复URL
余杭综合频道,http://l.cztvcloud.com/channels/lantian/SXyuhang1/720p.m3u8?zzhed,重复URL
嵊泗综合,http://l.cztvcloud.com/channels/lantian/SXshengzhou1/720p.m3u8?zzhed,重复URL
支持作者,https://vd2.bdstatic.com/mda-sctj0f6r4u1bpebc/1080p/cae_h264/1774706523506678171/mda-sctj0f6r4u1bpebc.mp4,重复URL
浙江教科影院,http://ali-m-l.cztv.com/channels/lantian/channel004/1080p.m3u8,重复URL
浙江民生休闲,http://ali-m-l.cztv.com/channels/lantian/channel006/1080p.m3u8,重复URL
浙江经济生活,http://ali-m-l.cztv.com/channels/lantian/channel003/1080p.m3u8,重复URL
萧山生活频道,http://l.cztvcloud.com/channels/lantian/SXxiaoshan2/720p.m3u8?zzhed,重复URL
[HD]营山[geo-blocked],rtmp://tv.drs.ysxtv.cn/channellive/ystv-bak,无效URL（非 http/https/rtsp 开头）
[HD]dazn1[geo-blocked],rtmp://f13h.mine.nu/sat/tv731,无效URL（非 http/https/rtsp 开头）
[HD]momo综合[geo-blocked],rtmp://f13h.mine.nu/sat/tv761,无效URL（非 http/https/rtsp 开头）
[HD]momo綜合[geo-blocked],rtmp://f13h.mine.nu:1935/sat/tv761,无效URL（非 http/https/rtsp 开头）
[BD]中天新闻,rtmp://digital-live-pull.zegonetwork.com/live/nb-py-ztxw,无效URL（非 http/https/rtsp 开头）
[VGA]中天新闻[geo-blocked],rtmp://home.aceimage.cn/live/xiangjiaoge-ztxw,无效URL（非 http/https/rtsp 开头）
[HD]中视[geo-blocked],rtmp://f13h.mine.nu/sat/tv091,无效URL（非 http/https/rtsp 开头）
[HD]中视[geo-blocked],rtmp://f13h.mine.nu:1935/sat/tv091,无效URL（非 http/https/rtsp 开头）
[HD]台视[geo-blocked],rtmp://f13h.mine.nu:1935/sat/tv071,无效URL（非 http/https/rtsp 开头）
[HD]台视[geo-blocked],rtmp://f13h.mine.nu/sat/tv071,无效URL（非 http/https/rtsp 开头）
[HD]综合[geo-blocked],rtmp://cstvplay.21cs.cn/cstv1/cstv1,无效URL（非 http/https/rtsp 开头）
[HD]东森超视[geo-blocked],rtmp://f13h.mine.nu/sat/tv331,无效URL（非 http/https/rtsp 开头）
[VGA]東森超視[geo-blocked],rtmp://f13h.mine.nu/sat/tv331,无效URL（非 http/https/rtsp 开头）
[HD]東森超視[geo-blocked],rtmp://f13h.mine.nu:1935/sat/tv331,无效URL（非 http/https/rtsp 开头）
[HD]民視[geo-blocked],rtmp://f13h.mine.nu/sat/tv051,无效URL（非 http/https/rtsp 开头）
[HD]纬来日本[geo-blocked],rtmp://f13h.mine.nu/sat/tv771,无效URL（非 http/https/rtsp 开头）
[VGA]緯來日本[geo-blocked],rtmp://f13h.mine.nu/sat/tv771,无效URL（非 http/https/rtsp 开头）
[HD]緯來育樂[geo-blocked],rtmp://f13h.mine.nu/sat/tv701,无效URL（非 http/https/rtsp 开头）
[HD]纬来体育[geo-blocked],rtmp://f13h.mine.nu/sat/tv721,无效URL（非 http/https/rtsp 开头）
[VGA]緯來體育[geo-blocked],rtmp://f13h.mine.nu:1935/sat/tv721,无效URL（非 http/https/rtsp 开头）
[HD]纬来体育[geo-blocked],rtmp://f13h.mine.nu:1935/sat/tv721,无效URL（非 http/https/rtsp 开头）
[HD]华视[geo-blocked],rtmp://f13h.mine.nu/sat/tv111,无效URL（非 http/https/rtsp 开头）
[HD]非凡新聞[geo-blocked],rtmp://f13h.mine.nu/sat/tv581,无效URL（非 http/https/rtsp 开头）
网神影厅508118,https://live.ottiptv.cc/douyu/508118,重复URL
CCTV-1,https://iptv.catvod.com/live.php?id=CCTV1&line=4,重复URL
CCTV-5+,http://74.91.26.218:82/live/cctv5p.m3u8,重复URL
CCTV-9,http://74.91.26.218:82/live/cctv9hd.m3u8,重复URL
CCTV-12,http://74.91.26.218:82/live/cctv12hd.m3u8,重复URL
央视台球,https://epg.pw/stream/ca9c1cd4b97fb824cedd7fedfd0c7a950afdd7f00751cfbb7c2d89831d7746a5.m3u8,重复URL
央视台球,https://epg.pw/stream/25677ac2e8c1f7c3dd6359c43eb5f0f54efb3f5c11f9dda18d01b3e0308ed017.m3u8,重复URL
第一剧场,https://epg.pw/stream/6d7bf281e3d739806a73f5373acaa6e01988ec9739f5ac1355ce54b47a928472.m3u8,重复URL
风云足球,https://epg.pw/stream/ac8062ec9484078061d3bef507c15a423ac57ae4144e3fcc4b0a198dd420f911.m3u8,重复URL
北京卫视,http://satellitepull.cnr.cn/live/wxbtv/playlist.m3u8,重复URL
广州综合,http://tencentplay.gztv.com/live/zonghes.m3u8?txSecret=c8dbe86d6f86eb1a21999ab479fd5667&txTime=18d3c4690e8,重复URL
浙江钱江,http://l.cztvcloud.com/channels/lantian/SXyuyao2/720p.m3u8,重复URL
浙江钱江都市,http://ali-xwl.cztv.com/live/channel021080Plxw.m3u8,重复URL
浙江钱江都市,http://ali-xwl.cztv.com/live/channel02720Plxw.m3u8,重复URL
浙江生活,http://ls.qingting.fm/live/1099.m3u8,重复URL
浙江经济生活,http://ali-xwl.cztv.com/live/channel031080Plxw.m3u8,重复URL
浙江经济生活,http://ali-xwl.cztv.com/live/channel03720Plxw.m3u8,重复URL
浙江经济生活,http://ls.qingting.fm/live/1099.m3u8,重复URL
浙江教育,http://ali-m-l.cztv.com/channels/lantian/channel04/720p.m3u8,重复URL
浙江新闻,http://ali-xwl.cztv.com/live/channel071080Plxw.m3u8,重复URL
浙江新闻,http://ali-m-l.cztv.com/channels/lantian/channel07/720p.m3u8,重复URL
浙江新闻,http://ali-m-l.cztv.com/channels/lantian/channel007/720p.m3u8,重复URL
浙江教科,https://ali-m-l.cztv.com/channels/lantian/channel004/1080p.m3u8,重复URL
浙江经济,http://ali-m-l.cztv.com/channels/lantian/channel03/720p.m3u8,重复URL
之江纪录,https://ali-m-l.cztv.com/channels/lantian/channel12/720p.m3u8,重复URL
嘉兴新闻综合,http://live.zohi.tv/video/s10001-fztv-1/index.m3u8,重复URL
湖州新闻综合,http://hzcm-live.media.hugd.com/3f5fa7d64c7c46a38c6bd8ad35e836cc/65128273761b4731ae53729ea6dcf932.m3u8?auth_key=2277598215-9d21c15111244bea8d298c361d31a72e-0-d031198f58d44b0e91ba2e3f3b188865,重复URL
湖州文化娱乐,http://hzcm-live.media.hugd.com/613c47f0ab0d4eaa98b21378d0db6ded/0051d31c9dd543a7825eea4e49675b2a.m3u8?auth_key=2277598059-0a5ebfa1c0dc4671b42a60810fc37039-0-fa625b7d1feab612062453c12e3c8887,重复URL
浙江经视,http://ali-m-l.cztv.com/channels/lantian/channel003/720p.m3u8,重复URL
浙江民生休闲,http://ali-xwl.cztv.com/live/channel061080Plxw.m3u8,重复URL
浙江民生休闲,http://ali-xwl.cztv.com/live/channel06720Plxw.m3u8,重复URL
浙江数码时代,http://ali-m-l.cztv.com/channels/lantian/channel12/720p.m3u8,重复URL
浙江教科影视,http://ali-xwl.cztv.com/live/channel041080Plxw.m3u8,重复URL
浙江教科影视,http://ali-xwl.cztv.com/live/channel04720Plxw.m3u8,重复URL
浙江休闲台,http://ali-m-l.cztv.com/channels/lantian/channel006/720p.m3u8,重复URL
浙江遂昌,http://l.cztvcloud.com/channels/lantian/SXsuichang1/720p.m3u8,重复URL
诸暨新闻综合,https://l.cztvcloud.com/channels/lantian/SXzhuji3/720p.m3u8,重复URL
诸暨新闻综合,http://l.cztvcloud.com/channels/lantian/SXzhuji3/720p.m3u8?zzhed,重复URL
龙游生活娱乐,http://l.cztvcloud.com/channels/lantian/SXlongyou2/720p.m3u8?zzhed,重复URL
龙游新闻综合,http://l.cztvcloud.com/channels/lantian/SXlongyou1/720p.m3u8?zzhed,重复URL
龙泉新闻综合,http://l.cztvcloud.com/channels/lantian/SXlongquan1/720p.m3u8,重复URL
青田电视台,http://l.cztvcloud.com/channels/lantian/SXqingtian1/720p.m3u8,重复URL
遂昌综合,http://l.cztvcloud.com/channels/lantian/SXsuichang1/720p.m3u8?zzhed,重复URL
象山综合,http://l.cztvcloud.com/channels/lantian/SXxiangshan1/720p.m3u8?zzhed,重复URL
象山综合,http://l.cztvcloud.com/channels/lantian/SXxiangshan1/720p.m3u8,重复URL
象山新闻综合,http://l.cztvcloud.com/channels/lantian/SXxiangshan1/720p.m3u8,重复URL
萧山生活,http://l.cztvcloud.com/channels/lantian/SXxiaoshan2/720p.m3u8,重复URL
萧山生活,https://l.cztvcloud.com/channels/lantian/SXxiaoshan2/720p.m3u8,重复URL
萧山生活,http://l.cztvcloud.com/channels/lantian/SXxiaoshan2/720p.m3u8?zzhed,重复URL
萧山生活,http://l.cztvcloud.com/channels/lantian/SXxiaoshan2/720p.m3u8?zzhed?,重复URL
缙云综合,http://l.cztvcloud.com/channels/lantian/SXjinyun1/720p.m3u8?zzhed?,重复URL
缙云综合,http://l.cztvcloud.com/channels/lantian/SXjinyun1/720p.m3u8?zzhed,重复URL
缙云新闻综合,http://l.cztvcloud.com/channels/lantian/SXjinyun1/720p.m3u8,重复URL
绍兴电视台公共,http://live.shaoxing.com.cn/video/s10001-sxtv2/index.m3u8?%E5%85%B3%E6%B3%A8%E5%BE%AE%E4%BF%A1%E5%85%AC%E4%BC%97%E5%8F%B7[%E6%99%B4%E5%9B%AD],重复URL
湖州公共民生,http://hzcm-live.media.hugd.com/1e6b554b9ab74513958c0e1ffe664d22/9acaa7634309494cb29a85eb12136607.m3u8?auth_key=2272900830-9a2389b8bf4e49d580d4ad807423d326-0-ea78a5c7a678c436263582d368f5009e,重复URL
海宁新闻综合,https://p2hs.vzan.com/slowlive/317913155078575177/live.m3u8,重复URL
洞头综合,http://l.cztvcloud.com/channels/lantian/SXdongtou1/720p.m3u8,重复URL
洞头综合,http://l.cztvcloud.com/channels/lantian/SXdongtou1/720p.m3u8?zzhed?,重复URL
武义新闻综合,http://l.cztvcloud.com/channels/lantian/SXwuyi1/720p.m3u8,重复URL
武义新闻综合,http://l.cztvcloud.com/channels/lantian/SXwuyi1/720p.m3u8?zzhed,重复URL
松阳综合,http://l.cztvcloud.com/channels/lantian/SXsongyang1/720p.m3u8?zzhed?,重复URL
松阳综合,http://l.cztvcloud.com/channels/lantian/SXsongyang1/720p.m3u8,重复URL
普陀电视台,https://l.cztvcloud.com/channels/lantian/SXputuo1/720p.m3u8,重复URL
普陀新闻综合,http://l.cztvcloud.com/channels/lantian/SXputuo1/720p.m3u8,重复URL
新昌生活,http://l.cztvcloud.com/channels/lantian/SXxinchang2/720p.m3u8,重复URL
新昌新闻综合,https://l.cztvcloud.com/channels/lantian/SXxinchang1/720p.m3u8,重复URL
文成综合,http://l.cztvcloud.com/channels/lantian/SXwencheng1/720p.m3u8?zzhed,重复URL
文成综合,http://l.cztvcloud.com/channels/lantian/SXwencheng1/720p.m3u8?zzhed?,重复URL
文成新闻综合,http://l.cztvcloud.com/channels/lantian/SXwencheng1/720p.m3u8,重复URL
数码时代,http://ali-m-l.cztv.com/channels/lantian/channel12/720p.m3u8?zzhed,重复URL
开化新闻综合,http://l.cztvcloud.com/channels/lantian/SXkaihua1/720p.m3u8?zzhed,重复URL
开化国家公园,http://l.cztvcloud.com/channels/lantian/SXkaihua2/720p.m3u8zzhed,重复URL
开化国家公园,http://l.cztvcloud.com/channels/lantian/SXkaihua2/720p.m3u8?zzhed,重复URL
开化国家公园,http://l.cztvcloud.com/channels/lantian/SXkaihua2/720p.m3u8,重复URL
开化国家公园,http://l.cztvcloud.com/channels/lantian/SXkaihua2/720p.m3u8?zzhed#http://l.cztvcloud.com/channels/lantian/SXkaihua2/720p.m3u8zzhed#http://l.cztvcloud.com/channels/lantian/SXkaihua2/720p.m3u8,重复URL
庆元综合,http://l.cztvcloud.com/channels/lantian/SXqingyuan1/720p.m3u8?zzhed?,重复URL
庆元综合,http://l.cztvcloud.com/channels/lantian/SXqingyuan1/720p.m3u8,重复URL
庆元新闻综合,http://l.cztvcloud.com/channels/lantian/SXqingyuan1/720p.m3u8?fbl=,重复URL
平湖民生休闲,http://l.cztvcloud.com/channels/lantian/SXpinghu2/720p.m3u8,重复URL
平湖民生休闲,http://l.cztvcloud.com/channels/lantian/SXpinghu2/720p.m3u8?zzhed,重复URL
平湖新闻综合,http://play-sh13.quklive.com/live/1690167908295069.m3u8?auth_key=2027466211-f190eec410c24473825cbe1d8541e545-0-f21db57ae1b534802c1cf7be86cc3aef,重复URL
嵊泗综合,http://l.cztvcloud.com/channels/lantian/SXshengsi1/720p.m3u8,重复URL
嵊泗综合,http://l.cztvcloud.com/channels/lantian/SXshengzhou1/720p.m3u8?zzhed,重复URL
嵊州新闻综合,https://stream1.freetv.fun/sheng-zhou-xin-wen-zong-he-1.m3u8,重复URL
嵊州新闻综合,http://l.cztvcloud.com/channels/lantian/SXshengzhou1/720p.m3u8?zzhed,重复URL
嵊州新闻综合,http://l.cztvcloud.com/channels/lantian/SXshengzhou1/720p.m3u8?zzhed#http://l.cztvcloud.com/channels/lantian/SXshengzhou1/720p.m3u8,重复URL
兰溪新闻综合,http://l.cztvcloud.com/channels/lantian/SXlanxi1/720p.m3u8,重复URL
余杭综合,http://l.cztvcloud.com/channels/lantian/SXyuhang1/720p.m3u8?zzhed,重复URL
余杭综合,http://l.cztvcloud.com/channels/lantian/SXyuhang1/720p.m3u8,重复URL
余杭未来E,http://l.cztvcloud.com/channels/lantian/SXyuhang3/720p.m3u8?zzhed,重复URL
余杭未来E,http://l.cztvcloud.com/channels/lantian/SXyuhang3/720p.m3u8,重复URL
余姚综合,https://l.cztvcloud.com/channels/lantian/SXyuyao1/720p.m3u8,重复URL
余姚综合,http://l.cztvcloud.com/channels/lantian/SXyuyao1/720p.m3u8?zzhed,重复URL
余姚综合,http://l.cztvcloud.com/channels/lantian/SXyuyao1/720p.m3u8?,重复URL
余姚新闻综合,http://l.cztvcloud.com/channels/lantian/SXyuyao1/720p.m3u8,重复URL
余姚新闻综合,http://l.cztvcloud.com/channels/lantian/SXyuyao1/720p.m3u8?cWlkPSZzPTg3OWMwYmMyZDMzYTFhZGY3NDQxMjgyYTg1MmUzNTY0JmVzPTE3MDY2Nzc4NzMmdXVpZD0yMjdiY2MzNGNiNGY0MThlYjRiY2IxYzcwNmZjODNkMS02NzQ3NDY2NyZ2PTImYXM9MCZjZG5leF9pZD10eF9waG9uZV9saXZl,重复URL
余姚姚江文化,https://l.cztvcloud.com/channels/lantian/SXyuyao3/720p.m3u8,重复URL
余姚姚江文化,http://l.cztvcloud.com/channels/lantian/SXyuyao3/720p.m3u8?zzhed,重复URL
云和新闻综合,http://l.cztvcloud.com/channels/lantian/SXyunhe1/720p.m3u8?zzhed,重复URL
云和新闻综合,http://l.cztvcloud.com/channels/lantian/SXyunhe1/720p.m3u8,重复URL
东阳影视生活,http://l.cztvcloud.com/channels/lantian/SXdongyang1/720p.m3u8,重复URL
上虞新闻综合,http://l.cztvcloud.com/channels/lantian/SXshangyu1/720p.m3u8?zzhed,重复URL
北京新闻,https://satellitepull.cnr.cn/live/wxbjxwgb/playlist.m3u8,重复URL
北京新闻,https://ls.qingting.fm/live/339/64k.m3u8,重复URL
上海第一财经,https://satellitepull.cnr.cn/live/wx32dycjgb/playlist.m3u8,重复URL
第一财经,http://satellitepull.cnr.cn/live/wx32dycjgb/playlist.m3u8,重复URL
第一财经,http://ls.qingting.fm/live/276.m3u8,重复URL
都市剧场,https://satellitepull.cnr.cn/live/wxcqxwgb/playlist.m3u8,重复URL
都市剧场,https://shcm-stream-cf1.stream.264788.xyz/cms001/ch00000090990000001203/index.m3u8?streamid=fd36352c039198fe0978687774e97e59&streamkey=0WsC3jqv5pZMcRRCygo4VTlOTvi9bTCwlnIuuJUBjnBWTwcjoCuCI96qfPqPDVNZ0aqEUXrCtmdYiA55XouMxl7kXeqYtnnZLSPxmTgKz4J1lElEFPNAHdBzm&token=1775754833-0c24e6f296307991-0-4b1ed6441088c73ad4569aca7aa649a5,重复URL
南京少儿,http://nklive.nbs.cn/hls/e0981f3f-1a20-4a59-b8d1-17feb83a4610/index.m3u8,重复URL
南京教科,http://nklive.nbs.cn/hls/75b3c462-b831-4de7-a34b-5d3221db2069/index.m3u8,重复URL
南京新闻综合,http://nklive.nbs.cn/hls/d511bc9d-a694-4453-b3a2-4fc842cc97a1/index.m3u8,重复URL
宜兴新闻,http://yixing-tv-ori-hls.jstv.com/yixing-tv-ori/yixing_xw.m3u8,重复URL
新沂新闻,http://live.xysrmt.cn/xwzh/sd/live.m3u8?zjiangsd",重复URL
新沂生活,http://live.xysrmt.cn/shpd/sd/live.m3u8?zjiangsd,重复URL
无锡娱乐,http://stream.thmz.com/wxtv2/playlist.m3u8?_upt=5ff4061f1706166872,重复URL
无锡娱乐,http://stream.thmz.com/wxtv2/sd/live.m3u8?_upt=acffe97a1704940314,重复URL
无锡娱乐,https://stream.thmz.com/wxtv2/playlist.m3u8,重复URL
无锡娱乐,http://stream.thmz.com/wxtv2/sd/live.m3u8?_upt=978cd8731706199708,重复URL
无锡新闻综合,http://stream.thmz.com/wxtv1/playlist.m3u8,重复URL
无锡新闻综合,http://stream.thmz.com/wxtv1/playlist.m3u8?_upt=156143371706166361,重复URL
无锡新闻综合,http://stream.thmz.com/wxtv1/sd/live.m3u8?_upt=4ba3ab191698644028,重复URL
无锡新闻综合,http://stream.thmz.com/wxtv1/sd/live.m3u8?zjiangsd#http://stream.thmz.com/wxtv1/playlist.m3u8?_upt=156143371706166361#http://stream.thmz.com/wxtv1/sd/live.m3u8?_upt=4ba3ab191698644028#http://stream.thmz.com/wxtv1/playlist.m3u8,重复URL
无锡生活,http://stream.thmz.com/wxtv4/playlist.m3u8?_upt=8c51357c1707362770,重复URL
无锡生活,https://stream.thmz.com/wxtv4/playlist.m3u8,重复URL
无锡生活,http://stream.thmz.com/wxtv4/sd/live.m3u8,重复URL
无锡生活,http://stream.thmz.com/wxtv4/sd/live.m3u8?_upt=978cd8731706199708,重复URL
无锡经济,https://stream.thmz.com/wxtv5/playlist.m3u8,重复URL
无锡经济,http://stream.thmz.com/wxtv5/sd/live.m3u8?zjiangsd,重复URL
无锡经济,http://stream.thmz.com/wxtv5/playlist.m3u8?_upt=10155d141706166867,重复URL
无锡经济,http://stream.thmz.com/wxtv5/playlist.m3u8,重复URL
无锡经济,http://stream.thmz.com/wxtv5/sd/live.m3u8?_upt=cfacd5221704890772,重复URL
无锡都市资讯,http://stream.thmz.com/wxtv3/playlist.m3u8,重复URL
无锡都市资讯,http://stream.thmz.com/wxtv3/playlist.m3u8?_upt=1758133b1706166861,重复URL
无锡都市资讯,http://stream.thmz.com/wxtv3/sd/live.m3u8?_upt=978cd8731706199708,重复URL
无锡都市资讯,http://stream.thmz.com/wxtv3/sd/live.m3u8?zjiangsd#http://stream.thmz.com/wxtv3/sd/live.m3u8?_upt=978cd8731706199708#http://stream.thmz.com/wxtv3/playlist.m3u8#http://stream.thmz.com/wxtv3/playlist.m3u8?_upt=1758133b1706166861,重复URL
沭阳综合,https://shuyang-tv-hls.cm.jstv.com:443/shuyang-tv/shuyangzh.m3u8,重复URL
泗洪新闻综合,http://live1.habctv.com/ggpdsl/sd/live.m3u8?zjiangsd#http://live1.habctv.com/ggpdsl/sd/live.m3u8,重复URL
涟水电视台综合,rtmp://lianshui-tv-hls.cm.jstv.com/lianshui-tv/lsxw,无效URL（非 http/https/rtsp 开头）
涟水电视台综合,https://lianshui-tv-hls.cm.jstv.com:443/lianshui-tv/lsxw.m3u8,重复URL
涟水电视台综合,http://lianshui-tv-hls.cm.jstv.com/lianshui-tv/lsxw.m3u8?zjiangsd,重复URL
涟水电视台综合,http://live1.habctv.com/ggpdsl/sd/live.m3u8?zjiangsd,重复URL
涟水电视台综合,http://live1.habctv.com/ggpdsl/sd/live.m3u8,重复URL
淮安影院娱乐,http://live1.habctv.com/ysylsl/sd/live.m3u8?zjiangsd,重复URL
淮安影院娱乐,http://live1.habctv.com/ysylsl/sd/live.m3u8,重复URL
淮阴综合,https://huaiyin-tv-replay.cm.jstv.com/huaiyin-tv/huaiyinf.m3u8,重复URL
滨海新闻综合,http://traffic.jbh.tjbh.com/live/bhtv10/playlist.m3u8,重复URL
苏州文化生活,https://live-auth.51kandianshi.com/szgd/csztv3.m3u8,重复URL
苏州新闻综合,https://live-auth.51kandianshi.com/szgd/csztv1.m3u8,重复URL
苏州生活资讯,https://live-auth.51kandianshi.com/szgd/csztv5.m3u8,重复URL
苏州社会经济,https://live-auth.51kandianshi.com/szgd/csztv2.m3u8,重复URL
镇江二套社会民生,http://zjtv-wshls.homecdn.com/live/2aa16.m3u8,重复URL
镇江新闻综合,http://zjtv-wshls.homecdn.com/live/2aa50.m3u8?wsSession=a263bdc5a26cd01b57a80359-170493712215358&wsIPSercert=f56bd6194d219a5172dbed60eca6e9b0,重复URL
镇江新闻综合,http://zjtv-wshls.homecdn.com/live/2aa50.m3u8,重复URL
靖江新闻综合,http://ls.qingting.fm/live/23797.m3u8,重复URL
辽宁都市,https://ls.qingting.fm/live/1099/64k.m3u8,重复URL
长沙新闻综合,http://ls.qingting.fm/live/4877.m3u8,重复URL
长沙新闻,http://ls.qingting.fm/live/4877.m3u8,重复URL
武汉一台新闻综合,https://ls.qingting.fm/live/20198/64k.m3u8,重复URL
荆门新闻综合,http://stream.jmtv.com.cn/xwzh/sd/live.m3u8,重复URL
荆门新闻综合,https://stream.jmtv.com.cn/xwzh/playlist.m3u8?_upt=3e28e7271664278691,重复URL
南宁都市生活,http://615bbf179ba53515dccad7b1da5d1ad9.livehwc3.cn/hls.nntv.cn/nnlive/WLSH_24.m3u8?sub_m3u8=true&edge_slice=true&user_session_id=2598844eaee8a4265e706fc14b3fc11d,重复URL
灌阳新闻综合,https://ls.qingting.fm/live/5043/64k.m3u8,重复URL
田东综合,http://pulls.myun.tv/live/0dkp33j5.m3u8,重复URL
广西国际,https://hlscdn.liangtv.cn/live/0234c48e0bc24fe1b41b9999a253e581/1075ee38e04f490690f6a36a16e09c79.m3u8,重复URL
南宁影视娱乐,http://hls.nntv.cn/nnlive/YSYL_244.m3u8,重复URL
武清综合,https://tvpull.smartwq.cn/wqlive/convergencemedia/playlist.m3u8?ztianjd,重复URL
乐至综合,http://175.155.106.72:89/live1/live1.m3u8?zsicd,重复URL
乐至综合,http://175.155.106.72:89/live1/live1.m3u8,重复URL
乐至综合,http://175.155.106.72:89/live1/live1.m3u8?zsicd;http://rmlive.lzxrmtzx.com/live1/live1.m3u8?zsicd,重复URL
井研综合,http://tvfile.jyrmt.cn/nmip-media/channellive/channel104452/playlist.m3u8,重复URL
剑阁综合,https://m3u8.channel.dzsm.com/nmip-media/channellive/channel105549/playlist.m3u8,重复URL
叙州新闻综合,http://pili-live-hls.ybcxjd.com/jdh-live/2108111201035597.m3u8?zsicd,重复URL
名山综合,https://m3u8channel-bx.yunxya.com/nmip-media/channellive/channel104666/playlist.m3u8,重复URL
广元公共,https://m3u8.channel.dzsm.com/nmip-media/channellive/channel101257/playlist.m3u8,重复URL
广安公共,http://live1.gatv.com.cn:85/live/GGPD_ggpdzm.m3u8?zsicd,重复URL
广安公共,http://live1.gatv.com.cn:85/live/GGPD.m3u8,重复URL
广安公共,http://live1.gatv.com.cn:85/live/GGPD_ggpdzm.m3u8,重复URL
旺苍新闻综合,http://channel.wcrmt.cn:80/nmip-media/channellive/channel105268/playlist.m3u8,重复URL
旺苍新闻综合,http://live.spccmc.com:90/live/spxwzh.m3u8?%E5%85%B3%E6%B3%A8%E5%BE%AE%E4%BF%A1%E5%85%AC%E4%BC%97%E5%8F%B7[%E6%99%B4%E5%9B%AD],重复URL
松潘新闻综合,http://live.spccmc.com:90/live/spxwzh.m3u8?%E5%85%B3%E6%B3%A8%E5%BE%AE%E4%BF%A1%E5%85%AC%E4%BC%97%E5%8F%B7[%E6%99%B4%E5%9B%AD],重复URL
松潘新闻综合,http://live.spccmc.com:90/live/spxwzh.m3u8?zsicd,重复URL
松潘新闻综合,http://live.spccmc.com:90/live/spxwzh.m3u8,重复URL
汶川新闻综合,http://live.iwcmt.cn:90/live/zhxw.m3u8?zsicd,重复URL
汶川新闻综合,rtmp://live.iwcmt.cn:1936/live/zhxw,无效URL（非 http/https/rtsp 开头）
汶川新闻综合,http://live.iwcmt.cn:90/live/zhxw.m3u8,重复URL
汶川新闻综合,http://file.ysxtv.cn/cms/videos/nmip-media/channellive/channel4/playlist.m3u8?zsicd#rtmp://tv.mcrm.org.cn:1935/channellive/tv01,重复URL
沐川综合,http://file.ysxtv.cn/cms/videos/nmip-media/channellive/channel4/playlist.m3u8?zsicd,重复URL
泸县新闻综合,http://lxfile.lxxcb.cn/nmip-media/channellive/channel103799/playlist.m3u8,重复URL
泸县新闻综合,http://lxfile.lxxcb.cn:80/nmip-media/channellive/channel103799/playlist.m3u8,重复URL
泸县新闻综合,http://lxfile.lxxcb.cn/nmip-media/channellive/channel103799/playlist.m3u8?zsicd,重复URL
泸县新闻综合,https://m3u8channel.ganzitv.com/nmip-media/channellive/channel1/playlist.m3u8,重复URL
甘孜综合,https://m3u8channel.ganzitv.com/nmip-media/channellive/channel1/playlist.m3u8,重复URL
石棉综合,http://live.hyxrmt.com:85/live/xwpd.m3u8,重复URL
荥经综合,http://file.ysxtv.cn/cms/videos/nmip-media/channellive/channel4/playlist.m3u8,重复URL
荥经综合,https://file.ysxtv.cn/nmip-media/channellive/channel101492/playlist.m3u8,重复URL
营山电视台,http://file.ysxtv.cn/cms/videos/nmip-media/channellive/channel4/playlist.m3u8?zsicd#http://file.ysxtv.cn/cms/videos/nmip-media/channellive/channel4/playlist.m3u8,重复URL
长宁综合,rtmp://cnpull.sccnfb.com/live/123456,无效URL（非 http/https/rtsp 开头）
雅安新闻综合,https://play.yunxya.com/channellive/xinwen.m3u8,重复URL
青川综合,http://qcfile.qcrmt.com/nmip-media/channellive/channel100933/playlist.m3u8,重复URL
陕西公共,http://ls.qingting.fm/live/1222.m3u8,重复URL
三明新闻综合,http://ls.qingting.fm/live/4885.m3u8,重复URL
三明新闻综合,https://ls.qingting.fm/live/5022100/64k.m3u8,重复URL
云霄综合,http://live.zzyxxw.com:85/live/xwzh.m3u8?fujian,重复URL
云霄综合,https://live.zzyxxw.com:2443/live/xwzh.m3u8,重复URL
云霄综合,http://live.zzyxxw.com:85/live/xwzh.m3u8,重复URL
云霄综合,http://live.zzyxxw.com:85/live/xwzh.m3u8?fujian,,重复URL
福州少儿,http://live.zohi.tv/video/s10001-fztv-4/index.m3u8,重复URL
福州生活,http://live.zohi.tv:80/video/s10001-fztv-3/index.m3u8,重复URL
福建新闻,http://satellitepull.cnr.cn/live/wx32fjxwgb/playlist.m3u8,重复URL
福建经济,http://satellitepull.cnr.cn/live/wx32fjdnjjgb/playlist.m3u8,重复URL
福建公共,https://live.264788.xyz/channel/fujianxiangcungonggong?streamid=2987cc24bada6a8c25589409a6452d9e&livekey=01WgOR41rriMmMkzNsd0UoaxJRwetZdxIvtVk,重复URL
福建公共,https://live.264788.xyz/channel/fujianxiangcungonggong?streamid=1cf7fc3a8f6d160c33b43c2f9507a0cc&livekey=01WgOR41rriMmMkzNsd0UoaxJRwetZdxIvtVk,重复URL
福建旅游,https://live.264788.xyz/channel/fujianlvyou?streamid=221239fcf3c7edb274f2f0760fe47f96&livekey=01WgOR41rriMmMkzNsd0UoaxJRwetZdxIvtVk,重复URL
福建旅游,https://live.264788.xyz/channel/fujianlvyou?streamid=8f26765ebf367079cef58c6b7752da1e&livekey=01WgOR41rriMmMkzNsd0UoaxJRwetZdxIvtVk,重复URL
福建经视,https://stream1.freetv.fun/fu-jian-jing-ji-4.m3u8,重复URL
福建经视,https://stream1.freetv.fun/fu-jian-jing-ji-1.m3u8,重复URL
福建经视,https://stream1.freetv.fun/fu-jian-jing-ji-2.m3u8,重复URL
福建经视,https://stream1.freetv.fun/fu-jian-jing-ji-5.m3u8,重复URL
海南新闻,http://ls.qingting.fm/live/1861.m3u8,重复URL
梨园,https://dxtx.hntv.tv/live/lypd.m3u8?txSecret=10c771842a0be59e8b575d765173ec96&txTime=7B923E0A&wsSecret=41543190cdf375f1c73207222bb96542&wsTime=1769313549,重复URL
临颍综合,http://tvpull.dxhmt.cn:9081/tv/11122-1.m3u8?%E5%85%B3%E6%B3%A8%E5%BE%AE%E4%BF%A1%E5%85%AC%E4%BC%97%E5%8F%B7[%E6%99%B4%E5%9B%AD],重复URL
义马新闻综合,http://tvpull.dxhmt.cn:9081/tv/11281-1.m3u8?%E5%85%B3%E6%B3%A8%E5%BE%AE%E4%BF%A1%E5%85%AC%E4%BC%97%E5%8F%B7[%E6%99%B4%E5%9B%AD],重复URL
义马新闻综合,http://tvpull.dxhmt.cn:9081/tv/11281-1.m3u8,重复URL
唐河一套,http://tvpull.dxhmt.cn:9081/tv/11328-1.m3u8,重复URL
唐河一套,http://tvpull.dxhmt.cn:9081/tv/11328-1.m3u8?zhend,重复URL
唐河一套,http://tvpull.dxhmt.cn:9081/tv/11328-1.m3u8?zhend#http://tvpull.dxhmt.cn:9081/tv/11328-1.m3u8,重复URL
固始综合,http://tvpull.dxhmt.cn:9081/tv/11525-1.m3u8?%E5%85%B3%E6%B3%A8%E5%BE%AE%E4%BF%A1%E5%85%AC%E4%BC%97%E5%8F%B7[%E6%99%B4%E5%9B%AD],重复URL
固始综合,http://tvpull.dxhmt.cn:9081/tv/11525-1.m3u8,重复URL
扶沟综合,http://tvpull.dxhmt.cn:9081/tv/11621-1.m3u8?%E5%85%B3%E6%B3%A8%E5%BE%AE%E4%BF%A1%E5%85%AC%E4%BC%97%E5%8F%B7[%E6%99%B4%E5%9B%AD],重复URL
扶沟综合,http://tvpull.dxhmt.cn:9081/tv/11621-1.m3u8?zhend,重复URL
扶沟综合,http://tvpull.dxhmt.cn:9081/tv/11621-1.m3u8,重复URL
新县综合,http://tvpull.dxhmt.cn:9081/tv/11523-1.m3u8?%E5%85%B3%E6%B3%A8%E5%BE%AE%E4%BF%A1%E5%85%AC%E4%BC%97%E5%8F%B7[%E6%99%B4%E5%9B%AD],重复URL
新县综合,http://tvpull.dxhmt.cn:9081/tv/11523-1.m3u8,重复URL
新蔡综合,http://tvpull.dxhmt.cn:9081/tv/11729-1.m3u8?%E5%85%B3%E6%B3%A8%E5%BE%AE%E4%BF%A1%E5%85%AC%E4%BC%97%E5%8F%B7[%E6%99%B4%E5%9B%AD],重复URL
新蔡综合,http://tvpull.dxhmt.cn:9081/tv/11729-1.m3u8,重复URL
新蔡综合,http://tvpull.dxhmt.cn:9081/tv/11729-1.m3u8?zhend,重复URL
渑池新闻综合,http://tvpull.dxhmt.cn:9081/tv/11221-1.m3u8?%E5%85%B3%E6%B3%A8%E5%BE%AE%E4%BF%A1%E5%85%AC%E4%BC%97%E5%8F%B7[%E6%99%B4%E5%9B%AD],重复URL
渑池新闻综合,http://tvpull.dxhmt.cn:9081/tv/11221-1.m3u8,重复URL
潢川综合,http://tvpull.dxhmt.cn:9081/tv/11526-1.m3u8?%E5%85%B3%E6%B3%A8%E5%BE%AE%E4%BF%A1%E5%85%AC%E4%BC%97%E5%8F%B7[%E6%99%B4%E5%9B%AD],重复URL
潢川综合,http://tvpull.dxhmt.cn:9081/tv/11526-1.m3u8,重复URL
禹州综合,http://tvpull.dxhmt.cn:9081/tv/11081-1.m3u8?%E5%85%B3%E6%B3%A8%E5%BE%AE%E4%BF%A1%E5%85%AC%E4%BC%97%E5%8F%B7[%E6%99%B4%E5%9B%AD],重复URL
西华综合,http://tvpull.dxhmt.cn:9081/tv/11622-1.m3u8?%E5%85%B3%E6%B3%A8%E5%BE%AE%E4%BF%A1%E5%85%AC%E4%BC%97%E5%8F%B7[%E6%99%B4%E5%9B%AD],重复URL
西华综合,http://tvpull.dxhmt.cn:9081/tv/11622-1.m3u8,重复URL
西华综合,http://tvpull.dxhmt.cn:9081/tv/11622-1.m3u8?zhend,重复URL
郸城新闻综合,http://tvpull.dxhmt.cn:9081/tv/11625-1.m3u8?wsSecret=df15530a0abec41b14bca00fc96270d1&wsTime=1654956569,重复URL
郸城新闻综合,http://tvpull.dxhmt.cn:9081/tv/11625-1.m3u8,重复URL
项城新闻,http://tvpull.dxhmt.cn:9081/tv/11681-1.m3u8,重复URL
项城新闻,http://tvpull.dxhmt.cn:9081/tv/11681-1.m3u8#@http://live.dxhmt.cn:9081/tv/11681-1.m3u8#@http://p2.weizan.cn/978354/131995006225520039/live.m3u8,重复URL
荥阳综合,http://tvpull.dxhmt.cn:9081/tv/10182-1.m3u8,重复URL
荥阳综合,http://tvpull.dxhmt.cn:9081/tv/10182-1.m3u8?wsSecret=df15530a0abec41b14bca00fc96270d1&wsTime=1654956569,重复URL
荥阳综合,http://tvpull.dxhmt.cn:9081/tv/10182-1.m3u8?zhend,重复URL
灵宝新闻综合,http://tvpull.dxhmt.cn:9081/tv/11282-1.m3u8?zhend,重复URL
沁阳新闻综合,http://tvpull.dxhmt.cn:9081/tv/10882-1.m3u8,重复URL
永城综合,http://tvpull.dxhmt.cn:9081/tv/11481-1.m3u8,重复URL
方城一套,http://tvpull.dxhmt.cn:9081/tv/11322-1.m3u8,重复URL
方城一套,http://tvpull.dxhmt.cn:9081/tv/11322-1.m3u8?zhend,重复URL
新野综合,http://tvpull.dxhmt.cn:9081/tv/11329-1.m3u8?zhend,重复URL
新野综合,http://tvpull.dxhmt.cn:9081/tv/11329-1.m3u8?zhend?,重复URL
新野综合,http://tvpull.dxhmt.cn:9081/tv/11329-1.m3u8,重复URL
内乡综合,http://tvpull.dxhmt.cn:9081/tv/11325-1.m3u8?%E5%85%B3%E6%B3%A8%E5%BE%AE%E4%BF%A1%E5%85%AC%E4%BC%97%E5%8F%B7[%E6%99%B4%E5%9B%AD],重复URL
邯郸科技教育,https://jwcdnqx.hebyun.com.cn/live/hdkj/1500k/tzwj_video.m3u8,重复URL
邯郸公共,https://jwcdnqx.hebyun.com.cn/live/hdgg/1500k/tzwj_video.m3u8,重复URL
邯郸新闻,https://jwcdnqx.hebyun.com.cn/live/hdxwzh/1500k/tzwj_video.m3u8,重复URL
邯郸科教,https://jwcdnqx.hebyun.com.cn/live/hdkj/1500k/tzwj_video.m3u8,重复URL
邢台综合,http://jwplay.hebyun.com.cn/live/xtsrmtzs/1500k/tzwj_video.m3u8,重复URL
邢台综合,https://jwplay.hebyun.com.cn:443/live/xtsrmtzs/1500k/tzwj_video.m3u8,重复URL
衡水公共,http://ls.qingting.fm/live/2810.m3u8,重复URL
滦平新闻,http://jwplay.hebyun.com.cn/live/LPTV001/1500k/tzwj_video.m3u8,重复URL
河北农民,https://ls.qingting.fm/live/1650/64k.m3u8,重复URL
河北农民,http://ls.qingting.fm/live/1650.m3u8,重复URL
河北农民,https://jwcdnqx.hebyun.com.cn/live/clzhpd/1500k/tzwj_video.m3u8?zhebd,重复URL
昌黎综合,https://jwcdnqx.hebyun.com.cn/live/clzhpd/1500k/tzwj_video.m3u8,重复URL
任丘综合,https://jwcdnqx.hebyun.com.cn/live/rqtv1/1500k/tzwj_video.m3u8,重复URL
兴隆综合,https://jwcdnqx.hebyun.com.cn/live/xlzh/1500k/tzwj_video.m3u8,重复URL
平泉综合,https://jwcdnqx.hebyun.com.cn/live/pqzh/1500k/tzwj_video.m3u8,重复URL
清河经济综艺,https://jwcdnqx.hebyun.com.cn/live/qinghe1/1500k/tzwj_video.m3u8,重复URL
安顺新闻,https://ls.qingting.fm/live/5022203/64k.m3u8,重复URL
甘肃经济,https://satellitepull.cnr.cn/live/wxgshhzs/playlist.m3u8,重复URL
甘肃都市,https://satellitepull.cnr.cn/live/wxgsdstb/playlist.m3u8,重复URL
嘉峪关综合,http://play.kankanlive.com/live/1720583434627241.m3u8,重复URL
张掖新闻综合,https://play.kankanlive.com/live/1720583434627241.m3u8,重复URL
永昌综合,https://play.kankanlive.com/live/1652755738635915.m3u8,重复URL
渭源新闻,http://play.kankanlive.com/live/1720408280309109.m3u8,重复URL
白银综合,https://play.kankanlive.com/live/1720408089419110.m3u8,重复URL
白银综合,http://play.kankanlive.com/live/1720408089419110.m3u8,重复URL
秦安综合,https://play.kankanlive.com/live/1659926941626981.m3u8,重复URL
西峰综合,https://play.kankanlive.com/live/1683944827526991.m3u8,重复URL
哈密二套,https://tvpull.hmgbtv.com/hmtv/channel108259412c6a6711/playlist.m3u8,重复URL
哈密三套,https://tvpull.hmgbtv.com/hmtv/channelfb0e5c505477aa44/playlist.m3u8,重复URL
伊犁维吾尔,http://110.153.180.106:55555/out_2/index.m3u8?zxinjd,重复URL
伊犁维吾尔,http://110.153.180.106:55555/out_2/index.m3u8,重复URL
伊犁哈萨克,http://110.153.180.106:55555/out_3/index.m3u8?zxinjd,重复URL
伊犁哈萨克,http://110.153.180.106:55555/out_3/index.m3u8,重复URL
伊犁经济法制,http://110.153.180.106:55555/out_4/index.m3u8?zxinjd,重复URL
伊犁经济法制,http://110.153.180.106:55555/out_4/index.m3u8,重复URL
巴音郭楞州,rtmp://tv.loulannews.cn/channellive/ch1,无效URL（非 http/https/rtsp 开头）
山东教育,https://test1.live.sdetv.com.cn/live/dianshizhibo/playlist.m3u8,重复URL
山东生活,http://ls.qingting.fm/live/60260.m3u8,重复URL
济南新闻综合,https://stream1.freetv.fun/ji-nan-zong-he-2.m3u8,重复URL
太谷新闻综合,https://p2.vzan.com/slowlive/596867413819827251/live.m3u8?zbid=1725814272&tpid=1516989100&type=0,重复URL
定襄综合,http://lbyzztfe.live.sxmty.com/live/hls/645ff4c60e0a49f0a203abbd73dd8be9/0720e665f10f48e98c9639f4f492fb4a-1.m3u8?zshanxd,重复URL
武乡新闻综合,http://uzoiczhh.live.sxmty.com/live/hls/0d41f1480c4042d49927858f01fde707/53130407737b417b9a6259b57246bae3.m3u8?zshanxd,重复URL
黎城综合,http://111.53.96.67:8081/live/1/index.m3u8,重复URL
黎城综合,http://111.53.96.67:8081/live/1/index.m3u8?%E5%85%B3%E6%B3%A8%E5%BE%AE%E4%BF%A1%E5%85%AC%E4%BC%97%E5%8F%B7[%E6%99%B4%E5%9B%AD],重复URL
黄山新闻综合,http://hslive.hsnewsnet.com/lsdream/hve9Wjs/1000/live.m3u8,重复URL
黄山新闻综合,http://hslive.hsnewsnet.com/lsdream/hve9Wjs/1000/live.m3u8?zanhd,重复URL
铜陵新闻综合,https://ls.qingting.fm/live/21303/64k.m3u8,重复URL
祁门综合,http://zbbf2.ahbztv.com/live/416.m3u8?zanhd,重复URL
广德生活,https://live.gdtv.ah.cn/live/newsTV.m3u8,重复URL
六安新闻综合,http://ls.qingting.fm/live/267.m3u8,重复URL
六安公共,http://ls.qingting.fm/live/1794199.m3u8,重复URL
亳州新闻,http://zbbf2.ahbztv.com/live/416.m3u8?zanhd,重复URL
亳州农村,http://zbbf2.ahbztv.com/live/418.m3u8,重复URL
亳州农村,http://zbbf2.ahbztv.com/live/418.m3u8?zanhd,重复URL
宁夏经济,https://ls.qingting.fm/live/1841/64k.m3u8,重复URL
延边卫视,https://srs.iyb983.cn/video/CYS/index.m3u8,重复URL
延边卫视,https://srs.iyb983.cn:443/video/CYS/index.m3u8,重复URL
吉林乡村,https://satellitepull.cnr.cn/live/wxjlxcgb/playlist.m3u8,重复URL
内蒙古经济生活,https://ls.qingting.fm/live/1885/64k.m3u8,重复URL
易门综合,https://zb-live.ynurl.com/yimen/3b75a2f9-7941-46b7-992d-a9796fbca5fe.m3u8,重复URL
通海电视台,https://zb-live.ynurl.com/tonghai/3bfe3a9e-48e6-4c1e-8770-1df66447cc6c.m3u8,重复URL
云南都市,https://hwapi.yntv.net/62hdvf/rjwt14.m3u8,重复URL
云南娱乐,https://hwapi.yntv.net/62hdvf/q9vs1b.m3u8,重复URL
安多卫视,https://liveout.xntv.tv/a65jur/96iln2.m3u8,重复URL
西宁新闻综合,https://liveout.xntv.tv/a65jur/96iln2.m3u8,重复URL
西宁新闻综合,rtmp://liveout.xntv.tv/a65jur/96iln2,无效URL（非 http/https/rtsp 开头）
西宁新闻综合,https://liveout.xntv.tv/a65jur/90p2i1.m3u8?zqinghd,重复URL
西宁新闻综合,https://liveout.xntv.tv/a65jur/96iln2.m3u8?zqinghd,重复URL
西宁生活服务,https://liveout.xntv.tv/a65jur/90p2i1.m3u8?zqinghd,重复URL
黑龙江少儿,https://ls.qingting.fm/live/4972/64k.m3u8,重复URL
黑龙江新闻,https://ls.qingting.fm/live/4974/64k.m3u8,重复URL
七台河新闻综合,http://live.qthnews.org.cn:1935/live/live1/800k/tzwj_video.m3u8,重复URL
双鸭山综合,http://live.qthnews.org.cn:1935/live/live2/800k/tzwj_video.m3u8,重复URL
凤凰卫视,http://php.jdshipin.com/TVOD/iptv.php?id=fhzw,重复URL
香港卫视,http://cctvtxyh5c.liveplay.myqcloud.com/cstv/xianggangweishi_2/index.m3u8,重复URL
香港卫视,https://stream1.freetv.fun/5335c88a9a7d8b74173b491f480d4f94e8d3bd596af54478106aa2399e6c7917.ctv,重复URL
香港卫视,https://stream1.freetv.fun/c751876ae5ceaa0d82b5cf2badc152342aa92a4b45bf504d12ee45966b2fc644.ctv,重复URL
香港卫视,https://stream1.freetv.fun/5335c88a9a7d8b74173b491f480d4f94e8d3bd596af54478106aa2399e6c7917.m3u8,重复URL
香港卫视,https://stream1.freetv.fun/ae7eaf28d8610cdc1651ef6a1f7dbb24b49c5a87627d0d881330afaea37a1616.m3u8,重复URL
纬来体育,https://epg.pw/stream/8855a9936e37e608a0ec8a014cce1673dee9c5d68d560da376cc92e5edef2b25.m3u8,重复URL
纬来体育,https://epg.pw/stream/ab6df63b64d0cc44a1f4f029ed847a26fa54a7aebd455578fb05a63f02c22f4b.m3u8,重复URL
纬来体育,https://epg.pw/stream/4f18dfe0593db5c686eb64ae8edaf2a9202d4d46bdc9bbde2cee27708e12ea01.m3u8,重复URL
靖天资讯,http://breezy-audrie-zspace-7524863c.koyeb.app/vipsir?token=leifeng&id=4gtv-4gtv065,重复URL
靖天资讯,https://mao.ffmking888.dpdns.org/?id=6Z2W5aSp6LOH6KiK5Yaw&auth=30234cedf871581989d3c91a3daec1e9f50e024aafcfa2247e7d44d91bb8d02fbc3f571b2d67f9d82642cc1d0f133d89,重复URL
靖天映画,http://breezy-audrie-zspace-7524863c.koyeb.app/vipsir?token=leifeng&id=4gtv-4gtv055,重复URL
靖天映画,https://4gtv.dxjc.pp.ua/li-4gtv-4gtv055/index.m3u8,重复URL
靖天映画,https://4gtv.dxjc.pp.ua/4gtv-4gtv055/index.m3u8,重复URL
靖天映画,https://mao.ffmking888.dpdns.org/?id=6Z2W5aSp5pig55Wr&auth=30234cedf871581989d3c91a3daec1e9f50e024aafcfa2247e7d44d91bb8d02fbc3f571b2d67f9d82642cc1d0f133d89,重复URL
靖天戏剧,http://breezy-audrie-zspace-7524863c.koyeb.app/vipsir?token=leifeng&id=4gtv-4gtv058,重复URL
靖天戏剧,https://mao.ffmking888.dpdns.org/?id=6Z2W5aSp5oiy5YqH5Yaw&auth=30234cedf871581989d3c91a3daec1e9f50e024aafcfa2247e7d44d91bb8d02fbc3f571b2d67f9d82642cc1d0f133d89,重复URL
东森电影,https://hls-gateway.vpstv.net/streams/476995.m3u8,重复URL
东森电影,https://stream1.freetv.fun/dong-sen-dian-ying-8.ctv,重复URL
东森超视,https://stream1.freetv.fun/dong-sen-chao-shi-4.m3u8,重复URL
东森超视,https://smart.pendy.dpdns.org/Smart.php?id=ettvsuper,重复URL
东森超视,https://stream1.freetv.fun/dong-sen-chao-shi-2.m3u8,重复URL
东森超视,https://stream1.freetv.fun/dong-sen-chao-shi-7.ctv,重复URL
东森超视,https://stream1.freetv.fun/dong-sen-chao-shi-8.m3u8,重复URL
CCTV-5+,https://www.freetv.top/migu/641886773.m3u8?migutoken=03a1b82e35e58cd89a95034ecb29e77e50493397000ec2b1e4d1ce59af01e6420d6dbc068c8230ec03be3a35a20eed8714e0959e3570a08713a7a2e8d86085eabf8f1aa85744c80c38343988b2,重复URL
广东体育,http://r.jdshipin.com/LiYdg,重复URL
广东体育,http://cdn2.163189.xyz/live/gdty/stream.m3u8,重复URL
广东体育,https://epg.pw/stream/7b470f9fc5c305db0c8622117b7b25ca00eb35ba3e93e865cf0ff9df5c736681.m3u8,重复URL
广东体育,http://php.jdshipin.com/PLTV/iptv.php?id=gdty,重复URL
广东体育,http://php.jdshipin.com/TVOD/iptv.php?id=gdty,重复URL
纬来体育,https://smart.pendy.dpdns.org/Smart.php?id=videolandsport,重复URL
纬来体育,https://epg.pw/stream/8855a9936e37e608a0ec8a014cce1673dee9c5d68d560da376cc92e5edef2b25.m3u8,重复URL
纬来体育,https://epg.pw/stream/ab6df63b64d0cc44a1f4f029ed847a26fa54a7aebd455578fb05a63f02c22f4b.m3u8,重复URL
纬来体育,https://epg.pw/stream/4f18dfe0593db5c686eb64ae8edaf2a9202d4d46bdc9bbde2cee27708e12ea01.m3u8,重复URL
纬来体育,https://hls-gateway.vpstv.net/streams/477026.m3u8,重复URL
精品体育,https://epg.pw/stream/866a097a0907c9832440f8df38272dd555abf05200dfbafcc137e214c9b30ca7.m3u8,重复URL
精品体育,https://epg.pw/stream/f7556eccd4ae06b0c2991fdc7a4f8388496559f728cc82459a8e50346040e226.m3u8,重复URL
精品体育,https://epg.pw/stream/94ed0232b61ce8d89883160a4cdfbfc8f3225cae70ef8e17d93eec249a3c8ad6.m3u8,重复URL
广州竞赛,https://stream1.freetv.fun/yan-zhou-jing-sai-34.ctv,重复URL
广州竞赛,https://stream1.freetv.fun/yan-zhou-jing-sai-38.ctv,重复URL
广州竞赛,https://stream1.freetv.fun/yan-zhou-jing-sai-32.ctv,重复URL
广州竞赛,https://stream1.freetv.fun/yan-zhou-jing-sai-2.m3u8,重复URL
广州竞赛,https://stream1.freetv.fun/yan-zhou-jing-sai-33.ctv,重复URL
山东体育,https://stream1.freetv.fun/shan-dong-ti-yu-8.m3u8,重复URL
山东体育,https://stream1.freetv.fun/shan-dong-ti-yu-19.m3u8,重复URL
山东体育,https://stream1.freetv.fun/shan-dong-ti-yu-4.m3u8,重复URL
山东体育,http://livealone302.iqilu.com/iqilu/typd.m3u8,重复URL
山东体育,https://stream1.freetv.fun/shan-dong-ti-yu-7.m3u8,重复URL
江苏体育,https://migu.188766.xyz/?migutoken=90d4e3f3f8a5288cc5aac4a92021e341&id=%E4%BD%93%E8%82%B2%E4%BC%91%E9%97%B2%E9%A2%91%E9%81%93&type=yy,重复URL
江苏体育,https://migu.188766.xyz/?migutoken=af50fdc5b09032a97cf990bd6f36aef2&id=%E4%BD%93%E8%82%B2%E4%BC%91%E9%97%B2%E9%A2%91%E9%81%93&type=yy,重复URL
江苏体育,https://migu.188766.xyz/?migutoken=25d75081796a390b82f0299988e556ac&id=%E4%BD%93%E8%82%B2%E4%BC%91%E9%97%B2%E9%A2%91%E9%81%93&type=yy,重复URL
江苏体育,https://migu.188766.xyz/?migutoken=721cd3a9b6d2cd1a0e378a6a68ae2702&id=%E4%BD%93%E8%82%B2%E4%BC%91%E9%97%B2%E9%A2%91%E9%81%93&type=yy,重复URL
江苏体育,https://migu.188766.xyz/?migutoken=e37f9d8dbdb18b5cdfd250b672323263&id=%E4%BD%93%E8%82%B2%E4%BC%91%E9%97%B2%E9%A2%91%E9%81%93&type=yy,重复URL
安徽综艺体育,https://live.lalifeier.eu.org/ahtv/ahzyty.m3u8?t=1745774515&key=27009aec794adc785b22478c5aa2ae16,重复URL
安徽综艺体育,https://live.lalifeier.eu.org/ahtv/ahzyty.m3u8?t=1746292937&key=940b0f98a121c28884c74971efaac4de,重复URL
安徽综艺体育,https://live.lalifeier.eu.org/ahtv/ahzyty.m3u8?t=1746307365&key=6b104d1fc66c5b34b63d0e19c627e0f9,重复URL
安徽综艺体育,https://stream1.freetv.fun/an-hui-zong-yi-ti-yu-4.ctv,重复URL
安徽综艺体育,https://stream1.freetv.fun/an-hui-zong-yi-ti-yu-8.m3u8,重复URL
风云足球,https://epg.pw/stream/ac8062ec9484078061d3bef507c15a423ac57ae4144e3fcc4b0a198dd420f911.m3u8,重复URL
风云足球,http://[2409:8087:7001:20:2::3]/dbiptv.sn.chinamobile.com/PLTV/88888893/224/3221226984/index.m3u8,重复URL
风云足球,https://live.goodiptv.club/api/yqgd.php?id=fyzq,重复URL
风云足球,https://hls-gateway.vpstv.net/streams/708859.m3u8,重复URL
卡酷动画,https://zby.130519.xyz/PLTV/11/224/3221226019/index.m3u8,重复URL
卡酷动画,http://[2409:8087:1a15:10d1::33]/ottrrs.hl.chinamobile.com/PLTV/88888888/224/3221225654/index.m3u8,重复URL
卡酷动画,http://[2409:8087:5e08:25::16]:6610/200000001898/460000089800010081/1.m3u8,重复URL
卡酷动画,https://migu.188766.xyz/?migutoken=1023983db6b5249e61d4950c1654cd84&id=%E5%8C%97%E4%BA%AC%E5%8D%A1%E9%85%B7%E5%B0%91%E5%84%BF&type=yy,重复URL
卡酷动画,https://migu.188766.xyz/?migutoken=2c51384549aec8a85219fdc0c475e40b&id=%E5%8C%97%E4%BA%AC%E5%8D%A1%E9%85%B7%E5%B0%91%E5%84%BF&type=yy,重复URL
动漫秀场,https://zby.130519.xyz/PLTV/11/224/3221225764/index.m3u8,重复URL
动漫秀场,http://php.jdshipin.com/itv6.php?cid=bestzb&id=5000000011000031113,重复URL
动漫秀场,https://stream1.freetv.fun/dong-man-xiu-chang-11.m3u8,重复URL
动漫秀场,https://stream1.freetv.fun/ipv6-dong-man-xiu-chang-11.m3u8,重复URL
动漫秀场,https://stream1.freetv.fun/dong-man-xiu-chang-9.ctv,重复URL
优漫卡通,https://stream1.freetv.fun/you-man-qia-tong-11.m3u8,重复URL
优漫卡通,https://www.freetv.top/migu/626064703.m3u8?migutoken=7f7c4b909389a0cd5172701768041a0f3887534c4534a68bf1dc85550389e9ab156655484be16e89604513fde9da2f036ebae28d31515b0be32eb12462f5de9d9cab8f00c44671241d5c6e1356,重复URL
优漫卡通,https://www.freetv.top/migu/626064703.m3u8?migutoken=deac6c5275081b54ad412a195e499b7c0cb8f04446b6c80aaa9d3eb1063d620261c68202d59aea05060007b58a62d5d208f16379d861d6f1627c10c9dd894f0bf7e3ca97b04696255e193e871c,重复URL
炫动卡通,https://zby.130519.xyz/PLTV/11/224/3221226161/index.m3u8,重复URL
炫动卡通,http://php.jdshipin.com/TVOD/hnyd.php?id=200000001898/460000089800010117,重复URL
炫动卡通,http://[2409:8087:8:21::18]:6610/otttv.bj.chinamobile.com/PLTV/88888888/224/3221226931/1.m3u8,重复URL
炫动卡通,https://stream1.freetv.fun/ha-ha-xuan-dong-29.m3u8,重复URL
炫动卡通,https://stream1.freetv.fun/ha-ha-xuan-dong-8.m3u8,重复URL
浙江少儿,https://stream1.freetv.fun/zhe-jiang-shao-er-4.m3u8,重复URL
浙江少儿,https://stream1.freetv.fun/zhe-jiang-shao-er-4.ctv,重复URL
浙江少儿,https://stream1.freetv.fun/zhe-jiang-shao-er-6.ctv,重复URL
浙江少儿,https://stream1.freetv.fun/zhe-jiang-shao-er-9.ctv,重复URL
七龙珠,https://live.metshop.top/huya/11601966,重复URL
海绵宝宝,https://live.metshop.top/douyu/3949681,重复URL
中华小当家,https://live.metshop.top/huya/11342413,重复URL
漫画解说,https://www.goodiptv.club/douyu/5907076,重复URL
风云音乐,https://hls-gateway.vpstv.net/streams/708858.m3u8,重复URL
风云音乐,http://iptv.666230.xyz/iptv/jsyd.php/G_FENGYUNYY-CQ,重复URL
风云音乐,http://www.qfly9236.cn:8888/rtp/239.253.92.111:8060,重复URL
音乐现场,https://satellitepull.cnr.cn/live/wx32nmgyygb/playlist.m3u8,重复URL
[BD]rajeen tv,https://t.freetv.fun/live/rajeen-tv-2.m3u8,重复URL
[HD]khbs-tv news fort smith ar,https://t.freetv.fun/live/khbs-tv-news-fort-smith-ar-2.m3u8,重复URL
[SD]band minas,https://t.freetv.fun/live/band-minas-2.m3u8,重复URL
[SD]band minas,https://t.freetv.fun/live/band-minas-2.m3u8,重复URL
[BD]服装时尚,https://t.freetv.fun/live/fu-zhuang-shi-shang-2.m3u8,重复URL
[BD]rcn xtra,https://t.freetv.fun/live/rcn-xtra-1.m3u8,重复URL
[HD]tu universo tv,https://t.freetv.fun/live/tu-universo-tv-2.m3u8,重复URL
[VGA]pica pau,https://t.freetv.fun/live/pica-pau-1.m3u8,重复URL
[VGA]stirr city boise,https://t.freetv.fun/live/stirr-city-boise-1.m3u8,重复URL
[VGA]浙江民生,https://t.freetv.fun/live/zhe-jiang-min-sheng-3.m3u8,重复URL
[BD]tv hronka,https://t.freetv.fun/live/tv-hronka-1.m3u8,重复URL
[VGA]télé 50,https://t.freetv.fun/live/tele-50-1.m3u8,重复URL
[VGA]port st lucie psl tv,https://t.freetv.fun/live/port-st-lucie-psl-tv-2.m3u8,重复URL
[BD]黑水,rtmp://live.schstv.com/live/xwzh,无效URL（非 http/https/rtsp 开头）
[VGA]2s tv,https://t.freetv.fun/live/2s-tv-1.m3u8,重复URL
[BD]mishapi voice tv,https://t.freetv.fun/live/mishapi-voice-tv-1.m3u8,重复URL
[BD]松潘,rtmp://live.spccmc.com:1936/live/spxwzh,无效URL（非 http/https/rtsp 开头）
[SD]астрахань 24 hd,https://t.freetv.fun/live/astrakhan-24-hd-1.m3u8,重复URL
[SD]астрахань 24,https://t.freetv.fun/live/astrakhan-24-2.m3u8,重复URL
[BD]астрахань 24 +1 [fhd],https://t.freetv.fun/live/astrakhan-24-1-fhd-1.m3u8,重复URL
[HD]астрахань 24,https://t.freetv.fun/live/astrakhan-24-2.m3u8,重复URL
[SD]g1,https://t.freetv.fun/live/g1-3.m3u8,重复URL
[VGA]panc tv,https://t.freetv.fun/live/panc-tv-1.m3u8,重复URL
[VGA]ardeal tv,https://t.freetv.fun/live/ardeal-tv-2.m3u8,重复URL
[BD]cartoon head tv 4,rtmp://vkvsd278.okcdn.ru/playback/13474169039795?stkn=teYFrlCUVUJIuLZBKQ1ImcQWv_fDnIhMXd5HG4rWpAxwu6JoihJenTZ1DOmwOyyp9gA3ALXtyP7K&uid=0&sp=uid,sp&sig=vlibqm4nyu&fromCache=1,无效URL（非 http/https/rtsp 开头）
[BD]delfi tv,https://t.freetv.fun/live/delfi-tv-3.m3u8,重复URL
[VGA]影视娱乐剧场,https://t.freetv.fun/live/ying-shi-yu-le-ju-chang-1.m3u8,重复URL
[VGA]khbs-tv news fort smith ar,https://t.freetv.fun/live/khbs-tv-news-fort-smith-ar-2.m3u8,重复URL
[HD]营山,rtmp://tv.drs.ysxtv.cn/channellive/ystv-bak,无效URL（非 http/https/rtsp 开头）
[BD]逍遥君小哥ovo,https://t.freetv.fun/live/xiao-yao-jun-xiao-ge-ovo-1.m3u8,重复URL
[BD]小金综合,rtmp://xjlive.xjxrmt.cn/live/xwpd,无效URL（非 http/https/rtsp 开头）
[VGA]band jornal,https://t.freetv.fun/live/band-jornal-1.m3u8,重复URL
[HD]американский папаша,rtmp://vkvsd231.okcdn.ru/playback/11465359305707?stkn=PIUE3dny2C4QQdgvRp723G_f32wBapMamWluh88g4eznQpqC_odKQvtAaQfbyQGzH5ahLjWN68yQ&uid=0&sp=uid,sp&sig=vlibqm4nyu&fromCache=1,无效URL（非 http/https/rtsp 开头）
[VGA]губка боб,rtmp://vkvsd45.okcdn.ru/playback/12110904437604?stkn=iq_1pa-sFBs2nuwy1I4DVY1Qt0wCgtleSlq2Gz8-IWZBfZ8Myq_xKU2FvshKwhg34dgQWwPMlBMs&uid=0&sp=uid,sp&sig=vlibqm4nyu&fromCache=1,无效URL（非 http/https/rtsp 开头）
[BD]kalinga tv,https://t.freetv.fun/live/kalinga-tv-2.m3u8,重复URL
[HD]tv nrsr,https://t.freetv.fun/live/tv-nrsr-2.m3u8,重复URL
[SD]america's test kitchen,https://t.freetv.fun/live/america-s-test-kitchen-1.m3u8,重复URL
[SD]in the kitchen,https://t.freetv.fun/live/in-the-kitchen-1.m3u8,重复URL
[VGA]k1n0man1a,rtmp://vkvsd176.okcdn.ru/playback/9060843400063?stkn=KV0WGPPXIBbOVVy6l6W5YU70Wrv6I9tZOa9CyCjyDUwntlSO4dtIt72cgu0M-sTWTi7PFHAQj8s&uid=0&sp=uid,sp&sig=vlibqm4nyu,无效URL（非 http/https/rtsp 开头）
[SD]乌克兰 24 канал,https://t.freetv.fun/live/wu-ke-lan-24-kanal-2.m3u8,重复URL
[VGA]43 канал (720p),https://t.freetv.fun/live/43-kanal-720p-2.m3u8,重复URL
[SD]乌克兰 24 канал,https://t.freetv.fun/live/wu-ke-lan-24-kanal-2.m3u8,重复URL
[BD]43 канал (720p),https://t.freetv.fun/live/43-kanal-720p-2.m3u8,重复URL
[BD]西和综合,rtmp://play.kankanlive.com/live/1659926941626981,无效URL（非 http/https/rtsp 开头）
[BD]tv tropical,https://t.freetv.fun/live/tv-tropical-1.m3u8,重复URL
[VGA]momotv,rtmp://9hv1.mine.nu/sat/tv761,无效URL（非 http/https/rtsp 开头）
[HD]tv aldeia,https://t.freetv.fun/live/tv-aldeia-3.m3u8,重复URL
[BD]metanoia tv,https://t.freetv.fun/live/metanoia-tv-2.m3u8,重复URL
[VGA]digital congo tv,https://t.freetv.fun/live/digital-congo-tv-2.m3u8,重复URL
[VGA]3abnkids,https://t.freetv.fun/live/3abnkids-2.m3u8,重复URL
[HD]3abnkids,https://t.freetv.fun/live/3abnkids-2.m3u8,重复URL
[SD]3abn kids,https://t.freetv.fun/live/3abn-kids-1.m3u8,重复URL
[BD]cgtn阿拉伯语,https://t.freetv.fun/live/cgtna-la-bo-yu-2.smil,重复URL
[BD]amx noticias (720p) [not 24/7],https://t.freetv.fun/live/amx-noticias-720p-not-24-7-1.m3u8,重复URL
[BD]kinobar,rtmp://vkvsd267.okcdn.ru/playback/11865043512184?stkn=p0OaO5TQj0hmPh-enAH6jwik4eAW-hSWqeUavrF42cOWe1NwiqXtzfBm7xzkYNBMGpm9hvJiH37E&uid=0&sp=uid,sp&sig=vlibqm4nyu&fromCache=1,无效URL（非 http/https/rtsp 开头）
[BD]cgtn西班牙语,https://t.freetv.fun/live/cgtnxi-ban-ya-yu-2.smil,重复URL
[BD]8tv (720p) [geo-blocked],https://t.freetv.fun/live/8tv-720p-geo-blocked-1.m3u8,重复URL
[BD]cartoon head tv 2,rtmp://vkvsd60.okcdn.ru/playback/14060848557054?stkn=dPIS_1oqnIEuzshSCF2n-I2rHMWJtuaV8ynjujqQMHN_46y8TxiDA_05tyxY8AemFYcGW7XPvCBu&uid=0&sp=uid,sp&sig=vlibqm4nyu&fromCache=1,无效URL（非 http/https/rtsp 开头）
[VGA]фильмы и сериалы,rtmp://vkvsd171.okcdn.ru/playback/11782676949969?stkn=tdttjWMTsSN64s_v7vN4H2hnLoNqeUjmRvlzhqty-Tau9nm0G8p55sOQW7SDlnk6p9KpR81JzEkD&uid=0&sp=uid,sp&sig=vlibqm4nyu,无效URL（非 http/https/rtsp 开头）
[SD][印度]9xm(480p)[256*144],https://t.freetv.fun/live/yin-du-9xm-480p-256-144-1.m3u8,重复URL
[SD]gem shopping network (720p),https://t.freetv.fun/live/gem-shopping-network-720p-1.m3u8,重复URL
[VGA]telekanal rai,https://t.freetv.fun/live/telekanal-rai-1.m3u8,重复URL
[BD]kino.online,rtmp://vkvsd80.okcdn.ru/playback/11445095639945?stkn=isz4WXJ0c-P9MNBOKakZS1dQYkSmIEQX81ccorrT3ZqaCJiGkrCrrBEClpFFXVYJSlMjslcRhb0A&uid=0&sp=uid,sp&sig=vlibqm4nyu&fromCache=1,无效URL（非 http/https/rtsp 开头）
[VGA]aaj tak,https://t.freetv.fun/live/aaj-tak-1.m3u8,重复URL
[SD]abc 5,https://t.freetv.fun/live/abc-5-1.m3u8,重复URL
[HD]23 abc (kero),https://t.freetv.fun/live/23-abc-kero-1.m3u8,重复URL
[VGA]abc me (720p),https://t.freetv.fun/live/abc-me-720p-1.m3u8,重复URL
[HD]abc australia,https://t.freetv.fun/live/abc-australia-1.m3u8,重复URL
[VGA]abc,https://t.freetv.fun/live/abc-4.m3u8,重复URL
[VGA]abc kids (720p) [not 24/7],https://t.freetv.fun/live/abc-kids-720p-not-24-7-1.m3u8,重复URL
[VGA]abc (wplg-dt1) miami fl (720p),https://t.freetv.fun/live/abc-wplg-dt1-miami-fl-720p-1.m3u8,重复URL
[SD]abc news live 2,https://t.freetv.fun/live/abc-news-live-2-2.m3u8,重复URL
[SD]abc news us hd,https://t.freetv.fun/live/abc-news-us-hd-1.m3u8,重复URL
[SD]abc news live 8,https://t.freetv.fun/live/abc-news-live-8-2.m3u8,重复URL
[SD]abc news live 4,https://t.freetv.fun/live/abc-news-live-4-2.m3u8,重复URL
[BD]abc news live 5,https://t.freetv.fun/live/abc-news-live-5-2.m3u8,重复URL
[BD]abcnews-720p,https://t.freetv.fun/live/abcnews-720p-1.m3u8,重复URL
[BD]abc news live 7,https://t.freetv.fun/live/abc-news-live-7-2.m3u8,重复URL
[BD]abcnews-720p（美国）,https://t.freetv.fun/live/abcnews-720p-mei-guo-1.m3u8,重复URL
[BD]abc news live 10,https://t.freetv.fun/live/abc-news-live-10-2.m3u8,重复URL
[BD]abc news live 3,https://t.freetv.fun/live/abc-news-live-3-2.m3u8,重复URL
[BD]abc news live 6,https://t.freetv.fun/live/abc-news-live-6-2.m3u8,重复URL
[BD]abc news live 9,https://t.freetv.fun/live/abc-news-live-9-2.m3u8,重复URL
[SD]abc news,https://t.freetv.fun/live/abc-news-2.m3u8,重复URL
[SD]abc news live 1,https://t.freetv.fun/live/abc-news-live-1-3.m3u8,重复URL
[VGA]abc news live 9 (720p),https://t.freetv.fun/live/abc-news-live-9-720p-1.m3u8,重复URL
[VGA]abc news live 4 (720p),https://t.freetv.fun/live/abc-news-live-4-720p-1.m3u8,重复URL
[VGA]abc news live 5 (720p),https://t.freetv.fun/live/abc-news-live-5-720p-1.m3u8,重复URL
[VGA]abc news live 1 (720p),https://t.freetv.fun/live/abc-news-live-1-720p-1.m3u8,重复URL
[VGA]abc news live 8 (720p),https://t.freetv.fun/live/abc-news-live-8-720p-1.m3u8,重复URL
[VGA]abc news live 6 (720p),https://t.freetv.fun/live/abc-news-live-6-720p-1.m3u8,重复URL
[VGA]abc news live 3 (720p),https://t.freetv.fun/live/abc-news-live-3-720p-1.m3u8,重复URL
[VGA]abc news live 10 (720p),https://t.freetv.fun/live/abc-news-live-10-720p-1.m3u8,重复URL
[VGA]abc news live 2 (720p),https://t.freetv.fun/live/abc-news-live-2-720p-1.m3u8,重复URL
[VGA]abc news live 7 (720p),https://t.freetv.fun/live/abc-news-live-7-720p-1.m3u8,重复URL
[SD]abc,https://t.freetv.fun/live/abc-4.m3u8,重复URL
[HD]abc news live 5,https://t.freetv.fun/live/abc-news-live-5-2.m3u8,重复URL
[HD]abc news live 6,https://t.freetv.fun/live/abc-news-live-6-2.m3u8,重复URL
[HD]abc news live 2,https://t.freetv.fun/live/abc-news-live-2-2.m3u8,重复URL
[HD]abc news live 3,https://t.freetv.fun/live/abc-news-live-3-2.m3u8,重复URL
[HD]abc news live 8,https://t.freetv.fun/live/abc-news-live-8-2.m3u8,重复URL
[HD]abc news live 9,https://t.freetv.fun/live/abc-news-live-9-2.m3u8,重复URL
[HD]abc news live 10,https://t.freetv.fun/live/abc-news-live-10-2.m3u8,重复URL
[HD]abc news live 4,https://t.freetv.fun/live/abc-news-live-4-2.m3u8,重复URL
[HD]abc news live 1,https://t.freetv.fun/live/abc-news-live-1-3.m3u8,重复URL
[HD]abc news live 7,https://t.freetv.fun/live/abc-news-live-7-2.m3u8,重复URL
[BD]abc tv (720p),https://t.freetv.fun/live/abc-tv-720p-1.m3u8,重复URL
[VGA]aabc tv (480p),https://t.freetv.fun/live/aabc-tv-480p-1.m3u8,重复URL
[VGA]tvs talk network,https://t.freetv.fun/live/tvs-talk-network-1.m3u8,重复URL
[VGA]ahlulbayt tv (1080p) [not 24/7],https://t.freetv.fun/live/ahlulbayt-tv-1080p-not-24-7-1.m3u8,重复URL
[BD]police tv,https://t.freetv.fun/live/police-tv-1.m3u8,重复URL
[VGA]tele pam (1080p),https://t.freetv.fun/live/tele-pam-1080p-1.m3u8,重复URL
[HD]sampit tv,https://t.freetv.fun/live/sampit-tv-1.m3u8,重复URL
[VGA]antv,https://t.freetv.fun/live/antv-3.m3u8,重复URL
[VGA]antv,https://t.freetv.fun/live/antv-3.m3u8,重复URL
[BD]antv,https://t.freetv.fun/live/antv-3.m3u8,重复URL
[BD]rtv 1,rtmp://212.200.230.50:1935/RTV/rtv1,无效URL（非 http/https/rtsp 开头）
[HD]astro awani (720p),https://t.freetv.fun/live/astro-awani-720p-1.m3u8,重复URL
[VGA]astro awani,https://t.freetv.fun/live/astro-awani-5.m3u8,重复URL
[VGA]astro awani,https://t.freetv.fun/live/astro-awani-5.m3u8,重复URL
[VGA]arena,https://t.freetv.fun/live/arena-1.m3u8,重复URL
[HD]niknik-tv,rtmp://vkvsd51.okcdn.ru/playback/9747990391627?stkn=F8e6nFzL9oOzipSsxvG4GPfqzYEqKSUg8JFhCLunA6R6JbHG9P92oZiAZkgVnVmWQm_xueQU9pk&uid=0&sp=uid,sp&sig=vlibqm4nyu,无效URL（非 http/https/rtsp 开头）
[VGA]tvri world,https://t.freetv.fun/live/tvri-world-4.m3u8,重复URL
[HD]vb всё в одном,rtmp://vkvsd211.okcdn.ru/playback/10851904072503?stkn=vuFWuALgx71Me_ImIyokT79ubnoxRPa5tX13N_kAoYvrXqqzlbVswhiDCtHEigaPYfKql22Cb_Ze&uid=0&sp=uid,sp&sig=vlibqm4nyu&fromCache=1,无效URL（非 http/https/rtsp 开头）
[VGA]царь горы,rtmp://vkvsd69.okcdn.ru/playback/11828892871504?stkn=QaxFtWVGIo88g9cyFMIow9iC5J32EiGkXnk_6rKiPnrJEB93tLRBCL31cVjawyYr_Er3tetwVeKz&uid=0&sp=uid,sp&sig=vlibqm4nyu&fromCache=1,无效URL（非 http/https/rtsp 开头）
[SD]abu dhabi drama,https://t.freetv.fun/live/abu-dhabi-drama-1.m3u8,重复URL
[SD]abu dhabi sports 2,https://t.freetv.fun/live/abu-dhabi-sports-2-1.m3u8,重复URL
[SD]abu dhabi sports 3,https://t.freetv.fun/live/abu-dhabi-sports-3-1.m3u8,重复URL
[SD]abu dhabi sports 4,https://t.freetv.fun/live/abu-dhabi-sports-4-1.m3u8,重复URL
[VGA]nago tv (240p),https://t.freetv.fun/live/nago-tv-240p-1.m3u8,重复URL
[SD]al hayat tv (720p),https://t.freetv.fun/live/al-hayat-tv-720p-1.m3u8,重复URL
[VGA]al iraqiya al 3ama (720p) [not 24/7],https://t.freetv.fun/live/al-iraqiya-al-3ama-720p-not-24-7-1.m3u8,重复URL
[BD]al iraqiya (720p) [not 24/7],https://t.freetv.fun/live/al-iraqiya-720p-not-24-7-1.m3u8,重复URL
[SD]al jazeera hd,https://t.freetv.fun/live/al-jazeera-hd-1.m3u8,重复URL
[HD]aljazeera,https://t.freetv.fun/live/aljazeera-1.m3u8,重复URL
[SD]al manar (576p),https://t.freetv.fun/live/al-manar-576p-1.m3u8,重复URL
[SD]abu dhabi al oula,https://t.freetv.fun/live/abu-dhabi-al-oula-1.m3u8,重复URL
[BD]伊拉克 al sharqiya,https://t.freetv.fun/live/yi-la-ke-al-sharqiya-2.m3u8,重复URL
[SD]伊拉克 sharqiya news,https://t.freetv.fun/live/yi-la-ke-sharqiya-news-1.m3u8,重复URL
[BD]伊拉克 al sharqiya,https://t.freetv.fun/live/yi-la-ke-al-sharqiya-2.m3u8,重复URL
[BD]aleph news (720p),https://t.freetv.fun/live/aleph-news-720p-1.m3u8,重复URL
[VGA]印度 dd sports,https://t.freetv.fun/live/yin-du-dd-sports-1.m3u8,重复URL
[BD]amazing discoveries tv [1280*792],https://t.freetv.fun/live/amazing-discoveries-tv-1280-792-1.m3u8,重复URL
[BD]amazon sat,https://t.freetv.fun/live/amazon-sat-1.m3u8,重复URL
[BD]voice of america,https://t.freetv.fun/live/voice-of-america-1.m3u8,重复URL
[SD]outdoor america,https://t.freetv.fun/live/outdoor-america-1.m3u8,重复URL
[SD]cctv-4 america (1080p),https://t.freetv.fun/live/cctv-4-america-1080p-1.m3u8,重复URL
[HD]amrita tv,https://t.freetv.fun/live/amrita-tv-1.m3u8,重复URL
[SD]amg tv (1080p),https://t.freetv.fun/live/amg-tv-1080p-1.m3u8,重复URL
[VGA]amga tv (720p) [not 24/7],https://t.freetv.fun/live/amga-tv-720p-not-24-7-1.m3u8,重复URL
[BD]animax,https://t.freetv.fun/live/animax-2.m3u8,重复URL
[SD]haunt tv,https://t.freetv.fun/live/haunt-tv-1.m3u8,重复URL
[VGA]arirang[1280*720],https://t.freetv.fun/live/arirang-1280-720-1.m3u8,重复URL
[SD]arirang,https://t.freetv.fun/live/arirang-2.m3u8,重复URL
[HD]arirang korea,https://t.freetv.fun/live/arirang-korea-2.m3u8,重复URL
[HD]arirang,https://t.freetv.fun/live/arirang-2.m3u8,重复URL
[VGA]arirang korea,https://t.freetv.fun/live/arirang-korea-2.m3u8,重复URL
[VGA]arise news,https://t.freetv.fun/live/arise-news-1.m3u8,重复URL
[VGA]tbn armenia,https://t.freetv.fun/live/tbn-armenia-1.m3u8,重复URL
[VGA]panarmenian tv,https://t.freetv.fun/live/panarmenian-tv-1.m3u8,重复URL
[VGA]asianet news,https://t.freetv.fun/live/asianet-news-3.m3u8,重复URL
[VGA]asianet news,https://t.freetv.fun/live/asianet-news-3.m3u8,重复URL
[HD]astro awani,https://t.freetv.fun/live/astro-awani-5.m3u8,重复URL
[HD]astro awani,https://t.freetv.fun/live/astro-awani-5.m3u8,重复URL
[VGA]atlanta channel,https://t.freetv.fun/live/atlanta-channel-1.m3u8,重复URL
[SD]people are awesome,https://t.freetv.fun/live/people-are-awesome-3.m3u8,重复URL
[HD]zs media,rtmp://vkvsd251.okcdn.ru/playback/3193011317595?stkn=W9XLVL6g8_mjPFdboe8diHBt2f8QhTG-ACCM0hfYdhbiAMlXT-4FSgUAo6r7xkePFP-OEOkxPqY&uid=0&sp=uid,sp&sig=vlibqm4nyu&fromCache=1,无效URL（非 http/https/rtsp 开头）
[VGA]b4u plus (576p),https://t.freetv.fun/live/b4u-plus-576p-1.m3u8,重复URL
[HD]banjar tv,https://t.freetv.fun/live/banjar-tv-1.m3u8,重复URL
[VGA]bbc1,https://t.freetv.fun/live/bbc1-1.m3u8,重复URL
[VGA]bbc america,https://t.freetv.fun/live/bbc-america-1.m3u8,重复URL
[VGA]bbc earth hd,https://t.freetv.fun/live/bbc-earth-hd-2.m3u8,重复URL
[BD]bbc earth,https://t.freetv.fun/live/bbc-earth-1-1.m3u8,重复URL
[VGA]bbc earth,https://t.freetv.fun/live/bbc-earth-2.m3u8,重复URL
[SD]bbc four uk,https://t.freetv.fun/live/bbc-four-uk-1.m3u8,重复URL
[VGA]bbc lifestyle,https://t.freetv.fun/live/bbc-lifestyle-1.m3u8,重复URL
[VGA]bbc three,https://t.freetv.fun/live/bbc-three-1.m3u8,重复URL
[VGA]retromult,rtmp://vkvsd181.okcdn.ru/playback/9095387753249?stkn=9QYompqh6WaegO7paI2Zrflo1MY_FAyEjQj2v7QLE-g6Lp4LLhAeSzzrZYpmMqBrRymI7yXcKBE&uid=0&sp=uid,sp&sig=vlibqm4nyu,无效URL（非 http/https/rtsp 开头）
[SD]biz tv (1080p),https://t.freetv.fun/live/biz-tv-1080p-2.m3u8,重复URL
[SD]brtv (720p),https://t.freetv.fun/live/brtv-720p-1.m3u8,重复URL
[HD]рик и морти,rtmp://vkvsd228.okcdn.ru/playback/10137229994917?stkn=uF-qcmEstFzJRTk2k_pZQ1gq2MmP1WidLMkrmdavGcLp34x9bzBxhFHTQgs1Xg12RcMkQlS8LY4&uid=0&sp=uid,sp&sig=vlibqm4nyu,无效URL（非 http/https/rtsp 开头）
[VGA]buzzr (1080p),https://t.freetv.fun/live/buzzr-1080p-2.m3u8,重复URL
[BD]buzzr (1080p),https://t.freetv.fun/live/buzzr-1080p-2.m3u8,重复URL
[SD]buzzr,https://t.freetv.fun/live/buzzr-3.m3u8,重复URL
[VGA]baden tv (720p),https://t.freetv.fun/live/baden-tv-720p-1.m3u8,重复URL
[VGA]德国baden tv,https://t.freetv.fun/live/de-guo-baden-tv-1.m3u8,重复URL
[VGA]bahrain sports 1 (720p),https://t.freetv.fun/live/bahrain-sports-1-720p-1.m3u8,重复URL
[VGA]bahrain sport 1,https://t.freetv.fun/live/bahrain-sport-1-1.m3u8,重复URL
[VGA]bein sports xtra,https://t.freetv.fun/live/bein-sports-xtra-2.m3u8,重复URL
[SD]30a the beach show (720p),https://t.freetv.fun/live/30a-the-beach-show-720p-1.m3u8,重复URL
[SD]beach tv panama city (720p),https://t.freetv.fun/live/beach-tv-panama-city-720p-1.m3u8,重复URL
[VGA]сам себе режжисер,rtmp://vkvsd33.okcdn.ru/playback/11074022091636?stkn=y0J1cBqm48zbr_72vP9Wq3E2iZJw064SZ7JdIned1TGL9X7fVDWGi5fftZ-RUuNYzeX1HLiznCQQ&uid=0&sp=uid,sp&sig=vlibqm4nyu&fromCache=1,无效URL（非 http/https/rtsp 开头）
[VGA]berita rtm (720p) [not 24/7],https://t.freetv.fun/live/berita-rtm-720p-not-24-7-1.m3u8,重复URL
[BD]berita rtm [geo-blocked],https://t.freetv.fun/live/berita-rtm-geo-blocked-1.m3u8,重复URL
[VGA]bernama tv (1080p) [not 24/7],https://t.freetv.fun/live/bernama-tv-1080p-not-24-7-1.m3u8,重复URL
[VGA]big ten network,https://t.freetv.fun/live/big-ten-network-2.m3u8,重复URL
[VGA]big ten network,https://t.freetv.fun/live/big-ten-network-2.m3u8,重复URL
[SD]billiard tv,https://t.freetv.fun/live/billiard-tv-4.m3u8,重复URL
[VGA]bloomberg tv asia (720p),https://t.freetv.fun/live/bloomberg-tv-asia-720p-1.m3u8,重复URL
[VGA]bloomberg ht (720p),https://t.freetv.fun/live/bloomberg-ht-720p-1.m3u8,重复URL
[VGA]bloomberg tv,https://t.freetv.fun/live/bloomberg-tv-4.m3u8,重复URL
[BD]bloomberg tv,https://t.freetv.fun/live/bloomberg-tv-4.m3u8,重复URL
[HD]bloomberg tv,https://t.freetv.fun/live/bloomberg-tv-4.m3u8,重复URL
[SD]bmc-hd tv,https://t.freetv.fun/live/bmc-hd-tv-1.m3u8,重复URL
[BD]bollywood,https://t.freetv.fun/live/bollywood-3.m3u8,重复URL
[SD]bollywood,https://t.freetv.fun/live/bollywood-3.m3u8,重复URL
[VGA]детский 6 plus,rtmp://vkvsd21.okcdn.ru/playback/9707377929063?stkn=DFG1rqI3FgXeZ_htnEwsbN6VQTD1f94i2q76f9zRxAS8Cfi2DmoeIt6qPK7S1qCXEQaRA_Cy79E&uid=0&sp=uid,sp&sig=vlibqm4nyu&fromCache=1,无效URL（非 http/https/rtsp 开头）
[VGA]детский 0 plus,rtmp://vkvsd182.okcdn.ru/playback/9942884887405?stkn=9VVfByDOizlWlr_rfoRi8TpelV04alIYQ_0Jk3cI_HojytXGIOqVjegIFH3lVi14ozMs9MWxBP0&uid=0&sp=uid,sp&sig=vlibqm4nyu&fromCache=1,无效URL（非 http/https/rtsp 开头）
[VGA]c-span 2,https://t.freetv.fun/live/c-span-2-1.m3u8,重复URL
[VGA]c-span,https://t.freetv.fun/live/c-span-1.m3u8,重复URL
[BD]catholic tv,https://t.freetv.fun/live/catholic-tv-2.m3u8,重复URL
[SD]catholic tv,https://t.freetv.fun/live/catholic-tv-2.m3u8,重复URL
[VGA]cbbc,https://t.freetv.fun/live/cbbc-1.m3u8,重复URL
[HD]kern county television,https://t.freetv.fun/live/kern-county-television-2.m3u8,重复URL
[SD]long beach television (720p),https://t.freetv.fun/live/long-beach-television-720p-1.m3u8,重复URL
[SD]buena park television (360p),https://t.freetv.fun/live/buena-park-television-360p-1.m3u8,重复URL
[SD]coral gables television (coral gables fl) (720p),https://t.freetv.fun/live/coral-gables-television-coral-gables-fl-720p-1.m3u8,重复URL
[VGA]newport beach television (720p),https://t.freetv.fun/live/newport-beach-television-720p-1.m3u8,重复URL
[SD]kern county television,https://t.freetv.fun/live/kern-county-television-2.m3u8,重复URL
[SD]jewelry television (720p),https://t.freetv.fun/live/jewelry-television-720p-1.m3u8,重复URL
[SD]story television,https://t.freetv.fun/live/story-television-1.m3u8,重复URL
[VGA]beverly hills television 35 (720p),https://t.freetv.fun/live/beverly-hills-television-35-720p-1.m3u8,重复URL
[VGA]beverly hills television 10 (720p),https://t.freetv.fun/live/beverly-hills-television-10-720p-1.m3u8,重复URL
[VGA]irvine community television (720p),https://t.freetv.fun/live/irvine-community-television-720p-1.m3u8,重复URL
[VGA]new canaan television 79 (nctv79) (new canaan ct) (1080p),https://t.freetv.fun/live/new-canaan-television-79-nctv79-new-canaan-ct-1080p-1.m3u8,重复URL
[VGA]fontana community television (720p) [geo-blocked],https://t.freetv.fun/live/fontana-community-television-720p-geo-blocked-1.m3u8,重复URL
[SD]tvs television network (480p),https://t.freetv.fun/live/tvs-television-network-480p-1.m3u8,重复URL
[BD]ptl television network (1080p),https://t.freetv.fun/live/ptl-television-network-1080p-1.m3u8,重复URL
[VGA]mci television,https://t.freetv.fun/live/mci-television-1.m3u8,重复URL
[VGA]acc network,https://t.freetv.fun/live/acc-network-2.m3u8,重复URL
[HD]cbs (wcbs) new york,https://t.freetv.fun/live/cbs-wcbs-new-york-1.m3u8,重复URL
[SD]mlb network,https://t.freetv.fun/live/mlb-network-3.m3u8,重复URL
[HD]cbs sports golazo network,https://t.freetv.fun/live/cbs-sports-golazo-network-2.m3u8,重复URL
[HD]cbs sports golazo network,https://t.freetv.fun/live/cbs-sports-golazo-network-2.m3u8,重复URL
[SD]cbs sports network usa,https://t.freetv.fun/live/cbs-sports-network-usa-1.m3u8,重复URL
[VGA]香港卫视,https://t.freetv.fun/live/xiang-gang-wei-shi-5.m3u8,重复URL
[VGA]香港卫视,https://t.freetv.fun/live/xiang-gang-wei-shi-5.m3u8,重复URL
[VGA]香港卫视,https://t.freetv.fun/live/xiang-gang-wei-shi-1-2.m3u8,重复URL
[SD]香港卫视,https://t.freetv.fun/live/xiang-gang-wei-shi-5.m3u8,重复URL
[SD]cctv1,https://t.freetv.fun/live/cctv1-1-2.m3u8,重复URL
[VGA]cctv1,https://t.freetv.fun/live/cctv1-10.m3u8,重复URL
[VGA]cctv1,https://t.freetv.fun/live/cctv1-10.m3u8,重复URL
[BD]cctv1,https://t.freetv.fun/live/cctv1-10.m3u8,重复URL
[BD]cctv-1,https://t.freetv.fun/live/cctv-1-2.m3u8,重复URL
[BD]cctv-1高清,https://t.freetv.fun/live/cctv-1gao-qing-1.m3u8,重复URL
[HD]cctv1hd,https://t.freetv.fun/live/cctv1hd-1.m3u8,重复URL
[BD]cctv1,https://t.freetv.fun/live/cctv1-10.m3u8,重复URL
[BD]cctv1,https://t.freetv.fun/live/cctv1-1-2.m3u8,重复URL
[BD]cctv10,https://t.freetv.fun/live/cctv10-7.m3u8,重复URL
[SD]cctv10,https://t.freetv.fun/live/cctv10-1-3.m3u8,重复URL
[VGA]cctv-10,https://t.freetv.fun/live/cctv-10-3.m3u8,重复URL
[VGA]cctv10,https://t.freetv.fun/live/cctv10-7.m3u8,重复URL
[BD]cctv-10,https://t.freetv.fun/live/cctv-10-3.m3u8,重复URL
[BD]cctv-10高清,https://t.freetv.fun/live/cctv-10gao-qing-1.m3u8,重复URL
[BD]cctv10hd,https://t.freetv.fun/live/cctv10hd-1.m3u8,重复URL
[VGA]cctv10,https://t.freetv.fun/live/cctv10-7.m3u8,重复URL
[VGA]cctv10,https://t.freetv.fun/live/cctv10-1-3.m3u8,重复URL
[SD]cctv11,https://t.freetv.fun/live/cctv11-9.m3u8,重复URL
[VGA]cctv-11,https://t.freetv.fun/live/cctv-11-3.m3u8,重复URL
[VGA]cctv11,https://t.freetv.fun/live/cctv11-9.m3u8,重复URL
[BD]cctv-11,https://t.freetv.fun/live/cctv-11-3.m3u8,重复URL
[BD]cctv11hd,https://t.freetv.fun/live/cctv11hd-1.m3u8,重复URL
[VGA]cctv11,https://t.freetv.fun/live/cctv11-9.m3u8,重复URL
[SD]cctv12,https://t.freetv.fun/live/cctv12-7.m3u8,重复URL
[VGA]cctv-12,https://t.freetv.fun/live/cctv-12-3.m3u8,重复URL
[VGA]cctv12,https://t.freetv.fun/live/cctv12-7.m3u8,重复URL
[SD]cctv-12,https://t.freetv.fun/live/cctv-12-3.m3u8,重复URL
[BD]cctv12hd,https://t.freetv.fun/live/cctv12hd-1.m3u8,重复URL
[VGA]cctv12,https://t.freetv.fun/live/cctv12-7.m3u8,重复URL
[SD]cctv13,https://t.freetv.fun/live/cctv13-7.m3u8,重复URL
[SD]cctv13,https://t.freetv.fun/live/cctv13-1-2.m3u8,重复URL
[BD]cctv13,rtmp://live-play.cctvnews.cctv.com/cctv/merge_cctv13,无效URL（非 http/https/rtsp 开头）
[VGA]cctv-13,https://t.freetv.fun/live/cctv-13-4.m3u8,重复URL
[VGA]cctv13,https://t.freetv.fun/live/cctv13-7.m3u8,重复URL
[SD]cctv-13,https://t.freetv.fun/live/cctv-13-4.m3u8,重复URL
[BD]cctv-13高清,https://t.freetv.fun/live/cctv-13gao-qing-1.m3u8,重复URL
[BD]cctv13hd,https://t.freetv.fun/live/cctv13hd-1.m3u8,重复URL
[SD]cctv-13新闻,https://t.freetv.fun/live/cctv-13xin-wen-1-1.m3u8,重复URL
[VGA]cctv13,https://t.freetv.fun/live/cctv13-7.m3u8,重复URL
[SD]cctv14,https://t.freetv.fun/live/cctv14-10.m3u8,重复URL
[VGA]cctv-14,https://t.freetv.fun/live/cctv-14-4.m3u8,重复URL
[VGA]cctv14,https://t.freetv.fun/live/cctv14-10.m3u8,重复URL
[BD]cctv14,https://t.freetv.fun/live/cctv14-1-3.m3u8,重复URL
[SD]cctv-14,https://t.freetv.fun/live/cctv-14-4.m3u8,重复URL
[BD]cctv14hd,https://t.freetv.fun/live/cctv14hd-1.m3u8,重复URL
[VGA]cctv14,https://t.freetv.fun/live/cctv14-10.m3u8,重复URL
[VGA]cctv14,https://t.freetv.fun/live/cctv14-1-3.m3u8,重复URL
[SD]cctv15,https://t.freetv.fun/live/cctv15-1-2.m3u8,重复URL
[VGA]cctv15,https://t.freetv.fun/live/cctv15-9.m3u8,重复URL
[VGA]cctv15,https://t.freetv.fun/live/cctv15-9.m3u8,重复URL
[SD]cctv-15,https://t.freetv.fun/live/cctv-15-3.m3u8,重复URL
[BD]cctv-15高清,https://t.freetv.fun/live/cctv-15gao-qing-1.m3u8,重复URL
[BD]cctv15hd,https://t.freetv.fun/live/cctv15hd-1.m3u8,重复URL
[VGA]cctv15,https://t.freetv.fun/live/cctv15-9.m3u8,重复URL
[VGA]cctv15,https://t.freetv.fun/live/cctv15-1-2.m3u8,重复URL
[SD]cctv16,https://t.freetv.fun/live/cctv16-2-3.m3u8,重复URL
[VGA]cctv16,https://t.freetv.fun/live/cctv16-8.m3u8,重复URL
[VGA]cctv16,https://t.freetv.fun/live/cctv16-8.m3u8,重复URL
[BD]cctv16,https://t.freetv.fun/live/cctv16-2-3.m3u8,重复URL
[VGA]cctv16,https://t.freetv.fun/live/cctv16-8.m3u8,重复URL
[VGA]cctv16,https://t.freetv.fun/live/cctv16-1-2.m3u8,重复URL
[VGA]cctv-17,https://t.freetv.fun/live/cctv-17-2.m3u8,重复URL
[VGA]cctv17,https://t.freetv.fun/live/cctv17-5.m3u8,重复URL
[BD]cctv17,https://t.freetv.fun/live/cctv17-5.m3u8,重复URL
[BD]cctv-17,https://t.freetv.fun/live/cctv-17-2.m3u8,重复URL
[VGA]cctv17,https://t.freetv.fun/live/cctv17-5.m3u8,重复URL
[BD]cctv17,https://t.freetv.fun/live/cctv17-1-2.m3u8,重复URL
[BD]cctv2,https://t.freetv.fun/live/cctv2-9.m3u8,重复URL
[SD]cctv2,https://t.freetv.fun/live/cctv2-1-3.m3u8,重复URL
[VGA]cctv2,https://t.freetv.fun/live/cctv2-9.m3u8,重复URL
[VGA]cctv2hd,https://t.freetv.fun/live/cctv2hd-1.m3u8,重复URL
[VGA]cctv2,https://t.freetv.fun/live/cctv2-9.m3u8,重复URL
[VGA]cctv2,https://t.freetv.fun/live/cctv2-1-3.m3u8,重复URL
[BD]cctv3,https://t.freetv.fun/live/cctv3-9.php,重复URL
[VGA]cctv3,https://t.freetv.fun/live/cctv3-9.m3u8,重复URL
[BD]cctv-3,https://t.freetv.fun/live/cctv-3-1.m3u8,重复URL
[BD]cctv-3高清,https://t.freetv.fun/live/cctv-3gao-qing-1.m3u8,重复URL
[BD]cctv3hd,https://t.freetv.fun/live/cctv3hd-1.m3u8,重复URL
[VGA]cctv3,https://t.freetv.fun/live/cctv3-9.m3u8,重复URL
[VGA]cctv3,https://t.freetv.fun/live/cctv3-1-2.m3u8,重复URL
[VGA]cctv4k,https://t.freetv.fun/live/cctv4k-5.m3u8,重复URL
[SD]cctv4,https://t.freetv.fun/live/cctv4-1-2.m3u8,重复URL
[VGA]cctv4,https://t.freetv.fun/live/cctv4-8.m3u8,重复URL
[VGA]cctv4k,https://t.freetv.fun/live/cctv4k-5.m3u8,重复URL
[VGA]cctv4k,https://t.freetv.fun/live/cctv4k-5.php,重复URL
[SD]cctv4k,https://t.freetv.fun/live/cctv4k-5.m3u8,重复URL
[VGA]cctv4,https://t.freetv.fun/live/cctv4-8.m3u8,重复URL
[SD]cctv-4,https://t.freetv.fun/live/cctv-4-2.m3u8,重复URL
[BD]cctv-4高清,https://t.freetv.fun/live/cctv-4gao-qing-1.m3u8,重复URL
[VGA]cctv4hd,https://t.freetv.fun/live/cctv4hd-1.m3u8,重复URL
[HD]cctv4k,https://t.freetv.fun/live/cctv4k-1-2.m3u8,重复URL
[VGA]cctv4,https://t.freetv.fun/live/cctv4-8.m3u8,重复URL
[VGA]cctv4,https://t.freetv.fun/live/cctv4-1-2.m3u8,重复URL
[VGA]cctv-4中文国际,https://t.freetv.fun/live/cctv-4zhong-wen-guo-ji-2-1.m3u8,重复URL
[VGA]cctv-4中文国际,https://t.freetv.fun/live/cctv-4zhong-wen-guo-ji-3-1.m3u8,重复URL
[VGA]cctv-4中文国际,https://t.freetv.fun/live/cctv-4zhong-wen-guo-ji-4-1.m3u8,重复URL
[VGA]cctv-4中文国际,https://t.freetv.fun/live/cctv-4zhong-wen-guo-ji-5-1.m3u8,重复URL
[VGA]cctv-4中文国际,https://t.freetv.fun/live/cctv-4zhong-wen-guo-ji-7-1.m3u8,重复URL
[VGA]cctv-4中文国际,https://t.freetv.fun/live/cctv-4zhong-wen-guo-ji-10-1.m3u8,重复URL
[VGA]cctv-4中文国际,https://t.freetv.fun/live/cctv-4zhong-wen-guo-ji-12-1.m3u8,重复URL
[BD]cctv5,https://t.freetv.fun/live/cctv5-12.m3u8,重复URL
[BD]cctv 5,https://t.freetv.fun/live/cctv-5-2.m3u8,重复URL
[SD]cctv5,https://t.freetv.fun/live/cctv5-1-2.m3u8,重复URL
[VGA]cctv-5+,https://t.freetv.fun/live/cctv-5-6.m3u8,重复URL
[VGA]cctv5,https://t.freetv.fun/live/cctv5-12.m3u8,重复URL
[VGA]cctv 5,https://t.freetv.fun/live/cctv-5-2.m3u8,重复URL
[BD]cctv-5,https://t.freetv.fun/live/cctv-5-7.m3u8,重复URL
[BD]cctv-5高清,https://t.freetv.fun/live/cctv-5gao-qing-1.m3u8,重复URL
[BD]cctv5hd,https://t.freetv.fun/live/cctv5hd-1.m3u8,重复URL
[VGA]cctv5,https://t.freetv.fun/live/cctv5-12.m3u8,重复URL
[VGA]cctv5+,https://t.freetv.fun/live/cctv5-11.m3u8,重复URL
[BD]cctv5+,https://t.freetv.fun/live/cctv5-11.m3u8,重复URL
[VGA]cctv5 plus,https://t.freetv.fun/live/cctv5-plus-7.m3u8,重复URL
[VGA]cctv5 plus,https://t.freetv.fun/live/cctv5-plus-7.m3u8,重复URL
[SD]cctv6,https://t.freetv.fun/live/cctv6-4.m3u8,重复URL
[VGA]cctv6,https://t.freetv.fun/live/cctv6-4.m3u8,重复URL
[HD]cctv-6,https://t.freetv.fun/live/cctv-6-1.m3u8,重复URL
[BD]cctv-6高清,https://t.freetv.fun/live/cctv-6gao-qing-1.m3u8,重复URL
[BD]cctv6hd,https://t.freetv.fun/live/cctv6hd-1.m3u8,重复URL
[VGA]cctv6,https://t.freetv.fun/live/cctv6-4.m3u8,重复URL
[VGA]cctv6,https://t.freetv.fun/live/cctv6-1-2.m3u8,重复URL
[SD]cctv7,https://t.freetv.fun/live/cctv7-6.m3u8,重复URL
[VGA]cctv7,https://t.freetv.fun/live/cctv7-6.m3u8,重复URL
[BD]cctv-7,https://t.freetv.fun/live/cctv-7-1.m3u8,重复URL
[BD]cctv-7高清,https://t.freetv.fun/live/cctv-7gao-qing-1.m3u8,重复URL
[BD]cctv7hd,https://t.freetv.fun/live/cctv7hd-1.m3u8,重复URL
[VGA]cctv7,https://t.freetv.fun/live/cctv7-6.m3u8,重复URL
[VGA]cctv7,https://t.freetv.fun/live/cctv7-1-2.m3u8,重复URL
[BD]cctv8,https://t.freetv.fun/live/cctv8-9.m3u8,重复URL
[BD]cctv8,https://t.freetv.fun/live/cctv8-9.m3u8,重复URL
[VGA]cctv-8,https://t.freetv.fun/live/cctv-8-1.m3u8,重复URL
[VGA]cctv-8高清,https://t.freetv.fun/live/cctv-8gao-qing-1.m3u8,重复URL
[VGA]cctv8,https://t.freetv.fun/live/cctv8-9.m3u8,重复URL
[VGA]cctv8,https://t.freetv.fun/live/cctv8-1-3.m3u8,重复URL
[BD]cctv8hd,https://t.freetv.fun/live/cctv8hd-1.m3u8,重复URL
[VGA]cctv8,https://t.freetv.fun/live/cctv8-9.m3u8,重复URL
[VGA]cctv8,https://t.freetv.fun/live/cctv8-1-3.m3u8,重复URL
[SD]cctv9,https://t.freetv.fun/live/cctv9-9.m3u8,重复URL
[BD]9紀錄,https://t.freetv.fun/live/9ji-lu-3-1.m3u8,重复URL
[SD]cctv9,https://t.freetv.fun/live/cctv9-1-3.m3u8,重复URL
[VGA]cctv9,https://t.freetv.fun/live/cctv9-9.m3u8,重复URL
[HD]cctv-9,https://t.freetv.fun/live/cctv-9-1.m3u8,重复URL
[BD]cctv9hd,https://t.freetv.fun/live/cctv9hd-1.m3u8,重复URL
[VGA]cctv9,https://t.freetv.fun/live/cctv9-9.m3u8,重复URL
[VGA]cctv9,https://t.freetv.fun/live/cctv9-1-3.m3u8,重复URL
[BD]cctv第一剧场,https://t.freetv.fun/live/cctvdi-yi-ju-chang-5.m3u8,重复URL
[SD]cctv第一剧场,https://t.freetv.fun/live/cctvdi-yi-ju-chang-1-1.m3u8,重复URL
[BD]cctv第一剧场,https://t.freetv.fun/live/cctvdi-yi-ju-chang-2-1.m3u8,重复URL
[VGA]cctv-第一剧场,https://t.freetv.fun/live/cctv-di-yi-ju-chang-2.m3u8,重复URL
[VGA]cctv-第一剧场,https://t.freetv.fun/live/cctv-di-yi-ju-chang-1-1.m3u8,重复URL
[VGA]cetv4,https://t.freetv.fun/live/cetv4-2.m3u8,重复URL
[VGA]cetv3,https://t.freetv.fun/live/cetv3-1.m3u8,重复URL
[VGA]cetv4,https://t.freetv.fun/live/cetv4-2.m3u8,重复URL
[SD]cetv-1,https://t.freetv.fun/live/cetv-1-1.m3u8,重复URL
[VGA]cetv1,https://t.freetv.fun/live/cetv1-4.m3u8,重复URL
[SD]cetv1,https://t.freetv.fun/live/cetv1-4.m3u8,重复URL
[BD]cetv1,https://t.freetv.fun/live/cetv1-4.m3u8,重复URL
[VGA]cgtn,https://t.freetv.fun/live/cgtn-6.m3u8,重复URL
[VGA]cgtn,https://t.freetv.fun/live/cgtn-6.m3u8,重复URL
[BD]cgtn,https://t.freetv.fun/live/cgtn-6.m3u8,重复URL
[SD]rt documentary,https://t.freetv.fun/live/rt-documentary-3.m3u8,重复URL
[SD]rt documentary,https://t.freetv.fun/live/rt-documentary-3.m3u8,重复URL
[SD]rt documentary,https://t.freetv.fun/live/rt-documentary-3.m3u8,重复URL
[SD]cgtn documentary,https://t.freetv.fun/live/cgtn-documentary-5.m3u8,重复URL
[VGA]cgtn,https://t.freetv.fun/live/cgtn-6.m3u8,重复URL
[VGA]cgtn俄语,https://t.freetv.fun/live/cgtne-yu-2.m3u8,重复URL
[BD]cgtn记录,https://t.freetv.fun/live/cgtnji-lu-1.m3u8,重复URL
[BD]cgtn法语,https://t.freetv.fun/live/cgtnfa-yu-2.m3u8,重复URL
[BD]cgtn,https://t.freetv.fun/live/cgtn-6.m3u8,重复URL
[BD]cgtn西语,https://t.freetv.fun/live/cgtnxi-yu-1.m3u8,重复URL
[BD]cgtn阿语,https://t.freetv.fun/live/cgtna-yu-1.m3u8,重复URL
[BD]white channel,https://t.freetv.fun/live/white-channel-1.m3u8,重复URL
[HD]zabb channel,https://t.freetv.fun/live/zabb-channel-1.m3u8,重复URL
[SD]tennis channel,https://t.freetv.fun/live/tennis-channel-5.m3u8,重复URL
[SD]kartoon channel,https://t.freetv.fun/live/kartoon-channel-2.m3u8,重复URL
[VGA]tempe channel 11,https://t.freetv.fun/live/tempe-channel-11-2.m3u8,重复URL
[VGA]chc动作电影,https://t.freetv.fun/live/chcdong-zuo-dian-ying-5.m3u8,重复URL
[VGA]chc动作电影,https://t.freetv.fun/live/chcdong-zuo-dian-ying-5.m3u8,重复URL
[SD]chc动作电影,https://t.freetv.fun/live/chcdong-zuo-dian-ying-5.m3u8,重复URL
[VGA]chc家庭影院,https://t.freetv.fun/live/chcjia-ting-ying-yuan-7.m3u8,重复URL
[SD]chc家庭影院,https://t.freetv.fun/live/chcjia-ting-ying-yuan-7.m3u8,重复URL
[HD]韩国sbs cjb,https://t.freetv.fun/live/han-guo-sbs-cjb-1.m3u8,重复URL
[VGA]classica,https://t.freetv.fun/live/classica-1.m3u8,重复URL
[VGA]cmusic,https://t.freetv.fun/live/cmusic-1.m3u8,重复URL
[SD]cna [geo-blocked],https://t.freetv.fun/live/cna-geo-blocked-2.m3u8,重复URL
[BD]cna,https://t.freetv.fun/live/cna-4.m3u8,重复URL
[VGA]cna [geo-blocked],https://t.freetv.fun/live/cna-geo-blocked-2.m3u8,重复URL
[VGA]cnbc,https://t.freetv.fun/live/cnbc-4.m3u8,重复URL
[SD]cnbc world,https://t.freetv.fun/live/cnbc-world-1.m3u8,重复URL
[BD]cnbc,https://t.freetv.fun/live/cnbc-4.m3u8,重复URL
[BD]cnbc,https://t.freetv.fun/live/cnbc-4.m3u8,重复URL
[HD]cnbc indonesia,https://t.freetv.fun/live/cnbc-indonesia-6.m3u8,重复URL
[VGA]cnn indonesia,https://t.freetv.fun/live/cnn-indonesia-6.m3u8,重复URL
[VGA]cnbc indonesia,https://t.freetv.fun/live/cnbc-indonesia-6.m3u8,重复URL
[HD]cnn indonesia,https://t.freetv.fun/live/cnn-indonesia-6.m3u8,重复URL
[SD]cna international (1080p),https://t.freetv.fun/live/cna-international-1080p-1.m3u8,重复URL
[VGA]cnn,https://t.freetv.fun/live/cnn-1.m3u8,重复URL
[BD]afv en español (720p),https://t.freetv.fun/live/afv-en-espanol-720p-1.m3u8,重复URL
[BD]cnn en español,https://t.freetv.fun/live/cnn-en-espanol-1.m3u8,重复URL
[VGA][加拿大]cpac(720p),https://t.freetv.fun/live/jia-na-da-cpac-720p-1.m3u8,重复URL
[VGA]crtv,https://t.freetv.fun/live/crtv-1.m3u8,重复URL
[SD]csi,https://t.freetv.fun/live/csi-3.m3u8,重复URL
[HD]actv,https://t.freetv.fun/live/actv-2.m3u8,重复URL
[SD]actv,https://t.freetv.fun/live/actv-2.m3u8,重复URL
[VGA]canal 26,https://t.freetv.fun/live/canal-26-2.m3u8,重复URL
[BD]canal 26,https://t.freetv.fun/live/canal-26-2.m3u8,重复URL
[BD]canal motor (720p),https://t.freetv.fun/live/canal-motor-720p-2.m3u8,重复URL
[BD]canal 8 (720p),https://t.freetv.fun/live/canal-8-720p-1.m3u8,重复URL
[HD]巴西 novo tempo,https://t.freetv.fun/live/ba-xi-novo-tempo-1.m3u8,重复URL
[SD]canal motor (720p),https://t.freetv.fun/live/canal-motor-720p-2.m3u8,重复URL
[SD]canale 7 (480p),https://t.freetv.fun/live/canale-7-480p-2.m3u8,重复URL
[SD]canale 7 (480p),https://t.freetv.fun/live/canale-7-480p-1-1.m3u8,重复URL
[HD]canale 8 (480p),https://t.freetv.fun/live/canale-8-480p-2.m3u8,重复URL
[HD]canale 8 (480p),https://t.freetv.fun/live/canale-8-480p-1-1.m3u8,重复URL
[BD]cartoon head tv 1,rtmp://vkvsd199.okcdn.ru/playback/13508853902259?stkn=sCzWr7_00CelDfuiAhev9Uqe8WKfnXTOzDQ8Lgj6ARgwc6phRiz-pt6i-Yq1NpX8dGGiG28Nd3AA&uid=0&sp=uid,sp&sig=vlibqm4nyu&fromCache=1,无效URL（非 http/https/rtsp 开头）
[VGA]channel 5 [geo-blocked],https://t.freetv.fun/live/channel-5-geo-blocked-1.m3u8,重复URL
[VGA]channel 5,https://t.freetv.fun/live/channel-5-2.m3u8,重复URL
[HD]channel 7,https://t.freetv.fun/live/channel-7-1.m3u8,重复URL
[SD]channel 8 [geo-blocked],https://t.freetv.fun/live/channel-8-geo-blocked-1.m3u8,重复URL
[SD]希腊ionian channel,https://t.freetv.fun/live/xi-la-ionian-channel-1.m3u8,重复URL
[VGA]pbsworld channel,https://t.freetv.fun/live/pbsworld-channel-1.m3u8,重复URL
[VGA]space channelhd,https://t.freetv.fun/live/space-channelhd-1.m3u8,重复URL
[BD]bso channel[1920*1080],https://t.freetv.fun/live/bso-channel-1920-1080-1.m3u8,重复URL
[VGA]lakewood channel 8 (lakewood co) (720p),https://t.freetv.fun/live/lakewood-channel-8-lakewood-co-720p-1.m3u8,重复URL
[VGA]channel 200 (540p),https://t.freetv.fun/live/channel-200-540p-1.m3u8,重复URL
[VGA]chile channel (720p),https://t.freetv.fun/live/chile-channel-720p-1.m3u8,重复URL
[BD]kartoon channel,https://t.freetv.fun/live/kartoon-channel-2.m3u8,重复URL
[VGA]cowboy channel,https://t.freetv.fun/live/cowboy-channel-1.m3u8,重复URL
[VGA]tempe channel 11,https://t.freetv.fun/live/tempe-channel-11-2.m3u8,重复URL
[VGA]ncm main channel,https://t.freetv.fun/live/ncm-main-channel-1.m3u8,重复URL
[VGA]burbank channel (720p),https://t.freetv.fun/live/burbank-channel-720p-1.m3u8,重复URL
[HD]channel 11,https://t.freetv.fun/live/channel-11-1.m3u8,重复URL
[VGA]akaal channel (396p) [geo-blocked],https://t.freetv.fun/live/akaal-channel-396p-geo-blocked-1.m3u8,重复URL
[SD]channel s (576p) [not 24/7],https://t.freetv.fun/live/channel-s-576p-not-24-7-1.m3u8,重复URL
[BD][美国]christian youth channel (cyc) (720p),https://t.freetv.fun/live/mei-guo-christian-youth-channel-cyc-720p-1.m3u8,重复URL
[VGA]christian youth channel (cyc) (1080p),https://t.freetv.fun/live/christian-youth-channel-cyc-1080p-1.m3u8,重复URL
[SD]can tv (720p),https://t.freetv.fun/live/can-tv-720p-1.m3u8,重复URL
[SD]70s cinema,https://t.freetv.fun/live/70s-cinema-2.m3u8,重复URL
[SD]black cinema,https://t.freetv.fun/live/black-cinema-2.m3u8,重复URL
[VGA]my cinema (1080p),https://t.freetv.fun/live/my-cinema-1080p-1.m3u8,重复URL
[VGA]cinema hausa (720p),https://t.freetv.fun/live/cinema-hausa-720p-1.m3u8,重复URL
[VGA]classic cinema (240p) [not 24/7],https://t.freetv.fun/live/classic-cinema-240p-not-24-7-1.m3u8,重复URL
[SD]cinemaworld (576p),https://t.freetv.fun/live/cinemaworld-576p-2.m3u8,重复URL
[VGA]cinemaworld (576p),https://t.freetv.fun/live/cinemaworld-576p-2.m3u8,重复URL
[HD]30a tv classic movies,https://t.freetv.fun/live/30a-tv-classic-movies-2.m3u8,重复URL
[SD]30a tv classic movies,https://t.freetv.fun/live/30a-tv-classic-movies-2.m3u8,重复URL
[SD]classic movies channel,https://t.freetv.fun/live/classic-movies-channel-1.m3u8,重复URL
[SD]tvs classic movies (288p),https://t.freetv.fun/live/tvs-classic-movies-288p-1.m3u8,重复URL
[SD]concord tv (concord ca) (720p),https://t.freetv.fun/live/concord-tv-concord-ca-720p-1.m3u8,重复URL
[SD]comedy central animation,https://t.freetv.fun/live/comedy-central-animation-1.m3u8,重复URL
[VGA]comedy central,https://t.freetv.fun/live/comedy-central-1.m3u8,重复URL
[VGA]the craft store (720p),https://t.freetv.fun/live/the-craft-store-720p-1.m3u8,重复URL
[SD]cali tv (santiago de cali | valle del cauca) (540p) [not 24/7],https://t.freetv.fun/live/cali-tv-santiago-de-cali-valle-del-cauca-540p-not-24-7-1.m3u8,重复URL
[HD]dazn1,rtmp://f13h.mine.nu/sat/tv731,无效URL（非 http/https/rtsp 开头）
[SD]pbs national east (1080p) [geo-blocked],https://t.freetv.fun/live/pbs-national-east-1080p-geo-blocked-1.m3u8,重复URL
[VGA]dtx,rtmp://5.182.231.251//2006,无效URL（非 http/https/rtsp 开头）
[BD]dtx,rtmp://5.182.231.251//2006,无效URL（非 http/https/rtsp 开头）
[SD]dunya news (uk feed) (720p) [not 24/7],https://t.freetv.fun/live/dunya-news-uk-feed-720p-not-24-7-1.m3u8,重复URL
[VGA]ifilm english,https://t.freetv.fun/live/ifilm-english-1.m3u8,重复URL
[VGA]3abn english,https://t.freetv.fun/live/3abn-english-1.m3u8,重复URL
[VGA]伊拉克 dijlah,https://t.freetv.fun/live/yi-la-ke-dijlah-1.m3u8,重复URL
[VGA]discovery asia,https://t.freetv.fun/live/discovery-asia-1.m3u8,重复URL
[BD]discovery,https://t.freetv.fun/live/discovery-1.m3u8,重复URL
[VGA]disney онлайн,rtmp://vkvsd162.okcdn.ru/playback/10379532053422?stkn=W1ab90cV2dhEdmVK-IgaaEfk-nZG1eYdaZv5lLd9kS7baWXq5somrsMKai84PhVZW4Z4JdRr_zQ&uid=0&sp=uid,sp&sig=vlibqm4nyu,无效URL（非 http/https/rtsp 开头）
[VGA]disney channel east,https://t.freetv.fun/live/disney-channel-east-1.m3u8,重复URL
[BD]disney junior,https://t.freetv.fun/live/disney-junior-1.m3u8,重复URL
[SD]disney junior east,https://t.freetv.fun/live/disney-junior-east-1.m3u8,重复URL
[SD]dora tv,https://t.freetv.fun/live/dora-tv-2.m3u8,重复URL
[BD]dove channel,https://t.freetv.fun/live/dove-channel-2.m3u8,重复URL
[VGA]dove channel,https://t.freetv.fun/live/dove-channel-2.m3u8,重复URL
[SD]british drama,https://t.freetv.fun/live/british-drama-1.m3u8,重复URL
[BD]dubai racing 2,https://t.freetv.fun/live/dubai-racing-2-1.m3u8,重复URL
[BD]dubai racing 3,https://t.freetv.fun/live/dubai-racing-3-1.m3u8,重复URL
[BD]dubai sports 2,https://t.freetv.fun/live/dubai-sports-2-2.m3u8,重复URL
[BD]dubai sports 3 (1920×1080),https://t.freetv.fun/live/dubai-sports-3-1920x1080-1.m3u8,重复URL
[BD]dubai sports 3,https://t.freetv.fun/live/dubai-sports-3-2.m3u8,重复URL
[VGA]dubai sports 2,https://t.freetv.fun/live/dubai-sports-2-2.m3u8,重复URL
[VGA]dubai sports 3,https://t.freetv.fun/live/dubai-sports-3-2.m3u8,重复URL
[BD]air tv,https://t.freetv.fun/live/air-tv-1.m3u8,重复URL
[SD]ebs e (400p) [not 24/7],https://t.freetv.fun/live/ebs-e-400p-not-24-7-1.m3u8,重复URL
[BD]edgesport,https://t.freetv.fun/live/edgesport-1.m3u8,重复URL
[VGA]edgesport (1080p),https://t.freetv.fun/live/edgesport-1080p-1.m3u8,重复URL
[VGA]espn,https://t.freetv.fun/live/espn-1.m3u8,重复URL
[VGA]espn u,https://t.freetv.fun/live/espn-u-1.m3u8,重复URL
[BD]ewtn asia-pacific (720p) [not 24/7],https://t.freetv.fun/live/ewtn-asia-pacific-720p-not-24-7-2.m3u8,重复URL
[SD]ewtn asia-pacific (720p) [not 24/7],https://t.freetv.fun/live/ewtn-asia-pacific-720p-not-24-7-2.m3u8,重复URL
[BD]delfi tv,https://t.freetv.fun/live/delfi-tv-3.m3u8,重复URL
[VGA]elshinta,https://t.freetv.fun/live/elshinta-1.m3u8,重复URL
[BD]euronews english,https://t.freetv.fun/live/euronews-english-1.m3u8,重复URL
[VGA]eurosport hd,https://t.freetv.fun/live/eurosport-hd-1.m3u8,重复URL
[SD]nfl channel,https://t.freetv.fun/live/nfl-channel-1.m3u8,重复URL
[SD]fish tv,https://t.freetv.fun/live/fish-tv-2.m3u8,重复URL
[VGA]fox,https://t.freetv.fun/live/fox-4.m3u8,重复URL
[VGA]fox,https://t.freetv.fun/live/fox-4.m3u8,重复URL
[HD]fox,https://t.freetv.fun/live/fox-4.m3u8,重复URL
[SD]fox,https://t.freetv.fun/live/fox-4.m3u8,重复URL
[SD]fuji tv,https://t.freetv.fun/live/fuji-tv-1.m3u8,重复URL
[HD]fnx,https://t.freetv.fun/live/fnx-1.m3u8,重复URL
[BD]fashion tv,https://t.freetv.fun/live/fashion-tv-1.m3u8,重复URL
[SD]fashion finds,https://t.freetv.fun/live/fashion-finds-1.m3u8,重复URL
[SD][罗马尼亚]lightchannel[854*480][854*480],https://t.freetv.fun/live/luo-ma-ni-ya-lightchannel-854-480-854-480-2.m3u8,重复URL
[BD][罗马尼亚]lightchannel[854*480][854*480],https://t.freetv.fun/live/luo-ma-ni-ya-lightchannel-854-480-854-480-2.m3u8,重复URL
[SD]foxnews（美国）,https://t.freetv.fun/live/foxnews-mei-guo-1.m3u8,重复URL
[SD]fox news,https://t.freetv.fun/live/fox-news-2.m3u8,重复URL
[VGA]fox news,https://t.freetv.fun/live/fox-news-2.m3u8,重复URL
[VGA]fox news channel,https://t.freetv.fun/live/fox-news-channel-1.m3u8,重复URL
[VGA]fox sports hd 1,https://t.freetv.fun/live/fox-sports-hd-1-1.m3u8,重复URL
[VGA]fox sports 1,https://t.freetv.fun/live/fox-sports-1-1.m3u8,重复URL
[HD]cbs news colorado (720p),https://t.freetv.fun/live/cbs-news-colorado-720p-1.m3u8,重复URL
[VGA]tv alterosa,https://t.freetv.fun/live/tv-alterosa-1-2.m3u8,重复URL
[VGA]leader phoenix,https://t.freetv.fun/live/leader-phoenix-1.m3u8,重复URL
[VGA]babyfirst,https://t.freetv.fun/live/babyfirst-2-2.m3u8,重复URL
[VGA]persiana music,https://t.freetv.fun/live/persiana-music-2.m3u8,重复URL
[VGA]vivid red,https://t.freetv.fun/live/vivid-red-1.m3u8,重复URL
[HD]sada-e-haq tv,https://t.freetv.fun/live/sada-e-haq-tv-2.m3u8,重复URL
[VGA]delfi tv,https://t.freetv.fun/live/delfi-tv-3.m3u8,重复URL
[HD]beach tv myrtle beach & the grand strand,https://t.freetv.fun/live/beach-tv-myrtle-beach-the-grand-strand-2.m3u8,重复URL
[VGA]ardeal tv,https://t.freetv.fun/live/ardeal-tv-2.m3u8,重复URL
[VGA]life my+ drm,https://t.freetv.fun/live/life-my-drm-1.m3u8,重复URL
[HD]babyfirst,https://t.freetv.fun/live/babyfirst-2-2.m3u8,重复URL
[HD]mqtv,https://t.freetv.fun/live/mqtv-3.m3u8,重复URL
[SD]pluto tv backcountry,https://t.freetv.fun/live/pluto-tv-backcountry-2-1.m3u8,重复URL
[BD]zoo moo kids,https://t.freetv.fun/live/zoo-moo-kids-1-1.m3u8,重复URL
[VGA]nova24tv,https://t.freetv.fun/live/nova24tv-1.m3u8,重复URL
[VGA]radio aktual tv,https://t.freetv.fun/live/radio-aktual-tv-1.m3u8,重复URL
[VGA]服装时尚,https://t.freetv.fun/live/fu-zhuang-shi-shang-2.m3u8,重复URL
[HD]wlky-tv news louisville ky,https://t.freetv.fun/live/wlky-tv-news-louisville-ky-1.m3u8,重复URL
[VGA]habertürk tv,https://t.freetv.fun/live/haberturk-tv-1-2.m3u8,重复URL
[HD]beach tv florida & alabama,https://t.freetv.fun/live/beach-tv-florida-alabama-2.m3u8,重复URL
[HD]very alabama,https://t.freetv.fun/live/very-alabama-1.m3u8,重复URL
[VGA]intertv,https://t.freetv.fun/live/intertv-2.m3u8,重复URL
[HD]beach tv myrtle beach & the grand strand,https://t.freetv.fun/live/beach-tv-myrtle-beach-the-grand-strand-2.m3u8,重复URL
[HD]wbal-tv news baltimore md,https://t.freetv.fun/live/wbal-tv-news-baltimore-md-1.m3u8,重复URL
[HD]abc 9 manchester nh,https://t.freetv.fun/live/abc-9-manchester-nh-2.m3u8,重复URL
[HD]g1,https://t.freetv.fun/live/g1-3.m3u8,重复URL
[VGA]com brasil,https://t.freetv.fun/live/com-brasil-2.m3u8,重复URL
[VGA]rede sul,https://t.freetv.fun/live/rede-sul-1.m3u8,重复URL
[BD]beach tv florida & alabama,https://t.freetv.fun/live/beach-tv-florida-alabama-2.m3u8,重复URL
[SD]g1,https://t.freetv.fun/live/g1-3.m3u8,重复URL
[VGA]tv câmara porto alegre,https://t.freetv.fun/live/tv-camara-porto-alegre-1.m3u8,重复URL
[VGA]tv vale do uruará,https://t.freetv.fun/live/tv-vale-do-uruara-2.m3u8,重复URL
[BD]telecolor lombardia,https://t.freetv.fun/live/telecolor-lombardia-2.m3u8,重复URL
[VGA]black sea tv,https://t.freetv.fun/live/black-sea-tv-1.m3u8,重复URL
[VGA]venezolana de televisión,https://t.freetv.fun/live/venezolana-de-television-1.m3u8,重复URL
[BD]ewtn germany,https://t.freetv.fun/live/ewtn-germany-2.m3u8,重复URL
[VGA]galicia tv europa,https://t.freetv.fun/live/galicia-tv-europa-1.m3u8,重复URL
[VGA]7d7,https://t.freetv.fun/live/7d7-1.m3u8,重复URL
[VGA]chiba tv hd,https://t.freetv.fun/live/chiba-tv-hd-1.m3u8,重复URL
[VGA]boktv,https://t.freetv.fun/live/boktv-2.m3u8,重复URL
[BD]of-tv offenbach,https://t.freetv.fun/live/of-tv-offenbach-2.m3u8,重复URL
[BD]tl estrella,https://t.freetv.fun/live/tl-estrella-1.m3u8,重复URL
[VGA]cine my+ drm,https://t.freetv.fun/live/cine-my-drm-1.m3u8,重复URL
[HD]radio yaucana tv,https://t.freetv.fun/live/radio-yaucana-tv-1.m3u8,重复URL
[VGA]vive tv colombia,https://t.freetv.fun/live/vive-tv-colombia-2.m3u8,重复URL
[HD]telemúsica tv,https://t.freetv.fun/live/telemusica-tv-1.m3u8,重复URL
[HD]amordiscos,https://t.freetv.fun/live/amordiscos-1.m3u8,重复URL
[HD]cristovisión,https://t.freetv.fun/live/cristovision-1.m3u8,重复URL
[HD]melody channel colombia,https://t.freetv.fun/live/melody-channel-colombia-1.m3u8,重复URL
[BD]tv san jorge,https://t.freetv.fun/live/tv-san-jorge-2.m3u8,重复URL
[VGA]telenorte,https://t.freetv.fun/live/telenorte-2.m3u8,重复URL
[VGA]loading,https://t.freetv.fun/live/loading-2.m3u8,重复URL
[BD]genios tv,https://t.freetv.fun/live/genios-tv-2.m3u8,重复URL
[HD]bongo tv,https://t.freetv.fun/live/bongo-tv-1.m3u8,重复URL
[VGA]vĩnh long 2 hd  viettel,https://t.freetv.fun/live/vinh-long-2-hd-viettel-1.m3u8,重复URL
[VGA]tvs today home entertainment network,https://t.freetv.fun/live/tvs-today-home-entertainment-network-2.m3u8,重复URL
[HD]sports connect,https://t.freetv.fun/live/sports-connect-1.m3u8,重复URL
[BD]wwxy-dt1,https://t.freetv.fun/live/wwxy-dt1-2.m3u8,重复URL
[VGA]africanews,https://t.freetv.fun/live/africanews-2.m3u8,重复URL
[BD]citynews toronto,https://t.freetv.fun/live/citynews-toronto-2.m3u8,重复URL
[VGA]tvs classic sports,https://t.freetv.fun/live/tvs-classic-sports-1.m3u8,重复URL
[VGA]acc network,https://t.freetv.fun/live/acc-network-2.m3u8,重复URL
[VGA]hbo fhd my+,https://t.freetv.fun/live/hbo-fhd-my-1.m3u8,重复URL
[VGA]tvs today home entertainment network,https://t.freetv.fun/live/tvs-today-home-entertainment-network-2.m3u8,重复URL
[VGA]v7music,rtmp://cloud.streamplay.in/taazanews/taazanews,无效URL（非 http/https/rtsp 开头）
[VGA]big tv,https://t.freetv.fun/live/big-tv-1.m3u8,重复URL
[BD]usa today sportswire,https://t.freetv.fun/live/usa-today-sportswire-1.m3u8,重复URL
[BD]skysports_f1-fhd,https://t.freetv.fun/live/skysports-f1-fhd-2.m3u8,重复URL
[VGA]latest tv,https://t.freetv.fun/live/latest-tv-1.m3u8,重复URL
[BD]skysports_f1-fhd,https://t.freetv.fun/live/skysports-f1-fhd-2.m3u8,重复URL
[VGA]nowsports_premierleague2-fhd,https://t.freetv.fun/live/nowsports-premierleague2-fhd-1.m3u8,重复URL
[VGA]fresh news,https://t.freetv.fun/live/fresh-news-2.m3u8,重复URL
[VGA]河北农民 tvg-logo=,https://t.freetv.fun/live/he-bei-nong-min-tvg-logo-1.m3u8,重复URL
[BD]atn news,https://t.freetv.fun/live/atn-news-1-1.m3u8,重复URL
[VGA]pluto tv filmstream,https://t.freetv.fun/live/pluto-tv-filmstream-1.m3u8,重复URL
[VGA]zee business,https://t.freetv.fun/live/zee-business-1.m3u8,重复URL
[VGA]cgtn俄语,https://t.freetv.fun/live/cgtne-yu-6-1.m3u8,重复URL
[VGA]true premier football 3,https://t.freetv.fun/live/true-premier-football-3-1.m3u8,重复URL
[HD]fox weather,https://t.freetv.fun/live/fox-weather-1.m3u8,重复URL
[VGA]france 24,https://t.freetv.fun/live/france-24-1.m3u8,重复URL
[VGA]france24,https://t.freetv.fun/live/france24-1.m3u8,重复URL
[HD]cg entertainment,https://t.freetv.fun/live/cg-entertainment-1.m3u8,重复URL
[VGA]golden tv,https://t.freetv.fun/live/golden-tv-1.m3u8,重复URL
[SD]lol! network,https://t.freetv.fun/live/lol-network-1.m3u8,重复URL
[HD]gs shop,https://t.freetv.fun/live/gs-shop-1.m3u8,重复URL
[VGA]ugtv,https://t.freetv.fun/live/ugtv-2.m3u8,重复URL
[VGA]ugtv,https://t.freetv.fun/live/ugtv-2.m3u8,重复URL
[VGA]gtv,https://t.freetv.fun/live/gtv-2.m3u8,重复URL
[VGA]越南 gia lai tv,https://t.freetv.fun/live/yue-nan-gia-lai-tv-2.m3u8,重复URL
[VGA]越南 gia lai tv,https://t.freetv.fun/live/yue-nan-gia-lai-tv-2.m3u8,重复URL
[HD]global news,https://t.freetv.fun/live/global-news-1.m3u8,重复URL
[SD]golf channel,https://t.freetv.fun/live/golf-channel-2.m3u8,重复URL
[BD]rajeen tv,https://t.freetv.fun/live/rajeen-tv-2.m3u8,重复URL
[VGA]HBO,https://t.freetv.fun/live/hbo-7.m3u8,重复URL
[VGA]hbo hd,https://t.freetv.fun/live/hbo-hd-1.m3u8,重复URL
[VGA]hits 360 hd,https://t.freetv.fun/live/hits-360-hd-1.m3u8,重复URL
[VGA]hbo signature,https://t.freetv.fun/live/hbo-signature-vt-1.m3u8,重复URL
[BD]hbo,https://t.freetv.fun/live/hbo-6.m3u8,重复URL
[VGA]hbo,https://t.freetv.fun/live/hbo-6.m3u8,重复URL
[BD]hgtv,https://t.freetv.fun/live/hgtv-1.m3u8,重复URL
[SD]hits (576p) [geo-blocked],https://t.freetv.fun/live/hits-576p-geo-blocked-1.m3u8,重复URL
[VGA]hot tv (720p) [not 24/7],https://t.freetv.fun/live/hot-tv-720p-not-24-7-1.m3u8,重复URL
[VGA]hsn [geo-blocked],https://t.freetv.fun/live/hsn-geo-blocked-1.m3u8,重复URL
[SD]hsn2,https://t.freetv.fun/live/hsn2-1.m3u8,重复URL
[VGA]hallmark movies mysteries east,https://t.freetv.fun/live/hallmark-movies-mysteries-east-1.m3u8,重复URL
[SD]hallmark movies more,https://t.freetv.fun/live/hallmark-movies-more-1.m3u8,重复URL
[SD]halom tv,rtmp://212.92.13.108/live/livestream1,无效URL（非 http/https/rtsp 开头）
[VGA]history channel (best of),https://t.freetv.fun/live/history-channel-best-of-1.m3u8,重复URL
[SD]true history (720p),https://t.freetv.fun/live/true-history-720p-1.m3u8,重复URL
[BD]hits,https://t.freetv.fun/live/hits-1.m3u8,重复URL
[VGA]hodhod tv,https://t.freetv.fun/live/hodhod-tv-1.m3u8,重复URL
[SD]hollywire (720p),https://t.freetv.fun/live/hollywire-720p-1.m3u8,重复URL
[SD]hollywood,https://t.freetv.fun/live/hollywood-1.m3u8,重复URL
[HD]made in hollywood,https://t.freetv.fun/live/made-in-hollywood-2.m3u8,重复URL
[SD]made in hollywood,https://t.freetv.fun/live/made-in-hollywood-2.m3u8,重复URL
[HD]hbtv,https://t.freetv.fun/live/hbtv-2.m3u8,重复URL
[HD]hbtv,https://t.freetv.fun/live/hbtv-2.m3u8,重复URL
[VGA]icnet 2,https://t.freetv.fun/live/icnet-2-1.m3u8,重复URL
[SD]ion,https://t.freetv.fun/live/ion-1.m3u8,重复URL
[SD]islam channel urdu,https://t.freetv.fun/live/islam-channel-urdu-1.m3u8,重复URL
[SD]islam channel (576p) [not 24/7],https://t.freetv.fun/live/islam-channel-576p-not-24-7-1.m3u8,重复URL
[BD]istv,https://t.freetv.fun/live/istv-1.m3u8,重复URL
[VGA]infowars network (1080p),https://t.freetv.fun/live/infowars-network-1080p-1.m3u8,重复URL
[HD]intermedia tv,https://t.freetv.fun/live/intermedia-tv-1.m3u8,重复URL
[VGA]investigation discovery,rtmp://5.182.231.251//2085,无效URL（非 http/https/rtsp 开头）
[VGA]zainabia channel,https://t.freetv.fun/live/zainabia-channel-1.m3u8,重复URL
[VGA]j sports 1,https://t.freetv.fun/live/j-sports-1-2.m3u8,重复URL
[VGA]j sports 2,https://t.freetv.fun/live/j-sports-2-2.m3u8,重复URL
[VGA]j sports 3,https://t.freetv.fun/live/j-sports-3-2.m3u8,重复URL
[VGA]j sports 4,https://t.freetv.fun/live/j-sports-4-1.m3u8,重复URL
[VGA]jewelery maker (1080p),https://t.freetv.fun/live/jewelery-maker-1080p-1.m3u8,重复URL
[HD]kbs world,https://t.freetv.fun/live/kbs-world-5.m3u8,重复URL
[BD]kbsworldhd,https://t.freetv.fun/live/kbsworldhd-1.m3u8,重复URL
[HD]kbs world,https://t.freetv.fun/live/kbs-world-5.m3u8,重复URL
[HD]kbs world,https://t.freetv.fun/live/kbs-world-1-2.m3u8,重复URL
[SD]kltv,https://t.freetv.fun/live/kltv-1.m3u8,重复URL
[VGA]pktv,https://t.freetv.fun/live/pktv-1.m3u8,重复URL
[VGA]土耳其 kanal 58,https://t.freetv.fun/live/tu-er-qi-kanal-58-1.m3u8,重复URL
[VGA]土耳其 kanal 3,https://t.freetv.fun/live/tu-er-qi-kanal-3-1.m3u8,重复URL
[VGA]土耳其 kanal 33,https://t.freetv.fun/live/tu-er-qi-kanal-33-1.m3u8,重复URL
[BD]kanal 10 asia (540p),https://t.freetv.fun/live/kanal-10-asia-540p-1.m3u8,重复URL
[BD]korea tv,https://t.freetv.fun/live/korea-tv-1.m3u8,重复URL
[VGA]Kurdistan,https://t.freetv.fun/live/kurdistan-5.m3u8,重复URL
[VGA]Kurdistan,https://t.freetv.fun/live/kurdistan-5.m3u8,重复URL
[VGA]Kurdistan,https://t.freetv.fun/live/kurdistan-5.m3u8,重复URL
[HD]kalinga tv,https://t.freetv.fun/live/kalinga-tv-2.m3u8,重复URL
[SD]lifetime east,https://t.freetv.fun/live/lifetime-east-1.m3u8,重复URL
[SD]love hip hop,https://t.freetv.fun/live/love-hip-hop-1.m3u8,重复URL
[BD]lovenature4k,https://t.freetv.fun/live/lovenature4k-2.m3u8,重复URL
[SD]lovenature4k,https://t.freetv.fun/live/lovenature4k-2.m3u8,重复URL
[BD]love nature,https://t.freetv.fun/live/love-nature-1.m3u8,重复URL
[VGA]印度 mk tunes,https://t.freetv.fun/live/yin-du-mk-tunes-1.m3u8,重复URL
[SD]mtv music,https://t.freetv.fun/live/mtv-music-2.m3u8,重复URL
[SD]mbc 5,https://t.freetv.fun/live/mbc-5-1.m3u8,重复URL
[SD]mbc 1,https://t.freetv.fun/live/mbc-1-1.m3u8,重复URL
[VGA]music top,https://t.freetv.fun/live/music-top-1.m3u8,重复URL
[VGA]metro tv,https://t.freetv.fun/live/metro-tv-4.m3u8,重复URL
[VGA]metro tv,https://t.freetv.fun/live/metro-tv-4.m3u8,重复URL
[VGA]mlb,https://t.freetv.fun/live/mlb-1.m3u8,重复URL
[VGA]momo綜合,rtmp://9wv7.mine.nu/sat/tv761,无效URL（非 http/https/rtsp 开头）
[BD]momo綜合,rtmp://f13h.mine.nu/sat/tv761,无效URL（非 http/https/rtsp 开头）
[SD]momo综合,rtmp://f13h.mine.nu/sat/tv761,无效URL（非 http/https/rtsp 开头）
[VGA]momo綜合臺,rtmp://119.81.124.89/sat/tv761,无效URL（非 http/https/rtsp 开头）
[HD]momo綜合,rtmp://f13h.mine.nu:1935/sat/tv761,无效URL（非 http/https/rtsp 开头）
[HD]momo综合,rtmp://f13h.mine.nu/sat/tv761,无效URL（非 http/https/rtsp 开头）
[BD]motorvision tv,https://t.freetv.fun/live/motorvision-tv-2.m3u8,重复URL
[VGA]motorvision,https://t.freetv.fun/live/motorvision-1.m3u8,重复URL
[VGA]tvs western movie,https://t.freetv.fun/live/tvs-western-movie-1.m3u8,重复URL
[SD]fx movie channel,https://t.freetv.fun/live/fx-movie-channel-3.m3u8,重复URL
[VGA]kids movie club,https://t.freetv.fun/live/kids-movie-club-1.m3u8,重复URL
[SD]mytime movie network,https://t.freetv.fun/live/mytime-movie-network-4.m3u8,重复URL
[SD]movies!,https://t.freetv.fun/live/movies-1.m3u8,重复URL
[BD]msnbc,https://t.freetv.fun/live/msnbc-1.m3u8,重复URL
[HD]msg,https://t.freetv.fun/live/msg-2.m3u8,重复URL
[HD]mqtv,https://t.freetv.fun/live/mqtv-3.m3u8,重复URL
[VGA]mqtv,https://t.freetv.fun/live/mqtv-3.m3u8,重复URL
[VGA]metv,https://t.freetv.fun/live/metv-1.m3u8,重复URL
[VGA]yo! mtv,https://t.freetv.fun/live/yo-mtv-1.m3u8,重复URL
[SD]mtv live,https://t.freetv.fun/live/mtv-live-3.m3u8,重复URL
[HD]maah tv (720p) [not 24/7],https://t.freetv.fun/live/maah-tv-720p-not-24-7-1.m3u8,重复URL
[VGA]maah tv [not 24/7],https://t.freetv.fun/live/maah-tv-not-24-7-1.m3u8,重复URL
[HD]madani tv,https://t.freetv.fun/live/madani-tv-1.m3u8,重复URL
[HD]muzangala tv,https://t.freetv.fun/live/muzangala-tv-1.m3u8,重复URL
[SD]eman channel (576p),https://t.freetv.fun/live/eman-channel-576p-1.m3u8,重复URL
[SD]miracle tv,https://t.freetv.fun/live/miracle-tv-2.m3u8,重复URL
[VGA]th sóc trăng 1,https://t.freetv.fun/live/th-soc-trang-1-1.m3u8,重复URL
[SD]motor trend,https://t.freetv.fun/live/motor-trend-1.m3u8,重复URL
[HD]24 hour free movies,https://t.freetv.fun/live/24-hour-free-movies-1.m3u8,重复URL
[BD]music reload tv hd,https://t.freetv.fun/live/music-reload-tv-hd-1.m3u8,重复URL
[SD]retro music tv,rtmp://stream.mediawork.cz/retrotv/retrotvHQ1,无效URL（非 http/https/rtsp 开头）
[SD]gem kids,https://t.freetv.fun/live/gem-kids-1.m3u8,重复URL
[BD]美国 mystery science theater 3000,https://t.freetv.fun/live/mei-guo-mystery-science-theater-3000-1.m3u8,重复URL
[HD]nat tv,https://t.freetv.fun/live/nat-tv-1.m3u8,重复URL
[BD]nasa,https://t.freetv.fun/live/nasa-1.m3u8,重复URL
[SD]nat geo wild,https://t.freetv.fun/live/nat-geo-wild-1.m3u8,重复URL
[SD]nrb tv (480p),https://t.freetv.fun/live/nrb-tv-480p-1.m3u8,重复URL
[HD]abc (wabc) new york,https://t.freetv.fun/live/abc-wabc-new-york-1.m3u8,重复URL
[VGA]nbc (wnbc) new york,https://t.freetv.fun/live/nbc-wnbc-new-york-1.m3u8,重复URL
[VGA]pbs (wnet) new york,https://t.freetv.fun/live/pbs-wnet-new-york-1.m3u8,重复URL
[VGA]nbc news now,https://t.freetv.fun/live/nbc-news-now-3.m3u8,重复URL
[VGA]nbc news now | source 1,https://t.freetv.fun/live/nbc-news-now-source-1-1.m3u8,重复URL
[VGA]nbc news now | hd,https://t.freetv.fun/live/nbc-news-now-hd-1.m3u8,重复URL
[BD]news now,https://t.freetv.fun/live/news-now-1.m3u8,重复URL
[BD]nbc news now,https://t.freetv.fun/live/nbc-news-now-3.m3u8,重复URL
[BD]nbc news now,https://t.freetv.fun/live/nbc-news-now-3.m3u8,重复URL
[VGA]nbc sports boston,https://t.freetv.fun/live/nbc-sports-boston-1.m3u8,重复URL
[VGA]nbc sports bay area,https://t.freetv.fun/live/nbc-sports-bay-area-1.m3u8,重复URL
[BD]黔南,rtmp://tv.qntv.net/channellive/ch1,无效URL（非 http/https/rtsp 开头）
[HD]nbt,https://t.freetv.fun/live/nbt-3.m3u8,重复URL
[BD]nbt,https://t.freetv.fun/live/nbt-1-1.m3u8,重复URL
[SD][印度]ndtv24x7(480p)[640*480],https://t.freetv.fun/live/yin-du-ndtv24x7-480p-640-480-2.m3u8,重复URL
[SD][印度]ndtv24x7(480p)[640*480],https://t.freetv.fun/live/yin-du-ndtv24x7-480p-640-480-2.m3u8,重复URL
[SD]南方卫视,https://t.freetv.fun/live/nan-fang-wei-shi-3.m3u8,重复URL
[VGA]南方卫视,https://t.freetv.fun/live/nan-fang-wei-shi-3.m3u8,重复URL
[VGA]南方卫视,https://t.freetv.fun/live/nan-fang-wei-shi-1-2.m3u8,重复URL
[VGA]南方卫视,https://t.freetv.fun/live/nan-fang-wei-shi-3.m3u8,重复URL
[VGA]bek tv news (720p),https://t.freetv.fun/live/bek-tv-news-720p-1.m3u8,重复URL
[VGA]nfl redzone,https://t.freetv.fun/live/nfl-redzone-2.m3u8,重复URL
[SD]nfl redzone,https://t.freetv.fun/live/nfl-redzone-2.m3u8,重复URL
[SD]lnktv education (1080p),https://t.freetv.fun/live/lnktv-education-1080p-1.m3u8,重复URL
[VGA]nhk world premium,https://t.freetv.fun/live/nhk-world-premium-1.m3u8,重复URL
[VGA]nhk world japan,https://t.freetv.fun/live/nhk-world-japan-3.m3u8,重复URL
[SD]nhk world japan,https://t.freetv.fun/live/nhk-world-japan-3.m3u8,重复URL
[HD]nhk world japan,https://t.freetv.fun/live/nhk-world-japan-3.m3u8,重复URL
[VGA]mlb network,https://t.freetv.fun/live/mlb-network-3.m3u8,重复URL
[SD]nfl network,https://t.freetv.fun/live/nfl-network-1.m3u8,重复URL
[SD]nhl,https://t.freetv.fun/live/nhl-1.m3u8,重复URL
[BD][摩尔多瓦共和国]noroctv,https://t.freetv.fun/live/mo-er-duo-wa-gong-he-guo-noroctv-1.m3u8,重复URL
[VGA]爆谷,rtmp://oc-play-ali.vipkid.com.cn/live/xianajiaoge-bg,无效URL（非 http/https/rtsp 开头）
[VGA]Kurdistan,https://t.freetv.fun/live/kurdistan-5.m3u8,重复URL
[BD]ntv,https://t.freetv.fun/live/ntv-1.m3u8,重复URL
[SD]ntv (720p),https://t.freetv.fun/live/ntv-720p-1.m3u8,重复URL
[VGA]nat geo people,https://t.freetv.fun/live/nat-geo-people-1.m3u8,重复URL
[SD]national geographic,https://t.freetv.fun/live/national-geographic-1.m3u8,重复URL
[BD]national geographic wild,https://t.freetv.fun/live/national-geographic-wild-2.m3u8,重复URL
[HD]national geographic wild,https://t.freetv.fun/live/national-geographic-wild-2.m3u8,重复URL
[VGA]national geographic wild east,https://t.freetv.fun/live/national-geographic-wild-east-2.m3u8,重复URL
[VGA]ariana tv national (480p) [not 24/7],https://t.freetv.fun/live/ariana-tv-national-480p-not-24-7-1.m3u8,重复URL
[SD]nuview tv,https://t.freetv.fun/live/nuview-tv-1.m3u8,重复URL
[BD]cnanews-hd（新加坡）,https://t.freetv.fun/live/cnanews-hd-xin-jia-po-1.m3u8,重复URL
[VGA]newmax(美国),https://t.freetv.fun/live/newmax-mei-guo-1.m3u8,重复URL
[VGA]newsmax,https://t.freetv.fun/live/newsmax-3.m3u8,重复URL
[BD]newsmaxtv,https://t.freetv.fun/live/newsmaxtv-1.m3u8,重复URL
[VGA]newsmax tv,https://t.freetv.fun/live/newsmax-tv-2.m3u8,重复URL
[VGA]newsmax,https://t.freetv.fun/live/newsmax-3.m3u8,重复URL
[BD]nick jr,https://t.freetv.fun/live/nick-jr-1.m3u8,重复URL
[SD]nickelodeon,https://t.freetv.fun/live/nickelodeon-6.m3u8,重复URL
[SD]nicktoons,https://t.freetv.fun/live/nicktoons-2-1.m3u8,重复URL
[VGA]nicktoons east,https://t.freetv.fun/live/nicktoons-east-1.m3u8,重复URL
[SD]family ties,https://t.freetv.fun/live/family-ties-1.m3u8,重复URL
[BD]action hollywood movies,https://t.freetv.fun/live/action-hollywood-movies-1-1.m3u8,重复URL
[HD]action hollywood movies,https://t.freetv.fun/live/action-hollywood-movies-3.m3u8,重复URL
[BD]action hollywood movies,https://t.freetv.fun/live/action-hollywood-movies-2-1.m3u8,重复URL
[VGA]dub-noor dubai hd,https://t.freetv.fun/live/dub-noor-dubai-hd-1.m3u8,重复URL
[BD]axs tv now (1080p),https://t.freetv.fun/live/axs-tv-now-1080p-1.m3u8,重复URL
[BD]axs tv now,https://t.freetv.fun/live/axs-tv-now-1.m3u8,重复URL
[VGA]sony movies (sony movie channel),https://t.freetv.fun/live/sony-movies-sony-movie-channel-1.m3u8,重复URL
[BD]德国 ok dessau,https://t.freetv.fun/live/de-guo-ok-dessau-1.m3u8,重复URL
[SD]德国 ok magdeburg,https://t.freetv.fun/live/de-guo-ok-magdeburg-1.m3u8,重复URL
[BD]德国 ok wernigerode,https://t.freetv.fun/live/de-guo-ok-wernigerode-1.m3u8,重复URL
[VGA]ion plus,https://t.freetv.fun/live/ion-plus-3.m3u8,重复URL
[VGA]ion plus,https://t.freetv.fun/live/ion-plus-3.m3u8,重复URL
[BD][美国]oan plus (1080p),https://t.freetv.fun/live/mei-guo-oan-plus-1080p-1.m3u8,重复URL
[BD]ion plus,https://t.freetv.fun/live/ion-plus-3.m3u8,重复URL
[VGA]ocn tv,https://t.freetv.fun/live/ocn-tv-1.m3u8,重复URL
[HD]one,https://t.freetv.fun/live/one-1.m3u8,重复URL
[VGA]one tv asia (576p) [geo-blocked],https://t.freetv.fun/live/one-tv-asia-576p-geo-blocked-1.m3u8,重复URL
[SD]otv,https://t.freetv.fun/live/otv-2.m3u8,重复URL
[SD]otv,https://t.freetv.fun/live/otv-1-1.m3u8,重复URL
[SD]德国 ok stendal,https://t.freetv.fun/live/de-guo-ok-stendal-1.m3u8,重复URL
[VGA]okey rtm [geo-blocked],https://t.freetv.fun/live/okey-rtm-geo-blocked-1.m3u8,重复URL
[VGA]oneamericanews(oan),https://t.freetv.fun/live/oneamericanews-oan-1.m3u8,重复URL
[BD]outdoor channel,https://t.freetv.fun/live/outdoor-channel-4.m3u8,重复URL
[BD]outdoor channel,https://t.freetv.fun/live/outdoor-channel-4.m3u8,重复URL
[SD]outdoor channel,https://t.freetv.fun/live/outdoor-channel-4.m3u8,重复URL
[SD]outside tv,https://t.freetv.fun/live/outside-tv-1.m3u8,重复URL
[SD]oxygen east,https://t.freetv.fun/live/oxygen-east-1.m3u8,重复URL
[SD]paramount plus picks,https://t.freetv.fun/live/paramount-plus-picks-1.m3u8,重复URL
[VGA]pbs kids,https://t.freetv.fun/live/pbs-kids-1.m3u8,重复URL
[VGA]pbs kids alaska (1080p),https://t.freetv.fun/live/pbs-kids-alaska-1080p-1.m3u8,重复URL
[VGA]pbs kids pacific (1080p),https://t.freetv.fun/live/pbs-kids-pacific-1080p-1.m3u8,重复URL
[HD][罗马尼亚]profit.ro(404p)[720*407][720*407],https://t.freetv.fun/live/luo-ma-ni-ya-profit-ro-404p-720-407-720-407-2.m3u8,重复URL
[HD][罗马尼亚]profit.ro(404p)[720*407][720*407],https://t.freetv.fun/live/luo-ma-ni-ya-profit-ro-404p-720-407-720-407-2.m3u8,重复URL
[VGA]tvs sports,https://t.freetv.fun/live/tvs-sports-1.m3u8,重复URL
[SD]tvs sports (720p) [not 24/7],https://t.freetv.fun/live/tvs-sports-720p-not-24-7-1.m3u8,重复URL
[BD]kcat public media tv,https://t.freetv.fun/live/kcat-public-media-tv-1.m3u8,重复URL
[SD]phxtv,https://t.freetv.fun/live/phxtv-1.m3u8,重复URL
[SD]qvc 3 (1080p),https://t.freetv.fun/live/qvc-3-1080p-1.m3u8,重复URL
[SD]qvc,https://t.freetv.fun/live/qvc-4.m3u8,重复URL
[SD]qvc 2,https://t.freetv.fun/live/qvc-2-1.m3u8,重复URL
[SD]qvc uk (540p),https://t.freetv.fun/live/qvc-uk-540p-1.m3u8,重复URL
[HD]日本qvc japan,https://t.freetv.fun/live/ri-ben-qvc-japan-2.m3u8,重复URL
[HD]日本qvc japan,https://t.freetv.fun/live/ri-ben-qvc-japan-2.m3u8,重复URL
[BD]cartoon head tv 5,rtmp://vkvsd254.okcdn.ru/playback/13579930184561?stkn=ZNzANBd1DgzBAnlORAm2BoUCCTtMVMrjyruaxwiXSoeOvZXk9ciYjkgomnoAjIshsv2j7U6rfJhC&uid=0&sp=uid,sp&sig=vlibqm4nyu,无效URL（非 http/https/rtsp 开头）
[SD]rock entertainment (576p) [geo-blocked],https://t.freetv.fun/live/rock-entertainment-576p-geo-blocked-1.m3u8,重复URL
[VGA]abn africa,https://t.freetv.fun/live/abn-africa-1.m3u8,重复URL
[VGA]rtg tv,https://t.freetv.fun/live/rtg-tv-2.m3u8,重复URL
[VGA]rthk32,https://t.freetv.fun/live/rthk32-2.m3u8,重复URL
[VGA]rhk32,https://t.freetv.fun/live/rhk32-1.m3u8,重复URL
[BD]rt news(俄罗斯),https://t.freetv.fun/live/rt-news-e-luo-si-1.m3u8,重复URL
[VGA]rtm parlimen (dewan rakyat) [geo-blocked],https://t.freetv.fun/live/rtm-parlimen-dewan-rakyat-geo-blocked-1.m3u8,重复URL
[VGA]rtm parlimen (dewan negara) [geo-blocked],https://t.freetv.fun/live/rtm-parlimen-dewan-negara-geo-blocked-1.m3u8,重复URL
[VGA]rtp,https://t.freetv.fun/live/rtp-1.m3u8,重复URL
[VGA]rtv 21 sd albania,mmsh://212.200.255.151/rtv2,无效URL（非 http/https/rtsp 开头）
[SD]rtv 21 sd albania,mmsh://212.200.255.151/rtv2,无效URL（非 http/https/rtsp 开头）
[VGA][莫桑比克]tvminternacional(480p)[854*480][854*480],https://t.freetv.fun/live/mo-sang-bi-ke-tvminternacional-480p-854-480-854-480-1.m3u8,重复URL
[SD]failarmy international,https://t.freetv.fun/live/failarmy-international-2.m3u8,重复URL
[VGA]canal 2 international,https://t.freetv.fun/live/canal-2-international-1.m3u8,重复URL
[VGA]3abn international,https://t.freetv.fun/live/3abn-international-1.m3u8,重复URL
[BD]cruz tv,https://t.freetv.fun/live/cruz-tv-2.m3u8,重复URL
[SD]cruz tv,https://t.freetv.fun/live/cruz-tv-2.m3u8,重复URL
[BD]motor racing,https://t.freetv.fun/live/motor-racing-1.m3u8,重复URL
[VGA]rai 3,https://t.freetv.fun/live/rai-3-1.m3u8,重复URL
[VGA]rai italia asia (576p),https://t.freetv.fun/live/rai-italia-asia-576p-1.m3u8,重复URL
[BD]red bull tv,https://t.freetv.fun/live/red-bull-tv-1.m3u8,重复URL
[VGA]redbull tv,https://t.freetv.fun/live/redbull-tv-1.m3u8,重复URL
[VGA]tv beltrão,https://t.freetv.fun/live/tv-beltrao-1.m3u8,重复URL
[VGA]rede mais família,https://t.freetv.fun/live/rede-mais-familia-1.m3u8,重复URL
[HD]rede minas,https://t.freetv.fun/live/rede-minas-1.m3u8,重复URL
[VGA]rede ngt,https://t.freetv.fun/live/rede-ngt-2.m3u8,重复URL
[BD]rede ngt,https://t.freetv.fun/live/rede-ngt-2.m3u8,重复URL
[SD]巴西 retrô cartoon,https://t.freetv.fun/live/ba-xi-retro-cartoon-1.m3u8,重复URL
[SD]reuters,https://t.freetv.fun/live/reuters-1.m3u8,重复URL
[BD]德国 rheinmaintv,https://t.freetv.fun/live/de-guo-rheinmaintv-1.m3u8,重复URL
[SD]rock tv,https://t.freetv.fun/live/rock-tv-2.m3u8,重复URL
[VGA]garuda tv,https://t.freetv.fun/live/garuda-tv-1.m3u8,重复URL
[BD]ryan and friends,https://t.freetv.fun/live/ryan-and-friends-1.m3u8,重复URL
[SD]garfield and friends,https://t.freetv.fun/live/garfield-and-friends-1.m3u8,重复URL
[HD]bahar tv (720p),https://t.freetv.fun/live/bahar-tv-720p-1.m3u8,重复URL
[VGA]mtv,https://t.freetv.fun/live/mtv-2.m3u8,重复URL
[SD]mtv,https://t.freetv.fun/live/mtv-2.m3u8,重复URL
[HD]sbt tv,https://t.freetv.fun/live/sbt-tv-1.m3u8,重复URL
[SD]scvtv (santa clarita ca) (1080p),https://t.freetv.fun/live/scvtv-santa-clarita-ca-1080p-1.m3u8,重复URL
[SD]cetv-4,https://t.freetv.fun/live/cetv-4-1.m3u8,重复URL
[HD]sctv2,https://t.freetv.fun/live/sctv2-1.m3u8,重复URL
[HD]sctv4,https://t.freetv.fun/live/sctv4-1.m3u8,重复URL
[SD]sky news (us),https://t.freetv.fun/live/sky-news-us-1.m3u8,重复URL
[SD]sky news extra 2 (540p),https://t.freetv.fun/live/sky-news-extra-2-540p-1.m3u8,重复URL
[SD]sky news extra 1,https://t.freetv.fun/live/sky-news-extra-1-2.m3u8,重复URL
[HD]sky news extra 3 (540p),https://t.freetv.fun/live/sky-news-extra-3-540p-1.m3u8,重复URL
[BD]sky news arabia,https://t.freetv.fun/live/sky-news-arabia-2.m3u8,重复URL
[BD]sky news,https://t.freetv.fun/live/sky-news-1.m3u8,重复URL
[BD]sesc tv,https://t.freetv.fun/live/sesc-tv-2.m3u8,重复URL
[HD]tv aldeia,https://t.freetv.fun/live/tv-aldeia-3.m3u8,重复URL
[BD]tvmohelnice,https://t.freetv.fun/live/tvmohelnice-1.m3u8,重复URL
[SD]tstv,https://t.freetv.fun/live/tstv-1.m3u8,重复URL
[SD]sgtv (seminole county fl) (1080p),https://t.freetv.fun/live/sgtv-seminole-county-fl-1080p-1.m3u8,重复URL
[SD]tstv (720p),https://t.freetv.fun/live/tstv-720p-1.m3u8,重复URL
[VGA]rstv,rtmp://vkvsd177.okcdn.ru/playback/9784991296445?stkn=Bu11jviKqv8XV4jmbgsGRyXtfTi46qNmVpzNczQTttL_wt7OBO_B47D8PLo_bnF7hndvjB5NAuI&uid=0&sp=uid,sp&sig=vlibqm4nyu&fromCache=1,无效URL（非 http/https/rtsp 开头）
[VGA]surabaya tv,https://t.freetv.fun/live/surabaya-tv-1.m3u8,重复URL
[BD]土耳其 semerkand tv,https://t.freetv.fun/live/tu-er-qi-semerkand-tv-2.m3u8,重复URL
[VGA]土耳其 semerkand tv,https://t.freetv.fun/live/tu-er-qi-semerkand-tv-2.m3u8,重复URL
[SD]classic arts showcase,https://t.freetv.fun/live/classic-arts-showcase-1.m3u8,重复URL
[VGA]era (720p) [not 24/7],https://t.freetv.fun/live/era-720p-not-24-7-1.m3u8,重复URL
[VGA]sakti tv,https://t.freetv.fun/live/sakti-tv-1.m3u8,重复URL
[SD]black classics,https://t.freetv.fun/live/black-classics-1.m3u8,重复URL
[BD]sky news arabia,https://t.freetv.fun/live/sky-news-arabia-2.m3u8,重复URL
[VGA]smithsonian channel,https://t.freetv.fun/live/smithsonian-channel-2.m3u8,重复URL
[VGA]smithsonian channel asia,https://t.freetv.fun/live/smithsonian-channel-asia-1.m3u8,重复URL
[VGA]smithsonian channel,https://t.freetv.fun/live/smithsonian-channel-2.m3u8,重复URL
[SD]smithsonian channel selects,https://t.freetv.fun/live/smithsonian-channel-selects-1.m3u8,重复URL
[HD]spacetoon,https://t.freetv.fun/live/spacetoon-1.m3u8,重复URL
[SD]spirit tv (720p) [not 24/7],https://t.freetv.fun/live/spirit-tv-720p-not-24-7-1.m3u8,重复URL
[SD]team spirit,https://t.freetv.fun/live/team-spirit-1.m3u8,重复URL
[VGA]sportv 1,mmsh://212.200.255.151/rtv1,无效URL（非 http/https/rtsp 开头）
[HD]fanduel sports network socal,https://t.freetv.fun/live/fanduel-sports-network-socal-1.m3u8,重复URL
[HD]fanduel sports network detroit,https://t.freetv.fun/live/fanduel-sports-network-detroit-1.m3u8,重复URL
[HD]fanduel sports network florida,https://t.freetv.fun/live/fanduel-sports-network-florida-1.m3u8,重复URL
[HD]fanduel sports network north,https://t.freetv.fun/live/fanduel-sports-network-north-1.m3u8,重复URL
[HD]sportsnet pacific,https://t.freetv.fun/live/sportsnet-pacific-1.m3u8,重复URL
[HD]sportsnet west,https://t.freetv.fun/live/sportsnet-west-1.m3u8,重复URL
[VGA]stadium (stirr),https://t.freetv.fun/live/stadium-stirr-1.m3u8,重复URL
[BD]stadium,https://t.freetv.fun/live/stadium-1.m3u8,重复URL
[VGA]stadium (720p),https://t.freetv.fun/live/stadium-720p-1.m3u8,重复URL
[SD]startv,https://t.freetv.fun/live/startv-2.m3u8,重复URL
[SD]start tv,https://t.freetv.fun/live/start-tv-1.m3u8,重复URL
[VGA]startv,https://t.freetv.fun/live/startv-2.m3u8,重复URL
[SD]starz east,https://t.freetv.fun/live/starz-east-1.m3u8,重复URL
[SD]suria [geo-blocked],https://t.freetv.fun/live/suria-geo-blocked-1.m3u8,重复URL
[VGA]syfy east,https://t.freetv.fun/live/syfy-east-1.m3u8,重复URL
[VGA]assyriasat (720p) [not 24/7],https://t.freetv.fun/live/assyriasat-720p-not-24-7-1.m3u8,重复URL
[VGA]bx inspire (720p),https://t.freetv.fun/live/bx-inspire-720p-1.m3u8,重复URL
[VGA]tbn inspire,https://t.freetv.fun/live/tbn-inspire-1.m3u8,重复URL
[SD]tbs,https://t.freetv.fun/live/tbs-1.m3u8,重复URL
[BD]cctv-2高清,https://t.freetv.fun/live/cctv-2gao-qing-1.m3u8,重复URL
[BD]com brasil,https://t.freetv.fun/live/com-brasil-2.m3u8,重复URL
[HD]кино 18+ international,https://t.freetv.fun/live/kino-18-international-1.m3u8,重复URL
[VGA]土耳其 tgrt belgesel,https://t.freetv.fun/live/tu-er-qi-tgrt-belgesel-2.m3u8,重复URL
[SD]土耳其 tgrt belgesel,https://t.freetv.fun/live/tu-er-qi-tgrt-belgesel-2.m3u8,重复URL
[VGA]土耳其 tgrt haber,https://t.freetv.fun/live/tu-er-qi-tgrt-haber-2.m3u8,重复URL
[VGA]土耳其 tgrt haber,https://t.freetv.fun/live/tu-er-qi-tgrt-haber-2.m3u8,重复URL
[SD][美国]the 360 channel,https://t.freetv.fun/live/mei-guo-the-360-channel-1.m3u8,重复URL
[VGA]tnn,rtmp://cloud.streamplay.in:1935/tnn/tnn,无效URL（非 http/https/rtsp 开头）
[VGA]tv series,rtmp://vkvsd258.okcdn.ru/playback/4212830514154?stkn=3-5AxYkRTClGxxwNYsB-PosDfNMu_Z8wVCxKPRiA5P1eG-dXv3IyUKjRPAmaGd92HY3VjEPNPE4&uid=0&sp=uid,sp&sig=vlibqm4nyu&fromCache=1,无效URL（非 http/https/rtsp 开头）
[HD]travel xp,https://t.freetv.fun/live/travel-xp-1.m3u8,重复URL
[BD]travelxp,https://t.freetv.fun/live/travelxp-1.m3u8,重复URL
[BD]tvri world,https://t.freetv.fun/live/tvri-world-4.m3u8,重复URL
[BD]trt world,https://t.freetv.fun/live/trt-world-1.m3u8,重复URL
[SD]tvri world,https://t.freetv.fun/live/tvri-world-4.m3u8,重复URL
[VGA]tsn5,https://t.freetv.fun/live/tsn5-2.m3u8,重复URL
[SD]tsn5,https://t.freetv.fun/live/tsn5-2.m3u8,重复URL
[VGA]tsn1,https://t.freetv.fun/live/tsn1-2.m3u8,重复URL
[VGA]tsn2,https://t.freetv.fun/live/tsn2-2.m3u8,重复URL
[SD]tsn2,https://t.freetv.fun/live/tsn2-2.m3u8,重复URL
[VGA]tsn3,https://t.freetv.fun/live/tsn3-3.m3u8,重复URL
[SD]tsn3,https://t.freetv.fun/live/tsn3-3.m3u8,重复URL
[VGA]tsn4,https://t.freetv.fun/live/tsn4-2.m3u8,重复URL
[VGA]tsn4,https://t.freetv.fun/live/tsn4-2.m3u8,重复URL
[SD]fb tv,https://t.freetv.fun/live/fb-tv-1.m3u8,重复URL
[VGA]1001 noites (720p) [not 24/7],https://t.freetv.fun/live/1001-noites-720p-not-24-7-1.m3u8,重复URL
[BD]dltv 2,https://t.freetv.fun/live/dltv-2-1.m3u8,重复URL
[VGA]rtv 2,rtmp://212.200.230.50:1935/RTV/rtv2,无效URL（非 http/https/rtsp 开头）
[BD]dltv 3,https://t.freetv.fun/live/dltv-3-1.m3u8,重复URL
[BD]dltv 5,https://t.freetv.fun/live/dltv-5-1.m3u8,重复URL
[BD]dltv 7,https://t.freetv.fun/live/dltv-7-1.m3u8,重复URL
[BD]dltv 9,https://t.freetv.fun/live/dltv-9-1.m3u8,重复URL
[BD]巴西 tv aparecida,https://t.freetv.fun/live/ba-xi-tv-aparecida-1.m3u8,重复URL
[VGA]tvdigitalbirigui(320p),https://t.freetv.fun/live/tvdigitalbirigui-320p-1.m3u8,重复URL
[BD]tvikim,https://t.freetv.fun/live/tvikim-1.m3u8,重复URL
[VGA]mix (720p) [not 24/7],https://t.freetv.fun/live/mix-720p-not-24-7-1.m3u8,重复URL
[VGA]tvri sport,https://t.freetv.fun/live/tvri-sport-1.m3u8,重复URL
[VGA]tv selangor (720p) [not 24/7],https://t.freetv.fun/live/tv-selangor-720p-not-24-7-1.m3u8,重复URL
[VGA]tv1 [geo-blocked],https://t.freetv.fun/live/tv1-geo-blocked-1.m3u8,重复URL
[SD][土耳其]tv41,https://t.freetv.fun/live/tu-er-qi-tv41-1.m3u8,重复URL
[VGA]tv10,https://t.freetv.fun/live/tv10-1.m3u8,重复URL
[HD]tv2 [geo-blocked],https://t.freetv.fun/live/tv2-geo-blocked-1.m3u8,重复URL
[BD]tv2,https://t.freetv.fun/live/tv2-2.m3u8,重复URL
[VGA]TV3 Malaysia,https://t.freetv.fun/live/tv3-malaysia-1.m3u8,重复URL
[VGA]tv4 (360p),https://t.freetv.fun/live/tv4-360p-1.m3u8,重复URL
[BD][西班牙]tv5limares,https://t.freetv.fun/live/xi-ban-ya-tv5limares-1.m3u8,重复URL
[HD]tv6 [geo-blocked],https://t.freetv.fun/live/tv6-geo-blocked-1.m3u8,重复URL
[SD]tv9 (720p) [geo-blocked],https://t.freetv.fun/live/tv9-720p-geo-blocked-1.m3u8,重复URL
[VGA]tvb j2,https://t.freetv.fun/live/tvb-j2-2.m3u8,重复URL
[SD]ntv plus,https://t.freetv.fun/live/ntv-plus-3.m3u8,重复URL
[BD]tvbs,https://t.freetv.fun/live/tvbs-3.m3u8,重复URL
[BD]tvbs,https://t.freetv.fun/live/tvbs-1-1.m3u8,重复URL
[BD]tvbs亚洲,https://t.freetv.fun/live/tvbsya-zhou-5.m3u8,重复URL
[BD]tvbs亚洲,https://t.freetv.fun/live/tvbsya-zhou-1-1.m3u8,重复URL
[BD]tvbs亚洲,https://t.freetv.fun/live/tvbsya-zhou-2-1.m3u8,重复URL
[BD]tvbs亞洲,https://t.freetv.fun/live/tvbsya-zhou-6.m3u8,重复URL
[BD]tvbs亚洲,https://t.freetv.fun/live/tvbsya-zhou-3-1.m3u8,重复URL
[VGA]tvbs新聞,rtmp://119.81.124.89/sat/tv551,无效URL（非 http/https/rtsp 开头）
[VGA]tvbs新闻,https://t.freetv.fun/live/tvbsxin-wen-7.m3u8,重复URL
[VGA]tvbs新闻台,https://t.freetv.fun/live/tvbsxin-wen-tai-4.m3u8,重复URL
[BD]tvbs新闻台,https://t.freetv.fun/live/tvbsxin-wen-tai-1-2.m3u8,重复URL
[BD]tve rs,https://t.freetv.fun/live/tve-rs-1.m3u8,重复URL
[BD]malta,https://t.freetv.fun/live/malta-2.m3u8,重复URL
[HD]malta,https://t.freetv.fun/live/malta-2.m3u8,重复URL
[BD]tvo(ch),https://t.freetv.fun/live/tvo-ch-1.m3u8,重复URL
[BD]tvri yogyakarta,https://t.freetv.fun/live/tvri-yogyakarta-1.m3u8,重复URL
[BD]tvri jakarta,https://t.freetv.fun/live/tvri-jakarta-1.m3u8,重复URL
[BD]tvri nasional,https://t.freetv.fun/live/tvri-nasional-2.m3u8,重复URL
[HD]telenorte,https://t.freetv.fun/live/telenorte-2.m3u8,重复URL
[VGA][洪都拉斯]ten(720p),https://t.freetv.fun/live/hong-du-la-si-ten-720p-1.m3u8,重复URL
[HD]thai chaiyo,https://t.freetv.fun/live/thai-chaiyo-1.m3u8,重复URL
[BD]thai pbs,https://t.freetv.fun/live/thai-pbs-2.m3u8,重复URL
[BD]thai pbs,https://t.freetv.fun/live/thai-pbs-1-1.m3u8,重复URL
[BD]the design network,https://t.freetv.fun/live/the-design-network-1.m3u8,重复URL
[BD]the now network (480p) [not 24/7],https://t.freetv.fun/live/the-now-network-480p-not-24-7-1.m3u8,重复URL
[BD]the country network,https://t.freetv.fun/live/the-country-network-1.m3u8,重复URL
[HD]bip tv [850*480],https://t.freetv.fun/live/bip-tv-850-480-1.m3u8,重复URL
[BD]tptv,https://t.freetv.fun/live/tptv-2.m3u8,重复URL
[VGA]tptv,https://t.freetv.fun/live/tptv-1-1.m3u8,重复URL
[BD]toon goggles,https://t.freetv.fun/live/toon-goggles-2.m3u8,重复URL
[HD]toon goggles,https://t.freetv.fun/live/toon-goggles-2.m3u8,重复URL
[SD]toon goggles (720p),https://t.freetv.fun/live/toon-goggles-720p-1.m3u8,重复URL
[HD]crime 360 (720p),https://t.freetv.fun/live/crime-360-720p-1.m3u8,重复URL
[SD]trace sport stars,https://t.freetv.fun/live/trace-sport-stars-1.m3u8,重复URL
[BD]trace urban hd,https://t.freetv.fun/live/trace-urban-hd-1.m3u8,重复URL
[BD]trace urban,https://t.freetv.fun/live/trace-urban-6.m3u8,重复URL
[HD]trans7,https://t.freetv.fun/live/trans7-3.m3u8,重复URL
[SD]star trek,https://t.freetv.fun/live/star-trek-1.m3u8,重复URL
[BD]tutv,https://t.freetv.fun/live/tutv-2.m3u8,重复URL
[VGA]tutv,https://t.freetv.fun/live/tutv-2.m3u8,重复URL
[VGA]tvn movies (indonesian subtitle) (576p),https://t.freetv.fun/live/tvn-movies-indonesian-subtitle-576p-1.m3u8,重复URL
[SD]universal crime,https://t.freetv.fun/live/universal-crime-2.m3u8,重复URL
[SD]yes network,https://t.freetv.fun/live/yes-network-1.m3u8,重复URL
[VGA]universal kids,https://t.freetv.fun/live/universal-kids-1.m3u8,重复URL
[SD]swerve sports (1080p),https://t.freetv.fun/live/swerve-sports-1080p-1.m3u8,重复URL
[SD]vevo pop,https://t.freetv.fun/live/vevo-pop-4.m3u8,重复URL
[SD]vevo country,https://t.freetv.fun/live/vevo-country-1.m3u8,重复URL
[VGA]vevo true school hip-hop,https://t.freetv.fun/live/vevo-true-school-hip-hop-1.m3u8,重复URL
[SD]vevo '80s,https://t.freetv.fun/live/vevo-80s-3.m3u8,重复URL
[SD]vevo retro rock,https://t.freetv.fun/live/vevo-retro-rock-2.m3u8,重复URL
[SD]vevo r b,https://t.freetv.fun/live/vevo-r-b-3.m3u8,重复URL
[VGA]vevo 2k,https://t.freetv.fun/live/vevo-2k-2.m3u8,重复URL
[SD]vevo 2k,https://t.freetv.fun/live/vevo-2k-2.m3u8,重复URL
[VGA]vevo '90s,https://t.freetv.fun/live/vevo-90s-2.m3u8,重复URL
[VGA]vevo r b,https://t.freetv.fun/live/vevo-r-b-3.m3u8,重复URL
[VGA]vevo '80s,https://t.freetv.fun/live/vevo-80s-3.m3u8,重复URL
[VGA]vevo retro rock,https://t.freetv.fun/live/vevo-retro-rock-2.m3u8,重复URL
[BD]vevo 2010s,https://t.freetv.fun/live/vevo-2010s-1.m3u8,重复URL
[BD]vevo hip hop,https://t.freetv.fun/live/vevo-hip-hop-1.m3u8,重复URL
[SD]vevo country,https://t.freetv.fun/live/vevo-country-2-1.m3u8,重复URL
[VGA]vh-1,https://t.freetv.fun/live/vh-1-1.m3u8,重复URL
[BD][意大利]videolina[704*404][704*404],https://t.freetv.fun/live/yi-da-li-videolina-704-404-704-404-1.m3u8,重复URL
[BD][意大利]videolina(sardegna)(404p)[704*404][704*404],https://t.freetv.fun/live/yi-da-li-videolina-sardegna-404p-704-404-704-404-1.m3u8,重复URL
[VGA]channel 4,https://t.freetv.fun/live/channel-4-1.m3u8,重复URL
[SD][土耳其]vtv,https://t.freetv.fun/live/tu-er-qi-vtv-1.m3u8,重复URL
[VGA]qvtv,https://t.freetv.fun/live/qvtv-1.m3u8,重复URL
[SD]vasantham [geo-blocked],https://t.freetv.fun/live/vasantham-geo-blocked-2.m3u8,重复URL
[VGA]vasantham [geo-blocked],https://t.freetv.fun/live/vasantham-geo-blocked-2.m3u8,重复URL
[VGA]venus,https://t.freetv.fun/live/venus-2.m3u8,重复URL
[VGA]viutv,https://t.freetv.fun/live/viutv-2.php,重复URL
[VGA]wps tv (360p),https://t.freetv.fun/live/wps-tv-360p-1.m3u8,重复URL
[VGA]wiki tv (720p),https://t.freetv.fun/live/wiki-tv-720p-1.m3u8,重复URL
[VGA]wnbc-dt1,https://t.freetv.fun/live/wnbc-dt1-2.m3u8,重复URL
[VGA]global fashion channel (1080p),https://t.freetv.fun/live/global-fashion-channel-1080p-1.m3u8,重复URL
[VGA]wwe network,https://t.freetv.fun/live/wwe-network-1.m3u8,重复URL
[VGA]powernation tv,https://t.freetv.fun/live/powernation-tv-1.m3u8,重复URL
[VGA]weathernation new york,https://t.freetv.fun/live/weathernation-new-york-1.m3u8,重复URL
[SD]weathernation,https://t.freetv.fun/live/weathernation-2.m3u8,重复URL
[VGA]日本 weather news,https://t.freetv.fun/live/ri-ben-weather-news-1.m3u8,重复URL
[SD]wild 'n out,https://t.freetv.fun/live/wild-n-out-1.m3u8,重复URL
[BD]world poker tour,https://t.freetv.fun/live/world-poker-tour-4.m3u8,重复URL
[HD]sport 1,https://t.freetv.fun/live/sport-1-2.m3u8,重复URL
[HD]channel 24,https://t.freetv.fun/live/channel-24-1.m3u8,重复URL
[VGA]eet tv (1080p) [not 24/7],https://t.freetv.fun/live/eet-tv-1080p-not-24-7-1.m3u8,重复URL
[SD][美国]atd tv (american tv of dardania),https://t.freetv.fun/live/mei-guo-atd-tv-american-tv-of-dardania-1.m3u8,重复URL
[SD]the amazing race,https://t.freetv.fun/live/the-amazing-race-1.m3u8,重复URL
[BD]voa tv africa (1080p),https://t.freetv.fun/live/voa-tv-africa-1080p-1.m3u8,重复URL
[HD]加纳tv africa (ghana),https://t.freetv.fun/live/jia-na-tv-africa-ghana-1.m3u8,重复URL
[VGA]arabica tv (720p),https://t.freetv.fun/live/arabica-tv-720p-1.m3u8,重复URL
[BD]africa tv2 (720p) [not 24/7],https://t.freetv.fun/live/africa-tv2-720p-not-24-7-1.m3u8,重复URL
[BD]africa tv3 (720p) [not 24/7],https://t.freetv.fun/live/africa-tv3-720p-not-24-7-1.m3u8,重复URL
[SD][摩洛哥]tamazight(360p)[384*216][384*216],https://t.freetv.fun/live/mo-luo-ge-tamazight-360p-384-216-384-216-2.m3u8,重复URL
[SD][摩洛哥]tamazight(360p)[384*216][384*216],https://t.freetv.fun/live/mo-luo-ge-tamazight-360p-384-216-384-216-2.m3u8,重复URL
[SD]amedia 1,https://t.freetv.fun/live/amedia-1-2.m3u8,重复URL
[VGA]淘baby,https://t.freetv.fun/live/tao-baby-1.m3u8,重复URL
[VGA]dhamma tv,https://t.freetv.fun/live/dhamma-tv-1.m3u8,重复URL
[HD]top news,https://t.freetv.fun/live/top-news-1.m3u8,重复URL
[BD]black news channel (1080p),https://t.freetv.fun/live/black-news-channel-1080p-2.m3u8,重复URL
[SD]black news channel (1080p),https://t.freetv.fun/live/black-news-channel-1080p-2.m3u8,重复URL
[VGA]tv one,https://t.freetv.fun/live/tv-one-3.m3u8,重复URL
[SD]tv one,https://t.freetv.fun/live/tv-one-3.m3u8,重复URL
[SD]cinema,https://t.freetv.fun/live/cinema-1.m3u8,重复URL
[VGA]rodja tv,https://t.freetv.fun/live/rodja-tv-1.m3u8,重复URL
[BD]dltv 10,https://t.freetv.fun/live/dltv-10-1.m3u8,重复URL
[SD]himlen tv7 (se),https://t.freetv.fun/live/himlen-tv7-se-1.m3u8,重复URL
[SD]himlen tv7,https://t.freetv.fun/live/himlen-tv7-2.m3u8,重复URL
[BD]himlen tv7,https://t.freetv.fun/live/himlen-tv7-2.m3u8,重复URL
[SD]tv land drama,https://t.freetv.fun/live/tv-land-drama-1.m3u8,重复URL
[SD]vsin (720p),https://t.freetv.fun/live/vsin-720p-1.m3u8,重复URL
[BD][荷兰]xite(be),https://t.freetv.fun/live/he-lan-xite-be-2.m3u8,重复URL
[BD][荷兰]xite(be),https://t.freetv.fun/live/he-lan-xite-be-2.m3u8,重复URL
[VGA]Kurdistan,https://t.freetv.fun/live/kurdistan-5.m3u8,重复URL
[VGA]zns-tv,https://t.freetv.fun/live/zns-tv-1.m3u8,重复URL
[HD]новое телевидение,https://t.freetv.fun/live/novoe-televidenie-1.m3u8,重复URL
[VGA]беларусь 24,https://t.freetv.fun/live/belarus-24-3.m3u8,重复URL
[BD]беларусь 24,https://t.freetv.fun/live/belarus-24-3.m3u8,重复URL
[SD]дом кино премиум,https://t.freetv.fun/live/dom-kino-premium-2.m3u8,重复URL
[SD]дом кино 16,https://t.freetv.fun/live/dom-kino-16-1.m3u8,重复URL
[HD]дом кино премиум,https://t.freetv.fun/live/dom-kino-premium-2.m3u8,重复URL
[BD]дом кино 17,https://t.freetv.fun/live/dom-kino-17-1.m3u8,重复URL
[BD]дом кино [fhd],https://t.freetv.fun/live/dom-kino-fhd-1.m3u8,重复URL
[SD]домашний,https://t.freetv.fun/live/domashnii-1.m3u8,重复URL
[SD]кино тв,https://t.freetv.fun/live/kino-tv-1.m3u8,重复URL
[VGA]кино вк,rtmp://vkvsd9.okcdn.ru/playback/11476322626375?stkn=MWURFX9GxWweqchHYWcYzhzufUF0fxJw12ejfhOPexR9h9Leff8anz9KAxHjfF4R9h4C5PfiYy8&uid=0&sp=uid,sp&sig=vlibqm4nyu&fromCache=1,无效URL（非 http/https/rtsp 开头）
[SD]мир 24,https://t.freetv.fun/live/mir-24-2.m3u8,重复URL
[BD]мир 24,https://t.freetv.fun/live/mir-24-2.m3u8,重复URL
[VGA]матч тв,https://t.freetv.fun/live/match-tv-1.m3u8,重复URL
[HD]ника тв,https://t.freetv.fun/live/nika-tv-1.m3u8,重复URL
[BD]мир,https://t.freetv.fun/live/mir-1.m3u8,重复URL
[SD]нтв хит,https://t.freetv.fun/live/ntv-khit-2.m3u8,重复URL
[VGA]ртр планета сша,https://t.freetv.fun/live/rtr-planeta-ssha-1.m3u8,重复URL
[SD]рен тв,https://t.freetv.fun/live/ren-tv-2.m3u8,重复URL
[SD]рен тв,https://t.freetv.fun/live/ren-tv-2.m3u8,重复URL
[VGA]россия 24 (сочи),https://t.freetv.fun/live/rossiia-24-sochi-1.m3u8,重复URL
[HD]россия 24,https://t.freetv.fun/live/rossiia-24-2.m3u8,重复URL
[BD]россия 24,https://t.freetv.fun/live/rossiia-24-2.m3u8,重复URL
[VGA]k+ (indonesian subtitle) (576p),https://t.freetv.fun/live/k-indonesian-subtitle-576p-1.m3u8,重复URL
[SD]русский бестселлер,https://t.freetv.fun/live/russkii-bestseller-1.m3u8,重复URL
[VGA]союз,https://t.freetv.fun/live/soiuz-2.m3u8,重复URL
[VGA]союз,https://t.freetv.fun/live/soiuz-2.m3u8,重复URL
[SD]стс,https://t.freetv.fun/live/sts-2.m3u8,重复URL
[SD]стс,https://t.freetv.fun/live/sts-2.m3u8,重复URL
[HD]тв центр,https://t.freetv.fun/live/tv-tsentr-2.m3u8,重复URL
[SD]тв центр,https://t.freetv.fun/live/tv-tsentr-2.m3u8,重复URL
[VGA]тнт,https://t.freetv.fun/live/tnt-2.m3u8,重复URL
[VGA]тнт,https://t.freetv.fun/live/tnt-2.m3u8,重复URL
[BD]звезда,https://t.freetv.fun/live/zvezda-2.m3u8,重复URL
[BD]звезда,https://t.freetv.fun/live/zvezda-2.m3u8,重复URL
[SD]телеканал 86 (сургут),https://t.freetv.fun/live/telekanal-86-surgut-1.m3u8,重复URL
[VGA]телеканал лтв,rtmp://vkvsd70.okcdn.ru/playback/6374540258174?stkn=xq3Mb7tqvmgs58xveKmbdKCzSSEC_rQ3uMikuKbmMkmMnk3xsTTKPz8RETCmOZnBCis_rqufnCM&uid=0&sp=uid,sp&sig=vlibqm4nyu,无效URL（非 http/https/rtsp 开头）
[SD]шансон тв (512p),https://t.freetv.fun/live/shanson-tv-512p-1.m3u8,重复URL
[SD]шансон тв,https://t.freetv.fun/live/shanson-tv-1.m3u8,重复URL
[HD]радио шансон,https://t.freetv.fun/live/radio-shanson-1.m3u8,重复URL
[VGA]三沙卫视,https://t.freetv.fun/live/san-sha-wei-shi-1-1.m3u8,重复URL
[VGA]三沙卫视,https://t.freetv.fun/live/san-sha-wei-shi-21.m3u8,重复URL
[BD]三沙卫视,https://t.freetv.fun/live/san-sha-wei-shi-21.m3u8,重复URL
[VGA]三立国际,https://t.freetv.fun/live/san-li-guo-ji-1.m3u8,重复URL
[VGA]三立新闻台,https://t.freetv.fun/live/san-li-xin-wen-tai-3.m3u8,重复URL
[VGA]三立新闻台,https://t.freetv.fun/live/san-li-xin-wen-tai-3.m3u8,重复URL
[BD]三立财经台,https://t.freetv.fun/live/san-li-cai-jing-tai-2.m3u8,重复URL
[SD]三立财经台,https://t.freetv.fun/live/san-li-cai-jing-tai-2.m3u8,重复URL
[BD]三立财经,https://t.freetv.fun/live/san-li-cai-jing-1.m3u8,重复URL
[BD]上海新闻综合,https://t.freetv.fun/live/shang-hai-xin-wen-zong-he-5.m3u8,重复URL
[BD]上海都市,https://t.freetv.fun/live/shang-hai-du-shi-6.m3u8,重复URL
[BD]上虞文化影院,https://t.freetv.fun/live/shang-yu-wen-hua-ying-yuan.m3u8,重复URL
[BD]中天新闻,https://t.freetv.fun/live/zhong-tian-xin-wen-5.m3u8,重复URL
[VGA]中旺电视,https://t.freetv.fun/live/zhong-wang-dian-shi-2.php,重复URL
[VGA]中天新闻,rtmp://home.aceimage.cn/live/xiangjiaoge-ztxw,无效URL（非 http/https/rtsp 开头）
[VGA]中天新闻,https://t.freetv.fun/live/zhong-tian-xin-wen-1-2.m3u8,重复URL
[BD]中天新闻,rtmp://digital-live-pull.zegonetwork.com/live/nb-py-ztxw,无效URL（非 http/https/rtsp 开头）
[HD]中视,rtmp://f13h.mine.nu/sat/tv091,无效URL（非 http/https/rtsp 开头）
[VGA]中视,rtmp://9wv7.mine.nu/sat/tv091,无效URL（非 http/https/rtsp 开头）
[VGA]中視,rtmp://9sv2.mine.nu:1935/sat/tv091,无效URL（非 http/https/rtsp 开头）
[BD]中視,rtmp://9sv2.mine.nu:1935/sat/tv091,无效URL（非 http/https/rtsp 开头）
[BD]中視,rtmp://f13h.mine.nu/sat/tv091,无效URL（非 http/https/rtsp 开头）
[SD]中视频道,rtmp://f13h.mine.nu/sat/tv091,无效URL（非 http/https/rtsp 开头）
[VGA]中視hd,rtmp://219.80.97.77/sat/tv091,无效URL（非 http/https/rtsp 开头）
[HD]中视,rtmp://f13h.mine.nu:1935/sat/tv091,无效URL（非 http/https/rtsp 开头）
[VGA]中视新闻,https://t.freetv.fun/live/zhong-shi-xin-wen-4.m3u8,重复URL
[BD]中视新闻,https://t.freetv.fun/live/zhong-shi-xin-wen-4.m3u8,重复URL
[BD]中视经典,https://t.freetv.fun/live/zhong-shi-jing-dian-1.m3u8,重复URL
[VGA]五星体育,https://t.freetv.fun/live/wu-xing-ti-yu-6.m3u8,重复URL
[VGA]五星体育,https://t.freetv.fun/live/wu-xing-ti-yu-1-1.m3u8,重复URL
[VGA]五星体育,https://t.freetv.fun/live/wu-xing-ti-yu-6.php,重复URL
[BD]五星体育,https://t.freetv.fun/live/wu-xing-ti-yu-6.m3u8,重复URL
[BD]五星体育,https://t.freetv.fun/live/wu-xing-ti-yu-6.m3u8,重复URL
[VGA]亚太第一卫视,rtmp://v1.one-tv.com:1935/live/mpegts.stream,无效URL（非 http/https/rtsp 开头）
[HD]人间卫视,https://t.freetv.fun/live/ren-jian-wei-shi-6.m3u8,重复URL
[BD]人间卫视,https://t.freetv.fun/live/ren-jian-wei-shi-6.m3u8,重复URL
[BD]人间卫视,https://t.freetv.fun/live/ren-jian-wei-shi-6.m3u8,重复URL
[HD]人间卫视,https://t.freetv.fun/live/ren-jian-wei-shi-6.m3u8,重复URL
[HD]人间卫视,https://t.freetv.fun/live/ren-jian-wei-shi-3-1.m3u,重复URL
[VGA]珲春新闻综合,https://t.freetv.fun/live/hun-chun-xin-wen-zong-he-3.m3u8,重复URL
[SD]凉山新闻综合,rtmp://tv.drs.yizu.tv/channellive/ch1?zsicd,无效URL（非 http/https/rtsp 开头）
[SD]凉山新闻综合,rtmp://tv.drs.i0834.cn/channellive/ch1?zsicd,无效URL（非 http/https/rtsp 开头）
[VGA]凉山新闻综合,https://t.freetv.fun/live/liang-shan-xin-wen-zong-he-5.m3u8,重复URL
[VGA]凉山新闻综合,https://t.freetv.fun/live/liang-shan-xin-wen-zong-he-5.m3u8,重复URL
[VGA]象山新闻综合,https://t.freetv.fun/live/xiang-shan-xin-wen-zong-he-1.m3u8,重复URL
[VGA]保康新闻综合,https://t.freetv.fun/live/bao-kang-xin-wen-zong-he-1.m3u8,重复URL
[VGA]河北|定州新闻综合,rtmp://alivealone.litenews.cn/285/202304_1651887528174882816,无效URL（非 http/https/rtsp 开头）
[VGA]康定新闻综合,https://t.freetv.fun/live/kang-ding-xin-wen-zong-he-2.m3u8,重复URL
[SD]优漫卡通,https://t.freetv.fun/live/you-man-qia-tong-1-1.m3u8,重复URL
[VGA]优漫卡通,https://t.freetv.fun/live/you-man-qia-tong-21.m3u8,重复URL
[SD]优漫卡通,https://t.freetv.fun/live/you-man-qia-tong-2-1.m3u8,重复URL
[HD]优漫卡通,https://t.freetv.fun/live/you-man-qia-tong-4-1.m3u8,重复URL
[VGA]优漫卡通,https://t.freetv.fun/live/you-man-qia-tong-21.m3u8,重复URL
[HD]优漫卡通,https://t.freetv.fun/live/you-man-qia-tong-21.m3u8,重复URL
[VGA]优漫卡通,https://t.freetv.fun/live/you-man-qia-tong-21.m3u8,重复URL
[SD]优漫卡通,https://t.freetv.fun/live/you-man-qia-tong-3-1.m3u8,重复URL
[HD]优漫卡通,https://t.freetv.fun/live/you-man-qia-tong-5-1.m3u8,重复URL
[VGA]内江科教,rtmp://njzb.scnj.tv:1938/live/kjpd_kjpd800,无效URL（非 http/https/rtsp 开头）
[HD]内江新闻,rtmp://njzb.scnj.tv:1938/live/xwzh_xwzh800,无效URL（非 http/https/rtsp 开头）
[VGA]内蒙古卫视,https://t.freetv.fun/live/nei-meng-gu-wei-shi-8.m3u8,重复URL
[VGA]内蒙古卫视,https://t.freetv.fun/live/nei-meng-gu-wei-shi-8.m3u8,重复URL
[VGA]内蒙古卫视,https://t.freetv.fun/live/nei-meng-gu-wei-shi-1-3.m3u8,重复URL
[VGA]内蒙古卫视,https://t.freetv.fun/live/nei-meng-gu-wei-shi-8.m3u8,重复URL
[VGA]内蒙古卫视,https://t.freetv.fun/live/nei-meng-gu-wei-shi-2-2.m3u8,重复URL
[VGA]内蒙古卫视,https://t.freetv.fun/live/nei-meng-gu-wei-shi-8.m3u8,重复URL
[SD]内蒙古卫视,https://t.freetv.fun/live/nei-meng-gu-wei-shi-8.m3u8,重复URL
[SD]内蒙古卫视,https://t.freetv.fun/live/nei-meng-gu-wei-shi-3-2.m3u8,重复URL
[VGA]兵团卫视,https://t.freetv.fun/live/bing-tuan-wei-shi-9.m3u8,重复URL
[VGA]兵团卫视,https://t.freetv.fun/live/bing-tuan-wei-shi-9.m3u8,重复URL
[SD]兵团卫视,https://t.freetv.fun/live/bing-tuan-wei-shi-2-3.m3u8,重复URL
[VGA]兵团卫视,https://t.freetv.fun/live/bing-tuan-wei-shi-5-1.m3u8,重复URL
[VGA]兵团卫视,https://t.freetv.fun/live/bing-tuan-wei-shi-9.m3u8,重复URL
[SD]兵团卫视,https://t.freetv.fun/live/bing-tuan-wei-shi-7-1.m3u8,重复URL
[HD]兵团卫视,https://t.freetv.fun/live/bing-tuan-wei-shi-4-2.m3u8,重复URL
[SD]兵团卫视,https://t.freetv.fun/live/bing-tuan-wei-shi-3-2.m3u8,重复URL
[BD]兵团卫视,https://t.freetv.fun/live/bing-tuan-wei-shi-6-1.m3u8,重复URL
[BD]创世电视,https://t.freetv.fun/live/chuang-shi-dian-shi-1.m3u8,重复URL
[BD]动漫秀场,https://t.freetv.fun/live/dong-man-xiu-chang-4.m3u8,重复URL
[VGA]北京卫视,https://t.freetv.fun/live/bei-jing-wei-shi-16.m3u8,重复URL
[VGA]北京卫视,https://t.freetv.fun/live/bei-jing-wei-shi-1-2.m3u8,重复URL
[VGA]北京卫视,https://t.freetv.fun/live/bei-jing-wei-shi-2-2.m3u8,重复URL
[VGA]北京卫视,https://t.freetv.fun/live/bei-jing-wei-shi-16.m3u8,重复URL
[VGA]北京卫视,https://t.freetv.fun/live/bei-jing-wei-shi-3-4.m3u8,重复URL
[BD]北京卫视,https://t.freetv.fun/live/bei-jing-wei-shi-16.m3u8,重复URL
[BD]北京卫视,https://t.freetv.fun/live/bei-jing-wei-shi-4-3.m3u8,重复URL
[VGA]北京卫视,https://t.freetv.fun/live/bei-jing-wei-shi-2-2.m3u8,重复URL
[SD]北京卫视,https://t.freetv.fun/live/bei-jing-wei-shi-3-4.m3u8,重复URL
[BD]北京卫视,https://t.freetv.fun/live/bei-jing-wei-shi-4-3.m3u8,重复URL
[VGA]北京卫视,https://t.freetv.fun/live/bei-jing-wei-shi-5-2.m3u8,重复URL
[VGA]北京卫视,https://t.freetv.fun/live/bei-jing-wei-shi-6-1.m3u8,重复URL
[VGA]北京卫视,https://t.freetv.fun/live/bei-jing-wei-shi-16.php,重复URL
[BD]北京卫视,https://t.freetv.fun/live/bei-jing-wei-shi-16.m3u8,重复URL
[BD]北京卫视,https://t.freetv.fun/live/bei-jing-wei-shi-3-4.m3u8,重复URL
[BD]北京卫视,https://t.freetv.fun/live/bei-jing-wei-shi-5-2.m3u8,重复URL
[BD]北京卫视,https://t.freetv.fun/live/bei-jing-wei-shi-10-1.m3u8,重复URL
[HD]南京少儿,https://t.freetv.fun/live/nan-jing-shao-er-2.m3u8,重复URL
[BD]南京教科,https://t.freetv.fun/live/nan-jing-jiao-ke-2.m3u8,重复URL
[HD]南京教科,https://t.freetv.fun/live/nan-jing-jiao-ke-2.m3u8,重复URL
[VGA]南京新闻综合,https://t.freetv.fun/live/nan-jing-xin-wen-zong-he-3.m3u8,重复URL
[VGA]南京新闻综合,https://t.freetv.fun/live/nan-jing-xin-wen-zong-he-3.m3u8,重复URL
[HD]南京新闻综合,https://t.freetv.fun/live/nan-jing-xin-wen-zong-he-3.m3u8,重复URL
[VGA]宁南新闻综合,rtmp://live.sctvcloud.com/live/ningnantv1?zsicd,无效URL（非 http/https/rtsp 开头）
[SD]辉南新闻综合,https://t.freetv.fun/live/hui-nan-xin-wen-zong-he-2.m3u8,重复URL
[VGA]南京生活,https://t.freetv.fun/live/nan-jing-sheng-huo-1.m3u8,重复URL
[SD]南宁公共,https://t.freetv.fun/live/nan-zhu-gong-gong-1.m3u8,重复URL
[VGA]南宁影娱乐,rtmp://rtmp.nntv.cn/nnlive/NNTV_VOD_A?zguangxd,无效URL（非 http/https/rtsp 开头）
[VGA]南宁影视娱乐,https://t.freetv.fun/live/nan-zhu-ying-shi-yu-le-3.m3u8,重复URL
[VGA]南寧新聞綜合,rtmp://jsylivealone.iqilu.com/ningjin/ningjin_tv01,无效URL（非 http/https/rtsp 开头）
[BD]南寧新聞綜合,rtmp://tv.qntv.net/channellive/ch1?zguizd,无效URL（非 http/https/rtsp 开头）
[BD]黔南新闻综合,rtmp://tv.qntv.net/channellive/ch1?zguizd,无效URL（非 http/https/rtsp 开头）
[VGA]南宁新闻综合,rtmp://rtmp.nntv.cn/nnlive/NNTV_NEWS_A?zguangxd,无效URL（非 http/https/rtsp 开头）
[VGA]南宁新闻综合,https://t.freetv.fun/live/nan-zhu-xin-wen-zong-he-3.m3u8,重复URL
[BD]苍南新闻综合,https://t.freetv.fun/live/cang-nan-xin-wen-zong-he-2.m3u8,重复URL
[VGA]南宁都市生活,rtmp://rtmp.nntv.cn/nnlive/NNTV_METRO_A?zguangxd,无效URL（非 http/https/rtsp 开头）
[HD]南宁都市生活,https://t.freetv.fun/live/nan-zhu-du-shi-sheng-huo-2.m3u8,重复URL
[VGA]平遥新闻综合,https://t.freetv.fun/live/ping-yao-xin-wen-zong-he-1.m3u8,重复URL
[BD]苍南新闻综合,https://t.freetv.fun/live/cang-nan-xin-wen-zong-he-2.m3u8,重复URL
[VGA]平凉新闻综合,https://t.freetv.fun/live/ping-liang-xin-wen-zong-he-1.m3u8,重复URL
[VGA]平凉新闻综合,rtmp://play.kankanlive.com/live/1694661314645984,无效URL（非 http/https/rtsp 开头）
[VGA]隆昌新闻综合,rtmp://live.sctvcloud.com/live/longchang?zsicd,无效URL（非 http/https/rtsp 开头）
[VGA]平昌新闻综合,rtmp://live.sctvcloud.com/live/pingchang?zsicd,无效URL（非 http/https/rtsp 开头）
[BD]新昌新闻綜合,https://t.freetv.fun/live/xin-chang-xin-wen-zong-he.m3u8,重复URL
[HD]台视,rtmp://f13h.mine.nu/sat/tv071,无效URL（非 http/https/rtsp 开头）
[HD]台视,rtmp://f13h.mine.nu:1935/sat/tv071,无效URL（非 http/https/rtsp 开头）
[BD]台视新闻,https://t.freetv.fun/live/tai-shi-xin-wen-6.m3u8,重复URL
[SD]台视新闻台,https://t.freetv.fun/live/tai-shi-xin-wen-tai-2.m3u8,重复URL
[BD]台视新闻,https://t.freetv.fun/live/tai-shi-xin-wen-6.m3u8,重复URL
[BD]台视新闻,https://t.freetv.fun/live/tai-shi-xin-wen-1-2.m3u8,重复URL
[SD]合肥新闻,https://t.freetv.fun/live/he-fei-xin-wen-2.m3u8,重复URL
[VGA]合肥新闻,https://t.freetv.fun/live/he-fei-xin-wen-1-1.m3u8,重复URL
[BD]吉林卫视,https://t.freetv.fun/live/ji-lin-wei-shi-9.m3u8,重复URL
[HD]哈哈炫动,https://t.freetv.fun/live/ha-ha-xuan-dong-4.m3u8,重复URL
[SD]哈尔滨影视,https://t.freetv.fun/live/ha-er-bin-ying-shi-2.m3u8,重复URL
[VGA]哈尔滨影视,https://t.freetv.fun/live/ha-er-bin-ying-shi-2.m3u8,重复URL
[VGA]哈尔滨新闻综合,https://t.freetv.fun/live/ha-er-bin-xin-wen-zong-he-1-1.m3u8,重复URL
[VGA]哈尔滨新闻综合,https://t.freetv.fun/live/ha-er-bin-xin-wen-zong-he-5.m3u8,重复URL
[SD]哈尔滨综合,https://t.freetv.fun/live/ha-er-bin-zong-he-2.m3u8,重复URL
[VGA]哈尔滨综合,https://t.freetv.fun/live/ha-er-bin-zong-he-2.m3u8,重复URL
[VGA]哈尔滨生活,https://t.freetv.fun/live/ha-er-bin-sheng-huo-3.m3u8,重复URL
[VGA]哈尔滨生活,https://t.freetv.fun/live/ha-er-bin-sheng-huo-3.m3u8,重复URL
[VGA]哈尔滨生活,https://t.freetv.fun/live/ha-er-bin-sheng-huo-1-2.m3u8,重复URL
[VGA]哈尔滨生活,https://t.freetv.fun/live/ha-er-bin-sheng-huo-2-1.m3u8,重复URL
[VGA]唯心電視,https://t.freetv.fun/live/wei-xin-dian-shi-2.m3u8,重复URL
[VGA]嘉佳卡通,https://t.freetv.fun/live/jia-jia-qia-tong-4.m3u8,重复URL
[HD]嘉佳卡通,https://t.freetv.fun/live/jia-jia-qia-tong-4.m3u8,重复URL
[BD]嘉兴新闻综合,https://t.freetv.fun/live/jia-xing-xin-wen-zong-he-1.m3u8,重复URL
[HD]嘉禾新闻综合,https://t.freetv.fun/live/jia-he-xin-wen-zong-he-1.m3u8,重复URL
[BD]四川科教,https://t.freetv.fun/live/si-chuan-ke-jiao-1.m3u8,重复URL
[VGA]四川卫视,https://t.freetv.fun/live/si-chuan-wei-shi-9.m3u8,重复URL
[VGA]四川卫视,https://t.freetv.fun/live/si-chuan-wei-shi-2-3.m3u8,重复URL
[VGA]四川卫视,https://t.freetv.fun/live/si-chuan-wei-shi-9.m3u8,重复URL
[VGA]四川卫视,https://t.freetv.fun/live/si-chuan-wei-shi-9.m3u8,重复URL
[BD]四川卫视,https://t.freetv.fun/live/si-chuan-wei-shi-1-3.m3u8,重复URL
[VGA]四川卫视,https://t.freetv.fun/live/si-chuan-wei-shi-2-3.m3u8,重复URL
[SD]四川卫视,https://t.freetv.fun/live/si-chuan-wei-shi-4-2.m3u8,重复URL
[VGA]四川卫视,https://t.freetv.fun/live/si-chuan-wei-shi-6-1.m3u8,重复URL
[VGA]四川卫视,https://t.freetv.fun/live/si-chuan-wei-shi-9.php,重复URL
[BD]四川卫视,https://t.freetv.fun/live/si-chuan-wei-shi-9.m3u8,重复URL
[BD]四川卫视,https://t.freetv.fun/live/si-chuan-wei-shi-3-3.m3u8,重复URL
[HD]四川卫视,https://t.freetv.fun/live/si-chuan-wei-shi-5-2.m3u8,重复URL
[HD]综合,rtmp://cstvplay.21cs.cn/cstv1/cstv1,无效URL（非 http/https/rtsp 开头）
[BD]大爱2台,https://t.freetv.fun/live/da-ai-2tai-1.m3u8,重复URL
[VGA]大英新闻综合,rtmp://zb.dyrmt.com:3519/live/P6nlSMxSg?sign=P67lIaxIgz?sign=P67lIaxIgz,无效URL（非 http/https/rtsp 开头）
[VGA]大英新闻综合,rtmp://zb.dyrmt.com:3519/live/P6nlSMxSg?sign=P67lIaxIgz?sign=P67lIaxIgz,无效URL（非 http/https/rtsp 开头）
[VGA]大湾区卫视,https://t.freetv.fun/live/da-wan-qu-wei-shi-4.m3u8,重复URL
[HD]大湾区卫视,https://t.freetv.fun/live/da-wan-qu-wei-shi-4.m3u8,重复URL
[VGA]大竹新闻综合,https://t.freetv.fun/live/da-zhu-xin-wen-zong-he-1.m3u8,重复URL
[BD]大理新闻综合,rtmp://hwzbout.yntv.net/ew265l/n944fg,无效URL（非 http/https/rtsp 开头）
[VGA]朝天新闻综合,rtmp://tv.dzsm.com/chan/xqct,无效URL（非 http/https/rtsp 开头）
[VGA]邻水新闻综合,rtmp://live.sctvcloud.com/live/linshui?zsicd,无效URL（非 http/https/rtsp 开头）
[VGA]天津卫视,https://t.freetv.fun/live/tian-jin-wei-shi-12.m3u8,重复URL
[VGA]天津卫视,https://t.freetv.fun/live/tian-jin-wei-shi-3-3.m3u8,重复URL
[VGA]天津卫视,https://t.freetv.fun/live/tian-jin-wei-shi-4-3.m3u8,重复URL
[VGA]天津卫视,https://t.freetv.fun/live/tian-jin-wei-shi-5-3.m3u8,重复URL
[VGA]天津卫视,https://t.freetv.fun/live/tian-jin-wei-shi-12.m3u8,重复URL
[VGA]天津卫视,https://t.freetv.fun/live/tian-jin-wei-shi-3-3.m3u8,重复URL
[BD]天津卫视,https://t.freetv.fun/live/tian-jin-wei-shi-1-2.m3u8,重复URL
[BD]天津卫视,https://t.freetv.fun/live/tian-jin-wei-shi-12.m3u8,重复URL
[VGA]天津卫视,https://t.freetv.fun/live/tian-jin-wei-shi-2-1.m3u8,重复URL
[SD]天津卫视,https://t.freetv.fun/live/tian-jin-wei-shi-12.m3u8,重复URL
[VGA]天津卫视,https://t.freetv.fun/live/tian-jin-wei-shi-3-3.m3u8,重复URL
[VGA]天津卫视,https://t.freetv.fun/live/tian-jin-wei-shi-4-3.m3u8,重复URL
[VGA]天津卫视,https://t.freetv.fun/live/tian-jin-wei-shi-5-3.m3u8,重复URL
[VGA]天津卫视,https://t.freetv.fun/live/tian-jin-wei-shi-6-1.m3u8,重复URL
[VGA]天津卫视,https://t.freetv.fun/live/tian-jin-wei-shi-12.php,重复URL
[BD]天津卫视,https://t.freetv.fun/live/tian-jin-wei-shi-12.m3u8,重复URL
[HD]太谷新闻综合,https://t.freetv.fun/live/tai-gu-xin-wen-zong-he-1.m3u8,重复URL
[HD]东莞新闻综合,https://t.freetv.fun/live/dong-wan-xin-wen-zong-he-1.m3u8,重复URL
[BD]安多卫视,https://t.freetv.fun/live/an-duo-wei-shi-6.m3u8,重复URL
[SD]安多卫视,https://t.freetv.fun/live/an-duo-wei-shi-6.m3u8,重复URL
[HD]安多卫视,https://t.freetv.fun/live/an-duo-wei-shi-6.m3u8,重复URL
[VGA]安多卫视,https://t.freetv.fun/live/an-duo-wei-shi-6.m3u8,重复URL
[BD]安多卫视,https://t.freetv.fun/live/an-duo-wei-shi-1-1.m3u8,重复URL
[VGA]安徽影视,https://t.freetv.fun/live/an-hui-ying-shi-2.m3u8,重复URL
[SD]安徽经济生活,https://t.freetv.fun/live/an-hui-jing-ji-sheng-huo-2.m3u8,重复URL
[SD]安徽综艺体育,https://t.freetv.fun/live/an-hui-zong-yi-ti-yu-3.m3u8,重复URL
[BD]安徽综艺体育,https://t.freetv.fun/live/an-hui-zong-yi-ti-yu-3.m3u8,重复URL
[VGA]安徽卫视,https://t.freetv.fun/live/an-hui-wei-shi-15.m3u8,重复URL
[VGA]安徽卫视,https://t.freetv.fun/live/an-hui-wei-shi-1-1.m3u8,重复URL
[VGA]安徽卫视,https://t.freetv.fun/live/an-hui-wei-shi-2-2.m3u8,重复URL
[VGA]安徽卫视,https://t.freetv.fun/live/an-hui-wei-shi-4-3.m3u8,重复URL
[VGA]安徽卫视,https://t.freetv.fun/live/an-hui-wei-shi-5-3.m3u8,重复URL
[VGA]安徽卫视,https://t.freetv.fun/live/an-hui-wei-shi-15.m3u8,重复URL
[VGA]安徽卫视,https://t.freetv.fun/live/an-hui-wei-shi-3-4.m3u8,重复URL
[BD]安徽卫视,https://t.freetv.fun/live/an-hui-wei-shi-3-4.m3u8,重复URL
[VGA]安徽卫视,https://t.freetv.fun/live/an-hui-wei-shi-2-2.m3u8,重复URL
[SD]安徽卫视,https://t.freetv.fun/live/an-hui-wei-shi-3-4.m3u8,重复URL
[VGA]安徽卫视,https://t.freetv.fun/live/an-hui-wei-shi-4-3.m3u8,重复URL
[VGA]安徽卫视,https://t.freetv.fun/live/an-hui-wei-shi-5-3.m3u8,重复URL
[VGA]安徽卫视,https://t.freetv.fun/live/an-hui-wei-shi-15.php,重复URL
[BD]安徽卫视,https://t.freetv.fun/live/an-hui-wei-shi-15.m3u8,重复URL
[VGA]安徽卫视,https://t.freetv.fun/live/an-hui-wei-shi-15.m3u8,重复URL
[BD]安徽卫视,https://t.freetv.fun/live/an-hui-wei-shi-6-1.m3u8,重复URL
[VGA]新安新闻综合,rtmp://124.130.146.172/live/tatv0111?shandd,无效URL（非 http/https/rtsp 开头）
[VGA]泰安新闻综合,rtmp://124.130.146.172/live/tatv0111?shandd,无效URL（非 http/https/rtsp 开头）
[VGA]新安新闻综合,https://t.freetv.fun/live/xin-an-xin-wen-zong-he-2.m3u8,重复URL
[VGA]磐安新闻综合,https://t.freetv.fun/live/pan-an-xin-wen-zong-he-1.m3u8,重复URL
[VGA]衡阳新闻综合,https://t.freetv.fun/live/heng-yang-xin-wen-zong-he-3.m3u8,重复URL
[VGA]涡阳新闻综合,https://t.freetv.fun/live/wo-yang-xin-wen-zong-he-1.m3u8,重复URL
[BD]宜兴新闻,https://t.freetv.fun/live/yi-xing-xin-wen-1.m3u8,重复URL
[VGA]宁夏卫视,https://t.freetv.fun/live/zhu-xia-wei-shi-11.m3u8,重复URL
[VGA]宁夏卫视,https://t.freetv.fun/live/zhu-xia-wei-shi-4-1.m3u8,重复URL
[VGA]宁夏卫视,https://t.freetv.fun/live/zhu-xia-wei-shi-11.m3u8,重复URL
[BD]宁夏卫视,https://t.freetv.fun/live/zhu-xia-wei-shi-3-2.m3u8,重复URL
[VGA]宁夏卫视,https://t.freetv.fun/live/zhu-xia-wei-shi-1-2.m3u8,重复URL
[SD]宁夏卫视,https://t.freetv.fun/live/zhu-xia-wei-shi-2-1.m3u8,重复URL
[VGA]寰宇新闻,https://t.freetv.fun/live/huan-yu-xin-wen-5.m3u8,重复URL
[VGA]寰宇新闻,https://t.freetv.fun/live/huan-yu-xin-wen-5.m3u8,重复URL
[VGA]山東新聞,rtmp://livealone.iqilu.com/iqilu/ggpdhjOF03kn,无效URL（非 http/https/rtsp 开头）
[VGA]山东卫视,https://t.freetv.fun/live/shan-dong-wei-shi-10.m3u8,重复URL
[VGA]山东卫视,https://t.freetv.fun/live/shan-dong-wei-shi-2-2.m3u8,重复URL
[VGA]山东卫视,https://t.freetv.fun/live/shan-dong-wei-shi-5-3.m3u8,重复URL
[VGA]山东卫视,https://t.freetv.fun/live/shan-dong-wei-shi-10.m3u8,重复URL
[VGA]山东卫视,https://t.freetv.fun/live/shan-dong-wei-shi-3-3.m3u8,重复URL
[BD]山东卫视,https://t.freetv.fun/live/shan-dong-wei-shi-3-3.m3u8,重复URL
[BD]山东卫视,https://t.freetv.fun/live/shan-dong-wei-shi-10.m3u8,重复URL
[SD]山东卫视,https://t.freetv.fun/live/shan-dong-wei-shi-2-2.m3u8,重复URL
[SD]山东卫视,https://t.freetv.fun/live/shan-dong-wei-shi-3-3.m3u8,重复URL
[VGA]山东卫视,https://t.freetv.fun/live/shan-dong-wei-shi-4-3.m3u8,重复URL
[VGA]山东卫视,https://t.freetv.fun/live/shan-dong-wei-shi-5-3.m3u8,重复URL
[VGA]山东卫视,https://t.freetv.fun/live/shan-dong-wei-shi-10.m3u8,重复URL
[BD]山东卫视,https://t.freetv.fun/live/shan-dong-wei-shi-10.m3u8,重复URL
[BD]山东卫视,https://t.freetv.fun/live/shan-dong-wei-shi-1-2.m3u8,重复URL
[BD]山东卫视,https://t.freetv.fun/live/shan-dong-wei-shi-4-3.m3u8,重复URL
[VGA]山西卫视,https://t.freetv.fun/live/shan-xi-wei-shi-23.m3u8,重复URL
[VGA]山西卫视,https://t.freetv.fun/live/shan-xi-wei-shi-1-2.m3u8,重复URL
[VGA]山西卫视,https://t.freetv.fun/live/shan-xi-wei-shi-23.php,重复URL
[HD]山西卫视,https://t.freetv.fun/live/shan-xi-wei-shi-23.m3u8,重复URL
[BD]山西卫视,https://t.freetv.fun/live/shan-xi-wei-shi-2-6.m3u8,重复URL
[VGA]山西卫视,https://t.freetv.fun/live/shan-xi-wei-shi-3-5.m3u8,重复URL
[SD]山西卫视,https://t.freetv.fun/live/shan-xi-wei-shi-4-3.m3u8,重复URL
[BD]山西衛視,rtmp://live-stream.lsxrmtzx.com/live/video,无效URL（非 http/https/rtsp 开头）
[SD]常山新闻综合,https://t.freetv.fun/live/chang-shan-xin-wen-zong-he-1.m3u8,重复URL
[VGA]德阳新闻综合,https://t.freetv.fun/live/de-yang-xin-wen-zong-he-1.m3u8,重复URL
[VGA]康巴卫视,https://t.freetv.fun/live/kang-ba-wei-shi-3.m3u8,重复URL
[HD]康巴卫视,https://t.freetv.fun/live/kang-ba-wei-shi-3.m3u8,重复URL
[VGA]厦门卫视,https://t.freetv.fun/live/sha-men-wei-shi-8.m3u8,重复URL
[VGA]厦门卫视,https://t.freetv.fun/live/sha-men-wei-shi-1-2.m3u8,重复URL
[VGA]厦门卫视,https://t.freetv.fun/live/sha-men-wei-shi-8.m3u8,重复URL
[HD]厦门卫视,https://t.freetv.fun/live/sha-men-wei-shi-2-2.m3u8,重复URL
[SD]厦门卫视,https://t.freetv.fun/live/sha-men-wei-shi-3-1.m3u8,重复URL
[VGA]厦门卫视,https://t.freetv.fun/live/sha-men-wei-shi-8.php,重复URL
[HD]厦门卫视,https://t.freetv.fun/live/sha-men-wei-shi-8.m3u8,重复URL
[VGA]广州新闻,https://t.freetv.fun/live/yan-zhou-xin-wen-10.php,重复URL
[SD]广州新闻,https://t.freetv.fun/live/yan-zhou-xin-wen-10.m3u8,重复URL
[HD]广州法治,https://t.freetv.fun/live/yan-zhou-fa-zhi-2.m3u8,重复URL
[VGA]广州综合,https://t.freetv.fun/live/yan-zhou-zong-he-3.m3u8,重复URL
[VGA]广东少儿,https://t.freetv.fun/live/yan-dong-shao-er-2.m3u8,重复URL
[BD]广东影视,https://t.freetv.fun/live/yan-dong-ying-shi-1.m3u8,重复URL
[SD]广东文化,https://t.freetv.fun/live/yan-dong-wen-hua-3.m3u8,重复URL
[BD]广东文化,https://t.freetv.fun/live/yan-dong-wen-hua-3.m3u8,重复URL
[VGA]广东新闻,https://t.freetv.fun/live/yan-dong-xin-wen-2.m3u8,重复URL
[VGA]广东新闻,https://t.freetv.fun/live/yan-dong-xin-wen-2.m3u8,重复URL
[VGA]广东民生,https://t.freetv.fun/live/yan-dong-min-sheng-2.m3u8,重复URL
[VGA]广东民生,https://t.freetv.fun/live/yan-dong-min-sheng-2.m3u8,重复URL
[BD]广东珠江,https://t.freetv.fun/live/yan-dong-zhu-jiang-3.m3u8,重复URL
[VGA]广东珠江,https://t.freetv.fun/live/yan-dong-zhu-jiang-3.m3u8,重复URL
[HD]广东移动,https://t.freetv.fun/live/yan-dong-yi-dong-1.m3u8,重复URL
[VGA]广东卫视,https://t.freetv.fun/live/yan-dong-wei-shi-10.m3u8,重复URL
[VGA]广东卫视,https://t.freetv.fun/live/yan-dong-wei-shi-10.m3u8,重复URL
[VGA]广东卫视,https://t.freetv.fun/live/yan-dong-wei-shi-2-4.m3u8,重复URL
[VGA]广东卫视,https://t.freetv.fun/live/yan-dong-wei-shi-3-3.m3u8,重复URL
[SD]广东卫视,https://t.freetv.fun/live/yan-dong-wei-shi-4-2.m3u8,重复URL
[VGA]广东卫视,https://t.freetv.fun/live/yan-dong-wei-shi-6-2.m3u8,重复URL
[VGA]广东卫视,https://t.freetv.fun/live/yan-dong-wei-shi-10.m3u8,重复URL
[BD]广东卫视,https://t.freetv.fun/live/yan-dong-wei-shi-1-2.m3u8,重复URL
[VGA]广东卫视,https://t.freetv.fun/live/yan-dong-wei-shi-2-4.m3u8,重复URL
[BD]广东卫视,https://t.freetv.fun/live/yan-dong-wei-shi-3-3.m3u8,重复URL
[VGA]广东卫视,https://t.freetv.fun/live/yan-dong-wei-shi-4-2.m3u8,重复URL
[VGA]广东卫视,https://t.freetv.fun/live/yan-dong-wei-shi-5-2.m3u8,重复URL
[BD]广东卫视高清,https://t.freetv.fun/live/yan-dong-wei-shi-gao-qing-1.m3u8,重复URL
[VGA]广东体育,https://t.freetv.fun/live/yan-dong-ti-yu-7.m3u8,重复URL
[VGA]广东体育,https://t.freetv.fun/live/yan-dong-ti-yu-1-1.m3u8,重复URL
[VGA]广东体育,https://t.freetv.fun/live/yan-dong-ti-yu-7.m3u8,重复URL
[VGA]广西卫视,https://t.freetv.fun/live/yan-xi-wei-shi-6.m3u8,重复URL
[VGA]广西卫视,https://t.freetv.fun/live/yan-xi-wei-shi-1-3.m3u8,重复URL
[VGA]广西卫视,https://t.freetv.fun/live/yan-xi-wei-shi-6.m3u8,重复URL
[BD]广西卫视,https://t.freetv.fun/live/yan-xi-wei-shi-3-3.m3u8,重复URL
[SD]广西卫视,https://t.freetv.fun/live/yan-xi-wei-shi-3-3.m3u8,重复URL
[VGA]广西卫视,https://t.freetv.fun/live/yan-xi-wei-shi-6.m3u8,重复URL
[BD]广西卫视,https://t.freetv.fun/live/yan-xi-wei-shi-6.m3u8,重复URL
[BD]广西卫视,https://t.freetv.fun/live/yan-xi-wei-shi-2-3.m3u8,重复URL
[BD]广西卫视,https://t.freetv.fun/live/yan-xi-wei-shi-4-2.m3u8,重复URL
[HD]延边卫视,https://t.freetv.fun/live/yan-bian-wei-shi-3.m3u8,重复URL
[HD]延边卫视,https://t.freetv.fun/live/yan-bian-wei-shi-2-2.m3u8,重复URL
[HD]延边卫视,https://t.freetv.fun/live/yan-bian-wei-shi-3.m3u8,重复URL
[VGA]延边卫视,https://t.freetv.fun/live/yan-bian-wei-shi-1-3.m3u8,重复URL
[SD]延边卫视,https://t.freetv.fun/live/yan-bian-wei-shi-2-2.m3u8,重复URL
[HD]延边卫视,https://t.freetv.fun/live/yan-bian-wei-shi-1-3.m3u8,重复URL
[HD]延边卫视,https://t.freetv.fun/live/yan-bian-wei-shi-3-2.m3u8,重复URL
[HD]恐怖电影,https://t.freetv.fun/live/kong-bu-dian-ying-1.m3u8,重复URL
[SD]新疆卫视,https://t.freetv.fun/live/xin-jiang-wei-shi-9.m3u8,重复URL
[VGA]新疆卫视,https://t.freetv.fun/live/xin-jiang-wei-shi-9.m3u8,重复URL
[VGA]新疆卫视,https://t.freetv.fun/live/xin-jiang-wei-shi-9.m3u8,重复URL
[SD]新疆卫视,https://t.freetv.fun/live/xin-jiang-wei-shi-2-2.m3u8,重复URL
[SD]新疆卫视,https://t.freetv.fun/live/xin-jiang-wei-shi-2-2.m3u8,重复URL
[SD]新疆卫视,https://t.freetv.fun/live/xin-jiang-wei-shi-3-3.m3u8,重复URL
[VGA]新疆卫视,https://t.freetv.fun/live/xin-jiang-wei-shi-9.m3u8,重复URL
[HD]新疆卫视,https://t.freetv.fun/live/xin-jiang-wei-shi-9.m3u8,重复URL
[VGA]新疆卫视,https://t.freetv.fun/live/xin-jiang-wei-shi-4-2.m3u8,重复URL
[VGA]星空卫视,https://t.freetv.fun/live/xing-kong-wei-shi-3.m3u8,重复URL
[VGA]星空卫视,https://t.freetv.fun/live/xing-kong-wei-shi-3.m3u8,重复URL
[VGA]星空卫视,https://t.freetv.fun/live/xing-kong-wei-shi-3.m3u8,重复URL
[BD]晋城公共,https://t.freetv.fun/live/jin-cheng-gong-gong-1.m3u8,重复URL
[BD]晋城新闻,https://t.freetv.fun/live/jin-cheng-xin-wen-1.m3u8,重复URL
[HD]项城新闻综合,rtmp://pull-hsbj.vzan.com/v/978354_446938712125478466,无效URL（非 http/https/rtsp 开头）
[VGA]有線18臺,rtmp://219.80.97.77/sat/hk041,无效URL（非 http/https/rtsp 开头）
[HD]有线新闻台,https://t.freetv.fun/live/you-xian-xin-wen-tai-1.m3u8,重复URL
[VGA]东南卫视,https://t.freetv.fun/live/dong-nan-wei-shi-12.m3u8,重复URL
[VGA]东南卫视,https://t.freetv.fun/live/dong-nan-wei-shi-12.m3u8,重复URL
[BD]东南卫视,https://t.freetv.fun/live/dong-nan-wei-shi-12.m3u8,重复URL
[VGA]东南卫视,https://t.freetv.fun/live/dong-nan-wei-shi-2-1.m3u8,重复URL
[SD]东南卫视,https://t.freetv.fun/live/dong-nan-wei-shi-3-1.m3u8,重复URL
[VGA]东南卫视,https://t.freetv.fun/live/dong-nan-wei-shi-12.php,重复URL
[BD]东南卫视,https://t.freetv.fun/live/dong-nan-wei-shi-12.m3u8,重复URL
[BD]东南卫视,https://t.freetv.fun/live/dong-nan-wei-shi-1-2.m3u8,重复URL
[BD]东南卫视,https://t.freetv.fun/live/dong-nan-wei-shi-4-3.m3u8,重复URL
[BD]东南卫视,https://t.freetv.fun/live/dong-nan-wei-shi-5-2.m3u8,重复URL
[VGA]东南卫视,https://t.freetv.fun/live/dong-nan-wei-shi-6-2.m3u8,重复URL
[BD]东方影视,https://t.freetv.fun/live/dong-fang-ying-shi-3.m3u8,重复URL
[BD]东方卫视,https://t.freetv.fun/live/dong-fang-wei-shi-1-2.m3u8,重复URL
[VGA]东方卫视,https://t.freetv.fun/live/dong-fang-wei-shi-14.m3u8,重复URL
[VGA]东方卫视,https://t.freetv.fun/live/dong-fang-wei-shi-1-2.m3u8,重复URL
[VGA]东方卫视,https://t.freetv.fun/live/dong-fang-wei-shi-3-3.m3u8,重复URL
[VGA]东方卫视,https://t.freetv.fun/live/dong-fang-wei-shi-14.m3u8,重复URL
[VGA]东方卫视,https://t.freetv.fun/live/dong-fang-wei-shi-3-3.m3u8,重复URL
[VGA]东方卫视,https://t.freetv.fun/live/dong-fang-wei-shi-4-3.m3u8,重复URL
[BD]东方卫视,https://t.freetv.fun/live/dong-fang-wei-shi-14.m3u8,重复URL
[VGA]东方卫视,https://t.freetv.fun/live/dong-fang-wei-shi-3-3.m3u8,重复URL
[SD]东方卫视,https://t.freetv.fun/live/dong-fang-wei-shi-4-3.m3u8,重复URL
[SD]东方卫视,https://t.freetv.fun/live/dong-fang-wei-shi-5-3.m3u8,重复URL
[VGA]东方卫视,https://t.freetv.fun/live/dong-fang-wei-shi-6-3.m3u8,重复URL
[VGA]东方卫视,https://t.freetv.fun/live/dong-fang-wei-shi-14.m3u8,重复URL
[BD]东方卫视,https://t.freetv.fun/live/dong-fang-wei-shi-14.m3u8,重复URL
[VGA]东方卫视,https://t.freetv.fun/live/dong-fang-wei-shi-14.m3u8,重复URL
[BD]东方卫视,https://t.freetv.fun/live/dong-fang-wei-shi-2-2.m3u8,重复URL
[BD]东方卫视,https://t.freetv.fun/live/dong-fang-wei-shi-4-3.m3u8,重复URL
[BD]东方卫视,https://t.freetv.fun/live/dong-fang-wei-shi-5-3.m3u8,重复URL
[BD]东方卫视,https://t.freetv.fun/live/dong-fang-wei-shi-6-3.m3u8,重复URL
[BD]东森新闻台,https://t.freetv.fun/live/dong-sen-xin-wen-tai-4.m3u8,重复URL
[VGA]东森新闻台,https://t.freetv.fun/live/dong-sen-xin-wen-tai-4.m3u8,重复URL
[BD]东森新闻台,https://t.freetv.fun/live/dong-sen-xin-wen-tai-4.m3u8,重复URL
[BD]東森新聞,https://t.freetv.fun/live/dong-sen-xin-wen-3.m3u8,重复URL
[VGA]東森財經新聞,rtmp://219.80.97.77/sat/tv571,无效URL（非 http/https/rtsp 开头）
[VGA]東森超視,rtmp://119.81.124.89/sat/tv331,无效URL（非 http/https/rtsp 开头）
[BD]東森超視,rtmp://f13h.mine.nu/sat/tv331,无效URL（非 http/https/rtsp 开头）
[HD]東森超視,rtmp://f13h.mine.nu:1935/sat/tv331,无效URL（非 http/https/rtsp 开头）
[VGA]東森超視,rtmp://f13h.mine.nu/sat/tv331,无效URL（非 http/https/rtsp 开头）
[VGA]东森超视,rtmp://9wv7.mine.nu/sat/tv331,无效URL（非 http/https/rtsp 开头）
[SD]东森超视,rtmp://220.130.201.73/sat/tv331,无效URL（非 http/https/rtsp 开头）
[SD]东森超视,rtmp://f13h.mine.nu/sat/tv331,无效URL（非 http/https/rtsp 开头）
[HD]东森超视,rtmp://f13h.mine.nu/sat/tv331,无效URL（非 http/https/rtsp 开头）
[VGA]武漢教育,rtmp://whtv-play.appwuhan.com/tvbox/channel8?auth_key=2268913692-132356765-0-e7be2b90a8b050dba8e1ca71510a0cbb,无效URL（非 http/https/rtsp 开头）
[SD]武汉教育,https://t.freetv.fun/live/wu-yi-jiao-yu-1.m3u8,重复URL
[HD]武乡新闻综合,https://t.freetv.fun/live/wu-xiang-xin-wen-zong-he-3.m3u8,重复URL
[HD]武乡新闻综合,https://t.freetv.fun/live/wu-xiang-xin-wen-zong-he-3.m3u8,重复URL
[HD]武乡新闻综合,https://t.freetv.fun/live/wu-xiang-xin-wen-zong-he-1-1.m3u8,重复URL
[SD]武义新闻综合,https://t.freetv.fun/live/wu-yi-xin-wen-zong-he-4.m3u8,重复URL
[SD]武汉经济,https://t.freetv.fun/live/wu-yi-jing-ji-1.m3u8,重复URL
[VGA]民视,rtmp://119.81.124.89/sat/tv051,无效URL（非 http/https/rtsp 开头）
[VGA]民視 hd,rtmp://9wv7.mine.nu/sat/tv051,无效URL（非 http/https/rtsp 开头）
[VGA]民視,rtmp://219.80.97.77/sat/tv051,无效URL（非 http/https/rtsp 开头）
[VGA]民視,rtmp://9sv2.mine.nu:1935/sat/tv051,无效URL（非 http/https/rtsp 开头）
[BD]民視,rtmp://9sv2.mine.nu:1935/sat/tv051,无效URL（非 http/https/rtsp 开头）
[BD]民視,rtmp://f13h.mine.nu/sat/tv051,无效URL（非 http/https/rtsp 开头）
[VGA]民视频道,rtmp://220.130.201.73/sat/tv051,无效URL（非 http/https/rtsp 开头）
[SD]民视频道,rtmp://f13h.mine.nu/sat/tv051,无效URL（非 http/https/rtsp 开头）
[HD]民視,rtmp://f13h.mine.nu/sat/tv051,无效URL（非 http/https/rtsp 开头）
[BD]民视新闻台,https://t.freetv.fun/live/min-shi-xin-wen-tai-4.m3u8,重复URL
[BD]民视新闻 hd,https://t.freetv.fun/live/min-shi-xin-wen-hd-3.m3u8,重复URL
[BD]民视新闻台,https://t.freetv.fun/live/min-shi-xin-wen-tai-4.m3u8,重复URL
[BD]民视新闻台,https://t.freetv.fun/live/min-shi-xin-wen-tai-1-2.m3u8,重复URL
[VGA]民视新闻,https://t.freetv.fun/live/min-shi-xin-wen-1-2.m3u8,重复URL
[BD]民視新聞,https://t.freetv.fun/live/min-shi-xin-wen-6.m3u8,重复URL
[BD]民视新闻,https://t.freetv.fun/live/min-shi-xin-wen-5.m3u8,重复URL
[BD]民视第一台,https://t.freetv.fun/live/min-shi-di-yi-tai-2.m3u8,重复URL
[SD]民视台湾,https://t.freetv.fun/live/min-shi-tai-wan-3.m3u8,重复URL
[BD]永嘉新闻综合,https://t.freetv.fun/live/yong-jia-xin-wen-zong-he-1.m3u8,重复URL
[VGA]永康新闻综合,https://t.freetv.fun/live/yong-kang-xin-wen-zong-he-1.m3u8,重复URL
[BD]永嘉新闻综合,https://t.freetv.fun/live/yong-jia-xin-wen-zong-he-1.m3u8,重复URL
[BD]浙江公共新闻,https://t.freetv.fun/live/zhe-jiang-gong-gong-xin-wen-1.m3u8,重复URL
[BD]浙江公共新闻,https://t.freetv.fun/live/zhe-jiang-gong-gong-xin-wen-2.m3u8,重复URL
[VGA]江苏卫视,https://t.freetv.fun/live/jiang-su-wei-shi-19.m3u8,重复URL
[VGA]江苏卫视,https://t.freetv.fun/live/jiang-su-wei-shi-4-2.m3u8,重复URL
[VGA]江苏卫视,https://t.freetv.fun/live/jiang-su-wei-shi-7-2.m3u8,重复URL
[VGA]江苏卫视,https://t.freetv.fun/live/jiang-su-wei-shi-19.m3u8,重复URL
[VGA]江苏卫视,https://t.freetv.fun/live/jiang-su-wei-shi-5-3.m3u8,重复URL
[BD]江苏卫视,https://t.freetv.fun/live/jiang-su-wei-shi-3-2.m3u8,重复URL
[BD]江苏卫视,https://t.freetv.fun/live/jiang-su-wei-shi-19.m3u8,重复URL
[VGA]江苏卫视,https://t.freetv.fun/live/jiang-su-wei-shi-3-2.m3u8,重复URL
[SD]江苏卫视,https://t.freetv.fun/live/jiang-su-wei-shi-4-2.m3u8,重复URL
[VGA]江苏卫视,https://t.freetv.fun/live/jiang-su-wei-shi-5-3.m3u8,重复URL
[VGA]江苏卫视,https://t.freetv.fun/live/jiang-su-wei-shi-6-3.m3u8,重复URL
[VGA]江苏卫视,https://t.freetv.fun/live/jiang-su-wei-shi-19.m3u8,重复URL
[BD]江苏卫视,https://t.freetv.fun/live/jiang-su-wei-shi-19.m3u8,重复URL
[BD]江苏卫视,https://t.freetv.fun/live/jiang-su-wei-shi-19.m3u8,重复URL
[BD]江苏卫视,https://t.freetv.fun/live/jiang-su-wei-shi-1-2.m3u8,重复URL
[SD]江苏卫视,https://t.freetv.fun/live/jiang-su-wei-shi-2-1.m3u8,重复URL
[BD]江苏卫视,https://t.freetv.fun/live/jiang-su-wei-shi-5-3.m3u8,重复URL
[BD]江苏卫视,https://t.freetv.fun/live/jiang-su-wei-shi-6-3.m3u8,重复URL
[BD]江苏卫视,https://t.freetv.fun/live/jiang-su-wei-shi-8-1.m3u8,重复URL
[HD]江西新闻,https://t.freetv.fun/live/jiang-xi-xin-wen-2.m3u8,重复URL
[VGA]江西新闻,https://t.freetv.fun/live/jiang-xi-xin-wen-1-1.m3u8,重复URL
[VGA]江西卫视,https://t.freetv.fun/live/jiang-xi-wei-shi-12.m3u8,重复URL
[VGA]江西卫视,https://t.freetv.fun/live/jiang-xi-wei-shi-2-2.m3u8,重复URL
[VGA]江西卫视,https://t.freetv.fun/live/jiang-xi-wei-shi-4-3.m3u8,重复URL
[VGA]江西卫视,https://t.freetv.fun/live/jiang-xi-wei-shi-12.m3u8,重复URL
[BD]江西卫视,https://t.freetv.fun/live/jiang-xi-wei-shi-4-3.m3u8,重复URL
[BD]江西卫视,https://t.freetv.fun/live/jiang-xi-wei-shi-12.m3u8,重复URL
[SD]江西卫视,https://t.freetv.fun/live/jiang-xi-wei-shi-1-2.m3u8,重复URL
[VGA]江西卫视,https://t.freetv.fun/live/jiang-xi-wei-shi-2-2.m3u8,重复URL
[SD]江西卫视,https://t.freetv.fun/live/jiang-xi-wei-shi-3-2.m3u8,重复URL
[SD]江西卫视,https://t.freetv.fun/live/jiang-xi-wei-shi-4-3.m3u8,重复URL
[VGA]江西卫视,https://t.freetv.fun/live/jiang-xi-wei-shi-5-2.m3u8,重复URL
[VGA]江西卫视,https://t.freetv.fun/live/jiang-xi-wei-shi-6-3.m3u8,重复URL
[VGA]江西卫视,https://t.freetv.fun/live/jiang-xi-wei-shi-12.m3u8,重复URL
[BD]江西卫视,https://t.freetv.fun/live/jiang-xi-wei-shi-12.m3u8,重复URL
[VGA]江西卫视,https://t.freetv.fun/live/jiang-xi-wei-shi-3-2.m3u8,重复URL
[VGA]河北公共,rtmp://tv.pull.hebtv.com/jishi/gonggongpindao?t=2510710360&k=6201048dbf6392c9f95d779a8783ce96,无效URL（非 http/https/rtsp 开头）
[VGA]河北少儿科教,rtmp://tv.pull.hebtv.com/jishi/shaoerkejiao?t=2510710360&k=1c62f2efbb83251f173978255f47079d,无效URL（非 http/https/rtsp 开头）
[VGA]河北影视剧,rtmp://tv.pull.hebtv.com/jishi/yingshijupindao?t=2510710360&k=51b17a5611b40e6a36395d0129c85ec6,无效URL（非 http/https/rtsp 开头）
[VGA]河北经济生活,rtmp://tv.pull.hebtv.com/jishi/jingjishenghuo?t=2510710360&k=40e221dfe1145000d2b17dfbec914ce7,无效URL（非 http/https/rtsp 开头）
[VGA]河北卫视,https://t.freetv.fun/live/he-bei-wei-shi-9.m3u8,重复URL
[VGA]河北卫视,https://t.freetv.fun/live/he-bei-wei-shi-9.m3u8,重复URL
[HD]河北卫视,https://t.freetv.fun/live/he-bei-wei-shi-3-3.m3u8,重复URL
[VGA]河北卫视,https://t.freetv.fun/live/he-bei-wei-shi-2-2.m3u8,重复URL
[VGA]河北卫视,https://t.freetv.fun/live/he-bei-wei-shi-3-3.m3u8,重复URL
[SD]河北卫视,https://t.freetv.fun/live/he-bei-wei-shi-5-2.m3u8,重复URL
[BD]河北卫视,https://t.freetv.fun/live/he-bei-wei-shi-9.m3u8,重复URL
[BD]河北卫视,https://t.freetv.fun/live/he-bei-wei-shi-9.m3u8,重复URL
[VGA]河北卫视,https://t.freetv.fun/live/he-bei-wei-shi-1-2.m3u8,重复URL
[SD]河北卫视,https://t.freetv.fun/live/he-bei-wei-shi-2-2.m3u8,重复URL
[BD]河北卫视,https://t.freetv.fun/live/he-bei-wei-shi-4-2.m3u8,重复URL
[SD]河北卫视,https://t.freetv.fun/live/he-bei-wei-shi-6-2.m3u8,重复URL
[BD]河北卫视,https://t.freetv.fun/live/he-bei-wei-shi-7-1.m3u8,重复URL
[BD]河北卫视高清,https://t.freetv.fun/live/he-bei-wei-shi-gao-qing-1.m3u8,重复URL
[VGA]河北农民,https://t.freetv.fun/live/he-bei-nong-min-5.m3u8,重复URL
[VGA]河北农民,rtmp://tv.pull.hebtv.com/jishi/nongminpindao?t=2510710360&k=a3c2c0f740a31dc24d48ad098cd1eec3,无效URL（非 http/https/rtsp 开头）
[VGA]河北农民,https://t.freetv.fun/live/he-bei-nong-min-5.m3u8,重复URL
[HD]河北农民,https://t.freetv.fun/live/he-bei-nong-min-5.m3u8,重复URL
[HD]河北农民,https://t.freetv.fun/live/he-bei-nong-min-1-1.m3u8,重复URL
[SD]河北都市,https://t.freetv.fun/live/he-bei-du-shi-5.m3u8,重复URL
[VGA]河北都市,https://t.freetv.fun/live/he-bei-du-shi-5.m3u8,重复URL
[VGA]河北都市,rtmp://tv.pull.hebtv.com/jishi/dushipindao?t=2510710360&k=b43f406360a945d199904faf3b6e2c18,无效URL（非 http/https/rtsp 开头）
[VGA]河北都市,https://t.freetv.fun/live/he-bei-du-shi-5.m3u8,重复URL
[VGA]河南卫视,https://t.freetv.fun/live/he-nan-wei-shi-8.m3u8,重复URL
[VGA]河南卫视,https://t.freetv.fun/live/he-nan-wei-shi-1-2.m3u8,重复URL
[VGA]河南卫视,https://t.freetv.fun/live/he-nan-wei-shi-2-3.m3u8,重复URL
[VGA]河南卫视,https://t.freetv.fun/live/he-nan-wei-shi-8.m3u8,重复URL
[HD]河南卫视,https://t.freetv.fun/live/he-nan-wei-shi-2-3.m3u8,重复URL
[VGA]河南卫视,https://t.freetv.fun/live/he-nan-wei-shi-3-2.m3u8,重复URL
[VGA]河南卫视,https://t.freetv.fun/live/he-nan-wei-shi-2-3.m3u8,重复URL
[VGA]河南卫视,https://t.freetv.fun/live/he-nan-wei-shi-3-2.m3u8,重复URL
[VGA]河南卫视,https://t.freetv.fun/live/he-nan-wei-shi-8.m3u8,重复URL
[BD]河南卫视,https://t.freetv.fun/live/he-nan-wei-shi-8.m3u8,重复URL
[BD]河南卫视,https://t.freetv.fun/live/he-nan-wei-shi-4-3.m3u8,重复URL
[BD]河南卫视,https://t.freetv.fun/live/he-nan-wei-shi-5-3.m3u8,重复URL
[BD]河南卫视,https://t.freetv.fun/live/he-nan-wei-shi-6-2.m3u8,重复URL
[BD]河南都市,https://t.freetv.fun/live/he-nan-du-shi-2.m3u8,重复URL
[VGA]泉州閩南語,rtmp://live.qztv.cn/live/mny,无效URL（非 http/https/rtsp 开头）
[BD]泉州閩南語,rtmp://live.qztv.cn/live/mny,无效URL（非 http/https/rtsp 开头）
[BD]浙江国际,https://t.freetv.fun/live/zhe-jiang-guo-ji-6.m3u8,重复URL
[VGA]浙江国际,https://t.freetv.fun/live/zhe-jiang-guo-ji-6.m3u8,重复URL
[BD]浙江国际,https://t.freetv.fun/live/zhe-jiang-guo-ji-6.m3u8,重复URL
[SD]浙江国际,https://t.freetv.fun/live/zhe-jiang-guo-ji-6.m3u8,重复URL
[SD]浙江国际,https://t.freetv.fun/live/zhe-jiang-guo-ji-6.m3u8,重复URL
[BD]浙江国际,https://t.freetv.fun/live/zhe-jiang-guo-ji-2-2.m3u8,重复URL
[HD]浙江国际,https://t.freetv.fun/live/zhe-jiang-guo-ji-3-1.m3u8,重复URL
[VGA]浙江国际,https://t.freetv.fun/live/zhe-jiang-guo-ji-1-2.m3u8,重复URL
[VGA]浙江少儿,https://t.freetv.fun/live/zhe-jiang-shao-er-9.m3u8,重复URL
[BD]浙江少儿,https://t.freetv.fun/live/zhe-jiang-shao-er-9.m3u8,重复URL
[SD]浙江少儿,https://t.freetv.fun/live/zhe-jiang-shao-er-9.m3u8,重复URL
[BD]浙江少儿,https://t.freetv.fun/live/zhe-jiang-shao-er-1-2.m3u8,重复URL
[SD]浙江少儿,https://t.freetv.fun/live/zhe-jiang-shao-er-9.m3u8,重复URL
[BD]浙江少儿,https://t.freetv.fun/live/zhe-jiang-shao-er-4-1.m3u8,重复URL
[VGA]浙江少儿,https://t.freetv.fun/live/zhe-jiang-shao-er-9.m3u8,重复URL
[VGA]浙江少儿,https://t.freetv.fun/live/zhe-jiang-shao-er-2-1.m3u8,重复URL
[BD]浙江少儿,https://t.freetv.fun/live/zhe-jiang-shao-er-3-1.m3u8,重复URL
[VGA]浙江新闻,https://t.freetv.fun/live/zhe-jiang-xin-wen-6.m3u8,重复URL
[VGA]浙江新闻,https://t.freetv.fun/live/zhe-jiang-xin-wen-3-1.m3u8,重复URL
[BD]浙江新闻,https://t.freetv.fun/live/zhe-jiang-xin-wen-6.m3u8,重复URL
[BD]浙江新闻,https://t.freetv.fun/live/zhe-jiang-xin-wen-2-1.m3u8,重复URL
[BD]浙江新闻,https://t.freetv.fun/live/zhe-jiang-xin-wen-6.m3u8,重复URL
[VGA]浙江新闻,https://t.freetv.fun/live/zhe-jiang-xin-wen-1-2.m3u8,重复URL
[VGA]浙江民生休闲,https://t.freetv.fun/live/zhe-jiang-min-sheng-xiu-xian-7.m3u8,重复URL
[BD]浙江民生休闲,https://t.freetv.fun/live/zhe-jiang-min-sheng-xiu-xian-7.m3u8,重复URL
[VGA]浙江民生休闲,https://t.freetv.fun/live/zhe-jiang-min-sheng-xiu-xian-7.m3u8,重复URL
[VGA]浙江民生休闲,https://t.freetv.fun/live/zhe-jiang-min-sheng-xiu-xian-2-1.m3u8,重复URL
[BD]浙江民生休闲,https://t.freetv.fun/live/zhe-jiang-min-sheng-xiu-xian-3-1.m3u8,重复URL
[VGA]浙江民生休闲,https://t.freetv.fun/live/zhe-jiang-min-sheng-xiu-xian-7.m3u8,重复URL
[HD]浙江民生休闲,https://t.freetv.fun/live/zhe-jiang-min-sheng-xiu-xian-1-2.m3u8,重复URL
[BD]浙江民生,https://t.freetv.fun/live/zhe-jiang-min-sheng-3.m3u8,重复URL
[BD]浙江民生,https://t.freetv.fun/live/zhe-jiang-min-sheng-4.m3u8,重复URL
[BD]浙江民生,https://t.freetv.fun/live/zhe-jiang-min-sheng-1-1.m3u8,重复URL
[VGA]浙江经济生活,https://t.freetv.fun/live/zhe-jiang-jing-ji-sheng-huo-6.m3u8,重复URL
[BD]浙江经济生活,https://t.freetv.fun/live/zhe-jiang-jing-ji-sheng-huo-6.m3u8,重复URL
[VGA]浙江经济生活,https://t.freetv.fun/live/zhe-jiang-jing-ji-sheng-huo-6.m3u8,重复URL
[BD]浙江经济生活,https://t.freetv.fun/live/zhe-jiang-jing-ji-sheng-huo-2-1.m3u8,重复URL
[VGA]浙江经济生活,https://t.freetv.fun/live/zhe-jiang-jing-ji-sheng-huo-6.m3u8,重复URL
[VGA]浙江经济生活,https://t.freetv.fun/live/zhe-jiang-jing-ji-sheng-huo-1-2.m3u8,重复URL
[BD]浙江经济生活,https://t.freetv.fun/live/zhe-jiang-jing-ji-sheng-huo-3-1.m3u8,重复URL
[VGA]浙江卫视,https://t.freetv.fun/live/zhe-jiang-wei-shi-23.m3u8,重复URL
[VGA]浙江卫视,https://t.freetv.fun/live/zhe-jiang-wei-shi-1-3.m3u8,重复URL
[VGA]浙江卫视,https://t.freetv.fun/live/zhe-jiang-wei-shi-3-3.m3u8,重复URL
[VGA]浙江卫视,https://t.freetv.fun/live/zhe-jiang-wei-shi-4-2.m3u8,重复URL
[VGA]浙江卫视,https://t.freetv.fun/live/zhe-jiang-wei-shi-5-2.m3u8,重复URL
[VGA]浙江卫视,https://t.freetv.fun/live/zhe-jiang-wei-shi-11-2.m3u8,重复URL
[VGA]浙江卫视,https://t.freetv.fun/live/zhe-jiang-wei-shi-23.m3u8,重复URL
[VGA]浙江卫视,https://t.freetv.fun/live/zhe-jiang-wei-shi-1-3.m3u8,重复URL
[VGA]浙江卫视,https://t.freetv.fun/live/zhe-jiang-wei-shi-2-4.m3u8,重复URL
[BD]浙江卫视,https://t.freetv.fun/live/zhe-jiang-wei-shi-3-3.m3u8,重复URL
[VGA]浙江卫视,https://t.freetv.fun/live/zhe-jiang-wei-shi-6-3.m3u8,重复URL
[BD]浙江卫视,https://t.freetv.fun/live/zhe-jiang-wei-shi-7-2.m3u8,重复URL
[BD]浙江卫视,https://t.freetv.fun/live/zhe-jiang-wei-shi-8-2.m3u8,重复URL
[VGA]浙江卫视,https://t.freetv.fun/live/zhe-jiang-wei-shi-10-2.m3u8,重复URL
[VGA]浙江卫视,https://t.freetv.fun/live/zhe-jiang-wei-shi-11-2.m3u8,重复URL
[BD]浙江卫视,https://t.freetv.fun/live/zhe-jiang-wei-shi-12-2.m3u8,重复URL
[BD]浙江卫视,https://t.freetv.fun/live/zhe-jiang-wei-shi-23.m3u8,重复URL
[HD]浙江卫视,https://t.freetv.fun/live/zhe-jiang-wei-shi-1-3.m3u8,重复URL
[VGA]浙江卫视,https://t.freetv.fun/live/zhe-jiang-wei-shi-2-4.m3u8,重复URL
[SD]浙江卫视,https://t.freetv.fun/live/zhe-jiang-wei-shi-23.m3u8,重复URL
[VGA]浙江卫视,https://t.freetv.fun/live/zhe-jiang-wei-shi-2-4.m3u8,重复URL
[VGA]浙江卫视,https://t.freetv.fun/live/zhe-jiang-wei-shi-3-3.m3u8,重复URL
[SD]浙江卫视,https://t.freetv.fun/live/zhe-jiang-wei-shi-4-2.m3u8,重复URL
[VGA]浙江卫视,https://t.freetv.fun/live/zhe-jiang-wei-shi-5-2.m3u8,重复URL
[VGA]浙江卫视,https://t.freetv.fun/live/zhe-jiang-wei-shi-6-3.m3u8,重复URL
[VGA]浙江卫视,https://t.freetv.fun/live/zhe-jiang-wei-shi-23.m3u8,重复URL
[BD]浙江卫视,https://t.freetv.fun/live/zhe-jiang-wei-shi-23.m3u8,重复URL
[BD]浙江卫视,https://t.freetv.fun/live/zhe-jiang-wei-shi-6-3.m3u8,重复URL
[BD]浙江卫视,https://t.freetv.fun/live/zhe-jiang-wei-shi-7-2.m3u8,重复URL
[SD]浙江卫视,https://t.freetv.fun/live/zhe-jiang-wei-shi-8-2.m3u8,重复URL
[BD]浙江卫视,https://t.freetv.fun/live/zhe-jiang-wei-shi-9-1.m3u8,重复URL
[VGA]浙江卫视,https://t.freetv.fun/live/zhe-jiang-wei-shi-10-2.m3u8,重复URL
[SD]浙江卫视,https://t.freetv.fun/live/zhe-jiang-wei-shi-13-1.m3u8,重复URL
[SD]浙江卫视,https://t.freetv.fun/live/zhe-jiang-wei-shi-15-2.m3u8,重复URL
[HD]浙江钱江都市,https://t.freetv.fun/live/zhe-jiang-qian-jiang-du-shi-4.m3u8,重复URL
[VGA]浙江钱江都市,https://t.freetv.fun/live/zhe-jiang-qian-jiang-du-shi-1-1.m3u8,重复URL
[VGA]浙江钱江都市,https://t.freetv.fun/live/zhe-jiang-qian-jiang-du-shi-2-1.m3u8,重复URL
[VGA]浙江钱江都市,https://t.freetv.fun/live/zhe-jiang-qian-jiang-du-shi-3-1.m3u8,重复URL
[VGA]海南文旅,https://t.freetv.fun/live/hai-nan-wen-lu-1.m3u8,重复URL
[VGA]海南卫视,https://t.freetv.fun/live/hai-nan-wei-shi-9.m3u8,重复URL
[SD]海南卫视,https://t.freetv.fun/live/hai-nan-wei-shi-1-1.m3u8,重复URL
[SD]海南卫视,https://t.freetv.fun/live/hai-nan-wei-shi-3-2.m3u8,重复URL
[VGA]海南卫视,https://t.freetv.fun/live/hai-nan-wei-shi-5-2.m3u8,重复URL
[VGA]海南卫视,https://t.freetv.fun/live/hai-nan-wei-shi-9.m3u8,重复URL
[BD]海南卫视,https://t.freetv.fun/live/hai-nan-wei-shi-9.m3u8,重复URL
[VGA]海南卫视,https://t.freetv.fun/live/hai-nan-wei-shi-2-2.m3u8,重复URL
[SD]海南卫视,https://t.freetv.fun/live/hai-nan-wei-shi-4-1.m3u8,重复URL
[BD]乌海新闻综合,rtmp://play1-qk.nmtv.cn/live/1735546358166026,无效URL（非 http/https/rtsp 开头）
[VGA]乌海新闻综合,rtmp://play1-qk.nmtv.cn/live/1735546358166026,无效URL（非 http/https/rtsp 开头）
[VGA]海峡卫视,https://t.freetv.fun/live/hai-xia-wei-shi-3.php,重复URL
[BD]海峡卫视,https://t.freetv.fun/live/hai-xia-wei-shi-3.m3u8,重复URL
[VGA]深圳卫视,https://t.freetv.fun/live/shen-zhen-wei-shi-15.m3u8,重复URL
[VGA]深圳卫视,https://t.freetv.fun/live/shen-zhen-wei-shi-15.m3u8,重复URL
[VGA]深圳卫视,https://t.freetv.fun/live/shen-zhen-wei-shi-4-3.m3u8,重复URL
[SD]深圳卫视,https://t.freetv.fun/live/shen-zhen-wei-shi-15.m3u8,重复URL
[SD]深圳卫视,https://t.freetv.fun/live/shen-zhen-wei-shi-3-2.m3u8,重复URL
[VGA]深圳卫视,https://t.freetv.fun/live/shen-zhen-wei-shi-4-3.m3u8,重复URL
[VGA]深圳卫视,https://t.freetv.fun/live/shen-zhen-wei-shi-5-3.m3u8,重复URL
[SD]深圳卫视-sd,https://t.freetv.fun/live/shen-zhen-wei-shi-sd-1.m3u8,重复URL
[VGA]深圳卫视,https://t.freetv.fun/live/shen-zhen-wei-shi-15.php,重复URL
[BD]深圳卫视,https://t.freetv.fun/live/shen-zhen-wei-shi-15.m3u8,重复URL
[VGA]深圳卫视,https://t.freetv.fun/live/shen-zhen-wei-shi-15.m3u8,重复URL
[BD]深圳卫视,https://t.freetv.fun/live/shen-zhen-wei-shi-1-2.m3u8,重复URL
[BD]深圳卫视,https://t.freetv.fun/live/shen-zhen-wei-shi-2-1.m3u8,重复URL
[BD]深圳卫视,https://t.freetv.fun/live/shen-zhen-wei-shi-3-2.m3u8,重复URL
[SD]深圳卫视,https://t.freetv.fun/live/shen-zhen-wei-shi-4-3.m3u8,重复URL
[HD]深圳卫视,https://t.freetv.fun/live/shen-zhen-wei-shi-5-3.m3u8,重复URL
[BD]深圳都市,https://t.freetv.fun/live/shen-zhen-du-shi-1-1.m3u8,重复URL
[VGA]德清新闻综合,https://t.freetv.fun/live/de-qing-xin-wen-zong-he-1.m3u8,重复URL
[VGA]威远新闻综合,rtmp://dxplay.scwy.cn:1935/live/weiyuanzonghepingdao?zsicd,无效URL（非 http/https/rtsp 开头）
[HD]湖北垄上,https://t.freetv.fun/live/hu-bei-long-shang.m3u8,重复URL
[VGA]湖北卫视,https://t.freetv.fun/live/hu-bei-wei-shi-19.m3u8,重复URL
[VGA]湖北卫视,https://t.freetv.fun/live/hu-bei-wei-shi-2-2.m3u8,重复URL
[VGA]湖北卫视,https://t.freetv.fun/live/hu-bei-wei-shi-3-3.m3u8,重复URL
[VGA]湖北卫视,https://t.freetv.fun/live/hu-bei-wei-shi-19.m3u8,重复URL
[VGA]湖北卫视,https://t.freetv.fun/live/hu-bei-wei-shi-1-3.m3u8,重复URL
[VGA]湖北卫视,https://t.freetv.fun/live/hu-bei-wei-shi-2-2.m3u8,重复URL
[BD]湖北卫视,https://t.freetv.fun/live/hu-bei-wei-shi-3-3.m3u8,重复URL
[BD]湖北卫视,https://t.freetv.fun/live/hu-bei-wei-shi-4-3.m3u8,重复URL
[VGA]湖北卫视,https://t.freetv.fun/live/hu-bei-wei-shi-8-1.m3u8,重复URL
[BD]湖北卫视,https://t.freetv.fun/live/hu-bei-wei-shi-19.m3u8,重复URL
[BD]湖北卫视,https://t.freetv.fun/live/hu-bei-wei-shi-19.m3u8,重复URL
[SD]湖北卫视,https://t.freetv.fun/live/hu-bei-wei-shi-3-3.m3u8,重复URL
[SD]湖北卫视,https://t.freetv.fun/live/hu-bei-wei-shi-4-3.m3u8,重复URL
[VGA]湖北卫视,https://t.freetv.fun/live/hu-bei-wei-shi-5-3.m3u8,重复URL
[VGA]湖北卫视,https://t.freetv.fun/live/hu-bei-wei-shi-6-2.m3u8,重复URL
[VGA]湖北卫视,https://t.freetv.fun/live/hu-bei-wei-shi-19.m3u8,重复URL
[BD]湖北卫视,https://t.freetv.fun/live/hu-bei-wei-shi-19.m3u8,重复URL
[BD]湖北卫视,https://t.freetv.fun/live/hu-bei-wei-shi-1-3.m3u8,重复URL
[VGA]湖北卫视,https://t.freetv.fun/live/hu-bei-wei-shi-4-3.m3u8,重复URL
[BD]湖北卫视,https://t.freetv.fun/live/hu-bei-wei-shi-5-3.m3u8,重复URL
[BD]湖南公共,https://t.freetv.fun/live/hu-nan-gong-gong-2.m3u8,重复URL
[SD]湖南公共,https://t.freetv.fun/live/hu-nan-gong-gong-1-1.m3u8,重复URL
[BD]湖南国际,https://t.freetv.fun/live/hu-nan-guo-ji-2.m3u8,重复URL
[SD]湖南国际,https://t.freetv.fun/live/hu-nan-guo-ji-1-1.m3u8,重复URL
[BD]湖南娱乐,https://t.freetv.fun/live/hu-nan-yu-le-3.m3u8,重复URL
[SD]湖南娱乐,https://t.freetv.fun/live/hu-nan-yu-le-1-1.m3u8,重复URL
[SD]湖南娱乐,https://t.freetv.fun/live/hu-nan-yu-le-3.m3u8,重复URL
[SD]湖南教育,https://t.freetv.fun/live/hu-nan-jiao-yu-1.m3u8,重复URL
[BD]湖南经视,https://t.freetv.fun/live/hu-nan-jing-shi-4.m3u8,重复URL
[SD]湖南经视,https://t.freetv.fun/live/hu-nan-jing-shi-1-1.m3u8,重复URL
[SD]湖南经视,https://t.freetv.fun/live/hu-nan-jing-shi-4.m3u8,重复URL
[VGA]湖南卫视,https://t.freetv.fun/live/hu-nan-wei-shi-18.m3u8,重复URL
[VGA]湖南卫视,https://t.freetv.fun/live/hu-nan-wei-shi-1-1.m3u8,重复URL
[VGA]湖南卫视,https://t.freetv.fun/live/hu-nan-wei-shi-3-3.m3u8,重复URL
[VGA]湖南卫视,https://t.freetv.fun/live/hu-nan-wei-shi-5-3.m3u8,重复URL
[VGA]湖南卫视,https://t.freetv.fun/live/hu-nan-wei-shi-6-2.m3u8,重复URL
[VGA]湖南卫视,https://t.freetv.fun/live/hu-nan-wei-shi-18.m3u8,重复URL
[VGA]湖南卫视,https://t.freetv.fun/live/hu-nan-wei-shi-3-3.m3u8,重复URL
[VGA]湖南卫视,https://t.freetv.fun/live/hu-nan-wei-shi-4-3.m3u8,重复URL
[BD]湖南卫视,https://t.freetv.fun/live/hu-nan-wei-shi-2-2.m3u8,重复URL
[BD]湖南卫视,https://t.freetv.fun/live/hu-nan-wei-shi-18.m3u8,重复URL
[VGA]湖南卫视,https://t.freetv.fun/live/hu-nan-wei-shi-3-3.m3u8,重复URL
[VGA]湖南卫视,https://t.freetv.fun/live/hu-nan-wei-shi-4-3.m3u8,重复URL
[SD]湖南卫视,https://t.freetv.fun/live/hu-nan-wei-shi-5-3.m3u8,重复URL
[VGA]湖南卫视,https://t.freetv.fun/live/hu-nan-wei-shi-6-2.m3u8,重复URL
[VGA]湖南卫视,https://t.freetv.fun/live/hu-nan-wei-shi-7-2.m3u8,重复URL
[VGA]湖南卫视,https://t.freetv.fun/live/hu-nan-wei-shi-18.m3u8,重复URL
[VGA]湖南卫视,https://t.freetv.fun/live/hu-nan-wei-shi-18.m3u8,重复URL
[BD]湖南卫视,https://t.freetv.fun/live/hu-nan-wei-shi-18.m3u8,重复URL
[HD]湖南卫视,https://t.freetv.fun/live/hu-nan-wei-shi-18.m3u8,重复URL
[BD]湖南卫视,https://t.freetv.fun/live/hu-nan-wei-shi-4-3.m3u8,重复URL
[BD]湖南卫视,https://t.freetv.fun/live/hu-nan-wei-shi-7-2.m3u8,重复URL
[SD]湖南都市,https://t.freetv.fun/live/hu-nan-du-shi-3.m3u8,重复URL
[SD]湖南都市,https://t.freetv.fun/live/hu-nan-du-shi-3.m3u8,重复URL
[SD]湖南都市,https://t.freetv.fun/live/hu-nan-du-shi-1-1.m3u8,重复URL
[VGA]湖南电影,rtmp://fms.yyrtv.com/livepkgr/hndy210130?zhund,无效URL（非 http/https/rtsp 开头）
[VGA]湖南电影,https://t.freetv.fun/live/hu-nan-dian-ying-5.m3u8,重复URL
[BD]湖南电影,https://t.freetv.fun/live/hu-nan-dian-ying-5.m3u8,重复URL
[SD]湖南电视剧,https://t.freetv.fun/live/hu-nan-dian-shi-ju-1-1.m3u8,重复URL
[SD]湖南电视剧,https://t.freetv.fun/live/hu-nan-dian-shi-ju-2.m3u8,重复URL
[HD]湖州公共,https://t.freetv.fun/live/hu-zhou-gong-gong-1.m3u8,重复URL
[HD]湖州公共,https://t.freetv.fun/live/hu-zhou-gong-gong-2.m3u8,重复URL
[VGA]湖州公共民生,https://t.freetv.fun/live/hu-zhou-gong-gong-min-sheng-1.m3u8,重复URL
[VGA]湖州文化娱乐,https://t.freetv.fun/live/hu-zhou-wen-hua-yu-le-1.m3u8,重复URL
[SD]平湖新闻综合,https://t.freetv.fun/live/ping-hu-xin-wen-zong-he-2.m3u8,重复URL
[HD]湖州新闻综合,https://t.freetv.fun/live/hu-zhou-xin-wen-zong-he-1.m3u8,重复URL
[HD]泸州新闻综合,https://t.freetv.fun/live/lu-zhou-xin-wen-zong-he-1.m3u8,重复URL
[HD]平湖新闻综合,https://t.freetv.fun/live/ping-hu-xin-wen-zong-he-2.m3u8,重复URL
[VGA]泸州新闻综合,rtmp://tvdrs.luzhoubs.com/channellive/lztv1,无效URL（非 http/https/rtsp 开头）
[HD]靖江新闻综合,rtmp://visit.jjbctv.com:1935/live/xwzhmb?zjiangsd,无效URL（非 http/https/rtsp 开头）
[HD]吴江新闻综合,rtmp://ctlive2.wjdaily.com/wjtv/ch1,无效URL（非 http/https/rtsp 开头）
[VGA]温州新闻综合,rtmp://livetv.dhtv.cn/live/news?zzhed,无效URL（非 http/https/rtsp 开头）
[VGA]温州经济科教,rtmp://livetv.dhtv.cn/live/financial?zzhed,无效URL（非 http/https/rtsp 开头）
[VGA]温州都市生活,rtmp://livetv.dhtv.cn/live/citylife?zzhed,无效URL（非 http/https/rtsp 开头）
[VGA]漳浦综合,https://t.freetv.fun/live/zhang-pu-zong-he-2.m3u8,重复URL
[VGA]漳浦综合,https://t.freetv.fun/live/zhang-pu-zong-he-2.m3u8,重复URL
[HD]澳亚卫视,https://t.freetv.fun/live/ao-ya-wei-shi-3.m3u8,重复URL
[VGA]澳亚卫视,https://t.freetv.fun/live/ao-ya-wei-shi-3.php,重复URL
[VGA]澳視澳門,rtmp://live4.tdm.com.mo:80/ch1/_definst_/ch1.live,无效URL（非 http/https/rtsp 开头）
[BD]澳視澳門,rtmp://live4.tdm.com.mo:80/ch1/_definst_/ch1.live,无效URL（非 http/https/rtsp 开头）
[VGA]澳視體育,rtmp://live4.tdm.com.mo/ch4/_definst_/sport_ch4.live,无效URL（非 http/https/rtsp 开头）
[BD]澳視體育,rtmp://live4.tdm.com.mo/ch4/_definst_/sport_ch4.live,无效URL（非 http/https/rtsp 开头）
[BD]澳门macau,https://t.freetv.fun/live/ao-men-macau-2.m3u8,重复URL
[VGA]澳门莲花,https://t.freetv.fun/live/ao-men-lian-hua-1.m3u8,重复URL
[VGA]澳门卫视,https://t.freetv.fun/live/ao-men-wei-shi-2.m3u8,重复URL
[VGA]澳門資訊,rtmp://live4.tdm.com.mo:80/ch5/_definst_/info_ch5.live,无效URL（非 http/https/rtsp 开头）
[BD]澳門資訊,rtmp://live4.tdm.com.mo:80/ch5/_definst_/info_ch5.live,无效URL（非 http/https/rtsp 开头）
[HD]沈阳新闻,https://t.freetv.fun/live/chen-yang-xin-wen-1.m3u8,重复URL
[VGA]无锡娱乐,https://t.freetv.fun/live/wu-xi-yu-le-2.m3u8,重复URL
[BD]无锡娱乐,https://t.freetv.fun/live/wu-xi-yu-le-2.m3u8,重复URL
[BD]无锡新闻综合,https://t.freetv.fun/live/wu-xi-xin-wen-zong-he-1.m3u8,重复URL
[VGA]无锡生活,rtmp://zb.pzhgd.com:5935/live/ggpd,无效URL（非 http/https/rtsp 开头）
[BD]无锡生活,rtmp://zb.pzhgd.com:5935/live/ggpd,无效URL（非 http/https/rtsp 开头）
[BD]无锡生活,https://t.freetv.fun/live/wu-xi-sheng-huo-3.m3u8,重复URL
[BD]无锡都市资讯,https://t.freetv.fun/live/wu-xi-du-shi-zi-xun-1.m3u8,重复URL
[VGA]玉林新闻综合,https://t.freetv.fun/live/yu-lin-xin-wen-zong-he-1.m3u8,重复URL
[HD]海宁生活服务,https://t.freetv.fun/live/hai-zhu-sheng-huo-fu-wu-2.m3u8,重复URL
[BD]现代教育,https://t.freetv.fun/live/xian-dai-jiao-yu-1.m3u8,重复URL
[SD]环球电视,https://t.freetv.fun/live/huan-qiu-dian-shi-2.m3u8,重复URL
[VGA]环球电视,https://t.freetv.fun/live/huan-qiu-dian-shi-2.m3u8,重复URL
[BD]甘肅公共應急,rtmp://livein.gstv.com.cn/49048r/2v86i8.flv,无效URL（非 http/https/rtsp 开头）
[VGA]甘肃卫视,https://t.freetv.fun/live/gan-su-wei-shi-7.m3u8,重复URL
[VGA]甘肃卫视,https://t.freetv.fun/live/gan-su-wei-shi-7.m3u8,重复URL
[SD]甘肃卫视,https://t.freetv.fun/live/gan-su-wei-shi-1-2.m3u8,重复URL
[VGA]甘肃卫视,https://t.freetv.fun/live/gan-su-wei-shi-7.m3u8,重复URL
[HD]甘肃卫视,https://t.freetv.fun/live/gan-su-wei-shi-7.m3u8,重复URL
[BD]甘肃卫视,https://t.freetv.fun/live/gan-su-wei-shi-2-3.m3u8,重复URL
[SD]甘肃卫视,https://t.freetv.fun/live/gan-su-wei-shi-3-2.m3u8,重复URL
[VGA]生命电视台,https://t.freetv.fun/live/sheng-ming-dian-shi-tai-4.m3u8,重复URL
[BD]生命电视台,https://t.freetv.fun/live/sheng-ming-dian-shi-tai-4.m3u8,重复URL
[VGA]生活时尚,https://t.freetv.fun/live/sheng-huo-shi-shang-6.m3u8,重复URL
[VGA]生活时尚,https://t.freetv.fun/live/sheng-huo-shi-shang-6.m3u8,重复URL
[SD]生活时尚,https://t.freetv.fun/live/sheng-huo-shi-shang-6.m3u8,重复URL
[VGA]生活时尚,https://t.freetv.fun/live/sheng-huo-shi-shang-6.php,重复URL
[VGA]生活时尚,https://t.freetv.fun/live/sheng-huo-shi-shang-1-2.m3u8,重复URL
[VGA]生活时尚,https://t.freetv.fun/live/sheng-huo-shi-shang-6.php,重复URL
[SD]石家庄娱乐,https://t.freetv.fun/live/shi-jia-zhuang-yu-le-2.m3u8,重复URL
[SD]石家庄娱乐,https://t.freetv.fun/live/shi-jia-zhuang-yu-le-2.m3u8,重复URL
[SD]石家庄生活,https://t.freetv.fun/live/shi-jia-zhuang-sheng-huo-2.m3u8,重复URL
[VGA]石家庄生活,https://t.freetv.fun/live/shi-jia-zhuang-sheng-huo-2.m3u8,重复URL
[SD]石家庄都市,https://t.freetv.fun/live/shi-jia-zhuang-du-shi-2.m3u8,重复URL
[SD]石家庄都市,https://t.freetv.fun/live/shi-jia-zhuang-du-shi-2.m3u8,重复URL
[SD]灵石新闻综合,https://t.freetv.fun/live/ling-shi-xin-wen-zong-he-1.m3u8,重复URL
[BD]第一财经,https://t.freetv.fun/live/di-yi-cai-jing-3.m3u8,重复URL
[BD]纪录片,https://t.freetv.fun/live/ji-lu-pian-1.m3u8,重复URL
[HD]绍兴公共频道,https://t.freetv.fun/live/shao-xing-gong-gong-pin-dao-2.m3u8,重复URL
[SD]绍兴公共,https://t.freetv.fun/live/shao-xing-gong-gong-3.m3u8,重复URL
[SD]绍兴公共,https://t.freetv.fun/live/shao-xing-gong-gong-3.m3u8,重复URL
[VGA]绍兴公共,https://t.freetv.fun/live/shao-xing-gong-gong-3.m3u8,重复URL
[HD]绍兴文化影院,https://t.freetv.fun/live/shao-xing-wen-hua-ying-yuan-1.m3u8,重复URL
[VGA]绍兴文化影视,https://t.freetv.fun/live/shao-xing-wen-hua-ying-shi-1.m3u8,重复URL
[HD]绍兴文化影院,https://t.freetv.fun/live/shao-xing-wen-hua-ying-yuan-2.m3u8,重复URL
[HD]绍兴文化影视,https://t.freetv.fun/live/shao-xing-wen-hua-ying-shi-1.m3u8,重复URL
[HD]绍兴新闻综合,https://t.freetv.fun/live/shao-xing-xin-wen-zong-he-2.m3u8,重复URL
[SD]绍兴新闻综合,https://t.freetv.fun/live/shao-xing-xin-wen-zong-he-1-1.m3u8,重复URL
[SD]绍兴新闻综合,https://t.freetv.fun/live/shao-xing-xin-wen-zong-he-3.m3u8,重复URL
[HD]绍兴新闻综合,https://t.freetv.fun/live/shao-xing-xin-wen-zong-he-3-1.m3u8,重复URL
[VGA]经典电影,https://t.freetv.fun/live/jing-dian-dian-ying-3.m3u8,重复URL
[VGA]经典电影,https://t.freetv.fun/live/jing-dian-dian-ying-3.m3u8,重复URL
[VGA]绵阳新闻综合高清,rtmp://live.sctvcloud.com/live/mytvzh?zsicd,无效URL（非 http/https/rtsp 开头）
[VGA]沁阳新闻综合,https://t.freetv.fun/live/qin-yang-xin-wen-zong-he-1.m3u8,重复URL
[VGA]绵阳科技,rtmp://live.sctvcloud.com/live/mytvgg?zsicd,无效URL（非 http/https/rtsp 开头）
[SD]绵阳综合,rtmp://live.sctvcloud.com/live/mytvzh?zsicd,无效URL（非 http/https/rtsp 开头）
[VGA]緯來日本,rtmp://219.80.97.77/sat/tv771,无效URL（非 http/https/rtsp 开头）
[VGA]緯來日本,rtmp://9sv2.mine.nu:1935/sat/tv771,无效URL（非 http/https/rtsp 开头）
[BD]緯來日本,rtmp://9sv2.mine.nu:1935/sat/tv771,无效URL（非 http/https/rtsp 开头）
[BD]緯來日本,rtmp://f13h.mine.nu/sat/tv771,无效URL（非 http/https/rtsp 开头）
[VGA]緯來日本,rtmp://f13h.mine.nu/sat/tv771,无效URL（非 http/https/rtsp 开头）
[HD]纬来日本,rtmp://f13h.mine.nu/sat/tv771,无效URL（非 http/https/rtsp 开头）
[VGA]緯來日本 hd,rtmp://9wv7.mine.nu/sat/tv771,无效URL（非 http/https/rtsp 开头）
[HD]纬来日本,rtmp://220.130.201.73/sat/tv771,无效URL（非 http/https/rtsp 开头）
[SD]纬来日本,rtmp://f13h.mine.nu/sat/tv771,无效URL（非 http/https/rtsp 开头）
[VGA]緯來育樂,rtmp://219.80.97.77/sat/tv701,无效URL（非 http/https/rtsp 开头）
[BD]緯來育樂,rtmp://f13h.mine.nu/sat/tv701,无效URL（非 http/https/rtsp 开头）
[HD]緯來育樂,rtmp://f13h.mine.nu/sat/tv701,无效URL（非 http/https/rtsp 开头）
[VGA]纬来育乐,rtmp://9wv7.mine.nu/sat/tv701,无效URL（非 http/https/rtsp 开头）
[HD]纬来育乐,rtmp://220.130.201.73/sat/tv701,无效URL（非 http/https/rtsp 开头）
[VGA]緯來體育hd,rtmp://219.80.97.77/sat/tv721,无效URL（非 http/https/rtsp 开头）
[VGA]緯來體育,rtmp://9sv2.mine.nu:1935/sat/tv721,无效URL（非 http/https/rtsp 开头）
[BD]緯來體育,rtmp://f13h.mine.nu/sat/tv721,无效URL（非 http/https/rtsp 开头）
[VGA]纬来体育,rtmp://220.130.201.73/sat/tv721,无效URL（非 http/https/rtsp 开头）
[SD]纬来体育,rtmp://f13h.mine.nu/sat/tv721,无效URL（非 http/https/rtsp 开头）
[HD]纬来体育,rtmp://f13h.mine.nu:1935/sat/tv721,无效URL（非 http/https/rtsp 开头）
[HD]纬来体育,rtmp://f13h.mine.nu/sat/tv721,无效URL（非 http/https/rtsp 开头）
[VGA]緯來體育,rtmp://f13h.mine.nu:1935/sat/tv721,无效URL（非 http/https/rtsp 开头）
[SD]武义新闻综合,https://t.freetv.fun/live/wu-yi-xin-wen-zong-he-4.m3u8,重复URL
[SD]义乌新闻综合,https://t.freetv.fun/live/yi-wu-xin-wen-zong-he-1.m3u8,重复URL
[VGA]tvb翡翠台,https://t.freetv.fun/live/tvbfei-cui-tai-1.m3u8,重复URL
[BD]翡翠台,https://t.freetv.fun/live/fei-cui-tai-1.m3u8,重复URL
[VGA]翡翠,https://t.freetv.fun/live/fei-cui-1-1.m3u8,重复URL
[VGA]翡翠,https://t.freetv.fun/live/fei-cui-2-1.php,重复URL
[HD]耀才财经,https://t.freetv.fun/live/yao-cai-cai-jing-3.m3u8,重复URL
[SD]耀才财经,https://t.freetv.fun/live/yao-cai-cai-jing-3.m3u8,重复URL
[SD]耀才财经,https://t.freetv.fun/live/yao-cai-cai-jing-3.m3u8,重复URL
[VGA]自贡公共,rtmp://sczghdl.tianma3600.com/sczg/ggpd?zsicd,无效URL（非 http/https/rtsp 开头）
[VGA]自贡综合,rtmp://sczghdl.tianma3600.com/sczg/zhpd?zsicd,无效URL（非 http/https/rtsp 开头）
[VGA]臺視hd,rtmp://219.80.97.77/sat/tv071,无效URL（非 http/https/rtsp 开头）
[BD]台视新闻 hd,https://t.freetv.fun/live/tai-shi-xin-wen-hd-2.m3u8,重复URL
[VGA]舟山新聞綜合,rtmp://tv.drs.yizu.tv/channellive/ch1?zsicd,无效URL（非 http/https/rtsp 开头）
[VGA]萧山新闻综合 (720p) [not 24/7],rtmp://tv.drs.i0834.cn/channellive/ch1?zsicd,无效URL（非 http/https/rtsp 开头）
[VGA]舟山新闻综合,https://t.freetv.fun/live/zhou-shan-xin-wen-zong-he-2.m3u8,重复URL
[HD]萧山新闻综合,https://t.freetv.fun/live/xiao-shan-xin-wen-zong-he-3.m3u8,重复URL
[BD]萧山新闻综合,https://t.freetv.fun/live/xiao-shan-xin-wen-zong-he-3.m3u8,重复URL
[VGA]萧山新闻综合,https://t.freetv.fun/live/xiao-shan-xin-wen-zong-he-3.m3u8,重复URL
[BD]黄山新闻综合,https://t.freetv.fun/live/huang-shan-xin-wen-zong-he-1.m3u8,重复URL
[VGA]荆门新闻综合,https://t.freetv.fun/live/jing-men-xin-wen-zong-he-2.m3u8,重复URL
[BD]荆门新闻综合,https://t.freetv.fun/live/jing-men-xin-wen-zong-he-1-1.m3u8,重复URL
[HD]华视,rtmp://f13h.mine.nu/sat/tv111,无效URL（非 http/https/rtsp 开头）
[BD]华视,rtmp://f13h.mine.nu/sat/tv111,无效URL（非 http/https/rtsp 开头）
[VGA]華視,rtmp://9sv2.mine.nu:1935/sat/tv111,无效URL（非 http/https/rtsp 开头）
[BD]華視,rtmp://9sv2.mine.nu:1935/sat/tv111,无效URL（非 http/https/rtsp 开头）
[VGA]華視hd,rtmp://219.80.97.77/sat/tv111,无效URL（非 http/https/rtsp 开头）
[BD]华视新闻资讯,https://t.freetv.fun/live/hua-shi-xin-wen-zi-xun-1.m3u8,重复URL
[VGA]蘇州文化生活,rtmp://liveshowbak2.kan0512.com/norecord/ncsztv3_sd,无效URL（非 http/https/rtsp 开头）
[VGA]苏州文化生活,rtmp://csztv.2500sz.com:1935/live/c03?zjiangsd,无效URL（非 http/https/rtsp 开头）
[VGA]苏州文化生活,https://t.freetv.fun/live/su-zhou-wen-hua-sheng-huo-3.m3u8,重复URL
[HD]苏州文化生活,https://t.freetv.fun/live/su-zhou-wen-hua-sheng-huo-3.m3u8,重复URL
[VGA]蘇州新聞綜合,rtmp://liveshowbak2.kan0512.com/norecord/ncsztv1_sd,无效URL（非 http/https/rtsp 开头）
[VGA]苏州新闻综合,rtmp://csztv.2500sz.com:1935/live/c01?zjiangsd,无效URL（非 http/https/rtsp 开头）
[SD]苏州新闻综合,https://t.freetv.fun/live/su-zhou-xin-wen-zong-he-4.m3u8,重复URL
[BD]苏州新闻综合,https://t.freetv.fun/live/su-zhou-xin-wen-zong-he-4.m3u8,重复URL
[VGA]蘇州生活資訊,rtmp://liveshowbak2.kan0512.com/norecord/ncsztv5_sd,无效URL（非 http/https/rtsp 开头）
[VGA]苏州生活资讯,rtmp://csztv.2500sz.com:1935/live/c04?zjiangsd,无效URL（非 http/https/rtsp 开头）
[VGA]苏州生活资讯,https://t.freetv.fun/live/su-zhou-sheng-huo-zi-xun-3.m3u8,重复URL
[HD]苏州生活资讯,https://t.freetv.fun/live/su-zhou-sheng-huo-zi-xun-3.m3u8,重复URL
[VGA]蘇州社會經濟,rtmp://liveshowbak2.kan0512.com/norecord/ncsztv2_sd,无效URL（非 http/https/rtsp 开头）
[VGA]苏州社会经济,rtmp://csztv.2500sz.com:1935/live/c02?zjiangsd,无效URL（非 http/https/rtsp 开头）
[VGA]苏州社会经济,https://t.freetv.fun/live/su-zhou-she-hui-jing-ji-3.m3u8,重复URL
[HD]苏州社会经济,https://t.freetv.fun/live/su-zhou-she-hui-jing-ji-3.m3u8,重复URL
[VGA]蘇州電影娛樂,rtmp://liveshowbak2.kan0512.com/norecord/ncsztv4_sd,无效URL（非 http/https/rtsp 开头）
[HD]嵊州新闻综合,https://t.freetv.fun/live/sheng-zhou-xin-wen-zong-he-3.m3u8,重复URL
[VGA]嵊州新闻综合,https://t.freetv.fun/live/sheng-zhou-xin-wen-zong-he-1-1.m3u8,重复URL
[SD]舒兰新闻综合,https://t.freetv.fun/live/shu-lan-xin-wen-zong-he-3.m3u8,重复URL
[HD]兰溪新闻综合,https://t.freetv.fun/live/lan-xi-xin-wen-zong-he-2.m3u8,重复URL
[VGA]衡水公共频道,rtmp://hls.hsrtv.cn/hls/hstv2,无效URL（非 http/https/rtsp 开头）
[BD]西安新闻综合,https://t.freetv.fun/live/xi-an-xin-wen-zong-he-1.m3u8,重复URL
[BD]宁海新闻综合,rtmp://33658.hlsplay.aodianyun.com/tv_radio_33658/tv_channel_1423,无效URL（非 http/https/rtsp 开头）
[BD]西藏影视文化,https://t.freetv.fun/live/xi-cang-ying-shi-wen-hua-1.php,重复URL
[VGA]西藏藏语卫视,https://t.freetv.fun/live/xi-cang-cang-yu-wei-shi-2.php,重复URL
[VGA]西藏卫视,https://t.freetv.fun/live/xi-cang-wei-shi-13.m3u8,重复URL
[VGA]西藏卫视,https://t.freetv.fun/live/xi-cang-wei-shi-5-1.m3u8,重复URL
[SD]西藏卫视,https://t.freetv.fun/live/xi-cang-wei-shi-2-2.m3u8,重复URL
[SD]西藏卫视,https://t.freetv.fun/live/xi-cang-wei-shi-3-2.m3u8,重复URL
[SD]西藏卫视,https://t.freetv.fun/live/xi-cang-wei-shi-2-2.m3u8,重复URL
[VGA]西藏卫视,https://t.freetv.fun/live/xi-cang-wei-shi-13.m3u8,重复URL
[SD]西藏卫视,https://t.freetv.fun/live/xi-cang-wei-shi-4-1.m3u8,重复URL
[HD]西藏卫视,https://t.freetv.fun/live/xi-cang-wei-shi-13.m3u8,重复URL
[BD]西藏卫视,https://t.freetv.fun/live/xi-cang-wei-shi-3-2.m3u8,重复URL
[VGA]贵州卫视,https://t.freetv.fun/live/gui-zhou-wei-shi-11.m3u8,重复URL
[VGA]贵州卫视,https://t.freetv.fun/live/gui-zhou-wei-shi-1-2.m3u8,重复URL
[VGA]贵州卫视,https://t.freetv.fun/live/gui-zhou-wei-shi-11.m3u8,重复URL
[VGA]贵州卫视,https://t.freetv.fun/live/gui-zhou-wei-shi-2-1.m3u8,重复URL
[SD]贵州卫视,https://t.freetv.fun/live/gui-zhou-wei-shi-3-2.m3u8,重复URL
[SD]贵州卫视,https://t.freetv.fun/live/gui-zhou-wei-shi-4-2.m3u8,重复URL
[VGA]贵州卫视,https://t.freetv.fun/live/gui-zhou-wei-shi-5-1.m3u8,重复URL
[VGA]贵州卫视,https://t.freetv.fun/live/gui-zhou-wei-shi-11.m3u8,重复URL
[BD]贵州卫视,https://t.freetv.fun/live/gui-zhou-wei-shi-11.m3u8,重复URL
[BD]贵州卫视,https://t.freetv.fun/live/gui-zhou-wei-shi-11.m3u8,重复URL
[BD]贵州卫视,https://t.freetv.fun/live/gui-zhou-wei-shi-6-2.m3u8,重复URL
[BD]贵州卫视,https://t.freetv.fun/live/gui-zhou-wei-shi-7-2.m3u8,重复URL
[VGA]崇阳新闻综合,https://t.freetv.fun/live/chong-yang-xin-wen-zong-he-1.m3u8,重复URL
[VGA]魅力足球,https://t.freetv.fun/live/mei-li-zu-qiu-3.php,重复URL
[VGA]魅力足球,https://t.freetv.fun/live/mei-li-zu-qiu-3.m3u8,重复URL
[SD]农林卫视,https://t.freetv.fun/live/nong-lin-wei-shi-1.m3u8,重复URL
[VGA]连云港新闻综合,https://t.freetv.fun/live/lian-yun-gang-xin-wen-zong-he-1.m3u8,重复URL
[BD]辽宁北方,https://t.freetv.fun/live/liao-zhu-bei-fang-1.m3u8,重复URL
[BD]辽宁教育青少,https://t.freetv.fun/live/liao-zhu-jiao-yu-qing-shao-1.m3u8,重复URL
[BD]辽宁生活,https://t.freetv.fun/live/liao-zhu-sheng-huo-1.m3u8,重复URL
[BD]辽宁卫视,https://t.freetv.fun/live/liao-zhu-wei-shi-17.m3u8,重复URL
[VGA]辽宁卫视,https://t.freetv.fun/live/liao-zhu-wei-shi-17.m3u8,重复URL
[VGA]辽宁卫视,https://t.freetv.fun/live/liao-zhu-wei-shi-1-2.m3u8,重复URL
[VGA]辽宁卫视,https://t.freetv.fun/live/liao-zhu-wei-shi-2-1.m3u8,重复URL
[VGA]辽宁卫视,https://t.freetv.fun/live/liao-zhu-wei-shi-17.m3u8,重复URL
[VGA]辽宁卫视,https://t.freetv.fun/live/liao-zhu-wei-shi-3-4.m3u8,重复URL
[VGA]辽宁卫视,https://t.freetv.fun/live/liao-zhu-wei-shi-4-3.m3u8,重复URL
[VGA]辽宁卫视,https://t.freetv.fun/live/liao-zhu-wei-shi-3-4.m3u8,重复URL
[SD]辽宁卫视,https://t.freetv.fun/live/liao-zhu-wei-shi-17.m3u8,重复URL
[HD]辽宁卫视,https://t.freetv.fun/live/liao-zhu-wei-shi-3-4.m3u8,重复URL
[VGA]辽宁卫视,https://t.freetv.fun/live/liao-zhu-wei-shi-4-3.m3u8,重复URL
[VGA]辽宁卫视,https://t.freetv.fun/live/liao-zhu-wei-shi-5-2.m3u8,重复URL
[VGA]辽宁卫视,https://t.freetv.fun/live/liao-zhu-wei-shi-17.m3u8,重复URL
[BD]辽宁卫视,https://t.freetv.fun/live/liao-zhu-wei-shi-17.m3u8,重复URL
[SD]辽宁卫视,https://t.freetv.fun/live/liao-zhu-wei-shi-4-3.m3u8,重复URL
[BD]烟台新闻综合,https://t.freetv.fun/live/yan-tai-xin-wen-zong-he-1.m3u8,重复URL
[SD]邢台综合,https://t.freetv.fun/live/xing-tai-zong-he-2.m3u8,重复URL
[VGA]嵊州新闻综合,https://t.freetv.fun/live/sheng-zhou-xin-wen-zong-he-3.m3u8,重复URL
[BD]宿州新闻综合,https://t.freetv.fun/live/su-zhou-xin-wen-zong-he-1-3.m3u8,重复URL
[BD]叙州新闻综合,https://t.freetv.fun/live/xu-zhou-xin-wen-zong-he-2.m3u8,重复URL
[BD]亳州新闻综合,rtmp://zbbf2.ahbztv.com/live/416,无效URL（非 http/https/rtsp 开头）
[VGA]赣州新闻综合,https://t.freetv.fun/live/gan-zhou-xin-wen-zong-he-2.m3u8,重复URL
[VGA]重庆卫视,https://t.freetv.fun/live/zhong-qing-wei-shi-9.m3u8,重复URL
[VGA]重庆卫视,https://t.freetv.fun/live/zhong-qing-wei-shi-1-1.m3u8,重复URL
[VGA]重庆卫视,https://t.freetv.fun/live/zhong-qing-wei-shi-9.m3u8,重复URL
[BD]重庆卫视,https://t.freetv.fun/live/zhong-qing-wei-shi-9.m3u8,重复URL
[SD]重庆卫视,https://t.freetv.fun/live/zhong-qing-wei-shi-9.m3u8,重复URL
[VGA]重庆卫视,https://t.freetv.fun/live/zhong-qing-wei-shi-2-3.m3u8,重复URL
[SD]重庆卫视,https://t.freetv.fun/live/zhong-qing-wei-shi-3-3.m3u8,重复URL
[SD]重庆卫视,https://t.freetv.fun/live/zhong-qing-wei-shi-4-2.m3u8,重复URL
[VGA]重庆卫视,https://t.freetv.fun/live/zhong-qing-wei-shi-9.m3u8,重复URL
[BD]重庆卫视,https://t.freetv.fun/live/zhong-qing-wei-shi-2-3.m3u8,重复URL
[SD]重庆卫视,https://t.freetv.fun/live/zhong-qing-wei-shi-3-3.m3u8,重复URL
[SD]重庆卫视,https://t.freetv.fun/live/zhong-qing-wei-shi-5-2.m3u8,重复URL
[BD]重庆卫视,https://t.freetv.fun/live/zhong-qing-wei-shi-6-2.m3u8,重复URL
[VGA]重庆卫视,https://t.freetv.fun/live/zhong-qing-wei-shi-7-2.m3u8,重复URL
[BD]金川新闻综合,https://t.freetv.fun/live/jin-chuan-xin-wen-zong-he-2.m3u8,重复URL
[BD]金华新闻综合,https://t.freetv.fun/live/jin-hua-xin-wen-zong-he-1.m3u8,重复URL
[VGA]金川新闻综合,https://t.freetv.fun/live/jin-chuan-xin-wen-zong-he-2.m3u8,重复URL
[BD]金川新闻综合,rtmp://139.203.180.9/live/zhxw,无效URL（非 http/https/rtsp 开头）
[VGA]金鹰卡通,https://t.freetv.fun/live/jin-ying-qia-tong-1-1.m3u8,重复URL
[VGA]金鹰卡通,https://t.freetv.fun/live/jin-ying-qia-tong-2-2.m3u8,重复URL
[VGA]金鹰卡通,https://t.freetv.fun/live/jin-ying-qia-tong-8.m3u8,重复URL
[SD]金鹰卡通,https://t.freetv.fun/live/jin-ying-qia-tong-2-2.m3u8,重复URL
[VGA]金鹰卡通,https://t.freetv.fun/live/jin-ying-qia-tong-8.m3u8,重复URL
[HD]金鹰卡通,https://t.freetv.fun/live/jin-ying-qia-tong-8.m3u8,重复URL
[BD]金鹰卡通,https://t.freetv.fun/live/jin-ying-qia-tong-3-2.m3u8,重复URL
[VGA]金鹰纪实,https://t.freetv.fun/live/jin-ying-ji-shi-17.m3u8,重复URL
[VGA]金鹰纪实,https://t.freetv.fun/live/jin-ying-ji-shi-17.m3u8,重复URL
[SD]金鹰纪实,https://t.freetv.fun/live/jin-ying-ji-shi-17.m3u8,重复URL
[BD]金鹰纪实,https://t.freetv.fun/live/jin-ying-ji-shi-1-3.m3u8,重复URL
[VGA]金鹰纪实,https://t.freetv.fun/live/jin-ying-ji-shi-17.php,重复URL
[VGA]金鹰纪实,https://t.freetv.fun/live/jin-ying-ji-shi-1-3.m3u8,重复URL
[VGA]金鹰纪实,https://t.freetv.fun/live/jin-ying-ji-shi-17.php,重复URL
[SD]金鹰纪实,https://t.freetv.fun/live/jin-ying-ji-shi-10-1.m3u8,重复URL
[VGA]金鹰纪实,https://t.freetv.fun/live/jin-ying-ji-shi-17.m3u8,重复URL
[BD]金鹰纪实,https://t.freetv.fun/live/jin-ying-ji-shi-17.m3u8,重复URL
[BD]金鹰纪实,https://t.freetv.fun/live/jin-ying-ji-shi-2-1.m3u8,重复URL
[BD]金鹰纪实,https://t.freetv.fun/live/jin-ying-ji-shi-3-1.m3u8,重复URL
[SD]金鹰纪实,https://t.freetv.fun/live/jin-ying-ji-shi-4-1.m3u8,重复URL
[VGA]金鹰纪实,https://t.freetv.fun/live/jin-ying-ji-shi-5-1.m3u8,重复URL
[BD]金鹰纪实,https://t.freetv.fun/live/jin-ying-ji-shi-6-1.m3u8,重复URL
[SD]金鹰纪实,https://t.freetv.fun/live/jin-ying-ji-shi-7-1.m3u8,重复URL
[SD]金鹰纪实,https://t.freetv.fun/live/jin-ying-ji-shi-8-1.m3u8,重复URL
[SD]金鹰纪实,https://t.freetv.fun/live/jin-ying-ji-shi-9-1.m3u8,重复URL
[BD]镇江新闻,rtmp://zjtv-wshls.homecdn.com/live/2aa50,无效URL（非 http/https/rtsp 开头）
[BD]镇江新闻,rtmp://zjtv-wshls.homecdn.com/live/2aa16,无效URL（非 http/https/rtsp 开头）
[BD]镇江新闻,rtmp://zjtv-wshls.homecdn.com/live/2aa50,无效URL（非 http/https/rtsp 开头）
[BD]鎮江新聞,rtmp://zjtv-wshls.homecdn.com/live/2aa50,无效URL（非 http/https/rtsp 开头）
[BD]衢江新闻综合,https://t.freetv.fun/live/qu-jiang-xin-wen-zong-he-2.m3u8,重复URL
[VGA]靖江新闻综合,https://t.freetv.fun/live/jing-jiang-xin-wen-zong-he-5.m3u8,重复URL
[VGA]靖江新闻综合,rtmp://visit.jjbctv.com:1935/live/xwzhpc?zjiangsd,无效URL（非 http/https/rtsp 开头）
[VGA]靖江新闻综合,rtmp://visit.jjbctv.com:1935/live/xwzhmb?zjiangsd,无效URL（非 http/https/rtsp 开头）
[VGA]通江新闻综合,rtmp://live.sctvcloud.com/live/bztongjiang?zsicd,无效URL（非 http/https/rtsp 开头）
[VGA]夹江新闻综合,rtmp://tv.jjrm.org.cn/channellive/ch1?zsicd,无效URL（非 http/https/rtsp 开头）
[VGA]江油新闻综合,rtmp://live.sctvcloud.com/live/jiangyou?zsicd,无效URL（非 http/https/rtsp 开头）
[VGA]江夏新闻综合,https://t.freetv.fun/live/jiang-xia-xin-wen-zong-he-1.m3u8,重复URL
[VGA]江津新闻综合,https://t.freetv.fun/live/jiang-jin-xin-wen-zong-he-2.m3u8,重复URL
[BD]衢江新闻综合,https://t.freetv.fun/live/qu-jiang-xin-wen-zong-he-2.m3u8,重复URL
[BD]怒江新闻综合,https://t.freetv.fun/live/nu-jiang-xin-wen-zong-he-2.m3u8,重复URL
[BD]靖江新闻综合,rtmp://visit.jjbctv.com:1935/live/xwzhpc?zjiangsd,无效URL（非 http/https/rtsp 开头）
[HD]靖江新闻综合,rtmp://visit.jjbctv.com:1935/live/xwzhmb?zjiangsd,无效URL（非 http/https/rtsp 开头）
[SD]靖江新闻综合,https://t.freetv.fun/live/jing-jiang-xin-wen-zong-he-5.m3u8,重复URL
[VGA]吴江新闻综合,https://t.freetv.fun/live/wu-jiang-xin-wen-zong-he-1.m3u8,重复URL
[BD]夹江新闻综合,https://t.freetv.fun/live/jia-jiang-xin-wen-zong-he-2.m3u8,重复URL
[BD]江津新闻综合,https://t.freetv.fun/live/jiang-jin-xin-wen-zong-he-1-1.m3u8,重复URL
[BD]镜新闻,https://t.freetv.fun/live/jing-xin-wen-1.m3u8,重复URL
[SD]长春综合,https://t.freetv.fun/live/chang-chun-zong-he-1.m3u8,重复URL
[VGA]長沙新聞,rtmp://35848.lssplay.aodianyun.com/guangdianyun_35848/tv_channel_346?auth_key=1936692784-0-0-9042421539d8424068f7e575f090dbca,无效URL（非 http/https/rtsp 开头）
[BD]長沙新聞,rtmp://35848.lssplay.aodianyun.com/guangdianyun_35848/tv_channel_346?auth_key=1936692784-0-0-9042421539d8424068f7e575f090dbca,无效URL（非 http/https/rtsp 开头）
[VGA]开封公共,https://t.freetv.fun/live/kai-feng-gong-gong-1.m3u8,重复URL
[VGA]开封新闻综合,https://t.freetv.fun/live/kai-feng-xin-wen-zong-he-1.m3u8,重复URL
[HD]开化新闻综合,https://t.freetv.fun/live/kai-hua-xin-wen-zong-he-1.m3u8,重复URL
[SD]阿里郎电视,https://t.freetv.fun/live/a-li-lang-dian-shi-2.m3u8,重复URL
[SD]阿里郎电视,https://t.freetv.fun/live/a-li-lang-dian-shi-2.m3u8,重复URL
[VGA]西青新闻综合,https://t.freetv.fun/live/xi-qing-xin-wen-zong-he-1.m3u8,重复URL
[VGA]陕西卫视,https://t.freetv.fun/live/shan-xi-wei-shi-22.m3u8,重复URL
[VGA]陕西卫视,https://t.freetv.fun/live/shan-xi-wei-shi-22.m3u8,重复URL
[BD]陕西卫视,https://t.freetv.fun/live/shan-xi-wei-shi-1-4.m3u8,重复URL
[BD]陕西卫视,https://t.freetv.fun/live/shan-xi-wei-shi-2-5.m3u8,重复URL
[SD]陕西卫视,https://t.freetv.fun/live/shan-xi-wei-shi-2-5.m3u8,重复URL
[SD]陕西卫视,https://t.freetv.fun/live/shan-xi-wei-shi-3-4.m3u8,重复URL
[VGA]陕西卫视,https://t.freetv.fun/live/shan-xi-wei-shi-22.m3u8,重复URL
[HD]陕西卫视,https://t.freetv.fun/live/shan-xi-wei-shi-22.m3u8,重复URL
[BD]陕西卫视,https://t.freetv.fun/live/shan-xi-wei-shi-3-4.m3u8,重复URL
[HD]云南影视,rtmp://hwzbout.yntv.net/62hdvf/utrat7,无效URL（非 http/https/rtsp 开头）
[VGA]云南卫视,https://t.freetv.fun/live/yun-nan-wei-shi-14.m3u8,重复URL
[HD]云南卫视,https://t.freetv.fun/live/yun-nan-wei-shi-1-1.m3u8,重复URL
[BD]云南卫视,https://t.freetv.fun/live/yun-nan-wei-shi-2-2.m3u8,重复URL
[SD]云南卫视,https://t.freetv.fun/live/yun-nan-wei-shi-2-2.m3u8,重复URL
[VGA]云南卫视,https://t.freetv.fun/live/yun-nan-wei-shi-3-2.m3u8,重复URL
[VGA]云南卫视,https://t.freetv.fun/live/yun-nan-wei-shi-14.m3u8,重复URL
[VGA]云南卫视,https://t.freetv.fun/live/yun-nan-wei-shi-14.m3u8,重复URL
[BD]云南卫视,https://t.freetv.fun/live/yun-nan-wei-shi-14.m3u8,重复URL
[BD]云南卫视,https://t.freetv.fun/live/yun-nan-wei-shi-14.m3u8,重复URL
[BD]云南卫视,https://t.freetv.fun/live/yun-nan-wei-shi-6-1.m3u8,重复URL
[VGA]青川新闻综合,rtmp://live.sctvcloud.com/live/qctv1?zsicd,无效URL（非 http/https/rtsp 开头）
[VGA]非凡商业台,https://t.freetv.fun/live/fei-fan-shang-ye-tai-2.php,重复URL
[HD]非凡新聞,rtmp://f13h.mine.nu/sat/tv581,无效URL（非 http/https/rtsp 开头）
[HD]香港卫视,https://t.freetv.fun/live/xiang-gang-wei-shi-5.m3u8,重复URL
[VGA]高点综合,https://t.freetv.fun/live/gao-dian-zong-he-1.php,重复URL
[VGA]凤凰卫视,https://t.freetv.fun/live/feng-huang-wei-shi-1.m3u8,重复URL
[VGA]凤凰资讯,https://t.freetv.fun/live/feng-huang-zi-xun-2.m3u8,重复URL
[VGA]凤凰卫视电影台,https://t.freetv.fun/live/feng-huang-wei-shi-dian-ying-tai-1.ts,重复URL
[VGA]凤凰香港,https://t.freetv.fun/live/feng-huang-xiang-gang-6.m3u8,重复URL
[SD]凤凰香港,https://t.freetv.fun/live/feng-huang-xiang-gang-6.m3u8,重复URL
[VGA]鳳凰香港,https://t.freetv.fun/live/feng-huang-xiang-gang-5.m3u8,重复URL
[VGA]凤凰香港,https://t.freetv.fun/live/feng-huang-xiang-gang-6.php,重复URL
[BD]溧水新闻综合,rtmp://lishui-tv-hls.cm.jstv.com/lishui-tv/lsxwzh,无效URL（非 http/https/rtsp 开头）
[VGA]溧水新闻综合,rtmp://lishui-tv-hls.cm.jstv.com/lishui-tv/lsxwzh,无效URL（非 http/https/rtsp 开头）
[SD]黑龙江少儿,https://t.freetv.fun/live/hei-long-jiang-shao-er-3.m3u8,重复URL
[VGA]黑龙江少儿,https://t.freetv.fun/live/hei-long-jiang-shao-er-1-2.m3u8,重复URL
[SD]黑龙江少儿 8m1080,https://t.freetv.fun/live/hei-long-jiang-shao-er-8m1080-1.m3u8,重复URL
[SD]黑龙江少儿,https://t.freetv.fun/live/hei-long-jiang-shao-er-3.m3u8,重复URL
[SD]黑龙江少儿,https://t.freetv.fun/live/hei-long-jiang-shao-er-1-2.m3u8,重复URL
[SD]黑龙江影视,https://t.freetv.fun/live/hei-long-jiang-ying-shi-1.m3u8,重复URL
[SD]黑龙江文体,https://t.freetv.fun/live/hei-long-jiang-wen-ti-5.m3u8,重复URL
[VGA]黑龙江文体,https://t.freetv.fun/live/hei-long-jiang-wen-ti-1-2.m3u8,重复URL
[SD]黑龙江文体,https://t.freetv.fun/live/hei-long-jiang-wen-ti-5.m3u8,重复URL
[SD]黑龙江文体,https://t.freetv.fun/live/hei-long-jiang-wen-ti-5.m3u8,重复URL
[BD]黑龙江文体,https://t.freetv.fun/live/hei-long-jiang-wen-ti-1-2.m3u8,重复URL
[SD]黑龙江文体 8m1080,https://t.freetv.fun/live/hei-long-jiang-wen-ti-8m1080-1.m3u8,重复URL
[SD]黑龙江新闻,https://t.freetv.fun/live/hei-long-jiang-xin-wen-1.m3u8,重复URL
[VGA]黑龙江新闻法治,https://t.freetv.fun/live/hei-long-jiang-xin-wen-fa-zhi-5.m3u8,重复URL
[SD]黑龙江新闻法治,https://t.freetv.fun/live/hei-long-jiang-xin-wen-fa-zhi-5.m3u8,重复URL
[SD]黑龙江新闻法治,https://t.freetv.fun/live/hei-long-jiang-xin-wen-fa-zhi-5.m3u8,重复URL
[SD]黑龙江新闻法治,https://t.freetv.fun/live/hei-long-jiang-xin-wen-fa-zhi-1-1.m3u8,重复URL
[SD]黑龙江新闻法治,https://t.freetv.fun/live/hei-long-jiang-xin-wen-fa-zhi-2-1.m3u8,重复URL
[SD]黑龙江新闻法治 8m1080,https://t.freetv.fun/live/hei-long-jiang-xin-wen-fa-zhi-8m1080-1.m3u8,重复URL
[VGA]黑龙江卫视,https://t.freetv.fun/live/hei-long-jiang-wei-shi-13.m3u8,重复URL
[VGA]黑龙江卫视,https://t.freetv.fun/live/hei-long-jiang-wei-shi-13.m3u8,重复URL
[BD]黑龙江卫视,https://t.freetv.fun/live/hei-long-jiang-wei-shi-1-3.m3u8,重复URL
[SD]黑龙江卫视,https://t.freetv.fun/live/hei-long-jiang-wei-shi-4-2.m3u8,重复URL
[SD]黑龙江卫视,https://t.freetv.fun/live/hei-long-jiang-wei-shi-13.m3u8,重复URL
[VGA]黑龙江卫视,https://t.freetv.fun/live/hei-long-jiang-wei-shi-2-1.m3u8,重复URL
[VGA]黑龙江卫视,https://t.freetv.fun/live/hei-long-jiang-wei-shi-3-2.m3u8,重复URL
[SD]黑龙江卫视,https://t.freetv.fun/live/hei-long-jiang-wei-shi-4-2.m3u8,重复URL
[VGA]黑龙江卫视,https://t.freetv.fun/live/hei-long-jiang-wei-shi-5-2.m3u8,重复URL
[VGA]黑龙江卫视,https://t.freetv.fun/live/hei-long-jiang-wei-shi-6-2.m3u8,重复URL
[VGA]黑龙江卫视,https://t.freetv.fun/live/hei-long-jiang-wei-shi-7-1.m3u8,重复URL
[VGA]黑龙江卫视,https://t.freetv.fun/live/hei-long-jiang-wei-shi-13.php,重复URL
[BD]黑龙江卫视,https://t.freetv.fun/live/hei-long-jiang-wei-shi-13.m3u8,重复URL
[BD]黑龙江卫视,https://t.freetv.fun/live/hei-long-jiang-wei-shi-1-3.m3u8,重复URL
[VGA]黑龙江都市,https://t.freetv.fun/live/hei-long-jiang-du-shi-6.m3u8,重复URL
[VGA]黑龙江都市,https://t.freetv.fun/live/hei-long-jiang-du-shi-1-2.m3u8,重复URL
[SD]黑龙江都市,https://t.freetv.fun/live/hei-long-jiang-du-shi-6.m3u8,重复URL
[SD]黑龙江都市 8m1080,https://t.freetv.fun/live/hei-long-jiang-du-shi-8m1080-1.m3u8,重复URL
[SD]黑龙江都市,https://t.freetv.fun/live/hei-long-jiang-du-shi-6.m3u8,重复URL
[BD]黑龙江都市,https://t.freetv.fun/live/hei-long-jiang-du-shi-1-2.m3u8,重复URL
2M Monde (360p),#EXTVLCOPT:http-referrer=http://www.radio2m.ma/,无效URL（非 http/https/rtsp 开头）
4ACETV (1080p),#EXTVLCOPT:http-user-agent=Mozilla/5.0 (Windows NT 10.0; Win64; x64) AppleWebKit/537.36 (KHTML, like Gecko) Chrome/145.0.0.0 Safari/537.36 Edg/145.0.0.0,无效URL（非 http/https/rtsp 开头）
4ACETV CLASSIC HITS (1080p),#EXTVLCOPT:http-user-agent=Mozilla/5.0 (Windows NT 10.0; Win64; x64) AppleWebKit/537.36 (KHTML, like Gecko) Chrome/145.0.0.0 Safari/537.36 Edg/145.0.0.0,无效URL（非 http/https/rtsp 开头）
4K TRAVEL TV (1080p),#EXTVLCOPT:http-user-agent=Mozilla/5.0 (Windows NT 10.0; Win64; x64) AppleWebKit/537.36 (KHTML, like Gecko) Chrome/145.0.0.0 Safari/537.36 Edg/145.0.0.0,无效URL（非 http/https/rtsp 开头）
11 Kanal (720p),#EXTVLCOPT:http-user-agent=Mozilla/5.0 (Windows NT 10.0; Win64; x64; rv:97.0) Gecko/20100101 Firefox/97.0,无效URL（非 http/https/rtsp 开头）
12TV Alicante (720p),#EXTVLCOPT:http-referrer=https://player.streamingconnect.com/,无效URL（非 http/https/rtsp 开头）
24 Hour Free Movies (720p),#EXTVLCOPT:http-user-agent=Mozilla/5.0 (Windows NT 10.0; Win64; x64) AppleWebKit/537.36 (KHTML, like Gecko) Chrome/145.0.0.0 Safari/537.36 Edg/145.0.0.0,无效URL（非 http/https/rtsp 开头）
24 TV (1080p),#EXTVLCOPT:http-user-agent=Mozilla/5.0 Macintosh; Intel Mac OS X 10_14_5 AppleWebKit/537.36 KHTML, like Gecko Chrome/76.0.3809.25 Safari/537.36,无效URL（非 http/https/rtsp 开头）
31 Kanal,#EXTVLCOPT:http-referrer=https://31.kz/,无效URL（非 http/https/rtsp 开头）
35MM (1080p),#EXTVLCOPT:http-user-agent=Mozilla/5.0 (Windows NT 10.0; Win64; x64) AppleWebKit/537.36 (KHTML, like Gecko) Chrome/145.0.0.0 Safari/537.36 Edg/145.0.0.0,无效URL（非 http/https/rtsp 开头）
101tv Malaga,#EXTVLCOPT:http-referrer=https://player.instantvideocloud.net/,无效URL（非 http/https/rtsp 开头）
101tv Sevilla,#EXTVLCOPT:http-referrer=https://player.instantvideocloud.net/,无效URL（非 http/https/rtsp 开头）
A24 (720p),#EXTVLCOPT:http-user-agent=Mozilla/5.0 (Linux; Android 13; Pixel 7) AppleWebKit/537.36 (KHTML, como Gecko) Chrome/112.0.0.0 Mobile Safari/537.36,无效URL（非 http/https/rtsp 开头）
a-z Best Classic TV (1080p),#EXTVLCOPT:http-user-agent=Mozilla/5.0 (Windows NT 10.0; Win64; x64) AppleWebKit/537.36 (KHTML, like Gecko) Chrome/145.0.0.0 Safari/537.36 Edg/145.0.0.0,无效URL（非 http/https/rtsp 开头）
a-z Classic Flix (1080p),#EXTVLCOPT:http-user-agent=Mozilla/5.0 (Windows NT 10.0; Win64; x64) AppleWebKit/537.36 (KHTML, like Gecko) Chrome/145.0.0.0 Safari/537.36 Edg/145.0.0.0,无效URL（非 http/https/rtsp 开头）
a-z Western Grit (1080p),#EXTVLCOPT:http-user-agent=Mozilla/5.0 (Windows NT 10.0; Win64; x64) AppleWebKit/537.36 (KHTML, like Gecko) Chrome/145.0.0.0 Safari/537.36 Edg/145.0.0.0,无效URL（非 http/https/rtsp 开头）
Aaj Ki Khabar (1080p),#EXTVLCOPT:http-user-agent=Mozilla/5.0 (Windows NT 10.0; Win64; x64) AppleWebKit/537.36 (KHTML, like Gecko) Chrome/145.0.0.0 Safari/537.36 Edg/145.0.0.0,无效URL（非 http/https/rtsp 开头）
ABC-TV Paraguay,#EXTVLCOPT:http-referrer=https://www.abc.com.py/,无效URL（非 http/https/rtsp 开头）
ABN Andhra Jyoti (1080p),#EXTVLCOPT:http-user-agent=Mozilla/5.0 (Windows NT 10.0; Win64; x64) AppleWebKit/537.36 (KHTML, like Gecko) Chrome/145.0.0.0 Safari/537.36 Edg/145.0.0.0,无效URL（非 http/https/rtsp 开头）
ABP Majha (1080p),#EXTVLCOPT:http-user-agent=Mozilla/5.0 (Windows NT 10.0; Win64; x64) AppleWebKit/537.36 (KHTML, like Gecko) Chrome/145.0.0.0 Safari/537.36 Edg/145.0.0.0,无效URL（非 http/https/rtsp 开头）
ABP Sanjha (1080p),#EXTVLCOPT:http-user-agent=Mozilla/5.0 (Windows NT 10.0; Win64; x64) AppleWebKit/537.36 (KHTML, like Gecko) Chrome/145.0.0.0 Safari/537.36 Edg/145.0.0.0,无效URL（非 http/https/rtsp 开头）
ACE TV (480p),#EXTVLCOPT:http-user-agent=Mozilla/5.0 (Windows NT 10.0; Win64; x64) AppleWebKit/537.36 (KHTML, like Gecko) Chrome/145.0.0.0 Safari/537.36 Edg/145.0.0.0,无效URL（非 http/https/rtsp 开头）
Acento TV,#EXTVLCOPT:http-referrer=https://acentotv01.streamprolive.com/i/cp/hls/player.html,无效URL（非 http/https/rtsp 开头）
ACI On The Go (1080p),#EXTVLCOPT:http-user-agent=Mozilla/5.0 (Windows NT 10.0; Win64; x64) AppleWebKit/537.36 (KHTML, like Gecko) Chrome/145.0.0.0 Safari/537.36 Edg/145.0.0.0,无效URL（非 http/https/rtsp 开头）
ACL Cornhole TV (1080p),#EXTVLCOPT:http-user-agent=Mozilla/5.0 (Windows NT 10.0; Win64; x64) AppleWebKit/537.36 (KHTML, like Gecko) Chrome/145.0.0.0 Safari/537.36 Edg/145.0.0.0,无效URL（非 http/https/rtsp 开头）
Africanews (720p),#EXTVLCOPT:http-user-agent=Mozilla/5.0 (Windows NT 10.0; Win64; x64) AppleWebKit/537.36 (KHTML, like Gecko) Chrome/145.0.0.0 Safari/537.36 Edg/145.0.0.0,无效URL（非 http/https/rtsp 开头）
Afrique Media (720p),#EXTVLCOPT:http-referrer=https://odysee.com,无效URL（非 http/https/rtsp 开头）
Al Resalah (1080p) [Geo-blocked],#EXTVLCOPT:http-referrer=https://rotana.net/,无效URL（非 http/https/rtsp 开头）
America TV (720p),#EXTVLCOPT:http-user-agent=Mozilla/5.0 (Linux; Android 13; Pixel 7) AppleWebKit/537.36 (KHTML, como Gecko) Chrome/112.0.0.0 Mobile Safari/537.36,无效URL（非 http/https/rtsp 开头）
Amplified Voices TV (1080p),#EXTVLCOPT:http-user-agent=Mozilla/5.0 (Windows NT 10.0; Win64; x64) AppleWebKit/537.36 (KHTML, like Gecko) Chrome/145.0.0.0 Safari/537.36 Edg/145.0.0.0,无效URL（非 http/https/rtsp 开头）
AMusic Channel (1080p),#EXTVLCOPT:http-user-agent=Mozilla/5.0 (Windows NT 10.0; Win64; x64) AppleWebKit/537.36 (KHTML, like Gecko) Chrome/145.0.0.0 Safari/537.36 Edg/145.0.0.0,无效URL（非 http/https/rtsp 开头）
Ann Channel (1080p),#EXTVLCOPT:http-user-agent=Mozilla/5.0 (Windows NT 10.0; Win64; x64) AppleWebKit/537.36 (KHTML, like Gecko) Chrome/145.0.0.0 Safari/537.36 Edg/145.0.0.0,无效URL（非 http/https/rtsp 开头）
ANT1 (1080p) [Geo-blocked],#EXTVLCOPT:http-referrer=http://watch.antennaplus.gr,无效URL（非 http/https/rtsp 开头）
Antena 1 HD,#EXTVLCOPT:http-referrer=https://canale-tv.com/,无效URL（非 http/https/rtsp 开头）
ANTV (720p),#EXTVLCOPT:http-user-agent=Mozilla/5.0 (Windows NT 10.0; Win64; x64) AppleWebKit/537.36 (KHTML, like Gecko) Chrome/65.0.3325.181 Safari/537.36,无效URL（非 http/https/rtsp 开头）
Anwar TV2 (720p),#EXTVLCOPT:http-referrer=https://odysee.com/,无效URL（非 http/https/rtsp 开头）
Apostrophe TV (1080p),#EXTVLCOPT:http-user-agent=curl/8.16.0,无效URL（非 http/https/rtsp 开头）
Approval TV (720p),#EXTVLCOPT:http-referrer=https://live.approvaltv.com/,无效URL（非 http/https/rtsp 开头）
Argus News (1080p),#EXTVLCOPT:http-user-agent=Mozilla/5.0 (Windows NT 10.0; Win64; x64) AppleWebKit/537.36 (KHTML, like Gecko) Chrome/145.0.0.0 Safari/537.36 Edg/145.0.0.0,无效URL（非 http/https/rtsp 开头）
ARY Digital USA (720p) [Not 24/7],#EXTVLCOPT:http-referrer=https://live.arydigital.tv/,无效URL（非 http/https/rtsp 开头）
ARY Musik (1080p),#EXTVLCOPT:http-referrer=https://live.arydigital.tv/,无效URL（非 http/https/rtsp 开头）
AsianBox (1080p),#EXTVLCOPT:http-user-agent=Mozilla/5.0 (Windows NT 10.0; Win64; x64) AppleWebKit/537.36 (KHTML, like Gecko) Chrome/144.0.0.0 Safari/537.36,无效URL（非 http/https/rtsp 开头）
Asianet (576p),#EXTVLCOPT:http-referrer=https://tulnit.com,无效URL（非 http/https/rtsp 开头）
Asianet Movies (576p),#EXTVLCOPT:http-referrer=https://tulnit.com,无效URL（非 http/https/rtsp 开头）
Asianet Plus (396p),#EXTVLCOPT:http-referrer=https://tulnit.com,无效URL（非 http/https/rtsp 开头）
Astro Blitar TV (720p),#EXTVLCOPT:http-referrer=https://abtelevisi.com/,无效URL（非 http/https/rtsp 开头）
Atmadarshan Tv (720p),#EXTVLCOPT:http-user-agent=Mozilla/5.0 (Windows NT 10.0; Win64; x64) AppleWebKit/537.36 (KHTML, like Gecko) Chrome/145.0.0.0 Safari/537.36 Edg/145.0.0.0,无效URL（非 http/https/rtsp 开头）
ATR (720p),#EXTVLCOPT:http-user-agent=Mozilla/5.0 (Windows NT 10.0; Win64; x64; rv:97.0) Gecko/20100101 Firefox/97.0,无效URL（非 http/https/rtsp 开头）
Auto TV (1080p),#EXTVLCOPT:http-user-agent=Mozilla/5.0 (Windows NT 10.0; Win64; x64) AppleWebKit/537.36 (KHTML, like Gecko) Chrome/144.0.0.0 Safari/537.36,无效URL（非 http/https/rtsp 开头）
Auto TV (720p),#EXTVLCOPT:http-user-agent=Mozilla/5.0 (Windows NT 10.0; Win64; x64) AppleWebKit/537.36 (KHTML, like Gecko) Chrome/144.0.0.0 Safari/537.36,无效URL（非 http/https/rtsp 开头）
AWE Plus (720p),#EXTVLCOPT:http-user-agent=Mozilla/5.0 (Windows NT 10.0; Win64; x64) AppleWebKit/537.36 (KHTML, like Gecko) Chrome/145.0.0.0 Safari/537.36 Edg/145.0.0.0,无效URL（非 http/https/rtsp 开头）
AWTV (1080p) [Geo-blocked],#EXTVLCOPT:http-referrer=https://awtv.com.br,无效URL（非 http/https/rtsp 开头）
Az TV,#EXTVLCOPT:http-user-agent=Mozilla/5.0 (Windows NT 10.0; Win64; x64) AppleWebKit/537.36 (KHTML, like Gecko) Chrome/120.0.0.0 Safari/537.36,无效URL（非 http/https/rtsp 开头）
Balle Balle (1080p),#EXTVLCOPT:http-user-agent=Mozilla/5.0 (Windows NT 10.0; Win64; x64) AppleWebKit/537.36 (KHTML, like Gecko) Chrome/145.0.0.0 Safari/537.36 Edg/145.0.0.0,无效URL（非 http/https/rtsp 开头）
BarkTV (1080p),#EXTVLCOPT:http-user-agent=Mozilla/5.0 (Windows NT 10.0; Win64; x64) AppleWebKit/537.36 (KHTML, like Gecko) Chrome/145.0.0.0 Safari/537.36 Edg/145.0.0.0,无效URL（非 http/https/rtsp 开头）
BBC Lifestyle Asia (720p),#EXTVLCOPT:http-user-agent=Mozilla/5.0 (Windows NT 10.0; Win64; x64) AppleWebKit/537.36 (KHTML, like Gecko) Chrome/144.0.0.0 Safari/537.36,无效URL（非 http/https/rtsp 开头）
BDNCOM (1080p),#EXTVLCOPT:http-user-agent=Mozilla/5.0 (Windows NT 10.0; Win64; x64) AppleWebKit/537.36 (KHTML, like Gecko) Chrome/83.0.4103.97 Safari/537.36 CrKey/1.44.191160,无效URL（非 http/https/rtsp 开头）
beIN SPORTS Xtra (1080p),#EXTVLCOPT:http-user-agent=Mozilla/5.0 (Windows NT 10.0; Win64; x64) AppleWebKit/537.36 (KHTML, like Gecko) Chrome/145.0.0.0 Safari/537.36 Edg/145.0.0.0,无效URL（非 http/https/rtsp 开头）
beIN SPORTS Xtra en Español (1080p),#EXTVLCOPT:http-user-agent=Mozilla/5.0 (Windows NT 10.0; Win64; x64) AppleWebKit/537.36 (KHTML, like Gecko) Chrome/145.0.0.0 Safari/537.36 Edg/145.0.0.0,无效URL（非 http/https/rtsp 开头）
Berita RTM [Geo-blocked],#EXTVLCOPT:http-referrer=https://rtm-player.glueapi.io/,无效URL（非 http/https/rtsp 开头）
BFM Alsace (1080p),#EXTVLCOPT:http-user-agent=Mozilla/5.0 (X11; Linux x86_64) AppleWebKit/537.36 (KHTML, like Gecko) Chrome/108.0.0.0 Safari/537.36,无效URL（非 http/https/rtsp 开头）
BFM Business (1080p),#EXTVLCOPT:http-user-agent=Mozilla/5.0 (X11; Linux x86_64) AppleWebKit/537.36 (KHTML, like Gecko) Chrome/108.0.0.0 Safari/537.36,无效URL（非 http/https/rtsp 开头）
BFM DICI Alpes du Sud (1080p),#EXTVLCOPT:http-user-agent=Mozilla/5.0 (X11; Linux x86_64) AppleWebKit/537.36 (KHTML, like Gecko) Chrome/108.0.0.0 Safari/537.36,无效URL（非 http/https/rtsp 开头）
BFM DICI Haute-Provence (1080p),#EXTVLCOPT:http-user-agent=Mozilla/5.0 (X11; Linux x86_64) AppleWebKit/537.36 (KHTML, like Gecko) Chrome/108.0.0.0 Safari/537.36,无效URL（非 http/https/rtsp 开头）
BFM Grand Lille (1080p),#EXTVLCOPT:http-user-agent=Mozilla/5.0 (X11; Linux x86_64) AppleWebKit/537.36 (KHTML, like Gecko) Chrome/108.0.0.0 Safari/537.36,无效URL（非 http/https/rtsp 开头）
BFM Grand Littoral (1080p),#EXTVLCOPT:http-user-agent=Mozilla/5.0 (X11; Linux x86_64) AppleWebKit/537.36 (KHTML, like Gecko) Chrome/108.0.0.0 Safari/537.36,无效URL（非 http/https/rtsp 开头）
BFM Grands Reportages (1080p),#EXTVLCOPT:http-user-agent=Mozilla/5.0 (X11; Linux x86_64) AppleWebKit/537.36 (KHTML, like Gecko) Chrome/108.0.0.0 Safari/537.36,无效URL（非 http/https/rtsp 开头）
BFM Lyon (1080p),#EXTVLCOPT:http-user-agent=Mozilla/5.0 (X11; Linux x86_64) AppleWebKit/537.36 (KHTML, like Gecko) Chrome/108.0.0.0 Safari/537.36,无效URL（非 http/https/rtsp 开头）
BFM Marseille (1080p),#EXTVLCOPT:http-user-agent=Mozilla/5.0 (X11; Linux x86_64) AppleWebKit/537.36 (KHTML, like Gecko) Chrome/108.0.0.0 Safari/537.36,无效URL（非 http/https/rtsp 开头）
BFM Nice Côte d'Azur (1080p),#EXTVLCOPT:http-user-agent=Mozilla/5.0 (X11; Linux x86_64) AppleWebKit/537.36 (KHTML, like Gecko) Chrome/108.0.0.0 Safari/537.36,无效URL（非 http/https/rtsp 开头）
BFM Normandie (1080p),#EXTVLCOPT:http-user-agent=Mozilla/5.0 (X11; Linux x86_64) AppleWebKit/537.36 (KHTML, like Gecko) Chrome/108.0.0.0 Safari/537.36,无效URL（非 http/https/rtsp 开头）
BFM Tech & Co (1080p),#EXTVLCOPT:http-user-agent=Mozilla/5.0 (X11; Linux x86_64) AppleWebKit/537.36 (KHTML, like Gecko) Chrome/108.0.0.0 Safari/537.36,无效URL（非 http/https/rtsp 开头）
BFM Toulon Var (1080p),#EXTVLCOPT:http-user-agent=Mozilla/5.0 (X11; Linux x86_64) AppleWebKit/537.36 (KHTML, like Gecko) Chrome/108.0.0.0 Safari/537.36,无效URL（非 http/https/rtsp 开头）
BFM TV (1080p),#EXTVLCOPT:http-user-agent=Mozilla/5.0 (X11; Linux x86_64) AppleWebKit/537.36 (KHTML, like Gecko) Chrome/108.0.0.0 Safari/537.36,无效URL（非 http/https/rtsp 开头）
Bhakthi Siri (576p),#EXTVLCOPT:http-user-agent=Mozilla/5.0 (Windows NT 10.0; Win64; x64) AppleWebKit/537.36 (KHTML, like Gecko) Chrome/145.0.0.0 Safari/537.36 Edg/145.0.0.0,无效URL（非 http/https/rtsp 开头）
Bharat24 (1080p),#EXTVLCOPT:http-referrer=https://cdn.ottlive.co.in/bharat24/embed.html,无效URL（非 http/https/rtsp 开头）
Bharat Express (1080p),#EXTVLCOPT:http-user-agent=Mozilla/5.0 (Windows NT 10.0; Win64; x64) AppleWebKit/537.36 (KHTML, like Gecko) Chrome/145.0.0.0 Safari/537.36 Edg/145.0.0.0,无效URL（非 http/https/rtsp 开头）
BHT 1 (720p),#EXTVLCOPT:http-user-agent=Mozilla/5.0 (Macintosh; Intel Mac OS X 10_15_7) AppleWebKit/605.1.15 (KHTML, like Gecko) Version/17.10 Safari/605.1.1,无效URL（非 http/https/rtsp 开头）
Big Tv (1080p),#EXTVLCOPT:http-user-agent=Mozilla/5.0 (Windows NT 10.0; Win64; x64) AppleWebKit/537.36 (KHTML, like Gecko) Chrome/145.0.0.0 Safari/537.36 Edg/145.0.0.0,无效URL（非 http/https/rtsp 开头）
Bleav Football (1080p),#EXTVLCOPT:http-user-agent=Mozilla/5.0 (Windows NT 10.0; Win64; x64) AppleWebKit/537.36 (KHTML, like Gecko) Chrome/145.0.0.0 Safari/537.36 Edg/145.0.0.0,无效URL（非 http/https/rtsp 开头）
Bless TV (1080p),#EXTVLCOPT:http-user-agent=Mozilla/5.0 (Windows NT 10.0; Win64; x64) AppleWebKit/537.36 (KHTML, like Gecko) Chrome/145.0.0.0 Safari/537.36 Edg/145.0.0.0,无效URL（非 http/https/rtsp 开头）
Bloomberg Television (1080p),#EXTVLCOPT:http-user-agent=Mozilla/5.0 (Windows NT 10.0; Win64; x64) AppleWebKit/537.36 (KHTML, like Gecko) Chrome/145.0.0.0 Safari/537.36 Edg/145.0.0.0,无效URL（非 http/https/rtsp 开头）
Bloomberg TV Mongolia HD (1080p),#EXTVLCOPT:http-user-agent=Mozilla/5.0 (Windows NT 10.0; Win64; x64) AppleWebKit/537.36 (KHTML, like Gecko) Chrome/144.0.0.0 Safari/537.36,无效URL（非 http/https/rtsp 开头）
BN Channel (720p),#EXTVLCOPT:http-referrer=https://youtv.live/,无效URL（非 http/https/rtsp 开头）
Bollywood Masala (1080p),#EXTVLCOPT:http-user-agent=Mozilla/5.0 (Windows NT 10.0; Win64; x64) AppleWebKit/537.36 (KHTML, like Gecko) Chrome/145.0.0.0 Safari/537.36 Edg/145.0.0.0,无效URL（非 http/https/rtsp 开头）
Bowling TV (1080p),#EXTVLCOPT:http-user-agent=Mozilla/5.0 (Windows NT 10.0; Win64; x64) AppleWebKit/537.36 (KHTML, like Gecko) Chrome/145.0.0.0 Safari/537.36 Edg/145.0.0.0,无效URL（非 http/https/rtsp 开头）
Box Cinema (1080p),#EXTVLCOPT:http-user-agent=Mozilla/5.0 (Windows NT 10.0; Win64; x64) AppleWebKit/537.36 (KHTML, like Gecko) Chrome/145.0.0.0 Safari/537.36 Edg/145.0.0.0,无效URL（非 http/https/rtsp 开头）
Box Gamers (1080p),#EXTVLCOPT:http-user-agent=Mozilla/5.0 (Windows NT 10.0; Win64; x64) AppleWebKit/537.36 (KHTML, like Gecko) Chrome/145.0.0.0 Safari/537.36 Edg/145.0.0.0,无效URL（非 http/https/rtsp 开头）
BritAsiaTV (1080p),#EXTVLCOPT:http-user-agent=Mozilla/5.0 (Windows NT 10.0; Win64; x64) AppleWebKit/537.36 (KHTML, like Gecko) Chrome/145.0.0.0 Safari/537.36 Edg/145.0.0.0,无效URL（非 http/https/rtsp 开头）
C1 (1080p),#EXTVLCOPT:http-user-agent=Mozilla/5.0 (Windows NT 10.0; Win64; x64) AppleWebKit/537.36 (KHTML, like Gecko) Chrome/144.0.0.0 Safari/537.36,无效URL（非 http/https/rtsp 开头）
Canal 8 Vision TV (1080p),#EXTVLCOPT:http-referrer=https://www.visioncomunicaciones.com.py/,无效URL（非 http/https/rtsp 开头）
Canal 28 (720p) [Not 24/7],#EXTVLCOPT:http-referrer=https://player.castr.com/live_bf24d4208d8611eeb116dbe87aa63be0,无效URL（非 http/https/rtsp 开头）
Canal Once (480p),#EXTVLCOPT:http-referrer=https://canal11delzulia.com/,无效URL（非 http/https/rtsp 开头）
Canal Pro,#EXTVLCOPT:http-referrer=https://www.canalpro.com.py/en-vivo,无效URL（非 http/https/rtsp 开头）
Canal Reus TV (720p),#EXTVLCOPT:http-user-agent=Mozilla/5.0 (Windows NT 10.0; Win64; x64) AppleWebKit/537.36 (KHTML, like Gecko) Chrome/83.0.4103.97 Safari/537.36 CrKey/1.44.191160,无效URL（非 http/https/rtsp 开头）
Canal Taronja Comarques Centrals (1080p) [Not 24/7],#EXTVLCOPT:http-user-agent=Mozilla/5.0 (Windows NT 10.0; Win64; x64) AppleWebKit/537.36 (KHTML, like Gecko) Chrome/83.0.4103.97 Safari/537.36 CrKey/1.44.191160,无效URL（非 http/https/rtsp 开头）
Canal Taronja Osona i Moianés (1080p) [Not 24/7],#EXTVLCOPT:http-user-agent=Mozilla/5.0 (Windows NT 10.0; Win64; x64) AppleWebKit/537.36 (KHTML, like Gecko) Chrome/83.0.4103.97 Safari/537.36 CrKey/1.44.191160,无效URL（非 http/https/rtsp 开头）
Canal Terrassa (1080p),#EXTVLCOPT:http-user-agent=Mozilla/5.0 (Windows NT 10.0; Win64; x64) AppleWebKit/537.36 (KHTML, like Gecko) Chrome/83.0.4103.97 Safari/537.36 CrKey/1.44.191160,无效URL（非 http/https/rtsp 开头）
Canal Terres de L'Ebre (1080p),#EXTVLCOPT:http-user-agent=Mozilla/5.0 (Windows NT 10.0; Win64; x64) AppleWebKit/537.36 (KHTML, like Gecko) Chrome/83.0.4103.97 Safari/537.36 CrKey/1.44.191160,无效URL（非 http/https/rtsp 开头）
Canal TRO (1080p),#EXTVLCOPT:http-user-agent=Mozilla/5.0 (Windows NT 10.0; Win64; x64) AppleWebKit/537.36 (KHTML, like Gecko) Chrome/83.0.4103.97 Safari/537.36 CrKey/1.44.191160,无效URL（非 http/https/rtsp 开头）
Canal TRO Plus (1080p) [Geo-blocked],#EXTVLCOPT:http-user-agent=Mozilla/5.0 (Windows NT 10.0; Win64; x64) AppleWebKit/537.36 (KHTML, like Gecko) Chrome/83.0.4103.97 Safari/537.36 CrKey/1.44.191160,无效URL（非 http/https/rtsp 开头）
CarbonTV (1080p),#EXTVLCOPT:http-user-agent=Mozilla/5.0 (Windows NT 10.0; Win64; x64) AppleWebKit/537.36 (KHTML, like Gecko) Chrome/145.0.0.0 Safari/537.36 Edg/145.0.0.0,无效URL（非 http/https/rtsp 开头）
Cartoon Classics (1080p),#EXTVLCOPT:http-user-agent=Mozilla/5.0 (Windows NT 10.0; Win64; x64) AppleWebKit/537.36 (KHTML, like Gecko) Chrome/145.0.0.0 Safari/537.36 Edg/145.0.0.0,无效URL（非 http/https/rtsp 开头）
Caruban TV (1080p),#EXTVLCOPT:http-referrer=https://stream.carubantv.id,无效URL（非 http/https/rtsp 开头）
CCTV-4 (720p),http://74.91.26.218:82/live/cctv4hd.m3u8,重复URL
CCTV-4 America (1080p),https://global.cgtn.cicc.media.caton.cloud/master/cgtn-america.m3u8,重复URL
CCTV-7 (720p),http://74.91.26.218:82/live/cctv7hd.m3u8,重复URL
CCTV-12 (720p),http://74.91.26.218:82/live/cctv12hd.m3u8,重复URL
CCTV-13 (1080p),https://cdn3.163189.xyz/163189/cctv13,重复URL
CCTV-14 (1080p),http://74.91.26.218:82/live/cctv14hd.m3u8,重复URL
CCTV-16 (1080p),http://74.91.26.218:82/live/cctv16hd.m3u8,重复URL
Central TV (1080p),#EXTVLCOPT:http-user-agent=Mozilla/5.0 (Windows NT 10.0; Win64; x64) AppleWebKit/537.36 (KHTML, like Gecko) Chrome/144.0.0.0 Safari/537.36,无效URL（非 http/https/rtsp 开头）
CG Central (1080p),#EXTVLCOPT:http-user-agent=Mozilla/5.0 (Windows NT 10.0; Win64; x64) AppleWebKit/537.36 (KHTML, like Gecko) Chrome/145.0.0.0 Safari/537.36 Edg/145.0.0.0,无效URL（非 http/https/rtsp 开头）
CGNTV Japan (1080p),#EXTVLCOPT:http-referrer=http://japan.cgntv.net/HD_player_jp.html,无效URL（非 http/https/rtsp 开头）
Channel 5 International (576i),#EXTVLCOPT:http-user-agent=Mozilla/5.0 (Windows NT 10.0; Win64; x64) AppleWebKit/537.36 (KHTML, like Gecko) Chrome/144.0.0.0 Safari/537.36,无效URL（非 http/https/rtsp 开头）
Channel 11 (1080p),#EXTVLCOPT:http-user-agent=Mozilla/5.0 (Windows NT 10.0; Win64; x64) AppleWebKit/537.36 (KHTML, like Gecko) Chrome/144.0.0.0 Safari/537.36,无效URL（非 http/https/rtsp 开头）
Channel Fight (1080p),#EXTVLCOPT:http-user-agent=Mozilla/5.0 (Windows NT 10.0; Win64; x64) AppleWebKit/537.36 (KHTML, like Gecko) Chrome/145.0.0.0 Safari/537.36 Edg/145.0.0.0,无效URL（非 http/https/rtsp 开头）
Channel Jowo [Geo-blocked],#EXTVLCOPT:http-referrer=https://www.dens.tv/,无效URL（非 http/https/rtsp 开头）
Cigar TV (1080p),#EXTVLCOPT:http-user-agent=Mozilla/5.0 (Windows NT 10.0; Win64; x64) AppleWebKit/537.36 (KHTML, like Gecko) Chrome/145.0.0.0 Safari/537.36 Edg/145.0.0.0,无效URL（非 http/https/rtsp 开头）
Cinema (1080p),#EXTVLCOPT:http-user-agent=Mozilla/5.0 (Windows NT 10.0; Win64; x64) AppleWebKit/537.36 (KHTML, like Gecko) Chrome/144.0.0.0 Safari/537.36,无效URL（非 http/https/rtsp 开头）
CinePast (1080p),#EXTVLCOPT:http-user-agent=Mozilla/5.0 (Windows NT 10.0; Win64; x64) AppleWebKit/537.36 (KHTML, like Gecko) Chrome/145.0.0.0 Safari/537.36 Edg/145.0.0.0,无效URL（非 http/https/rtsp 开头）
CJC Television Network (1080p),#EXTVLCOPT:http-user-agent=Mozilla/5.0 (Windows NT 10.0; Win64; x64) AppleWebKit/537.36 (KHTML, like Gecko) Chrome/145.0.0.0 Safari/537.36 Edg/145.0.0.0,无效URL（非 http/https/rtsp 开头）
CN News (1080p),#EXTVLCOPT:http-user-agent=Mozilla/5.0 (Windows NT 10.0; Win64; x64) AppleWebKit/537.36 (KHTML, like Gecko) Chrome/145.0.0.0 Safari/537.36 Edg/145.0.0.0,无效URL（非 http/https/rtsp 开头）
CNBC (720p),#EXTVLCOPT:http-referrer=https://www.newslive.com/business/cnbc-live-free.html,无效URL（非 http/https/rtsp 开头）
CNBC MGL (1080p),#EXTVLCOPT:http-user-agent=Mozilla/5.0 (Windows NT 10.0; Win64; x64) AppleWebKit/537.36 (KHTML, like Gecko) Chrome/144.0.0.0 Safari/537.36,无效URL（非 http/https/rtsp 开头）
CNBC Mongolia (720p),#EXTVLCOPT:http-user-agent=Mozilla/5.0 (Windows NT 10.0; Win64; x64) AppleWebKit/537.36 (KHTML, like Gecko) Chrome/144.0.0.0 Safari/537.36,无效URL（非 http/https/rtsp 开头）
Colorized.TV (1080p),#EXTVLCOPT:http-user-agent=Mozilla/5.0 (Windows NT 10.0; Win64; x64) AppleWebKit/537.36 (KHTML, like Gecko) Chrome/145.0.0.0 Safari/537.36 Edg/145.0.0.0,无效URL（非 http/https/rtsp 开头）
Comedy Classics (1080p),#EXTVLCOPT:http-user-agent=Mozilla/5.0 (Windows NT 10.0; Win64; x64) AppleWebKit/537.36 (KHTML, like Gecko) Chrome/145.0.0.0 Safari/537.36 Edg/145.0.0.0,无效URL（非 http/https/rtsp 开头）
Cowboy Classics (1080p),#EXTVLCOPT:http-user-agent=Mozilla/5.0 (Windows NT 10.0; Win64; x64) AppleWebKit/537.36 (KHTML, like Gecko) Chrome/145.0.0.0 Safari/537.36 Edg/145.0.0.0,无效URL（非 http/https/rtsp 开头）
CraftsyTV (1080p),#EXTVLCOPT:http-user-agent=Mozilla/5.0 (Windows NT 10.0; Win64; x64) AppleWebKit/537.36 (KHTML, like Gecko) Chrome/145.0.0.0 Safari/537.36 Edg/145.0.0.0,无效URL（非 http/https/rtsp 开头）
Crema TV [Geo-blocked],#EXTVLCOPT:http-referrer=https://www.dens.tv/,无效URL（非 http/https/rtsp 开头）
crema.tv (720p),#EXTVLCOPT:http-user-agent=Mozilla/5.0 (Windows NT 10.0; Win64; x64) AppleWebKit/537.36 (KHTML, like Gecko) Chrome/145.0.0.0 Safari/537.36 Edg/145.0.0.0,无效URL（非 http/https/rtsp 开头）
Crime & Evidence (720p),#EXTVLCOPT:http-user-agent=Mozilla/5.0 (Windows NT 10.0; Win64; x64) AppleWebKit/537.36 (KHTML, like Gecko) Chrome/145.0.0.0 Safari/537.36 Edg/145.0.0.0,无效URL（非 http/https/rtsp 开头）
CTS (HUA-CHI CTS) (1080p),rtmp://59.124.75.138:1935/sat/tv111,无效URL（非 http/https/rtsp 开头）
Cugat TV (1080p),#EXTVLCOPT:http-user-agent=Mozilla/5.0 (Windows NT 10.0; Win64; x64) AppleWebKit/537.36 (KHTML, like Gecko) Chrome/83.0.4103.97 Safari/537.36 CrKey/1.44.191160,无效URL（非 http/https/rtsp 开头）
CUISINE CULTURE (1080p),#EXTVLCOPT:http-user-agent=Mozilla/5.0 (Windows NT 10.0; Win64; x64) AppleWebKit/537.36 (KHTML, like Gecko) Chrome/145.0.0.0 Safari/537.36 Edg/145.0.0.0,无效URL（非 http/https/rtsp 开头）
DA News Plus (1080p),#EXTVLCOPT:http-user-agent=Mozilla/5.0 (Windows NT 10.0; Win64; x64) AppleWebKit/537.36 (KHTML, like Gecko) Chrome/145.0.0.0 Safari/537.36 Edg/145.0.0.0,无效URL（非 http/https/rtsp 开头）
Dance TV [Geo-blocked],#EXTVLCOPT:http-referrer=https://www.dens.tv/,无效URL（非 http/https/rtsp 开头）
Davika TV (480p),#EXTVLCOPT:http-referrer=https://davikatv.co/livestreaming/,无效URL（非 http/https/rtsp 开头）
DeFiance Media (1080p),#EXTVLCOPT:http-user-agent=Mozilla/5.0 (Windows NT 10.0; Win64; x64) AppleWebKit/537.36 (KHTML, like Gecko) Chrome/145.0.0.0 Safari/537.36 Edg/145.0.0.0,无效URL（非 http/https/rtsp 开头）
Del Rey TV (1080p),#EXTVLCOPT:http-referrer=https://tvonline.com.py/,无效URL（非 http/https/rtsp 开头）
Dens Food Channel [Geo-blocked],#EXTVLCOPT:http-referrer=https://www.dens.tv/,无效URL（非 http/https/rtsp 开头）
Dens Learning & Knowledge [Geo-blocked],#EXTVLCOPT:http-referrer=https://www.dens.tv/,无效URL（非 http/https/rtsp 开头）
Dens Life & Style [Geo-blocked],#EXTVLCOPT:http-referrer=https://www.dens.tv/,无效URL（非 http/https/rtsp 开头）
Dens Play [Geo-blocked],#EXTVLCOPT:http-referrer=https://www.dens.tv/,无效URL（非 http/https/rtsp 开头）
Dens ShowBiz [Geo-blocked],#EXTVLCOPT:http-referrer=https://www.dens.tv/,无效URL（非 http/https/rtsp 开头）
Digo TV (1080p),#EXTVLCOPT:http-user-agent=Mozilla/5.0 (Windows NT 10.0; Win64; x64) AppleWebKit/537.36 (KHTML, like Gecko) Chrome/145.0.0.0 Safari/537.36 Edg/145.0.0.0,无效URL（非 http/https/rtsp 开头）
DJ Central TV (1080p),#EXTVLCOPT:http-user-agent=Mozilla/5.0 (Windows NT 10.0; Win64; x64) AppleWebKit/537.36 (KHTML, like Gecko) Chrome/145.0.0.0 Safari/537.36 Edg/145.0.0.0,无效URL（非 http/https/rtsp 开头）
Donechchyna TV (720p),#EXTVLCOPT:http-user-agent=curl/8.16.0,无效URL（非 http/https/rtsp 开头）
Dragon TV International (480p) [Geo-blocked],#EXTVLCOPT:http-referrer=https://www.dens.tv/,无效URL（非 http/https/rtsp 开头）
Dream TV (1080p),#EXTVLCOPT:http-user-agent=Mozilla/5.0 (Windows NT 10.0; Win64; x64) AppleWebKit/537.36 (KHTML, like Gecko) Chrome/144.0.0.0 Safari/537.36,无效URL（非 http/https/rtsp 开头）
DroneTV (1080p),#EXTVLCOPT:http-user-agent=Mozilla/5.0 (Windows NT 10.0; Win64; x64) AppleWebKit/537.36 (KHTML, like Gecko) Chrome/145.0.0.0 Safari/537.36 Edg/145.0.0.0,无效URL（非 http/https/rtsp 开头）
E40 (1080p),#EXTVLCOPT:http-referrer=https://www.estacion40.com.py/,无效URL（非 http/https/rtsp 开头）
Eagle News HD (1080p),#EXTVLCOPT:http-user-agent=Mozilla/5.0 (Windows NT 10.0; Win64; x64) AppleWebKit/537.36 (KHTML, like Gecko) Chrome/144.0.0.0 Safari/537.36,无效URL（非 http/https/rtsp 开头）
Education (1080p),#EXTVLCOPT:http-user-agent=Mozilla/5.0 (Windows NT 10.0; Win64; x64) AppleWebKit/537.36 (KHTML, like Gecko) Chrome/144.0.0.0 Safari/537.36,无效URL（非 http/https/rtsp 开头）
Efarina TV (720p),#EXTVLCOPT:http-referrer=https://live.efarinatv.net/,无效URL（非 http/https/rtsp 开头）
Eko TV (720p),#EXTVLCOPT:http-user-agent=curl/8.16.0,无效URL（非 http/https/rtsp 开头）
El 9 TV (1080p),#EXTVLCOPT:http-user-agent=Mozilla/5.0 (Windows NT 10.0; Win64; x64) AppleWebKit/537.36 (KHTML, like Gecko) Chrome/83.0.4103.97 Safari/537.36 CrKey/1.44.191160,无效URL（非 http/https/rtsp 开头）
El Nuevo Diario TV (480p),#EXTVLCOPT:http-referrer=https://nuevodiario01.streamprolive.com/i/cp/hls/player.html,无效URL（非 http/https/rtsp 开头）
El Trece (1080p),#EXTVLCOPT:http-referrer=https://vodgc.net,无效URL（非 http/https/rtsp 开头）
Elevation Church Network (1080p),#EXTVLCOPT:http-user-agent=Mozilla/5.0 (Windows NT 10.0; Win64; x64) AppleWebKit/537.36 (KHTML, like Gecko) Chrome/145.0.0.0 Safari/537.36 Edg/145.0.0.0,无效URL（非 http/https/rtsp 开头）
ENCORE+ (1080p),#EXTVLCOPT:http-user-agent=Mozilla/5.0 (Windows NT 10.0; Win64; x64) AppleWebKit/537.36 (KHTML, like Gecko) Chrome/145.0.0.0 Safari/537.36 Edg/145.0.0.0,无效URL（非 http/https/rtsp 开头）
EsTuTele (720p),#EXTVLCOPT:http-referrer=https://player.streamingconnect.com/,无效URL（非 http/https/rtsp 开头）
ETB Basque (720p),#EXTVLCOPT:http-referrer=https://www.eitb.eus/,无效URL（非 http/https/rtsp 开头）
ETV (1080p),#EXTVLCOPT:http-user-agent=Mozilla/5.0 (Windows NT 10.0; Win64; x64) AppleWebKit/537.36 (KHTML, like Gecko) Chrome/144.0.0.0 Safari/537.36,无效URL（非 http/https/rtsp 开头）
ETV Telugu USA (720p),#EXTVLCOPT:http-user-agent=Mozilla/5.0 (Windows NT 10.0; Win64; x64) AppleWebKit/537.36 (KHTML, like Gecko) Chrome/145.0.0.0 Safari/537.36,无效URL（非 http/https/rtsp 开头）
ETV Terramar (1080p),#EXTVLCOPT:http-user-agent=Mozilla/5.0 (Windows NT 10.0; Win64; x64) AppleWebKit/537.36 (KHTML, like Gecko) Chrome/83.0.4103.97 Safari/537.36 CrKey/1.44.191160,无效URL（非 http/https/rtsp 开头）
Euronews (720p),#EXTVLCOPT:http-user-agent=Mozilla/5.0 (Windows NT 10.0; Win64; x64) AppleWebKit/537.36 (KHTML, like Gecko) Chrome/145.0.0.0 Safari/537.36 Edg/145.0.0.0,无效URL（非 http/https/rtsp 开头）
Euronews Español (720p),#EXTVLCOPT:http-user-agent=Mozilla/5.0 (Windows NT 10.0; Win64; x64) AppleWebKit/537.36 (KHTML, like Gecko) Chrome/145.0.0.0 Safari/537.36 Edg/145.0.0.0,无效URL（非 http/https/rtsp 开头）
FEVA MUSIC (1080p),#EXTVLCOPT:http-user-agent=Mozilla/5.0 (Windows NT 10.0; Win64; x64) AppleWebKit/537.36 (KHTML, like Gecko) Chrome/145.0.0.0 Safari/537.36 Edg/145.0.0.0,无效URL（非 http/https/rtsp 开头）
FEVA TV (1080p),#EXTVLCOPT:http-user-agent=Mozilla/5.0 (Windows NT 10.0; Win64; x64) AppleWebKit/537.36 (KHTML, like Gecko) Chrome/145.0.0.0 Safari/537.36 Edg/145.0.0.0,无效URL（非 http/https/rtsp 开头）
FITE 24/7 (1080p),#EXTVLCOPT:http-user-agent=Mozilla/5.0 (Windows NT 10.0; Win64; x64) AppleWebKit/537.36 (KHTML, like Gecko) Chrome/145.0.0.0 Safari/537.36 Edg/145.0.0.0,无效URL（非 http/https/rtsp 开头）
Fitness Rewind by Collage Video (1080p),#EXTVLCOPT:http-user-agent=Mozilla/5.0 (Windows NT 10.0; Win64; x64) AppleWebKit/537.36 (KHTML, like Gecko) Chrome/145.0.0.0 Safari/537.36 Edg/145.0.0.0,无效URL（非 http/https/rtsp 开头）
FNX [Geo-blocked],#EXTVLCOPT:http-referrer=https://fnx.org/,无效URL（非 http/https/rtsp 开头）
FomixTV (1080p),#EXTVLCOPT:http-referrer=https://www.fomix.nl,无效URL（非 http/https/rtsp 开头）
Foosball TV (1080p),#EXTVLCOPT:http-user-agent=Mozilla/5.0 (Windows NT 10.0; Win64; x64) AppleWebKit/537.36 (KHTML, like Gecko) Chrome/145.0.0.0 Safari/537.36 Edg/145.0.0.0,无效URL（非 http/https/rtsp 开头）
Fora Tedio TV (720p),#EXTVLCOPT:http-referrer=https://www.foratedio.com,无效URL（非 http/https/rtsp 开头）
FUEL TV (1080p),#EXTVLCOPT:http-user-agent=Mozilla/5.0 (Windows NT 10.0; Win64; x64) AppleWebKit/537.36 (KHTML, like Gecko) Chrome/145.0.0.0 Safari/537.36 Edg/145.0.0.0,无效URL（非 http/https/rtsp 开头）
Galaxy TV (720p) [Not 24/7],#EXTVLCOPT:http-referrer=https://player.castr.com/live_43351ad0f3b411ed81c78fcc31887c54,无效URL（非 http/https/rtsp 开头）
Gandan TV (1080p),#EXTVLCOPT:http-user-agent=Mozilla/5.0 (Windows NT 10.0; Win64; x64) AppleWebKit/537.36 (KHTML, like Gecko) Chrome/144.0.0.0 Safari/537.36,无效URL（非 http/https/rtsp 开头）
Garv Punjab Gurbani (1080p),#EXTVLCOPT:http-user-agent=Mozilla/5.0 (Windows NT 10.0; Win64; x64) AppleWebKit/537.36 (KHTML, like Gecko) Chrome/145.0.0.0 Safari/537.36 Edg/145.0.0.0,无效URL（非 http/https/rtsp 开头）
Gen,#EXTVLCOPT:http-referrer=https://www.gen.com.py/,无效URL（非 http/https/rtsp 开头）
Ghost Dimension (1080p),#EXTVLCOPT:http-user-agent=Mozilla/5.0 (Windows NT 10.0; Win64; x64) AppleWebKit/537.36 (KHTML, like Gecko) Chrome/145.0.0.0 Safari/537.36 Edg/145.0.0.0,无效URL（非 http/https/rtsp 开头）
GikTVMX (720p),#EXTVLCOPT:http-referrer=https://giktv.com,无效URL（非 http/https/rtsp 开头）
Global Punjab TV (1080p),#EXTVLCOPT:http-user-agent=Mozilla/5.0 (Windows NT 10.0; Win64; x64) AppleWebKit/537.36 (KHTML, like Gecko) Chrome/145.0.0.0 Safari/537.36 Edg/145.0.0.0,无效URL（非 http/https/rtsp 开头）
Global Social TV (720p) [Not 24/7],#EXTVLCOPT:http-referrer=https://player.castr.com/,无效URL（非 http/https/rtsp 开头）
Global TV (1080p),#EXTVLCOPT:http-user-agent=Mozilla/5.0 (Windows NT 10.0; Win64; x64) AppleWebKit/537.36 (KHTML, like Gecko) Chrome/144.0.0.0 Safari/537.36,无效URL（非 http/https/rtsp 开头）
Golf Network (1080p),#EXTVLCOPT:http-user-agent=Mozilla/5.0 (Windows NT 10.0; Win64; x64) AppleWebKit/537.36 (KHTML, like Gecko) Chrome/145.0.0.0 Safari/537.36 Edg/145.0.0.0,无效URL（非 http/https/rtsp 开头）
Green Chillies TV- Zindagi ka Tadka! (1080p),#EXTVLCOPT:http-user-agent=Mozilla/5.0 (Windows NT 10.0; Win64; x64) AppleWebKit/537.36 (KHTML, like Gecko) Chrome/145.0.0.0 Safari/537.36 Edg/145.0.0.0,无效URL（非 http/https/rtsp 开头）
Gritos TV by Trinian (1080p),#EXTVLCOPT:http-user-agent=Mozilla/5.0 (Windows NT 10.0; Win64; x64) AppleWebKit/537.36 (KHTML, like Gecko) Chrome/145.0.0.0 Safari/537.36 Edg/145.0.0.0,无效URL（非 http/https/rtsp 开头）
Hard Knocks (1080p),#EXTVLCOPT:http-user-agent=Mozilla/5.0 (Windows NT 10.0; Win64; x64) AppleWebKit/537.36 (KHTML, like Gecko) Chrome/145.0.0.0 Safari/537.36 Edg/145.0.0.0,无效URL（非 http/https/rtsp 开头）
Haryana Beat (1080p),#EXTVLCOPT:http-user-agent=Mozilla/5.0 (Windows NT 10.0; Win64; x64) AppleWebKit/537.36 (KHTML, like Gecko) Chrome/145.0.0.0 Safari/537.36 Edg/145.0.0.0,无效URL（非 http/https/rtsp 开头）
HEi Now (1080p),#EXTVLCOPT:http-referrer=https://www.heinow.com.py/,无效URL（非 http/https/rtsp 开头）
hi Drama! (1080p),#EXTVLCOPT:http-user-agent=Mozilla/5.0 (Windows NT 10.0; Win64; x64) AppleWebKit/537.36 (KHTML, like Gecko) Chrome/145.0.0.0 Safari/537.36 Edg/145.0.0.0,无效URL（非 http/https/rtsp 开头）
hi Life! (1080p),#EXTVLCOPT:http-user-agent=Mozilla/5.0 (Windows NT 10.0; Win64; x64) AppleWebKit/537.36 (KHTML, like Gecko) Chrome/145.0.0.0 Safari/537.36 Edg/145.0.0.0,无效URL（非 http/https/rtsp 开头）
hi Vida! (1080p),#EXTVLCOPT:http-user-agent=Mozilla/5.0 (Windows NT 10.0; Win64; x64) AppleWebKit/537.36 (KHTML, like Gecko) Chrome/145.0.0.0 Safari/537.36 Edg/145.0.0.0,无效URL（非 http/https/rtsp 开头）
HIP HOP TV (1080p),#EXTVLCOPT:http-user-agent=Mozilla/5.0 (Windows NT 10.0; Win64; x64) AppleWebKit/537.36 (KHTML, like Gecko) Chrome/145.0.0.0 Safari/537.36 Edg/145.0.0.0,无效URL（非 http/https/rtsp 开头）
History Film Channel (1080p),#EXTVLCOPT:http-user-agent=Mozilla/5.0 (Windows NT 10.0; Win64; x64) AppleWebKit/537.36 (KHTML, like Gecko) Chrome/145.0.0.0 Safari/537.36 Edg/145.0.0.0,无效URL（非 http/https/rtsp 开头）
HITS MEXICANOS (1080p),#EXTVLCOPT:http-user-agent=Mozilla/5.0 (Windows NT 10.0; Win64; x64) AppleWebKit/537.36 (KHTML, like Gecko) Chrome/145.0.0.0 Safari/537.36 Edg/145.0.0.0,无效URL（非 http/https/rtsp 开头）
Hollywood Classic Movies (1080p),#EXTVLCOPT:http-user-agent=Mozilla/5.0 (Windows NT 10.0; Win64; x64) AppleWebKit/537.36 (KHTML, like Gecko) Chrome/145.0.0.0 Safari/537.36 Edg/145.0.0.0,无效URL（非 http/https/rtsp 开头）
Horizon Sports (720p),#EXTVLCOPT:http-user-agent=Mozilla/5.0 (Windows NT 10.0; Win64; x64) AppleWebKit/537.36 (KHTML, like Gecko) Chrome/145.0.0.0 Safari/537.36 Edg/145.0.0.0,无效URL（非 http/https/rtsp 开头）
HRT 1 (720p),#EXTVLCOPT:http-user-agent=Mozilla/5.0 (Windows NT 10.0; Win64; x64) AppleWebKit/537.36 (KHTML, like Gecko) Chrome/81.0.4044.138 Safari/537.36,无效URL（非 http/https/rtsp 开头）
HRT 2 (720p),#EXTVLCOPT:http-user-agent=Mozilla/5.0 (Windows NT 10.0; Win64; x64) AppleWebKit/537.36 (KHTML, like Gecko) Chrome/81.0.4044.138 Safari/537.36,无效URL（非 http/https/rtsp 开头）
HRT 3 (720p),#EXTVLCOPT:http-user-agent=Mozilla/5.0 (Windows NT 10.0; Win64; x64) AppleWebKit/537.36 (KHTML, like Gecko) Chrome/81.0.4044.138 Safari/537.36,无效URL（非 http/https/rtsp 开头）
Humor Mill (1080p),#EXTVLCOPT:http-user-agent=Mozilla/5.0 (Windows NT 10.0; Win64; x64) AppleWebKit/537.36 (KHTML, like Gecko) Chrome/145.0.0.0 Safari/537.36 Edg/145.0.0.0,无效URL（非 http/https/rtsp 开头）
Hunan TV (2160p),http://hlsal-ldvt.qing.mgtv.com/nn_live/nn_x64/dWlwPTEyNy4wLjAuMSZ1aWQ9cWluZy1jbXMmbm5fdGltZXpvbmU9OCZjZG5leF9pZD1hbF9obHNfbGR2dCZ1dWlkPTliODY4NmU5ZTM2YzYwMmMmZT02OTE0NjA0JnY9MSZpZD1ITldTWkdTVCZzPTcwN2RiYTc2YzJjNmJmMTQ4MmUyZGYzOWU2NWM3YWFi/HNWSZGST.m3u8,重复URL
I Am Channel (576p),#EXTVLCOPT:http-referrer=https://iamchannel.org/,无效URL（非 http/https/rtsp 开头）
IMPD TV Worldwide (1080p),#EXTVLCOPT:http-referrer=https://igrejamundial.nuvemplay.live,无效URL（非 http/https/rtsp 开头）
India Daily 24x7 (1080p),#EXTVLCOPT:http-user-agent=Mozilla/5.0 (Windows NT 10.0; Win64; x64) AppleWebKit/537.36 (KHTML, like Gecko) Chrome/145.0.0.0 Safari/537.36 Edg/145.0.0.0,无效URL（非 http/https/rtsp 开头）
Indian News (720p),#EXTVLCOPT:http-user-agent=Mozilla/5.0 (Windows NT 10.0; Win64; x64) AppleWebKit/537.36 (KHTML, like Gecko) Chrome/145.0.0.0 Safari/537.36 Edg/145.0.0.0,无效URL（非 http/https/rtsp 开头）
IndieBox (1080p),#EXTVLCOPT:http-user-agent=Mozilla/5.0 (Windows NT 10.0; Win64; x64) AppleWebKit/537.36 (KHTML, like Gecko) Chrome/145.0.0.0 Safari/537.36 Edg/145.0.0.0,无效URL（非 http/https/rtsp 开头）
Indonesiana.TV (720p),#EXTVLCOPT:http-referrer=https://indonesiana.tv/,无效URL（非 http/https/rtsp 开头）
Indosiar [Geo-blocked],#EXTVLCOPT:http-referrer=https://www.dens.tv/,无效URL（非 http/https/rtsp 开头）
Jambi TV (480p) [Not 24/7],#EXTVLCOPT:http-referrer=https://jambitv.co.id/live-tv/,无效URL（非 http/https/rtsp 开头）
Janataa TV Kannada (720p),#EXTVLCOPT:http-user-agent=Mozilla/5.0 (Windows NT 10.0; Win64; x64) AppleWebKit/537.36 (KHTML, like Gecko) Chrome/145.0.0.0 Safari/537.36 Edg/145.0.0.0,无效URL（非 http/https/rtsp 开头）
Jek TV (720p) [Not 24/7],#EXTVLCOPT:http-referrer=http://jektv.co.id/livestreaming/,无效URL（非 http/https/rtsp 开头）
Jewish Life Television JLTV (1080p),#EXTVLCOPT:http-user-agent=Mozilla/5.0 (Windows NT 10.0; Win64; x64) AppleWebKit/537.36 (KHTML, like Gecko) Chrome/145.0.0.0 Safari/537.36 Edg/145.0.0.0,无效URL（非 http/https/rtsp 开头）
Journy (720p),#EXTVLCOPT:http-user-agent=Mozilla/5.0 (Windows NT 10.0; Win64; x64) AppleWebKit/537.36 (KHTML, like Gecko) Chrome/145.0.0.0 Safari/537.36 Edg/145.0.0.0,无效URL（非 http/https/rtsp 开头）
Kaloopy (720p),#EXTVLCOPT:http-user-agent=Mozilla/5.0 (Windows NT 10.0; Win64; x64) AppleWebKit/537.36 (KHTML, like Gecko) Chrome/145.0.0.0 Safari/537.36 Edg/145.0.0.0,无效URL（非 http/https/rtsp 开头）
Kalyan TV (720p),#EXTVLCOPT:http-user-agent=Mozilla/5.0 (Windows NT 10.0; Win64; x64) AppleWebKit/537.36 (KHTML, like Gecko) Chrome/145.0.0.0 Safari/537.36 Edg/145.0.0.0,无效URL（非 http/https/rtsp 开头）
Kartavya TV (720p),#EXTVLCOPT:http-user-agent=Mozilla/5.0 (Windows NT 10.0; Win64; x64) AppleWebKit/537.36 (KHTML, like Gecko) Chrome/145.0.0.0 Safari/537.36 Edg/145.0.0.0,无效URL（非 http/https/rtsp 开头）
KidZone Max (1080p) [Geo-blocked],#EXTVLCOPT:http-referrer=https://kidzonemax.lt,无效URL（非 http/https/rtsp 开头）
Kompas TV [Geo-blocked],#EXTVLCOPT:http-referrer=https://www.dens.tv/,无效URL（非 http/https/rtsp 开头）
Korean Central Television (KCTV) (576p),#EXTVLCOPT:http-referrer=https://kcnawatch.org/,无效URL（非 http/https/rtsp 开头）
KOZOOM TV (1080p),#EXTVLCOPT:http-user-agent=Mozilla/5.0 (Windows NT 10.0; Win64; x64) AppleWebKit/537.36 (KHTML, like Gecko) Chrome/145.0.0.0 Safari/537.36 Edg/145.0.0.0,无效URL（非 http/https/rtsp 开头）
KTV (720p),#EXTVLCOPT:http-referrer=https://youtv.live/,无效URL（非 http/https/rtsp 开头）
Kung Fu Movies (1080p),#EXTVLCOPT:http-user-agent=Mozilla/5.0 (Windows NT 10.0; Win64; x64) AppleWebKit/537.36 (KHTML, like Gecko) Chrome/145.0.0.0 Safari/537.36 Edg/145.0.0.0,无效URL（非 http/https/rtsp 开头）
Lakshya TV (720p),#EXTVLCOPT:http-user-agent=Mozilla/5.0 (Windows NT 10.0; Win64; x64) AppleWebKit/537.36 (KHTML, like Gecko) Chrome/145.0.0.0 Safari/537.36 Edg/145.0.0.0,无效URL（非 http/https/rtsp 开头）
Latele (1080p),#EXTVLCOPT:http-referrer=https://www.latele.com.py/en-vivo,无效URL（非 http/https/rtsp 开头）
Law & Crime (720p),#EXTVLCOPT:http-user-agent=Mozilla/5.0 (Windows NT 10.0; Win64; x64) AppleWebKit/537.36 (KHTML, like Gecko) Chrome/145.0.0.0 Safari/537.36 Edg/145.0.0.0,无效URL（非 http/https/rtsp 开头）
LBC (1080p) [Geo-blocked],#EXTVLCOPT:http-referrer=https://rotana.net/,无效URL（非 http/https/rtsp 开头）
Libya Al Ahrar TV (1080p),#EXTVLCOPT:http-referrer=https://player.castr.com,无效URL（非 http/https/rtsp 开头）
Lleida Televisió (1080p),#EXTVLCOPT:http-user-agent=Mozilla/5.0 (Windows NT 10.0; Win64; x64) AppleWebKit/537.36 (KHTML, like Gecko) Chrome/83.0.4103.97 Safari/537.36 CrKey/1.44.191160,无效URL（非 http/https/rtsp 开头）
Lotus Macau HD 720p (720p),#EXTVLCOPT:http-user-agent=Mozilla/5.0 (Windows NT 10.0; Win64; x64) AppleWebKit/537.36 (KHTML, like Gecko) Chrome/144.0.0.0 Safari/537.36,无效URL（非 http/https/rtsp 开头）
M+ (1080p),#EXTVLCOPT:http-user-agent=Mozilla/5.0 (Windows NT 10.0; Win64; x64) AppleWebKit/537.36 (KHTML, like Gecko) Chrome/145.0.0.0 Safari/537.36 Edg/145.0.0.0,无效URL（非 http/https/rtsp 开头）
Mahaa News (1080p),#EXTVLCOPT:http-user-agent=Mozilla/5.0 (Windows NT 10.0; Win64; x64) AppleWebKit/537.36 (KHTML, like Gecko) Chrome/145.0.0.0 Safari/537.36 Edg/145.0.0.0,无效URL（非 http/https/rtsp 开头）
Mahua Khabar (1080p),#EXTVLCOPT:http-user-agent=Mozilla/5.0 (Windows NT 10.0; Win64; x64) AppleWebKit/537.36 (KHTML, like Gecko) Chrome/145.0.0.0 Safari/537.36 Edg/145.0.0.0,无效URL（非 http/https/rtsp 开头）
Mahua Play (1080p),#EXTVLCOPT:http-user-agent=Mozilla/5.0 (Windows NT 10.0; Win64; x64) AppleWebKit/537.36 (KHTML, like Gecko) Chrome/145.0.0.0 Safari/537.36 Edg/145.0.0.0,无效URL（非 http/https/rtsp 开头）
MakroDigital Television (1080p),#EXTVLCOPT:http-referrer=https://makrodigitaltelevision.com,无效URL（非 http/https/rtsp 开头）
Malchin TV (1080p),#EXTVLCOPT:http-user-agent=Mozilla/5.0 (Windows NT 10.0; Win64; x64) AppleWebKit/537.36 (KHTML, like Gecko) Chrome/144.0.0.0 Safari/537.36,无效URL（非 http/https/rtsp 开头）
Mataró Televisió (1080p),#EXTVLCOPT:http-user-agent=Mozilla/5.0 (Windows NT 10.0; Win64; x64) AppleWebKit/537.36 (KHTML, like Gecko) Chrome/83.0.4103.97 Safari/537.36 CrKey/1.44.191160,无效URL（非 http/https/rtsp 开头）
Matrix TV Yogyakarta (720p),#EXTVLCOPT:http-referrer=https://stream.matrixtv.id/,无效URL（非 http/https/rtsp 开头）
Mediacorp Entertainment – Chinese (1080p),#EXTVLCOPT:http-user-agent=Mozilla/5.0 (Windows NT 10.0; Win64; x64) AppleWebKit/537.36 (KHTML, like Gecko) Chrome/145.0.0.0 Safari/537.36 Edg/145.0.0.0,无效URL（非 http/https/rtsp 开头）
Mediacorp Entertainment – English (1080p),#EXTVLCOPT:http-user-agent=Mozilla/5.0 (Windows NT 10.0; Win64; x64) AppleWebKit/537.36 (KHTML, like Gecko) Chrome/145.0.0.0 Safari/537.36 Edg/145.0.0.0,无效URL（非 http/https/rtsp 开头）
Mediacorp Entertainment – Tamil (1080p),#EXTVLCOPT:http-user-agent=Mozilla/5.0 (Windows NT 10.0; Win64; x64) AppleWebKit/537.36 (KHTML, like Gecko) Chrome/145.0.0.0 Safari/537.36 Edg/145.0.0.0,无效URL（非 http/https/rtsp 开头）
Meganoticias (1080p),#EXTVLCOPT:http-referrer=https://www.meganoticias.cl/,无效URL（非 http/https/rtsp 开头）
Mi Miedo Canal (1080p),#EXTVLCOPT:http-user-agent=Mozilla/5.0 (Windows NT 10.0; Win64; x64) AppleWebKit/537.36 (KHTML, like Gecko) Chrome/145.0.0.0 Safari/537.36 Edg/145.0.0.0,无效URL（非 http/https/rtsp 开头）
Mi Raza Canal (1080p),#EXTVLCOPT:http-user-agent=Mozilla/5.0 (Windows NT 10.0; Win64; x64) AppleWebKit/537.36 (KHTML, like Gecko) Chrome/145.0.0.0 Safari/537.36 Edg/145.0.0.0,无效URL（非 http/https/rtsp 开头）
Mi Raza Canal Plus (1080p),#EXTVLCOPT:http-user-agent=Mozilla/5.0 (Windows NT 10.0; Win64; x64) AppleWebKit/537.36 (KHTML, like Gecko) Chrome/145.0.0.0 Safari/537.36 Edg/145.0.0.0,无效URL（非 http/https/rtsp 开头）
Mirror Now (720p),#EXTVLCOPT:http-referrer=https://www.timesnownews.com/,无效URL（非 http/https/rtsp 开头）
MN25 (1080p),#EXTVLCOPT:http-user-agent=Mozilla/5.0 (Windows NT 10.0; Win64; x64) AppleWebKit/537.36 (KHTML, like Gecko) Chrome/144.0.0.0 Safari/537.36,无效URL（非 http/https/rtsp 开头）
MNB (1080p),#EXTVLCOPT:http-user-agent=Mozilla/5.0 (Windows NT 10.0; Win64; x64) AppleWebKit/537.36 (KHTML, like Gecko) Chrome/144.0.0.0 Safari/537.36,无效URL（非 http/https/rtsp 开头）
MNB World (1080p),#EXTVLCOPT:http-user-agent=Mozilla/5.0 (Windows NT 10.0; Win64; x64) AppleWebKit/537.36 (KHTML, like Gecko) Chrome/144.0.0.0 Safari/537.36,无效URL（非 http/https/rtsp 开头）
MNB Гэр бүл (1080p),#EXTVLCOPT:http-user-agent=Mozilla/5.0 (Windows NT 10.0; Win64; x64) AppleWebKit/537.36 (KHTML, like Gecko) Chrome/144.0.0.0 Safari/537.36,无效URL（非 http/https/rtsp 开头）
MNB Гэр бүл (1080p),#EXTVLCOPT:http-user-agent=Mozilla/5.0 (Windows NT 10.0; Win64; x64) AppleWebKit/537.36 (KHTML, like Gecko) Chrome/144.0.0.0 Safari/537.36,无效URL（非 http/https/rtsp 开头）
MNB Монголын Мэдээ (1080p),#EXTVLCOPT:http-user-agent=Mozilla/5.0 (Windows NT 10.0; Win64; x64) AppleWebKit/537.36 (KHTML, like Gecko) Chrome/144.0.0.0 Safari/537.36,无效URL（非 http/https/rtsp 开头）
MNC (1080p),#EXTVLCOPT:http-user-agent=Mozilla/5.0 (Windows NT 10.0; Win64; x64) AppleWebKit/537.36 (KHTML, like Gecko) Chrome/144.0.0.0 Safari/537.36,无效URL（非 http/https/rtsp 开头）
Moca Vision Canal 48 (720p) [Not 24/7],#EXTVLCOPT:http-referrer=https://player.castr.com/,无效URL（非 http/https/rtsp 开头）
Moji [Geo-blocked],#EXTVLCOPT:http-referrer=https://www.dens.tv/,无效URL（非 http/https/rtsp 开头）
MomCave (1080p),#EXTVLCOPT:http-user-agent=Mozilla/5.0 (Windows NT 10.0; Win64; x64) AppleWebKit/537.36 (KHTML, like Gecko) Chrome/145.0.0.0 Safari/537.36 Edg/145.0.0.0,无效URL（非 http/https/rtsp 开头）
Monumental TV,#EXTVLCOPT:http-referrer=https://www.monumental.com.py/,无效URL（非 http/https/rtsp 开头）
MotorRacing (720p),#EXTVLCOPT:http-user-agent=Mozilla/5.0 (Windows NT 10.0; Win64; x64) AppleWebKit/537.36 (KHTML, like Gecko) Chrome/145.0.0.0 Safari/537.36 Edg/145.0.0.0,无效URL（非 http/https/rtsp 开头）
Motorvision TV Español (1080p),#EXTVLCOPT:http-user-agent=Mozilla/5.0 (Windows NT 10.0; Win64; x64) AppleWebKit/537.36 (KHTML, like Gecko) Chrome/145.0.0.0 Safari/537.36 Edg/145.0.0.0,无效URL（非 http/https/rtsp 开头）
MovieBox (1080p),#EXTVLCOPT:http-user-agent=Mozilla/5.0 (Windows NT 10.0; Win64; x64) AppleWebKit/537.36 (KHTML, like Gecko) Chrome/144.0.0.0 Safari/537.36,无效URL（非 http/https/rtsp 开头）
Movify Kino (576p),#EXTVLCOPT:http-referrer=https://void.greenhosting.ru/,无效URL（非 http/https/rtsp 开头）
Munsif Tv (720p),#EXTVLCOPT:http-user-agent=Mozilla/5.0 (Windows NT 10.0; Win64; x64) AppleWebKit/537.36 (KHTML, like Gecko) Chrome/145.0.0.0 Safari/537.36 Edg/145.0.0.0,无效URL（非 http/https/rtsp 开头）
MusawaChannel (1080p) [Not 24/7],#EXTVLCOPT:http-user-agent=Mozilla/5.0 (Windows NT 10.0; Win64; x64) AppleWebKit/537.36 (KHTML, like Gecko) Chrome/92.0.4515.131 Safari/537.36,无效URL（非 http/https/rtsp 开头）
Music Information Channel (720p),#EXTVLCOPT:http-referrer=https://mic-indo.com/live,无效URL（非 http/https/rtsp 开头）
MuzzOne,#EXTVLCOPT:http-referrer=https://muzzone.tv/,无效URL（非 http/https/rtsp 开头）
My Cinema [Geo-blocked],#EXTVLCOPT:http-referrer=https://www.dens.tv/,无效URL（非 http/https/rtsp 开头）
My Cinema Europe [Geo-blocked],#EXTVLCOPT:http-referrer=https://www.dens.tv/,无效URL（非 http/https/rtsp 开头）
My Family [Geo-blocked],#EXTVLCOPT:http-referrer=https://www.dens.tv/,无效URL（非 http/https/rtsp 开头）
My Money (1080p),#EXTVLCOPT:http-user-agent=Mozilla/5.0 (Windows NT 10.0; Win64; x64) AppleWebKit/537.36 (KHTML, like Gecko) Chrome/145.0.0.0 Safari/537.36 Edg/145.0.0.0,无效URL（非 http/https/rtsp 开头）
Nakshatra Digital Tv (1080p),#EXTVLCOPT:http-user-agent=Mozilla/5.0 (Windows NT 10.0; Win64; x64) AppleWebKit/537.36 (KHTML, like Gecko) Chrome/145.0.0.0 Safari/537.36 Edg/145.0.0.0,无效URL（非 http/https/rtsp 开头）
Namma Bangalore (576p),#EXTVLCOPT:http-user-agent=Mozilla/5.0 (Windows NT 10.0; Win64; x64) AppleWebKit/537.36 (KHTML, like Gecko) Chrome/145.0.0.0 Safari/537.36 Edg/145.0.0.0,无效URL（非 http/https/rtsp 开头）
NatureStream.tv (720p),#EXTVLCOPT:http-user-agent=Mozilla/5.0 (Windows NT 10.0; Win64; x64) AppleWebKit/537.36 (KHTML, like Gecko) Chrome/145.0.0.0 Safari/537.36 Edg/145.0.0.0,无效URL（非 http/https/rtsp 开头）
NDTV Marathi (1080p),#EXTVLCOPT:http-referrer=https://marathi.ndtv.com/,无效URL（非 http/https/rtsp 开头）
Nei Monggol TV (960p),#EXTVLCOPT:http-user-agent=Mozilla/5.0 (Windows NT 10.0; Win64; x64) AppleWebKit/537.36 (KHTML, like Gecko) Chrome/144.0.0.0 Safari/537.36,无效URL（非 http/https/rtsp 开头）
News18 Kannada (1080p),#EXTVLCOPT:http-referrer=https://kannada.news18.com/,无效URL（非 http/https/rtsp 开头）
News India 24X7 (720p),#EXTVLCOPT:http-user-agent=Mozilla/5.0 (Windows NT 10.0; Win64; x64) AppleWebKit/537.36 (KHTML, like Gecko) Chrome/145.0.0.0 Safari/537.36 Edg/145.0.0.0,无效URL（非 http/https/rtsp 开头）
News Marathi 24X7 (1080p),#EXTVLCOPT:http-user-agent=Mozilla/5.0 (Windows NT 10.0; Win64; x64) AppleWebKit/537.36 (KHTML, like Gecko) Chrome/145.0.0.0 Safari/537.36 Edg/145.0.0.0,无效URL（非 http/https/rtsp 开头）
Newsmax TV (1080p),#EXTVLCOPT:http-user-agent=Mozilla/5.0 (Windows NT 10.0; Win64; x64) AppleWebKit/537.36 (KHTML, like Gecko) Chrome/145.0.0.0 Safari/537.36 Edg/145.0.0.0,无效URL（非 http/https/rtsp 开头）
NHK World Premium (720p),#EXTVLCOPT:http-user-agent=Mozilla/5.0 (Windows NT 10.0; Win64; x64) AppleWebKit/537.36 (KHTML, like Gecko) Chrome/144.0.0.0 Safari/537.36,无效URL（非 http/https/rtsp 开头）
Nigbati TV (1080p),#EXTVLCOPT:http-user-agent=Mozilla/5.0 (Windows NT 10.0; Win64; x64) AppleWebKit/537.36 (KHTML, like Gecko) Chrome/145.0.0.0 Safari/537.36 Edg/145.0.0.0,无效URL（非 http/https/rtsp 开头）
NOMADslow tv (1080p),#EXTVLCOPT:http-user-agent=Mozilla/5.0 (Windows NT 10.0; Win64; x64) AppleWebKit/537.36 (KHTML, like Gecko) Chrome/145.0.0.0 Safari/537.36 Edg/145.0.0.0,无效URL（非 http/https/rtsp 开头）
Northeast Live (720p),#EXTVLCOPT:http-referrer=https://server.thelegitpro.in/northeastlive/northeastlive/embed.html,无效URL（非 http/https/rtsp 开头）
Nos Isla TV (1080p) [Not 24/7],#EXTVLCOPT:http-user-agent=Mozilla/5.0 (Windows NT 10.0; Win64; x64) AppleWebKit/537.36 (KHTML, like Gecko) Chrome/77.0.3865.90 Safari/537.36,无效URL（非 http/https/rtsp 开头）
NOST The Nostalgia Network (1080p),#EXTVLCOPT:http-user-agent=Mozilla/5.0 (Windows NT 10.0; Win64; x64) AppleWebKit/537.36 (KHTML, like Gecko) Chrome/145.0.0.0 Safari/537.36 Edg/145.0.0.0,无效URL（非 http/https/rtsp 开头）
Novo Comedy (720p),#EXTVLCOPT:http-user-agent=Mozilla/5.0 (Windows NT 10.0; Win64; x64) AppleWebKit/537.36 (KHTML, like Gecko) Chrome/145.0.0.0 Safari/537.36 Edg/145.0.0.0,无效URL（非 http/https/rtsp 开头）
NPY (1080p),#EXTVLCOPT:http-referrer=https://www.npy.com.py/,无效URL（非 http/https/rtsp 开头）
NTD News (1080p),#EXTVLCOPT:http-user-agent=Mozilla/5.0 (Windows NT 10.0; Win64; x64) AppleWebKit/537.36 (KHTML, like Gecko) Chrome/145.0.0.0 Safari/537.36 Edg/145.0.0.0,无效URL（非 http/https/rtsp 开头）
NTV (1080p),#EXTVLCOPT:http-user-agent=Mozilla/5.0 (Windows NT 10.0; Win64; x64) AppleWebKit/537.36 (KHTML, like Gecko) Chrome/144.0.0.0 Safari/537.36,无效URL（非 http/https/rtsp 开头）
Obozrevatel TV (1080p),#EXTVLCOPT:http-user-agent=curl/8.16.0,无效URL（非 http/https/rtsp 开头）
Okey [Geo-blocked],#EXTVLCOPT:http-referrer=https://rtm-player.glueapi.io/,无效URL（非 http/https/rtsp 开头）
Old West TV (1080p),#EXTVLCOPT:http-user-agent=Mozilla/5.0 (Windows NT 10.0; Win64; x64) AppleWebKit/537.36 (KHTML, like Gecko) Chrome/145.0.0.0 Safari/537.36 Edg/145.0.0.0,无效URL（非 http/https/rtsp 开头）
Olot TV (1080p),#EXTVLCOPT:http-user-agent=Mozilla/5.0 (Windows NT 10.0; Win64; x64) AppleWebKit/537.36 (KHTML, like Gecko) Chrome/83.0.4103.97 Safari/537.36 CrKey/1.44.191160,无效URL（非 http/https/rtsp 开头）
One TV Cinema 2 (1080p),#EXTVLCOPT:http-referrer=HTTP Referrer,无效URL（非 http/https/rtsp 开头）
ONTV (1080p),#EXTVLCOPT:http-user-agent=Mozilla/5.0 (Windows NT 10.0; Win64; x64) AppleWebKit/537.36 (KHTML, like Gecko) Chrome/144.0.0.0 Safari/537.36,无效URL（非 http/https/rtsp 开头）
ORTB TV (1080i),#EXTVLCOPT:http-user-agent=Mozilla/5.0 (X11; Linux x86_64) AppleWebKit/537.36 (KHTML, like Gecko) Chrome/119.0.0.0 Safari/537.36,无效URL（非 http/https/rtsp 开头）
OSBC TV (480p),#EXTVLCOPT:http-referrer=https://odysee.com/,无效URL（非 http/https/rtsp 开头）
OurVinyl (1080p),#EXTVLCOPT:http-user-agent=Mozilla/5.0 (Windows NT 10.0; Win64; x64) AppleWebKit/537.36 (KHTML, like Gecko) Chrome/145.0.0.0 Safari/537.36 Edg/145.0.0.0,无效URL（非 http/https/rtsp 开头）
Outside (1080p),#EXTVLCOPT:http-user-agent=Mozilla/5.0 (Windows NT 10.0; Win64; x64) AppleWebKit/537.36 (KHTML, like Gecko) Chrome/145.0.0.0 Safari/537.36 Edg/145.0.0.0,无效URL（非 http/https/rtsp 开头）
P18 News (1080p),#EXTVLCOPT:http-user-agent=Mozilla/5.0 (Windows NT 10.0; Win64; x64) AppleWebKit/537.36 (KHTML, like Gecko) Chrome/145.0.0.0 Safari/537.36 Edg/145.0.0.0,无效URL（非 http/https/rtsp 开头）
Palestine Mubasher (1080p),#EXTVLCOPT:http-user-agent=Mozilla/5.0 (Windows NT 10.0; Win64; x64) AppleWebKit/537.36 (KHTML, like Gecko) Chrome/92.0.4515.131 Safari/537.36,无效URL（非 http/https/rtsp 开头）
Palestine Satellite Channel (1080p),#EXTVLCOPT:http-user-agent=Mozilla/5.0 (Windows NT 10.0; Win64; x64) AppleWebKit/537.36 (KHTML, like Gecko) Chrome/92.0.4515.131 Safari/537.36,无效URL（非 http/https/rtsp 开头）
Paravision,#EXTVLCOPT:http-referrer=https://www.paravision.com.py/,无效URL（非 http/https/rtsp 开头）
Parliament TV (1080p),#EXTVLCOPT:http-user-agent=Mozilla/5.0 (Windows NT 10.0; Win64; x64) AppleWebKit/537.36 (KHTML, like Gecko) Chrome/144.0.0.0 Safari/537.36,无效URL（非 http/https/rtsp 开头）
Penedès Televisió (1080p),#EXTVLCOPT:http-user-agent=Mozilla/5.0 (Windows NT 10.0; Win64; x64) AppleWebKit/537.36 (KHTML, like Gecko) Chrome/83.0.4103.97 Safari/537.36 CrKey/1.44.191160,无效URL（非 http/https/rtsp 开头）
Pershyi Zahidnyi (1080p),#EXTVLCOPT:http-user-agent=curl/8.16.0,无效URL（非 http/https/rtsp 开头）
Pickleball Now (1080p),#EXTVLCOPT:http-user-agent=Mozilla/5.0 (Windows NT 10.0; Win64; x64) AppleWebKit/537.36 (KHTML, like Gecko) Chrome/145.0.0.0 Safari/537.36 Edg/145.0.0.0,无效URL（非 http/https/rtsp 开头）
PJTV (720p),#EXTVLCOPT:http-referrer=https://pjtv.media/streaming/,无效URL（非 http/https/rtsp 开头）
PKTV (480p),#EXTVLCOPT:http-referrer=https://pktvkaltim.com/acara/live-content/?noamp=mobile,无效URL（非 http/https/rtsp 开头）
PLL Network (1080p),#EXTVLCOPT:http-user-agent=Mozilla/5.0 (Windows NT 10.0; Win64; x64) AppleWebKit/537.36 (KHTML, like Gecko) Chrome/145.0.0.0 Safari/537.36 Edg/145.0.0.0,无效URL（非 http/https/rtsp 开头）
PLL Network (1080p),#EXTVLCOPT:http-user-agent=Mozilla/5.0 (Windows NT 10.0; Win64; x64) AppleWebKit/537.36 (KHTML, like Gecko) Chrome/145.0.0.0 Safari/537.36 Edg/145.0.0.0,无效URL（非 http/https/rtsp 开头）
PNC Drama (1080p),#EXTVLCOPT:http-user-agent=Mozilla/5.0 (Windows NT 10.0; Win64; x64) AppleWebKit/537.36 (KHTML, like Gecko) Chrome/145.0.0.0 Safari/537.36 Edg/145.0.0.0,无效URL（非 http/https/rtsp 开头）
Popcorn (1080p),#EXTVLCOPT:http-user-agent=Mozilla/5.0 (Windows NT 10.0; Win64; x64) AppleWebKit/537.36 (KHTML, like Gecko) Chrome/144.0.0.0 Safari/537.36,无效URL（非 http/https/rtsp 开头）
Popcorn (720p),#EXTVLCOPT:http-user-agent=Mozilla/5.0 (Windows NT 10.0; Win64; x64) AppleWebKit/537.36 (KHTML, like Gecko) Chrome/144.0.0.0 Safari/537.36,无效URL（非 http/https/rtsp 开头）
Popu TV (1080p),#EXTVLCOPT:http-referrer=https://www.popular.com.py/,无效URL（非 http/https/rtsp 开头）
Popular TV Murcia (1080p) [Not 24/7],#EXTVLCOPT:http-referrer=https://player.streamingconnect.com/,无效URL（非 http/https/rtsp 开头）
Power TV (576p),#EXTVLCOPT:http-user-agent=Mozilla/5.0 (Windows NT 10.0; Win64; x64) AppleWebKit/537.36 (KHTML, like Gecko) Chrome/142.0.0.0 Safari/537.36 Edg/142.0.0.0,无效URL（非 http/https/rtsp 开头）
Powersports World (1080p),#EXTVLCOPT:http-user-agent=Mozilla/5.0 (Windows NT 10.0; Win64; x64) AppleWebKit/537.36 (KHTML, like Gecko) Chrome/145.0.0.0 Safari/537.36 Edg/145.0.0.0,无效URL（非 http/https/rtsp 开头）
POWERtube TV (1080p),#EXTVLCOPT:http-user-agent=Mozilla/5.0 (Windows NT 10.0; Win64; x64) AppleWebKit/537.36 (KHTML, like Gecko) Chrome/145.0.0.0 Safari/537.36 Edg/145.0.0.0,无效URL（非 http/https/rtsp 开头）
Prameya News7 (1080p),#EXTVLCOPT:http-user-agent=Mozilla/5.0 (Windows NT 10.0; Win64; x64) AppleWebKit/537.36 (KHTML, like Gecko) Chrome/145.0.0.0 Safari/537.36 Edg/145.0.0.0,无效URL（非 http/https/rtsp 开头）
Pratham Khabar 24x7 (1080p),#EXTVLCOPT:http-user-agent=Mozilla/5.0 (Windows NT 10.0; Win64; x64) AppleWebKit/537.36 (KHTML, like Gecko) Chrome/145.0.0.0 Safari/537.36 Edg/145.0.0.0,无效URL（非 http/https/rtsp 开头）
Press TV (720p),#EXTVLCOPT:http-referrer=https://odysee.com/,无效URL（非 http/https/rtsp 开头）
Priamyi (1080p),#EXTVLCOPT:http-user-agent=curl/8.16.0,无效URL（非 http/https/rtsp 开头）
PTC Punjabi Canada (1080p),#EXTVLCOPT:http-user-agent=Mozilla/5.0 (Windows NT 10.0; Win64; x64) AppleWebKit/537.36 (KHTML, like Gecko) Chrome/145.0.0.0 Safari/537.36 Edg/145.0.0.0,无效URL（非 http/https/rtsp 开头）
Punjabi Shorts (1080p),#EXTVLCOPT:http-user-agent=Mozilla/5.0 (Windows NT 10.0; Win64; x64) AppleWebKit/537.36 (KHTML, like Gecko) Chrome/145.0.0.0 Safari/537.36 Edg/145.0.0.0,无效URL（非 http/https/rtsp 开头）
Qazaqstan (1080p),#EXTVLCOPT:http-referrer=https://megogo.net/,无效URL（非 http/https/rtsp 开头）
Radar Lampung TV (480p),#EXTVLCOPT:http-referrer=https://radartvnews.com/live-streaming/,无效URL（非 http/https/rtsp 开头）
Radio Suyai TV (1080p),#EXTVLCOPT:http-referrer=https://radio.suyaitv.cl,无效URL（非 http/https/rtsp 开头）
Radio Turrialba TV Sports (720p) [Not 24/7],#EXTVLCOPT:http-referrer=https://iblups.com/,无效URL（非 http/https/rtsp 开头）
Rajawali TV (576i),#EXTVLCOPT:http-referrer=http://175.158.57.130:8888/,无效URL（非 http/https/rtsp 开头）
Rakyat Bengkulu TV (720p),#EXTVLCOPT:http-referrer=https://youtv.live/,无效URL（非 http/https/rtsp 开头）
Ramadan Channel [Geo-blocked],#EXTVLCOPT:http-referrer=https://www.dens.tv/,无效URL（非 http/https/rtsp 开头）
Rede CNT Salvador (576i),#EXTVLCOPT:http-user-agent=Mozilla/5.0 (Windows NT 10.0; Win64; x64;rv:60.0)Gecko/20100101 Firefox/67.0,无效URL（非 http/https/rtsp 开头）
Retro Plus 2 (720p),#EXTVLCOPT:http-referrer=https://retroplustv.com/,无效URL（非 http/https/rtsp 开头）
Revry (1080p),#EXTVLCOPT:http-user-agent=Mozilla/5.0 (Windows NT 10.0; Win64; x64) AppleWebKit/537.36 (KHTML, like Gecko) Chrome/145.0.0.0 Safari/537.36 Edg/145.0.0.0,无效URL（非 http/https/rtsp 开头）
Revry Her (720p),#EXTVLCOPT:http-user-agent=Mozilla/5.0 (Windows NT 10.0; Win64; x64) AppleWebKit/537.36 (KHTML, like Gecko) Chrome/145.0.0.0 Safari/537.36 Edg/145.0.0.0,无效URL（非 http/https/rtsp 开头）
Right Now Tv (720p),#EXTVLCOPT:http-user-agent=Mozilla/5.0 (Windows NT 10.0; Win64; x64) AppleWebKit/537.36 (KHTML, like Gecko) Chrome/145.0.0.0 Safari/537.36 Edg/145.0.0.0,无效URL（非 http/https/rtsp 开头）
RN7 TV (1080p),#EXTVLCOPT:http-referrer=https://player.rn7.nl/,无效URL（非 http/https/rtsp 开头）
Rock Solid Wrestling TV (1080p),#EXTVLCOPT:http-user-agent=Mozilla/5.0 (Windows NT 10.0; Win64; x64) AppleWebKit/537.36 (KHTML, like Gecko) Chrome/145.0.0.0 Safari/537.36 Edg/145.0.0.0,无效URL（非 http/https/rtsp 开头）
Rockola Television (1080p),#EXTVLCOPT:http-user-agent=Mozilla/5.0 (Windows NT 10.0; Win64; x64) AppleWebKit/537.36 (KHTML, like Gecko) Chrome/145.0.0.0 Safari/537.36 Edg/145.0.0.0,无效URL（非 http/https/rtsp 开头）
Romance Channel (1080p),#EXTVLCOPT:http-user-agent=Mozilla/5.0 (Windows NT 10.0; Win64; x64) AppleWebKit/537.36 (KHTML, like Gecko) Chrome/145.0.0.0 Safari/537.36 Edg/145.0.0.0,无效URL（非 http/https/rtsp 开头）
Romania TV (576p),#EXTVLCOPT:http-referrer=https://www.romaniatv.net/live,无效URL（非 http/https/rtsp 开头）
Rossiya 1 Vainah (576i),#EXTVLCOPT:http-referrer=https://gtrkvainah.ru/,无效URL（非 http/https/rtsp 开头）
Rotana Aflam+ (1080p),#EXTVLCOPT:http-user-agent=Mozilla/5.0 (Windows NT 10.0; Win64; x64) AppleWebKit/537.36 (KHTML, like Gecko) Chrome/145.0.0.0 Safari/537.36 Edg/145.0.0.0,无效URL（非 http/https/rtsp 开头）
Rotana Cinema Egypt (1080p) [Geo-blocked],#EXTVLCOPT:http-referrer=https://rotana.net/,无效URL（非 http/https/rtsp 开头）
Rotana Cinema KSA (1080p) [Geo-blocked],#EXTVLCOPT:http-referrer=https://rotana.net/,无效URL（非 http/https/rtsp 开头）
Rotana Classic (1080p) [Geo-blocked],#EXTVLCOPT:http-referrer=https://rotana.net/,无效URL（非 http/https/rtsp 开头）
Rotana Clip (1080p) [Geo-blocked],#EXTVLCOPT:http-referrer=https://rotana.net/,无效URL（非 http/https/rtsp 开头）
Rotana Comedy (1080p) [Geo-blocked],#EXTVLCOPT:http-referrer=https://rotana.net/,无效URL（非 http/https/rtsp 开头）
Rotana Drama (1080p) [Geo-blocked],#EXTVLCOPT:http-referrer=https://rotana.net/,无效URL（非 http/https/rtsp 开头）
Rotana FM KSA (720p),rtmp://live.restream.io/pull/play_320121_94512612fd0e084bd284,无效URL（非 http/https/rtsp 开头）
Rotana Khalijia (1080p) [Geo-blocked],#EXTVLCOPT:http-referrer=https://rotana.net/,无效URL（非 http/https/rtsp 开头）
Rotana Music (1080p) [Geo-blocked],#EXTVLCOPT:http-referrer=https://rotana.net/,无效URL（非 http/https/rtsp 开头）
Rozana Spokesman (1080p),#EXTVLCOPT:http-user-agent=Mozilla/5.0 (Windows NT 10.0; Win64; x64) AppleWebKit/537.36 (KHTML, like Gecko) Chrome/145.0.0.0 Safari/537.36 Edg/145.0.0.0,无效URL（非 http/https/rtsp 开头）
RT en Español (1080p),#EXTVLCOPT:http-referrer=https://odysee.com/,无效URL（非 http/https/rtsp 开头）
RT News (1080p) [Not 24/7],#EXTVLCOPT:http-referrer=https://odysee.com/,无效URL（非 http/https/rtsp 开头）
RTG 1 (1080p),#EXTVLCOPT:http-referrer=https://player.castr.com/,无效URL（非 http/https/rtsp 开头）
RTM Parlimen (Dewan Negara) [Geo-blocked],#EXTVLCOPT:http-referrer=https://rtm-player.glueapi.io/,无效URL（非 http/https/rtsp 开头）
RTM Parlimen (Dewan Rakyat) [Geo-blocked],#EXTVLCOPT:http-referrer=https://rtm-player.glueapi.io/,无效URL（非 http/https/rtsp 开头）
RTP 1 (720p) [Not 24/7],#EXTVLCOPT:http-user-agent=Mozilla/5.0 (Windows NT 10.0; Win64; x64; rv:93.0) Gecko/20100101 Firefox/93.0,无效URL（非 http/https/rtsp 开头）
RTP 2 (720p) [Not 24/7],#EXTVLCOPT:http-user-agent=Mozilla/5.0 (Windows NT 10.0; Win64; x64; rv:93.0) Gecko/20100101 Firefox/93.0,无效URL（非 http/https/rtsp 开头）
RTP Açores (720p) [Not 24/7],#EXTVLCOPT:http-user-agent=Mozilla/5.0 (Windows NT 10.0; Win64; x64; rv:93.0) Gecko/20100101 Firefox/93.0,无效URL（非 http/https/rtsp 开头）
RTP Açores (504p) [Not 24/7],#EXTVLCOPT:http-user-agent=Mozilla/5.0 (Windows NT 10.0; Win64; x64; rv:93.0) Gecko/20100101 Firefox/93.0,无效URL（非 http/https/rtsp 开头）
RTP África (504p) [Not 24/7],#EXTVLCOPT:http-user-agent=Mozilla/5.0 (Windows NT 10.0; Win64; x64; rv:93.0) Gecko/20100101 Firefox/93.0,无效URL（非 http/https/rtsp 开头）
RTP Internacional (1080p) [Geo-Blocked],#EXTVLCOPT:http-user-agent=Mozilla/5.0 (Windows NT 10.0; Win64; x64; rv:93.0) Gecko/20100101 Firefox/93.0,无效URL（非 http/https/rtsp 开头）
RTP Madeira (504p) [Not 24/7],#EXTVLCOPT:http-user-agent=Mozilla/5.0 (Windows NT 10.0; Win64; x64; rv:93.0) Gecko/20100101 Firefox/93.0,无效URL（非 http/https/rtsp 开头）
RTP Memória (504p) [Not 24/7],#EXTVLCOPT:http-user-agent=Mozilla/5.0 (Windows NT 10.0; Win64; x64; rv:93.0) Gecko/20100101 Firefox/93.0,无效URL（非 http/https/rtsp 开头）
RTP Mundo (504p) [Not 24/7],#EXTVLCOPT:http-user-agent=Mozilla/5.0 (Windows NT 10.0; Win64; x64; rv:93.0) Gecko/20100101 Firefox/93.0,无效URL（非 http/https/rtsp 开头）
RTP Noticias (720p) [Not 24/7],#EXTVLCOPT:http-user-agent=Mozilla/5.0 (Windows NT 10.0; Win64; x64; rv:93.0) Gecko/20100101 Firefox/93.0,无效URL（非 http/https/rtsp 开头）
RTP Noticias (504p) [Not 24/7],#EXTVLCOPT:http-user-agent=Mozilla/5.0 (Windows NT 10.0; Win64; x64; rv:93.0) Gecko/20100101 Firefox/93.0,无效URL（非 http/https/rtsp 开头）
RTV 1 (576p) [Not 24/7],mmsh://212.200.255.151/rtv1,无效URL（非 http/https/rtsp 开头）
RTV 2 (576p) [Not 24/7],mmsh://212.200.255.151/rtv2,无效URL（非 http/https/rtsp 开头）
RTV El Vendrell (1080p),#EXTVLCOPT:http-user-agent=Mozilla/5.0 (Windows NT 10.0; Win64; x64) AppleWebKit/537.36 (KHTML, like Gecko) Chrome/83.0.4103.97 Safari/537.36 CrKey/1.44.191160,无效URL（非 http/https/rtsp 开头）
RTV Manilva (1080p) [Not 24/7],#EXTVLCOPT:http-referrer=https://player.castr.com/live_e2ae1780dc2a11eca660b7b17b7952a5,无效URL（非 http/https/rtsp 开头）
RTVC Cardedeu (1080p),#EXTVLCOPT:http-user-agent=Mozilla/5.0 (Windows NT 10.0; Win64; x64) AppleWebKit/537.36 (KHTML, like Gecko) Chrome/83.0.4103.97 Safari/537.36 CrKey/1.44.191160,无效URL（非 http/https/rtsp 开头）
RVTV (1080p),#EXTVLCOPT:http-user-agent=Mozilla/5.0 (Windows NT 10.0; Win64; x64) AppleWebKit/537.36 (KHTML, like Gecko) Chrome/145.0.0.0 Safari/537.36 Edg/145.0.0.0,无效URL（非 http/https/rtsp 开头）
Saga Music (1080p),#EXTVLCOPT:http-user-agent=Mozilla/5.0 (Windows NT 10.0; Win64; x64) AppleWebKit/537.36 (KHTML, like Gecko) Chrome/145.0.0.0 Safari/537.36 Edg/145.0.0.0,无效URL（非 http/https/rtsp 开头）
Sakshi Tv (1080p),#EXTVLCOPT:http-user-agent=Mozilla/5.0 (Windows NT 10.0; Win64; x64) AppleWebKit/537.36 (KHTML, like Gecko) Chrome/145.0.0.0 Safari/537.36 Edg/145.0.0.0,无效URL（非 http/https/rtsp 开头）
Sandesh News (1080p),#EXTVLCOPT:http-user-agent=Mozilla/5.0 (Windows NT 10.0; Win64; x64) AppleWebKit/537.36 (KHTML, like Gecko) Chrome/145.0.0.0 Safari/537.36 Edg/145.0.0.0,无效URL（非 http/https/rtsp 开头）
Sansad TV 1 (1080p),#EXTVLCOPT:http-referrer=https://webcast.gov.in/,无效URL（非 http/https/rtsp 开头）
SBN (1080p),#EXTVLCOPT:http-user-agent=Mozilla/5.0 (Windows NT 10.0; Win64; x64) AppleWebKit/537.36 (KHTML, like Gecko) Chrome/144.0.0.0 Safari/537.36,无效URL（非 http/https/rtsp 开头）
Schwab Network (1080p),#EXTVLCOPT:http-user-agent=Mozilla/5.0 (Windows NT 10.0; Win64; x64) AppleWebKit/537.36 (KHTML, like Gecko) Chrome/145.0.0.0 Safari/537.36 Edg/145.0.0.0,无效URL（非 http/https/rtsp 开头）
Screams TV by Trinian (1080p),#EXTVLCOPT:http-user-agent=Mozilla/5.0 (Windows NT 10.0; Win64; x64) AppleWebKit/537.36 (KHTML, like Gecko) Chrome/145.0.0.0 Safari/537.36 Edg/145.0.0.0,无效URL（非 http/https/rtsp 开头）
SCTV [Geo-blocked],#EXTVLCOPT:http-referrer=https://www.dens.tv/,无效URL（非 http/https/rtsp 开头）
Selaparang TV (720p),#EXTVLCOPT:http-referrer=https://selaparangtv.net,无效URL（非 http/https/rtsp 开头）
Semeı (1080p),#EXTVLCOPT:http-referrer=https://qazaqstan.tv/,无效URL（非 http/https/rtsp 开头）
Shemaroo Bollywood (1080p),#EXTVLCOPT:http-user-agent=Mozilla/5.0 (Windows NT 10.0; Win64; x64) AppleWebKit/537.36 (KHTML, like Gecko) Chrome/145.0.0.0 Safari/537.36 Edg/145.0.0.0,无效URL（非 http/https/rtsp 开头）
Shemaroo Filmigaane (1080p),#EXTVLCOPT:http-user-agent=Mozilla/5.0 (Windows NT 10.0; Win64; x64) AppleWebKit/537.36 (KHTML, like Gecko) Chrome/145.0.0.0 Safari/537.36 Edg/145.0.0.0,无效URL（非 http/https/rtsp 开头）
SIL TV (1080p),#EXTVLCOPT:http-referrer=https://www.facebook.com/Siltv32,无效URL（非 http/https/rtsp 开头）
Skull Bound TV (1080p),#EXTVLCOPT:http-user-agent=Mozilla/5.0 (Windows NT 10.0; Win64; x64) AppleWebKit/537.36 (KHTML, like Gecko) Chrome/145.0.0.0 Safari/537.36 Edg/145.0.0.0,无效URL（非 http/https/rtsp 开头）
SMTV (720p),#EXTVLCOPT:http-referrer=https://smtv.digital/,无效URL（非 http/https/rtsp 开头）
Sonata TV (1080p),#EXTVLCOPT:http-user-agent=curl/8.16.0,无效URL（非 http/https/rtsp 开头）
Sports First TV (1080p),#EXTVLCOPT:http-user-agent=Mozilla/5.0 (Windows NT 10.0; Win64; x64) AppleWebKit/537.36 (KHTML, like Gecko) Chrome/145.0.0.0 Safari/537.36 Edg/145.0.0.0,无效URL（非 http/https/rtsp 开头）
SportsGrid (1080p),#EXTVLCOPT:http-user-agent=Mozilla/5.0 (Windows NT 10.0; Win64; x64) AppleWebKit/537.36 (KHTML, like Gecko) Chrome/145.0.0.0 Safari/537.36 Edg/145.0.0.0,无效URL（非 http/https/rtsp 开头）
SportsTVPlus (1080p),#EXTVLCOPT:http-user-agent=Mozilla/5.0 (Windows NT 10.0; Win64; x64) AppleWebKit/537.36 (KHTML, like Gecko) Chrome/145.0.0.0 Safari/537.36 Edg/145.0.0.0,无效URL（非 http/https/rtsp 开头）
spot on news (1080p),#EXTVLCOPT:http-user-agent=Mozilla/5.0 (Windows NT 10.0; Win64; x64) AppleWebKit/537.36 (KHTML, like Gecko) Chrome/145.0.0.0 Safari/537.36 Edg/145.0.0.0,无效URL（非 http/https/rtsp 开头）
Star Maa HD (1080p),#EXTVLCOPT:http-referrer=https://tulnit.com,无效URL（非 http/https/rtsp 开头）
Star Maa Movies HD (1080p),#EXTVLCOPT:http-referrer=https://tulnit.com,无效URL（非 http/https/rtsp 开头）
Star Pravah HD (1080p),#EXTVLCOPT:http-referrer=https://tulnit.com,无效URL（非 http/https/rtsp 开头）
Star Suvarna HD (1080p),#EXTVLCOPT:http-referrer=https://tulnit.com,无效URL（非 http/https/rtsp 开头）
Star TV (1080p),#EXTVLCOPT:http-user-agent=Mozilla/5.0 (Windows NT 10.0; Win64; x64) AppleWebKit/537.36 (KHTML, like Gecko) Chrome/144.0.0.0 Safari/537.36,无效URL（非 http/https/rtsp 开头）
Stara TV (720p),#EXTVLCOPT:http-referrer=https://stream.staratv.id/,无效URL（非 http/https/rtsp 开头）
Stara TV Bandung (1080p),#EXTVLCOPT:http-referrer=https://bandung.staratv.id/,无效URL（非 http/https/rtsp 开头）
Stara TV Bojonegoro (720p),#EXTVLCOPT:http-referrer=https://bojonegoro.staratv.id/,无效URL（非 http/https/rtsp 开头）
Stara TV Cianjur (720p),#EXTVLCOPT:http-referrer=https://cianjur.staratv.id/,无效URL（非 http/https/rtsp 开头）
Stara TV Jakarta (1080p),#EXTVLCOPT:http-referrer=https://jakarta.staratv.id/,无效URL（非 http/https/rtsp 开头）
Stara TV Malang (1080p),#EXTVLCOPT:http-referrer=https://malang.staratv.id/,无效URL（非 http/https/rtsp 开头）
Stara TV Parahyangan (720p),#EXTVLCOPT:http-referrer=https://parahyangan.staratv.id/,无效URL（非 http/https/rtsp 开头）
Stingray Éxitos del Momento (1080p),#EXTVLCOPT:http-user-agent=Mozilla/5.0 (Windows NT 10.0; Win64; x64) AppleWebKit/537.36 (KHTML, like Gecko) Chrome/145.0.0.0 Safari/537.36 Edg/145.0.0.0,无效URL（非 http/https/rtsp 开头）
Stingray HipHop and RnB (1080p),#EXTVLCOPT:http-user-agent=Mozilla/5.0 (Windows NT 10.0; Win64; x64) AppleWebKit/537.36 (KHTML, like Gecko) Chrome/145.0.0.0 Safari/537.36 Edg/145.0.0.0,无效URL（非 http/https/rtsp 开头）
Stingray Remember the 80s (1080p),#EXTVLCOPT:http-user-agent=Mozilla/5.0 (Windows NT 10.0; Win64; x64) AppleWebKit/537.36 (KHTML, like Gecko) Chrome/145.0.0.0 Safari/537.36 Edg/145.0.0.0,无效URL（非 http/https/rtsp 开头）
STS Love (576i),#EXTVLCOPT:http-user-agent=Mozilla/5.0 (Windows NT 10.0; Win64; x64) AppleWebKit/537.36 (KHTML, like Gecko) Chrome/144.0.0.0 Safari/537.36,无效URL（非 http/https/rtsp 开头）
Suld TV (1080p),#EXTVLCOPT:http-user-agent=Mozilla/5.0 (Windows NT 10.0; Win64; x64) AppleWebKit/537.36 (KHTML, like Gecko) Chrome/144.0.0.0 Safari/537.36,无效URL（非 http/https/rtsp 开头）
Sundrani Tv (720p),#EXTVLCOPT:http-user-agent=Mozilla/5.0 (Windows NT 10.0; Win64; x64) AppleWebKit/537.36 (KHTML, like Gecko) Chrome/145.0.0.0 Safari/537.36 Edg/145.0.0.0,无效URL（非 http/https/rtsp 开头）
Super RTL HD (720p),#EXTVLCOPT:http-referrer=https://www.2ix2.com/super-rtl-live/,无效URL（非 http/https/rtsp 开头）
Super TV (1080i) [Not 24/7],#EXTVLCOPT:http-referrer=https://supertv.ro,无效URL（非 http/https/rtsp 开头）
Suspilne. Krym (1080p) [Geo-blocked],#EXTVLCOPT:http-user-agent=Mozilla/5.0 (Windows NT 10.0; Win64; x64) AppleWebKit/537.36 (KHTML, like Gecko) Chrome/143.0.7499.109 Safari/537.36,无效URL（非 http/https/rtsp 开头）
Suspilne. Kultura (1080p) [Geo-blocked],#EXTVLCOPT:http-user-agent=Mozilla/5.0 (Windows NT 10.0; Win64; x64) AppleWebKit/537.36 (KHTML, like Gecko) Chrome/143.0.7499.109 Safari/537.36,无效URL（非 http/https/rtsp 开头）
Suspilne. Kyiv (1080p),#EXTVLCOPT:http-user-agent=curl/8.16.0,无效URL（非 http/https/rtsp 开头）
Susun TV (1080p),#EXTVLCOPT:http-referrer=https://susuntv.bamboo-cloud.com/,无效URL（非 http/https/rtsp 开头）
Suyai TV (1080p),#EXTVLCOPT:http-referrer=https://suyaitv.cl,无效URL（非 http/https/rtsp 开头）
Swar Shree (720p),#EXTVLCOPT:http-user-agent=Mozilla/5.0 (Windows NT 10.0; Win64; x64) AppleWebKit/537.36 (KHTML, like Gecko) Chrome/145.0.0.0 Safari/537.36 Edg/145.0.0.0,无效URL（非 http/https/rtsp 开头）
Swerve Combat (1080p),#EXTVLCOPT:http-user-agent=Mozilla/5.0 (Windows NT 10.0; Win64; x64) AppleWebKit/537.36 (KHTML, like Gecko) Chrome/145.0.0.0 Safari/537.36 Edg/145.0.0.0,无效URL（非 http/https/rtsp 开头）
Tabbar Hits (1080p),#EXTVLCOPT:http-user-agent=Mozilla/5.0 (Windows NT 10.0; Win64; x64) AppleWebKit/537.36 (KHTML, like Gecko) Chrome/145.0.0.0 Safari/537.36 Edg/145.0.0.0,无效URL（非 http/https/rtsp 开头）
TAM TV (720p),#EXTVLCOPT:http-referrer=https://tamtv.com.ve,无效URL（非 http/https/rtsp 开头）
Tara Tv (360p),#EXTVLCOPT:http-user-agent=Mozilla/5.0 (Windows NT 10.0; Win64; x64) AppleWebKit/537.36 (KHTML, like Gecko) Chrome/145.0.0.0 Safari/537.36 Edg/145.0.0.0,无效URL（非 http/https/rtsp 开头）
TBN [Geo-blocked],#EXTVLCOPT:http-referrer=https://www.dens.tv/,无效URL（非 http/https/rtsp 开头）
Tele 7 (720p),#EXTVLCOPT:http-user-agent=Mozilla/5.0 (Windows NT 10.0; Win64; x64) AppleWebKit/537.36 (KHTML, like Gecko) Chrome/83.0.4103.97 Safari/537.36 CrKey/1.44.191160,无效URL（非 http/https/rtsp 开头）
Tele Amiga (480p) [Not 24/7],#EXTVLCOPT:http-user-agent=Mozilla/5.0 (Windows NT 10.0; Win64; x64) AppleWebKit/537.36 (KHTML, like Gecko) Chrome/83.0.4103.97 Safari/537.36 CrKey/1.44.191160,无效URL（非 http/https/rtsp 开头）
Tele Vid (1080p),#EXTVLCOPT:http-user-agent=Mozilla/5.0 (Windows NT 10.0; Win64; x64) AppleWebKit/537.36 (KHTML, like Gecko) Chrome/83.0.4103.97 Safari/537.36 CrKey/1.44.191160,无效URL（非 http/https/rtsp 开头）
Tele Yucatan (1080p) [Geo-blocked],#EXTVLCOPT:http-referrer=https://www.teleyucatan.gob.mx/,无效URL（非 http/https/rtsp 开头）
Teleantioquia (720p),#EXTVLCOPT:http-user-agent=Mozilla/5.0 (Windows NT 10.0; Win64; x64) AppleWebKit/537.36 (KHTML, like Gecko) Chrome/83.0.4103.97 Safari/537.36 CrKey/1.44.191160,无效URL（非 http/https/rtsp 开头）
Telearuba (1080p) [Not 24/7],#EXTVLCOPT:http-user-agent=Mozilla/5.0 (Windows NT 10.0; Win64; x64) AppleWebKit/537.36 (KHTML, like Gecko) Chrome/77.0.3865.90 Safari/537.36,无效URL（非 http/https/rtsp 开头）
TeleBilbao (384p),#EXTVLCOPT:http-user-agent=Mozilla/5.0 (Windows NT 10.0; Win64; x64) AppleWebKit/537.36 (KHTML, like Gecko) Chrome/83.0.4103.97 Safari/537.36 CrKey/1.44.191160,无效URL（非 http/https/rtsp 开头）
Telecafe (1080p),#EXTVLCOPT:http-user-agent=Mozilla/5.0 (Windows NT 10.0; Win64; x64) AppleWebKit/537.36 (KHTML, like Gecko) Chrome/83.0.4103.97 Safari/537.36 CrKey/1.44.191160,无效URL（非 http/https/rtsp 开头）
Telecaribe (720p),#EXTVLCOPT:http-user-agent=Mozilla/5.0 (Windows NT 10.0; Win64; x64) AppleWebKit/537.36 (KHTML, like Gecko) Chrome/83.0.4103.97 Safari/537.36 CrKey/1.44.191160,无效URL（非 http/https/rtsp 开头）
Telecaribe Plus (720p),#EXTVLCOPT:http-user-agent=Mozilla/5.0 (Windows NT 10.0; Win64; x64) AppleWebKit/537.36 (KHTML, like Gecko) Chrome/83.0.4103.97 Safari/537.36 CrKey/1.44.191160,无效URL（非 http/https/rtsp 开头）
Telefuturo (1080p),#EXTVLCOPT:http-referrer=https://www.telefuturo.com.py,无效URL（非 http/https/rtsp 开头）
Telemedellin (720p),#EXTVLCOPT:http-user-agent=Mozilla/5.0 (Windows NT 10.0; Win64; x64) AppleWebKit/537.36 (KHTML, like Gecko) Chrome/83.0.4103.97 Safari/537.36 CrKey/1.44.191160,无效URL（非 http/https/rtsp 开头）
Telemicro (1080p),#EXTVLCOPT:http-referrer=https://telemicro.com.do/players/5tv/,无效URL（非 http/https/rtsp 开头）
Telered Television (576p) [Geo-blocked],#EXTVLCOPT:http-referrer=https://teleredtelevision.com/,无效URL（非 http/https/rtsp 开头）
Telesucesos (720p) [Not 24/7],#EXTVLCOPT:http-referrer=https://ticsbalancer.ticsecuador.com.ec:4444/TeleSucesos/play.html?name=UIO-HD,无效URL（非 http/https/rtsp 开头）
Telesur Moquegua [Not 24/7],#EXTVLCOPT:http-referrer=https://www.telesur.com.pe/,无效URL（非 http/https/rtsp 开头）
Teletica 7 (720p) [Geo-blocked],#EXTVLCOPT:http-referrer=https://bradmax.com/client/embed-player/c7c83ebb46fa89529a7383d933e2038729f8e4c9_13428?id=tv7&mediaUrl=https://cdn01.teletica.com/TeleticaLiveStream/Stream/playlist_dvr.m3u8&mediaUrl2=https://6zklxk9bdw9b-hls-live.5centscdn.com/TeleticaLiveStream/d072c3a8dde8622c607ecd258fd628e8.sdp/playlist_dvr.m3u8,无效URL（非 http/https/rtsp 开头）
Teleunion (1080p),#EXTVLCOPT:http-referrer=https://teleuniontvrd.com/portal/,无效URL（非 http/https/rtsp 开头）
Televiaducto Canal 3 (720p) [Not 24/7],#EXTVLCOPT:http-referrer=https://player.castr.com/,无效URL（非 http/https/rtsp 开头）
Televiaducto Canal 14 (720p) [Not 24/7],#EXTVLCOPT:http-referrer=https://player.castr.com/,无效URL（非 http/https/rtsp 开头）
TeleVigo (1080p) [Not 24/7],#EXTVLCOPT:http-referrer=http://www.televigo.com,无效URL（非 http/https/rtsp 开头）
TenGer TV (1080p),#EXTVLCOPT:http-user-agent=Mozilla/5.0 (Windows NT 10.0; Win64; x64) AppleWebKit/537.36 (KHTML, like Gecko) Chrome/144.0.0.0 Safari/537.36,无效URL（非 http/https/rtsp 开头）
The Beach Channel (720p) [Not 24/7],#EXTVLCOPT:http-referrer=https://player.castr.com/,无效URL（非 http/https/rtsp 开头）
The Boat Show (720p),#EXTVLCOPT:http-user-agent=Mozilla/5.0 (Windows NT 10.0; Win64; x64) AppleWebKit/537.36 (KHTML, like Gecko) Chrome/145.0.0.0 Safari/537.36 Edg/145.0.0.0,无效URL（非 http/https/rtsp 开头）
The Family TV Channel (1080p),#EXTVLCOPT:http-user-agent=Mozilla/5.0 (Windows NT 10.0; Win64; x64) AppleWebKit/537.36 (KHTML, like Gecko) Chrome/145.0.0.0 Safari/537.36 Edg/145.0.0.0,无效URL（非 http/https/rtsp 开头）
The Holiday TV Channel (1080p),#EXTVLCOPT:http-user-agent=Mozilla/5.0 (Windows NT 10.0; Win64; x64) AppleWebKit/537.36 (KHTML, like Gecko) Chrome/145.0.0.0 Safari/537.36 Edg/145.0.0.0,无效URL（非 http/https/rtsp 开头）
The Spanish Family Channel (1080p),#EXTVLCOPT:http-user-agent=Mozilla/5.0 (Windows NT 10.0; Win64; x64) AppleWebKit/537.36 (KHTML, like Gecko) Chrome/145.0.0.0 Safari/537.36 Edg/145.0.0.0,无效URL（非 http/https/rtsp 开头）
The Unmute (1080p),#EXTVLCOPT:http-user-agent=Mozilla/5.0 (Windows NT 10.0; Win64; x64) AppleWebKit/537.36 (KHTML, like Gecko) Chrome/145.0.0.0 Safari/537.36 Edg/145.0.0.0,无效URL（非 http/https/rtsp 开头）
Times Now News (720p),#EXTVLCOPT:http-user-agent=Mozilla/5.0 (Windows NT 10.0; Win64; x64) AppleWebKit/537.36 (KHTML, like Gecko) Chrome/145.0.0.0 Safari/537.36 Edg/145.0.0.0,无效URL（非 http/https/rtsp 开头）
TM TV (1080p),#EXTVLCOPT:http-user-agent=Mozilla/5.0 (Windows NT 10.0; Win64; x64) AppleWebKit/537.36 (KHTML, like Gecko) Chrome/144.0.0.0 Safari/537.36,无效URL（非 http/https/rtsp 开头）
TNE Canal 58 (720p) [Not 24/7],#EXTVLCOPT:http-referrer=https://player.castr.com/,无效URL（非 http/https/rtsp 开头）
ToonOvation (1080p),#EXTVLCOPT:http-user-agent=Mozilla/5.0 (Windows NT 10.0; Win64; x64) AppleWebKit/537.36 (KHTML, like Gecko) Chrome/145.0.0.0 Safari/537.36 Edg/145.0.0.0,无效URL（非 http/https/rtsp 开头）
Top News Marathi (1080p),#EXTVLCOPT:http-user-agent=Mozilla/5.0 (Windows NT 10.0; Win64; x64) AppleWebKit/537.36 (KHTML, like Gecko) Chrome/145.0.0.0 Safari/537.36 Edg/145.0.0.0,无效URL（非 http/https/rtsp 开头）
TRACE Latina (720p),#EXTVLCOPT:http-user-agent=Mozilla/5.0 (Windows NT 10.0; Win64; x64) AppleWebKit/537.36 (KHTML, like Gecko) Chrome/145.0.0.0 Safari/537.36 Edg/145.0.0.0,无效URL（非 http/https/rtsp 开头）
TRACE UK (720p),#EXTVLCOPT:http-user-agent=Mozilla/5.0 (Windows NT 10.0; Win64; x64) AppleWebKit/537.36 (KHTML, like Gecko) Chrome/145.0.0.0 Safari/537.36 Edg/145.0.0.0,无效URL（非 http/https/rtsp 开头）
Trece (720p),#EXTVLCOPT:http-user-agent=Mozilla/5.0 (Windows NT 10.0; Win64; x64) AppleWebKit/537.36 (KHTML, like Gecko) Chrome/83.0.4103.97 Safari/537.36 CrKey/1.44.191160,无效URL（非 http/https/rtsp 开头）
Trece (1080p),#EXTVLCOPT:http-referrer=https://trece.com.py/,无效URL（非 http/https/rtsp 开头）
Trivision 36 (720p),#EXTVLCOPT:http-referrer=https://player.instantvideocloud.net/,无效URL（非 http/https/rtsp 开头）
TRK Ildana (720p),#EXTVLCOPT:http-user-agent=Mozilla/5.0 (Windows NT 10.0; Win64; x64; rv:97.0) Gecko/20100101 Firefox/97.0,无效URL（非 http/https/rtsp 开头）
True History (720p),#EXTVLCOPT:http-user-agent=Mozilla/5.0 (Windows NT 10.0; Win64; x64) AppleWebKit/537.36 (KHTML, like Gecko) Chrome/145.0.0.0 Safari/537.36 Edg/145.0.0.0,无效URL（非 http/https/rtsp 开头）
Trufa (1080p),#EXTVLCOPT:http-user-agent=Mozilla/5.0 (Windows NT 10.0; Win64; x64) AppleWebKit/537.36 (KHTML, like Gecko) Chrome/145.0.0.0 Safari/537.36 Edg/145.0.0.0,无效URL（非 http/https/rtsp 开头）
TV4 (1080p),#EXTVLCOPT:http-user-agent=Mozilla/5.0 (Windows NT 10.0; Win64; x64) AppleWebKit/537.36 (KHTML, like Gecko) Chrome/144.0.0.0 Safari/537.36,无效URL（非 http/https/rtsp 开头）
TV6 [Geo-blocked],#EXTVLCOPT:http-referrer=https://rtm-player.glueapi.io/,无效URL（非 http/https/rtsp 开头）
TV7 (1080p),#EXTVLCOPT:http-user-agent=Mozilla/5.0 (Windows NT 10.0; Win64; x64) AppleWebKit/537.36 (KHTML, like Gecko) Chrome/144.0.0.0 Safari/537.36,无效URL（非 http/https/rtsp 开头）
TV7 (720p),#EXTVLCOPT:http-user-agent=Mozilla/5.0 (Windows NT 10.0; Win64; x64) AppleWebKit/537.36 (KHTML, like Gecko) Chrome/144.0.0.0 Safari/537.36,无效URL（非 http/https/rtsp 开头）
TV8 HD (1080p),#EXTVLCOPT:http-user-agent=Mozilla/5.0 (Windows NT 10.0; Win64; x64) AppleWebKit/537.36 (KHTML, like Gecko) Chrome/144.0.0.0 Safari/537.36,无效URL（非 http/https/rtsp 开头）
TV9 HD (1080p),#EXTVLCOPT:http-user-agent=Mozilla/5.0 (Windows NT 10.0; Win64; x64) AppleWebKit/537.36 (KHTML, like Gecko) Chrome/144.0.0.0 Safari/537.36,无效URL（非 http/https/rtsp 开头）
TV9 Kannada (720p),#EXTVLCOPT:http-user-agent=Mozilla/5.0 (Windows NT 10.0; Win64; x64) AppleWebKit/537.36 (KHTML, like Gecko) Chrome/145.0.0.0 Safari/537.36 Edg/145.0.0.0,无效URL（非 http/https/rtsp 开头）
TV Bahia (1080i),#EXTVLCOPT:http-user-agent=Mozilla/5.0 (Windows NT 10.0; Win64; x64) AppleWebKit/537.36 (KHTML, like Gecko) Chrome/129.0.0.0 Safari/537.36,无效URL（非 http/https/rtsp 开头）
TV Berguedà (1080p),#EXTVLCOPT:http-user-agent=Mozilla/5.0 (Windows NT 10.0; Win64; x64) AppleWebKit/537.36 (KHTML, like Gecko) Chrome/83.0.4103.97 Safari/537.36 CrKey/1.44.191160,无效URL（非 http/https/rtsp 开头）
TV Chosun (720p),#EXTVLCOPT:http-referrer=http://broadcast.tvchosun.com/onair/on.cstv,无效URL（非 http/https/rtsp 开头）
TV Chosun 2 (720p),#EXTVLCOPT:http-referrer=http://broadcast.tvchosun.com/onair/on2.cstv,无效URL（非 http/https/rtsp 开头）
TV Cidade Verde Cuiaba,#EXTVLCOPT:http-referrer=https://www.tvcidadeverde.com.br,无效URL（非 http/https/rtsp 开头）
TV Costa Brava (1080p),#EXTVLCOPT:http-user-agent=Mozilla/5.0 (Windows NT 10.0; Win64; x64) AppleWebKit/537.36 (KHTML, like Gecko) Chrome/83.0.4103.97 Safari/537.36 CrKey/1.44.191160,无效URL（非 http/https/rtsp 开头）
TV L'Hospitalet (1080p),#EXTVLCOPT:http-user-agent=Mozilla/5.0 (Windows NT 10.0; Win64; x64) AppleWebKit/537.36 (KHTML, like Gecko) Chrome/83.0.4103.97 Safari/537.36 CrKey/1.44.191160,无效URL（非 http/https/rtsp 开头）
TV Peru (1080p),#EXTVLCOPT:http-referrer=http://tvperu.gob.pe/,无效URL（非 http/https/rtsp 开头）
TV Peru Internacional (720p),#EXTVLCOPT:http-referrer=https://www.tvperu.gob.pe/internacional,无效URL（非 http/https/rtsp 开头）
TV Peru Noticias (360p),#EXTVLCOPT:http-referrer=http://www.tvperu.gob.pe/noticias,无效URL（非 http/https/rtsp 开头）
TV Punjab (720p),#EXTVLCOPT:http-user-agent=Mozilla/5.0 (Windows NT 10.0; Win64; x64) AppleWebKit/537.36 (KHTML, like Gecko) Chrome/145.0.0.0 Safari/537.36 Edg/145.0.0.0,无效URL（非 http/https/rtsp 开头）
TV Ripollès (1080p),#EXTVLCOPT:http-user-agent=Mozilla/5.0 (Windows NT 10.0; Win64; x64) AppleWebKit/537.36 (KHTML, like Gecko) Chrome/83.0.4103.97 Safari/537.36 CrKey/1.44.191160,无效URL（非 http/https/rtsp 开头）
TV Sabadell-Vallès (1080p),#EXTVLCOPT:http-user-agent=Mozilla/5.0 (Windows NT 10.0; Win64; x64) AppleWebKit/537.36 (KHTML, like Gecko) Chrome/83.0.4103.97 Safari/537.36 CrKey/1.44.191160,无效URL（非 http/https/rtsp 开头）
TVC Network (720p) [Not 24/7],#EXTVLCOPT:http-referrer=https://player.castr.com/live_d0b3cf70e24111ed8ed2951b4c7d1b75,无效URL（非 http/https/rtsp 开头）
TVO San Vicente (720p),#EXTVLCOPT:http-referrer=http://www.tvosanvicente.cl/,无效URL（非 http/https/rtsp 开头）
TVRI (480p) [Geo-blocked],#EXTVLCOPT:http-referrer=https://www.dens.tv/,无效URL（非 http/https/rtsp 开头）
U Channel (720p),#EXTVLCOPT:http-referrer=https://www.u-channel.tv/,无效URL（非 http/https/rtsp 开头）
UBS (1080p),#EXTVLCOPT:http-user-agent=Mozilla/5.0 (Windows NT 10.0; Win64; x64) AppleWebKit/537.36 (KHTML, like Gecko) Chrome/144.0.0.0 Safari/537.36,无效URL（非 http/https/rtsp 开头）
UBTV Brawijaya (480p),#EXTVLCOPT:http-referrer=https://tv.ub.ac.id,无效URL（非 http/https/rtsp 开头）
UMSA TVU Internacional (720p),#EXTVLCOPT:http-referrer=https://tvu.umsa.bo/tvu-internacional,无效URL（非 http/https/rtsp 开头）
UMSA TVU LP (720p),#EXTVLCOPT:http-referrer=https://tvu.umsa.bo/en-vivo,无效URL（非 http/https/rtsp 开头）
UN24 (720p),#EXTVLCOPT:http-referrer=https://un24.tv/,无效URL（非 http/https/rtsp 开头）
UnchainedTV (1080p),#EXTVLCOPT:http-user-agent=Mozilla/5.0 (Windows NT 10.0; Win64; x64) AppleWebKit/537.36 (KHTML, like Gecko) Chrome/145.0.0.0 Safari/537.36 Edg/145.0.0.0,无效URL（非 http/https/rtsp 开头）
Unicanal (1080p),#EXTVLCOPT:http-referrer=https://unicanal.com.py/,无效URL（非 http/https/rtsp 开头）
UniversidadMayordeSanAndres (1080p) [Not 24/7],#EXTVLCOPT:http-referrer=https://tvu.umsa.bo/en-vivo,无效URL（非 http/https/rtsp 开头）
UPEA TV (720p),#EXTVLCOPT:http-referrer=https://tv.upea.bo/live,无效URL（非 http/https/rtsp 开头）
Urban Action Channel (1080p),#EXTVLCOPT:http-user-agent=Mozilla/5.0 (Windows NT 10.0; Win64; x64) AppleWebKit/537.36 (KHTML, like Gecko) Chrome/145.0.0.0 Safari/537.36 Edg/145.0.0.0,无效URL（非 http/https/rtsp 开头）
USMPTV,#EXTVLCOPT:http-referrer=https://usmptv.pe/,无效URL（非 http/https/rtsp 开头）
V TV (720p),#EXTVLCOPT:http-referrer=https://www.vtv.net.tr/,无效URL（非 http/https/rtsp 开头）
Vallès Visió (1080p),#EXTVLCOPT:http-user-agent=Mozilla/5.0 (Windows NT 10.0; Win64; x64) AppleWebKit/537.36 (KHTML, like Gecko) Chrome/83.0.4103.97 Safari/537.36 CrKey/1.44.191160,无效URL（非 http/https/rtsp 开头）
Vande Bharat News (1080p),#EXTVLCOPT:http-user-agent=Mozilla/5.0 (Windows NT 10.0; Win64; x64) AppleWebKit/537.36 (KHTML, like Gecko) Chrome/145.0.0.0 Safari/537.36 Edg/145.0.0.0,无效URL（非 http/https/rtsp 开头）
Viajar TV (1080p),#EXTVLCOPT:http-user-agent=Mozilla/5.0 (Windows NT 10.0; Win64; x64) AppleWebKit/537.36 (KHTML, like Gecko) Chrome/145.0.0.0 Safari/537.36 Edg/145.0.0.0,无效URL（非 http/https/rtsp 开头）
Vision Plus TV (1080i),#EXTVLCOPT:http-referrer=https://visionplustv.cl/,无效URL（非 http/https/rtsp 开头）
VOTV (1080p),#EXTVLCOPT:http-user-agent=Mozilla/5.0 (Windows NT 10.0; Win64; x64) AppleWebKit/537.36 (KHTML, like Gecko) Chrome/83.0.4103.97 Safari/537.36 CrKey/1.44.191160,无效URL（非 http/https/rtsp 开头）
Wai Lana (1080p),#EXTVLCOPT:http-user-agent=Mozilla/5.0 (Windows NT 10.0; Win64; x64) AppleWebKit/537.36 (KHTML, like Gecko) Chrome/145.0.0.0 Safari/537.36 Edg/145.0.0.0,无效URL（非 http/https/rtsp 开头）
Wasat TV (1080p),#EXTVLCOPT:http-referrer=https://alwasat.ly/,无效URL（非 http/https/rtsp 开头）
WFN: World Fishing Network (1080p),#EXTVLCOPT:http-user-agent=Mozilla/5.0 (Windows NT 10.0; Win64; x64) AppleWebKit/537.36 (KHTML, like Gecko) Chrome/145.0.0.0 Safari/537.36 Edg/145.0.0.0,无效URL（非 http/https/rtsp 开头）
Wild Nature (1080p),#EXTVLCOPT:http-user-agent=Mozilla/5.0 (Windows NT 10.0; Win64; x64) AppleWebKit/537.36 (KHTML, like Gecko) Chrome/145.0.0.0 Safari/537.36 Edg/145.0.0.0,无效URL（非 http/https/rtsp 开头）
Wild TV (1080p),#EXTVLCOPT:http-user-agent=Mozilla/5.0 (Windows NT 10.0; Win64; x64) AppleWebKit/537.36 (KHTML, like Gecko) Chrome/145.0.0.0 Safari/537.36 Edg/145.0.0.0,无效URL（非 http/https/rtsp 开头）
Wine Watches & Whiskey (1080p),#EXTVLCOPT:http-user-agent=Mozilla/5.0 (Windows NT 10.0; Win64; x64) AppleWebKit/537.36 (KHTML, like Gecko) Chrome/145.0.0.0 Safari/537.36 Edg/145.0.0.0,无效URL（非 http/https/rtsp 开头）
World Poker Tour (1080p),#EXTVLCOPT:http-user-agent=Mozilla/5.0 (Windows NT 10.0; Win64; x64) AppleWebKit/537.36 (KHTML, like Gecko) Chrome/145.0.0.0 Safari/537.36 Edg/145.0.0.0,无效URL（非 http/https/rtsp 开头）
World Punjabi Tv (1080p),#EXTVLCOPT:http-user-agent=Mozilla/5.0 (Windows NT 10.0; Win64; x64) AppleWebKit/537.36 (KHTML, like Gecko) Chrome/145.0.0.0 Safari/537.36 Edg/145.0.0.0,无效URL（非 http/https/rtsp 开头）
X 102.7 FM (720p) [Not 24/7],#EXTVLCOPT:http-referrer=https://player.castr.com/live_21e811c0d60d11eeaa1a471c2c967e4a,无效URL（非 http/https/rtsp 开头）
XTOTV (1280p) [Not 24/7],#EXTVLCOPT:http-referrer=https://www.sccbolivia.com/,无效URL（非 http/https/rtsp 开头）
Xtrema Accion,#EXTVLCOPT:http-referrer=https://xtrematv.com/?p=1434,无效URL（非 http/https/rtsp 开头）
Xtrema Cartoons,#EXTVLCOPT:http-referrer=https://xtrematv.com/?p=1390,无效URL（非 http/https/rtsp 开头）
Xtrema Cine Clasico,#EXTVLCOPT:http-referrer=https://xtrematv.com/?p=1460,无效URL（非 http/https/rtsp 开头）
Xtrema Terror,#EXTVLCOPT:http-referrer=https://xtrematv.com/?p=1456,无效URL（非 http/https/rtsp 开头）
Zoom TV Kurdish (720p),#EXTVLCOPT:http-referrer=https://zoomnews.info/,无效URL（非 http/https/rtsp 开头）
Zoomer TV (1080p),#EXTVLCOPT:http-user-agent=Mozilla/5.0 (Windows NT 10.0; Win64; x64) AppleWebKit/537.36 (KHTML, like Gecko) Chrome/145.0.0.0 Safari/537.36 Edg/145.0.0.0,无效URL（非 http/https/rtsp 开头）
Беларусь 2 (1080p),#EXTVLCOPT:http-referrer=https://belarus2.by/,无效URL（非 http/https/rtsp 开头）
Время (720p),#EXTVLCOPT:http-user-agent=Mozilla/5.0 (Windows NT 10.0; Win64; x64) AppleWebKit/537.36 (KHTML, like Gecko) Chrome/144.0.0.0 Safari/537.36,无效URL（非 http/https/rtsp 开头）
Домашний (540p) [Geo-blocked],#EXTVLCOPT:http-user-agent=WINK/1.44.1 (AndroidTV/9) HlsWinkPlayer,无效URL（非 http/https/rtsp 开头）
Домашний International (720p),#EXTVLCOPT:http-user-agent=Mozilla/5.0 (Windows NT 10.0; Win64; x64) AppleWebKit/537.36 (KHTML, like Gecko) Chrome/144.0.0.0 Safari/537.36,无效URL（非 http/https/rtsp 开头）
Дума ТВ (1080p) [Not 24/7],#EXTVLCOPT:http-user-agent=Mozilla/5.0 (Windows NT 10.0; Win64; x64) AppleWebKit/537.36 (KHTML, like Gecko) Chrome/144.0.0.0 Safari/537.36,无效URL（非 http/https/rtsp 开头）
Карусель International (720p),#EXTVLCOPT:http-user-agent=Mozilla/5.0 (Windows NT 10.0; Win64; x64) AppleWebKit/537.36 (KHTML, like Gecko) Chrome/144.0.0.0 Safari/537.36,无效URL（非 http/https/rtsp 开头）
Кубань 24 [Geo-blocked],#EXTVLCOPT:http-user-agent=WINK/1.40.1 (AndroidTV/9) HlsWinkPlayer,无效URL（非 http/https/rtsp 开头）
Лен ТВ 24 (540p) [Geo-blocked],#EXTVLCOPT:http-user-agent=WINK/1.44.1 (AndroidTV/9) HlsWinkPlayer,无效URL（非 http/https/rtsp 开头）
Матч! Планета (720p),#EXTVLCOPT:http-user-agent=Mozilla/5.0 (Windows NT 10.0; Win64; x64) AppleWebKit/537.36 (KHTML, like Gecko) Chrome/144.0.0.0 Safari/537.36,无效URL（非 http/https/rtsp 开头）
Муз ТВ (450p) [Geo-blocked],#EXTVLCOPT:http-user-agent=WINK/1.40.1 (AndroidTV/9) HlsWinkPlayer,无效URL（非 http/https/rtsp 开头）
Новгородское областное телевидение [Geo-blocked],#EXTVLCOPT:http-user-agent=WINK/1.40.1 (AndroidTV/9) HlsWinkPlayer,无效URL（非 http/https/rtsp 开头）
НТК 21 (Биробиджан) [Geo-blocked],#EXTVLCOPT:http-user-agent=WINK/1.40.1 (AndroidTV/9) HlsWinkPlayer,无效URL（非 http/https/rtsp 开头）
Өлзий ТВ (1080p),#EXTVLCOPT:http-user-agent=Mozilla/5.0 (Windows NT 10.0; Win64; x64) AppleWebKit/537.36 (KHTML, like Gecko) Chrome/144.0.0.0 Safari/537.36,无效URL（非 http/https/rtsp 开头）
Перец International (576p),#EXTVLCOPT:http-user-agent=Mozilla/5.0 (Windows NT 10.0; Win64; x64) AppleWebKit/537.36 (KHTML, like Gecko) Chrome/144.0.0.0 Safari/537.36,无效URL（非 http/https/rtsp 开头）
Победа 720p (576p),#EXTVLCOPT:http-user-agent=Mozilla/5.0 (Windows NT 10.0; Win64; x64) AppleWebKit/537.36 (KHTML, like Gecko) Chrome/144.0.0.0 Safari/537.36,无效URL（非 http/https/rtsp 开头）
ПравдаТУТ (720p),#EXTVLCOPT:http-user-agent=Mozilla/5.0 (Windows NT 10.0; Win64; x64; rv:97.0) Gecko/20100101 Firefox/97.0,无效URL（非 http/https/rtsp 开头）
Пятница! International (576p),#EXTVLCOPT:http-user-agent=Mozilla/5.0 (Windows NT 10.0; Win64; x64) AppleWebKit/537.36 (KHTML, like Gecko) Chrome/144.0.0.0 Safari/537.36,无效URL（非 http/https/rtsp 开头）
Пятый Канал (540p) [Geo-blocked],#EXTVLCOPT:http-user-agent=WINK/1.44.1 (AndroidTV/9) HlsWinkPlayer,无效URL（非 http/https/rtsp 开头）
РЕН ТВ (540p) [Geo-blocked],#EXTVLCOPT:http-user-agent=WINK/1.44.1 (AndroidTV/9) HlsWinkPlayer,无效URL（非 http/https/rtsp 开头）
РЕН ТВ International (720p),#EXTVLCOPT:http-user-agent=Mozilla/5.0 (Windows NT 10.0; Win64; x64) AppleWebKit/537.36 (KHTML, like Gecko) Chrome/144.0.0.0 Safari/537.36,无效URL（非 http/https/rtsp 开头）
Соён Гэгээрүүлэгч (1080p),#EXTVLCOPT:http-user-agent=Mozilla/5.0 (Windows NT 10.0; Win64; x64) AppleWebKit/537.36 (KHTML, like Gecko) Chrome/144.0.0.0 Safari/537.36,无效URL（非 http/https/rtsp 开头）
Спас (450p) [Geo-blocked],#EXTVLCOPT:http-user-agent=WINK/1.40.1 (AndroidTV/9) HlsWinkPlayer,无效URL（非 http/https/rtsp 开头）
СТС International (720p),#EXTVLCOPT:http-user-agent=Mozilla/5.0 (Windows NT 10.0; Win64; x64) AppleWebKit/537.36 (KHTML, like Gecko) Chrome/144.0.0.0 Safari/537.36,无效URL（非 http/https/rtsp 开头）
Сфера-ТВ (720p),#EXTVLCOPT:http-user-agent=Mozilla/5.0 (Windows NT 10.0; Win64; x64; rv:97.0) Gecko/20100101 Firefox/97.0,无效URL（非 http/https/rtsp 开头）
ТВ Центр (450p) [Geo-blocked],#EXTVLCOPT:http-user-agent=WINK/1.40.1 (AndroidTV/9) HlsWinkPlayer,无效URL（非 http/https/rtsp 开头）
ТВ Центр International (720p),#EXTVLCOPT:http-user-agent=Mozilla/5.0 (Windows NT 10.0; Win64; x64) AppleWebKit/537.36 (KHTML, like Gecko) Chrome/144.0.0.0 Safari/537.36,无效URL（非 http/https/rtsp 开头）
ТВ-3 (540p) [Geo-blocked],#EXTVLCOPT:http-user-agent=WINK/1.44.1 (AndroidTV/9) HlsWinkPlayer,无效URL（非 http/https/rtsp 开头）
Телекафе (720p),#EXTVLCOPT:http-user-agent=Mozilla/5.0 (Windows NT 10.0; Win64; x64) AppleWebKit/537.36 (KHTML, like Gecko) Chrome/144.0.0.0 Safari/537.36,无效URL（非 http/https/rtsp 开头）
ТНТ4 International (576p),#EXTVLCOPT:http-user-agent=Mozilla/5.0 (Windows NT 10.0; Win64; x64) AppleWebKit/537.36 (KHTML, like Gecko) Chrome/144.0.0.0 Safari/537.36,无效URL（非 http/https/rtsp 开头）
ТНТ International (480p),#EXTVLCOPT:http-user-agent=Mozilla/5.0 (Windows NT 10.0; Win64; x64) AppleWebKit/537.36 (KHTML, like Gecko) Chrome/144.0.0.0 Safari/537.36,无效URL（非 http/https/rtsp 开头）
Тюсо (720p),#EXTVLCOPT:http-user-agent=Mozilla/5.0 (Windows NT 10.0; Win64; x64; rv:97.0) Gecko/20100101 Firefox/97.0,无效URL（非 http/https/rtsp 开头）
Хочу всё знать (576p),#EXTVLCOPT:http-referrer=https://void.greenhosting.ru/,无效URL（非 http/https/rtsp 开头）
Хөгжим (1080p),#EXTVLCOPT:http-user-agent=Mozilla/5.0 (Windows NT 10.0; Win64; x64) AppleWebKit/537.36 (KHTML, like Gecko) Chrome/144.0.0.0 Safari/537.36,无效URL（非 http/https/rtsp 开头）
Хөгжим (720p),#EXTVLCOPT:http-user-agent=Mozilla/5.0 (Windows NT 10.0; Win64; x64) AppleWebKit/537.36 (KHTML, like Gecko) Chrome/144.0.0.0 Safari/537.36,无效URL（非 http/https/rtsp 开头）
之江纪录,https://ali-m-l.cztv.com/channels/lantian/channel012/1080p.m3u8,重复URL
余姚姚江文化 (576p),https://l.cztvcloud.com/channels/lantian/SXyuyao3/720p.m3u8,重复URL
余姚新闻综合 (576p),https://l.cztvcloud.com/channels/lantian/SXyuyao1/720p.m3u8,重复URL
兴隆综合,https://jwcdnqx.hebyun.com.cn/live/xlzh/1500k/tzwj_video.m3u8,重复URL
宿州新闻综合 (1080p) [Not 24/7],http://live.ahsz.tv/video/s10001-szzh/index.m3u8,重复URL
山东体育 (1080p) [Geo-blocked],http://livealone302.iqilu.com/iqilu/typd.m3u8,重复URL
文山综合 (1080p) [Not 24/7],http://m3u8.channel.wsrtv.com.cn/cms/videos/nmip-media/channellive/channel7/playlist.m3u8,重复URL
新昌新聞綜合 (1080p) [Not 24/7],https://l.cztvcloud.com/channels/lantian/SXxinchang1/720p.m3u8,重复URL
武进新闻 (576p) [Not 24/7],https://live.wjyanghu.com/live/CH1.m3u8,重复URL
浙江国际,https://ali-m-l.cztv.com/channels/lantian/channel010/1080p.m3u8,重复URL
浙江教科,https://ali-m-l.cztv.com/channels/lantian/channel004/1080p.m3u8,重复URL
浙江新闻,https://ali-m-l.cztv.com/channels/lantian/channel007/1080p.m3u8,重复URL
浙江民生,https://ali-m-l.cztv.com/channels/lantian/channel006/1080p.m3u8,重复URL
浙江经济,https://ali-m-l.cztv.com/channels/lantian/channel003/1080p.m3u8,重复URL
浙江钱江,https://ali-m-l.cztv.com/channels/lantian/channel002/1080p.m3u8,重复URL
滁州市广播电视台 公共频道 (400p),http://live.cztv.cc:85/live/ggpd.m3u8,重复URL
滁州市广播电视台 新闻综合频道 (1080p),http://live.cztv.cc:85/live/xwpd.m3u8,重复URL
福州广播电视台新闻综合频道 (FZTV-1) (1080p),http://live.zohi.tv/video/s10001-fztv-1/index.m3u8,重复URL
福州广播电视台都市生活频道 (FZTV-3) (1080p),http://live.zohi.tv/video/s10001-fztv-3/index.m3u8,重复URL
福州电视台少儿频道 (FZTV-少儿) (1080p),http://live.zohi.tv/video/s10001-fztv-4/index.m3u8,重复URL
萬州三峽移民 (576p),http://123.146.162.24:8017/c2F0hmi/1000/live.m3u8,重复URL
萧山新闻综合 (720p) [Not 24/7],https://l.cztvcloud.com/channels/lantian/SXxiaoshan1/720p.m3u8,重复URL
蕭山生活頻道 (720p) [Not 24/7],https://l.cztvcloud.com/channels/lantian/SXxiaoshan2/720p.m3u8,重复URL
维护内容：维护 Gather「删除 •IPV6 源」,https://epg.yang-1989.eu.org/v/302.mp4,重复URL
公告说明：IPV6 暂无,https://epg.yang-1989.eu.org/v/301.mp4,重复URL
[VGA]「河南」新野综合,https://t.freetv.fun/live/he-nan-xin-ye-zong-he.m3u8,重复URL
[VGA]「江西」新余新闻综合,https://t.freetv.fun/live/jiang-xi-xin-yu-xin-wen-zong-he.m3u8,重复URL
[VGA]「四川」马尔康综合,https://t.freetv.fun/live/si-chuan-ma-er-kang-zong-he.m3u8,重复URL
[VGA]影视娱乐剧场,https://t.freetv.fun/live/ying-shi-yu-le-ju-chang-1.m3u8,重复URL
[VGA]khbs-tv news fort smith ar,https://t.freetv.fun/live/khbs-tv-news-fort-smith-ar-2.m3u8,重复URL
[VGA]vatican news español,https://t.freetv.fun/live/vatican-news-espanol.m3u8,重复URL
[VGA]无线财经•资讯台,https://t.freetv.fun/live/wu-xian-cai-jing-zi-xun-tai.m3u8,重复URL
[VGA]goodtv旅行,https://t.freetv.fun/live/goodtvlu-xing.m3u8,重复URL
[VGA]神乐影片2,https://t.freetv.fun/live/shen-le-ying-pian-2.m3u8,重复URL
[VGA]奶虫恐怖电影,https://t.freetv.fun/live/nai-chong-kong-bu-dian-ying.m3u8,重复URL
[VGA]国产影片,https://t.freetv.fun/live/guo-chan-ying-pian.m3u8,重复URL
[VGA]连续剧4,https://t.freetv.fun/live/lian-xu-ju-4.m3u8,重复URL
[VGA]cnbc asia 财经台,https://t.freetv.fun/live/cnbc-asia-cai-jing-tai.m3u8,重复URL
[VGA]国外av3,https://t.freetv.fun/live/guo-wai-av3-1.php,重复URL
[HD]营山,rtmp://tv.drs.ysxtv.cn/channellive/ystv-bak,无效URL（非 http/https/rtsp 开头）
[VGA]「新疆」兵团八师石河子经济生活,https://t.freetv.fun/live/xin-jiang-bing-tuan-ba-shi-shi-he-zi-jing-ji-sheng-huo.m3u8,重复URL
[BD]逍遥君小哥ovo,https://t.freetv.fun/live/xiao-yao-jun-xiao-ge-ovo-1.m3u8,重复URL
[VGA]tv câmara de sao paulo,https://t.freetv.fun/live/tv-camara-de-sao-paulo.m3u8,重复URL
[VGA]神乐影片1,https://t.freetv.fun/live/shen-le-ying-pian-1.m3u8,重复URL
[VGA]贝爷max厅】科幻动作经典喜剧,https://t.freetv.fun/live/bei-ye-maxting-ke-huan-dong-zuo-jing-dian-xi-ju.m3u8,重复URL
[VGA]邵氏影院,https://t.freetv.fun/live/shao-shi-ying-yuan-1.m3u8,重复URL
[VGA]变种人电影,https://t.freetv.fun/live/bian-chong-ren-dian-ying.m3u8,重复URL
[VGA]林正英电影1,https://t.freetv.fun/live/lin-zheng-ying-dian-ying-1.m3u8,重复URL
[VGA]海南自贸,https://t.freetv.fun/live/hai-nan-zi-mao-2.m3u8,重复URL
[VGA]滨海新闻,https://t.freetv.fun/live/bin-hai-xin-wen-2.m3u8,重复URL
[VGA]3说电影,https://t.freetv.fun/live/3shuo-dian-ying-1.m3u8,重复URL
[VGA]77说电影,https://t.freetv.fun/live/77shuo-dian-ying-2.m3u8,重复URL
[SD]3030相声小品,https://t.freetv.fun/live/3030xiang-sheng-xiao-pin-1-1.m3u8,重复URL
[VGA]b站王者荣耀,https://t.freetv.fun/live/bzhan-wang-zhe-rong-yao.m3u8,重复URL
[BD]taiwan plus,https://t.freetv.fun/live/taiwan-plus.m3u8,重复URL
[VGA]创世纪,https://t.freetv.fun/live/chuang-shi-ji-5.m3u8,重复URL
[HD]欧美配音电影,https://t.freetv.fun/live/ou-mei-pei-yin-dian-ying.m3u8,重复URL
[VGA]射雕英雄传,https://t.freetv.fun/live/she-diao-ying-xiong-chuan-2.m3u8,重复URL
[VGA]神雕侠侣,https://t.freetv.fun/live/shen-diao-xia-lu-6-1.m3u8,重复URL
[VGA]超级体育,https://t.freetv.fun/live/chao-ji-ti-yu-3-1.m3u8,重复URL
[VGA]超级电影,https://t.freetv.fun/live/chao-ji-dian-ying-3-1.m3u8,重复URL
[VGA]古天乐电影,https://t.freetv.fun/live/gu-tian-le-dian-ying-2-1.m3u8,重复URL
[VGA]奎屯汉语,https://t.freetv.fun/live/kui-tun-yi-yu-1.m3u8,重复URL
[VGA]楚汉骄雄,https://t.freetv.fun/live/chu-yi-jiao-xiong-2-1.m3u8,重复URL
[VGA]扫黄先锋,https://t.freetv.fun/live/sao-huang-xian-feng-3.m3u8,重复URL
[VGA]国外av4,https://t.freetv.fun/live/guo-wai-av4-1.php,重复URL
[VGA]24h高分电影,https://t.freetv.fun/live/24hgao-fen-dian-ying-2.m3u8,重复URL
[VGA]4k超高清电影,https://t.freetv.fun/live/4kchao-gao-qing-dian-ying-1.php,重复URL
[BD]východočeská tv,https://t.freetv.fun/live/vychodoceska-tv.m3u8,重复URL
[HD]afn tv,https://t.freetv.fun/live/afn-tv.m3u8,重复URL
[BD]amc电影,https://t.freetv.fun/live/amcdian-ying.m3u8,重复URL
[BD]amc電影,https://t.freetv.fun/live/amcdian-ying-1.m3u8,重复URL
[VGA]amc電影,https://t.freetv.fun/live/amcdian-ying-8.m3u8,重复URL
[VGA]amc電影,https://t.freetv.fun/live/amcdian-ying-9.m3u8,重复URL
[VGA]amc電影,https://t.freetv.fun/live/amcdian-ying-10.m3u8,重复URL
[VGA]amc電影,https://t.freetv.fun/live/amcdian-ying-11.m3u8,重复URL
[VGA]amc最爱电影,https://t.freetv.fun/live/amczui-ai-dian-ying.ts,重复URL
[VGA]amc最爱电影,https://t.freetv.fun/live/amczui-ai-dian-ying-1.ts,重复URL
[VGA]bbc earth hd,https://t.freetv.fun/live/bbc-earth-hd-2.m3u8,重复URL
[BD]bbc earth,https://t.freetv.fun/live/bbc-earth-2.m3u8,重复URL
[BD]bbc earth,https://t.freetv.fun/live/bbc-earth-1-1.m3u8,重复URL
[VGA]bbc earth,https://t.freetv.fun/live/bbc-earth-2.m3u8,重复URL
[BD]bbc earth us,https://t.freetv.fun/live/bbc-earth-us.m3u8,重复URL
[SD]bbc earth vietnam (1080p),https://t.freetv.fun/live/bbc-earth-vietnam-1080p.m3u8,重复URL
[BD]ช่อง bbc earth,https://t.freetv.fun/live/ch-ng-bbc-earth.m3u8,重复URL
[VGA]bbc earth,https://t.freetv.fun/live/bbc-earth-2-1.php,重复URL
[VGA]bbc earth asia,https://t.freetv.fun/live/bbc-earth-asia.m3u8,重复URL
[VGA]sony bbc earth,https://t.freetv.fun/live/sony-bbc-earth-1.m3u8,重复URL
[VGA]bbc earth lifestyle,https://t.freetv.fun/live/bbc-earth-lifestyle.m3u8,重复URL
[VGA]bbc earth,https://t.freetv.fun/live/bbc-earth-3.m3u8,重复URL
[SD]bbc lifestyle asia (1080p),https://t.freetv.fun/live/bbc-lifestyle-asia-1080p.m3u8,重复URL
[VGA]bbc lifestyle,https://t.freetv.fun/live/bbc-lifestyle-1-1.m3u8,重复URL
[VGA]bbc lifestyle,https://t.freetv.fun/live/bbc-lifestyle-2.ts,重复URL
[BD]white channel,https://t.freetv.fun/live/white-channel-1.m3u8,重复URL
[VGA]zabb channel,https://t.freetv.fun/live/zabb-channel-1.m3u8,重复URL
[BD]test channel 3,https://t.freetv.fun/live/test-channel-3.m3u8,重复URL
[VGA]Channel [V],https://t.freetv.fun/live/channel-v.m3u8,重复URL
[BD]tennis channel,https://t.freetv.fun/live/tennis-channel-5.m3u8,重复URL
[BD]kartoon channel,https://t.freetv.fun/live/kartoon-channel-2.m3u8,重复URL
[BD]white channel,https://t.freetv.fun/live/white-channel-1.m3u8,重复URL
[VGA]light channel,https://t.freetv.fun/live/light-channel.m3u8,重复URL
[BD]tribeca channel,https://t.freetv.fun/live/tribeca-channel.m3u8,重复URL
[VGA]akaal channel,https://t.freetv.fun/live/akaal-channel.m3u8,重复URL
[SD]light channel,https://t.freetv.fun/live/light-channel-1.m3u8,重复URL
[BD]sağlik channel,https://t.freetv.fun/live/saglik-channel.m3u8,重复URL
[VGA]expo channel,https://t.freetv.fun/live/expo-channel.m3u8,重复URL
[HD]ficom channel,https://t.freetv.fun/live/ficom-channel.m3u8,重复URL
[HD]zabb channel,https://t.freetv.fun/live/zabb-channel-1.m3u8,重复URL
[HD]tempe channel 11,https://t.freetv.fun/live/tempe-channel-11-2.m3u8,重复URL
[BD]pravasi channel,https://t.freetv.fun/live/pravasi-channel.m3u8,重复URL
[BD]dopa channel,https://t.freetv.fun/live/dopa-channel.m3u8,重复URL
[VGA]my tv channel,https://t.freetv.fun/live/my-tv-channel.m3u8,重复URL
[VGA]light channel,https://t.freetv.fun/live/light-channel-2.m3u8,重复URL
[VGA]cfm tv channel 98,https://t.freetv.fun/live/cfm-tv-channel-98.m3u8,重复URL
[BD]magna channel,https://t.freetv.fun/live/magna-channel.m3u8,重复URL
[HD]burbank channel,https://t.freetv.fun/live/burbank-channel.m3u8,重复URL
[VGA]channel 44,https://t.freetv.fun/live/channel-44.m3u8,重复URL
[SD]channel s,https://t.freetv.fun/live/channel-s.m3u8,重复URL
[HD]chile channel,https://t.freetv.fun/live/chile-channel.m3u8,重复URL
[BD]miracle channel,https://t.freetv.fun/live/miracle-channel.m3u8,重复URL
[BD]channel y,https://t.freetv.fun/live/channel-y.m3u8,重复URL
[BD]lego channel,https://t.freetv.fun/live/lego-channel.m3u8,重复URL
[SD]tennis channel,https://t.freetv.fun/live/tennis-channel-1.m3u8,重复URL
[HD]mo channel,https://t.freetv.fun/live/mo-channel.m3u8,重复URL
[BD]pursuit channel,https://t.freetv.fun/live/pursuit-channel.m3u8,重复URL
[BD]rama channel,https://t.freetv.fun/live/rama-channel.m3u8,重复URL
[BD]stou channel,https://t.freetv.fun/live/stou-channel.m3u8,重复URL
[HD]kqsl channel 8,https://t.freetv.fun/live/kqsl-channel-8.m3u8,重复URL
[HD]iq channel,https://t.freetv.fun/live/iq-channel.m3u8,重复URL
[SD]ivoire channel,https://t.freetv.fun/live/ivoire-channel.m3u8,重复URL
[HD]channel 11,https://t.freetv.fun/live/channel-11-1.m3u8,重复URL
[BD]super channel 12,https://t.freetv.fun/live/super-channel-12.m3u8,重复URL
[BD]cooking channel,https://t.freetv.fun/live/cooking-channel.m3u8,重复URL
[BD]cable channel 37,https://t.freetv.fun/live/cable-channel-37.m3u8,重复URL
[HD]cool channel,https://t.freetv.fun/live/cool-channel.m3u8,重复URL
[HD]xplore channel,https://t.freetv.fun/live/xplore-channel.m3u8,重复URL
[BD]gs channel,https://t.freetv.fun/live/gs-channel.m3u8,重复URL
[HD]bom channel,https://t.freetv.fun/live/bom-channel.m3u8,重复URL
[BD]channel ginga,https://t.freetv.fun/live/channel-ginga.m3u8,重复URL
[SD]channel,https://t.freetv.fun/live/channel.m3u8,重复URL
[SD]green channel,https://t.freetv.fun/live/green-channel.m3u8,重复URL
[HD]kurd channel,https://t.freetv.fun/live/kurd-channel.m3u8,重复URL
[VGA]golf channel usa sd,https://t.freetv.fun/live/golf-channel-usa-sd.m3u8,重复URL
[VGA]golf channel usa,https://t.freetv.fun/live/golf-channel-usa.m3u8,重复URL
[HD]xtremo channel,https://t.freetv.fun/live/xtremo-channel.m3u8,重复URL
[VGA]corfu channel,https://t.freetv.fun/live/corfu-channel.m3u8,重复URL
[BD]cowboy channel,https://t.freetv.fun/live/cowboy-channel-1.m3u8,重复URL
[HD]channel 11,https://t.freetv.fun/live/channel-11-1-1.m3u8,重复URL
[SD]channel win,https://t.freetv.fun/live/channel-win.m3u8,重复URL
[SD]jinvani channel,https://t.freetv.fun/live/jinvani-channel.m3u8,重复URL
[HD]ช่อง channel win,https://t.freetv.fun/live/ch-ng-channel-win.m3u8,重复URL
[VGA]cfm tv channel 98 (360p),https://t.freetv.fun/live/cfm-tv-channel-98-360p.m3u8,重复URL
[VGA]channel 82,https://t.freetv.fun/live/channel-82.m3u8,重复URL
[VGA]channel 200 (540p),https://t.freetv.fun/live/channel-200-540p-1.m3u8,重复URL
[VGA]nfl channel,https://t.freetv.fun/live/nfl-channel-1.m3u8,重复URL
[SD]tennis channel,https://t.freetv.fun/live/tennis-channel-5.m3u8,重复URL
[VGA]amusic channel (720p),https://t.freetv.fun/live/amusic-channel-720p.m3u8,重复URL
[SD]chile channel (720p),https://t.freetv.fun/live/chile-channel-720p-1.m3u8,重复URL
[SD]expo channel (360p),https://t.freetv.fun/live/expo-channel-360p.m3u8,重复URL
[SD]lego channel (1080p),https://t.freetv.fun/live/lego-channel-1080p.m3u8,重复URL
[SD]kartoon channel,https://t.freetv.fun/live/kartoon-channel-2.m3u8,重复URL
[SD]tribeca channel [geo-blocked],https://t.freetv.fun/live/tribeca-channel-geo-blocked.m3u8,重复URL
[SD]pursuit channel (720p),https://t.freetv.fun/live/pursuit-channel-720p.m3u8,重复URL
[VGA]tempe channel 11,https://t.freetv.fun/live/tempe-channel-11-2.m3u8,重复URL
[VGA]fx movie channel (720p),https://t.freetv.fun/live/fx-movie-channel-720p.m3u8,重复URL
[VGA]hunt channel (720p),https://t.freetv.fun/live/hunt-channel-720p.m3u8,重复URL
[VGA]channel 9 sydney (720p) [geo-blocked],https://t.freetv.fun/live/channel-9-sydney-720p-geo-blocked.m3u8,重复URL
[SD]channel eye (360p),https://t.freetv.fun/live/channel-eye-360p.m3u8,重复URL
[SD]burbank channel (720p),https://t.freetv.fun/live/burbank-channel-720p-1.m3u8,重复URL
[SD]ncm main channel,https://t.freetv.fun/live/ncm-main-channel-1.m3u8,重复URL
[VGA]channel 9 perth (720p) [geo-blocked],https://t.freetv.fun/live/channel-9-perth-720p-geo-blocked.m3u8,重复URL
[VGA]channel 44 (480p),https://t.freetv.fun/live/channel-44-480p.m3u8,重复URL
[SD]channel 11 (scottsdale az),https://t.freetv.fun/live/channel-11-scottsdale-az.m3u8,重复URL
[VGA]channel s (1080p),https://t.freetv.fun/live/channel-s-1080p.m3u8,重复URL
[SD]channel s (576p) [not 24/7],https://t.freetv.fun/live/channel-s-576p-not-24-7-1.m3u8,重复URL
[VGA]trinity channel,https://t.freetv.fun/live/trinity-channel.m3u8,重复URL
[SD]eman channel (576p),https://t.freetv.fun/live/eman-channel-576p-1.m3u8,重复URL
[SD]akaal channel (396p) [geo-blocked],https://t.freetv.fun/live/akaal-channel-396p-geo-blocked-1.m3u8,重复URL
[BD]kartoon channel,https://t.freetv.fun/live/kartoon-channel-1-1.m3u8,重复URL
[VGA]go-tv channel,https://t.freetv.fun/live/go-tv-channel.m3u8,重复URL
[SD]channel s uk,https://t.freetv.fun/live/channel-s-uk.m3u8,重复URL
[HD]channel s music,https://t.freetv.fun/live/channel-s-music.m3u8,重复URL
[BD]channel divya,https://t.freetv.fun/live/channel-divya.m3u8,重复URL
[VGA]amusic channel,https://t.freetv.fun/live/amusic-channel.m3u8,重复URL
[BD]happy channel,https://t.freetv.fun/live/happy-channel.m3u8,重复URL
[VGA]i am channel,https://t.freetv.fun/live/i-am-channel.m3u8,重复URL
[VGA]apna channel,https://t.freetv.fun/live/apna-channel.m3u8,重复URL
[VGA]bn channel,https://t.freetv.fun/live/bn-channel.m3u8,重复URL
[VGA]desi channel,https://t.freetv.fun/live/desi-channel.m3u8,重复URL
[VGA]warner channel 2,https://t.freetv.fun/live/warner-channel-2.m3u8,重复URL
[VGA]channel v音樂台,https://t.freetv.fun/live/channel-vyin-le-tai.ts,重复URL
[VGA]channel v音乐台,https://t.freetv.fun/live/channel-vyin-le-tai-1.ts,重复URL
[VGA]channel china,https://t.freetv.fun/live/channel-china.ts,重复URL
[VGA]channel v音樂台,https://t.freetv.fun/live/channel-vyin-le-tai-1-1.ts,重复URL
[VGA]channel v音乐台,https://t.freetv.fun/live/channel-vyin-le-tai-1-2.ts,重复URL
[VGA]channel china,https://t.freetv.fun/live/channel-china-1.ts,重复URL
[VGA]ent channel,https://t.freetv.fun/live/ent-channel.m3u8,重复URL
[VGA]dream channel,https://t.freetv.fun/live/dream-channel.m3u8,重复URL
[VGA]ivoire channel,https://t.freetv.fun/live/ivoire-channel-1.m3u8,重复URL
[VGA]f1 channel,https://t.freetv.fun/live/f1-channel.m3u8,重复URL
[VGA]concert channel,https://t.freetv.fun/live/concert-channel.m3u8,重复URL
[VGA]f1 channel,https://t.freetv.fun/live/f1-channel-1.m3u8,重复URL
[VGA]rock channel,https://t.freetv.fun/live/rock-channel.m3u8,重复URL
[VGA]f1 channel,https://t.freetv.fun/live/f1-channel-2.m3u8,重复URL
[VGA]rock channel,https://t.freetv.fun/live/rock-channel-1.m3u8,重复URL
[VGA]concert channel,https://t.freetv.fun/live/concert-channel-1.m3u8,重复URL
[VGA]mrvtv channel 45,https://t.freetv.fun/live/mrvtv-channel-45.m3u8,重复URL
[VGA]mrvtv channel 44,https://t.freetv.fun/live/mrvtv-channel-44.m3u8,重复URL
[VGA]cvtv channel 194,https://t.freetv.fun/live/cvtv-channel-194.m3u8,重复URL
[VGA]cvtv channel 192,https://t.freetv.fun/live/cvtv-channel-192.m3u8,重复URL
[VGA][id] soccer channel,https://t.freetv.fun/live/id-soccer-channel.ts,重复URL
[VGA]citv channel,https://t.freetv.fun/live/citv-channel.m3u8,重复URL
[VGA]channel s uk,https://t.freetv.fun/live/channel-s-uk-1.m3u8,重复URL
[VGA]nascar channel,https://t.freetv.fun/live/nascar-channel.m3u8,重复URL
[VGA]motogp channel,https://t.freetv.fun/live/motogp-channel.m3u8,重复URL
[VGA]miramax channel,https://t.freetv.fun/live/miramax-channel.m3u8,重复URL
[VGA]video channel,https://t.freetv.fun/live/video-channel.m3u8,重复URL
[VGA]cowboy channel,https://t.freetv.fun/live/cowboy-channel-1-1.m3u8,重复URL
[VGA]channel i,https://t.freetv.fun/live/channel-i.m3u8,重复URL
[VGA]up channel,https://t.freetv.fun/live/up-channel.m3u8,重复URL
[VGA]channel s,https://t.freetv.fun/live/channel-s-1.m3u8,重复URL
[VGA]urochannel,https://t.freetv.fun/live/urochannel.m3u8,重复URL
[VGA]planeta channel,https://t.freetv.fun/live/planeta-channel.m3u8,重复URL
[VGA]channel c,https://t.freetv.fun/live/channel-c.php,重复URL
[VGA]the lego channel,https://t.freetv.fun/live/the-lego-channel.m3u8,重复URL
[VGA]ena channel,https://t.freetv.fun/live/ena-channel.m3u8,重复URL
[HD]tabi channel,https://t.freetv.fun/live/tabi-channel-3.m3u8,重复URL
[VGA]Cinemax,https://t.freetv.fun/live/cinemax-1.m3u8,重复URL
[BD]ci罪案偵查,https://t.freetv.fun/live/cizui-an-zhen-cha-4.m3u8,重复URL
[VGA]ci罪案偵查,https://t.freetv.fun/live/cizui-an-zhen-cha-5.m3u8,重复URL
[VGA]ci罪案偵查,https://t.freetv.fun/live/cizui-an-zhen-cha-6.m3u8,重复URL
[VGA]ci罪案偵查,https://t.freetv.fun/live/cizui-an-zhen-cha-7.m3u8,重复URL
[VGA]ci罪案侦查,https://t.freetv.fun/live/cizui-an-zhen-cha.ts,重复URL
[VGA]ci罪案侦查,https://t.freetv.fun/live/cizui-an-zhen-cha-1.ts,重复URL
[VGA]4music (480p) [geo-blocked],https://t.freetv.fun/live/4music-480p-geo-blocked.m3u8,重复URL
[BD]cmusic,https://t.freetv.fun/live/cmusic-1.m3u8,重复URL
[HD]rmusic,https://t.freetv.fun/live/rmusic.m3u8,重复URL
[HD]4music,https://t.freetv.fun/live/4music.m3u8,重复URL
[VGA]cmusic,https://t.freetv.fun/live/cmusic-1.m3u8,重复URL
[HD]4music,https://t.freetv.fun/live/4music-1.m3u8,重复URL
[HD]qmusic,https://t.freetv.fun/live/qmusic-1.m3u8,重复URL
[VGA]CN卡通,https://t.freetv.fun/live/cnqia-tong.m3u8,重复URL
[VGA]CatchPlay,https://t.freetv.fun/live/catchplay.m3u8,重复URL
[SD]dazn ringside,https://t.freetv.fun/live/dazn-ringside-1.m3u8,重复URL
[HD]dazn1,rtmp://f13h.mine.nu/sat/tv731,无效URL（非 http/https/rtsp 开头）
[SD]dazn combat (1080p),https://t.freetv.fun/live/dazn-combat-1080p.m3u8,重复URL
[VGA]dazn ringside,https://t.freetv.fun/live/dazn-ringside-2.m3u8,重复URL
[VGA]dazn combat,https://t.freetv.fun/live/dazn-combat-1.m3u8,重复URL
[VGA]dazn combat,https://t.freetv.fun/live/dazn-combat-2.m3u8,重复URL
[VGA]dazn ringside,https://t.freetv.fun/live/dazn-ringside-3.m3u8,重复URL
[VGA]dazn1,https://t.freetv.fun/live/dazn1-1.php,重复URL
[VGA][uk] dazn event 2,https://t.freetv.fun/live/uk-dazn-event-2.ts,重复URL
[VGA]dazn2,https://t.freetv.fun/live/dazn2.php,重复URL
[BD]discovery channel (west),https://t.freetv.fun/live/discovery-channel-west.m3u8,重复URL
[BD]discovery channel (east) us,https://t.freetv.fun/live/discovery-channel-east-us.m3u8,重复URL
[VGA]is: yes discovery channel hd,https://t.freetv.fun/live/is-yes-discovery-channel-hd.m3u8,重复URL
[VGA]il: discovery channel,https://t.freetv.fun/live/il-discovery-channel.m3u8,重复URL
[VGA]in: discovery channel,https://t.freetv.fun/live/in-discovery-channel.m3u8,重复URL
[VGA]ph discovery channel,https://t.freetv.fun/live/ph-discovery-channel.m3u8,重复URL
[VGA]discovery world,https://t.freetv.fun/live/discovery-world.m3u8,重复URL
[VGA]discovery world,https://t.freetv.fun/live/discovery-world-1.m3u8,重复URL
[VGA]discovery world,https://t.freetv.fun/live/discovery-world-2.m3u8,重复URL
[VGA]il: discovery science,https://t.freetv.fun/live/il-discovery-science.m3u8,重复URL
[VGA]in: discovery science,https://t.freetv.fun/live/in-discovery-science.m3u8,重复URL
[VGA]my: discovery science,https://t.freetv.fun/live/my-discovery-science.m3u8,重复URL
[BD]discovery,https://t.freetv.fun/live/discovery-1.m3u8,重复URL
[HD]discovery id,https://t.freetv.fun/live/discovery-id.m3u8,重复URL
[HD]discovery h h,https://t.freetv.fun/live/discovery-h-h.m3u8,重复URL
[HD]asharq discovery,https://t.freetv.fun/live/asharq-discovery.m3u8,重复URL
[VGA]discovery theater,https://t.freetv.fun/live/discovery-theater.m3u8,重复URL
[VGA]discovery hh,https://t.freetv.fun/live/discovery-hh.m3u8,重复URL
[VGA]tlc discovery,https://t.freetv.fun/live/tlc-discovery.m3u8,重复URL
[VGA]discovery theater,https://t.freetv.fun/live/discovery-theater-1.m3u8,重复URL
[VGA]discovery theater,https://t.freetv.fun/live/discovery-theater-2.m3u8,重复URL
[VGA]discovery id extra,https://t.freetv.fun/live/discovery-id-extra.php,重复URL
[VGA]discovery dtx,https://t.freetv.fun/live/discovery-dtx.php,重复URL
[VGA]dreamworks,https://t.freetv.fun/live/dreamworks-6.m3u8,重复URL
[VGA]dreamworks,https://t.freetv.fun/live/dreamworks-7.m3u8,重复URL
[VGA]dreamworks,https://t.freetv.fun/live/dreamworks-8.m3u8,重复URL
[VGA]dreamworks,https://t.freetv.fun/live/dreamworks-9.m3u8,重复URL
[VGA]dreamworks  ch440,https://t.freetv.fun/live/dreamworks-ch440.ts,重复URL
[VGA]dreamworks  ch440,https://t.freetv.fun/live/dreamworks-ch440-1.ts,重复URL
[VGA]梦工厂动画dreamworks,https://t.freetv.fun/live/meng-gong-han-dong-hua-dreamworks.ts,重复URL
[VGA]dreamworks  ch440,https://t.freetv.fun/live/dreamworks-ch440-2.ts,重复URL
[VGA]dreamworks  ch440,https://t.freetv.fun/live/dreamworks-ch440-3.ts,重复URL
[VGA]梦工厂动画dreamworks,https://t.freetv.fun/live/meng-gong-han-dong-hua-dreamworks-1.ts,重复URL
[BD]dreamworks夢工廠動畫,https://t.freetv.fun/live/dreamworksmeng-gong-chang-dong-hua.m3u8,重复URL
[VGA]dreamworks梦工厂动画,https://t.freetv.fun/live/dreamworksmeng-gong-han-dong-hua.m3u8,重复URL
[VGA]az: el tv,https://t.freetv.fun/live/az-el-tv.m3u8,重复URL
[VGA]tele8 tv,https://t.freetv.fun/live/tele8-tv.m3u8,重复URL
[VGA]lolwe tv (576p) [not 24/7],https://t.freetv.fun/live/lolwe-tv-576p-not-24-7.m3u8,重复URL
[VGA]elta娛樂,https://t.freetv.fun/live/eltayu-le-8.m3u8,重复URL
[VGA]elta娛樂,https://t.freetv.fun/live/eltayu-le-9.m3u8,重复URL
[VGA]elta娛樂,https://t.freetv.fun/live/eltayu-le-10.m3u8,重复URL
[VGA]elta娛樂,https://t.freetv.fun/live/eltayu-le-11.m3u8,重复URL
[VGA]elta娛樂,https://t.freetv.fun/live/eltayu-le-12.m3u8,重复URL
[VGA]elta娛樂,https://t.freetv.fun/live/eltayu-le-13.m3u8,重复URL
[VGA]elta娛樂,https://t.freetv.fun/live/eltayu-le-14.m3u8,重复URL
[VGA]elta娛樂,https://t.freetv.fun/live/eltayu-le-15.m3u8,重复URL
[VGA]elta爱尔达娱乐台,https://t.freetv.fun/live/eltaai-er-da-yu-le-tai.ts,重复URL
[VGA]elta爱尔达娱乐台,https://t.freetv.fun/live/eltaai-er-da-yu-le-tai-1.ts,重复URL
[VGA]elta爱尔达影剧台,https://t.freetv.fun/live/eltaai-er-da-ying-ju-tai.ts,重复URL
[VGA]elta爱尔达日韩台,https://t.freetv.fun/live/eltaai-er-da-ri-han-tai.ts,重复URL
[VGA]elta爱尔达日韩台,https://t.freetv.fun/live/eltaai-er-da-ri-han-tai-1.ts,重复URL
[VGA]elta生活旅遊,https://t.freetv.fun/live/eltasheng-huo-lu-you-5.m3u8,重复URL
[VGA]elta生活旅遊,https://t.freetv.fun/live/eltasheng-huo-lu-you-6.m3u8,重复URL
[VGA]elta生活旅遊,https://t.freetv.fun/live/eltasheng-huo-lu-you-7.m3u8,重复URL
[VGA]elta爱尔达生活旅游台,https://t.freetv.fun/live/eltaai-er-da-sheng-huo-lu-you-tai.ts,重复URL
[VGA]elta爱尔达生活旅游台,https://t.freetv.fun/live/eltaai-er-da-sheng-huo-lu-you-tai-1.ts,重复URL
[VGA]elta综合,https://t.freetv.fun/live/eltazong-he.php,重复URL
[VGA]elta爱尔达综合台,https://t.freetv.fun/live/eltaai-er-da-zong-he-tai.ts,重复URL
[VGA]elta 体育-1,https://t.freetv.fun/live/elta-ti-yu-1.php,重复URL
[VGA]elta体1,https://t.freetv.fun/live/eltati-1.m3u8,重复URL
[VGA]elta爱尔达体育1台,https://t.freetv.fun/live/eltaai-er-da-ti-yu-1tai.ts,重复URL
[VGA]elta爱尔达体育1台,https://t.freetv.fun/live/eltaai-er-da-ti-yu-1tai-1.ts,重复URL
[VGA]elta 体育-2,https://t.freetv.fun/live/elta-ti-yu-2.php,重复URL
[VGA]elta体育4,https://t.freetv.fun/live/eltati-yu-4.php,重复URL
[VGA]cctv4美洲,https://t.freetv.fun/live/cctv4mei-zhou.m3u8,重复URL
[VGA]elta体2,https://t.freetv.fun/live/eltati-2.m3u8,重复URL
[VGA]elta爱尔达体育2台,https://t.freetv.fun/live/eltaai-er-da-ti-yu-2tai.ts,重复URL
[VGA]elta爱尔达体育2台,https://t.freetv.fun/live/eltaai-er-da-ti-yu-2tai-1.ts,重复URL
[VGA]elta 体育-3,https://t.freetv.fun/live/elta-ti-yu-3.php,重复URL
[BD]cctv-4k,https://t.freetv.fun/live/cctv-4k.m3u8,重复URL
[VGA]elta体3,https://t.freetv.fun/live/eltati-3.m3u8,重复URL
[VGA]elta爱尔达体育3台,https://t.freetv.fun/live/eltaai-er-da-ti-yu-3tai.ts,重复URL
[VGA]elta爱尔达体育3台,https://t.freetv.fun/live/eltaai-er-da-ti-yu-3tai-1.ts,重复URL
[VGA]elta體育3,https://t.freetv.fun/live/eltati-yu-3.php,重复URL
[BD]delta tv,https://t.freetv.fun/live/delta-tv.m3u8,重复URL
[HD]delta tv,https://t.freetv.fun/live/delta-tv-1.m3u8,重复URL
[VGA]delta tv,https://t.freetv.fun/live/delta-tv-2.m3u8,重复URL
[VGA]elta爱尔达体育4台,https://t.freetv.fun/live/eltaai-er-da-ti-yu-4tai.ts,重复URL
[VGA]elta爱尔达体育4台,https://t.freetv.fun/live/eltaai-er-da-ti-yu-4tai-1.ts,重复URL
[VGA]eltv生活英語,https://t.freetv.fun/live/eltvsheng-huo-ying-yu-13.m3u8,重复URL
[VGA]eltv生活英語,https://t.freetv.fun/live/eltvsheng-huo-ying-yu-14.m3u8,重复URL
[VGA]eltv生活英語,https://t.freetv.fun/live/eltvsheng-huo-ying-yu-15.m3u8,重复URL
[VGA]eltv生活英語,https://t.freetv.fun/live/eltvsheng-huo-ying-yu-16.m3u8,重复URL
[VGA]eltv生活英語,https://t.freetv.fun/live/eltvsheng-huo-ying-yu-17.m3u8,重复URL
[VGA]eltv生活英語,https://t.freetv.fun/live/eltvsheng-huo-ying-yu-18.m3u8,重复URL
[VGA]eltv生活英語,https://t.freetv.fun/live/eltvsheng-huo-ying-yu-19.m3u8,重复URL
[VGA]eltv生活英語,https://t.freetv.fun/live/eltvsheng-huo-ying-yu-20.m3u8,重复URL
[VGA]eltv生活英語,https://t.freetv.fun/live/eltvsheng-huo-ying-yu-21.m3u8,重复URL
[VGA]eltv生活英語,https://t.freetv.fun/live/eltvsheng-huo-ying-yu-22.m3u8,重复URL
[VGA]eltv生活英語,https://t.freetv.fun/live/eltvsheng-huo-ying-yu-23.m3u8,重复URL
[VGA]eltv生活英语台,https://t.freetv.fun/live/eltvsheng-huo-ying-yu-tai.ts,重复URL
[VGA]eltv生活英语台,https://t.freetv.fun/live/eltvsheng-huo-ying-yu-tai-1.ts,重复URL
[VGA]ettoday综合台,https://t.freetv.fun/live/ettodayzong-he-tai.ts,重复URL
[VGA]ettoday综合台,https://t.freetv.fun/live/ettodayzong-he-tai-1.ts,重复URL
[HD]eveo,https://t.freetv.fun/live/eveo.m3u8,重复URL
[VGA]eye 旅游,https://t.freetv.fun/live/eye-lu-you.php,重复URL
[VGA]eleven sports 3 (1080p),https://t.freetv.fun/live/eleven-sports-3-1080p.m3u8,重复URL
[VGA]eleven sports 2 (1080p),https://t.freetv.fun/live/eleven-sports-2-1080p.m3u8,重复URL
[VGA]hbo movies,https://t.freetv.fun/live/hbo-movies.m3u8,重复URL
[VGA][id] fox movies action,https://t.freetv.fun/live/id-fox-movies-action.ts,重复URL
[VGA]fun探索娛樂,https://t.freetv.fun/live/funtan-suo-yu-le-5.m3u8,重复URL
[VGA]fun探索娛樂,https://t.freetv.fun/live/funtan-suo-yu-le-6.m3u8,重复URL
[VGA]fun探索娛樂,https://t.freetv.fun/live/funtan-suo-yu-le-7.m3u8,重复URL
[VGA]fun探索娱乐台,https://t.freetv.fun/live/funtan-suo-yu-le-tai.ts,重复URL
[VGA]fun探索娱乐台,https://t.freetv.fun/live/funtan-suo-yu-le-tai-1.ts,重复URL
[BD]food network,https://t.freetv.fun/live/food-network.m3u8,重复URL
[HD]food network,https://t.freetv.fun/live/food-network-1.m3u8,重复URL
[HD]ช่อง food network,https://t.freetv.fun/live/ch-ng-food-network.m3u8,重复URL
[VGA]亚洲美食asian food network,https://t.freetv.fun/live/ya-zhou-mei-shi-asian-food-network.ts,重复URL
[VGA]home cooking by food network,https://t.freetv.fun/live/home-cooking-by-food-network.m3u8,重复URL
[VGA]chef vs chef by food network,https://t.freetv.fun/live/chef-vs-chef-by-food-network.m3u8,重复URL
[VGA]chef vs chef by food network,https://t.freetv.fun/live/chef-vs-chef-by-food-network-1.m3u8,重复URL
[VGA]home cooking by food network,https://t.freetv.fun/live/home-cooking-by-food-network-1.m3u8,重复URL
[VGA]food network west,https://t.freetv.fun/live/food-network-west.m3u8,重复URL
[BD]food network west,https://t.freetv.fun/live/food-network-west-1.m3u8,重复URL
[VGA]tw: good 2,https://t.freetv.fun/live/tw-good-2.m3u8,重复URL
[VGA]globaltrekker,https://t.freetv.fun/live/globaltrekker.php,重复URL
[BD]global trekker,https://t.freetv.fun/live/global-trekker-3.m3u8,重复URL
[VGA]global trekker,https://t.freetv.fun/live/global-trekker-5.m3u8,重复URL
[VGA]global trekker,https://t.freetv.fun/live/global-trekker-6.m3u8,重复URL
[VGA]global trekker,https://t.freetv.fun/live/global-trekker-7.m3u8,重复URL
[VGA]HBO,https://t.freetv.fun/live/hbo-7.m3u8,重复URL
[BD]hbo signature (west),https://t.freetv.fun/live/hbo-signature-west.m3u8,重复URL
[BD]hbo signature (east) us,https://t.freetv.fun/live/hbo-signature-east-us.m3u8,重复URL
[VGA]id: hbo signature,https://t.freetv.fun/live/id-hbo-signature.m3u8,重复URL
[VGA]ph hbo signature,https://t.freetv.fun/live/ph-hbo-signature.m3u8,重复URL
[VGA]now hbo signature,https://t.freetv.fun/live/now-hbo-signature.php,重复URL
[VGA]hbo signature,https://t.freetv.fun/live/hbo-signature.php,重复URL
[VGA]HBO Signature,https://t.freetv.fun/live/hbo-signature-1.m3u8,重复URL
[HD]hgptv,https://t.freetv.fun/live/hgptv.m3u8,重复URL
[BD]hgtv,https://t.freetv.fun/live/hgtv-1.m3u8,重复URL
[HD]ช่อง hgtv,https://t.freetv.fun/live/ch-ng-hgtv.m3u8,重复URL
[VGA]hgptv (720p) [not 24/7],https://t.freetv.fun/live/hgptv-720p-not-24-7.m3u8,重复URL
[VGA][id] hgtv,https://t.freetv.fun/live/id-hgtv-1.ts,重复URL
[VGA]hgtv west,https://t.freetv.fun/live/hgtv-west.m3u8,重复URL
[BD]hgtv west,https://t.freetv.fun/live/hgtv-west-1.m3u8,重复URL
[HD]made in hollywood,https://t.freetv.fun/live/made-in-hollywood-2.m3u8,重复URL
[BD]hollywood,https://t.freetv.fun/live/hollywood-1.m3u8,重复URL
[HD]young hollywood (720p),https://t.freetv.fun/live/young-hollywood-720p.m3u8,重复URL
[SD]hollywood,https://t.freetv.fun/live/hollywood-1.m3u8,重复URL
[BD]young hollywood,https://t.freetv.fun/live/young-hollywood.m3u8,重复URL
[HD]made in hollywood,https://t.freetv.fun/live/made-in-hollywood-2.m3u8,重复URL
[BD]young hollywood,https://t.freetv.fun/live/young-hollywood-1.m3u8,重复URL
[SD]hollywood,https://t.freetv.fun/live/hollywood-1-1.m3u8,重复URL
[SD]young hollywood [geo-blocked],https://t.freetv.fun/live/young-hollywood-geo-blocked.m3u8,重复URL
[SD]made in hollywood,https://t.freetv.fun/live/made-in-hollywood-2.m3u8,重复URL
[VGA]mix hollywood,https://t.freetv.fun/live/mix-hollywood.m3u8,重复URL
[VGA]hollywood,https://t.freetv.fun/live/hollywood-2.m3u8,重复URL
[VGA]hollywood,https://t.freetv.fun/live/hollywood-3.m3u8,重复URL
[VGA]hollywood,https://t.freetv.fun/live/hollywood-4.m3u8,重复URL
[VGA]hollywood,https://t.freetv.fun/live/hollywood-5.m3u8,重复URL
[VGA]hollywood,https://t.freetv.fun/live/hollywood-6.m3u8,重复URL
[VGA]hollywood,https://t.freetv.fun/live/hollywood-7.m3u8,重复URL
[VGA]hollywood,https://t.freetv.fun/live/hollywood-8.m3u8,重复URL
[VGA]hollywood,https://t.freetv.fun/live/hollywood-9.m3u8,重复URL
[VGA]jet综合台,https://t.freetv.fun/live/jetzong-he-tai.ts,重复URL
[VGA]jet综合台h265,https://t.freetv.fun/live/jetzong-he-tai-h265.ts,重复URL
[VGA]jet综合台,https://t.freetv.fun/live/jetzong-he-tai-1.ts,重复URL
[VGA]jet综合台h265,https://t.freetv.fun/live/jetzong-he-tai-h265-1.ts,重复URL
[VGA]jet綜合,https://t.freetv.fun/live/jetzong-he.php,重复URL
[VGA]巩义综合,https://t.freetv.fun/live/gong-yi-zong-he-1.smil,重复URL
[VGA]jstar极限电影,https://t.freetv.fun/live/jstarji-xian-dian-ying.ts,重复URL
[BD]极限电电影,https://t.freetv.fun/live/ji-xian-dian-dian-ying.m3u8,重复URL
[BD]lifetime east,https://t.freetv.fun/live/lifetime-east-1.m3u8,重复URL
[HD]time line,https://t.freetv.fun/live/time-line.m3u8,重复URL
[BD]lifetime movies,https://t.freetv.fun/live/lifetime-movies.m3u8,重复URL
[HD]ช่อง lifetime,https://t.freetv.fun/live/ch-ng-lifetime.m3u8,重复URL
[SD]lifetime east,https://t.freetv.fun/live/lifetime-east-1.m3u8,重复URL
[VGA]lifetime,https://t.freetv.fun/live/lifetime-4.m3u8,重复URL
[VGA]lifetime,https://t.freetv.fun/live/lifetime-5.m3u8,重复URL
[VGA]lifetime,https://t.freetv.fun/live/lifetime-6.m3u8,重复URL
[VGA]lifetime,https://t.freetv.fun/live/lifetime-7.m3u8,重复URL
[VGA]lifetime,https://t.freetv.fun/live/lifetime-8.m3u8,重复URL
[VGA]lifetime娱乐,https://t.freetv.fun/live/lifetimeyu-le.ts,重复URL
[VGA]lifetime娱乐,https://t.freetv.fun/live/lifetimeyu-le-1.ts,重复URL
[VGA][id] lifetime,https://t.freetv.fun/live/id-lifetime-1.ts,重复URL
[BD]lifetime娛樂,https://t.freetv.fun/live/lifetimeyu-le-2.m3u8,重复URL
[VGA]liveabc互動英語,https://t.freetv.fun/live/liveabchu-dong-ying-yu-5.m3u8,重复URL
[VGA]liveabc互動英語,https://t.freetv.fun/live/liveabchu-dong-ying-yu-6.m3u8,重复URL
[VGA]liveabc互動英語,https://t.freetv.fun/live/liveabchu-dong-ying-yu-7.m3u8,重复URL
[VGA]liveabc互动英语,https://t.freetv.fun/live/liveabchu-dong-ying-yu.ts,重复URL
[VGA]liveabc互动英语,https://t.freetv.fun/live/liveabchu-dong-ying-yu-1.ts,重复URL
[BD]lovenature4k,https://t.freetv.fun/live/lovenature4k-2.m3u8,重复URL
[VGA]love nature,https://t.freetv.fun/live/love-nature-1.m3u8,重复URL
[VGA]id: love nature,https://t.freetv.fun/live/id-love-nature.m3u8,重复URL
[BD]lovenature4k,https://t.freetv.fun/live/lovenature4k-2.m3u8,重复URL
[SD]lovenature4k,https://t.freetv.fun/live/lovenature4k-2.m3u8,重复URL
[BD]love nature,https://t.freetv.fun/live/love-nature-1.m3u8,重复URL
[BD]love nature en espanol,https://t.freetv.fun/live/love-nature-en-espanol.m3u8,重复URL
[BD]love nature,https://t.freetv.fun/live/love-nature-1-1.m3u8,重复URL
[HD]love nature,https://t.freetv.fun/live/love-nature-2.m3u8,重复URL
[BD]love nature,https://t.freetv.fun/live/love-nature-3.m3u8,重复URL
[BD]love nature,https://t.freetv.fun/live/love-nature-4.m3u8,重复URL
[SD]love nature en espanol [geo-blocked],https://t.freetv.fun/live/love-nature-en-espanol-geo-blocked.m3u8,重复URL
[VGA]love nature (1080i),https://t.freetv.fun/live/love-nature-1080i.m3u8,重复URL
[SD]love nature (720p) [geo-blocked],https://t.freetv.fun/live/love-nature-720p-geo-blocked.m3u8,重复URL
[BD]love nature,https://t.freetv.fun/live/love-nature-7.m3u8,重复URL
[VGA]love nature,https://t.freetv.fun/live/love-nature-8.m3u8,重复URL
[VGA]love nature,https://t.freetv.fun/live/love-nature-9.m3u8,重复URL
[VGA]love nature,https://t.freetv.fun/live/love-nature-10.m3u8,重复URL
[VGA]love nature ch403,https://t.freetv.fun/live/love-nature-ch403.ts,重复URL
[VGA]love nature ch403,https://t.freetv.fun/live/love-nature-ch403-1.ts,重复URL
[VGA]mezzo,https://t.freetv.fun/live/mezzo.m3u8,重复URL
[SD]mezzo,https://t.freetv.fun/live/mezzo-1.m3u8,重复URL
[SD]mezzo live,https://t.freetv.fun/live/mezzo-live-1.m3u8,重复URL
[VGA]mezzo live,https://t.freetv.fun/live/mezzo-live-8.m3u8,重复URL
[VGA]mezzo live,https://t.freetv.fun/live/mezzo-live-9.m3u8,重复URL
[VGA]mezzo live,https://t.freetv.fun/live/mezzo-live-10.m3u8,重复URL
[VGA]mezzo live,https://t.freetv.fun/live/mezzo-live-11.m3u8,重复URL
[VGA]mezzo live,https://t.freetv.fun/live/mezzo-live-12.m3u8,重复URL
[VGA]mezzo live,https://t.freetv.fun/live/mezzo-live-13.m3u8,重复URL
[VGA]mezzo live,https://t.freetv.fun/live/mezzo-live-14.m3u8,重复URL
[VGA]mezzo live,https://t.freetv.fun/live/mezzo-live-15.m3u8,重复URL
[VGA]mezzo live ch604,https://t.freetv.fun/live/mezzo-live-ch604.ts,重复URL
[VGA]mezzo live ch604,https://t.freetv.fun/live/mezzo-live-ch604-1.ts,重复URL
[VGA]mezzolivehd,https://t.freetv.fun/live/mezzolivehd.m3u8,重复URL
[VGA]mezzo,https://t.freetv.fun/live/mezzo-2.m3u8,重复URL
[VGA]momotv sports,https://t.freetv.fun/live/momotv-sports.ts,重复URL
[VGA]momo綜合,rtmp://9wv7.mine.nu/sat/tv761,无效URL（非 http/https/rtsp 开头）
[BD]momo綜合,rtmp://f13h.mine.nu/sat/tv761,无效URL（非 http/https/rtsp 开头）
[SD]momo综合,rtmp://f13h.mine.nu/sat/tv761,无效URL（非 http/https/rtsp 开头）
[VGA]momo綜合臺,rtmp://119.81.124.89/sat/tv761,无效URL（非 http/https/rtsp 开头）
[HD]momo綜合,rtmp://f13h.mine.nu:1935/sat/tv761,无效URL（非 http/https/rtsp 开头）
[HD]momo综合,rtmp://f13h.mine.nu/sat/tv761,无效URL（非 http/https/rtsp 开头）
[VGA]momo综合台,https://t.freetv.fun/live/momozong-he-tai-1.ts,重复URL
[VGA]momo综合台h265,https://t.freetv.fun/live/momozong-he-tai-h265.ts,重复URL
[VGA]momo综合台,https://t.freetv.fun/live/momozong-he-tai-1-1.ts,重复URL
[VGA]momo综合台h265,https://t.freetv.fun/live/momozong-he-tai-h265-1.ts,重复URL
[VGA]momo 亲子,https://t.freetv.fun/live/momo-qin-zi.php,重复URL
[VGA]momo親子,https://t.freetv.fun/live/momoqin-zi.php,重复URL
[VGA]momo親子,https://t.freetv.fun/live/momoqin-zi-8.m3u8,重复URL
[VGA]momo親子,https://t.freetv.fun/live/momoqin-zi-9.m3u8,重复URL
[VGA]momo親子,https://t.freetv.fun/live/momoqin-zi-10.m3u8,重复URL
[VGA]momo亲子台,https://t.freetv.fun/live/momoqin-zi-tai.ts,重复URL
[VGA]momo亲子台h265,https://t.freetv.fun/live/momoqin-zi-tai-h265.ts,重复URL
[VGA]momo亲子台,https://t.freetv.fun/live/momoqin-zi-tai-1.ts,重复URL
[VGA]momo亲子台h265,https://t.freetv.fun/live/momoqin-zi-tai-h265-1.ts,重复URL
[VGA]MOMO亲子台HD,https://t.freetv.fun/live/momoqin-zi-tai-hd.m3u8,重复URL
[VGA]nba,https://t.freetv.fun/live/nba-2.ts,重复URL
[VGA]nba usa,https://t.freetv.fun/live/nba-usa.m3u8,重复URL
[VGA]nba,https://t.freetv.fun/live/nba-2.m3u8,重复URL
[BD]unife tv,https://t.freetv.fun/live/unife-tv.m3u8,重复URL
[HD]unife tv,https://t.freetv.fun/live/unife-tv-1.m3u8,重复URL
[VGA]nice tv,https://t.freetv.fun/live/nice-tv.m3u8,重复URL
[VGA]il: nat geo,https://t.freetv.fun/live/il-nat-geo.m3u8,重复URL
[VGA]ph: nat geo,https://t.freetv.fun/live/ph-nat-geo.m3u8,重复URL
[VGA]id: nat geo,https://t.freetv.fun/live/id-nat-geo.m3u8,重复URL
[VGA]natgeo japan,https://t.freetv.fun/live/natgeo-japan.m3u8,重复URL
[VGA]next hd (480p),https://t.freetv.fun/live/next-hd-480p.m3u8,重复URL
[SD]fuji tv next,https://t.freetv.fun/live/fuji-tv-next.m3u8,重复URL
[VGA]next tv,https://t.freetv.fun/live/next-tv.m3u8,重复URL
[BD]靖洋卡通nice bingo,https://t.freetv.fun/live/jing-yang-qia-tong-nice-bingo.m3u8,重复URL
[VGA]靖洋卡通nice bingo,https://t.freetv.fun/live/jing-yang-qia-tong-nice-bingo-1.ts,重复URL
[VGA]靖洋卡通台nice bingo,https://t.freetv.fun/live/jing-yang-qia-tong-tai-nice-bingo.php,重复URL
[VGA]靖洋卡通台nice bingo,https://t.freetv.fun/live/jing-yang-qia-tong-tai-nice-bingo-1.m3u8,重复URL
[BD]pet club tv,https://t.freetv.fun/live/pet-club-tv.m3u8,重复URL
[BD]ช่อง pet club,https://t.freetv.fun/live/ch-ng-pet-club.m3u8,重复URL
[SD]pet club tv,https://t.freetv.fun/live/pet-club-tv-1.m3u8,重复URL
[VGA]приколы 1 pet club,https://t.freetv.fun/live/prikoly-1-pet-club.m3u8,重复URL
[VGA]pet club tv,https://t.freetv.fun/live/pet-club-tv-2.m3u8,重复URL
[VGA]id: rock entertaiment,https://t.freetv.fun/live/id-rock-entertaiment.m3u8,重复URL
[VGA]rock entertainment (576p) [geo-blocked],https://t.freetv.fun/live/rock-entertainment-576p-geo-blocked-1.m3u8,重复URL
[SD]rock entertainment (576p) [geo-blocked],https://t.freetv.fun/live/rock-entertainment-576p-geo-blocked-1.m3u8,重复URL
[VGA]ph rock entertainment,https://t.freetv.fun/live/ph-rock-entertainment.m3u8,重复URL
[VGA]rock entertainment,https://t.freetv.fun/live/rock-entertainment-6.m3u8,重复URL
[VGA]rock entertainment,https://t.freetv.fun/live/rock-entertainment-7.m3u8,重复URL
[VGA]rock entertainment,https://t.freetv.fun/live/rock-entertainment-8.m3u8,重复URL
[VGA]rock entertainment ch501,https://t.freetv.fun/live/rock-entertainment-ch501.ts,重复URL
[VGA]rock entertainment ch501,https://t.freetv.fun/live/rock-entertainment-ch501-1.ts,重复URL
[VGA]Rock Entertainment *z,https://t.freetv.fun/live/rock-entertainment-z.ts,重复URL
[VGA]Rock Entertainment,https://t.freetv.fun/live/rock-entertainment.m3u8,重复URL
[VGA]id: rock extreme,https://t.freetv.fun/live/id-rock-extreme.m3u8,重复URL
[VGA]ph rock extreme,https://t.freetv.fun/live/ph-rock-extreme.m3u8,重复URL
[VGA]rock extreme,https://t.freetv.fun/live/rock-extreme.ts,重复URL
[VGA]rock,https://t.freetv.fun/live/rock-2.m3u8,重复URL
[VGA]rock,https://t.freetv.fun/live/rock-3.m3u8,重复URL
[VGA]Rock Stream,https://t.freetv.fun/live/rock-stream.m3u8,重复URL
[VGA]rock,https://t.freetv.fun/live/rock-4.php,重复URL
[HD]folklore tv,https://t.freetv.fun/live/folklore-tv.m3u8,重复URL
[VGA]tvr folclor,https://t.freetv.fun/live/tvr-folclor.m3u8,重复URL
[VGA]sbn全球財經,https://t.freetv.fun/live/sbnquan-qiu-cai-jing-5.m3u8,重复URL
[VGA]sbn全球財經,https://t.freetv.fun/live/sbnquan-qiu-cai-jing-6.m3u8,重复URL
[VGA]sbn全球財經,https://t.freetv.fun/live/sbnquan-qiu-cai-jing-7.m3u8,重复URL
[VGA]sbn全球财经台,https://t.freetv.fun/live/sbnquan-qiu-cai-jing-tai.ts,重复URL
[VGA]sbn全球财经台,https://t.freetv.fun/live/sbnquan-qiu-cai-jing-tai-1.ts,重复URL
[VGA]smart知識,https://t.freetv.fun/live/smartzhi-shi-8.m3u8,重复URL
[VGA]smart知識,https://t.freetv.fun/live/smartzhi-shi-9.m3u8,重复URL
[VGA]smart知識,https://t.freetv.fun/live/smartzhi-shi-10.m3u8,重复URL
[VGA]smart知識,https://t.freetv.fun/live/smartzhi-shi-11.m3u8,重复URL
[VGA]smart知識,https://t.freetv.fun/live/smartzhi-shi-12.m3u8,重复URL
[VGA]smart知識,https://t.freetv.fun/live/smartzhi-shi-13.m3u8,重复URL
[VGA]smart知識,https://t.freetv.fun/live/smartzhi-shi-14.m3u8,重复URL
[VGA]smart知識,https://t.freetv.fun/live/smartzhi-shi-15.m3u8,重复URL
[VGA]smart知识台,https://t.freetv.fun/live/smartzhi-shi-tai.ts,重复URL
[VGA]smart知识台,https://t.freetv.fun/live/smartzhi-shi-tai-1.ts,重复URL
[BD]smithsonian channel,https://t.freetv.fun/live/smithsonian-channel-2.m3u8,重复URL
[VGA]id: smithsonian channel,https://t.freetv.fun/live/id-smithsonian-channel.m3u8,重复URL
[VGA]smithsonian channel asia,https://t.freetv.fun/live/smithsonian-channel-asia-1.m3u8,重复URL
[VGA]smithsonian channel,https://t.freetv.fun/live/smithsonian-channel-2.m3u8,重复URL
[VGA]smithsonian channel asia,https://t.freetv.fun/live/smithsonian-channel-asia-1.m3u8,重复URL
[VGA]smithsonian channel,https://t.freetv.fun/live/smithsonian-channel-2.m3u8,重复URL
[SD]smithsonian channel selects,https://t.freetv.fun/live/smithsonian-channel-selects-1.m3u8,重复URL
[SD]smithsonian channel selects,https://t.freetv.fun/live/smithsonian-channel-selects-1.m3u8,重复URL
[VGA]smithsonian channel east,https://t.freetv.fun/live/smithsonian-channel-east.m3u8,重复URL
[VGA]smithsonian channel,https://t.freetv.fun/live/smithsonian-channel-1-1.ts,重复URL
[VGA]smithsonian channel selects,https://t.freetv.fun/live/smithsonian-channel-selects-1-1.m3u8,重复URL
[VGA]smithsonian channel pluto tv,https://t.freetv.fun/live/smithsonian-channel-pluto-tv.m3u8,重复URL
[VGA]smithsonian channel pluto tv,https://t.freetv.fun/live/smithsonian-channel-pluto-tv-1.m3u8,重复URL
[VGA]smithsonian channel selects,https://t.freetv.fun/live/smithsonian-channel-selects-2.m3u8,重复URL
[VGA]smithsonian channel pluto tv,https://t.freetv.fun/live/smithsonian-channel-pluto-tv-2.m3u8,重复URL
[VGA]smithsonian channel pluto tv,https://t.freetv.fun/live/smithsonian-channel-pluto-tv-3.m3u8,重复URL
[HD]gold star,https://t.freetv.fun/live/gold-star.m3u8,重复URL
[BD]star movies select,https://t.freetv.fun/live/star-movies-select-2.m3u8,重复URL
[BD]ttv,https://t.freetv.fun/live/ttv.m3u8,重复URL
[VGA]ttv,https://t.freetv.fun/live/ttv-1.m3u8,重复URL
[VGA]tlc旅游台,https://t.freetv.fun/live/tlclu-you-tai.ts,重复URL
[VGA]tlc旅游台,https://t.freetv.fun/live/tlclu-you-tai-1.ts,重复URL
[VGA]tvbs,https://t.freetv.fun/live/tvbs-3.m3u8,重复URL
[VGA]tvbs,https://t.freetv.fun/live/tvbs-1-1.m3u8,重复URL
[VGA]tvbs 欢乐,https://t.freetv.fun/live/tvbs-huan-le.php,重复URL
[VGA]tvbs,https://t.freetv.fun/live/tvbs-3.php,重复URL
[VGA]tvbs 新闻,https://t.freetv.fun/live/tvbs-xin-wen.php,重复URL
[VGA]tvbs asia hd,https://t.freetv.fun/live/tvbs-asia-hd.m3u8,重复URL
[VGA]tvbs asia,https://t.freetv.fun/live/tvbs-asia.php,重复URL
[BD]tvbs-asia,https://t.freetv.fun/live/tvbs-asia-1.m3u8,重复URL
[VGA]tvbs h265,https://t.freetv.fun/live/tvbs-h265.ts,重复URL
[VGA]tvbs h265,https://t.freetv.fun/live/tvbs-h265-1.ts,重复URL
[BD]TVBS亚洲 *28,https://t.freetv.fun/live/tvbsya-zhou-28.m3u8,重复URL
[VGA]tvbs fhd,https://t.freetv.fun/live/tvbs-fhd.flv,重复URL
[BD]tvbs,https://t.freetv.fun/live/tvbs-3.m3u8,重复URL
[BD]tvbs,https://t.freetv.fun/live/tvbs-1-1.m3u8,重复URL
[VGA]tvbs,https://t.freetv.fun/live/tvbs-11.m3u8,重复URL
[VGA]tvbs,https://t.freetv.fun/live/tvbs-12.m3u8,重复URL
[VGA]tvbs,https://t.freetv.fun/live/tvbs-13.m3u8,重复URL
[VGA]tvbs台劇,https://t.freetv.fun/live/tvbstai-ju-5.m3u8,重复URL
[VGA]tvbs,https://t.freetv.fun/live/tvbs-14.m3u8,重复URL
[VGA]tvbs,https://t.freetv.fun/live/tvbs-15.m3u8,重复URL
[VGA]tvbs台劇,https://t.freetv.fun/live/tvbstai-ju-6.m3u8,重复URL
[VGA]tvbs,https://t.freetv.fun/live/tvbs-16.m3u8,重复URL
[VGA]tvbs,https://t.freetv.fun/live/tvbs-17.m3u8,重复URL
[VGA]tvbs台劇,https://t.freetv.fun/live/tvbstai-ju-7.m3u8,重复URL
[VGA]tvbs台剧,https://t.freetv.fun/live/tvbstai-ju-1.ts,重复URL
[VGA]tvbshd,https://t.freetv.fun/live/tvbshd-1.m3u8,重复URL
[VGA]tvbs台剧台,https://t.freetv.fun/live/tvbstai-ju-tai.ts,重复URL
[VGA]tvbs台剧台,https://t.freetv.fun/live/tvbstai-ju-tai-1.ts,重复URL
[HD]tvbs news,https://t.freetv.fun/live/tvbs-news.m3u8,重复URL
[VGA]tvbsnew,https://t.freetv.fun/live/tvbsnew.m3u8,重复URL
[VGA]tvbs news新聞,https://t.freetv.fun/live/tvbs-newsxin-wen.php,重复URL
[VGA]TVBS新闻台,https://t.freetv.fun/live/tvbsxin-wen-tai-3.m3u8,重复URL
[VGA]TVBS新闻,https://t.freetv.fun/live/tvbsxin-wen-6.m3u8,重复URL
[VGA]tvbs新闻,https://t.freetv.fun/live/tvbsxin-wen-7.m3u8,重复URL
[BD]tvbs新聞,https://t.freetv.fun/live/tvbsxin-wen-8.php,重复URL
[BD]tvbs新聞,https://t.freetv.fun/live/tvbsxin-wen-1-2.m3u8,重复URL
[HD]tvbs新聞,https://t.freetv.fun/live/tvbsxin-wen-2-1.php,重复URL
[VGA]tvbs新聞,https://t.freetv.fun/live/tvbsxin-wen-5-1.m3u8,重复URL
[VGA]tvbs新聞,https://t.freetv.fun/live/tvbsxin-wen-6-1.m3u8,重复URL
[VGA]tvbs新聞,https://t.freetv.fun/live/tvbsxin-wen-7-1.m3u8,重复URL
[VGA]tvbs新聞,https://t.freetv.fun/live/tvbsxin-wen-8-1.m3u8,重复URL
[VGA]tvbs新闻台,https://t.freetv.fun/live/tvbsxin-wen-tai-4.ts,重复URL
[VGA]tvbs新闻台,https://t.freetv.fun/live/tvbsxin-wen-tai-1-2.ts,重复URL
[BD]tvbs新聞,https://t.freetv.fun/live/tvbsxin-wen-9.m3u8,重复URL
[BD]tvbs歡樂,https://t.freetv.fun/live/tvbshuan-le.m3u8,重复URL
[VGA]tvbs歡樂,https://t.freetv.fun/live/tvbshuan-le-11.m3u8,重复URL
[VGA]tvbs歡樂,https://t.freetv.fun/live/tvbshuan-le-12.m3u8,重复URL
[VGA]tvbs歡樂,https://t.freetv.fun/live/tvbshuan-le-13.m3u8,重复URL
[VGA]tvbs歡樂,https://t.freetv.fun/live/tvbshuan-le-14.m3u8,重复URL
[VGA]tvbs歡樂,https://t.freetv.fun/live/tvbshuan-le-15.m3u8,重复URL
[VGA]tvbs歡樂,https://t.freetv.fun/live/tvbshuan-le-16.m3u8,重复URL
[VGA]tvbs歡樂,https://t.freetv.fun/live/tvbshuan-le-17.m3u8,重复URL
[VGA]tvbs欢乐台h265,https://t.freetv.fun/live/tvbshuan-le-tai-h265.ts,重复URL
[VGA]tvbs欢乐台h265,https://t.freetv.fun/live/tvbshuan-le-tai-h265-1.ts,重复URL
[BD]tvbs歡樂,https://t.freetv.fun/live/tvbshuan-le-18.m3u8,重复URL
[BD]tvbs精采,https://t.freetv.fun/live/tvbsjing-cai.php,重复URL
[BD]tvbs精采,https://t.freetv.fun/live/tvbsjing-cai-1.m3u8,重复URL
[BD]tvbs精采,https://t.freetv.fun/live/tvbsjing-cai-2.php,重复URL
[BD]tvbs精采,https://t.freetv.fun/live/tvbsjing-cai-5.php,重复URL
[VGA]tvbs精采,https://t.freetv.fun/live/tvbsjing-cai-8.m3u8,重复URL
[VGA]tvbs精采,https://t.freetv.fun/live/tvbsjing-cai-9.m3u8,重复URL
[VGA]tvbs精采,https://t.freetv.fun/live/tvbsjing-cai-10.m3u8,重复URL
[VGA]tvbs精采,https://t.freetv.fun/live/tvbsjing-cai-11.m3u8,重复URL
[VGA]tvbs精采,https://t.freetv.fun/live/tvbsjing-cai-12.m3u8,重复URL
[VGA]tvbs精采,https://t.freetv.fun/live/tvbsjing-cai-13.m3u8,重复URL
[VGA]tvbs精采,https://t.freetv.fun/live/tvbsjing-cai-14.m3u8,重复URL
[VGA]tvbs精采,https://t.freetv.fun/live/tvbsjing-cai-15.m3u8,重复URL
[VGA]tvbs精采台,https://t.freetv.fun/live/tvbsjing-cai-tai.m3u8,重复URL
[VGA]tvbs精采台,https://t.freetv.fun/live/tvbsjing-cai-tai-1.ts,重复URL
[BD]tvbs精采,https://t.freetv.fun/live/tvbsjing-cai-16.m3u8,重复URL
[VGA]tvbs综艺,https://t.freetv.fun/live/tvbszong-yi.php,重复URL
[VGA]TVBe,https://t.freetv.fun/live/tvbe.m3u8,重复URL
[VGA]tvbs综合,https://t.freetv.fun/live/tvbszong-he.ts,重复URL
[VGA]tvbs综合,https://t.freetv.fun/live/tvbszong-he-1.ts,重复URL
[VGA]tvbs綜藝,https://t.freetv.fun/live/tvbszong-yi-5.m3u8,重复URL
[VGA]tvbs綜藝,https://t.freetv.fun/live/tvbszong-yi-6.m3u8,重复URL
[VGA]tvbs綜藝,https://t.freetv.fun/live/tvbszong-yi-7.m3u8,重复URL
[VGA]tvbs综艺,https://t.freetv.fun/live/tvbszong-yi-1.ts,重复URL
[VGA]tvbs综艺台,https://t.freetv.fun/live/tvbszong-yi-tai.ts,重复URL
[VGA]tvbs综艺台,https://t.freetv.fun/live/tvbszong-yi-tai-1.ts,重复URL
[VGA]tvn hd,https://t.freetv.fun/live/tvn-hd.m3u8,重复URL
[VGA]taiwan plus h265,https://t.freetv.fun/live/taiwan-plus-h265.ts,重复URL
[VGA]taiwan plus h265,https://t.freetv.fun/live/taiwan-plus-h265-1.ts,重复URL
[VGA]taiwanplus,https://t.freetv.fun/live/taiwanplus.m3u8,重复URL
[BD]tudn,https://t.freetv.fun/live/tudn.m3u8,重复URL
[BD]edn tv,https://t.freetv.fun/live/edn-tv.m3u8,重复URL
[HD]dnj tv,https://t.freetv.fun/live/dnj-tv.m3u8,重复URL
[VGA]tudn,https://t.freetv.fun/live/tudn-1.php,重复URL
[VGA]warnertv华纳,https://t.freetv.fun/live/warnertvhua-na.php,重复URL
[BD]roll,https://t.freetv.fun/live/roll.m3u8,重复URL
[VGA]滾動力rollor,https://t.freetv.fun/live/gun-dong-li-rollor-5.m3u8,重复URL
[VGA]滾動力rollor,https://t.freetv.fun/live/gun-dong-li-rollor-6.m3u8,重复URL
[VGA]滾動力rollor,https://t.freetv.fun/live/gun-dong-li-rollor-7.m3u8,重复URL
[VGA]tv xyz,https://t.freetv.fun/live/tv-xyz.m3u8,重复URL
[VGA]三立inews,https://t.freetv.fun/live/san-li-inews.php,重复URL
[VGA]三立财经台,https://t.freetv.fun/live/san-li-cai-jing-tai-2.m3u8,重复URL
[BD]三立新聞inews,https://t.freetv.fun/live/san-li-xin-wen-inews.m3u8,重复URL
[VGA]三立inews,https://t.freetv.fun/live/san-li-inews-9.m3u8,重复URL
[VGA]三立inews,https://t.freetv.fun/live/san-li-inews-10.m3u8,重复URL
[VGA]三立inews,https://t.freetv.fun/live/san-li-inews-11.m3u8,重复URL
[VGA]三立inews,https://t.freetv.fun/live/san-li-inews-12.m3u8,重复URL
[VGA]三立inews,https://t.freetv.fun/live/san-li-inews-13.m3u8,重复URL
[VGA]三立inews,https://t.freetv.fun/live/san-li-inews-14.m3u8,重复URL
[VGA]三立inews,https://t.freetv.fun/live/san-li-inews-15.m3u8,重复URL
[VGA]三立inews,https://t.freetv.fun/live/san-li-inews-16.m3u8,重复URL
[VGA]三立新聞inews,https://t.freetv.fun/live/san-li-xin-wen-inews-1.m3u8,重复URL
[BD]三立新聞inews,https://t.freetv.fun/live/san-li-xin-wen-inews-2.m3u8,重复URL
[VGA]三立国际,https://t.freetv.fun/live/san-li-guo-ji-1.m3u8,重复URL
[VGA]三立国际,https://t.freetv.fun/live/san-li-guo-ji-1.m3u8,重复URL
[VGA]三立戏剧台 hd,https://t.freetv.fun/live/san-li-xi-ju-tai-hd.flv,重复URL
[VGA]三立戏剧,https://t.freetv.fun/live/san-li-xi-ju.php,重复URL
[VGA]三立戏剧台,https://t.freetv.fun/live/san-li-xi-ju-tai.ts,重复URL
[VGA]三立新闻台,https://t.freetv.fun/live/san-li-xin-wen-tai-3.m3u8,重复URL
[VGA]三立新闻,https://t.freetv.fun/live/san-li-xin-wen-3.m3u8,重复URL
[VGA]三立新闻,https://t.freetv.fun/live/san-li-xin-wen-1.m3u8,重复URL
[VGA]三立新闻+,https://t.freetv.fun/live/san-li-xin-wen-2.m3u8,重复URL
[VGA]三立新闻,https://t.freetv.fun/live/san-li-xin-wen-3.php,重复URL
[VGA]三立新闻台,https://t.freetv.fun/live/san-li-xin-wen-tai-3.m3u8,重复URL
[VGA]三立新闻台,https://t.freetv.fun/live/san-li-xin-wen-tai-3.m3u8,重复URL
[VGA]三立新闻台,https://t.freetv.fun/live/san-li-xin-wen-tai-3.ts,重复URL
[VGA]三立新闻h265,https://t.freetv.fun/live/san-li-xin-wen-h265.ts,重复URL
[VGA]三立新闻台,https://t.freetv.fun/live/san-li-xin-wen-tai-1-1.ts,重复URL
[VGA]三立新闻h265,https://t.freetv.fun/live/san-li-xin-wen-h265-1.ts,重复URL
[VGA]三立综合台 hd,https://t.freetv.fun/live/san-li-zong-he-tai-hd.flv,重复URL
[BD]三立综合,https://t.freetv.fun/live/san-li-zong-he.m3u8,重复URL
[VGA]三立綜合合,https://t.freetv.fun/live/san-li-zong-he-he-5.m3u8,重复URL
[VGA]三立綜合合,https://t.freetv.fun/live/san-li-zong-he-he-6.m3u8,重复URL
[VGA]三立綜合合,https://t.freetv.fun/live/san-li-zong-he-he-7.m3u8,重复URL
[VGA]三立综合台,https://t.freetv.fun/live/san-li-zong-he-tai.ts,重复URL
[VGA]三立综合台,https://t.freetv.fun/live/san-li-zong-he-tai-1.ts,重复URL
[VGA]三立臺灣台,https://t.freetv.fun/live/san-li-tai-wan-tai.m3u8,重复URL
[BD]三立台湾,https://t.freetv.fun/live/san-li-tai-wan.php,重复URL
[VGA]三立台湾台 fhd,https://t.freetv.fun/live/san-li-tai-wan-tai-fhd.flv,重复URL
[VGA]三立台湾台,https://t.freetv.fun/live/san-li-tai-wan-tai-1.ts,重复URL
[VGA]三立台湾台h265,https://t.freetv.fun/live/san-li-tai-wan-tai-h265.ts,重复URL
[VGA]三立台湾台,https://t.freetv.fun/live/san-li-tai-wan-tai-1-1.ts,重复URL
[VGA]三立台湾台h265,https://t.freetv.fun/live/san-li-tai-wan-tai-h265-1.ts,重复URL
[BD]三立财经台,https://t.freetv.fun/live/san-li-cai-jing-tai-2.m3u8,重复URL
[VGA]三立财经,https://t.freetv.fun/live/san-li-cai-jing-1.m3u8,重复URL
[SD]三立财经台,https://t.freetv.fun/live/san-li-cai-jing-tai-2.m3u8,重复URL
[BD]三立财经,https://t.freetv.fun/live/san-li-cai-jing-1.m3u8,重复URL
[VGA]三立都会,https://t.freetv.fun/live/san-li-du-hui.php,重复URL
[VGA]三立都会台h265,https://t.freetv.fun/live/san-li-du-hui-tai-h265.ts,重复URL
[VGA]三立都会台,https://t.freetv.fun/live/san-li-du-hui-tai-1.ts,重复URL
[VGA]三立都会台h265,https://t.freetv.fun/live/san-li-du-hui-tai-h265-1.ts,重复URL
[VGA]中天亚洲台,https://t.freetv.fun/live/zhong-tian-ya-zhou-tai-1.m3u8,重复URL
[VGA]中天亚洲,https://t.freetv.fun/live/zhong-tian-ya-zhou.php,重复URL
[VGA]中旺电视,https://t.freetv.fun/live/zhong-wang-dian-shi-2.php,重复URL
[SD]中天亞洲,https://t.freetv.fun/live/zhong-tian-ya-zhou-1.m3u8,重复URL
[VGA]中天亞洲,https://t.freetv.fun/live/zhong-tian-ya-zhou-3.m3u8,重复URL
[VGA]中天亞洲,https://t.freetv.fun/live/zhong-tian-ya-zhou-4.m3u8,重复URL
[VGA]中天亞洲,https://t.freetv.fun/live/zhong-tian-ya-zhou-5.m3u8,重复URL
[VGA]中天亞洲,https://t.freetv.fun/live/zhong-tian-ya-zhou-6.m3u8,重复URL
[VGA]中天亞洲,https://t.freetv.fun/live/zhong-tian-ya-zhou-7.m3u8,重复URL
[VGA]中天亚洲台,https://t.freetv.fun/live/zhong-tian-ya-zhou-tai-1.ts,重复URL
[VGA]中天亚洲台,https://t.freetv.fun/live/zhong-tian-ya-zhou-tai-1-1.ts,重复URL
[VGA]中天亚洲 *b,https://t.freetv.fun/live/zhong-tian-ya-zhou-b.m3u8,重复URL
[HD]中天娱乐,https://t.freetv.fun/live/zhong-tian-yu-le-1.m3u8,重复URL
[VGA]中天娱乐,https://t.freetv.fun/live/zhong-tian-yu-le.m3u8,重复URL
[VGA]中天娱乐台,https://t.freetv.fun/live/zhong-tian-yu-le-tai.ts,重复URL
[VGA]中天娱乐h265,https://t.freetv.fun/live/zhong-tian-yu-le-h265.ts,重复URL
[VGA]中天娱乐台,https://t.freetv.fun/live/zhong-tian-yu-le-tai-1.ts,重复URL
[VGA]中天娱乐h265,https://t.freetv.fun/live/zhong-tian-yu-le-h265-1.ts,重复URL
[VGA]中天娛樂 *ee,https://t.freetv.fun/live/zhong-tian-yu-le-ee.php,重复URL
[VGA]中天新闻 fhd,https://t.freetv.fun/live/zhong-tian-xin-wen-fhd.flv,重复URL
[VGA]中天新闻1,https://t.freetv.fun/live/zhong-tian-xin-wen-1-1.m3u8,重复URL
[VGA]中天新闻,https://t.freetv.fun/live/zhong-tian-xin-wen-5.php,重复URL
[BD]中天新闻,https://t.freetv.fun/live/zhong-tian-xin-wen-5.m3u8,重复URL
[VGA]中天新聞 *ee,https://t.freetv.fun/live/zhong-tian-xin-wen-ee.php,重复URL
[VGA]中旺电视,https://t.freetv.fun/live/zhong-wang-dian-shi-2.php,重复URL
[VGA]中天新闻,rtmp://home.aceimage.cn/live/xiangjiaoge-ztxw,无效URL（非 http/https/rtsp 开头）
[SD]中天新聞,https://t.freetv.fun/live/zhong-tian-xin-wen-4.m3u8,重复URL
[VGA]中天新闻,https://t.freetv.fun/live/zhong-tian-xin-wen-1-2.m3u8,重复URL
[BD]中天新闻,https://t.freetv.fun/live/zhong-tian-xin-wen-2-1.m3u8,重复URL
[BD]中天新聞,https://t.freetv.fun/live/zhong-tian-xin-wen-1-3.m3u8,重复URL
[VGA]中天新聞,https://t.freetv.fun/live/zhong-tian-xin-wen-18.m3u8,重复URL
[VGA]中天新聞,https://t.freetv.fun/live/zhong-tian-xin-wen-19.m3u8,重复URL
[VGA]中天新聞,https://t.freetv.fun/live/zhong-tian-xin-wen-20.m3u8,重复URL
[VGA]中天新聞,https://t.freetv.fun/live/zhong-tian-xin-wen-21.m3u8,重复URL
[VGA]中天新聞,https://t.freetv.fun/live/zhong-tian-xin-wen-22.m3u8,重复URL
[VGA]中天新聞,https://t.freetv.fun/live/zhong-tian-xin-wen-23.m3u8,重复URL
[VGA]中天新聞,https://t.freetv.fun/live/zhong-tian-xin-wen-24.m3u8,重复URL
[VGA]中天新聞,https://t.freetv.fun/live/zhong-tian-xin-wen-25.m3u8,重复URL
[VGA]中天新聞,https://t.freetv.fun/live/zhong-tian-xin-wen-26.m3u8,重复URL
[VGA]中天新聞,https://t.freetv.fun/live/zhong-tian-xin-wen-27.m3u8,重复URL
[VGA]中天新聞,https://t.freetv.fun/live/zhong-tian-xin-wen-28.m3u8,重复URL
[BD]中天新聞,https://t.freetv.fun/live/zhong-tian-xin-wen-29.php,重复URL
[BD]中天新闻,rtmp://digital-live-pull.zegonetwork.com/live/nb-py-ztxw,无效URL（非 http/https/rtsp 开头）
[BD]中天新聞,https://t.freetv.fun/live/zhong-tian-xin-wen-30.m3u8,重复URL
[VGA]中天综合台,https://t.freetv.fun/live/zhong-tian-zong-he-tai.ts,重复URL
[VGA]中天综合h265,https://t.freetv.fun/live/zhong-tian-zong-he-h265.ts,重复URL
[VGA]中天综合台,https://t.freetv.fun/live/zhong-tian-zong-he-tai-1.ts,重复URL
[VGA]中天综合h265,https://t.freetv.fun/live/zhong-tian-zong-he-h265-1.ts,重复URL
[SD]中天综合 *b,https://t.freetv.fun/live/zhong-tian-zong-he-b.m3u8,重复URL
[VGA]中天綜合 *ee,https://t.freetv.fun/live/zhong-tian-zong-he-ee.php,重复URL
[VGA]中天综合,https://t.freetv.fun/live/zhong-tian-zong-he-2.php,重复URL
[HD]中视,rtmp://f13h.mine.nu/sat/tv091,无效URL（非 http/https/rtsp 开头）
[VGA]中视,rtmp://9wv7.mine.nu/sat/tv091,无效URL（非 http/https/rtsp 开头）
[VGA]中视 hd,https://t.freetv.fun/live/zhong-shi-hd-1.flv,重复URL
[VGA]中視,rtmp://9sv2.mine.nu:1935/sat/tv091,无效URL（非 http/https/rtsp 开头）
[BD]中視,rtmp://9sv2.mine.nu:1935/sat/tv091,无效URL（非 http/https/rtsp 开头）
[BD]中視,rtmp://f13h.mine.nu/sat/tv091,无效URL（非 http/https/rtsp 开头）
[SD]中视频道,rtmp://f13h.mine.nu/sat/tv091,无效URL（非 http/https/rtsp 开头）
[VGA]中视频道,https://t.freetv.fun/live/zhong-shi-pin-dao-1.m3u8,重复URL
[BD]中視,https://t.freetv.fun/live/zhong-shi-4-1.php,重复URL
[BD]中视,https://t.freetv.fun/live/zhong-shi-5.php,重复URL
[VGA]中視hd,rtmp://219.80.97.77/sat/tv091,无效URL（非 http/https/rtsp 开头）
[BD]中視,https://t.freetv.fun/live/zhong-shi-6.m3u8,重复URL
[BD]中視,https://t.freetv.fun/live/zhong-shi-16.m3u8,重复URL
[VGA]中視,https://t.freetv.fun/live/zhong-shi-19.m3u8,重复URL
[VGA]中視,https://t.freetv.fun/live/zhong-shi-20.m3u8,重复URL
[VGA]中視,https://t.freetv.fun/live/zhong-shi-21.m3u8,重复URL
[VGA]中視,https://t.freetv.fun/live/zhong-shi-22.m3u8,重复URL
[VGA]中視,https://t.freetv.fun/live/zhong-shi-23.m3u8,重复URL
[VGA]中視,https://t.freetv.fun/live/zhong-shi-24.m3u8,重复URL
[VGA]中視,https://t.freetv.fun/live/zhong-shi-25.m3u8,重复URL
[VGA]中視,https://t.freetv.fun/live/zhong-shi-26.m3u8,重复URL
[VGA]中視,https://t.freetv.fun/live/zhong-shi-27.m3u8,重复URL
[VGA]中視,https://t.freetv.fun/live/zhong-shi-28.m3u8,重复URL
[VGA]中視 *ee,https://t.freetv.fun/live/zhong-shi-ee.php,重复URL
[BD]中視,https://t.freetv.fun/live/zhong-shi-29.m3u8,重复URL
[VGA]中視sd360,https://t.freetv.fun/live/zhong-shi-sd360.m3u8,重复URL
[BD]中视,https://t.freetv.fun/live/zhong-shi-2-1.m3u8,重复URL
[BD]中视,https://t.freetv.fun/live/zhong-shi-3-1.m3u8,重复URL
[HD]中视,rtmp://f13h.mine.nu:1935/sat/tv091,无效URL（非 http/https/rtsp 开头）
[BD]中视,https://t.freetv.fun/live/zhong-shi-5-1.ts,重复URL
[SD]中视 *b,https://t.freetv.fun/live/zhong-shi-b.m3u8,重复URL
[VGA]中视,https://t.freetv.fun/live/zhong-shi-6-1.m3u8,重复URL
[VGA]中视,https://t.freetv.fun/live/zhong-shi-7.php,重复URL
[VGA]中视,https://t.freetv.fun/live/zhong-shi-8.php,重复URL
[VGA]中视,https://t.freetv.fun/live/zhong-shi-9.php,重复URL
[SD]中视 *28,https://t.freetv.fun/live/zhong-shi-28-1.m3u8,重复URL
[BD]中视 *a,https://t.freetv.fun/live/zhong-shi-a.m3u8,重复URL
[VGA]中视新闻,https://t.freetv.fun/live/zhong-shi-xin-wen-4.m3u8,重复URL
[VGA]中视新闻,https://t.freetv.fun/live/zhong-shi-xin-wen-1.m3u8,重复URL
[VGA]中视新闻,https://t.freetv.fun/live/zhong-shi-xin-wen-4.m3u8,重复URL
[VGA]中视新闻,https://t.freetv.fun/live/zhong-shi-xin-wen-4.php,重复URL
[VGA]中视新闻 fhd,https://t.freetv.fun/live/zhong-shi-xin-wen-fhd.flv,重复URL
[VGA]中視新聞 *ee,https://t.freetv.fun/live/zhong-shi-xin-wen-ee.php,重复URL
[BD]中视新闻,https://t.freetv.fun/live/zhong-shi-xin-wen-4.m3u8,重复URL
[VGA]中视新闻台,https://t.freetv.fun/live/zhong-shi-xin-wen-tai.ts,重复URL
[VGA]中视新闻台,https://t.freetv.fun/live/zhong-shi-xin-wen-tai-1.ts,重复URL
[BD]中视新闻 *a,https://t.freetv.fun/live/zhong-shi-xin-wen-a.m3u8,重复URL
[BD]中視新聞,https://t.freetv.fun/live/zhong-shi-xin-wen-5.m3u8,重复URL
[VGA]中視新聞,https://t.freetv.fun/live/zhong-shi-xin-wen-10.m3u8,重复URL
[VGA]中視新聞,https://t.freetv.fun/live/zhong-shi-xin-wen-11.m3u8,重复URL
[VGA]中視新聞,https://t.freetv.fun/live/zhong-shi-xin-wen-12.m3u8,重复URL
[VGA]中視新聞,https://t.freetv.fun/live/zhong-shi-xin-wen-13.m3u8,重复URL
[VGA]中視新聞,https://t.freetv.fun/live/zhong-shi-xin-wen-14.m3u8,重复URL
[VGA]中視新聞,https://t.freetv.fun/live/zhong-shi-xin-wen-15.m3u8,重复URL
[VGA]中視新聞,https://t.freetv.fun/live/zhong-shi-xin-wen-16.m3u8,重复URL
[BD]中視新聞,https://t.freetv.fun/live/zhong-shi-xin-wen-17.php,重复URL
[VGA]中视经典,https://t.freetv.fun/live/zhong-shi-jing-dian-1.m3u8,重复URL
[BD]中视经典,https://t.freetv.fun/live/zhong-shi-jing-dian-1.m3u8,重复URL
[VGA]中视经典,https://t.freetv.fun/live/zhong-shi-jing-dian-2.php,重复URL
[VGA]中視經典,https://t.freetv.fun/live/zhong-shi-jing-dian-8.m3u8,重复URL
[VGA]中視經典,https://t.freetv.fun/live/zhong-shi-jing-dian-9.m3u8,重复URL
[VGA]中視經典,https://t.freetv.fun/live/zhong-shi-jing-dian-10.m3u8,重复URL
[VGA]中視經典,https://t.freetv.fun/live/zhong-shi-jing-dian-11.m3u8,重复URL
[VGA]中視經典,https://t.freetv.fun/live/zhong-shi-jing-dian-12.m3u8,重复URL
[VGA]中視經典,https://t.freetv.fun/live/zhong-shi-jing-dian-13.m3u8,重复URL
[VGA]中視經典,https://t.freetv.fun/live/zhong-shi-jing-dian-14.m3u8,重复URL
[VGA]中視經典,https://t.freetv.fun/live/zhong-shi-jing-dian-15.m3u8,重复URL
[VGA]中视经典台,https://t.freetv.fun/live/zhong-shi-jing-dian-tai.ts,重复URL
[VGA]中视经典台,https://t.freetv.fun/live/zhong-shi-jing-dian-tai-1.ts,重复URL
[BD]中视经典 *q,https://t.freetv.fun/live/zhong-shi-jing-dian-q.m3u8,重复URL
[BD]中视菁采,https://t.freetv.fun/live/zhong-shi-jing-cai.m3u8,重复URL
[VGA]中視菁采,https://t.freetv.fun/live/zhong-shi-jing-cai-10.m3u8,重复URL
[VGA]中視菁采,https://t.freetv.fun/live/zhong-shi-jing-cai-11.m3u8,重复URL
[VGA]中視菁采,https://t.freetv.fun/live/zhong-shi-jing-cai-12.m3u8,重复URL
[VGA]中視菁采,https://t.freetv.fun/live/zhong-shi-jing-cai-13.m3u8,重复URL
[VGA]中視菁采,https://t.freetv.fun/live/zhong-shi-jing-cai-14.m3u8,重复URL
[VGA]中視菁采,https://t.freetv.fun/live/zhong-shi-jing-cai-15.m3u8,重复URL
[VGA]中视菁采台,https://t.freetv.fun/live/zhong-shi-jing-cai-tai.ts,重复URL
[VGA]中视菁采台,https://t.freetv.fun/live/zhong-shi-jing-cai-tai-1.ts,重复URL
[BD]中视菁采 *a,https://t.freetv.fun/live/zhong-shi-jing-cai-a.m3u8,重复URL
[VGA]亚洲旅游,https://t.freetv.fun/live/ya-zhou-lu-you-2.m3u8,重复URL
[VGA]亚洲旅游,https://t.freetv.fun/live/ya-zhou-lu-you-1.m3u8,重复URL
[VGA]亚洲旅游台 hd,https://t.freetv.fun/live/ya-zhou-lu-you-tai-hd.flv,重复URL
[BD]亞洲旅遊,https://t.freetv.fun/live/ya-zhou-lu-you-3.m3u8,重复URL
[VGA]亞洲旅遊,https://t.freetv.fun/live/ya-zhou-lu-you-16.m3u8,重复URL
[VGA]亞洲旅遊,https://t.freetv.fun/live/ya-zhou-lu-you-17.m3u8,重复URL
[VGA]亞洲旅遊,https://t.freetv.fun/live/ya-zhou-lu-you-18.m3u8,重复URL
[VGA]亞洲旅遊,https://t.freetv.fun/live/ya-zhou-lu-you-19.m3u8,重复URL
[VGA]亞洲旅遊,https://t.freetv.fun/live/ya-zhou-lu-you-20.m3u8,重复URL
[VGA]亞洲旅遊,https://t.freetv.fun/live/ya-zhou-lu-you-21.m3u8,重复URL
[VGA]亞洲旅遊,https://t.freetv.fun/live/ya-zhou-lu-you-22.m3u8,重复URL
[VGA]亞洲旅遊,https://t.freetv.fun/live/ya-zhou-lu-you-23.m3u8,重复URL
[VGA]亞洲旅遊,https://t.freetv.fun/live/ya-zhou-lu-you-24.m3u8,重复URL
[VGA]亞洲旅遊,https://t.freetv.fun/live/ya-zhou-lu-you-25.m3u8,重复URL
[VGA]亞洲旅遊,https://t.freetv.fun/live/ya-zhou-lu-you-26.m3u8,重复URL
[VGA]亞洲旅遊,https://t.freetv.fun/live/ya-zhou-lu-you-27.m3u8,重复URL
[BD]亚洲旅游,https://t.freetv.fun/live/ya-zhou-lu-you-2.php,重复URL
[HD]人间卫视,https://t.freetv.fun/live/ren-jian-wei-shi-6.m3u8,重复URL
[HD]人间卫视,https://t.freetv.fun/live/ren-jian-wei-shi-6.m3u8,重复URL
[HD]人间卫视,https://t.freetv.fun/live/ren-jian-wei-shi-2-1.m3u8,重复URL
[HD]人间卫视,https://t.freetv.fun/live/ren-jian-wei-shi-3-1.m3u,重复URL
[BD]人间卫视,https://t.freetv.fun/live/ren-jian-wei-shi-6.m3u8,重复URL
[BD]人间卫视,https://t.freetv.fun/live/ren-jian-wei-shi-6.m3u8,重复URL
[HD]人间卫视,https://t.freetv.fun/live/ren-jian-wei-shi-6.m3u8,重复URL
[HD]人间卫视,https://t.freetv.fun/live/ren-jian-wei-shi-1-1.m3u8,重复URL
[HD]人间卫视,https://t.freetv.fun/live/ren-jian-wei-shi-2-1.m3u,重复URL
[HD]人间卫视,https://t.freetv.fun/live/ren-jian-wei-shi-3-1.m3u,重复URL
[VGA]人间卫视,https://t.freetv.fun/live/ren-jian-wei-shi-4-1.m3u8,重复URL
[VGA]人間衛視,https://t.freetv.fun/live/ren-jian-wei-shi-7.m3u8,重复URL
[VGA]人間衛視,https://t.freetv.fun/live/ren-jian-wei-shi-8.m3u8,重复URL
[VGA]人間衛視,https://t.freetv.fun/live/ren-jian-wei-shi-9.m3u8,重复URL
[VGA]信吉电视台,https://t.freetv.fun/live/xin-ji-dian-shi-tai.m3u8,重复URL
[VGA]信吉,https://t.freetv.fun/live/xin-ji.flv,重复URL
[VGA]信吉卫视,https://t.freetv.fun/live/xin-ji-wei-shi.php,重复URL
[VGA]信吉电视,https://t.freetv.fun/live/xin-ji-dian-shi.php,重复URL
[VGA]八大娱乐,https://t.freetv.fun/live/ba-da-yu-le.php,重复URL
[VGA]八大娱乐台,https://t.freetv.fun/live/ba-da-yu-le-tai.ts,重复URL
[VGA]八大娱乐台,https://t.freetv.fun/live/ba-da-yu-le-tai-1.ts,重复URL
[VGA]八大戏剧台,https://t.freetv.fun/live/ba-da-xi-ju-tai.ts,重复URL
[VGA]八大戏剧h265,https://t.freetv.fun/live/ba-da-xi-ju-h265.ts,重复URL
[VGA]八大戏剧台,https://t.freetv.fun/live/ba-da-xi-ju-tai-1.ts,重复URL
[VGA]八大戏剧h265,https://t.freetv.fun/live/ba-da-xi-ju-h265-1.ts,重复URL
[SD]八大第1 *b,https://t.freetv.fun/live/ba-da-di-1-b.m3u8,重复URL
[BD]八大精彩,https://t.freetv.fun/live/ba-da-jing-cai.m3u8,重复URL
[VGA]八大精彩,https://t.freetv.fun/live/ba-da-jing-cai-7.m3u8,重复URL
[VGA]八大精彩,https://t.freetv.fun/live/ba-da-jing-cai-8.m3u8,重复URL
[VGA]八大精彩,https://t.freetv.fun/live/ba-da-jing-cai-9.m3u8,重复URL
[VGA]八大精彩,https://t.freetv.fun/live/ba-da-jing-cai-10.m3u8,重复URL
[VGA]八大精彩,https://t.freetv.fun/live/ba-da-jing-cai-11.m3u8,重复URL
[VGA]八大精彩,https://t.freetv.fun/live/ba-da-jing-cai-12.m3u8,重复URL
[VGA]八大精彩,https://t.freetv.fun/live/ba-da-jing-cai-13.m3u8,重复URL
[VGA]八大精彩,https://t.freetv.fun/live/ba-da-jing-cai-14.m3u8,重复URL
[VGA]八大精彩,https://t.freetv.fun/live/ba-da-jing-cai-15.m3u8,重复URL
[VGA]八大精彩台,https://t.freetv.fun/live/ba-da-jing-cai-tai.ts,重复URL
[VGA]八大精彩台,https://t.freetv.fun/live/ba-da-jing-cai-tai-1.ts,重复URL
[BD]八大精彩,https://t.freetv.fun/live/ba-da-jing-cai-16.php,重复URL
[VGA]八大综合台,https://t.freetv.fun/live/ba-da-zong-he-tai-1.flv,重复URL
[VGA]八大综合,https://t.freetv.fun/live/ba-da-zong-he.php,重复URL
[VGA]八大综合台,https://t.freetv.fun/live/ba-da-zong-he-tai-1.ts,重复URL
[VGA]八大综合h265,https://t.freetv.fun/live/ba-da-zong-he-h265.ts,重复URL
[VGA]八大综合台,https://t.freetv.fun/live/ba-da-zong-he-tai-1-1.ts,重复URL
[VGA]八大综合h265,https://t.freetv.fun/live/ba-da-zong-he-h265-1.ts,重复URL
[SD]八大综合 *b,https://t.freetv.fun/live/ba-da-zong-he-b.m3u8,重复URL
[VGA]八大综艺,https://t.freetv.fun/live/ba-da-zong-yi.php,重复URL
[BD]八大綜藝,https://t.freetv.fun/live/ba-da-zong-yi-1.m3u8,重复URL
[VGA]八大綜藝,https://t.freetv.fun/live/ba-da-zong-yi-8.m3u8,重复URL
[VGA]八大綜藝,https://t.freetv.fun/live/ba-da-zong-yi-9.m3u8,重复URL
[VGA]八大綜藝,https://t.freetv.fun/live/ba-da-zong-yi-10.m3u8,重复URL
[VGA]八大綜藝,https://t.freetv.fun/live/ba-da-zong-yi-11.m3u8,重复URL
[VGA]八大綜藝,https://t.freetv.fun/live/ba-da-zong-yi-12.m3u8,重复URL
[VGA]八大綜藝,https://t.freetv.fun/live/ba-da-zong-yi-13.m3u8,重复URL
[VGA]八大綜藝,https://t.freetv.fun/live/ba-da-zong-yi-14.m3u8,重复URL
[VGA]八大綜藝,https://t.freetv.fun/live/ba-da-zong-yi-15.m3u8,重复URL
[VGA]八大综艺台,https://t.freetv.fun/live/ba-da-zong-yi-tai.ts,重复URL
[VGA]八大综艺台,https://t.freetv.fun/live/ba-da-zong-yi-tai-1.ts,重复URL
[BD]八大綜藝,https://t.freetv.fun/live/ba-da-zong-yi-16.php,重复URL
[VGA]公视 hd,https://t.freetv.fun/live/gong-shi-hd.flv,重复URL
[VGA]公视,https://t.freetv.fun/live/gong-shi-1.php,重复URL
[SD]公视 *b,https://t.freetv.fun/live/gong-shi-b.m3u8,重复URL
[BD]公视 *28,https://t.freetv.fun/live/gong-shi-28.m3u8,重复URL
[BD]公视 *a,https://t.freetv.fun/live/gong-shi-a.m3u8,重复URL
[VGA]公视3,https://t.freetv.fun/live/gong-shi-3-1.php,重复URL
[VGA]公视3,https://t.freetv.fun/live/gong-shi-3-1.ts,重复URL
[VGA]公视3,https://t.freetv.fun/live/gong-shi-3-1-1.ts,重复URL
[BD]公视,https://t.freetv.fun/live/gong-shi-1.m3u8,重复URL
[BD]公视,https://t.freetv.fun/live/gong-shi-2.ts,重复URL
[BD]小公视,https://t.freetv.fun/live/xiao-gong-shi.m3u8,重复URL
[VGA]公视,https://t.freetv.fun/live/gong-shi-3-2.php,重复URL
[BD]ptsxs小公視1080,https://t.freetv.fun/live/ptsxsxiao-gong-shi-1080.m3u8,重复URL
[HD]ptsxs小公視720,https://t.freetv.fun/live/ptsxsxiao-gong-shi-720.m3u8,重复URL
[VGA]ptsxs小公視360,https://t.freetv.fun/live/ptsxsxiao-gong-shi-360.m3u8,重复URL
[BD]公视戏剧,https://t.freetv.fun/live/gong-shi-xi-ju.m3u8,重复URL
[BD]公視戲劇,https://t.freetv.fun/live/gong-shi-xi-ju-1.m3u8,重复URL
[VGA]公視戲劇,https://t.freetv.fun/live/gong-shi-xi-ju-8.m3u8,重复URL
[VGA]公視戲劇,https://t.freetv.fun/live/gong-shi-xi-ju-9.m3u8,重复URL
[VGA]公視戲劇,https://t.freetv.fun/live/gong-shi-xi-ju-10.m3u8,重复URL
[VGA]公視戲劇,https://t.freetv.fun/live/gong-shi-xi-ju-11.m3u8,重复URL
[VGA]公視戲劇,https://t.freetv.fun/live/gong-shi-xi-ju-12.m3u8,重复URL
[VGA]公視戲劇,https://t.freetv.fun/live/gong-shi-xi-ju-13.m3u8,重复URL
[VGA]公視戲劇,https://t.freetv.fun/live/gong-shi-xi-ju-14.m3u8,重复URL
[VGA]公視戲劇,https://t.freetv.fun/live/gong-shi-xi-ju-15.m3u8,重复URL
[BD]公視戲劇,https://t.freetv.fun/live/gong-shi-xi-ju-16.php,重复URL
[VGA]公视台语,https://t.freetv.fun/live/gong-shi-tai-yu-1.php,重复URL
[BD]公视台语,https://t.freetv.fun/live/gong-shi-tai-yu-1.m3u8,重复URL
[VGA]公視台語,https://t.freetv.fun/live/gong-shi-tai-yu-2.m3u8,重复URL
[VGA]公视台语,https://t.freetv.fun/live/gong-shi-tai-yu-1-1.m3u8,重复URL
[BD]公视台语 *a,https://t.freetv.fun/live/gong-shi-tai-yu-a.m3u8,重复URL
[BD]创世电视,https://t.freetv.fun/live/chuang-shi-dian-shi-1.m3u8,重复URL
[VGA]十方法界,https://t.freetv.fun/live/shi-fang-fa-jie.ts,重复URL
[VGA]十方法界,https://t.freetv.fun/live/shi-fang-fa-jie-1.ts,重复URL
[VGA]博斯无限,https://t.freetv.fun/live/bo-si-wu-xian.php,重复URL
[BD]博斯無限二,https://t.freetv.fun/live/bo-si-wu-xian-er.m3u8,重复URL
[BD]博斯無限,https://t.freetv.fun/live/bo-si-wu-xian-2.m3u8,重复URL
[VGA]博斯無限ii,https://t.freetv.fun/live/bo-si-wu-xian-ii-3.m3u8,重复URL
[VGA]博斯無限i,https://t.freetv.fun/live/bo-si-wu-xian-i-3.m3u8,重复URL
[VGA]博斯無限i,https://t.freetv.fun/live/bo-si-wu-xian-i-4.m3u8,重复URL
[VGA]博斯無限ii,https://t.freetv.fun/live/bo-si-wu-xian-ii-4.m3u8,重复URL
[VGA]博斯無限ii,https://t.freetv.fun/live/bo-si-wu-xian-ii-5.m3u8,重复URL
[VGA]博斯無限i,https://t.freetv.fun/live/bo-si-wu-xian-i-5.m3u8,重复URL
[VGA]博斯無限ii,https://t.freetv.fun/live/bo-si-wu-xian-ii-6.m3u8,重复URL
[VGA]博斯無限i,https://t.freetv.fun/live/bo-si-wu-xian-i-6.m3u8,重复URL
[VGA]博斯無限ii,https://t.freetv.fun/live/bo-si-wu-xian-ii-7.m3u8,重复URL
[VGA]博斯無限i,https://t.freetv.fun/live/bo-si-wu-xian-i-7.m3u8,重复URL
[VGA]博斯无限1台,https://t.freetv.fun/live/bo-si-wu-xian-1tai.ts,重复URL
[VGA]博斯无限1台,https://t.freetv.fun/live/bo-si-wu-xian-1tai-1.ts,重复URL
[VGA]博斯無限,https://t.freetv.fun/live/bo-si-wu-xian-1-1.php,重复URL
[VGA]博斯無限,https://t.freetv.fun/live/bo-si-wu-xian-2-1.m3u8,重复URL
[VGA]博斯无限2 hd,https://t.freetv.fun/live/bo-si-wu-xian-2-hd.flv,重复URL
[VGA]博斯无限2台,https://t.freetv.fun/live/bo-si-wu-xian-2tai.ts,重复URL
[VGA]博斯无限2台,https://t.freetv.fun/live/bo-si-wu-xian-2tai-1.ts,重复URL
[VGA]博斯网球 hd,https://t.freetv.fun/live/bo-si-wang-qiu-hd.flv,重复URL
[VGA]博斯网球,https://t.freetv.fun/live/bo-si-wang-qiu.php,重复URL
[HD]博斯網球,https://t.freetv.fun/live/bo-si-wang-qiu-2.m3u8,重复URL
[HD]博斯網球,https://t.freetv.fun/live/bo-si-wang-qiu-1-1.m3u8,重复URL
[VGA]博斯網球,https://t.freetv.fun/live/bo-si-wang-qiu-3.m3u8,重复URL
[VGA]博斯網球,https://t.freetv.fun/live/bo-si-wang-qiu-4.m3u8,重复URL
[VGA]博斯網球,https://t.freetv.fun/live/bo-si-wang-qiu-5.m3u8,重复URL
[VGA]博斯網球,https://t.freetv.fun/live/bo-si-wang-qiu-6.m3u8,重复URL
[VGA]博斯網球,https://t.freetv.fun/live/bo-si-wang-qiu-7.m3u8,重复URL
[VGA]博斯网球台,https://t.freetv.fun/live/bo-si-wang-qiu-tai.ts,重复URL
[VGA]博斯网球台,https://t.freetv.fun/live/bo-si-wang-qiu-tai-1.ts,重复URL
[BD]博斯網球,https://t.freetv.fun/live/bo-si-wang-qiu-8.m3u8,重复URL
[BD]博斯運動二,https://t.freetv.fun/live/bo-si-yun-dong-er.m3u8,重复URL
[BD]博斯運動一,https://t.freetv.fun/live/bo-si-yun-dong-yi.m3u8,重复URL
[VGA]博斯運動i,https://t.freetv.fun/live/bo-si-yun-dong-i-3.m3u8,重复URL
[VGA]博斯運動ii,https://t.freetv.fun/live/bo-si-yun-dong-ii-3.m3u8,重复URL
[VGA]博斯運動i,https://t.freetv.fun/live/bo-si-yun-dong-i-4.m3u8,重复URL
[VGA]博斯運動ii,https://t.freetv.fun/live/bo-si-yun-dong-ii-4.m3u8,重复URL
[VGA]博斯運動i,https://t.freetv.fun/live/bo-si-yun-dong-i-5.m3u8,重复URL
[VGA]博斯運動ii,https://t.freetv.fun/live/bo-si-yun-dong-ii-5.m3u8,重复URL
[VGA]博斯運動i,https://t.freetv.fun/live/bo-si-yun-dong-i-6.m3u8,重复URL
[VGA]博斯運動ii,https://t.freetv.fun/live/bo-si-yun-dong-ii-6.m3u8,重复URL
[VGA]博斯運動i,https://t.freetv.fun/live/bo-si-yun-dong-i-7.m3u8,重复URL
[VGA]博斯運動ii,https://t.freetv.fun/live/bo-si-yun-dong-ii-7.m3u8,重复URL
[VGA]博斯运动1台,https://t.freetv.fun/live/bo-si-yun-dong-1tai.ts,重复URL
[VGA]博斯运动1台,https://t.freetv.fun/live/bo-si-yun-dong-1tai-1.ts,重复URL
[VGA]博斯运动壹斯,https://t.freetv.fun/live/bo-si-yun-dong-yi-si.m3u8,重复URL
[VGA]博斯运动贰斯,https://t.freetv.fun/live/bo-si-yun-dong-er-si.m3u8,重复URL
[VGA]博斯運動ⅱ,https://t.freetv.fun/live/bo-si-yun-dong-ii.php,重复URL
[VGA]博斯運動二,https://t.freetv.fun/live/bo-si-yun-dong-er-1.m3u8,重复URL
[VGA]博斯运动2 hd,https://t.freetv.fun/live/bo-si-yun-dong-2-hd.flv,重复URL
[VGA]博斯运动-2,https://t.freetv.fun/live/bo-si-yun-dong-2.php,重复URL
[VGA]博斯运动2台,https://t.freetv.fun/live/bo-si-yun-dong-2tai.ts,重复URL
[VGA]博斯运动2台,https://t.freetv.fun/live/bo-si-yun-dong-2tai-1.ts,重复URL
[VGA]博斯高球1 hd,https://t.freetv.fun/live/bo-si-gao-qiu-1-hd.flv,重复URL
[BD]博斯高球,https://t.freetv.fun/live/bo-si-gao-qiu.m3u8,重复URL
[BD]博斯高球二,https://t.freetv.fun/live/bo-si-gao-qiu-er.m3u8,重复URL
[VGA]博斯高球i,https://t.freetv.fun/live/bo-si-gao-qiu-i-3.m3u8,重复URL
[VGA]博斯高球ii,https://t.freetv.fun/live/bo-si-gao-qiu-ii-3.m3u8,重复URL
[VGA]博斯高球i,https://t.freetv.fun/live/bo-si-gao-qiu-i-4.m3u8,重复URL
[VGA]博斯高球ii,https://t.freetv.fun/live/bo-si-gao-qiu-ii-4.m3u8,重复URL
[VGA]博斯高球i,https://t.freetv.fun/live/bo-si-gao-qiu-i-5.m3u8,重复URL
[VGA]博斯高球ii,https://t.freetv.fun/live/bo-si-gao-qiu-ii-5.m3u8,重复URL
[VGA]博斯高球i,https://t.freetv.fun/live/bo-si-gao-qiu-i-6.m3u8,重复URL
[VGA]博斯高球ii,https://t.freetv.fun/live/bo-si-gao-qiu-ii-6.m3u8,重复URL
[VGA]博斯高球i,https://t.freetv.fun/live/bo-si-gao-qiu-i-7.m3u8,重复URL
[VGA]博斯高球ii,https://t.freetv.fun/live/bo-si-gao-qiu-ii-7.m3u8,重复URL
[VGA]博斯高球贰斯,https://t.freetv.fun/live/bo-si-gao-qiu-er-si.m3u8,重复URL
[VGA]博斯高球1台,https://t.freetv.fun/live/bo-si-gao-qiu-1tai.ts,重复URL
[VGA]博斯高球1台,https://t.freetv.fun/live/bo-si-gao-qiu-1tai-1.ts,重复URL
[VGA]博斯高球壹斯,https://t.freetv.fun/live/bo-si-gao-qiu-yi-si.m3u8,重复URL
[VGA]博斯高球二,https://t.freetv.fun/live/bo-si-gao-qiu-er-1.m3u8,重复URL
[VGA]博斯高球,https://t.freetv.fun/live/bo-si-gao-qiu-1-1.m3u8,重复URL
[VGA]博斯高球2 hd,https://t.freetv.fun/live/bo-si-gao-qiu-2-hd.flv,重复URL
[VGA]博斯高球-2,https://t.freetv.fun/live/bo-si-gao-qiu-2.php,重复URL
[VGA]搏斯高球2,https://t.freetv.fun/live/bo-si-gao-qiu-2-1.php,重复URL
[VGA]博斯高球2台,https://t.freetv.fun/live/bo-si-gao-qiu-2tai.ts,重复URL
[VGA]博斯高球2台,https://t.freetv.fun/live/bo-si-gao-qiu-2tai-1.ts,重复URL
[VGA]博斯魅力,https://t.freetv.fun/live/bo-si-mei-li-1.php,重复URL
[BD]博斯魅力,https://t.freetv.fun/live/bo-si-mei-li-1.m3u8,重复URL
[VGA]博斯魅力,https://t.freetv.fun/live/bo-si-mei-li-3.m3u8,重复URL
[VGA]博斯魅力,https://t.freetv.fun/live/bo-si-mei-li-4.m3u8,重复URL
[VGA]博斯魅力,https://t.freetv.fun/live/bo-si-mei-li-5.m3u8,重复URL
[VGA]博斯魅力,https://t.freetv.fun/live/bo-si-mei-li-6.m3u8,重复URL
[VGA]博斯魅力,https://t.freetv.fun/live/bo-si-mei-li-7.m3u8,重复URL
[VGA]博斯魅力台,https://t.freetv.fun/live/bo-si-mei-li-tai.ts,重复URL
[VGA]博斯魅力台,https://t.freetv.fun/live/bo-si-mei-li-tai-1.ts,重复URL
[VGA]原住民族電視,https://t.freetv.fun/live/yuan-zhu-min-zu-dian-shi-5.m3u8,重复URL
[VGA]原住民族電視,https://t.freetv.fun/live/yuan-zhu-min-zu-dian-shi-6.m3u8,重复URL
[VGA]原住民族電視,https://t.freetv.fun/live/yuan-zhu-min-zu-dian-shi-7.m3u8,重复URL
[VGA]原住民族电视台,https://t.freetv.fun/live/yuan-zhu-min-zu-dian-shi-tai.ts,重复URL
[VGA]原住民族电视台,https://t.freetv.fun/live/yuan-zhu-min-zu-dian-shi-tai-1.ts,重复URL
[HD]台视,rtmp://f13h.mine.nu/sat/tv071,无效URL（非 http/https/rtsp 开头）
[BD]台视,https://t.freetv.fun/live/tai-shi-1.m3u8,重复URL
[HD]台视,https://t.freetv.fun/live/tai-shi-2.ts,重复URL
[HD]台视,rtmp://f13h.mine.nu:1935/sat/tv071,无效URL（非 http/https/rtsp 开头）
[BD]台视 *28,https://t.freetv.fun/live/tai-shi-28.ts,重复URL
[BD]台视 *a,https://t.freetv.fun/live/tai-shi-a.m3u8,重复URL
[VGA]台视新闻,https://t.freetv.fun/live/tai-shi-xin-wen-6.m3u8,重复URL
[BD]台视新闻台,https://t.freetv.fun/live/tai-shi-xin-wen-tai-2.m3u8,重复URL
[VGA]台视新闻台,https://t.freetv.fun/live/tai-shi-xin-wen-tai-1.m3u8,重复URL
[BD]台视新闻,https://t.freetv.fun/live/tai-shi-xin-wen-6.m3u8,重复URL
[VGA]台视新闻 fhd,https://t.freetv.fun/live/tai-shi-xin-wen-fhd.flv,重复URL
[BD]台视新闻,https://t.freetv.fun/live/tai-shi-xin-wen-1-2.m3u8,重复URL
[BD]台视新闻,https://t.freetv.fun/live/tai-shi-xin-wen-2.m3u8,重复URL
[BD]台视新闻,https://t.freetv.fun/live/tai-shi-xin-wen-3.m3u8,重复URL
[SD]台视新闻台,https://t.freetv.fun/live/tai-shi-xin-wen-tai-2.m3u8,重复URL
[BD]台视新闻,https://t.freetv.fun/live/tai-shi-xin-wen-6.php,重复URL
[BD]台视新闻,https://t.freetv.fun/live/tai-shi-xin-wen-6.m3u8,重复URL
[BD]台视新闻,https://t.freetv.fun/live/tai-shi-xin-wen-1-2.m3u8,重复URL
[BD]台视新闻 *a,https://t.freetv.fun/live/tai-shi-xin-wen-a.m3u8,重复URL
[VGA]台视新聞,https://t.freetv.fun/live/tai-shi-xin-wen-1-4.m3u8,重复URL
[VGA]唯心電視,https://t.freetv.fun/live/wei-xin-dian-shi-2.m3u8,重复URL
[VGA]cn: 唯心電視,https://t.freetv.fun/live/cn-wei-xin-dian-shi.m3u8,重复URL
[HD]唯心电视台,https://t.freetv.fun/live/wei-xin-dian-shi-tai.m3u8,重复URL
[VGA]唯心電视,https://t.freetv.fun/live/wei-xin-dian-shi-1.m3u8,重复URL
[VGA]唯心電視,https://t.freetv.fun/live/wei-xin-dian-shi-2.m3u8,重复URL
[VGA]唯心電視,https://t.freetv.fun/live/wei-xin-dian-shi-1-1.m3u8,重复URL
[VGA]唯心电视,https://t.freetv.fun/live/wei-xin-dian-shi-3.m3u8,重复URL
[VGA]唯心电视,https://t.freetv.fun/live/wei-xin-dian-shi-1-2.m3u8,重复URL
[VGA]ahuei-TaiwanPLUS,https://t.freetv.fun/live/ahuei-taiwanplus.m3u8,重复URL
[VGA]國家地理頻道,https://t.freetv.fun/live/guo-jia-di-li-pin-dao.m3u8,重复URL
[VGA]國家地理,https://t.freetv.fun/live/guo-jia-di-li.php,重复URL
[BD]國會頻道1,https://t.freetv.fun/live/guo-hui-pin-dao-1.m3u8,重复URL
[SD]國會 1,https://t.freetv.fun/live/guo-hui-1-1.m3u8,重复URL
[VGA]國會 1,https://t.freetv.fun/live/guo-hui-1-14.m3u8,重复URL
[VGA]國會 1,https://t.freetv.fun/live/guo-hui-1-15.m3u8,重复URL
[VGA]國會 1,https://t.freetv.fun/live/guo-hui-1-16.m3u8,重复URL
[VGA]國會 1,https://t.freetv.fun/live/guo-hui-1-17.m3u8,重复URL
[VGA]國會 1,https://t.freetv.fun/live/guo-hui-1-18.m3u8,重复URL
[VGA]國會 1,https://t.freetv.fun/live/guo-hui-1-19.m3u8,重复URL
[VGA]國會 1,https://t.freetv.fun/live/guo-hui-1-20.m3u8,重复URL
[VGA]國會 1,https://t.freetv.fun/live/guo-hui-1-21.m3u8,重复URL
[VGA]國會 1,https://t.freetv.fun/live/guo-hui-1-22.m3u8,重复URL
[VGA]國會 1,https://t.freetv.fun/live/guo-hui-1-23.m3u8,重复URL
[VGA]國會 1,https://t.freetv.fun/live/guo-hui-1-24.m3u8,重复URL
[VGA]國會 1,https://t.freetv.fun/live/guo-hui-1-25.m3u8,重复URL
[VGA]国会  1,https://t.freetv.fun/live/guo-hui-1.ts,重复URL
[VGA]国会  1,https://t.freetv.fun/live/guo-hui-1-1-1.ts,重复URL
[VGA]国会频道2,https://t.freetv.fun/live/guo-hui-pin-dao-2.m3u8,重复URL
[SD]國會 2,https://t.freetv.fun/live/guo-hui-2-1.m3u8,重复URL
[VGA]國會 2,https://t.freetv.fun/live/guo-hui-2-13.m3u8,重复URL
[VGA]國會 2,https://t.freetv.fun/live/guo-hui-2-14.m3u8,重复URL
[VGA]國會 2,https://t.freetv.fun/live/guo-hui-2-15.m3u8,重复URL
[VGA]國會 2,https://t.freetv.fun/live/guo-hui-2-16.m3u8,重复URL
[VGA]國會 2,https://t.freetv.fun/live/guo-hui-2-17.m3u8,重复URL
[VGA]國會 2,https://t.freetv.fun/live/guo-hui-2-18.m3u8,重复URL
[VGA]國會 2,https://t.freetv.fun/live/guo-hui-2-19.m3u8,重复URL
[VGA]國會 2,https://t.freetv.fun/live/guo-hui-2-20.m3u8,重复URL
[VGA]國會 2,https://t.freetv.fun/live/guo-hui-2-21.m3u8,重复URL
[VGA]國會 2,https://t.freetv.fun/live/guo-hui-2-22.m3u8,重复URL
[VGA]國會 2,https://t.freetv.fun/live/guo-hui-2-23.m3u8,重复URL
[VGA]国会  2,https://t.freetv.fun/live/guo-hui-2.ts,重复URL
[VGA]国会  2,https://t.freetv.fun/live/guo-hui-2-1-1.ts,重复URL
[VGA]国兴卫视h265,https://t.freetv.fun/live/guo-xing-wei-shi-h265.ts,重复URL
[VGA]国兴卫视h265,https://t.freetv.fun/live/guo-xing-wei-shi-h265-1.ts,重复URL
[VGA]國興衛視,https://t.freetv.fun/live/guo-xing-wei-shi.php,重复URL
[VGA]壹新闻 hd,https://t.freetv.fun/live/yi-xin-wen-hd.flv,重复URL
[VGA]壹新闻,https://t.freetv.fun/live/yi-xin-wen-1.php,重复URL
[VGA]壹电视新闻台,https://t.freetv.fun/live/yi-dian-shi-xin-wen-tai-1.php,重复URL
[VGA]壹新闻,https://t.freetv.fun/live/yi-xin-wen-1.ts,重复URL
[VGA]壹新闻,https://t.freetv.fun/live/yi-xin-wen-1-1.ts,重复URL
[VGA]壹新闻台h265,https://t.freetv.fun/live/yi-xin-wen-tai-h265.ts,重复URL
[VGA]壹新闻台h265,https://t.freetv.fun/live/yi-xin-wen-tai-h265-1.ts,重复URL
[VGA]壹电视综合台,https://t.freetv.fun/live/yi-dian-shi-zong-he-tai.m3u8,重复URL
[VGA]壹电视综合,https://t.freetv.fun/live/yi-dian-shi-zong-he.m3u8,重复URL
[HD]综合,rtmp://cstvplay.21cs.cn/cstv1/cstv1,无效URL（非 http/https/rtsp 开头）
[VGA]壹电影,https://t.freetv.fun/live/yi-dian-ying-1.ts,重复URL
[VGA]壹电视电影,https://t.freetv.fun/live/yi-dian-shi-dian-ying.m3u8,重复URL
[HD]大爱,https://t.freetv.fun/live/da-ai.m3u8,重复URL
[VGA]大爱壹,https://t.freetv.fun/live/da-ai-yi.m3u8,重复URL
[VGA]大爱贰,https://t.freetv.fun/live/da-ai-er-1.m3u8,重复URL
[HD]大爱2台,https://t.freetv.fun/live/da-ai-2tai-1.m3u8,重复URL
[HD]大爱2,https://t.freetv.fun/live/da-ai-2.m3u8,重复URL
[HD]大爱2,https://t.freetv.fun/live/da-ai-2-1.m3u8,重复URL
[BD]大爱2台,https://t.freetv.fun/live/da-ai-2tai-1.m3u8,重复URL
[VGA]大愛一,https://t.freetv.fun/live/da-ai-yi-1.m3u8,重复URL
[VGA]大爱二,https://t.freetv.fun/live/da-ai-er.php,重复URL
[VGA]大愛二,https://t.freetv.fun/live/da-ai-er-6.m3u8,重复URL
[VGA]大愛二,https://t.freetv.fun/live/da-ai-er-7.m3u8,重复URL
[VGA]大愛二,https://t.freetv.fun/live/da-ai-er-8.m3u8,重复URL
[VGA]大爱二台,https://t.freetv.fun/live/da-ai-er-tai.ts,重复URL
[VGA]大爱二台,https://t.freetv.fun/live/da-ai-er-tai-1.ts,重复URL
[BD]大爱电视,https://t.freetv.fun/live/da-ai-dian-shi.m3u8,重复URL
[BD]大愛電視,https://t.freetv.fun/live/da-ai-dian-shi-8.m3u8,重复URL
[VGA]大愛電視,https://t.freetv.fun/live/da-ai-dian-shi-9.m3u8,重复URL
[VGA]大愛電視,https://t.freetv.fun/live/da-ai-dian-shi-10.m3u8,重复URL
[VGA]大爱电视,https://t.freetv.fun/live/da-ai-dian-shi-1.ts,重复URL
[VGA]大立電視,https://t.freetv.fun/live/da-li-dian-shi.m3u8,重复URL
[VGA]大立电视台,https://t.freetv.fun/live/da-li-dian-shi-tai.m3u8,重复URL
[VGA]天良电视台,https://t.freetv.fun/live/tian-liang-dian-shi-tai.m3u8,重复URL
[VGA]好莱坞电影,https://t.freetv.fun/live/hao-lai-wu-dian-ying-1.m3u8,重复URL
[VGA]好莱坞电影 fhd,https://t.freetv.fun/live/hao-lai-wu-dian-ying-fhd.flv,重复URL
[VGA]好莱坞电影,https://t.freetv.fun/live/hao-lai-wu-dian-ying-1.php,重复URL
[VGA]好莱坞电影台,https://t.freetv.fun/live/hao-lai-wu-dian-ying-tai-1.m3u8,重复URL
[VGA]好莱坞电影台,https://t.freetv.fun/live/hao-lai-wu-dian-ying-tai-1.ts,重复URL
[VGA]好莱坞电影h265,https://t.freetv.fun/live/hao-lai-wu-dian-ying-h265.ts,重复URL
[VGA]好莱坞电影台,https://t.freetv.fun/live/hao-lai-wu-dian-ying-tai-1-1.ts,重复URL
[VGA]好莱坞电影h265,https://t.freetv.fun/live/hao-lai-wu-dian-ying-h265-1.ts,重复URL
[VGA]好莱坞電影,https://t.freetv.fun/live/hao-lai-wu-dian-ying-2.m3u8,重复URL
[VGA]好消息,https://t.freetv.fun/live/hao-xiao-xi.m3u8,重复URL
[SD]好消息,https://t.freetv.fun/live/hao-xiao-xi-1-1.m3u8,重复URL
[BD]好消息,https://t.freetv.fun/live/hao-xiao-xi-16.m3u8,重复URL
[VGA]好消息,https://t.freetv.fun/live/hao-xiao-xi-18.m3u8,重复URL
[VGA]好消息,https://t.freetv.fun/live/hao-xiao-xi-19.m3u8,重复URL
[VGA]好消息,https://t.freetv.fun/live/hao-xiao-xi-20.m3u8,重复URL
[VGA]好消息,https://t.freetv.fun/live/hao-xiao-xi-21.m3u8,重复URL
[VGA]好消息,https://t.freetv.fun/live/hao-xiao-xi-22.m3u8,重复URL
[VGA]好消息,https://t.freetv.fun/live/hao-xiao-xi-23.m3u8,重复URL
[VGA]好消息,https://t.freetv.fun/live/hao-xiao-xi-24.m3u8,重复URL
[VGA]好消息,https://t.freetv.fun/live/hao-xiao-xi-25.m3u8,重复URL
[VGA]好消息,https://t.freetv.fun/live/hao-xiao-xi-26.m3u8,重复URL
[VGA]好消息,https://t.freetv.fun/live/hao-xiao-xi-27.m3u8,重复URL
[VGA]好消息贰,https://t.freetv.fun/live/hao-xiao-xi-er.m3u8,重复URL
[BD]好消息2,https://t.freetv.fun/live/hao-xiao-xi-2.m3u8,重复URL
[BD]好消息2,https://t.freetv.fun/live/hao-xiao-xi-2-1.m3u8,重复URL
[BD]好消息2,https://t.freetv.fun/live/hao-xiao-xi-2-26.php,重复URL
[BD]好消息2,https://t.freetv.fun/live/hao-xiao-xi-2-11.m3u8,重复URL
[VGA]好消息2,https://t.freetv.fun/live/hao-xiao-xi-2-15.m3u8,重复URL
[VGA]好消息2,https://t.freetv.fun/live/hao-xiao-xi-2-16.m3u8,重复URL
[VGA]好消息2,https://t.freetv.fun/live/hao-xiao-xi-2-17.m3u8,重复URL
[VGA]好消息2,https://t.freetv.fun/live/hao-xiao-xi-2-18.m3u8,重复URL
[VGA]好消息2,https://t.freetv.fun/live/hao-xiao-xi-2-19.m3u8,重复URL
[VGA]好消息2,https://t.freetv.fun/live/hao-xiao-xi-2-20.m3u8,重复URL
[VGA]好消息2,https://t.freetv.fun/live/hao-xiao-xi-2-21.m3u8,重复URL
[VGA]好消息2,https://t.freetv.fun/live/hao-xiao-xi-2-22.m3u8,重复URL
[VGA]好消息2,https://t.freetv.fun/live/hao-xiao-xi-2-23.m3u8,重复URL
[VGA]好消息2,https://t.freetv.fun/live/hao-xiao-xi-2-24.m3u8,重复URL
[VGA]好消息2,https://t.freetv.fun/live/hao-xiao-xi-2-25.m3u8,重复URL
[VGA]好消息2台,https://t.freetv.fun/live/hao-xiao-xi-2tai.ts,重复URL
[VGA]好消息2台,https://t.freetv.fun/live/hao-xiao-xi-2tai-1.ts,重复URL
[HD]好消息1,https://t.freetv.fun/live/hao-xiao-xi-1.m3u8,重复URL
[VGA]客家电视,https://t.freetv.fun/live/ke-jia-dian-shi.php,重复URL
[VGA]客家電視,https://t.freetv.fun/live/ke-jia-dian-shi-6.m3u8,重复URL
[VGA]客家電視,https://t.freetv.fun/live/ke-jia-dian-shi-7.m3u8,重复URL
[VGA]客家電視,https://t.freetv.fun/live/ke-jia-dian-shi-8.m3u8,重复URL
[VGA]客家电视台,https://t.freetv.fun/live/ke-jia-dian-shi-tai.ts,重复URL
[VGA]客家电视台,https://t.freetv.fun/live/ke-jia-dian-shi-tai-1.ts,重复URL
[BD]客家電視,https://t.freetv.fun/live/ke-jia-dian-shi-9.php,重复URL
[VGA]寰宇新闻,https://t.freetv.fun/live/huan-yu-xin-wen-5.m3u8,重复URL
[VGA]寰宇新闻,https://t.freetv.fun/live/huan-yu-xin-wen-1.m3u8,重复URL
[VGA]寰宇新闻,https://t.freetv.fun/live/huan-yu-xin-wen-5.m3u8,重复URL
[BD]寰宇新闻,https://t.freetv.fun/live/huan-yu-xin-wen-5.php,重复URL
[BD]寰宇新聞,https://t.freetv.fun/live/huan-yu-xin-wen-4.m3u8,重复URL
[SD]寰宇新聞,https://t.freetv.fun/live/huan-yu-xin-wen-1-1.m3u8,重复URL
[VGA]寰宇新聞,https://t.freetv.fun/live/huan-yu-xin-wen-17.m3u8,重复URL
[VGA]寰宇新聞,https://t.freetv.fun/live/huan-yu-xin-wen-18.m3u8,重复URL
[VGA]寰宇新聞,https://t.freetv.fun/live/huan-yu-xin-wen-19.m3u8,重复URL
[VGA]寰宇新聞,https://t.freetv.fun/live/huan-yu-xin-wen-20.m3u8,重复URL
[VGA]寰宇新聞,https://t.freetv.fun/live/huan-yu-xin-wen-21.m3u8,重复URL
[VGA]寰宇新聞,https://t.freetv.fun/live/huan-yu-xin-wen-22.m3u8,重复URL
[VGA]寰宇新聞,https://t.freetv.fun/live/huan-yu-xin-wen-23.m3u8,重复URL
[VGA]寰宇新聞,https://t.freetv.fun/live/huan-yu-xin-wen-24.m3u8,重复URL
[VGA]寰宇新聞,https://t.freetv.fun/live/huan-yu-xin-wen-25.m3u8,重复URL
[VGA]寰宇新聞,https://t.freetv.fun/live/huan-yu-xin-wen-26.m3u8,重复URL
[BD]寰宇新聞,https://t.freetv.fun/live/huan-yu-xin-wen-27.php,重复URL
[VGA]寰宇新闻,https://t.freetv.fun/live/huan-yu-xin-wen-5.m3u8,重复URL
[VGA]寰宇新闻台,https://t.freetv.fun/live/huan-yu-xin-wen-tai.ts,重复URL
[VGA]寰宇新闻台,https://t.freetv.fun/live/huan-yu-xin-wen-tai-1.ts,重复URL
[VGA]寰宇新闻台湾台 hd,https://t.freetv.fun/live/huan-yu-xin-wen-tai-wan-tai-hd.flv,重复URL
[BD]寰宇新聞台灣,https://t.freetv.fun/live/huan-yu-xin-wen-tai-wan.m3u8,重复URL
[VGA]寰宇新聞台灣,https://t.freetv.fun/live/huan-yu-xin-wen-tai-wan-13.m3u8,重复URL
[VGA]寰宇新聞台灣,https://t.freetv.fun/live/huan-yu-xin-wen-tai-wan-14.m3u8,重复URL
[VGA]寰宇新聞台灣,https://t.freetv.fun/live/huan-yu-xin-wen-tai-wan-15.m3u8,重复URL
[VGA]寰宇新聞台灣,https://t.freetv.fun/live/huan-yu-xin-wen-tai-wan-16.m3u8,重复URL
[VGA]寰宇新聞台灣,https://t.freetv.fun/live/huan-yu-xin-wen-tai-wan-17.m3u8,重复URL
[VGA]寰宇新聞台灣,https://t.freetv.fun/live/huan-yu-xin-wen-tai-wan-18.m3u8,重复URL
[VGA]寰宇新聞台灣,https://t.freetv.fun/live/huan-yu-xin-wen-tai-wan-19.m3u8,重复URL
[VGA]寰宇新聞台灣,https://t.freetv.fun/live/huan-yu-xin-wen-tai-wan-20.m3u8,重复URL
[VGA]寰宇新聞台灣,https://t.freetv.fun/live/huan-yu-xin-wen-tai-wan-21.m3u8,重复URL
[VGA]寰宇新聞台灣,https://t.freetv.fun/live/huan-yu-xin-wen-tai-wan-22.m3u8,重复URL
[VGA]寰宇新聞台灣,https://t.freetv.fun/live/huan-yu-xin-wen-tai-wan-23.m3u8,重复URL
[VGA]寰宇新闻台湾台,https://t.freetv.fun/live/huan-yu-xin-wen-tai-wan-tai.ts,重复URL
[VGA]寰宇新闻台湾台,https://t.freetv.fun/live/huan-yu-xin-wen-tai-wan-tai-1.ts,重复URL
[VGA]寰宇综合台,https://t.freetv.fun/live/huan-yu-zong-he-tai.m3u8,重复URL
[SD]寰宇財經,https://t.freetv.fun/live/huan-yu-cai-jing-1.m3u8,重复URL
[VGA]寰宇財經,https://t.freetv.fun/live/huan-yu-cai-jing-8.m3u8,重复URL
[VGA]寰宇財經,https://t.freetv.fun/live/huan-yu-cai-jing-9.m3u8,重复URL
[VGA]寰宇財經,https://t.freetv.fun/live/huan-yu-cai-jing-10.m3u8,重复URL
[VGA]寰宇財經,https://t.freetv.fun/live/huan-yu-cai-jing-11.m3u8,重复URL
[VGA]寰宇財經,https://t.freetv.fun/live/huan-yu-cai-jing-12.m3u8,重复URL
[VGA]寰宇財經,https://t.freetv.fun/live/huan-yu-cai-jing-13.m3u8,重复URL
[VGA]寰宇財經,https://t.freetv.fun/live/huan-yu-cai-jing-14.m3u8,重复URL
[VGA]寰宇財經,https://t.freetv.fun/live/huan-yu-cai-jing-15.m3u8,重复URL
[VGA]寰宇财经台,https://t.freetv.fun/live/huan-yu-cai-jing-tai.ts,重复URL
[VGA]寰宇财经台,https://t.freetv.fun/live/huan-yu-cai-jing-tai-1.ts,重复URL
[VGA]尼克儿童,https://t.freetv.fun/live/ni-ke-er-tong.php,重复URL
[HD]much (720p),https://t.freetv.fun/live/much-720p.m3u8,重复URL
[VGA]年代much台,https://t.freetv.fun/live/nian-dai-muchtai.ts,重复URL
[VGA]年代much台h265,https://t.freetv.fun/live/nian-dai-muchtai-h265.ts,重复URL
[VGA]年代much台,https://t.freetv.fun/live/nian-dai-muchtai-1.ts,重复URL
[VGA]年代much台h265,https://t.freetv.fun/live/nian-dai-muchtai-h265-1.ts,重复URL
[VGA]年代新闻台,https://t.freetv.fun/live/nian-dai-xin-wen-tai-1-1.m3u8,重复URL
[SD]年代新闻,https://t.freetv.fun/live/nian-dai-xin-wen.m3u8,重复URL
[VGA]年代新闻台,https://t.freetv.fun/live/nian-dai-xin-wen-tai.ts,重复URL
[VGA]年代新闻台h265,https://t.freetv.fun/live/nian-dai-xin-wen-tai-h265.ts,重复URL
[VGA]年代新闻台,https://t.freetv.fun/live/nian-dai-xin-wen-tai-1-1.ts,重复URL
[VGA]年代新闻台h265,https://t.freetv.fun/live/nian-dai-xin-wen-tai-h265-1.ts,重复URL
[VGA]年代新聞 *ee,https://t.freetv.fun/live/nian-dai-xin-wen-ee.php,重复URL
[VGA]影迷數位紀實,https://t.freetv.fun/live/ying-mi-shu-wei-ji-shi-8.m3u8,重复URL
[VGA]影迷數位紀實,https://t.freetv.fun/live/ying-mi-shu-wei-ji-shi-9.m3u8,重复URL
[VGA]影迷數位紀實,https://t.freetv.fun/live/ying-mi-shu-wei-ji-shi-10.m3u8,重复URL
[VGA]影迷數位紀實,https://t.freetv.fun/live/ying-mi-shu-wei-ji-shi-11.m3u8,重复URL
[VGA]影迷數位紀實,https://t.freetv.fun/live/ying-mi-shu-wei-ji-shi-12.m3u8,重复URL
[VGA]影迷數位紀實,https://t.freetv.fun/live/ying-mi-shu-wei-ji-shi-13.m3u8,重复URL
[VGA]影迷數位紀實,https://t.freetv.fun/live/ying-mi-shu-wei-ji-shi-14.m3u8,重复URL
[VGA]影迷數位紀實,https://t.freetv.fun/live/ying-mi-shu-wei-ji-shi-15.m3u8,重复URL
[VGA]影迷數位紀實,https://t.freetv.fun/live/ying-mi-shu-wei-ji-shi-16.m3u8,重复URL
[VGA]影迷数位纪实台,https://t.freetv.fun/live/ying-mi-shu-wei-ji-shi-tai.ts,重复URL
[VGA]影迷数位纪实台,https://t.freetv.fun/live/ying-mi-shu-wei-ji-shi-tai-1.ts,重复URL
[VGA]影迷數位電影,https://t.freetv.fun/live/ying-mi-shu-wei-dian-ying-8.m3u8,重复URL
[VGA]影迷數位電影,https://t.freetv.fun/live/ying-mi-shu-wei-dian-ying-9.m3u8,重复URL
[VGA]影迷數位電影,https://t.freetv.fun/live/ying-mi-shu-wei-dian-ying-10.m3u8,重复URL
[VGA]影迷數位電影,https://t.freetv.fun/live/ying-mi-shu-wei-dian-ying-11.m3u8,重复URL
[VGA]影迷數位電影,https://t.freetv.fun/live/ying-mi-shu-wei-dian-ying-12.m3u8,重复URL
[VGA]影迷數位電影,https://t.freetv.fun/live/ying-mi-shu-wei-dian-ying-13.m3u8,重复URL
[VGA]影迷數位電影,https://t.freetv.fun/live/ying-mi-shu-wei-dian-ying-14.m3u8,重复URL
[VGA]影迷數位電影,https://t.freetv.fun/live/ying-mi-shu-wei-dian-ying-15.m3u8,重复URL
[VGA]影迷數位電影,https://t.freetv.fun/live/ying-mi-shu-wei-dian-ying-16.m3u8,重复URL
[VGA]影迷数字电影台,https://t.freetv.fun/live/ying-mi-shu-zi-dian-ying-tai.ts,重复URL
[VGA]影迷数字电影台,https://t.freetv.fun/live/ying-mi-shu-zi-dian-ying-tai-1.ts,重复URL
[VGA]影迷数位电影,https://t.freetv.fun/live/ying-mi-shu-wei-dian-ying.m3u8,重复URL
[VGA]影迷数位电影,https://t.freetv.fun/live/ying-mi-shu-wei-dian-ying-1.m3u8,重复URL
[BD]影迷數位電影,https://t.freetv.fun/live/ying-mi-shu-wei-dian-ying-17.php,重复URL
[VGA]爱尔达影剧 hd,https://t.freetv.fun/live/ai-er-da-ying-ju-hd.flv,重复URL
[VGA]爱尔达戏剧,https://t.freetv.fun/live/ai-er-da-xi-ju.php,重复URL
[VGA]爱综艺,https://t.freetv.fun/live/ai-zong-yi-1.smil,重复URL
[BD]爱尔达综合,https://t.freetv.fun/live/ai-er-da-zong-he.php,重复URL
[VGA]爱尔达综合,https://t.freetv.fun/live/ai-er-da-zong-he-1.ts,重复URL
[VGA]時尚運動x,https://t.freetv.fun/live/shi-shang-yun-dong-x-8.m3u8,重复URL
[VGA]時尚運動x,https://t.freetv.fun/live/shi-shang-yun-dong-x-9.m3u8,重复URL
[VGA]時尚運動x,https://t.freetv.fun/live/shi-shang-yun-dong-x-10.m3u8,重复URL
[VGA]時尚運動x,https://t.freetv.fun/live/shi-shang-yun-dong-x-11.m3u8,重复URL
[VGA]時尚運動x,https://t.freetv.fun/live/shi-shang-yun-dong-x-12.m3u8,重复URL
[VGA]時尚運動x,https://t.freetv.fun/live/shi-shang-yun-dong-x-13.m3u8,重复URL
[VGA]時尚運動x,https://t.freetv.fun/live/shi-shang-yun-dong-x-14.m3u8,重复URL
[VGA]時尚運動x,https://t.freetv.fun/live/shi-shang-yun-dong-x-15.m3u8,重复URL
[BD]時尚運動,https://t.freetv.fun/live/shi-shang-yun-dong.php,重复URL
[VGA]智林体育台,https://t.freetv.fun/live/zhi-lin-ti-yu-tai-1.m3u8,重复URL
[VGA]智林体育,https://t.freetv.fun/live/zhi-lin-ti-yu.m3u8,重复URL
[BD]智林體育,https://t.freetv.fun/live/zhi-lin-ti-yu-1.m3u8,重复URL
[VGA]智林體育,https://t.freetv.fun/live/zhi-lin-ti-yu-8.m3u8,重复URL
[VGA]智林體育,https://t.freetv.fun/live/zhi-lin-ti-yu-9.m3u8,重复URL
[VGA]智林體育,https://t.freetv.fun/live/zhi-lin-ti-yu-10.m3u8,重复URL
[VGA]智林體育,https://t.freetv.fun/live/zhi-lin-ti-yu-11.m3u8,重复URL
[VGA]智林體育,https://t.freetv.fun/live/zhi-lin-ti-yu-12.m3u8,重复URL
[VGA]智林體育,https://t.freetv.fun/live/zhi-lin-ti-yu-13.m3u8,重复URL
[VGA]智林體育,https://t.freetv.fun/live/zhi-lin-ti-yu-14.m3u8,重复URL
[VGA]智林體育,https://t.freetv.fun/live/zhi-lin-ti-yu-15.m3u8,重复URL
[VGA]智林体育台,https://t.freetv.fun/live/zhi-lin-ti-yu-tai-1.ts,重复URL
[VGA]智林体育台,https://t.freetv.fun/live/zhi-lin-ti-yu-tai-1-1.ts,重复URL
[BD]智林體育,https://t.freetv.fun/live/zhi-lin-ti-yu-16.php,重复URL
[VGA]东森美洲新闻台,https://t.freetv.fun/live/dong-sen-mei-zhou-xin-wen-tai-1.ts,重复URL
[VGA]东森美洲新闻台,https://t.freetv.fun/live/dong-sen-mei-zhou-xin-wen-tai-1-1.ts,重复URL
[VGA]东森亚洲卫视,https://t.freetv.fun/live/dong-sen-ya-zhou-wei-shi.m3u8,重复URL
[VGA]东森幼幼 fhd,https://t.freetv.fun/live/dong-sen-you-you-fhd.flv,重复URL
[VGA]东森幼幼,https://t.freetv.fun/live/dong-sen-you-you.php,重复URL
[VGA]东森幼幼h265,https://t.freetv.fun/live/dong-sen-you-you-h265.ts,重复URL
[VGA]东森幼幼h265,https://t.freetv.fun/live/dong-sen-you-you-h265-1.ts,重复URL
[VGA]东森幼幼台,https://t.freetv.fun/live/dong-sen-you-you-tai-1.m3u8,重复URL
[VGA]东森幼幼台,https://t.freetv.fun/live/dong-sen-you-you-tai-1.ts,重复URL
[VGA]东森幼幼台,https://t.freetv.fun/live/dong-sen-you-you-tai-1-1.ts,重复URL
[VGA]东森幼幼,https://t.freetv.fun/live/dong-sen-you-you-1.php,重复URL
[VGA]东森戏剧 fhd,https://t.freetv.fun/live/dong-sen-xi-ju-fhd.flv,重复URL
[VGA]东森戏剧,https://t.freetv.fun/live/dong-sen-xi-ju.php,重复URL
[VGA]东森戏剧,https://t.freetv.fun/live/dong-sen-xi-ju-2.m3u8,重复URL
[VGA]东森戏剧台,https://t.freetv.fun/live/dong-sen-xi-ju-tai.ts,重复URL
[VGA]东森戏剧台,https://t.freetv.fun/live/dong-sen-xi-ju-tai-1.ts,重复URL
[VGA]东森戏剧h265,https://t.freetv.fun/live/dong-sen-xi-ju-h265.ts,重复URL
[VGA]东森戏剧h265,https://t.freetv.fun/live/dong-sen-xi-ju-h265-1.ts,重复URL
[VGA]東森戲劇 *ee,https://t.freetv.fun/live/dong-sen-xi-ju-ee.php,重复URL
[VGA]東森新聞,https://t.freetv.fun/live/dong-sen-xin-wen-3.m3u8,重复URL
[VGA]东森新闻台,https://t.freetv.fun/live/dong-sen-xin-wen-tai-4.m3u8,重复URL
[VGA]东森新闻 fhd,https://t.freetv.fun/live/dong-sen-xin-wen-fhd.flv,重复URL
[VGA]东森新闻,https://t.freetv.fun/live/dong-sen-xin-wen-2.php,重复URL
[BD]东森新闻台,https://t.freetv.fun/live/dong-sen-xin-wen-tai-4.m3u8,重复URL
[VGA]东森新闻台,https://t.freetv.fun/live/dong-sen-xin-wen-tai-4.m3u8,重复URL
[BD]东森新闻,https://t.freetv.fun/live/dong-sen-xin-wen-2.ts,重复URL
[BD]东森新闻台,https://t.freetv.fun/live/dong-sen-xin-wen-tai-4.m3u8,重复URL
[VGA]东森新闻台,https://t.freetv.fun/live/dong-sen-xin-wen-tai-4.ts,重复URL
[VGA]东森新闻台,https://t.freetv.fun/live/dong-sen-xin-wen-tai-1-1.ts,重复URL
[VGA]東森新聞 *ee,https://t.freetv.fun/live/dong-sen-xin-wen-ee.php,重复URL
[BD]東森新聞,https://t.freetv.fun/live/dong-sen-xin-wen-3.m3u8,重复URL
[SD]東森新聞,https://t.freetv.fun/live/dong-sen-xin-wen-1-1.m3u8,重复URL
[VGA]東森新聞,https://t.freetv.fun/live/dong-sen-xin-wen-11.m3u8,重复URL
[VGA]東森新聞,https://t.freetv.fun/live/dong-sen-xin-wen-12.m3u8,重复URL
[VGA]東森新聞,https://t.freetv.fun/live/dong-sen-xin-wen-13.m3u8,重复URL
[VGA]東森新聞,https://t.freetv.fun/live/dong-sen-xin-wen-14.m3u8,重复URL
[VGA]東森新聞,https://t.freetv.fun/live/dong-sen-xin-wen-15.m3u8,重复URL
[VGA]東森新聞,https://t.freetv.fun/live/dong-sen-xin-wen-16.m3u8,重复URL
[VGA]東森新聞,https://t.freetv.fun/live/dong-sen-xin-wen-17.m3u8,重复URL
[VGA]東森新聞,https://t.freetv.fun/live/dong-sen-xin-wen-18.m3u8,重复URL
[VGA]東森新聞台,https://t.freetv.fun/live/dong-sen-xin-wen-tai-5.m3u8,重复URL
[BD]東森新聞,https://t.freetv.fun/live/dong-sen-xin-wen-19.php,重复URL
[VGA]东森洋片 fhd,https://t.freetv.fun/live/dong-sen-yang-pian-fhd.flv,重复URL
[VGA]东森洋片,https://t.freetv.fun/live/dong-sen-yang-pian.php,重复URL
[VGA]东森洋片台,https://t.freetv.fun/live/dong-sen-yang-pian-tai.ts,重复URL
[VGA]东森洋片台,https://t.freetv.fun/live/dong-sen-yang-pian-tai-1.ts,重复URL
[VGA]東森洋片 *ee,https://t.freetv.fun/live/dong-sen-yang-pian-ee.php,重复URL
[SD]東森洋片,https://t.freetv.fun/live/dong-sen-yang-pian-1.php,重复URL
[VGA]东森综合 fhd,https://t.freetv.fun/live/dong-sen-zong-he-fhd.flv,重复URL
[VGA]东森综合,https://t.freetv.fun/live/dong-sen-zong-he.php,重复URL
[VGA]东森综合台,https://t.freetv.fun/live/dong-sen-zong-he-tai.ts,重复URL
[VGA]东森综合台,https://t.freetv.fun/live/dong-sen-zong-he-tai-1.ts,重复URL
[SD]东森综合 *b,https://t.freetv.fun/live/dong-sen-zong-he-b.m3u8,重复URL
[VGA]东森综合h265,https://t.freetv.fun/live/dong-sen-zong-he-h265.ts,重复URL
[VGA]东森综合h265,https://t.freetv.fun/live/dong-sen-zong-he-h265-1.ts,重复URL
[VGA]東森綜合2,https://t.freetv.fun/live/dong-sen-zong-he-2.php,重复URL
[VGA]東森綜合2,https://t.freetv.fun/live/dong-sen-zong-he-2-1.m3u8,重复URL
[BD]东森美洲新闻,https://t.freetv.fun/live/dong-sen-mei-zhou-xin-wen.m3u8,重复URL
[BD]东森美洲,https://t.freetv.fun/live/dong-sen-mei-zhou-1.m3u8,重复URL
[BD]东森美洲,https://t.freetv.fun/live/dong-sen-mei-zhou-1-1.m3u8,重复URL
[VGA]东森美洲,https://t.freetv.fun/live/dong-sen-mei-zhou-2-1.m3u8,重复URL
[BD]东森美洲2,https://t.freetv.fun/live/dong-sen-mei-zhou-2.m3u8,重复URL
[BD]東森美洲,https://t.freetv.fun/live/dong-sen-mei-zhou.m3u8,重复URL
[VGA]东森中国台,https://t.freetv.fun/live/dong-sen-zhong-guo-tai.ts,重复URL
[VGA]东森中国台,https://t.freetv.fun/live/dong-sen-zhong-guo-tai-1.ts,重复URL
[BD]东森美洲卫视,https://t.freetv.fun/live/dong-sen-mei-zhou-wei-shi.m3u8,重复URL
[VGA]东森美洲卫视,https://t.freetv.fun/live/dong-sen-mei-zhou-wei-shi-1.ts,重复URL
[VGA]东森美洲新闻台,https://t.freetv.fun/live/dong-sen-mei-zhou-xin-wen-tai-1.m3u8,重复URL
[VGA]东森财经,https://t.freetv.fun/live/dong-sen-cai-jing.php,重复URL
[VGA]东森财经h265,https://t.freetv.fun/live/dong-sen-cai-jing-h265.ts,重复URL
[VGA]东森财经h265,https://t.freetv.fun/live/dong-sen-cai-jing-h265-1.ts,重复URL
[VGA]東森財經新聞,rtmp://219.80.97.77/sat/tv571,无效URL（非 http/https/rtsp 开头）
[VGA]东森财经新闻台,https://t.freetv.fun/live/dong-sen-cai-jing-xin-wen-tai-1.m3u8,重复URL
[VGA]东森财经新闻 fhd,https://t.freetv.fun/live/dong-sen-cai-jing-xin-wen-fhd.flv,重复URL
[BD]東森財經新聞,https://t.freetv.fun/live/dong-sen-cai-jing-xin-wen-2.m3u8,重复URL
[VGA]東森財經新聞,https://t.freetv.fun/live/dong-sen-cai-jing-xin-wen-8.m3u8,重复URL
[VGA]東森財經新聞,https://t.freetv.fun/live/dong-sen-cai-jing-xin-wen-9.m3u8,重复URL
[VGA]東森財經新聞,https://t.freetv.fun/live/dong-sen-cai-jing-xin-wen-10.m3u8,重复URL
[VGA]東森財經新聞,https://t.freetv.fun/live/dong-sen-cai-jing-xin-wen-11.m3u8,重复URL
[VGA]東森財經新聞,https://t.freetv.fun/live/dong-sen-cai-jing-xin-wen-12.m3u8,重复URL
[VGA]東森財經新聞,https://t.freetv.fun/live/dong-sen-cai-jing-xin-wen-13.m3u8,重复URL
[VGA]東森財經新聞,https://t.freetv.fun/live/dong-sen-cai-jing-xin-wen-14.m3u8,重复URL
[VGA]東森財經新聞,https://t.freetv.fun/live/dong-sen-cai-jing-xin-wen-15.m3u8,重复URL
[BD]東森財經新聞,https://t.freetv.fun/live/dong-sen-cai-jing-xin-wen-16.php,重复URL
[VGA]东森财经新闻,https://t.freetv.fun/live/dong-sen-cai-jing-xin-wen-1.php,重复URL
[VGA]东森财经新闻频道,https://t.freetv.fun/live/dong-sen-cai-jing-xin-wen-pin-dao.m3u8,重复URL
[VGA]东森财经新闻台,https://t.freetv.fun/live/dong-sen-cai-jing-xin-wen-tai-1.ts,重复URL
[VGA]东森财经新闻台,https://t.freetv.fun/live/dong-sen-cai-jing-xin-wen-tai-1-1.ts,重复URL
[VGA]东森财经台美洲版,https://t.freetv.fun/live/dong-sen-cai-jing-tai-mei-zhou-ban.m3u8,重复URL
[VGA]东森财经美洲台,https://t.freetv.fun/live/dong-sen-cai-jing-mei-zhou-tai.m3u8,重复URL
[VGA]东森财经美洲频道,https://t.freetv.fun/live/dong-sen-cai-jing-mei-zhou-pin-dao.m3u8,重复URL
[VGA]東森超視,rtmp://119.81.124.89/sat/tv331,无效URL（非 http/https/rtsp 开头）
[BD]東森超視,rtmp://f13h.mine.nu/sat/tv331,无效URL（非 http/https/rtsp 开头）
[HD]東森超視,rtmp://f13h.mine.nu:1935/sat/tv331,无效URL（非 http/https/rtsp 开头）
[VGA]東森超視,rtmp://f13h.mine.nu/sat/tv331,无效URL（非 http/https/rtsp 开头）
[BD]东森超视34.5,https://t.freetv.fun/live/dong-sen-chao-shi-34-5-3.m3u8,重复URL
[VGA]东森超视,rtmp://9wv7.mine.nu/sat/tv331,无效URL（非 http/https/rtsp 开头）
[VGA]东森超视 fhd,https://t.freetv.fun/live/dong-sen-chao-shi-fhd.flv,重复URL
[SD]东森超视,rtmp://220.130.201.73/sat/tv331,无效URL（非 http/https/rtsp 开头）
[SD]东森超视,rtmp://f13h.mine.nu/sat/tv331,无效URL（非 http/https/rtsp 开头）
[BD]東森超視34.5,https://t.freetv.fun/live/dong-sen-chao-shi-34-5-1.m3u8,重复URL
[VGA]东森超视,https://t.freetv.fun/live/dong-sen-chao-shi-4.php,重复URL
[BD]东森超视,https://t.freetv.fun/live/dong-sen-chao-shi-5.m3u8,重复URL
[HD]东森超视,rtmp://f13h.mine.nu/sat/tv331,无效URL（非 http/https/rtsp 开头）
[BD]东森超视,https://t.freetv.fun/live/dong-sen-chao-shi-6.m3u8,重复URL
[VGA]东森超视台,https://t.freetv.fun/live/dong-sen-chao-shi-tai.ts,重复URL
[VGA]东森超视美洲台,https://t.freetv.fun/live/dong-sen-chao-shi-mei-zhou-tai.ts,重复URL
[VGA]东森超视台,https://t.freetv.fun/live/dong-sen-chao-shi-tai-1.ts,重复URL
[VGA]东森超视美洲台,https://t.freetv.fun/live/dong-sen-chao-shi-mei-zhou-tai-1.ts,重复URL
[VGA]东森超视 34.5,https://t.freetv.fun/live/dong-sen-chao-shi-34-5-4.m3u8,重复URL
[VGA]东森超视 34.5,https://t.freetv.fun/live/dong-sen-chao-shi-34-5-1-1.m3u8,重复URL
[VGA]东森超视 34.5,https://t.freetv.fun/live/dong-sen-chao-shi-34-5-2-2.m3u8,重复URL
[VGA]东森电影台,https://t.freetv.fun/live/dong-sen-dian-ying-tai-1.m3u8,重复URL
[VGA]东森电影 fhd,https://t.freetv.fun/live/dong-sen-dian-ying-fhd.flv,重复URL
[VGA]东森电影,https://t.freetv.fun/live/dong-sen-dian-ying.php,重复URL
[HD]東森电影,https://t.freetv.fun/live/dong-sen-dian-ying-2.php,重复URL
[VGA]东森电影台,https://t.freetv.fun/live/dong-sen-dian-ying-tai-1.ts,重复URL
[VGA]东森电影台,https://t.freetv.fun/live/dong-sen-dian-ying-tai-1-1.ts,重复URL
[HD]東森电影国,https://t.freetv.fun/live/dong-sen-dian-ying-guo.php,重复URL
[VGA]東森電影 *ee,https://t.freetv.fun/live/dong-sen-dian-ying-ee.php,重复URL
[BD]東森電影,https://t.freetv.fun/live/dong-sen-dian-ying-1.php,重复URL
[VGA]东风卫视,https://t.freetv.fun/live/dong-feng-wei-shi.m3u8,重复URL
[VGA]民视,rtmp://119.81.124.89/sat/tv051,无效URL（非 http/https/rtsp 开头）
[VGA]民視 hd,rtmp://9wv7.mine.nu/sat/tv051,无效URL（非 http/https/rtsp 开头）
[BD]民视,https://t.freetv.fun/live/min-shi-6.php,重复URL
[VGA]民視,rtmp://219.80.97.77/sat/tv051,无效URL（非 http/https/rtsp 开头）
[VGA]民视 fhd,https://t.freetv.fun/live/min-shi-fhd.flv,重复URL
[VGA]民視,rtmp://9sv2.mine.nu:1935/sat/tv051,无效URL（非 http/https/rtsp 开头）
[BD]民視,rtmp://9sv2.mine.nu:1935/sat/tv051,无效URL（非 http/https/rtsp 开头）
[BD]民視,rtmp://f13h.mine.nu/sat/tv051,无效URL（非 http/https/rtsp 开头）
[VGA]民视频道,rtmp://220.130.201.73/sat/tv051,无效URL（非 http/https/rtsp 开头）
[SD]民视频道,rtmp://f13h.mine.nu/sat/tv051,无效URL（非 http/https/rtsp 开头）
[BD]民視,https://t.freetv.fun/live/min-shi-2-1.m3u8,重复URL
[HD]民視,rtmp://f13h.mine.nu/sat/tv051,无效URL（非 http/https/rtsp 开头）
[SD]民視,https://t.freetv.fun/live/min-shi-1-2.m3u8,重复URL
[BD]民視,https://t.freetv.fun/live/min-shi-3-2.php,重复URL
[VGA]民視,https://t.freetv.fun/live/min-shi-8.m3u8,重复URL
[BD]民视,https://t.freetv.fun/live/min-shi-6.m3u8,重复URL
[BD]民视,https://t.freetv.fun/live/min-shi-1-1.ts,重复URL
[BD]民视,https://t.freetv.fun/live/min-shi-2-2.m3u8,重复URL
[BD]民视,https://t.freetv.fun/live/min-shi-3-1.m3u8,重复URL
[VGA]民视,https://t.freetv.fun/live/min-shi-4-1.php,重复URL
[BD]民视 *28,https://t.freetv.fun/live/min-shi-28.m3u8,重复URL
[VGA]民视hd,https://t.freetv.fun/live/min-shi-hd-1.m3u8,重复URL
[BD]民视  *a,https://t.freetv.fun/live/min-shi-a.m3u8,重复URL
[VGA]民视影剧,https://t.freetv.fun/live/min-shi-ying-ju-1.php,重复URL
[BD]民视影剧,https://t.freetv.fun/live/min-shi-ying-ju-1.m3u8,重复URL
[VGA]民视影剧台,https://t.freetv.fun/live/min-shi-ying-ju-tai.ts,重复URL
[VGA]民视影剧台,https://t.freetv.fun/live/min-shi-ying-ju-tai-1.ts,重复URL
[BD]民視影劇,https://t.freetv.fun/live/min-shi-ying-ju-2.m3u8,重复URL
[VGA]民視影劇,https://t.freetv.fun/live/min-shi-ying-ju-8.m3u8,重复URL
[VGA]民視影劇,https://t.freetv.fun/live/min-shi-ying-ju-9.m3u8,重复URL
[VGA]民視影劇,https://t.freetv.fun/live/min-shi-ying-ju-10.m3u8,重复URL
[VGA]民視影劇,https://t.freetv.fun/live/min-shi-ying-ju-11.m3u8,重复URL
[VGA]民視影劇,https://t.freetv.fun/live/min-shi-ying-ju-12.m3u8,重复URL
[VGA]民視影劇,https://t.freetv.fun/live/min-shi-ying-ju-13.m3u8,重复URL
[VGA]民視影劇,https://t.freetv.fun/live/min-shi-ying-ju-14.m3u8,重复URL
[VGA]民視影劇,https://t.freetv.fun/live/min-shi-ying-ju-15.m3u8,重复URL
[BD]民視影劇,https://t.freetv.fun/live/min-shi-ying-ju-16.php,重复URL
[VGA]民視新聞,https://t.freetv.fun/live/min-shi-xin-wen-6.m3u8,重复URL
[VGA]民视新闻台,https://t.freetv.fun/live/min-shi-xin-wen-tai-4.m3u8,重复URL
[VGA]民视新闻台,https://t.freetv.fun/live/min-shi-xin-wen-tai-1-2.m3u8,重复URL
[BD]民视新闻 hd,https://t.freetv.fun/live/min-shi-xin-wen-hd-3.m3u8,重复URL
[BD]民视新闻 hd,https://t.freetv.fun/live/min-shi-xin-wen-hd-1.m3u8,重复URL
[BD]民视新闻 hd,https://t.freetv.fun/live/min-shi-xin-wen-hd-2.m3u8,重复URL
[BD]民视新闻台,https://t.freetv.fun/live/min-shi-xin-wen-tai-4.m3u8,重复URL
[BD]民视新闻 hd,https://t.freetv.fun/live/min-shi-xin-wen-hd-3.m3u8,重复URL
[BD]民视新闻台,https://t.freetv.fun/live/min-shi-xin-wen-tai-4.m3u8,重复URL
[BD]民视新闻台,https://t.freetv.fun/live/min-shi-xin-wen-tai-1-2.m3u8,重复URL
[BD]民视新闻,https://t.freetv.fun/live/min-shi-xin-wen-1-2.m3u8,重复URL
[BD]民视新闻,https://t.freetv.fun/live/min-shi-xin-wen-2.m3u8,重复URL
[VGA]民视新闻,https://t.freetv.fun/live/min-shi-xin-wen-5.m3u8,重复URL
[VGA]民视新闻,https://t.freetv.fun/live/min-shi-xin-wen-1-2.m3u8,重复URL
[BD]民视新闻,https://t.freetv.fun/live/min-shi-xin-wen-5.php,重复URL
[BD]民視新聞,https://t.freetv.fun/live/min-shi-xin-wen-6.m3u8,重复URL
[BD]民視新聞,https://t.freetv.fun/live/min-shi-xin-wen-1-3.m3u8,重复URL
[SD]民視新聞,https://t.freetv.fun/live/min-shi-xin-wen-3-1.m3u8,重复URL
[VGA]民視新聞,https://t.freetv.fun/live/min-shi-xin-wen-11.m3u8,重复URL
[VGA]民視新聞,https://t.freetv.fun/live/min-shi-xin-wen-12.m3u8,重复URL
[VGA]民視新聞,https://t.freetv.fun/live/min-shi-xin-wen-13.m3u8,重复URL
[VGA]民視新聞,https://t.freetv.fun/live/min-shi-xin-wen-14.m3u8,重复URL
[VGA]民視新聞,https://t.freetv.fun/live/min-shi-xin-wen-15.m3u8,重复URL
[VGA]民視新聞,https://t.freetv.fun/live/min-shi-xin-wen-16.m3u8,重复URL
[VGA]民視新聞,https://t.freetv.fun/live/min-shi-xin-wen-17.m3u8,重复URL
[VGA]民視新聞,https://t.freetv.fun/live/min-shi-xin-wen-18.m3u8,重复URL
[BD]民視新聞,https://t.freetv.fun/live/min-shi-xin-wen-19.php,重复URL
[BD]民视新闻 *a,https://t.freetv.fun/live/min-shi-xin-wen-a.m3u8,重复URL
[BD]民视新闻,https://t.freetv.fun/live/min-shi-xin-wen-5.m3u8,重复URL
[BD]民视新闻,https://t.freetv.fun/live/min-shi-xin-wen-1-2.ts,重复URL
[VGA]民视新闻台,https://t.freetv.fun/live/min-shi-xin-wen-tai-4.ts,重复URL
[VGA]民视新闻台,https://t.freetv.fun/live/min-shi-xin-wen-tai-1-2.ts,重复URL
[BD]民视旅游,https://t.freetv.fun/live/min-shi-lu-you-1.php,重复URL
[VGA]民视旅游台,https://t.freetv.fun/live/min-shi-lu-you-tai.ts,重复URL
[VGA]民视旅游台,https://t.freetv.fun/live/min-shi-lu-you-tai-1.ts,重复URL
[VGA]民视旅游,https://t.freetv.fun/live/min-shi-lu-you-1.m3u8,重复URL
[BD]民視旅遊,https://t.freetv.fun/live/min-shi-lu-you-2.m3u8,重复URL
[VGA]民視旅遊,https://t.freetv.fun/live/min-shi-lu-you-8.m3u8,重复URL
[VGA]民視旅遊,https://t.freetv.fun/live/min-shi-lu-you-9.m3u8,重复URL
[VGA]民視旅遊,https://t.freetv.fun/live/min-shi-lu-you-10.m3u8,重复URL
[VGA]民視旅遊,https://t.freetv.fun/live/min-shi-lu-you-11.m3u8,重复URL
[VGA]民視旅遊,https://t.freetv.fun/live/min-shi-lu-you-12.m3u8,重复URL
[VGA]民視旅遊,https://t.freetv.fun/live/min-shi-lu-you-13.m3u8,重复URL
[VGA]民視旅遊,https://t.freetv.fun/live/min-shi-lu-you-14.m3u8,重复URL
[VGA]民視旅遊,https://t.freetv.fun/live/min-shi-lu-you-15.m3u8,重复URL
[BD]民視旅遊,https://t.freetv.fun/live/min-shi-lu-you-16.php,重复URL
[VGA]民视第一台,https://t.freetv.fun/live/min-shi-di-yi-tai-2.m3u8,重复URL
[VGA]民视第一台 hd,https://t.freetv.fun/live/min-shi-di-yi-tai-hd.flv,重复URL
[VGA]民视第一台 hd,https://t.freetv.fun/live/min-shi-di-yi-tai-hd-1.flv,重复URL
[VGA]民视第一,https://t.freetv.fun/live/min-shi-di-yi-1.php,重复URL
[HD]民视第一,https://t.freetv.fun/live/min-shi-di-yi-1.m3u8,重复URL
[BD]民视第一台,https://t.freetv.fun/live/min-shi-di-yi-tai-2.m3u8,重复URL
[VGA]民视第一台,https://t.freetv.fun/live/min-shi-di-yi-tai-2.ts,重复URL
[VGA]民视第一台,https://t.freetv.fun/live/min-shi-di-yi-tai-1-1.ts,重复URL
[SD]民视第一 *b,https://t.freetv.fun/live/min-shi-di-yi-b.m3u8,重复URL
[BD]民视第一 *a,https://t.freetv.fun/live/min-shi-di-yi-a.m3u8,重复URL
[VGA]民视第一台 fhd,https://t.freetv.fun/live/min-shi-di-yi-tai-fhd.flv,重复URL
[SD]民視第一,https://t.freetv.fun/live/min-shi-di-yi-2.m3u8,重复URL
[BD]民視第一,https://t.freetv.fun/live/min-shi-di-yi-1-1.m3u8,重复URL
[VGA]民視第一,https://t.freetv.fun/live/min-shi-di-yi-8.m3u8,重复URL
[VGA]民視第一,https://t.freetv.fun/live/min-shi-di-yi-9.m3u8,重复URL
[VGA]民視第一,https://t.freetv.fun/live/min-shi-di-yi-10.m3u8,重复URL
[VGA]民視第一,https://t.freetv.fun/live/min-shi-di-yi-11.m3u8,重复URL
[VGA]民視第一,https://t.freetv.fun/live/min-shi-di-yi-12.m3u8,重复URL
[VGA]民視第一,https://t.freetv.fun/live/min-shi-di-yi-13.m3u8,重复URL
[VGA]民視第一,https://t.freetv.fun/live/min-shi-di-yi-14.m3u8,重复URL
[VGA]民視第一,https://t.freetv.fun/live/min-shi-di-yi-15.m3u8,重复URL
[VGA]民視第一,https://t.freetv.fun/live/min-shi-di-yi-16.m3u8,重复URL
[BD]民視第一,https://t.freetv.fun/live/min-shi-di-yi-17.php,重复URL
[VGA]民视综艺,https://t.freetv.fun/live/min-shi-zong-yi.php,重复URL
[VGA]民视综艺台,https://t.freetv.fun/live/min-shi-zong-yi-tai-1.ts,重复URL
[VGA]民视综艺台,https://t.freetv.fun/live/min-shi-zong-yi-tai-1-1.ts,重复URL
[VGA]民视综艺台,https://t.freetv.fun/live/min-shi-zong-yi-tai-1.m3u8,重复URL
[BD]民視綜藝,https://t.freetv.fun/live/min-shi-zong-yi-1.m3u8,重复URL
[VGA]民視綜藝,https://t.freetv.fun/live/min-shi-zong-yi-8.m3u8,重复URL
[VGA]民視綜藝,https://t.freetv.fun/live/min-shi-zong-yi-9.m3u8,重复URL
[VGA]民視綜藝,https://t.freetv.fun/live/min-shi-zong-yi-10.m3u8,重复URL
[VGA]民視綜藝,https://t.freetv.fun/live/min-shi-zong-yi-11.m3u8,重复URL
[VGA]民視綜藝,https://t.freetv.fun/live/min-shi-zong-yi-12.m3u8,重复URL
[VGA]民視綜藝,https://t.freetv.fun/live/min-shi-zong-yi-13.m3u8,重复URL
[VGA]民視綜藝,https://t.freetv.fun/live/min-shi-zong-yi-14.m3u8,重复URL
[VGA]民視綜藝,https://t.freetv.fun/live/min-shi-zong-yi-15.m3u8,重复URL
[BD]民視綜藝,https://t.freetv.fun/live/min-shi-zong-yi-16.php,重复URL
[VGA]民视台湾台,https://t.freetv.fun/live/min-shi-tai-wan-tai-1.m3u8,重复URL
[VGA]民视台湾台 fhd,https://t.freetv.fun/live/min-shi-tai-wan-tai-fhd.flv,重复URL
[BD]民视台湾,https://t.freetv.fun/live/min-shi-tai-wan-3.m3u8,重复URL
[BD]民視台灣,https://t.freetv.fun/live/min-shi-tai-wan-2.m3u8,重复URL
[VGA]民視台灣,https://t.freetv.fun/live/min-shi-tai-wan-10.m3u8,重复URL
[VGA]民視台灣,https://t.freetv.fun/live/min-shi-tai-wan-11.m3u8,重复URL
[VGA]民視台灣,https://t.freetv.fun/live/min-shi-tai-wan-12.m3u8,重复URL
[VGA]民視台灣,https://t.freetv.fun/live/min-shi-tai-wan-13.m3u8,重复URL
[VGA]民視台灣,https://t.freetv.fun/live/min-shi-tai-wan-14.m3u8,重复URL
[VGA]民視台灣,https://t.freetv.fun/live/min-shi-tai-wan-15.m3u8,重复URL
[VGA]民視台灣,https://t.freetv.fun/live/min-shi-tai-wan-16.m3u8,重复URL
[VGA]民视台湾台,https://t.freetv.fun/live/min-shi-tai-wan-tai-1.ts,重复URL
[VGA]民视台湾台,https://t.freetv.fun/live/min-shi-tai-wan-tai-1-1.ts,重复URL
[SD]民视台湾,https://t.freetv.fun/live/min-shi-tai-wan-3.m3u8,重复URL
[VGA]民视台湾,https://t.freetv.fun/live/min-shi-tai-wan-4.php,重复URL
[BD]民视台湾 *a,https://t.freetv.fun/live/min-shi-tai-wan-a.m3u8,重复URL
[BD]民視台灣,https://t.freetv.fun/live/min-shi-tai-wan-17.php,重复URL
[VGA]民视台湾,https://t.freetv.fun/live/min-shi-tai-wan-3.php,重复URL
[VGA]海豚综合台,https://t.freetv.fun/live/hai-tun-zong-he-tai.m3u8,重复URL
[BD]生命電視台,https://t.freetv.fun/live/sheng-ming-dian-shi-tai-2.m3u8,重复URL
[VGA]生命电视台,https://t.freetv.fun/live/sheng-ming-dian-shi-tai-4.m3u8,重复URL
[BD]生命電視,https://t.freetv.fun/live/sheng-ming-dian-shi.m3u8,重复URL
[VGA]生命电视台,https://t.freetv.fun/live/sheng-ming-dian-shi-tai-4.m3u8,重复URL
[BD]生命电视台,https://t.freetv.fun/live/sheng-ming-dian-shi-tai-4.m3u8,重复URL
[VGA]生命电视台,https://t.freetv.fun/live/sheng-ming-dian-shi-tai-4.ts,重复URL
[VGA]生命电视台,https://t.freetv.fun/live/sheng-ming-dian-shi-tai-1-1.ts,重复URL
[VGA]精選動漫,https://t.freetv.fun/live/jing-xuan-dong-man-5.m3u8,重复URL
[VGA]精選動漫,https://t.freetv.fun/live/jing-xuan-dong-man-6.m3u8,重复URL
[VGA]精選動漫,https://t.freetv.fun/live/jing-xuan-dong-man-7.m3u8,重复URL
[VGA]精选动漫,https://t.freetv.fun/live/jing-xuan-dong-man.m3u8,重复URL
[VGA]經典卡通,https://t.freetv.fun/live/jing-dian-qia-tong-5.m3u8,重复URL
[VGA]經典卡通,https://t.freetv.fun/live/jing-dian-qia-tong-6.m3u8,重复URL
[VGA]經典卡通,https://t.freetv.fun/live/jing-dian-qia-tong-7.m3u8,重复URL
[VGA]经典卡通台,https://t.freetv.fun/live/jing-dian-qia-tong-tai.ts,重复URL
[VGA]经典卡通台,https://t.freetv.fun/live/jing-dian-qia-tong-tai-1.ts,重复URL
[BD]经典电影,https://t.freetv.fun/live/jing-dian-dian-ying-3.smil,重复URL
[VGA]经典电影频道,https://t.freetv.fun/live/jing-dian-dian-ying-pin-dao.flv,重复URL
[HD]经典电影,https://t.freetv.fun/live/jing-dian-dian-ying-3.m3u8,重复URL
[VGA]经典电影,https://t.freetv.fun/live/jing-dian-dian-ying-3.m3u8,重复URL
[VGA]经典电影,https://t.freetv.fun/live/jing-dian-dian-ying-3.m3u8,重复URL
[BD]经典电影,https://t.freetv.fun/live/jing-dian-dian-ying-1-1.m3u8,重复URL
[BD]经典电影,https://t.freetv.fun/live/jing-dian-dian-ying-3-1.m3u8,重复URL
[VGA]经典香港电影,https://t.freetv.fun/live/jing-dian-xiang-gang-dian-ying.m3u8,重复URL
[VGA]经典电影,https://t.freetv.fun/live/jing-dian-dian-ying-2-1.m3u8,重复URL
[SD]经典港片电影,https://t.freetv.fun/live/jing-dian-gang-pian-dian-ying.m3u8,重复URL
[VGA]经典港片电影,https://t.freetv.fun/live/jing-dian-gang-pian-dian-ying-1.m3u8,重复URL
[VGA]经典电影台,https://t.freetv.fun/live/jing-dian-dian-ying-tai.ts,重复URL
[VGA]经典电影台,https://t.freetv.fun/live/jing-dian-dian-ying-tai-1.ts,重复URL
[VGA]经典香港电影,https://t.freetv.fun/live/jing-dian-xiang-gang-dian-ying-1.m3u8,重复URL
[VGA]经典香港电影,https://t.freetv.fun/live/jing-dian-xiang-gang-dian-ying-2.m3u8,重复URL
[VGA]经典香港电影,https://t.freetv.fun/live/jing-dian-xiang-gang-dian-ying-3.m3u8,重复URL
[HD]经典港片电影,https://t.freetv.fun/live/jing-dian-gang-pian-dian-ying-3.m3u8,重复URL
[SD]林正英-经典电影,https://t.freetv.fun/live/lin-zheng-ying-jing-dian-dian-ying.m3u8,重复URL
[VGA]經典電影,https://t.freetv.fun/live/jing-dian-dian-ying-5.m3u8,重复URL
[VGA]經典電影,https://t.freetv.fun/live/jing-dian-dian-ying-6.m3u8,重复URL
[VGA]經典電影,https://t.freetv.fun/live/jing-dian-dian-ying-7.m3u8,重复URL
[VGA]经典电影专区,https://t.freetv.fun/live/jing-dian-dian-ying-zhuan-qu.m3u8,重复URL
[VGA]纬来戏剧,https://t.freetv.fun/live/wei-lai-xi-ju-1.m3u8,重复URL
[VGA]纬来戏剧,https://t.freetv.fun/live/wei-lai-xi-ju-1.php,重复URL
[VGA]纬来戏剧台,https://t.freetv.fun/live/wei-lai-xi-ju-tai.ts,重复URL
[VGA]纬来戏剧h265,https://t.freetv.fun/live/wei-lai-xi-ju-h265.ts,重复URL
[VGA]纬来戏剧台,https://t.freetv.fun/live/wei-lai-xi-ju-tai-1.ts,重复URL
[VGA]纬来戏剧h265,https://t.freetv.fun/live/wei-lai-xi-ju-h265-1.ts,重复URL
[VGA]緯來戲劇 *ee,https://t.freetv.fun/live/wei-lai-xi-ju-ee.php,重复URL
[VGA]緯來日本,rtmp://219.80.97.77/sat/tv771,无效URL（非 http/https/rtsp 开头）
[VGA]緯來日本,rtmp://9sv2.mine.nu:1935/sat/tv771,无效URL（非 http/https/rtsp 开头）
[BD]緯來日本,rtmp://9sv2.mine.nu:1935/sat/tv771,无效URL（非 http/https/rtsp 开头）
[BD]緯來日本,rtmp://f13h.mine.nu/sat/tv771,无效URL（非 http/https/rtsp 开头）
[VGA]緯來日本,rtmp://f13h.mine.nu/sat/tv771,无效URL（非 http/https/rtsp 开头）
[VGA]纬来日本h265,https://t.freetv.fun/live/wei-lai-ri-ben-h265.ts,重复URL
[VGA]纬来日本h265,https://t.freetv.fun/live/wei-lai-ri-ben-h265-1.ts,重复URL
[VGA]緯來日本 *ee,https://t.freetv.fun/live/wei-lai-ri-ben-ee.php,重复URL
[HD]纬来日本,rtmp://f13h.mine.nu/sat/tv771,无效URL（非 http/https/rtsp 开头）
[VGA]緯來日本 hd,rtmp://9wv7.mine.nu/sat/tv771,无效URL（非 http/https/rtsp 开头）
[VGA]纬来日本 fhd,https://t.freetv.fun/live/wei-lai-ri-ben-fhd.flv,重复URL
[HD]纬来日本,rtmp://220.130.201.73/sat/tv771,无效URL（非 http/https/rtsp 开头）
[SD]纬来日本,rtmp://f13h.mine.nu/sat/tv771,无效URL（非 http/https/rtsp 开头）
[VGA]纬来日本,https://t.freetv.fun/live/wei-lai-ri-ben-6.php,重复URL
[VGA]纬来日本台,https://t.freetv.fun/live/wei-lai-ri-ben-tai.ts,重复URL
[VGA]纬来日本台,https://t.freetv.fun/live/wei-lai-ri-ben-tai-1.ts,重复URL
[VGA]纬来精彩,https://t.freetv.fun/live/wei-lai-jing-cai-1-1.m3u8,重复URL
[VGA]纬来精彩,https://t.freetv.fun/live/wei-lai-jing-cai-2.ts,重复URL
[VGA]纬来精彩台,https://t.freetv.fun/live/wei-lai-jing-cai-tai.ts,重复URL
[VGA]纬来精彩台,https://t.freetv.fun/live/wei-lai-jing-cai-tai-1.ts,重复URL
[BD]緯來精采,https://t.freetv.fun/live/wei-lai-jing-cai.m3u8,重复URL
[VGA]纬来综合h265,https://t.freetv.fun/live/wei-lai-zong-he-h265.ts,重复URL
[VGA]纬来综合h265,https://t.freetv.fun/live/wei-lai-zong-he-h265-1.ts,重复URL
[VGA]纬来综合,https://t.freetv.fun/live/wei-lai-zong-he.php,重复URL
[VGA]纬来综合台,https://t.freetv.fun/live/wei-lai-zong-he-tai.ts,重复URL
[VGA]纬来综合台,https://t.freetv.fun/live/wei-lai-zong-he-tai-1.ts,重复URL
[VGA]緯來綜合 *ee,https://t.freetv.fun/live/wei-lai-zong-he-ee.php,重复URL
[VGA]緯來育樂,rtmp://219.80.97.77/sat/tv701,无效URL（非 http/https/rtsp 开头）
[BD]緯來育樂,rtmp://f13h.mine.nu/sat/tv701,无效URL（非 http/https/rtsp 开头）
[HD]緯來育樂,rtmp://f13h.mine.nu/sat/tv701,无效URL（非 http/https/rtsp 开头）
[VGA]纬来育乐h265,https://t.freetv.fun/live/wei-lai-yu-le-h265.ts,重复URL
[VGA]纬来育乐h265,https://t.freetv.fun/live/wei-lai-yu-le-h265-1.ts,重复URL
[VGA]纬来育乐,rtmp://9wv7.mine.nu/sat/tv701,无效URL（非 http/https/rtsp 开头）
[HD]纬来育乐,rtmp://220.130.201.73/sat/tv701,无效URL（非 http/https/rtsp 开头）
[VGA]纬来育乐台,https://t.freetv.fun/live/wei-lai-yu-le-tai.ts,重复URL
[VGA]纬来育乐台,https://t.freetv.fun/live/wei-lai-yu-le-tai-1.ts,重复URL
[VGA]纬来电影 fhd,https://t.freetv.fun/live/wei-lai-dian-ying-fhd.flv,重复URL
[VGA]纬来电影,https://t.freetv.fun/live/wei-lai-dian-ying.php,重复URL
[BD]緯來電影,https://t.freetv.fun/live/wei-lai-dian-ying-1.php,重复URL
[VGA]緯來電影,https://t.freetv.fun/live/wei-lai-dian-ying-1-1.php,重复URL
[VGA]纬来电影,https://t.freetv.fun/live/wei-lai-dian-ying-3.m3u8,重复URL
[VGA]纬来电影台,https://t.freetv.fun/live/wei-lai-dian-ying-tai.ts,重复URL
[VGA]纬来电影h265,https://t.freetv.fun/live/wei-lai-dian-ying-h265.ts,重复URL
[VGA]纬来电影台,https://t.freetv.fun/live/wei-lai-dian-ying-tai-1.ts,重复URL
[VGA]纬来电影h265,https://t.freetv.fun/live/wei-lai-dian-ying-h265-1.ts,重复URL
[BD]纬来电影,https://t.freetv.fun/live/wei-lai-dian-ying-4.m3u8,重复URL
[BD]纬来电影,https://t.freetv.fun/live/wei-lai-dian-ying-5.m3u8,重复URL
[VGA]緯來電影 *ee,https://t.freetv.fun/live/wei-lai-dian-ying-ee.php,重复URL
[VGA]緯來體育hd,rtmp://219.80.97.77/sat/tv721,无效URL（非 http/https/rtsp 开头）
[VGA]纬来体育 fhd,https://t.freetv.fun/live/wei-lai-ti-yu-fhd.flv,重复URL
[VGA]緯來體育,rtmp://9sv2.mine.nu:1935/sat/tv721,无效URL（非 http/https/rtsp 开头）
[BD]緯來體育,rtmp://f13h.mine.nu/sat/tv721,无效URL（非 http/https/rtsp 开头）
[VGA]纬来体育,rtmp://220.130.201.73/sat/tv721,无效URL（非 http/https/rtsp 开头）
[SD]纬来体育,rtmp://f13h.mine.nu/sat/tv721,无效URL（非 http/https/rtsp 开头）
[VGA]纬来体育,https://t.freetv.fun/live/wei-lai-ti-yu-3.php,重复URL
[HD]纬来体育,rtmp://f13h.mine.nu:1935/sat/tv721,无效URL（非 http/https/rtsp 开头）
[HD]纬来体育,rtmp://f13h.mine.nu/sat/tv721,无效URL（非 http/https/rtsp 开头）
[VGA]緯來體育,rtmp://f13h.mine.nu:1935/sat/tv721,无效URL（非 http/https/rtsp 开头）
[VGA]纬来体育台h265,https://t.freetv.fun/live/wei-lai-ti-yu-tai-h265.ts,重复URL
[VGA]纬来体育台,https://t.freetv.fun/live/wei-lai-ti-yu-tai.ts,重复URL
[VGA]纬来体育台,https://t.freetv.fun/live/wei-lai-ti-yu-tai-1.ts,重复URL
[VGA]纬来体育台h265,https://t.freetv.fun/live/wei-lai-ti-yu-tai-h265-1.ts,重复URL
[VGA]緯來體育 *ee,https://t.freetv.fun/live/wei-lai-ti-yu-ee.php,重复URL
[HD]美亚电影,https://t.freetv.fun/live/mei-ya-dian-ying-1.m3u8,重复URL
[BD]美亞電影,https://t.freetv.fun/live/mei-ya-dian-ying-2.m3u8,重复URL
[SD]美亞電影,https://t.freetv.fun/live/mei-ya-dian-ying-1-1.m3u8,重复URL
[VGA]美亚电影粤,https://t.freetv.fun/live/mei-ya-dian-ying-yue-1.ts,重复URL
[VGA]美亚电影国,https://t.freetv.fun/live/mei-ya-dian-ying-guo-1.ts,重复URL
[VGA]美亚电影台湾台,https://t.freetv.fun/live/mei-ya-dian-ying-tai-wan-tai.ts,重复URL
[VGA]美亚电影台湾台,https://t.freetv.fun/live/mei-ya-dian-ying-tai-wan-tai-1.ts,重复URL
[VGA]美亚电影 *28,https://t.freetv.fun/live/mei-ya-dian-ying-28.php,重复URL
[BD]美亞電影,https://t.freetv.fun/live/mei-ya-dian-ying-2-1.m3u8,重复URL
[VGA]美食星球,https://t.freetv.fun/live/mei-shi-xing-qiu.php,重复URL
[VGA]美食星球,https://t.freetv.fun/live/mei-shi-xing-qiu-1.ts,重复URL
[VGA]台灣戲劇,https://t.freetv.fun/live/tai-wan-xi-ju-8.m3u8,重复URL
[VGA]台灣戲劇,https://t.freetv.fun/live/tai-wan-xi-ju-9.m3u8,重复URL
[VGA]台灣戲劇,https://t.freetv.fun/live/tai-wan-xi-ju-10.m3u8,重复URL
[VGA]台灣戲劇,https://t.freetv.fun/live/tai-wan-xi-ju-11.m3u8,重复URL
[VGA]台灣戲劇,https://t.freetv.fun/live/tai-wan-xi-ju-12.m3u8,重复URL
[VGA]台灣戲劇,https://t.freetv.fun/live/tai-wan-xi-ju-13.m3u8,重复URL
[VGA]台灣戲劇,https://t.freetv.fun/live/tai-wan-xi-ju-14.m3u8,重复URL
[VGA]台灣戲劇,https://t.freetv.fun/live/tai-wan-xi-ju-15.m3u8,重复URL
[VGA]台湾戏剧台,https://t.freetv.fun/live/tai-wan-xi-ju-tai.ts,重复URL
[VGA]台湾戏剧台,https://t.freetv.fun/live/tai-wan-xi-ju-tai-1.ts,重复URL
[VGA]臺視hd,rtmp://219.80.97.77/sat/tv071,无效URL（非 http/https/rtsp 开头）
[VGA]ahuei-TTV台視,https://t.freetv.fun/live/ahuei-ttvtai-shi.m3u8,重复URL
[VGA]台視sd360,https://t.freetv.fun/live/tai-shi-sd360.m3u8,重复URL
[VGA]台視hd720,https://t.freetv.fun/live/tai-shi-hd720.m3u8,重复URL
[VGA]台視,https://t.freetv.fun/live/tai-shi-9.m3u8,重复URL
[VGA]台視,https://t.freetv.fun/live/tai-shi-10.m3u8,重复URL
[VGA]台視,https://t.freetv.fun/live/tai-shi-11.m3u8,重复URL
[VGA]台視,https://t.freetv.fun/live/tai-shi-12.m3u8,重复URL
[VGA]台視,https://t.freetv.fun/live/tai-shi-13.m3u8,重复URL
[VGA]台視,https://t.freetv.fun/live/tai-shi-14.m3u8,重复URL
[VGA]台視,https://t.freetv.fun/live/tai-shi-15.m3u8,重复URL
[VGA]台視,https://t.freetv.fun/live/tai-shi-16.m3u8,重复URL
[VGA]台视国际台,https://t.freetv.fun/live/tai-shi-guo-ji-tai.m3u8,重复URL
[BD]台视新闻 hd,https://t.freetv.fun/live/tai-shi-xin-wen-hd-2.m3u8,重复URL
[BD]台视新闻 hd,https://t.freetv.fun/live/tai-shi-xin-wen-hd-1.m3u8,重复URL
[BD]台视新闻 hd,https://t.freetv.fun/live/tai-shi-xin-wen-hd-2.m3u8,重复URL
[BD]台视新聞,https://t.freetv.fun/live/tai-shi-xin-wen-5.m3u8,重复URL
[BD]台視新聞,https://t.freetv.fun/live/tai-shi-xin-wen-7.m3u8,重复URL
[BD]台視新聞,https://t.freetv.fun/live/tai-shi-xin-wen-1-3.m3u8,重复URL
[BD]台視新聞,https://t.freetv.fun/live/tai-shi-xin-wen-2-1.m3u8,重复URL
[VGA]台視新聞,https://t.freetv.fun/live/tai-shi-xin-wen-11.m3u8,重复URL
[VGA]台視新聞,https://t.freetv.fun/live/tai-shi-xin-wen-12.m3u8,重复URL
[VGA]台視新聞,https://t.freetv.fun/live/tai-shi-xin-wen-13.m3u8,重复URL
[VGA]台視新聞,https://t.freetv.fun/live/tai-shi-xin-wen-14.m3u8,重复URL
[VGA]台視新聞,https://t.freetv.fun/live/tai-shi-xin-wen-15.m3u8,重复URL
[VGA]台視新聞,https://t.freetv.fun/live/tai-shi-xin-wen-16.m3u8,重复URL
[VGA]台視新聞,https://t.freetv.fun/live/tai-shi-xin-wen-17.m3u8,重复URL
[VGA]台視新聞,https://t.freetv.fun/live/tai-shi-xin-wen-18.m3u8,重复URL
[BD]台视综合,https://t.freetv.fun/live/tai-shi-zong-he.m3u8,重复URL
[VGA]台视综合台,https://t.freetv.fun/live/tai-shi-zong-he-tai.ts,重复URL
[VGA]台视综合台,https://t.freetv.fun/live/tai-shi-zong-he-tai-1.ts,重复URL
[BD]台视综合 *a,https://t.freetv.fun/live/tai-shi-zong-he-a.m3u8,重复URL
[BD]台視综合,https://t.freetv.fun/live/tai-shi-zong-he-1.php,重复URL
[VGA]台視綜合,https://t.freetv.fun/live/tai-shi-zong-he-2.m3u8,重复URL
[VGA]臺視綜合,https://t.freetv.fun/live/tai-shi-zong-he-3.php,重复URL
[BD]台视财经 *a,https://t.freetv.fun/live/tai-shi-cai-jing-a.m3u8,重复URL
[BD]台视财经,https://t.freetv.fun/live/tai-shi-cai-jing.m3u8,重复URL
[VGA]台視財經,https://t.freetv.fun/live/tai-shi-cai-jing-3.m3u8,重复URL
[VGA]台視財經,https://t.freetv.fun/live/tai-shi-cai-jing-4.m3u8,重复URL
[VGA]台視財經,https://t.freetv.fun/live/tai-shi-cai-jing-5.m3u8,重复URL
[VGA]台視財經,https://t.freetv.fun/live/tai-shi-cai-jing-6.m3u8,重复URL
[VGA]台視財經,https://t.freetv.fun/live/tai-shi-cai-jing-7.m3u8,重复URL
[VGA]台视财经台,https://t.freetv.fun/live/tai-shi-cai-jing-tai.ts,重复URL
[VGA]台视财经台,https://t.freetv.fun/live/tai-shi-cai-jing-tai-1.ts,重复URL
[VGA]华藏卫视 fhd,https://t.freetv.fun/live/hua-cang-wei-shi-fhd.flv,重复URL
[VGA]华藏卫视,https://t.freetv.fun/live/hua-cang-wei-shi.ts,重复URL
[VGA]华藏卫视,https://t.freetv.fun/live/hua-cang-wei-shi-1.ts,重复URL
[VGA]华视,https://t.freetv.fun/live/hua-shi-5.m3u8,重复URL
[HD]华视,rtmp://f13h.mine.nu/sat/tv111,无效URL（非 http/https/rtsp 开头）
[VGA]华视 fhd,https://t.freetv.fun/live/hua-shi-fhd.flv,重复URL
[BD]华视,rtmp://f13h.mine.nu/sat/tv111,无效URL（非 http/https/rtsp 开头）
[VGA]华视频道,https://t.freetv.fun/live/hua-shi-pin-dao.m3u8,重复URL
[BD]华视,https://t.freetv.fun/live/hua-shi-5.php,重复URL
[VGA]華視,rtmp://9sv2.mine.nu:1935/sat/tv111,无效URL（非 http/https/rtsp 开头）
[BD]華視,rtmp://9sv2.mine.nu:1935/sat/tv111,无效URL（非 http/https/rtsp 开头）
[VGA]華視hd,rtmp://219.80.97.77/sat/tv111,无效URL（非 http/https/rtsp 开头）
[BD]華視,https://t.freetv.fun/live/hua-shi-3-1.php,重复URL
[VGA]華視,https://t.freetv.fun/live/hua-shi-7.ts,重复URL
[BD]華視,https://t.freetv.fun/live/hua-shi-7.m3u8,重复URL
[BD]華視,https://t.freetv.fun/live/hua-shi-17.m3u8,重复URL
[VGA]華視,https://t.freetv.fun/live/hua-shi-18.m3u8,重复URL
[VGA]華視,https://t.freetv.fun/live/hua-shi-19.m3u8,重复URL
[VGA]華視,https://t.freetv.fun/live/hua-shi-20.m3u8,重复URL
[VGA]華視,https://t.freetv.fun/live/hua-shi-21.m3u8,重复URL
[VGA]華視,https://t.freetv.fun/live/hua-shi-22.m3u8,重复URL
[VGA]華視,https://t.freetv.fun/live/hua-shi-23.m3u8,重复URL
[VGA]華視,https://t.freetv.fun/live/hua-shi-24.m3u8,重复URL
[VGA]華視,https://t.freetv.fun/live/hua-shi-25.m3u8,重复URL
[VGA]華視,https://t.freetv.fun/live/hua-shi-26.m3u8,重复URL
[VGA]華視,https://t.freetv.fun/live/hua-shi-27.m3u8,重复URL
[BD]华视,https://t.freetv.fun/live/hua-shi-1-1.m3u8,重复URL
[BD]华视,https://t.freetv.fun/live/hua-shi-2-1.ts,重复URL
[BD]华视,https://t.freetv.fun/live/hua-shi-3-2.m3u8,重复URL
[BD]华视 *28,https://t.freetv.fun/live/hua-shi-28.m3u8,重复URL
[BD]华视 *a,https://t.freetv.fun/live/hua-shi-a.m3u8,重复URL
[BD]华视教育体育文化,https://t.freetv.fun/live/hua-shi-jiao-yu-ti-yu-wen-hua.m3u8,重复URL
[VGA]華視教育體育文化,https://t.freetv.fun/live/hua-shi-jiao-yu-ti-yu-wen-hua-1.m3u8,重复URL
[VGA]华视新闻台,https://t.freetv.fun/live/hua-shi-xin-wen-tai.m3u8,重复URL
[BD]華視新聞,https://t.freetv.fun/live/hua-shi-xin-wen.m3u8,重复URL
[VGA]華視新聞,https://t.freetv.fun/live/hua-shi-xin-wen-5.m3u8,重复URL
[VGA]華視新聞,https://t.freetv.fun/live/hua-shi-xin-wen-6.m3u8,重复URL
[VGA]華視新聞,https://t.freetv.fun/live/hua-shi-xin-wen-7.m3u8,重复URL
[VGA]華視新聞,https://t.freetv.fun/live/hua-shi-xin-wen-8.m3u8,重复URL
[VGA]华视新闻信息台,https://t.freetv.fun/live/hua-shi-xin-wen-xin-xi-tai.ts,重复URL
[VGA]华视新闻信息台,https://t.freetv.fun/live/hua-shi-xin-wen-xin-xi-tai-1.ts,重复URL
[BD]華視新聞,https://t.freetv.fun/live/hua-shi-xin-wen-9.php,重复URL
[VGA]华视新闻资讯,https://t.freetv.fun/live/hua-shi-xin-wen-zi-xun-1.m3u8,重复URL
[VGA]华视新闻资讯 hd,https://t.freetv.fun/live/hua-shi-xin-wen-zi-xun-hd.flv,重复URL
[BD]华视新闻资讯,https://t.freetv.fun/live/hua-shi-xin-wen-zi-xun-1.m3u8,重复URL
[VGA]華視新聞資訊,https://t.freetv.fun/live/hua-shi-xin-wen-zi-xun-2.m3u8,重复URL
[VGA]华视美洲频道,https://t.freetv.fun/live/hua-shi-mei-zhou-pin-dao.m3u8,重复URL
[VGA]华语剧台 hd,https://t.freetv.fun/live/hua-yu-ju-tai-hd.flv,重复URL
[VGA]华语剧,https://t.freetv.fun/live/hua-yu-ju.flv,重复URL
[VGA]視納華仁紀實,https://t.freetv.fun/live/shi-na-hua-ren-ji-shi-8.m3u8,重复URL
[VGA]視納華仁紀實,https://t.freetv.fun/live/shi-na-hua-ren-ji-shi-9.m3u8,重复URL
[VGA]視納華仁紀實,https://t.freetv.fun/live/shi-na-hua-ren-ji-shi-10.m3u8,重复URL
[VGA]視納華仁紀實,https://t.freetv.fun/live/shi-na-hua-ren-ji-shi-11.m3u8,重复URL
[VGA]視納華仁紀實,https://t.freetv.fun/live/shi-na-hua-ren-ji-shi-12.m3u8,重复URL
[VGA]視納華仁紀實,https://t.freetv.fun/live/shi-na-hua-ren-ji-shi-13.m3u8,重复URL
[VGA]視納華仁紀實,https://t.freetv.fun/live/shi-na-hua-ren-ji-shi-14.m3u8,重复URL
[VGA]視納華仁紀實,https://t.freetv.fun/live/shi-na-hua-ren-ji-shi-15.m3u8,重复URL
[VGA]視納華仁紀實,https://t.freetv.fun/live/shi-na-hua-ren-ji-shi-16.m3u8,重复URL
[BD]視納華仁紀實,https://t.freetv.fun/live/shi-na-hua-ren-ji-shi-17.php,重复URL
[VGA]诚心电视台,https://t.freetv.fun/live/cheng-xin-dian-shi-tai.ts,重复URL
[VGA]诚心电视台,https://t.freetv.fun/live/cheng-xin-dian-shi-tai-1.ts,重复URL
[BD]豬哥亮歌廳秀,https://t.freetv.fun/live/zhu-ge-liang-ge-ting-xiu.m3u8,重复URL
[VGA]豬哥亮歌廳秀,https://t.freetv.fun/live/zhu-ge-liang-ge-ting-xiu-8.m3u8,重复URL
[VGA]豬哥亮歌廳秀,https://t.freetv.fun/live/zhu-ge-liang-ge-ting-xiu-9.m3u8,重复URL
[VGA]豬哥亮歌廳秀,https://t.freetv.fun/live/zhu-ge-liang-ge-ting-xiu-10.m3u8,重复URL
[VGA]豬哥亮歌廳秀,https://t.freetv.fun/live/zhu-ge-liang-ge-ting-xiu-11.m3u8,重复URL
[VGA]豬哥亮歌廳秀,https://t.freetv.fun/live/zhu-ge-liang-ge-ting-xiu-12.m3u8,重复URL
[VGA]豬哥亮歌廳秀,https://t.freetv.fun/live/zhu-ge-liang-ge-ting-xiu-13.m3u8,重复URL
[VGA]豬哥亮歌廳秀,https://t.freetv.fun/live/zhu-ge-liang-ge-ting-xiu-14.m3u8,重复URL
[VGA]豬哥亮歌廳秀,https://t.freetv.fun/live/zhu-ge-liang-ge-ting-xiu-15.m3u8,重复URL
[BD]豬哥亮歌廳秀,https://t.freetv.fun/live/zhu-ge-liang-ge-ting-xiu-16.php,重复URL
[VGA]运通财经台,https://t.freetv.fun/live/yun-tong-cai-jing-tai.m3u8,重复URL
[VGA]達文西,https://t.freetv.fun/live/da-wen-xi-8.m3u8,重复URL
[VGA]達文西,https://t.freetv.fun/live/da-wen-xi-9.m3u8,重复URL
[VGA]達文西,https://t.freetv.fun/live/da-wen-xi-10.m3u8,重复URL
[VGA]達文西,https://t.freetv.fun/live/da-wen-xi-11.m3u8,重复URL
[VGA]達文西,https://t.freetv.fun/live/da-wen-xi-12.m3u8,重复URL
[VGA]達文西,https://t.freetv.fun/live/da-wen-xi-13.m3u8,重复URL
[VGA]達文西,https://t.freetv.fun/live/da-wen-xi-14.m3u8,重复URL
[VGA]達文西,https://t.freetv.fun/live/da-wen-xi-15.m3u8,重复URL
[BD]達文西,https://t.freetv.fun/live/da-wen-xi-16.php,重复URL
[BD]采昌,https://t.freetv.fun/live/cai-chang-1.m3u8,重复URL
[BD]采昌影剧,https://t.freetv.fun/live/cai-chang-ying-ju.m3u8,重复URL
[BD]采昌影劇,https://t.freetv.fun/live/cai-chang-ying-ju-1.m3u8,重复URL
[VGA]采昌影劇,https://t.freetv.fun/live/cai-chang-ying-ju-8.m3u8,重复URL
[VGA]采昌影劇,https://t.freetv.fun/live/cai-chang-ying-ju-9.m3u8,重复URL
[VGA]采昌影劇,https://t.freetv.fun/live/cai-chang-ying-ju-10.m3u8,重复URL
[VGA]采昌影劇,https://t.freetv.fun/live/cai-chang-ying-ju-11.m3u8,重复URL
[VGA]采昌影劇,https://t.freetv.fun/live/cai-chang-ying-ju-12.m3u8,重复URL
[VGA]采昌影劇,https://t.freetv.fun/live/cai-chang-ying-ju-13.m3u8,重复URL
[VGA]采昌影劇,https://t.freetv.fun/live/cai-chang-ying-ju-14.m3u8,重复URL
[VGA]采昌影劇,https://t.freetv.fun/live/cai-chang-ying-ju-15.m3u8,重复URL
[BD]采昌影劇,https://t.freetv.fun/live/cai-chang-ying-ju-16.php,重复URL
[VGA]金光布袋戲,https://t.freetv.fun/live/jin-guang-bu-dai-xi.php,重复URL
[VGA]金光布袋戲,https://t.freetv.fun/live/jin-guang-bu-dai-xi-5.m3u8,重复URL
[VGA]金光布袋戲,https://t.freetv.fun/live/jin-guang-bu-dai-xi-6.m3u8,重复URL
[VGA]金光布袋戲,https://t.freetv.fun/live/jin-guang-bu-dai-xi-7.m3u8,重复URL
[VGA]金光布袋戏,https://t.freetv.fun/live/jin-guang-bu-dai-xi-1.m3u8,重复URL
[VGA]金光布袋戏,https://t.freetv.fun/live/jin-guang-bu-dai-xi-1-1.m3u8,重复URL
[BD]金光布袋戏,https://t.freetv.fun/live/jin-guang-bu-dai-xi-2.m3u8,重复URL
[BD]金光布袋戲,https://t.freetv.fun/live/jin-guang-bu-dai-xi-8.m3u8,重复URL
[VGA]镜新闻,https://t.freetv.fun/live/jing-xin-wen-1.m3u8,重复URL
[VGA]镜新闻 fhd,https://t.freetv.fun/live/jing-xin-wen-fhd.flv,重复URL
[VGA]镜新闻台,https://t.freetv.fun/live/jing-xin-wen-tai.m3u8,重复URL
[BD]鏡電視新聞,https://t.freetv.fun/live/jing-dian-shi-xin-wen.m3u8,重复URL
[BD]新闻,https://t.freetv.fun/live/xin-wen.m3u8,重复URL
[BD]镜新闻,https://t.freetv.fun/live/jing-xin-wen-1.m3u8,重复URL
[VGA]镜新闻,https://t.freetv.fun/live/jing-xin-wen-1-1.m3u8,重复URL
[VGA]镜新闻,https://t.freetv.fun/live/jing-xin-wen-2.php,重复URL
[VGA]霹雳台湾台,https://t.freetv.fun/live/pi-li-tai-wan-tai.ts,重复URL
[VGA]霹雳台湾台,https://t.freetv.fun/live/pi-li-tai-wan-tai-1.ts,重复URL
[VGA]靖天卡通台 hd,https://t.freetv.fun/live/jing-tian-qia-tong-tai-hd.flv,重复URL
[SD]靖天卡通,https://t.freetv.fun/live/jing-tian-qia-tong-1.m3u8,重复URL
[VGA]靖天卡通,https://t.freetv.fun/live/jing-tian-qia-tong-9.m3u8,重复URL
[VGA]靖天卡通,https://t.freetv.fun/live/jing-tian-qia-tong-10.m3u8,重复URL
[VGA]靖天卡通,https://t.freetv.fun/live/jing-tian-qia-tong-11.m3u8,重复URL
[VGA]靖天卡通,https://t.freetv.fun/live/jing-tian-qia-tong-12.m3u8,重复URL
[VGA]靖天卡通,https://t.freetv.fun/live/jing-tian-qia-tong-13.m3u8,重复URL
[VGA]靖天卡通,https://t.freetv.fun/live/jing-tian-qia-tong-14.m3u8,重复URL
[VGA]靖天卡通,https://t.freetv.fun/live/jing-tian-qia-tong-15.m3u8,重复URL
[VGA]靖天卡通,https://t.freetv.fun/live/jing-tian-qia-tong-16.m3u8,重复URL
[VGA]靖天卡通,https://t.freetv.fun/live/jing-tian-qia-tong-17.m3u8,重复URL
[VGA]靖天卡通台,https://t.freetv.fun/live/jing-tian-qia-tong-tai.ts,重复URL
[VGA]靖天卡通台,https://t.freetv.fun/live/jing-tian-qia-tong-tai-1.ts,重复URL
[BD]靖天卡通,https://t.freetv.fun/live/jing-tian-qia-tong-18.php,重复URL
[VGA]靖天国际台 hd,https://t.freetv.fun/live/jing-tian-guo-ji-tai-hd.flv,重复URL
[VGA]靖天國際,https://t.freetv.fun/live/jing-tian-guo-ji-9.m3u8,重复URL
[VGA]靖天國際,https://t.freetv.fun/live/jing-tian-guo-ji-10.m3u8,重复URL
[VGA]靖天國際,https://t.freetv.fun/live/jing-tian-guo-ji-11.m3u8,重复URL
[VGA]靖天國際,https://t.freetv.fun/live/jing-tian-guo-ji-12.m3u8,重复URL
[VGA]靖天國際,https://t.freetv.fun/live/jing-tian-guo-ji-13.m3u8,重复URL
[VGA]靖天國際,https://t.freetv.fun/live/jing-tian-guo-ji-14.m3u8,重复URL
[VGA]靖天國際,https://t.freetv.fun/live/jing-tian-guo-ji-15.m3u8,重复URL
[BD]靖天國際,https://t.freetv.fun/live/jing-tian-guo-ji-16.php,重复URL
[VGA]靖天戏剧,https://t.freetv.fun/live/jing-tian-xi-ju-1.php,重复URL
[BD]靖天戏剧,https://t.freetv.fun/live/jing-tian-xi-ju-1.m3u8,重复URL
[BD]靖天戲劇,https://t.freetv.fun/live/jing-tian-xi-ju-2.m3u8,重复URL
[VGA]靖天戲劇,https://t.freetv.fun/live/jing-tian-xi-ju-8.m3u8,重复URL
[VGA]靖天戲劇,https://t.freetv.fun/live/jing-tian-xi-ju-9.m3u8,重复URL
[VGA]靖天戲劇,https://t.freetv.fun/live/jing-tian-xi-ju-10.m3u8,重复URL
[VGA]靖天戲劇,https://t.freetv.fun/live/jing-tian-xi-ju-11.m3u8,重复URL
[VGA]靖天戲劇,https://t.freetv.fun/live/jing-tian-xi-ju-12.m3u8,重复URL
[VGA]靖天戲劇,https://t.freetv.fun/live/jing-tian-xi-ju-13.m3u8,重复URL
[VGA]靖天戲劇,https://t.freetv.fun/live/jing-tian-xi-ju-14.m3u8,重复URL
[VGA]靖天戲劇,https://t.freetv.fun/live/jing-tian-xi-ju-15.m3u8,重复URL
[VGA]靖天戏剧台,https://t.freetv.fun/live/jing-tian-xi-ju-tai.ts,重复URL
[VGA]靖天戏剧台,https://t.freetv.fun/live/jing-tian-xi-ju-tai-1.ts,重复URL
[BD]靖天戲劇,https://t.freetv.fun/live/jing-tian-xi-ju-16.php,重复URL
[BD]靖天日本,https://t.freetv.fun/live/jing-tian-ri-ben.php,重复URL
[SD]靖天日本,https://t.freetv.fun/live/jing-tian-ri-ben-1.m3u8,重复URL
[VGA]靖天日本,https://t.freetv.fun/live/jing-tian-ri-ben-9.m3u8,重复URL
[VGA]靖天日本,https://t.freetv.fun/live/jing-tian-ri-ben-10.m3u8,重复URL
[VGA]靖天日本,https://t.freetv.fun/live/jing-tian-ri-ben-11.m3u8,重复URL
[VGA]靖天日本,https://t.freetv.fun/live/jing-tian-ri-ben-12.m3u8,重复URL
[VGA]靖天日本,https://t.freetv.fun/live/jing-tian-ri-ben-13.m3u8,重复URL
[VGA]靖天日本,https://t.freetv.fun/live/jing-tian-ri-ben-14.m3u8,重复URL
[VGA]靖天日本,https://t.freetv.fun/live/jing-tian-ri-ben-15.m3u8,重复URL
[VGA]靖天日本台,https://t.freetv.fun/live/jing-tian-ri-ben-tai.ts,重复URL
[VGA]靖天日本台,https://t.freetv.fun/live/jing-tian-ri-ben-tai-1.ts,重复URL
[BD]靖天日本,https://t.freetv.fun/live/jing-tian-ri-ben-16.php,重复URL
[BD]靖天映画,https://t.freetv.fun/live/jing-tian-ying-hua.m3u8,重复URL
[BD]靖天映畫,https://t.freetv.fun/live/jing-tian-ying-hua-1.m3u8,重复URL
[VGA]靖天映畫,https://t.freetv.fun/live/jing-tian-ying-hua-8.m3u8,重复URL
[VGA]靖天映畫,https://t.freetv.fun/live/jing-tian-ying-hua-9.m3u8,重复URL
[VGA]靖天映畫,https://t.freetv.fun/live/jing-tian-ying-hua-10.m3u8,重复URL
[VGA]靖天映畫,https://t.freetv.fun/live/jing-tian-ying-hua-11.m3u8,重复URL
[VGA]靖天映畫,https://t.freetv.fun/live/jing-tian-ying-hua-12.m3u8,重复URL
[VGA]靖天映畫,https://t.freetv.fun/live/jing-tian-ying-hua-13.m3u8,重复URL
[VGA]靖天映畫,https://t.freetv.fun/live/jing-tian-ying-hua-14.m3u8,重复URL
[VGA]靖天映畫,https://t.freetv.fun/live/jing-tian-ying-hua-15.m3u8,重复URL
[VGA]靖天映画台,https://t.freetv.fun/live/jing-tian-ying-hua-tai.ts,重复URL
[VGA]靖天映画台,https://t.freetv.fun/live/jing-tian-ying-hua-tai-1.ts,重复URL
[BD]靖天映畫,https://t.freetv.fun/live/jing-tian-ying-hua-16.php,重复URL
[VGA]靖天歡樂,https://t.freetv.fun/live/jing-tian-huan-le-9.m3u8,重复URL
[VGA]靖天歡樂,https://t.freetv.fun/live/jing-tian-huan-le-10.m3u8,重复URL
[VGA]靖天歡樂,https://t.freetv.fun/live/jing-tian-huan-le-11.m3u8,重复URL
[VGA]靖天歡樂,https://t.freetv.fun/live/jing-tian-huan-le-12.m3u8,重复URL
[VGA]靖天歡樂,https://t.freetv.fun/live/jing-tian-huan-le-13.m3u8,重复URL
[VGA]靖天歡樂,https://t.freetv.fun/live/jing-tian-huan-le-14.m3u8,重复URL
[VGA]靖天歡樂,https://t.freetv.fun/live/jing-tian-huan-le-15.m3u8,重复URL
[VGA]靖天欢乐台,https://t.freetv.fun/live/jing-tian-huan-le-tai.ts,重复URL
[VGA]靖天欢乐台,https://t.freetv.fun/live/jing-tian-huan-le-tai-1.ts,重复URL
[BD]靖天歡樂,https://t.freetv.fun/live/jing-tian-huan-le-16.php,重复URL
[VGA]靖天綜合,https://t.freetv.fun/live/jing-tian-zong-he-5.m3u8,重复URL
[VGA]靖天綜合,https://t.freetv.fun/live/jing-tian-zong-he-6.m3u8,重复URL
[VGA]靖天綜合,https://t.freetv.fun/live/jing-tian-zong-he-7.m3u8,重复URL
[VGA]靖天综合台,https://t.freetv.fun/live/jing-tian-zong-he-tai.ts,重复URL
[VGA]靖天综合台,https://t.freetv.fun/live/jing-tian-zong-he-tai-1.ts,重复URL
[BD]靖天綜合,https://t.freetv.fun/live/jing-tian-zong-he-8.php,重复URL
[VGA]靖天育樂,https://t.freetv.fun/live/jing-tian-yu-le-9.m3u8,重复URL
[VGA]靖天育樂,https://t.freetv.fun/live/jing-tian-yu-le-10.m3u8,重复URL
[VGA]靖天育樂,https://t.freetv.fun/live/jing-tian-yu-le-11.m3u8,重复URL
[VGA]靖天育樂,https://t.freetv.fun/live/jing-tian-yu-le-12.m3u8,重复URL
[VGA]靖天育樂,https://t.freetv.fun/live/jing-tian-yu-le-13.m3u8,重复URL
[VGA]靖天育樂,https://t.freetv.fun/live/jing-tian-yu-le-14.m3u8,重复URL
[VGA]靖天育樂,https://t.freetv.fun/live/jing-tian-yu-le-15.m3u8,重复URL
[VGA]靖天育乐台,https://t.freetv.fun/live/jing-tian-yu-le-tai.ts,重复URL
[VGA]靖天育乐台,https://t.freetv.fun/live/jing-tian-yu-le-tai-1.ts,重复URL
[BD]靖天育樂,https://t.freetv.fun/live/jing-tian-yu-le-16.php,重复URL
[VGA]靖天資訊,https://t.freetv.fun/live/jing-tian-zi-xun-9.m3u8,重复URL
[VGA]靖天資訊,https://t.freetv.fun/live/jing-tian-zi-xun-10.m3u8,重复URL
[VGA]靖天資訊,https://t.freetv.fun/live/jing-tian-zi-xun-11.m3u8,重复URL
[VGA]靖天資訊,https://t.freetv.fun/live/jing-tian-zi-xun-12.m3u8,重复URL
[VGA]靖天資訊,https://t.freetv.fun/live/jing-tian-zi-xun-13.m3u8,重复URL
[VGA]靖天資訊,https://t.freetv.fun/live/jing-tian-zi-xun-14.m3u8,重复URL
[VGA]靖天資訊,https://t.freetv.fun/live/jing-tian-zi-xun-15.m3u8,重复URL
[VGA]靖天资讯台,https://t.freetv.fun/live/jing-tian-zi-xun-tai.ts,重复URL
[VGA]靖天资讯台,https://t.freetv.fun/live/jing-tian-zi-xun-tai-1.ts,重复URL
[BD]靖天資訊,https://t.freetv.fun/live/jing-tian-zi-xun-16.php,重复URL
[VGA]靖天电影,https://t.freetv.fun/live/jing-tian-dian-ying-1.php,重复URL
[BD]靖天电影,https://t.freetv.fun/live/jing-tian-dian-ying-1.m3u8,重复URL
[BD]靖天電影,https://t.freetv.fun/live/jing-tian-dian-ying-2.m3u8,重复URL
[VGA]靖天電影,https://t.freetv.fun/live/jing-tian-dian-ying-8.m3u8,重复URL
[VGA]靖天電影,https://t.freetv.fun/live/jing-tian-dian-ying-9.m3u8,重复URL
[VGA]靖天電影,https://t.freetv.fun/live/jing-tian-dian-ying-10.m3u8,重复URL
[VGA]靖天電影,https://t.freetv.fun/live/jing-tian-dian-ying-11.m3u8,重复URL
[VGA]靖天電影,https://t.freetv.fun/live/jing-tian-dian-ying-12.m3u8,重复URL
[VGA]靖天電影,https://t.freetv.fun/live/jing-tian-dian-ying-13.m3u8,重复URL
[VGA]靖天電影,https://t.freetv.fun/live/jing-tian-dian-ying-14.m3u8,重复URL
[VGA]靖天電影,https://t.freetv.fun/live/jing-tian-dian-ying-15.m3u8,重复URL
[VGA]靖天电影台,https://t.freetv.fun/live/jing-tian-dian-ying-tai.ts,重复URL
[VGA]靖天电影台,https://t.freetv.fun/live/jing-tian-dian-ying-tai-1.ts,重复URL
[BD]靖天電影,https://t.freetv.fun/live/jing-tian-dian-ying-16.php,重复URL
[VGA]靖洋卡通,https://t.freetv.fun/live/jing-yang-qia-tong-8.m3u8,重复URL
[VGA]靖洋卡通,https://t.freetv.fun/live/jing-yang-qia-tong-9.m3u8,重复URL
[VGA]靖洋卡通,https://t.freetv.fun/live/jing-yang-qia-tong-10.m3u8,重复URL
[VGA]靖洋卡通,https://t.freetv.fun/live/jing-yang-qia-tong-11.m3u8,重复URL
[VGA]靖洋卡通,https://t.freetv.fun/live/jing-yang-qia-tong-12.m3u8,重复URL
[VGA]靖洋卡通,https://t.freetv.fun/live/jing-yang-qia-tong-13.m3u8,重复URL
[VGA]靖洋卡通,https://t.freetv.fun/live/jing-yang-qia-tong-14.m3u8,重复URL
[VGA]靖洋卡通,https://t.freetv.fun/live/jing-yang-qia-tong-15.m3u8,重复URL
[BD]靖洋卡通,https://t.freetv.fun/live/jing-yang-qia-tong-16.php,重复URL
[BD]靖洋戏剧,https://t.freetv.fun/live/jing-yang-xi-ju.m3u8,重复URL
[BD]靖洋戲劇,https://t.freetv.fun/live/jing-yang-xi-ju-1.m3u8,重复URL
[VGA]靖洋戲劇,https://t.freetv.fun/live/jing-yang-xi-ju-8.m3u8,重复URL
[VGA]靖洋戲劇,https://t.freetv.fun/live/jing-yang-xi-ju-9.m3u8,重复URL
[VGA]靖洋戲劇,https://t.freetv.fun/live/jing-yang-xi-ju-10.m3u8,重复URL
[VGA]靖洋戲劇,https://t.freetv.fun/live/jing-yang-xi-ju-11.m3u8,重复URL
[VGA]靖洋戲劇,https://t.freetv.fun/live/jing-yang-xi-ju-12.m3u8,重复URL
[VGA]靖洋戲劇,https://t.freetv.fun/live/jing-yang-xi-ju-13.m3u8,重复URL
[VGA]靖洋戲劇,https://t.freetv.fun/live/jing-yang-xi-ju-14.m3u8,重复URL
[VGA]靖洋戲劇,https://t.freetv.fun/live/jing-yang-xi-ju-15.m3u8,重复URL
[VGA]靖洋戏剧台,https://t.freetv.fun/live/jing-yang-xi-ju-tai.ts,重复URL
[VGA]靖洋戏剧台,https://t.freetv.fun/live/jing-yang-xi-ju-tai-1.ts,重复URL
[BD]靖洋戲劇,https://t.freetv.fun/live/jing-yang-xi-ju-16.php,重复URL
[VGA]非凡商业台,https://t.freetv.fun/live/fei-fan-shang-ye-tai-2.php,重复URL
[VGA]非凡商业台,https://t.freetv.fun/live/fei-fan-shang-ye-tai-2.php,重复URL
[SD]非凡商業,https://t.freetv.fun/live/fei-fan-shang-ye-1.m3u8,重复URL
[VGA]非凡商業,https://t.freetv.fun/live/fei-fan-shang-ye-5.m3u8,重复URL
[VGA]非凡商業,https://t.freetv.fun/live/fei-fan-shang-ye-6.m3u8,重复URL
[VGA]非凡商業,https://t.freetv.fun/live/fei-fan-shang-ye-7.m3u8,重复URL
[VGA]非凡商業,https://t.freetv.fun/live/fei-fan-shang-ye-8.m3u8,重复URL
[VGA]非凡商业台,https://t.freetv.fun/live/fei-fan-shang-ye-tai-2.ts,重复URL
[VGA]非凡商业台,https://t.freetv.fun/live/fei-fan-shang-ye-tai-1-1.ts,重复URL
[HD]非凡新聞,rtmp://f13h.mine.nu/sat/tv581,无效URL（非 http/https/rtsp 开头）
[BD]非凡新聞,https://t.freetv.fun/live/fei-fan-xin-wen.php,重复URL
[SD]非凡新聞,https://t.freetv.fun/live/fei-fan-xin-wen-2.m3u8,重复URL
[VGA]非凡新聞,https://t.freetv.fun/live/fei-fan-xin-wen-6.m3u8,重复URL
[VGA]非凡新聞,https://t.freetv.fun/live/fei-fan-xin-wen-7.m3u8,重复URL
[VGA]非凡新聞,https://t.freetv.fun/live/fei-fan-xin-wen-8.m3u8,重复URL
[VGA]非凡新闻台,https://t.freetv.fun/live/fei-fan-xin-wen-tai-1.ts,重复URL
[VGA]非凡新闻台,https://t.freetv.fun/live/fei-fan-xin-wen-tai-1-1.ts,重复URL
[VGA]高点综合,https://t.freetv.fun/live/gao-dian-zong-he-1.php,重复URL
[VGA]高点综合,https://t.freetv.fun/live/gao-dian-zong-he-1.php,重复URL
[VGA]高点综合台,https://t.freetv.fun/live/gao-dian-zong-he-tai.ts,重复URL
[VGA]高点综合台,https://t.freetv.fun/live/gao-dian-zong-he-tai-1.ts,重复URL
[VGA]龙祥电影,https://t.freetv.fun/live/long-xiang-dian-ying.php,重复URL
[VGA]龙华偶像 hd,https://t.freetv.fun/live/long-hua-ou-xiang-hd.flv,重复URL
[VGA]龍華偶像,https://t.freetv.fun/live/long-hua-ou-xiang-7.m3u8,重复URL
[VGA]龍華偶像,https://t.freetv.fun/live/long-hua-ou-xiang-8.m3u8,重复URL
[VGA]龍華偶像,https://t.freetv.fun/live/long-hua-ou-xiang-9.m3u8,重复URL
[VGA]龍華偶像,https://t.freetv.fun/live/long-hua-ou-xiang-10.m3u8,重复URL
[VGA]龍華偶像,https://t.freetv.fun/live/long-hua-ou-xiang-11.m3u8,重复URL
[VGA]龍華偶像,https://t.freetv.fun/live/long-hua-ou-xiang-12.m3u8,重复URL
[VGA]龍華偶像,https://t.freetv.fun/live/long-hua-ou-xiang-13.m3u8,重复URL
[VGA]龍華偶像,https://t.freetv.fun/live/long-hua-ou-xiang-14.m3u8,重复URL
[VGA]龙华偶像台,https://t.freetv.fun/live/long-hua-ou-xiang-tai.ts,重复URL
[VGA]龙华偶像台,https://t.freetv.fun/live/long-hua-ou-xiang-tai-1.ts,重复URL
[VGA]龙华偶像 *b,https://t.freetv.fun/live/long-hua-ou-xiang-b.m3u8,重复URL
[BD]龍華卡通,https://t.freetv.fun/live/long-hua-qia-tong.m3u8,重复URL
[SD]龍華卡通,https://t.freetv.fun/live/long-hua-qia-tong-1.m3u8,重复URL
[VGA]龍華卡通,https://t.freetv.fun/live/long-hua-qia-tong-10.m3u8,重复URL
[VGA]龍華卡通,https://t.freetv.fun/live/long-hua-qia-tong-11.m3u8,重复URL
[VGA]龍華卡通,https://t.freetv.fun/live/long-hua-qia-tong-12.m3u8,重复URL
[VGA]龍華卡通,https://t.freetv.fun/live/long-hua-qia-tong-13.m3u8,重复URL
[VGA]龍華卡通,https://t.freetv.fun/live/long-hua-qia-tong-14.m3u8,重复URL
[VGA]龍華卡通,https://t.freetv.fun/live/long-hua-qia-tong-15.m3u8,重复URL
[VGA]龙华卡通台,https://t.freetv.fun/live/long-hua-qia-tong-tai.ts,重复URL
[VGA]龙华卡通台,https://t.freetv.fun/live/long-hua-qia-tong-tai-1.ts,重复URL
[BD]龍華戲劇,https://t.freetv.fun/live/long-hua-xi-ju.m3u8,重复URL
[SD]龍華戲劇,https://t.freetv.fun/live/long-hua-xi-ju-1.m3u8,重复URL
[VGA]龍華戲劇,https://t.freetv.fun/live/long-hua-xi-ju-10.m3u8,重复URL
[VGA]龍華戲劇,https://t.freetv.fun/live/long-hua-xi-ju-11.m3u8,重复URL
[VGA]龍華戲劇,https://t.freetv.fun/live/long-hua-xi-ju-12.m3u8,重复URL
[VGA]龍華戲劇,https://t.freetv.fun/live/long-hua-xi-ju-13.m3u8,重复URL
[VGA]龍華戲劇,https://t.freetv.fun/live/long-hua-xi-ju-14.m3u8,重复URL
[VGA]龍華戲劇,https://t.freetv.fun/live/long-hua-xi-ju-15.m3u8,重复URL
[VGA]龍華戲劇,https://t.freetv.fun/live/long-hua-xi-ju-16.m3u8,重复URL
[VGA]龍華戲劇,https://t.freetv.fun/live/long-hua-xi-ju-17.m3u8,重复URL
[VGA]龙华戏剧台,https://t.freetv.fun/live/long-hua-xi-ju-tai.ts,重复URL
[VGA]龙华戏剧台,https://t.freetv.fun/live/long-hua-xi-ju-tai-1.ts,重复URL
[SD]龍華日韓,https://t.freetv.fun/live/long-hua-ri-han-1.m3u8,重复URL
[VGA]龍華日韓,https://t.freetv.fun/live/long-hua-ri-han-8.m3u8,重复URL
[VGA]龍華日韓,https://t.freetv.fun/live/long-hua-ri-han-9.m3u8,重复URL
[VGA]龍華日韓,https://t.freetv.fun/live/long-hua-ri-han-10.m3u8,重复URL
[VGA]龍華日韓,https://t.freetv.fun/live/long-hua-ri-han-11.m3u8,重复URL
[VGA]龍華日韓,https://t.freetv.fun/live/long-hua-ri-han-12.m3u8,重复URL
[VGA]龍華日韓,https://t.freetv.fun/live/long-hua-ri-han-13.m3u8,重复URL
[VGA]龍華日韓,https://t.freetv.fun/live/long-hua-ri-han-14.m3u8,重复URL
[VGA]龍華日韓,https://t.freetv.fun/live/long-hua-ri-han-15.m3u8,重复URL
[VGA]龙华日韩台,https://t.freetv.fun/live/long-hua-ri-han-tai.ts,重复URL
[VGA]龙华日韩台,https://t.freetv.fun/live/long-hua-ri-han-tai-1.ts,重复URL
[BD]龙华日韩 *b,https://t.freetv.fun/live/long-hua-ri-han-b.m3u8,重复URL
[VGA]龙华洋片 hd,https://t.freetv.fun/live/long-hua-yang-pian-hd.flv,重复URL
[VGA]龙华洋片台,https://t.freetv.fun/live/long-hua-yang-pian-tai.ts,重复URL
[VGA]龙华洋片台,https://t.freetv.fun/live/long-hua-yang-pian-tai-1.ts,重复URL
[VGA]龍龍華洋片,https://t.freetv.fun/live/long-long-hua-yang-pian.m3u8,重复URL
[BD]龍華洋片,https://t.freetv.fun/live/long-hua-yang-pian.m3u8,重复URL
[VGA]龍華洋片,https://t.freetv.fun/live/long-hua-yang-pian-8.m3u8,重复URL
[VGA]龍華洋片,https://t.freetv.fun/live/long-hua-yang-pian-9.m3u8,重复URL
[VGA]龍華洋片,https://t.freetv.fun/live/long-hua-yang-pian-10.m3u8,重复URL
[VGA]龍華洋片,https://t.freetv.fun/live/long-hua-yang-pian-11.m3u8,重复URL
[VGA]龍華洋片,https://t.freetv.fun/live/long-hua-yang-pian-12.m3u8,重复URL
[VGA]龍華洋片,https://t.freetv.fun/live/long-hua-yang-pian-13.m3u8,重复URL
[VGA]龍華洋片,https://t.freetv.fun/live/long-hua-yang-pian-14.m3u8,重复URL
[VGA]龍華洋片,https://t.freetv.fun/live/long-hua-yang-pian-15.m3u8,重复URL
[BD]龍華經典,https://t.freetv.fun/live/long-hua-jing-dian.m3u8,重复URL
[VGA]龍華經典,https://t.freetv.fun/live/long-hua-jing-dian-8.m3u8,重复URL
[VGA]龍華經典,https://t.freetv.fun/live/long-hua-jing-dian-9.m3u8,重复URL
[VGA]龍華經典,https://t.freetv.fun/live/long-hua-jing-dian-10.m3u8,重复URL
[VGA]龍華經典,https://t.freetv.fun/live/long-hua-jing-dian-11.m3u8,重复URL
[VGA]龍華經典,https://t.freetv.fun/live/long-hua-jing-dian-12.m3u8,重复URL
[VGA]龍華經典,https://t.freetv.fun/live/long-hua-jing-dian-13.m3u8,重复URL
[VGA]龍華經典,https://t.freetv.fun/live/long-hua-jing-dian-14.m3u8,重复URL
[VGA]龍華經典,https://t.freetv.fun/live/long-hua-jing-dian-15.m3u8,重复URL
[VGA]龙华经典台,https://t.freetv.fun/live/long-hua-jing-dian-tai.ts,重复URL
[VGA]龙华经典台,https://t.freetv.fun/live/long-hua-jing-dian-tai-1.ts,重复URL
[BD]龙华经典 *b,https://t.freetv.fun/live/long-hua-jing-dian-b.m3u8,重复URL
[VGA]龙华电影,https://t.freetv.fun/live/long-hua-dian-ying.php,重复URL
[BD]龍華電影,https://t.freetv.fun/live/long-hua-dian-ying-1.m3u8,重复URL
[VGA]龍華電影,https://t.freetv.fun/live/long-hua-dian-ying-10.m3u8,重复URL
[VGA]龍華電影,https://t.freetv.fun/live/long-hua-dian-ying-11.m3u8,重复URL
[VGA]龍華電影,https://t.freetv.fun/live/long-hua-dian-ying-12.m3u8,重复URL
[VGA]龍華電影,https://t.freetv.fun/live/long-hua-dian-ying-13.m3u8,重复URL
[VGA]龍華電影,https://t.freetv.fun/live/long-hua-dian-ying-14.m3u8,重复URL
[VGA]龍華電影,https://t.freetv.fun/live/long-hua-dian-ying-15.m3u8,重复URL
[VGA]龙华电影台,https://t.freetv.fun/live/long-hua-dian-ying-tai.ts,重复URL
[VGA]龙华电影台,https://t.freetv.fun/live/long-hua-dian-ying-tai-1.ts,重复URL
[BD]龙华电影 *b,https://t.freetv.fun/live/long-hua-dian-ying-b.m3u8,重复URL
CCTV1,https://t.freetv.fun/live/cctv1-1-2.m3u8,重复URL
CCTV1,https://t.freetv.fun/live/cctv1-3-1.m3u8,重复URL
CCTV1,https://t.freetv.fun/live/cctv1-30.m3u8,重复URL
CCTV1,https://t.freetv.fun/live/cctv1-12.m3u8,重复URL
CCTV1,https://t.freetv.fun/live/cctv1-24.m3u8,重复URL
CCTV1,https://t.freetv.fun/live/cctv1-4-1.m3u8,重复URL
CCTV1,https://t.freetv.fun/live/cctv1-10.m3u8,重复URL
CCTV1,https://t.freetv.fun/live/cctv-1.m3u8,重复URL
CCTV1,https://t.freetv.fun/live/cctv1-28.m3u8,重复URL
CCTV2,https://t.freetv.fun/live/cctv2-7.m3u8,重复URL
CCTV2,https://t.freetv.fun/live/cctv2-5.m3u8,重复URL
CCTV2,https://t.freetv.fun/live/cctv2-1-3.m3u8,重复URL
CCTV2,https://t.freetv.fun/live/cctv2-9.m3u8,重复URL
CCTV3,https://t.freetv.fun/live/cctv3hd-1.m3u8,重复URL
CCTV3,https://t.freetv.fun/live/cctv3-7.m3u8,重复URL
CCTV3,https://t.freetv.fun/live/cctv3-mcp.m3u8,重复URL
CCTV3,https://t.freetv.fun/live/cctv3-9.m3u8,重复URL
CCTV3,https://t.freetv.fun/live/cctv3hd-1-1.m3u8,重复URL
CCTV4,https://t.freetv.fun/live/cctv4-8.m3u8,重复URL
CCTV4,https://t.freetv.fun/live/cctv4-7.m3u8,重复URL
CCTV4,https://t.freetv.fun/live/cctv4-1-2.m3u8,重复URL
CCTV4,https://t.freetv.fun/live/cctv4k-6.m3u8,重复URL
CCTV5,https://t.freetv.fun/live/cctv-5-2.m3u8,重复URL
CCTV5,https://t.freetv.fun/live/cctv5-12.m3u8,重复URL
CCTV5,https://t.freetv.fun/live/cctv5-1920-1080-2.m3u8,重复URL
CCTV5,https://t.freetv.fun/live/cctv5-1-2.m3u8,重复URL
CCTV5,https://t.freetv.fun/live/cctv-5-6.m3u8,重复URL
CCTV5,https://t.freetv.fun/live/cn-cctv-5.m3u8,重复URL
CCTV5,https://t.freetv.fun/live/cctv5-8.m3u8,重复URL
CCTV5,https://t.freetv.fun/live/cctv5-1920-1080-4.m3u8,重复URL
CCTV5,https://t.freetv.fun/live/cctv-5hd2.m3u8,重复URL
CCTV5+,https://t.freetv.fun/live/cctv5-plus-8.m3u8,重复URL
CCTV5+,https://t.freetv.fun/live/cctv5-11.m3u8,重复URL
CCTV5+,https://t.freetv.fun/live/cctv5-1920-1080-5-1.m3u8,重复URL
CCTV5+,https://t.freetv.fun/live/cctv5-plus-4.m3u8,重复URL
CCTV5+,https://t.freetv.fun/live/cctv5-1920-1080-4-1.m3u8,重复URL
CCTV5+,https://t.freetv.fun/live/cctv-5-ti-yu-sai-shi-2.m3u8,重复URL
CCTV5+,https://t.freetv.fun/live/cctv5-plus-2.m3u8,重复URL
CCTV5+,https://t.freetv.fun/live/cctv5-plus-6.m3u8,重复URL
CCTV5+,https://t.freetv.fun/live/cctv5-1920-1080-2-1.m3u8,重复URL
CCTV5+,https://t.freetv.fun/live/cctv5-1920-1080-1-1.m3u8,重复URL
CCTV5+,https://t.freetv.fun/live/cctv-5-3.m3u8,重复URL
CCTV5+,https://t.freetv.fun/live/cctv5-1920-1080-3-1.m3u8,重复URL
CCTV5+,https://t.freetv.fun/live/cctv5-1920-1080-6.m3u8,重复URL
CCTV5+,https://t.freetv.fun/live/cctv5-1920-1080-6-1.m3u8,重复URL
CCTV5+,https://t.freetv.fun/live/cctv-5-hd2.m3u8,重复URL
CCTV5+,http://192.151.150.154/live/cctv5p.m3u8,重复URL
CCTV5+,http://74.91.26.218:82/live/cctv5p.m3u8,重复URL
CCTV6,https://t.freetv.fun/live/cctv6-5.m3u8,重复URL
CCTV6,https://t.freetv.fun/live/cctv6-4.m3u8,重复URL
CCTV6,https://t.freetv.fun/live/cctv6-dian-ying-2.m3u8,重复URL
CCTV6,https://t.freetv.fun/live/cctv6-3-1.m3u8,重复URL
CCTV6,https://t.freetv.fun/live/cctv6-1-2.m3u8,重复URL
CCTV6,https://t.freetv.fun/live/cctv-6hd-1.m3u8,重复URL
CCTV6,https://t.freetv.fun/live/cctv6-dian-ying-5.m3u8,重复URL
CCTV6,https://t.freetv.fun/live/cctv-6hd-4.m3u8,重复URL
CCTV6,https://t.freetv.fun/live/cctv-6hd-1-1.m3u8,重复URL
CCTV6,https://t.freetv.fun/live/cctv6-gao-qing-1.m3u8,重复URL
CCTV7,https://t.freetv.fun/live/cctv7-6.m3u8,重复URL
CCTV7,https://t.freetv.fun/live/cctv7-1920-1080-1.m3u8,重复URL
CCTV7,https://t.freetv.fun/live/cctv7-2.m3u8,重复URL
CCTV7,https://t.freetv.fun/live/cctv7-1-2.m3u8,重复URL
CCTV7,https://t.freetv.fun/live/cctv7-jun-nong-1.m3u8,重复URL
CCTV7,https://t.freetv.fun/live/cctv7-1920-1080.m3u8,重复URL
CCTV7,https://t.freetv.fun/live/cctv7-1920-1080-4.m3u8,重复URL
CCTV7,https://t.freetv.fun/live/cctv7-gao-qing.m3u8,重复URL
CCTV8,https://t.freetv.fun/live/cctv8-1-3.m3u8,重复URL
CCTV8,https://t.freetv.fun/live/cctv8-8.m3u8,重复URL
CCTV8,https://t.freetv.fun/live/cctv8-14.m3u8,重复URL
CCTV8,https://t.freetv.fun/live/cctv8-dian-shi-ju-4.m3u8,重复URL
CCTV8,https://t.freetv.fun/live/cctv8-34.m3u8,重复URL
CCTV9,https://t.freetv.fun/live/cctv9-8.m3u8,重复URL
CCTV9,https://t.freetv.fun/live/cctv9-2-1.m3u8,重复URL
CCTV9,https://t.freetv.fun/live/cctv9-1-3.m3u8,重复URL
CCTV9,https://t.freetv.fun/live/cctv9-mcp.m3u8,重复URL
CCTV10,https://t.freetv.fun/live/cctv10-1-3.m3u8,重复URL
CCTV10,https://t.freetv.fun/live/cctv10-7.m3u8,重复URL
CCTV10,https://t.freetv.fun/live/cctv10-28.m3u8,重复URL
CCTV11,https://t.freetv.fun/live/cctv11-xi-qu.m3u8,重复URL
CCTV11,https://t.freetv.fun/live/cctv-11-3.m3u8,重复URL
CCTV11,https://t.freetv.fun/live/cctv11-3.m3u8,重复URL
CCTV11,https://t.freetv.fun/live/cctv11-9.m3u8,重复URL
CCTV11,https://t.freetv.fun/live/cctv11-5.m3u8,重复URL
CCTV11,https://t.freetv.fun/live/cctv11-2.m3u8,重复URL
CCTV12,https://t.freetv.fun/live/cctv-12-3.m3u8,重复URL
CCTV12,https://t.freetv.fun/live/cctv-12gao-qing-1.m3u8,重复URL
CCTV12,https://t.freetv.fun/live/cctv12-17.m3u8,重复URL
CCTV12,https://t.freetv.fun/live/cctv12-7.m3u8,重复URL
CCTV12,https://t.freetv.fun/live/cctv12-2.m3u8,重复URL
CCTV13,http://ottrrs.hl.chinamobile.com/PLTV/88888888/224/3221226537/index.m3u8,重复URL
CCTV13,https://t.freetv.fun/live/cctv13-1-2.m3u8,重复URL
CCTV13,https://t.freetv.fun/live/cctv-13-4.m3u8,重复URL
CCTV13,https://t.freetv.fun/live/cctv-13xin-wen-1-1.m3u8,重复URL
CCTV14,https://t.freetv.fun/live/cctv-14shao-er-2.m3u8,重复URL
CCTV14,https://t.freetv.fun/live/cctv14hd-1.m3u8,重复URL
CCTV14,https://t.freetv.fun/live/cctv14-1-3.m3u8,重复URL
CCTV14,https://t.freetv.fun/live/cctv-14-4.m3u8,重复URL
CCTV14,https://t.freetv.fun/live/cctv-14shao-er-10.m3u8,重复URL
CCTV15,https://t.freetv.fun/live/cctv15-23.m3u8,重复URL
CCTV15,https://t.freetv.fun/live/cctv15hd-1.m3u8,重复URL
CCTV16,https://t.freetv.fun/live/cctv16-8.m3u8,重复URL
CCTV16,https://t.freetv.fun/live/cctv16-1-2.m3u8,重复URL
CCTV16,https://t.freetv.fun/live/cctv16-4.m3u8,重复URL
CCTV16,https://t.freetv.fun/live/cctv16-10.m3u8,重复URL
CCTV16,https://t.freetv.fun/live/cctv16-2-3.m3u8,重复URL
CCTV16,https://t.freetv.fun/live/cctv-16hd-2.m3u8,重复URL
CCTV16,https://t.freetv.fun/live/cctv-16hd-3.m3u8,重复URL
CCTV16,https://t.freetv.fun/live/cctv16hd.m3u8,重复URL
CCTV16,https://t.freetv.fun/live/cctv-16hd-1-1.m3u8,重复URL
CCTV16,https://t.freetv.fun/live/cctv16-ao-lin-pi-ke-gao-qing-1.m3u8,重复URL
CCTV16,https://t.freetv.fun/live/cctv16-5.m3u8,重复URL
CCTV16,https://t.freetv.fun/live/cctv16-mcp.m3u8,重复URL
CCTV17,https://t.freetv.fun/live/cctv17-5.m3u8,重复URL
CCTV17,https://t.freetv.fun/live/cctv-17hd-1-1.m3u8,重复URL
CCTV17,https://t.freetv.fun/live/cctv-17-4.m3u8,重复URL
CCTV17,https://t.freetv.fun/live/cctv17-1-2.m3u8,重复URL
CCTV17,https://t.freetv.fun/live/cctv-17-2.m3u8,重复URL
CCTV17,https://t.freetv.fun/live/cctv17-3.m3u8,重复URL
CCTV17,https://t.freetv.fun/live/cctv17-15.m3u8,重复URL
CCTV17,https://t.freetv.fun/live/cctv17hd.m3u8,重复URL
CCTV17,https://t.freetv.fun/live/cctv-17hd-2.m3u8,重复URL
风云剧场,http://38.75.136.137:98/gslb/dsdqpub/fyjc.m3u8?auth=testpub,重复URL
兵器科技,http://38.75.136.137:98/gslb/dsdqpub/gfjs.m3u8?auth=testpub,重复URL
第一剧场,https://t.freetv.fun/live/cctv-di-yi-ju-chang-1-1.m3u8,重复URL
第一剧场,https://t.freetv.fun/live/cctv-di-yi-ju-chang-4.m3u8,重复URL
第一剧场,https://t.freetv.fun/live/cctv-di-yi-ju-chang-2.m3u8,重复URL
第一剧场,https://t.freetv.fun/live/cctvdi-yi-ju-chang-2-1.m3u8,重复URL
第一剧场,https://t.freetv.fun/live/cctvdi-yi-ju-chang-4.m3u8,重复URL
第一剧场,https://t.freetv.fun/live/cctvdi-yi-ju-chang-1-1.m3u8,重复URL
第一剧场,https://t.freetv.fun/live/cctv-di-yi-ju-chang-3.m3u8,重复URL
第一剧场,https://t.freetv.fun/live/cctv-di-yi-ju-chang-2-1.m3u8,重复URL
第一剧场,https://t.freetv.fun/live/cctvdi-yi-ju-chang-5.m3u8,重复URL
第一剧场,http://38.75.136.137:98/gslb/dsdqpub/dyjc.m3u8?auth=testpub,重复URL
第一剧场,https://epg.pw/stream/6d7bf281e3d739806a73f5373acaa6e01988ec9739f5ac1355ce54b47a928472.m3u8,重复URL
央视台球,https://t.freetv.fun/live/yang-shi-tai-qiu-7.m3u8,重复URL
央视台球,http://38.75.136.137:98/gslb/dsdqpub/ystq.m3u8?auth=testpub,重复URL
央视台球,https://epg.pw/stream/ca9c1cd4b97fb824cedd7fedfd0c7a950afdd7f00751cfbb7c2d89831d7746a5.m3u8,重复URL
央视台球,https://epg.pw/stream/25677ac2e8c1f7c3dd6359c43eb5f0f54efb3f5c11f9dda18d01b3e0308ed017.m3u8,重复URL
风云足球,https://t.freetv.fun/live/cctvfeng-yun-zu-qiu-1.m3u8,重复URL
风云足球,https://t.freetv.fun/live/cctvfeng-yun-zu-qiu-2.m3u8,重复URL
风云足球,https://t.freetv.fun/live/cctv-feng-yun-zu-qiu-1-1.m3u8,重复URL
风云足球,https://t.freetv.fun/live/cctv-feng-yun-zu-qiu-2-1.m3u8,重复URL
风云足球,https://t.freetv.fun/live/cctv-feng-yun-zu-qiu-5.m3u8,重复URL
风云足球,https://t.freetv.fun/live/cctv-feng-yun-zu-qiu-2.m3u8,重复URL
风云足球,https://t.freetv.fun/live/cctvfeng-yun-zu-qiu-8.m3u8,重复URL
风云足球,https://t.freetv.fun/live/cctv-feng-yun-zu-qiu-3.m3u8,重复URL
风云足球,https://t.freetv.fun/live/cctv-feng-yun-zu-qiu-4.m3u8,重复URL
风云足球,https://t.freetv.fun/live/cctvfeng-yun-zu-qiu-7.m3u8,重复URL
风云足球,http://38.75.136.137:98/gslb/dsdqpub/fyzq.m3u8?auth=testpub,重复URL
风云足球,https://epg.pw/stream/ac8062ec9484078061d3bef507c15a423ac57ae4144e3fcc4b0a198dd420f911.m3u8,重复URL
高尔夫网球,http://38.75.136.137:98/gslb/dsdqpub/gefwq.m3u8?auth=testpub,重复URL
世界地理,http://38.75.136.137:98/gslb/dsdqpub/sjdl.m3u8?auth=testpub,重复URL
风云音乐,https://t.freetv.fun/live/cctv-feng-yun-yin-le-3.m3u8,重复URL
风云音乐,https://t.freetv.fun/live/cctv-feng-yun-yin-le-4.m3u8,重复URL
风云音乐,https://t.freetv.fun/live/cctv-feng-yun-yin-le.m3u8,重复URL
风云音乐,https://t.freetv.fun/live/cctv-feng-yun-yin-le-1.m3u8,重复URL
风云音乐,https://t.freetv.fun/live/cctv-feng-yun-yin-le-2.m3u8,重复URL
风云音乐,http://38.75.136.137:98/gslb/dsdqpub/fyyy.m3u8?auth=testpub,重复URL
女性时尚,https://t.freetv.fun/live/nu-xing-shi-shang-8-1.m3u8,重复URL
女性时尚,https://t.freetv.fun/live/nu-xing-shi-shang-7-1.m3u8,重复URL
女性时尚,http://38.75.136.137:98/gslb/dsdqpub/nxss.m3u8?auth=testpub,重复URL
怀旧剧场,http://38.75.136.137:98/gslb/dsdqpub/hjjc.m3u8?auth=testpub,重复URL
央视文化精品,http://38.75.136.137:98/gslb/dsdqpub/ysjp.m3u8?auth=testpub,重复URL
电视指南,http://38.75.136.137:98/gslb/dsdqpub/dszn.m3u8?auth=testpub,重复URL
CCTV4K,http://198.204.240.250:82/live/cctv4k.m3u8,重复URL
CCTV4K,https://t.freetv.fun/live/cctv-4kgao-qing.m3u8,重复URL
CCTV4K,https://t.freetv.fun/live/cctv-4k-1.m3u8,重复URL
CCTV8K,http://198.204.240.250:82/live/cctv8k.m3u8,重复URL
CCTV8K,https://t.freetv.fun/live/xiang-gang-wei-shi-5.m3u8,重复URL
CCTV8K,https://t.freetv.fun/live/cctv-4kgao-qing-21.m3u8,重复URL
CCTV8K,https://t.freetv.fun/live/cctv-4kgao-qing-22.m3u8,重复URL
CCTV8K,https://t.freetv.fun/live/cctv-8hd-1.m3u8,重复URL
CCTV8K,https://t.freetv.fun/live/xiang-gang-wei-shi-1-2.m3u8,重复URL
CCTV8K,https://t.freetv.fun/live/cctv-4kgao-qing-16.m3u8,重复URL
CCTV8K,https://t.freetv.fun/live/cctv-4kgao-qing-18.m3u8,重复URL
CCTV8K,https://t.freetv.fun/live/cctv-4kgao-qing-19.m3u8,重复URL
CCTV8K,https://t.freetv.fun/live/cctv-4kgao-qing-15.m3u8,重复URL
CCTV8K,https://t.freetv.fun/live/cctv-8-5.m3u8,重复URL
CCTV8K,https://t.freetv.fun/live/cctv-8k.m3u8,重复URL
CCTV8K,https://t.freetv.fun/live/cctv-8-1-1.m3u8,重复URL
CCTV8K,https://t.freetv.fun/live/cctv-4kgao-qing-24.m3u8,重复URL
CETV1,https://t.freetv.fun/live/cetv1-4.m3u8,重复URL
CETV1,https://t.freetv.fun/live/cetv1gao-qing.m3u8,重复URL
CETV1,https://t.freetv.fun/live/cetv1-1.m3u8,重复URL
CETV1,https://t.freetv.fun/live/cetv1-gao-qing-1.m3u8,重复URL
CETV1,https://t.freetv.fun/live/cetv1-gao-qing.m3u8,重复URL
CETV1,https://t.freetv.fun/live/cetv1-8.m3u8,重复URL
CETV1,https://t.freetv.fun/live/cetv-1-1.m3u8,重复URL
CETV1,https://iptv.catvod.com/live.php?id=CETV1&line=1,重复URL
CETV1,https://iptv.catvod.com/live.php?id=CETV1,重复URL
CETV1,http://120.76.248.139/live/bfgd/4200000135.m3u8,重复URL
CETV2,https://iptv.catvod.com/live.php?id=CETV2&line=1,重复URL
CETV2,https://iptv.catvod.com/live.php?id=CETV2,重复URL
湖南卫视,https://t.freetv.fun/live/hu-nan-wei-shi-32.m3u8,重复URL
湖南卫视,https://t.freetv.fun/live/hu-nan-wei-shi-2-2.m3u8,重复URL
湖南卫视,https://t.freetv.fun/live/hu-nan-wei-shi-7-2.m3u8,重复URL
湖南卫视,https://t.freetv.fun/live/hu-nan-wei-shi-18.m3u8,重复URL
湖南卫视,https://t.freetv.fun/live/hu-nan-wei-shi-4-3.m3u8,重复URL
湖南卫视,https://t.freetv.fun/live/hu-nan-wei-shi-3-3.m3u8,重复URL
湖南卫视,https://t.freetv.fun/live/hu-nan-wei-shi-9-1.m3u8,重复URL
湖南卫视,https://t.freetv.fun/live/hu-nan-wei-shi-18-1.m3u8,重复URL
湖南卫视,https://t.freetv.fun/live/hu-nan-wei-shi-1920-1080-6.m3u8,重复URL
湖南卫视,https://t.freetv.fun/live/hu-nan-wei-shi-5-3.m3u8,重复URL
湖南卫视,https://t.freetv.fun/live/hu-nan-wei-shi-6-2.m3u8,重复URL
浙江卫视,https://t.freetv.fun/live/zhe-jiang-wei-shi-23.m3u8,重复URL
浙江卫视,https://t.freetv.fun/live/zhe-jiang-wei-shi-2-4.m3u8,重复URL
浙江卫视,https://t.freetv.fun/live/zhe-jiang-wei-shi-10-2.m3u8,重复URL
浙江卫视,https://t.freetv.fun/live/zhe-jiang-wei-shi-3-3.m3u8,重复URL
浙江卫视,https://t.freetv.fun/live/zhe-jiang-wei-shi-13-1.m3u8,重复URL
浙江卫视,https://t.freetv.fun/live/zhe-jiang-wei-shi-15-2.m3u8,重复URL
浙江卫视,https://t.freetv.fun/live/zhe-jiang-wei-shi-1-3.m3u8,重复URL
浙江卫视,https://t.freetv.fun/live/zhe-jiang-wei-shi-7-2.m3u8,重复URL
浙江卫视,https://t.freetv.fun/live/zhe-jiang-wei-shi-11-2.m3u8,重复URL
浙江卫视,https://t.freetv.fun/live/zhe-jiang-wei-shi-22.m3u8,重复URL
浙江卫视,https://t.freetv.fun/live/zhe-jiang-wei-shi-12-2.m3u8,重复URL
浙江卫视,https://t.freetv.fun/live/zhe-jiang-wei-shi-8-2.m3u8,重复URL
浙江卫视,https://t.freetv.fun/live/zhe-jiang-wei-shi-26.m3u8,重复URL
东方卫视,https://t.freetv.fun/live/dong-fang-wei-shi-4-3.m3u8,重复URL
东方卫视,https://t.freetv.fun/live/dong-fang-wei-shi-9.m3u8,重复URL
东方卫视,https://t.freetv.fun/live/dong-fang-wei-shi-20.m3u8,重复URL
东方卫视,https://t.freetv.fun/live/dong-fang-wei-shi-1920-1080-4.m3u8,重复URL
东方卫视,https://t.freetv.fun/live/dong-fang-wei-shi-19.m3u8,重复URL
东方卫视,https://t.freetv.fun/live/dong-fang-wei-shi-3-3.m3u8,重复URL
东方卫视,https://t.freetv.fun/live/dong-fang-wei-shi-1-2.m3u8,重复URL
东方卫视,https://t.freetv.fun/live/dong-fang-wei-shi-14.m3u8,重复URL
东方卫视,https://t.freetv.fun/live/dong-fang-wei-shi-10-1.m3u8,重复URL
东方卫视,https://t.freetv.fun/live/dong-fang-wei-shi-gao-qing-1.m3u8,重复URL
东方卫视,https://t.freetv.fun/live/dong-fang-wei-shi-28.m3u8,重复URL
东方卫视,https://t.freetv.fun/live/dong-fang-wei-shi-5-3.m3u8,重复URL
东方卫视,https://t.freetv.fun/live/dong-fang-wei-shi-22.m3u8,重复URL
江苏卫视,https://t.freetv.fun/live/jiang-su-wei-shi-4-2.m3u8,重复URL
江苏卫视,https://t.freetv.fun/live/jiang-su-wei-shi-7-2.m3u8,重复URL
江苏卫视,https://t.freetv.fun/live/jiang-su-wei-shi-5-3.m3u8,重复URL
江苏卫视,https://t.freetv.fun/live/jiang-su-wei-shi-6-3.m3u8,重复URL
江苏卫视,https://t.freetv.fun/live/jiang-su-wei-shi-19.m3u8,重复URL
江苏卫视,https://t.freetv.fun/live/jiang-su-wei-shi-1920-1080-1.m3u8,重复URL
江苏卫视,https://t.freetv.fun/live/jiang-su-wei-shi-1920-1080-2.m3u8,重复URL
江苏卫视,https://t.freetv.fun/live/jiang-su-wei-shi-8-1.m3u8,重复URL
江苏卫视,https://t.freetv.fun/live/jiang-su-wei-shi-1920-1080.m3u8,重复URL
江苏卫视,https://t.freetv.fun/live/jiang-su-wei-shi-14-1.m3u8,重复URL
江苏卫视,https://t.freetv.fun/live/jiang-su-wei-shi-hd-1.m3u8,重复URL
安徽卫视,https://t.freetv.fun/live/an-hui-wei-shi-15.m3u8,重复URL
安徽卫视,https://t.freetv.fun/live/an-hui-wei-shi-3-4.m3u8,重复URL
安徽卫视,https://t.freetv.fun/live/an-hui-wei-shi-2-2.m3u8,重复URL
安徽卫视,https://t.freetv.fun/live/an-hui-wei-shi-5-3.m3u8,重复URL
安徽卫视,https://t.freetv.fun/live/an-hui-wei-shi-16.m3u8,重复URL
安徽卫视,https://t.freetv.fun/live/an-hui-wei-shi-1-1.m3u8,重复URL
安徽卫视,https://t.freetv.fun/live/an-hui-wei-shi-36.m3u8,重复URL
东南卫视,https://t.freetv.fun/live/dong-nan-wei-shi-12.m3u8,重复URL
东南卫视,https://t.freetv.fun/live/dong-nan-wei-shi-6-2.m3u8,重复URL
东南卫视,https://t.freetv.fun/live/dong-nan-wei-shi-1-2.m3u8,重复URL
东南卫视,https://t.freetv.fun/live/dong-nan-wei-shi-7-1.m3u8,重复URL
东南卫视,https://t.freetv.fun/live/dong-nan-wei-shi-5-2.m3u8,重复URL
东南卫视,https://t.freetv.fun/live/dong-nan-wei-shi-2-1.m3u8,重复URL
北京卫视,http://satellitepull.cnr.cn/live/wxbtv/playlist.m3u8,重复URL
北京卫视,https://t.freetv.fun/live/bei-jing-wei-shi-3-4.m3u8,重复URL
北京卫视,https://t.freetv.fun/live/bei-jing-wei-shi-26.m3u8,重复URL
北京卫视,https://t.freetv.fun/live/bei-jing-wei-shi-6-1.m3u8,重复URL
北京卫视,https://t.freetv.fun/live/bei-jing-wei-shi-1-2.m3u8,重复URL
北京卫视,https://t.freetv.fun/live/bei-jing-wei-shi-5-2.m3u8,重复URL
北京卫视,https://t.freetv.fun/live/bei-jing-wei-shi-18.m3u8,重复URL
北京卫视,https://t.freetv.fun/live/bei-jing-wei-shi-10-1.m3u8,重复URL
北京卫视,https://t.freetv.fun/live/bei-jing-wei-shi-30.m3u8,重复URL
海南卫视,https://t.freetv.fun/live/hai-nan-wei-shi-3-2.m3u8,重复URL
海南卫视,https://t.freetv.fun/live/hai-nan-wei-shi-4-1.m3u8,重复URL
海南卫视,https://t.freetv.fun/live/hai-nan-wei-shi-1920-1080.m3u8,重复URL
海南卫视,https://t.freetv.fun/live/hai-nan-wei-shi-5-2.m3u8,重复URL
海南卫视,https://t.freetv.fun/live/hai-nan-wei-shi-9.m3u8,重复URL
深圳卫视,https://t.freetv.fun/live/shen-zhen-wei-shi-15.m3u8,重复URL
深圳卫视,https://t.freetv.fun/live/shen-zhen-wei-shi-8-1.m3u8,重复URL
深圳卫视,https://t.freetv.fun/live/shen-zhen-wei-shi-3-2.m3u8,重复URL
深圳卫视,https://t.freetv.fun/live/shen-zhen-wei-shi-1-2.m3u8,重复URL
深圳卫视,https://t.freetv.fun/live/shen-zhen-wei-shi-20.m3u8,重复URL
深圳卫视,https://t.freetv.fun/live/shen-zhen-wei-shi-5-3.m3u8,重复URL
深圳卫视,https://t.freetv.fun/live/shen-zhen-wei-shi-2-1.m3u8,重复URL
深圳卫视,https://t.freetv.fun/live/shen-zhen-wei-shi-10-1.m3u8,重复URL
深圳卫视,https://t.freetv.fun/live/shen-zhen-wei-shi-14.m3u8,重复URL
深圳卫视,https://t.freetv.fun/live/shen-zhen-wei-shi-4-3.m3u8,重复URL
深圳卫视,https://t.freetv.fun/live/shen-zhen-wei-shi-25.m3u8,重复URL
深圳卫视,https://t.freetv.fun/live/shen-zhen-wei-shi-32.m3u8,重复URL
南方卫视,https://t.freetv.fun/live/nan-fang-wei-shi-3.m3u8,重复URL
南方卫视,https://t.freetv.fun/live/nan-fang-wei-shi-1-2.m3u8,重复URL
厦门卫视,https://t.freetv.fun/live/sha-men-wei-shi-3-1.m3u8,重复URL
厦门卫视,https://t.freetv.fun/live/sha-men-wei-shi-8.m3u8,重复URL
厦门卫视,https://t.freetv.fun/live/sha-men-wei-shi-biao-qing-1.m3u8,重复URL
厦门卫视,https://t.freetv.fun/live/sha-men-wei-shi-biao-qing.m3u8,重复URL
厦门卫视,https://t.freetv.fun/live/sha-men-wei-shi-2-2.m3u8,重复URL
厦门卫视,https://t.freetv.fun/live/sha-men-wei-shi-7-1.m3u8,重复URL
厦门卫视,https://t.freetv.fun/live/sha-men-wei-shi-1-2.m3u8,重复URL
吉林卫视,https://t.freetv.fun/live/ji-lin-wei-shi-17.m3u8,重复URL
吉林卫视,https://t.freetv.fun/live/ji-lin-wei-shi-16.m3u8,重复URL
吉林卫视,https://t.freetv.fun/live/ji-lin-wei-shi-8-1.m3u8,重复URL
吉林卫视,https://t.freetv.fun/live/ji-lin-wei-shi-31.m3u8,重复URL
吉林卫视,https://t.freetv.fun/live/ji-lin-wei-shi-12.m3u8,重复URL
四川卫视,https://t.freetv.fun/live/si-chuan-wei-shi-2-3.m3u8,重复URL
四川卫视,https://t.freetv.fun/live/si-chuan-wei-shi-1-3.m3u8,重复URL
四川卫视,https://t.freetv.fun/live/si-chuan-wei-shi-5-2.m3u8,重复URL
天津卫视,https://t.freetv.fun/live/tian-jin-wei-shi-5-3.m3u8,重复URL
天津卫视,https://t.freetv.fun/live/tian-jin-wei-shi-4-3.m3u8,重复URL
天津卫视,https://t.freetv.fun/live/tian-jin-wei-shi-3-3.m3u8,重复URL
天津卫视,https://t.freetv.fun/live/tian-jin-wei-shi-1920-1080-2.m3u8,重复URL
天津卫视,https://t.freetv.fun/live/tian-jin-wei-shi-12.m3u8,重复URL
天津卫视,https://t.freetv.fun/live/tian-jin-wei-shi-1920-1080-5.m3u8,重复URL
天津卫视,https://t.freetv.fun/live/tian-jin-wei-shi-1-2.m3u8,重复URL
宁夏卫视,https://t.freetv.fun/live/zhu-xia-wei-shi-1-2.m3u8,重复URL
宁夏卫视,https://t.freetv.fun/live/zhu-xia-wei-shi-12.m3u8,重复URL
宁夏卫视,https://t.freetv.fun/live/zhu-xia-wei-shi-2-1.m3u8,重复URL
宁夏卫视,https://t.freetv.fun/live/zhu-xia-wei-shi-16.m3u8,重复URL
宁夏卫视,https://t.freetv.fun/live/zhu-xia-wei-shi-3-2.m3u8,重复URL
宁夏卫视,https://t.freetv.fun/live/zhu-xia-wei-shi-8.m3u8,重复URL
山东卫视,https://t.freetv.fun/live/shan-dong-wei-shi-16.m3u8,重复URL
山东卫视,https://t.freetv.fun/live/shan-dong-wei-shi-2-2.m3u8,重复URL
山东卫视,https://t.freetv.fun/live/shan-dong-wei-shi-3-3.m3u8,重复URL
山东卫视,https://t.freetv.fun/live/shan-dong-wei-shi-5-3.m3u8,重复URL
山东卫视,https://t.freetv.fun/live/shan-dong-wei-shi-10.m3u8,重复URL
山东卫视,https://t.freetv.fun/live/shan-dong-wei-shi-14.m3u8,重复URL
山东卫视,https://t.freetv.fun/live/shan-dong-wei-shi-4-3.m3u8,重复URL
山西卫视,https://t.freetv.fun/live/shan-xi-wei-shi-23.m3u8,重复URL
山西卫视,https://t.freetv.fun/live/shan-xi-wei-shi-8.m3u8,重复URL
山西卫视,https://t.freetv.fun/live/shan-xi-wei-shi-6-1.m3u8,重复URL
山西卫视,https://t.freetv.fun/live/shan-xi-wei-shi-17-1.m3u8,重复URL
山西卫视,https://t.freetv.fun/live/shan-xi-wei-shi-gao-qing.m3u8,重复URL
山西卫视,https://t.freetv.fun/live/shan-xi-wei-shi-36.m3u8,重复URL
山西卫视,https://t.freetv.fun/live/shan-xi-wei-shi-4-3.m3u8,重复URL
山西卫视,https://t.freetv.fun/live/shan-xi-wei-shi-11.m3u8,重复URL
山西卫视,https://t.freetv.fun/live/shan-xi-wei-shi-15.m3u8,重复URL
山西卫视,https://t.freetv.fun/live/shan-xi-wei-shi-21-2.m3u8,重复URL
山西卫视,https://t.freetv.fun/live/shan-xi-wei-shi-23-1.m3u8,重复URL
山西卫视,https://t.freetv.fun/live/shan-xi-wei-shi-22-1.m3u8,重复URL
山西卫视,https://t.freetv.fun/live/shan-xi-wei-shi-1-2.m3u8,重复URL
山西卫视,https://t.freetv.fun/live/shan-xi-wei-shi-7-1.m3u8,重复URL
山西卫视,https://t.freetv.fun/live/shan-xi-wei-shi-13.m3u8,重复URL
山西卫视,https://t.freetv.fun/live/shan-xi-wei-shi-3-5.m3u8,重复URL
山西卫视,https://t.freetv.fun/live/shan-xi-wei-shi-12.m3u8,重复URL
广东卫视,https://t.freetv.fun/live/yan-dong-wei-shi-15.m3u8,重复URL
广东卫视,https://t.freetv.fun/live/yan-dong-wei-shi-45.m3u8,重复URL
广东卫视,https://t.freetv.fun/live/yan-dong-wei-shi-23.m3u8,重复URL
广东卫视,https://t.freetv.fun/live/yan-dong-wei-shi-21.m3u8,重复URL
广东卫视,https://t.freetv.fun/live/yan-dong-wei-shi-10.m3u8,重复URL
广东卫视,https://t.freetv.fun/live/yan-dong-wei-shi-1-2.m3u8,重复URL
广东卫视,https://t.freetv.fun/live/yan-dong-wei-shi-gao-qing-27.m3u8,重复URL
广西卫视,https://t.freetv.fun/live/yan-xi-wei-shi-17.m3u8,重复URL
广西卫视,https://t.freetv.fun/live/yan-xi-wei-shi-20.m3u8,重复URL
广西卫视,https://t.freetv.fun/live/yan-xi-wei-shi-14.m3u8,重复URL
广西卫视,https://t.freetv.fun/live/yan-xi-wei-shi-biao-qing-1.m3u8,重复URL
延边卫视,https://t.freetv.fun/live/yan-bian-wei-shi-3.m3u8,重复URL
延边卫视,https://t.freetv.fun/live/yan-bian-wei-shi-7.m3u8,重复URL
延边卫视,https://t.freetv.fun/live/yan-bian-wei-shi-2-2.m3u8,重复URL
延边卫视,https://t.freetv.fun/live/yan-bian-wei-shi-1-3.m3u8,重复URL
延边卫视,https://t.freetv.fun/live/ji-lin-yan-bian-wei-shi.m3u8,重复URL
延边卫视,https://t.freetv.fun/live/yan-bian-wei-shi-3-2.m3u8,重复URL
延边卫视,https://t.freetv.fun/live/yan-bian-wei-shi-4.m3u8,重复URL
延边卫视,https://t.freetv.fun/live/cn-yan-bian-wei-shi.m3u8,重复URL
延边卫视,https://t.freetv.fun/live/yan-bian-wei-shi-5.m3u8,重复URL
新疆卫视,https://t.freetv.fun/live/xin-jiang-wei-shi-9.m3u8,重复URL
新疆卫视,https://t.freetv.fun/live/xin-jiang-wei-shi-2-2.m3u8,重复URL
新疆卫视,https://t.freetv.fun/live/xin-jiang-wei-shi-21.m3u8,重复URL
新疆卫视,https://t.freetv.fun/live/xin-jiang-wei-shi-15.m3u8,重复URL
云南卫视,https://t.freetv.fun/live/yun-nan-wei-shi-2-2.m3u8,重复URL
云南卫视,https://t.freetv.fun/live/yun-nan-wei-shi-14.m3u8,重复URL
云南卫视,https://t.freetv.fun/live/yun-nan-wei-shi-14-1.m3u8,重复URL
云南卫视,https://t.freetv.fun/live/yun-nan-wei-shi-18.m3u8,重复URL
云南卫视,https://t.freetv.fun/live/yun-nan-wei-shi-3-2.m3u8,重复URL
云南卫视,https://t.freetv.fun/live/yun-nan-wei-shi-8-1.m3u8,重复URL
江西卫视,https://t.freetv.fun/live/jiang-xi-wei-shi-4-3.m3u8,重复URL
江西卫视,https://t.freetv.fun/live/jiang-xi-wei-shi-12.m3u8,重复URL
江西卫视,https://t.freetv.fun/live/jiang-xi-wei-shi-3-2.m3u8,重复URL
江西卫视,https://t.freetv.fun/live/jiang-xi-wei-shi-2-2.m3u8,重复URL
江西卫视,https://t.freetv.fun/live/jiang-xi-wei-shi-6-3.m3u8,重复URL
江西卫视,https://t.freetv.fun/live/jiang-xi-wei-shi-24.m3u8,重复URL
江西卫视,https://t.freetv.fun/live/jiang-xi-wei-shi-22.m3u8,重复URL
江西卫视,https://t.freetv.fun/live/jiang-xi-wei-shi-1-2.m3u8,重复URL
江西卫视,https://t.freetv.fun/live/jiang-xi-wei-shi-28.m3u8,重复URL
江西卫视,https://t.freetv.fun/live/jiang-xi-wei-shi-13.m3u8,重复URL
河北卫视,https://t.freetv.fun/live/he-bei-wei-shi-3-3.m3u8,重复URL
河北卫视,https://t.freetv.fun/live/he-bei-wei-shi-2-2.m3u8,重复URL
河北卫视,https://t.freetv.fun/live/he-bei-wei-shi-10.m3u8,重复URL
河北卫视,https://t.freetv.fun/live/he-bei-wei-shi-24.m3u8,重复URL
河北卫视,https://t.freetv.fun/live/he-bei-wei-shi-6-2.m3u8,重复URL
河北卫视,https://t.freetv.fun/live/he-bei-wei-shi-9.m3u8,重复URL
河北卫视,https://t.freetv.fun/live/he-bei-wei-shi-4-2.m3u8,重复URL
河北卫视,https://t.freetv.fun/live/he-bei-wei-shi-26.m3u8,重复URL
河北卫视,https://t.freetv.fun/live/he-bei-wei-shi-9-1.m3u8,重复URL
河北卫视,https://t.freetv.fun/live/he-bei-wei-shi-12.m3u8,重复URL
河北卫视,https://t.freetv.fun/live/he-bei-wei-shi-11.m3u8,重复URL
河南卫视,https://t.freetv.fun/live/he-nan-wei-shi-19.m3u8,重复URL
河南卫视,https://t.freetv.fun/live/he-nan-wei-shi-11.m3u8,重复URL
河南卫视,https://t.freetv.fun/live/he-nan-wei-shi-2-3.m3u8,重复URL
河南卫视,https://t.freetv.fun/live/he-nan-wei-shi-35.m3u8,重复URL
河南卫视,https://t.freetv.fun/live/he-nan-wei-shi-3-2.m3u8,重复URL
河南卫视,https://t.freetv.fun/live/he-nan-wei-shi-5-3.m3u8,重复URL
河南卫视,https://t.freetv.fun/live/he-nan-wei-shi-4-3.m3u8,重复URL
河南卫视,https://t.freetv.fun/live/he-nan-wei-shi-8.m3u8,重复URL
河南卫视,https://t.freetv.fun/live/he-nan-wei-shi-gao-qing-1.m3u8,重复URL
河南卫视,https://t.freetv.fun/live/he-nan-wei-shi-12.m3u8,重复URL
湖北卫视,https://t.freetv.fun/live/hu-bei-wei-shi-4-3.m3u8,重复URL
湖北卫视,https://t.freetv.fun/live/hu-bei-wei-shi-gao-qing.m3u8,重复URL
湖北卫视,https://t.freetv.fun/live/hu-bei-wei-shi-16.m3u8,重复URL
湖北卫视,https://t.freetv.fun/live/hu-bei-wei-shi-1-3.m3u8,重复URL
湖北卫视,https://t.freetv.fun/live/hu-bei-wei-shi-3-3.m3u8,重复URL
湖北卫视,https://t.freetv.fun/live/hu-bei-wei-shi-gao-qing-1.m3u8,重复URL
湖北卫视,https://t.freetv.fun/live/hu-bei-wei-shi-5-3.m3u8,重复URL
湖北卫视,https://t.freetv.fun/live/hu-bei-wei-shi-2-2.m3u8,重复URL
湖北卫视,https://t.freetv.fun/live/hu-bei-wei-shi-32.m3u8,重复URL
甘肃卫视,https://t.freetv.fun/live/gan-su-wei-shi-2-3.m3u8,重复URL
甘肃卫视,https://t.freetv.fun/live/gan-su-wei-shi-1-2.m3u8,重复URL
甘肃卫视,https://t.freetv.fun/live/gan-su-wei-shi-7.m3u8,重复URL
甘肃卫视,https://t.freetv.fun/live/gan-su-wei-shi-7-1.m3u8,重复URL
西藏卫视,https://t.freetv.fun/live/cn-xi-cang-wei-shi.m3u8,重复URL
西藏卫视,https://t.freetv.fun/live/xi-cang-wei-shi-13.m3u8,重复URL
西藏卫视,https://t.freetv.fun/live/xi-cang-wei-shi-2-2.m3u8,重复URL
西藏卫视,https://t.freetv.fun/live/xi-cang-wei-shi-3-2.m3u8,重复URL
贵州卫视,https://t.freetv.fun/live/gui-zhou-wei-shi-1-2.m3u8,重复URL
贵州卫视,https://t.freetv.fun/live/gui-zhou-wei-shi-3-2.m3u8,重复URL
贵州卫视,https://t.freetv.fun/live/gui-zhou-wei-shi-6-2.m3u8,重复URL
贵州卫视,https://t.freetv.fun/live/gui-zhou-wei-shi-19.m3u8,重复URL
贵州卫视,https://t.freetv.fun/live/gui-zhou-wei-shi-11.m3u8,重复URL
贵州卫视,https://t.freetv.fun/live/gui-zhou-wei-shi-30.m3u8,重复URL
贵州卫视,https://t.freetv.fun/live/gui-zhou-wei-shi-5-1.m3u8,重复URL
贵州卫视,https://t.freetv.fun/live/gui-zhou-wei-shi-4-2.m3u8,重复URL
贵州卫视,https://t.freetv.fun/live/gui-zhou-wei-shi-7-2.m3u8,重复URL
贵州卫视,https://t.freetv.fun/live/gui-zhou-wei-shi-32.m3u8,重复URL
贵州卫视,https://t.freetv.fun/live/gui-zhou-wei-shi-27.m3u8,重复URL
辽宁卫视,https://t.freetv.fun/live/liao-zhu-wei-shi-4-3.m3u8,重复URL
辽宁卫视,https://t.freetv.fun/live/liao-zhu-wei-shi-6-1.m3u8,重复URL
辽宁卫视,https://t.freetv.fun/live/liao-zhu-wei-shi-3-4.m3u8,重复URL
辽宁卫视,https://t.freetv.fun/live/liao-zhu-wei-shi-13.m3u8,重复URL
辽宁卫视,https://t.freetv.fun/live/liao-zhu-wei-shi-17.m3u8,重复URL
辽宁卫视,https://t.freetv.fun/live/liao-zhu-wei-shi-12.m3u8,重复URL
辽宁卫视,https://t.freetv.fun/live/liao-zhu-wei-shi-8-1.m3u8,重复URL
辽宁卫视,https://t.freetv.fun/live/liao-zhu-wei-shi-1-2.m3u8,重复URL
辽宁卫视,https://t.freetv.fun/live/liao-zhu-wei-shi-7-1.m3u8,重复URL
辽宁卫视,https://t.freetv.fun/live/liao-zhu-wei-shi-2-1.m3u8,重复URL
辽宁卫视,https://t.freetv.fun/live/liao-zhu-wei-shi-16.m3u8,重复URL
重庆卫视,https://t.freetv.fun/live/zhong-qing-wei-shi-2-3.m3u8,重复URL
重庆卫视,https://t.freetv.fun/live/zhong-qing-wei-shi-6-2.m3u8,重复URL
重庆卫视,https://t.freetv.fun/live/zhong-qing-wei-shi-7-2.m3u8,重复URL
重庆卫视,https://t.freetv.fun/live/zhong-qing-wei-shi-4-2.m3u8,重复URL
重庆卫视,https://t.freetv.fun/live/zhong-qing-wei-shi-9.m3u8,重复URL
重庆卫视,https://t.freetv.fun/live/zhong-qing-wei-shi-15.m3u8,重复URL
重庆卫视,https://t.freetv.fun/live/zhong-qing-wei-shi-3-3.m3u8,重复URL
重庆卫视,https://t.freetv.fun/live/zhong-qing-wei-shi-5-2.m3u8,重复URL
重庆卫视,https://t.freetv.fun/live/zhong-qing-wei-shi-12.m3u8,重复URL
重庆卫视,https://t.freetv.fun/live/zhong-qing-wei-shi-9-1.m3u8,重复URL
陕西卫视,https://t.freetv.fun/live/shan-xi-wei-shi-22.m3u8,重复URL
陕西卫视,https://t.freetv.fun/live/shan-xi-wei-shi-21-1.m3u8,重复URL
陕西卫视,https://t.freetv.fun/live/shan-xi-wei-shi-3-4.m3u8,重复URL
陕西卫视,https://t.freetv.fun/live/shan-xi-wei-shi-39.m3u8,重复URL
陕西卫视,https://t.freetv.fun/live/shan-xi-wei-shi-4-2.m3u8,重复URL
陕西卫视,https://t.freetv.fun/live/shan-xi-wei-shi-2-5.m3u8,重复URL
陕西卫视,https://t.freetv.fun/live/shan-xi-wei-shi-15-1.m3u8,重复URL
陕西卫视,https://t.freetv.fun/live/shan-xi-wei-shi-11-1.m3u8,重复URL
陕西卫视,https://t.freetv.fun/live/shan-xi-wei-shi-1-4.m3u8,重复URL
陕西卫视,https://t.freetv.fun/live/shan-xi-wei-shi-7.m3u8,重复URL
陕西卫视,https://t.freetv.fun/live/shan-xi-wei-shi-9-1.m3u8,重复URL
陕西卫视,https://t.freetv.fun/live/shan-xi-wei-shi-5-3.m3u8,重复URL
陕西卫视,https://t.freetv.fun/live/shan-xi-wei-shi-14-2.m3u8,重复URL
陕西卫视,https://t.freetv.fun/live/shan-xi-wei-shi-6.m3u8,重复URL
陕西卫视,https://t.freetv.fun/live/shan-xi-wei-shi-10-1.m3u8,重复URL
陕西卫视,https://t.freetv.fun/live/shan-xi-wei-shi-12-1.m3u8,重复URL
香港卫视,https://stream1.freetv.fun/ae7eaf28d8610cdc1651ef6a1f7dbb24b49c5a87627d0d881330afaea37a1616.m3u8,重复URL
香港卫视,https://stream1.freetv.fun/5335c88a9a7d8b74173b491f480d4f94e8d3bd596af54478106aa2399e6c7917.m3u8,重复URL
香港卫视,https://t.freetv.fun/live/xiang-gang-wei-shi-1-2.m3u8,重复URL
香港卫视,https://t.freetv.fun/live/xiang-gang-wei-shi-5.m3u8,重复URL
香港卫视,http://cctvtxyh5c.liveplay.myqcloud.com/cstv/xianggangweishi_2/index.m3u8,重复URL
香港卫视,https://stream1.freetv.fun/c751876ae5ceaa0d82b5cf2badc152342aa92a4b45bf504d12ee45966b2fc644.ctv,重复URL
康巴卫视,https://t.freetv.fun/live/kang-ba-wei-shi-3.m3u8,重复URL
安多卫视,https://t.freetv.fun/live/an-duo-wei-shi-6.m3u8,重复URL
安多卫视,https://stream1.freetv.fun/52d0df257c5c3cec42f2ae19268dbbc261256ff391b27bd83553bea941d0c186.m3u8,重复URL
安多卫视,https://t.freetv.fun/live/an-duo-wei-shi-1-1.m3u8,重复URL
安多卫视,https://t.freetv.fun/live/an-duo-wei-shi-2.m3u8,重复URL
安多卫视,https://liveout.xntv.tv/a65jur/96iln2.m3u8,重复URL
三沙卫视,https://t.freetv.fun/live/san-sha-wei-shi-19.m3u8,重复URL
三沙卫视,https://t.freetv.fun/live/san-sha-wei-shi-1-1.m3u8,重复URL
三沙卫视,https://t.freetv.fun/live/san-sha-wei-shi-10.m3u8,重复URL
三沙卫视,https://t.freetv.fun/live/san-sha-wei-shi-5-1.m3u8,重复URL
三沙卫视,https://t.freetv.fun/live/san-sha-wei-shi-6.m3u8,重复URL
三沙卫视,https://t.freetv.fun/live/san-sha-wei-shi-11.m3u8,重复URL
三沙卫视,https://t.freetv.fun/live/san-sha-wei-shi-8.m3u8,重复URL
三沙卫视,https://t.freetv.fun/live/san-sha-wei-shi-7-1.m3u8,重复URL
三沙卫视,https://t.freetv.fun/live/san-sha-wei-shi-2-2.m3u8,重复URL
三沙卫视,https://t.freetv.fun/live/san-sha-wei-shi-15.m3u8,重复URL
三沙卫视,https://t.freetv.fun/live/san-sha-wei-shi-18.m3u8,重复URL
三沙卫视,https://t.freetv.fun/live/san-sha-wei-shi-4.m3u8,重复URL
三沙卫视,https://t.freetv.fun/live/san-sha-wei-shi-14.m3u8,重复URL
三沙卫视,https://t.freetv.fun/live/san-sha-wei-shi-biao-qing-1.m3u8,重复URL
三沙卫视,https://t.freetv.fun/live/san-sha-wei-shi-12.m3u8,重复URL
兵团卫视,https://t.freetv.fun/live/bing-tuan-wei-shi-2-3.m3u8,重复URL
兵团卫视,https://t.freetv.fun/live/bing-tuan-wei-shi-9.m3u8,重复URL
兵团卫视,https://t.freetv.fun/live/bing-tuan-wei-shi-13.m3u8,重复URL
兵团卫视,https://t.freetv.fun/live/bing-tuan-wei-shi-7-1.m3u8,重复URL
兵团卫视,https://t.freetv.fun/live/bing-tuan-wei-shi-16.m3u8,重复URL
兵团卫视,https://t.freetv.fun/live/bing-tuan-wei-shi-1920-1080.m3u8,重复URL
兵团卫视,https://t.freetv.fun/live/bing-tuan-wei-shi-3-2.m3u8,重复URL
兵团卫视,https://t.freetv.fun/live/bing-tuan-wei-shi-4-2.m3u8,重复URL
兵团卫视,https://t.freetv.fun/live/bing-tuan-wei-shi-11.m3u8,重复URL
黑龙江卫视,https://t.freetv.fun/live/hei-long-jiang-wei-shi-2-1.m3u8,重复URL
黑龙江卫视,https://t.freetv.fun/live/hei-long-jiang-wei-shi-13.m3u8,重复URL
黑龙江卫视,https://t.freetv.fun/live/hei-long-jiang-wei-shi-17.m3u8,重复URL
内蒙古卫视,https://t.freetv.fun/live/nei-meng-gu-wei-shi-8.m3u8,重复URL
内蒙古卫视,https://t.freetv.fun/live/nei-meng-gu-wei-shi-3-2.m3u8,重复URL
大湾区卫视,https://t.freetv.fun/live/da-wan-qu-wei-shi-gao-qing-12.m3u8,重复URL
大湾区卫视,https://t.freetv.fun/live/da-wan-qu-wei-shi-3-1.m3u8,重复URL
大湾区卫视,https://t.freetv.fun/live/da-wan-qu-wei-shi-4.m3u8,重复URL
大湾区卫视,https://t.freetv.fun/live/da-wan-qu-wei-shi-13.m3u8,重复URL
大湾区卫视,https://t.freetv.fun/live/da-wan-qu-wei-shi-24.m3u8,重复URL
大湾区卫视,https://t.freetv.fun/live/da-wan-qu-wei-shi-23.m3u8,重复URL
大湾区卫视,https://t.freetv.fun/live/da-wan-qu-wei-shi-gao-qing-15.m3u8,重复URL
大湾区卫视,https://t.freetv.fun/live/da-wan-qu-wei-shi-12.m3u8,重复URL
大湾区卫视,https://t.freetv.fun/live/da-wan-qu-wei-shi-20.m3u8,重复URL
大湾区卫视,https://t.freetv.fun/live/da-wan-qu-wei-shi-11.m3u8,重复URL
大湾区卫视,https://t.freetv.fun/live/da-wan-qu-wei-shi-6.m3u8,重复URL
大湾区卫视,https://t.freetv.fun/live/da-wan-qu-wei-shi-gao-qing-18.m3u8,重复URL
大湾区卫视,https://t.freetv.fun/live/da-wan-qu-wei-shi-gao-qing-14.m3u8,重复URL
大湾区卫视,https://t.freetv.fun/live/da-wan-qu-wei-shi-5.m3u8,重复URL
大湾区卫视,https://t.freetv.fun/live/da-wan-qu-wei-shi-14.m3u8,重复URL
大湾区卫视,https://t.freetv.fun/live/da-wan-qu-wei-shi-1-1.m3u8,重复URL
大湾区卫视,https://t.freetv.fun/live/da-wan-qu-wei-shi-18.m3u8,重复URL
大湾区卫视,https://t.freetv.fun/live/da-wan-qu-wei-shi-26.m3u8,重复URL
大湾区卫视,https://t.freetv.fun/live/da-wan-qu-wei-shi-gao-qing-5.m3u8,重复URL
农林卫视,https://t.freetv.fun/live/nong-lin-wei-shi-1.m3u8,重复URL
海峡卫视,https://t.freetv.fun/live/hai-xia-wei-shi-15.m3u8,重复URL
海峡卫视,https://t.freetv.fun/live/hai-xia-wei-shi-14.m3u8,重复URL
海峡卫视,https://t.freetv.fun/live/hai-xia-wei-shi-3.m3u8,重复URL
海峡卫视,https://t.freetv.fun/live/hai-xia-wei-shi-16.m3u8,重复URL
海峡卫视,https://t.freetv.fun/live/hai-xia-wei-shi-10.m3u8,重复URL
海峡卫视,https://t.freetv.fun/live/hai-xia-wei-shi-3-1.m3u8,重复URL
海峡卫视,https://t.freetv.fun/live/hai-xia-wei-shi-6.m3u8,重复URL
海峡卫视,https://t.freetv.fun/live/hai-xia-wei-shi-4.m3u8,重复URL
海峡卫视,https://t.freetv.fun/live/hai-xia-wei-shi-17.m3u8,重复URL
海峡卫视,https://t.freetv.fun/live/hai-xia-wei-shi-1-1.m3u8,重复URL
海峡卫视,http://38.64.72.148:80/hls/modn/list/4009/chunklist0.m3u8,重复URL
海峡卫视,http://38.64.72.148:80/hls/modn/list/4009/playlist.m3u8,重复URL
凤凰中文,http://cdn6.163189.xyz/163189/fhzw,重复URL
凤凰中文,https://t.freetv.fun/live/feng-huang-wei-shi-1.m3u8,重复URL
凤凰中文,https://t.freetv.fun/live/feng-huang-zhong-wen-1.m3u8,重复URL
凤凰中文,http://r.jdshipin.com/cCCzW,重复URL
凤凰中文,http://php.jdshipin.com/TVOD/iptv.php?id=fhzw,重复URL
凤凰资讯,https://t.freetv.fun/live/feng-huang-wei-shi-zi-xun-1-1.m3u8,重复URL
凤凰资讯,https://t.freetv.fun/live/feng-huang-wei-shi-zi-xun-2.m3u8,重复URL
凤凰资讯,https://t.freetv.fun/live/feng-huang-wei-shi-zi-xun-1.m3u8,重复URL
凤凰资讯,https://t.freetv.fun/live/feng-huang-wei-shi-zi-xun-1-2.m3u8,重复URL
凤凰资讯,https://t.freetv.fun/live/feng-huang-wei-shi-zi-xun-4.m3u8,重复URL
凤凰香港,http://cdn6.163189.xyz/163189/fhhk,重复URL
凤凰香港,https://t.freetv.fun/live/feng-huang-xiang-gang-5.m3u8,重复URL
凤凰香港,https://t.freetv.fun/live/feng-huang-xiang-gang-6.m3u8,重复URL
凤凰香港,https://t.freetv.fun/live/feng-huang-xiang-gang-1-1.m3u8,重复URL
凤凰香港,https://t.freetv.fun/live/feng-huang-wei-shi-xiang-gang-1.m3u8,重复URL
凤凰香港,https://t.freetv.fun/live/feng-huang-xiang-gang-sg.m3u8,重复URL
凤凰香港,http://r.jdshipin.com/yDoTN,重复URL
凤凰香港,http://php.jdshipin.com/TVOD/iptv.php?id=fhhk,重复URL
凤凰电影,https://t.freetv.fun/live/feng-huang-dian-ying-1.m3u8,重复URL
星空卫视,https://t.freetv.fun/live/xing-kong-wei-shi-3.m3u8,重复URL
星空卫视,https://t.freetv.fun/live/xing-kong-wei-shi-1-1.m3u8,重复URL
星空卫视,https://t.freetv.fun/live/xing-kong-wei-shi-2-1.m3u8,重复URL
星空卫视,https://stream1.freetv.fun/xing-kong-wei-shi-4.ctv,重复URL
星空卫视,https://stream1.freetv.fun/xing-kong-wei-shi-11.m3u8,重复URL
星空卫视,https://stream1.freetv.fun/xing-kong-wei-shi-10.m3u8,重复URL
星空卫视,https://stream1.freetv.fun/xing-kong-wei-shi-12.m3u8,重复URL
Channel[V],https://t.freetv.fun/live/channel-v.m3u8,重复URL
TVBPearl,https://t.freetv.fun/live/ming-zhu-tai-gao-qing.m3u8,重复URL
TVBPearl,https://t.freetv.fun/live/ming-zhu-tai-gao-qing-1.m3u8,重复URL
TVBPearl,http://r.jdshipin.com/ZQ4kN,重复URL
TVBPearl,http://php.jdshipin.com/TVOD/iptv.php?id=mzt2,重复URL
TVBPlus,https://t.freetv.fun/live/atv-plus-2.m3u8,重复URL
TVBPlus,https://t.freetv.fun/live/atv-plus-1.m3u8,重复URL
TVBPlus,https://t.freetv.fun/live/etv-plus-1.m3u8,重复URL
TVBPlus,https://t.freetv.fun/live/tvb-plus.m3u8,重复URL
TVBPlus,https://t.freetv.fun/live/tvb-plus-1.m3u8,重复URL
TVBPlus,https://t.freetv.fun/live/tvb-plus-2.m3u8,重复URL
TVBPlus,https://t.freetv.fun/live/tvb-pluschao-qing.m3u8,重复URL
TVBPlus,https://t.freetv.fun/live/atv-plus.m3u8,重复URL
TVBPlus,https://t.freetv.fun/live/tvb-plus-5.m3u8,重复URL
TVBPlus,https://t.freetv.fun/live/tvb-plus-7.m3u8,重复URL
TVBPlus,https://t.freetv.fun/live/ntv-plus-3.m3u8,重复URL
TVBPlus,https://t.freetv.fun/live/j2-1.m3u8,重复URL
TVBPlus,https://t.freetv.fun/live/tvb-plus-4.m3u8,重复URL
TVBPlus,https://t.freetv.fun/live/tv1-plus.m3u8,重复URL
TVBPlus,https://t.freetv.fun/live/tvbplushd.m3u8,重复URL
TVB星河,https://t.freetv.fun/live/tvbxing-he-pin-dao.m3u8,重复URL
TVB翡翠台,https://t.freetv.fun/live/fei-cui-9.m3u8,重复URL
TVB翡翠台,https://t.freetv.fun/live/fei-cui-5.m3u8,重复URL
TVB翡翠台,https://t.freetv.fun/live/fei-cui.m3u8,重复URL
TVB翡翠台,https://t.freetv.fun/live/fei-cui-12.m3u8,重复URL
TVB翡翠台,https://t.freetv.fun/live/fei-cui-tai-4.m3u8,重复URL
TVB翡翠台,https://t.freetv.fun/live/fei-cui-1-1.m3u8,重复URL
TVB翡翠台,https://t.freetv.fun/live/fei-cui-tai-4k-1.m3u8,重复URL
TVB翡翠台,https://t.freetv.fun/live/fei-cui-3.m3u8,重复URL
TVB翡翠台,https://t.freetv.fun/live/fei-cui-18.m3u8,重复URL
TVB翡翠台,https://t.freetv.fun/live/fei-cui-10.m3u8,重复URL
TVB翡翠台,https://t.freetv.fun/live/fei-cui-tai-1.m3u8,重复URL
TVB翡翠台,https://t.freetv.fun/live/fei-cui-11.m3u8,重复URL
TVB经典台,https://t.freetv.fun/live/tvbjing-dian.m3u8,重复URL
TVBS,https://t.freetv.fun/live/tvbs-14.m3u8,重复URL
TVBS,https://t.freetv.fun/live/tvbs-3.m3u8,重复URL
TVBS,https://t.freetv.fun/live/tvbs-16.m3u8,重复URL
TVBS,https://t.freetv.fun/live/tvbstai-ju-7.m3u8,重复URL
TVBS,https://t.freetv.fun/live/tvbstai-ju-5.m3u8,重复URL
TVBS,https://t.freetv.fun/live/tvbs-17.m3u8,重复URL
TVBS,https://t.freetv.fun/live/tvbs-15.m3u8,重复URL
TVBS,https://t.freetv.fun/live/tvbs-12.m3u8,重复URL
TVBS,https://t.freetv.fun/live/tvbshd-1.m3u8,重复URL
TVBS,https://t.freetv.fun/live/tvbstai-ju-6.m3u8,重复URL
TVBS,https://t.freetv.fun/live/tvbs-13.m3u8,重复URL
TVBS新闻台,https://t.freetv.fun/live/tvbsxin-wen-6-1.m3u8,重复URL
TVBS新闻台,https://t.freetv.fun/live/tvbsxin-wen-7-1.m3u8,重复URL
TVBS新闻台,https://t.freetv.fun/live/tvbsxin-wen-5-1.m3u8,重复URL
TVBS新闻台,https://t.freetv.fun/live/tvbsxin-wen-6.m3u8,重复URL
TVBS新闻台,https://t.freetv.fun/live/tvbsxin-wen-8-1.m3u8,重复URL
TVBS新闻台,https://t.freetv.fun/live/tvbsxin-wen-9.m3u8,重复URL
TVBS新闻台,https://t.freetv.fun/live/tvbsxin-wen-tai-3.m3u8,重复URL
TVBS新闻台,https://t.freetv.fun/live/tvbsxin-wen-7.m3u8,重复URL
TVBS新闻台,https://t.freetv.fun/live/tvbsxin-wen-1-2.m3u8,重复URL
TVBS欢乐台,https://t.freetv.fun/live/tvbshuan-le-16.m3u8,重复URL
TVBS欢乐台,https://t.freetv.fun/live/tvbshuan-le-14.m3u8,重复URL
TVBS欢乐台,https://t.freetv.fun/live/tvbshuan-le-17.m3u8,重复URL
TVBS欢乐台,https://t.freetv.fun/live/tvbshuan-le-13.m3u8,重复URL
TVBS欢乐台,https://t.freetv.fun/live/tvbshuan-le-12.m3u8,重复URL
TVBS欢乐台,https://t.freetv.fun/live/tvbshuan-le-18.m3u8,重复URL
TVBS欢乐台,https://t.freetv.fun/live/tvbshuan-le-15.m3u8,重复URL
TVBS欢乐台,https://t.freetv.fun/live/tvbshuan-le-11.m3u8,重复URL
TVBS精采台,https://t.freetv.fun/live/tvbsjing-cai-1.m3u8,重复URL
TVBS精采台,https://t.freetv.fun/live/tvbsjing-cai-11.m3u8,重复URL
TVBS精采台,https://t.freetv.fun/live/tvbsjing-cai-8.m3u8,重复URL
TVBS精采台,https://t.freetv.fun/live/tvbsjing-cai-tai.m3u8,重复URL
TVBS精采台,https://t.freetv.fun/live/tvbsjing-cai-9.m3u8,重复URL
TVBS精采台,https://t.freetv.fun/live/tvbsjing-cai-15.m3u8,重复URL
TVBS精采台,https://t.freetv.fun/live/tvbsjing-cai-12.m3u8,重复URL
TVBS精采台,https://t.freetv.fun/live/tvbsjing-cai-14.m3u8,重复URL
TVBS精采台,https://t.freetv.fun/live/tvbsjing-cai-16.m3u8,重复URL
TVBS精采台,https://t.freetv.fun/live/tvbsjing-cai-10.m3u8,重复URL
TVBS精采台,https://t.freetv.fun/live/tvbsjing-cai-13.m3u8,重复URL
TVBS亚洲,http://d2e1asnsl7br7b.cloudfront.net/7782e205e72f43aeb4a48ec97f66ebbe/index_5.m3u8?zshijd,重复URL
TVBS亚洲,http://38.64.72.148/hls/modn/list/4005/playlist.m3u8,重复URL
无线新闻,https://t.freetv.fun/live/wu-xian-xin-wen-pin-dao-2.m3u8,重复URL
无线新闻,https://t.freetv.fun/live/wu-xian-xin-wen-4-1.m3u8,重复URL
无线新闻,https://t.freetv.fun/live/wu-xian-xin-wen-pin-dao-1.m3u8,重复URL
无线新闻,https://t.freetv.fun/live/wu-xian-xin-wen-2.m3u8,重复URL
无线新闻,https://t.freetv.fun/live/wu-xian-xin-wen-3.m3u8,重复URL
无线新闻,https://t.freetv.fun/live/wu-xian-xin-wen-tai-gao-qing.m3u8,重复URL
无线新闻,https://t.freetv.fun/live/wu-xian-xin-wen-tai.m3u8,重复URL
无线新闻,https://t.freetv.fun/live/wu-xian-xin-wen-1-2.m3u8,重复URL
无线新闻,https://t.freetv.fun/live/wu-xian-xin-wen-2-1.m3u8,重复URL
无线新闻,https://t.freetv.fun/live/wu-xian-xin-wen-1-1.m3u8,重复URL
无线新闻,https://t.freetv.fun/live/wu-xian-xin-wen-3-1.m3u8,重复URL
无线新闻,https://t.freetv.fun/live/wu-xian-xin-wen.m3u8,重复URL
无线新闻,https://t.freetv.fun/live/wu-xian-xin-wen-pin-dao-3.m3u8,重复URL
无线新闻,http://r.jdshipin.com/CkuBd,重复URL
ViuTV,https://t.freetv.fun/live/viut6hd.m3u8,重复URL
ViuTV,https://t.freetv.fun/live/viuthd.m3u8,重复URL
ViuTV,https://t.freetv.fun/live/viutv-plus.m3u8,重复URL
ViuTV,https://t.freetv.fun/live/viutv-2.m3u8,重复URL
ViuTV,https://t.freetv.fun/live/viutv-yue.m3u8,重复URL
ViuTV,https://t.freetv.fun/live/viutv-plus-1.m3u8,重复URL
ViuTV,https://t.freetv.fun/live/viutvgao-qing-1.m3u8,重复URL
ViuTV,https://t.freetv.fun/live/viutv6gao-qing.m3u8,重复URL
ViuTV,https://t.freetv.fun/live/viutv-3.m3u8,重复URL
ViuTV,https://t.freetv.fun/live/viutv-yue-1.m3u8,重复URL
ViuTV,https://t.freetv.fun/live/viu.m3u8,重复URL
ViuTV,https://t.freetv.fun/live/viutv6gao-qing-1.m3u8,重复URL
三立台湾台,https://t.freetv.fun/live/san-li-tai-wan-tai.m3u8,重复URL
三立新闻台,https://t.freetv.fun/live/san-li-xin-wen-tai-3.m3u8,重复URL
中天亚洲台,https://t.freetv.fun/live/zhong-tian-ya-zhou-tai-1.m3u8,重复URL
中视,https://t.freetv.fun/live/zhong-shi-6.m3u8,重复URL
中视,https://t.freetv.fun/live/zhong-shi-22.m3u8,重复URL
中视,https://t.freetv.fun/live/zhong-shi-6-1.m3u8,重复URL
中视,https://t.freetv.fun/live/zhong-shi-pin-dao-1.m3u8,重复URL
中视,https://t.freetv.fun/live/zhong-shi-21.m3u8,重复URL
中视,https://t.freetv.fun/live/zhong-shi-28-1.m3u8,重复URL
中视,https://t.freetv.fun/live/zhong-shi-20.m3u8,重复URL
中视,https://t.freetv.fun/live/zhong-shi-28.m3u8,重复URL
中视,https://t.freetv.fun/live/zhong-shi-23.m3u8,重复URL
中视,https://t.freetv.fun/live/zhong-shi-b.m3u8,重复URL
中视,https://t.freetv.fun/live/zhong-shi-2-1.m3u8,重复URL
中视,https://t.freetv.fun/live/zhong-shi-27.m3u8,重复URL
中视,https://t.freetv.fun/live/zhong-shi-19.m3u8,重复URL
中视新闻,https://t.freetv.fun/live/zhong-shi-xin-wen-4.m3u8,重复URL
中视新闻,https://t.freetv.fun/live/zhong-shi-xin-wen-1.m3u8,重复URL
中视新闻,https://t.freetv.fun/live/zhong-shi-xin-wen-10.m3u8,重复URL
中视新闻,https://t.freetv.fun/live/zhong-shi-xin-wen-15.m3u8,重复URL
中视新闻,https://t.freetv.fun/live/zhong-shi-xin-wen-16.m3u8,重复URL
中视新闻,https://t.freetv.fun/live/zhong-shi-xin-wen-11.m3u8,重复URL
中视新闻,https://t.freetv.fun/live/zhong-shi-xin-wen-14.m3u8,重复URL
中视经典,https://t.freetv.fun/live/zhong-shi-jing-dian-q.m3u8,重复URL
中视经典,https://t.freetv.fun/live/zhong-shi-jing-dian-13.m3u8,重复URL
中视经典,https://t.freetv.fun/live/zhong-shi-jing-dian-9.m3u8,重复URL
中视经典,https://t.freetv.fun/live/zhong-shi-jing-dian-11.m3u8,重复URL
中视经典,https://t.freetv.fun/live/zhong-shi-jing-dian-10.m3u8,重复URL
中视经典,https://t.freetv.fun/live/zhong-shi-jing-dian-8.m3u8,重复URL
中视经典,https://t.freetv.fun/live/zhong-shi-jing-dian-12.m3u8,重复URL
中视经典,https://t.freetv.fun/live/zhong-shi-jing-dian-1.m3u8,重复URL
中视经典,https://t.freetv.fun/live/zhong-shi-jing-dian-15.m3u8,重复URL
中视经典,https://t.freetv.fun/live/zhong-shi-jing-dian-14.m3u8,重复URL
中视菁采台,https://t.freetv.fun/live/zhong-shi-jing-cai-10.m3u8,重复URL
中视菁采台,https://t.freetv.fun/live/zhong-shi-jing-cai.m3u8,重复URL
中视菁采台,https://t.freetv.fun/live/zhong-shi-jing-cai-13.m3u8,重复URL
中视菁采台,https://t.freetv.fun/live/zhong-shi-jing-cai-11.m3u8,重复URL
中视菁采台,https://t.freetv.fun/live/zhong-shi-jing-cai-12.m3u8,重复URL
中视菁采台,https://t.freetv.fun/live/zhong-shi-jing-cai-14.m3u8,重复URL
中视菁采台,https://t.freetv.fun/live/zhong-shi-jing-cai-15.m3u8,重复URL
中视菁采台,https://t.freetv.fun/live/zhong-shi-jing-cai-a.m3u8,重复URL
民视,https://t.freetv.fun/live/min-shi-28.m3u8,重复URL
民视,https://t.freetv.fun/live/min-shi-1-2.m3u8,重复URL
民视,https://t.freetv.fun/live/min-shi-3-1.m3u8,重复URL
民视,https://t.freetv.fun/live/min-shi-a.m3u8,重复URL
民视,https://t.freetv.fun/live/min-shi-6.m3u8,重复URL
民视,https://t.freetv.fun/live/min-shi-hd-1.m3u8,重复URL
民视,https://t.freetv.fun/live/min-shi-6.php,重复URL
民视台湾台,https://t.freetv.fun/live/min-shi-tai-wan-11.m3u8,重复URL
民视台湾台,https://t.freetv.fun/live/min-shi-tai-wan-tai-1.m3u8,重复URL
民视台湾台,https://t.freetv.fun/live/min-shi-tai-wan-a.m3u8,重复URL
民视台湾台,https://t.freetv.fun/live/min-shi-tai-wan-16.m3u8,重复URL
民视台湾台,https://t.freetv.fun/live/min-shi-tai-wan-15.m3u8,重复URL
民视台湾台,https://t.freetv.fun/live/min-shi-tai-wan-13.m3u8,重复URL
民视台湾台,https://t.freetv.fun/live/min-shi-tai-wan-12.m3u8,重复URL
民视台湾台,https://t.freetv.fun/live/min-shi-tai-wan-14.m3u8,重复URL
民视台湾台,https://t.freetv.fun/live/min-shi-tai-wan-10.m3u8,重复URL
民视影剧台,https://t.freetv.fun/live/min-shi-ying-ju-9.m3u8,重复URL
民视影剧台,https://t.freetv.fun/live/min-shi-ying-ju-10.m3u8,重复URL
民视影剧台,https://t.freetv.fun/live/min-shi-ying-ju-14.m3u8,重复URL
民视影剧台,https://t.freetv.fun/live/min-shi-ying-ju-15.m3u8,重复URL
民视影剧台,https://t.freetv.fun/live/min-shi-ying-ju-8.m3u8,重复URL
民视影剧台,https://t.freetv.fun/live/min-shi-ying-ju-11.m3u8,重复URL
民视影剧台,https://t.freetv.fun/live/min-shi-ying-ju-12.m3u8,重复URL
民视影剧台,https://t.freetv.fun/live/min-shi-ying-ju-13.m3u8,重复URL
民视影剧台,https://t.freetv.fun/live/min-shi-ying-ju-1.m3u8,重复URL
民视影剧台,https://t.freetv.fun/live/min-shi-ying-ju-1.php,重复URL
民视旅游台,https://t.freetv.fun/live/min-shi-lu-you-10.m3u8,重复URL
民视旅游台,https://t.freetv.fun/live/min-shi-lu-you-12.m3u8,重复URL
民视旅游台,https://t.freetv.fun/live/min-shi-lu-you-11.m3u8,重复URL
民视旅游台,https://t.freetv.fun/live/min-shi-lu-you-1.m3u8,重复URL
民视旅游台,https://t.freetv.fun/live/min-shi-lu-you-8.m3u8,重复URL
民视旅游台,https://t.freetv.fun/live/min-shi-lu-you-13.m3u8,重复URL
民视旅游台,https://t.freetv.fun/live/min-shi-lu-you-14.m3u8,重复URL
民视旅游台,https://t.freetv.fun/live/min-shi-lu-you-15.m3u8,重复URL
民视旅游台,https://t.freetv.fun/live/min-shi-lu-you-9.m3u8,重复URL
民视第一台,https://t.freetv.fun/live/min-shi-di-yi-tai-2.m3u8,重复URL
民视第一台,https://t.freetv.fun/live/min-shi-di-yi-2.m3u8,重复URL
民视第一台,https://t.freetv.fun/live/min-shi-di-yi-b.m3u8,重复URL
民视第一台,https://t.freetv.fun/live/min-shi-di-yi-15.m3u8,重复URL
民视第一台,https://t.freetv.fun/live/min-shi-di-yi-a.m3u8,重复URL
民视第一台,https://t.freetv.fun/live/min-shi-di-yi-16.m3u8,重复URL
民视第一台,https://t.freetv.fun/live/min-shi-di-yi-12.m3u8,重复URL
民视第一台,https://t.freetv.fun/live/min-shi-di-yi-11.m3u8,重复URL
民视第一台,https://t.freetv.fun/live/min-shi-di-yi-13.m3u8,重复URL
民视第一台,https://t.freetv.fun/live/min-shi-di-yi-1.m3u8,重复URL
民视第一台,https://t.freetv.fun/live/min-shi-di-yi-10.m3u8,重复URL
民视第一台,https://t.freetv.fun/live/min-shi-di-yi-14.m3u8,重复URL
民视第一台,https://t.freetv.fun/live/min-shi-di-yi-8.m3u8,重复URL
民视第一台,https://t.freetv.fun/live/min-shi-di-yi-9.m3u8,重复URL
民视综艺台,https://t.freetv.fun/live/min-shi-zong-yi-8.m3u8,重复URL
民视综艺台,https://t.freetv.fun/live/min-shi-zong-yi-tai-1.m3u8,重复URL
民视综艺台,https://t.freetv.fun/live/min-shi-zong-yi-13.m3u8,重复URL
民视综艺台,https://t.freetv.fun/live/min-shi-zong-yi-11.m3u8,重复URL
民视综艺台,https://t.freetv.fun/live/min-shi-zong-yi-9.m3u8,重复URL
民视综艺台,https://t.freetv.fun/live/min-shi-zong-yi-10.m3u8,重复URL
民视综艺台,https://t.freetv.fun/live/min-shi-zong-yi-15.m3u8,重复URL
民视综艺台,https://t.freetv.fun/live/min-shi-zong-yi-12.m3u8,重复URL
民视综艺台,https://t.freetv.fun/live/min-shi-zong-yi-14.m3u8,重复URL
公视,https://t.freetv.fun/live/gong-shi-b.m3u8,重复URL
公视,https://t.freetv.fun/live/gong-shi-a.m3u8,重复URL
公视,https://t.freetv.fun/live/gong-shi-1.m3u8,重复URL
公视,https://t.freetv.fun/live/xiao-gong-shi.m3u8,重复URL
公视,https://t.freetv.fun/live/gong-shi-28.m3u8,重复URL
公视,https://t.freetv.fun/live/gong-shi-1.php,重复URL
公视,https://t.freetv.fun/live/gong-shi-2.ts,重复URL
公视台语台,https://t.freetv.fun/live/gong-shi-tai-yu-a.m3u8,重复URL
公视台语台,https://t.freetv.fun/live/gong-shi-tai-yu-1.m3u8,重复URL
公视台语台,https://t.freetv.fun/live/gong-shi-tai-yu-1-1.m3u8,重复URL
公视台语台,https://t.freetv.fun/live/gong-shi-tai-yu-2.m3u8,重复URL
公视台语台,https://t.freetv.fun/live/gong-shi-tai-yu-1.php,重复URL
公视戏剧,https://t.freetv.fun/live/gong-shi-xi-ju-14.m3u8,重复URL
公视戏剧,https://t.freetv.fun/live/gong-shi-xi-ju-10.m3u8,重复URL
公视戏剧,https://t.freetv.fun/live/gong-shi-xi-ju-9.m3u8,重复URL
公视戏剧,https://t.freetv.fun/live/gong-shi-xi-ju-8.m3u8,重复URL
公视戏剧,https://t.freetv.fun/live/gong-shi-xi-ju-15.m3u8,重复URL
公视戏剧,https://t.freetv.fun/live/gong-shi-xi-ju.m3u8,重复URL
公视戏剧,https://t.freetv.fun/live/gong-shi-xi-ju-13.m3u8,重复URL
公视戏剧,https://t.freetv.fun/live/gong-shi-xi-ju-11.m3u8,重复URL
东森幼幼台,https://t.freetv.fun/live/dong-sen-you-you-tai-1.m3u8,重复URL
东森新闻台,https://t.freetv.fun/live/dong-sen-xin-wen-14.m3u8,重复URL
东森新闻台,https://t.freetv.fun/live/dong-sen-xin-wen-tai-4.m3u8,重复URL
东森新闻台,https://t.freetv.fun/live/dong-sen-xin-wen-15.m3u8,重复URL
东森新闻台,https://t.freetv.fun/live/dong-sen-xin-wen-13.m3u8,重复URL
东森新闻台,https://t.freetv.fun/live/dong-sen-xin-wen-11.m3u8,重复URL
东森新闻台,https://t.freetv.fun/live/dong-sen-xin-wen-tai-5.m3u8,重复URL
东森新闻台,https://t.freetv.fun/live/dong-sen-xin-wen-12.m3u8,重复URL
东森新闻台,https://t.freetv.fun/live/dong-sen-xin-wen-17.m3u8,重复URL
东森新闻台,https://t.freetv.fun/live/dong-sen-xin-wen-18.m3u8,重复URL
东森新闻台,https://t.freetv.fun/live/dong-sen-xin-wen-1-1.m3u8,重复URL
东森新闻台,https://t.freetv.fun/live/dong-sen-xin-wen-16.m3u8,重复URL
东森电影台,https://t.freetv.fun/live/dong-sen-dian-ying-tai-1.m3u8,重复URL
东森财经新闻台,https://t.freetv.fun/live/dong-sen-cai-jing-xin-wen-tai-1.m3u8,重复URL
东森超视,https://t.freetv.fun/live/dong-sen-chao-shi-6.m3u8,重复URL
东森超视,https://t.freetv.fun/live/dong-sen-chao-shi-34-5-2-2.m3u8,重复URL
东森超视,https://t.freetv.fun/live/dong-sen-chao-shi-5.m3u8,重复URL
东森超视,https://t.freetv.fun/live/dong-sen-chao-shi-34-5-1.m3u8,重复URL
东森超视,https://t.freetv.fun/live/dong-sen-chao-shi-34-5-3.m3u8,重复URL
东森超视,https://t.freetv.fun/live/dong-sen-chao-shi-34-5-4.m3u8,重复URL
东森超视,https://stream1.freetv.fun/dong-sen-chao-shi-2.m3u8,重复URL
东森超视,https://stream1.freetv.fun/dong-sen-chao-shi-8.m3u8,重复URL
东森超视,https://stream1.freetv.fun/dong-sen-chao-shi-4.m3u8,重复URL
东森超视,https://stream1.freetv.fun/dong-sen-chao-shi-7.ctv,重复URL
华视,https://t.freetv.fun/live/hua-shi-25.m3u8,重复URL
华视,https://t.freetv.fun/live/hua-shi-26.m3u8,重复URL
华视,https://t.freetv.fun/live/hua-shi-18.m3u8,重复URL
华视,https://t.freetv.fun/live/hua-shi-22.m3u8,重复URL
华视,https://t.freetv.fun/live/hua-shi-24.m3u8,重复URL
华视,https://t.freetv.fun/live/hua-shi-20.m3u8,重复URL
华视,https://t.freetv.fun/live/hua-shi-1-1.m3u8,重复URL
华视,https://t.freetv.fun/live/hua-shi-27.m3u8,重复URL
华视,https://t.freetv.fun/live/hua-shi-17.m3u8,重复URL
华视,https://t.freetv.fun/live/hua-shi-a.m3u8,重复URL
华视,https://t.freetv.fun/live/hua-shi-7.m3u8,重复URL
华视,https://t.freetv.fun/live/hua-shi-19.m3u8,重复URL
华视新闻,https://t.freetv.fun/live/hua-shi-xin-wen-6.m3u8,重复URL
华视新闻,https://t.freetv.fun/live/hua-shi-xin-wen-5.m3u8,重复URL
华视新闻,https://t.freetv.fun/live/hua-shi-xin-wen-8.m3u8,重复URL
华视新闻,https://t.freetv.fun/live/hua-shi-xin-wen-tai.m3u8,重复URL
华视新闻,https://t.freetv.fun/live/hua-shi-xin-wen-7.m3u8,重复URL
靖天国际,https://t.freetv.fun/live/jing-tian-guo-ji-14.m3u8,重复URL
靖天国际,https://t.freetv.fun/live/jing-tian-guo-ji-15.m3u8,重复URL
靖天国际,https://t.freetv.fun/live/jing-tian-guo-ji-13.m3u8,重复URL
靖天国际,https://t.freetv.fun/live/jing-tian-guo-ji-11.m3u8,重复URL
靖天国际,https://t.freetv.fun/live/jing-tian-guo-ji-9.m3u8,重复URL
靖天国际,https://t.freetv.fun/live/jing-tian-guo-ji-12.m3u8,重复URL
靖天国际,https://t.freetv.fun/live/jing-tian-guo-ji-10.m3u8,重复URL
靖天映画,https://t.freetv.fun/live/jing-tian-ying-hua-10.m3u8,重复URL
靖天映画,https://t.freetv.fun/live/jing-tian-ying-hua-13.m3u8,重复URL
靖天映画,https://t.freetv.fun/live/jing-tian-ying-hua.m3u8,重复URL
靖天映画,https://t.freetv.fun/live/jing-tian-ying-hua-9.m3u8,重复URL
靖天映画,https://t.freetv.fun/live/jing-tian-ying-hua-14.m3u8,重复URL
靖天映画,https://t.freetv.fun/live/jing-tian-ying-hua-8.m3u8,重复URL
靖天映画,https://t.freetv.fun/live/jing-tian-ying-hua-15.m3u8,重复URL
靖天映画,https://t.freetv.fun/live/jing-tian-ying-hua-11.m3u8,重复URL
靖天映画,https://t.freetv.fun/live/jing-tian-ying-hua-12.m3u8,重复URL
靖天映画,http://breezy-audrie-zspace-7524863c.koyeb.app/vipsir?token=leifeng&id=4gtv-4gtv055,重复URL
靖天欢乐台,https://t.freetv.fun/live/jing-tian-huan-le-12.m3u8,重复URL
靖天欢乐台,https://t.freetv.fun/live/jing-tian-huan-le-13.m3u8,重复URL
靖天欢乐台,https://t.freetv.fun/live/jing-tian-huan-le-14.m3u8,重复URL
靖天欢乐台,https://t.freetv.fun/live/jing-tian-huan-le-11.m3u8,重复URL
靖天欢乐台,https://t.freetv.fun/live/jing-tian-huan-le-10.m3u8,重复URL
靖天欢乐台,https://t.freetv.fun/live/jing-tian-huan-le-9.m3u8,重复URL
靖天欢乐台,https://t.freetv.fun/live/jing-tian-huan-le-15.m3u8,重复URL
龙华偶像,https://t.freetv.fun/live/long-hua-ou-xiang-10.m3u8,重复URL
龙华偶像,https://t.freetv.fun/live/long-hua-ou-xiang-9.m3u8,重复URL
龙华偶像,https://t.freetv.fun/live/long-hua-ou-xiang-14.m3u8,重复URL
龙华偶像,https://t.freetv.fun/live/long-hua-ou-xiang-13.m3u8,重复URL
龙华偶像,https://t.freetv.fun/live/long-hua-ou-xiang-12.m3u8,重复URL
龙华偶像,https://t.freetv.fun/live/long-hua-ou-xiang-8.m3u8,重复URL
龙华偶像,https://t.freetv.fun/live/long-hua-ou-xiang-11.m3u8,重复URL
龙华偶像,https://t.freetv.fun/live/long-hua-ou-xiang-7.m3u8,重复URL
龙华偶像,https://t.freetv.fun/live/long-hua-ou-xiang-b.m3u8,重复URL
龙华戏剧,https://t.freetv.fun/live/long-hua-xi-ju-17.m3u8,重复URL
龙华戏剧,https://t.freetv.fun/live/long-hua-xi-ju-16.m3u8,重复URL
龙华戏剧,https://t.freetv.fun/live/long-hua-xi-ju-10.m3u8,重复URL
龙华戏剧,https://t.freetv.fun/live/long-hua-xi-ju-11.m3u8,重复URL
龙华戏剧,https://t.freetv.fun/live/long-hua-xi-ju-14.m3u8,重复URL
龙华戏剧,https://t.freetv.fun/live/long-hua-xi-ju-1.m3u8,重复URL
龙华戏剧,https://t.freetv.fun/live/long-hua-xi-ju-12.m3u8,重复URL
龙华洋片,https://t.freetv.fun/live/long-hua-yang-pian-9.m3u8,重复URL
龙华洋片,https://t.freetv.fun/live/long-hua-yang-pian-8.m3u8,重复URL
龙华洋片,https://t.freetv.fun/live/long-hua-yang-pian-15.m3u8,重复URL
龙华洋片,https://t.freetv.fun/live/long-hua-yang-pian-13.m3u8,重复URL
龙华洋片,https://t.freetv.fun/live/long-long-hua-yang-pian.m3u8,重复URL
龙华洋片,https://t.freetv.fun/live/long-hua-yang-pian-12.m3u8,重复URL
龙华洋片,https://t.freetv.fun/live/long-hua-yang-pian-10.m3u8,重复URL
龙华洋片,https://t.freetv.fun/live/long-hua-yang-pian-11.m3u8,重复URL
龙华洋片,https://t.freetv.fun/live/long-hua-yang-pian-14.m3u8,重复URL
龙华电影,https://t.freetv.fun/live/long-hua-dian-ying-11.m3u8,重复URL
龙华电影,https://t.freetv.fun/live/long-hua-dian-ying-15.m3u8,重复URL
龙华电影,https://t.freetv.fun/live/long-hua-dian-ying-12.m3u8,重复URL
龙华电影,https://t.freetv.fun/live/long-hua-dian-ying-14.m3u8,重复URL
龙华电影,https://t.freetv.fun/live/long-hua-dian-ying-b.m3u8,重复URL
龙华电影,https://t.freetv.fun/live/long-hua-dian-ying-13.m3u8,重复URL
龙华电影,https://t.freetv.fun/live/long-hua-dian-ying-10.m3u8,重复URL
龙华经典,https://t.freetv.fun/live/long-hua-jing-dian-14.m3u8,重复URL
龙华经典,https://t.freetv.fun/live/long-hua-jing-dian-13.m3u8,重复URL
龙华经典,https://t.freetv.fun/live/long-hua-jing-dian-b.m3u8,重复URL
龙华经典,https://t.freetv.fun/live/long-hua-jing-dian-10.m3u8,重复URL
龙华经典,https://t.freetv.fun/live/long-hua-jing-dian-11.m3u8,重复URL
龙华经典,https://t.freetv.fun/live/long-hua-jing-dian-9.m3u8,重复URL
龙华经典,https://t.freetv.fun/live/long-hua-jing-dian-12.m3u8,重复URL
龙华经典,https://t.freetv.fun/live/long-hua-jing-dian-15.m3u8,重复URL
龙华经典,https://t.freetv.fun/live/long-hua-jing-dian-8.m3u8,重复URL
台视,https://t.freetv.fun/live/tai-shi-12.m3u8,重复URL
台视,https://t.freetv.fun/live/tai-shi-9.m3u8,重复URL
台视,https://t.freetv.fun/live/tai-shi-1.m3u8,重复URL
台视,https://t.freetv.fun/live/tai-shi-15.m3u8,重复URL
台视,https://t.freetv.fun/live/tai-shi-11.m3u8,重复URL
台视,https://t.freetv.fun/live/tai-shi-13.m3u8,重复URL
台视,https://t.freetv.fun/live/tai-shi-14.m3u8,重复URL
台视,https://t.freetv.fun/live/ahuei-ttvtai-shi.m3u8,重复URL
台视,https://t.freetv.fun/live/tai-shi-hd720.m3u8,重复URL
台视,https://t.freetv.fun/live/tai-shi-16.m3u8,重复URL
台视,https://t.freetv.fun/live/tai-shi-sd360.m3u8,重复URL
台视,https://t.freetv.fun/live/tai-shi-10.m3u8,重复URL
台视新闻台,https://t.freetv.fun/live/tai-shi-xin-wen-tai-2.m3u8,重复URL
台视新闻台,https://t.freetv.fun/live/tai-shi-xin-wen-15.m3u8,重复URL
台视新闻台,https://t.freetv.fun/live/tai-shi-xin-wen-2-1.m3u8,重复URL
台视新闻台,https://t.freetv.fun/live/tai-shi-xin-wen-11.m3u8,重复URL
台视新闻台,https://t.freetv.fun/live/tai-shi-xin-wen-13.m3u8,重复URL
台视新闻台,https://t.freetv.fun/live/tai-shi-xin-wen-12.m3u8,重复URL
台视新闻台,https://t.freetv.fun/live/tai-shi-xin-wen-14.m3u8,重复URL
台视新闻台,https://t.freetv.fun/live/tai-shi-xin-wen-17.m3u8,重复URL
台视新闻台,https://t.freetv.fun/live/tai-shi-xin-wen-18.m3u8,重复URL
台视新闻台,https://t.freetv.fun/live/tai-shi-xin-wen-7.m3u8,重复URL
台视新闻台,https://t.freetv.fun/live/tai-shi-xin-wen-16.m3u8,重复URL
台视新闻台,https://t.freetv.fun/live/tai-shi-xin-wen-tai-1.m3u8,重复URL
台视新闻台,https://t.freetv.fun/live/tai-shi-xin-wen-1-3.m3u8,重复URL
台视新闻台,https://t.freetv.fun/live/tai-shi-xin-wen-5.m3u8,重复URL
台视财经台,https://t.freetv.fun/live/tai-shi-cai-jing.m3u8,重复URL
台视财经台,https://t.freetv.fun/live/tai-shi-cai-jing-4.m3u8,重复URL
台视财经台,https://t.freetv.fun/live/tai-shi-cai-jing-6.m3u8,重复URL
台视财经台,https://t.freetv.fun/live/tai-shi-cai-jing-7.m3u8,重复URL
台视财经台,https://t.freetv.fun/live/tai-shi-cai-jing-5.m3u8,重复URL
台视财经台,https://t.freetv.fun/live/tai-shi-cai-jing-3.m3u8,重复URL
亚洲旅游台,https://t.freetv.fun/live/ya-zhou-lu-you-20.m3u8,重复URL
亚洲旅游台,https://t.freetv.fun/live/ya-zhou-lu-you-16.m3u8,重复URL
亚洲旅游台,https://t.freetv.fun/live/ya-zhou-lu-you-19.m3u8,重复URL
亚洲旅游台,https://t.freetv.fun/live/ya-zhou-lu-you-27.m3u8,重复URL
亚洲旅游台,https://t.freetv.fun/live/ya-zhou-lu-you-25.m3u8,重复URL
亚洲旅游台,https://t.freetv.fun/live/ya-zhou-lu-you-26.m3u8,重复URL
亚洲旅游台,https://t.freetv.fun/live/ya-zhou-lu-you-24.m3u8,重复URL
亚洲旅游台,https://t.freetv.fun/live/ya-zhou-lu-you-23.m3u8,重复URL
亚洲旅游台,https://t.freetv.fun/live/ya-zhou-lu-you-22.m3u8,重复URL
亚洲旅游台,https://t.freetv.fun/live/ya-zhou-lu-you-21.m3u8,重复URL
HBO,https://t.freetv.fun/live/hbo-mundi-1-1.m3u8,重复URL
HBO,https://t.freetv.fun/live/hbo-hd-1.m3u8,重复URL
HBO,https://t.freetv.fun/live/hbo-hd-2.m3u8,重复URL
HBO,https://t.freetv.fun/live/hbo-1.m3u8,重复URL
HBO,https://t.freetv.fun/live/id-hbo.m3u8,重复URL
HBO,https://t.freetv.fun/live/hbo-7.m3u8,重复URL
HBO,https://t.freetv.fun/live/hbo-hd-vt.m3u8,重复URL
壹电视综合台,https://t.freetv.fun/live/yi-dian-shi-zong-he-tai.m3u8,重复URL
CHC动作电影,https://t.freetv.fun/live/chcdong-zuo-dian-ying-1-1.m3u8,重复URL
CHC动作电影,https://t.freetv.fun/live/chcdong-zuo-dian-ying-2.m3u8,重复URL
CHC动作电影,https://t.freetv.fun/live/chcdong-zuo-dian-ying-5.m3u8,重复URL
CHC动作电影,https://t.freetv.fun/live/chcdong-zuo-dian-ying-6.m3u8,重复URL
CHC动作电影,https://t.freetv.fun/live/chcdong-zuo-dian-ying-3-1.m3u8,重复URL
CHC动作电影,https://t.freetv.fun/live/chcdong-zuo-dian-ying-5-1.m3u8,重复URL
CHC动作电影,https://t.freetv.fun/live/chcdong-zuo-dian-ying-4-1.m3u8,重复URL
CHC动作电影,https://t.freetv.fun/live/chcdian-ying-5.m3u8,重复URL
CHC动作电影,http://198.204.228.26/live/chcdz.m3u8,重复URL
CHC动作电影,http://107.150.60.122/live/chcdz.m3u8,重复URL
CHC动作电影,https://iptv.catvod.com/live.php?id=CHC%E5%8A%A8%E4%BD%9C%E7%94%B5%E5%BD%B1&line=2,重复URL
CHC动作电影,https://iptv.catvod.com/live.php?id=CHC%E5%8A%A8%E4%BD%9C%E7%94%B5%E5%BD%B1&line=1,重复URL
CHC家庭影院,https://t.freetv.fun/live/chcjia-ting-ying-yuan-5.m3u8,重复URL
CHC家庭影院,https://t.freetv.fun/live/chcjia-ting-ying-yuan-7-1.m3u8,重复URL
CHC家庭影院,https://t.freetv.fun/live/chcjia-ting-ying-yuan-7.m3u8,重复URL
CHC家庭影院,https://t.freetv.fun/live/chcjia-ting-ying-yuan-3-1.m3u8,重复URL
CHC家庭影院,https://t.freetv.fun/live/chcjia-ting-ying-yuan-6-1.m3u8,重复URL
CHC家庭影院,https://t.freetv.fun/live/chcjia-ting-ying-yuan-2.m3u8,重复URL
CHC家庭影院,https://t.freetv.fun/live/jia-ting-ying-yuan-1.m3u8,重复URL
CHC家庭影院,https://t.freetv.fun/live/jia-ting-ying-yuan-3.m3u8,重复URL
CHC家庭影院,https://t.freetv.fun/live/chcjia-ting-ying-yuan-4.m3u8,重复URL
CHC家庭影院,https://t.freetv.fun/live/chcjia-ting-ying-yuan-8.m3u8,重复URL
CHC家庭影院,https://t.freetv.fun/live/jia-ting-ying-yuan.m3u8,重复URL
CHC家庭影院,http://198.204.228.26/live/chcjt.m3u8,重复URL
CHC家庭影院,http://192.151.150.154/live/chcjt.m3u8,重复URL
CHC家庭影院,http://107.150.60.122/live/chcjt.m3u8,重复URL
CHC家庭影院,http://38.75.136.137:98/gslb/dsdqpub/chcjt.m3u8?auth=testpub,重复URL
CHC影迷电影,https://t.freetv.fun/live/chcying-mi-dian-ying-3.m3u8,重复URL
CHC影迷电影,https://t.freetv.fun/live/chcying-mi-dian-ying-6.m3u8,重复URL
CHC影迷电影,https://t.freetv.fun/live/chcying-mi-dian-ying-7.m3u8,重复URL
CHC影迷电影,https://t.freetv.fun/live/chcying-mi-dian-ying-9.m3u8,重复URL
CHC影迷电影,https://t.freetv.fun/live/chcying-mi-dian-ying-2.m3u8,重复URL
CHC影迷电影,https://t.freetv.fun/live/chcying-mi-dian-ying-4.m3u8,重复URL
CHC影迷电影,https://t.freetv.fun/live/chcying-mi-dian-ying-10.m3u8,重复URL
CHC影迷电影,https://t.freetv.fun/live/chcying-mi-dian-ying.m3u8,重复URL
CHC影迷电影,https://t.freetv.fun/live/chcying-mi-dian-ying-1.m3u8,重复URL
CHC影迷电影,https://t.freetv.fun/live/chcgao-qing-dian-ying-1-2.m3u8,重复URL
CHC影迷电影,https://t.freetv.fun/live/chcying-mi-dian-ying-5.m3u8,重复URL
CHC影迷电影,https://t.freetv.fun/live/chcdian-ying-1.m3u8,重复URL
CHC影迷电影,https://t.freetv.fun/live/chcdian-ying-2.m3u8,重复URL
CHC影迷电影,https://t.freetv.fun/live/chcgao-qing-dian-ying-3-1.m3u8,重复URL
CHC影迷电影,https://t.freetv.fun/live/chcdian-ying.m3u8,重复URL
amc电影台,https://t.freetv.fun/live/amcdian-ying-8.m3u8,重复URL
amc电影台,https://t.freetv.fun/live/amcdian-ying.m3u8,重复URL
amc电影台,https://t.freetv.fun/live/amcdian-ying-1.m3u8,重复URL
amc电影台,https://t.freetv.fun/live/amcdian-ying-9.m3u8,重复URL
amc电影台,https://t.freetv.fun/live/amcdian-ying-10.m3u8,重复URL
amc电影台,https://t.freetv.fun/live/amcdian-ying-11.m3u8,重复URL
美亚电影,https://t.freetv.fun/live/mei-ya-dian-ying-1-1.m3u8,重复URL
美亚电影,https://t.freetv.fun/live/mei-ya-dian-ying-1.m3u8,重复URL
影迷数位电影,https://t.freetv.fun/live/ying-mi-shu-wei-dian-ying-1.m3u8,重复URL
影迷数位电影,https://t.freetv.fun/live/ying-mi-shu-wei-dian-ying-13.m3u8,重复URL
影迷数位电影,https://t.freetv.fun/live/ying-mi-shu-wei-dian-ying-8.m3u8,重复URL
影迷数位电影,https://t.freetv.fun/live/ying-mi-shu-wei-dian-ying-16.m3u8,重复URL
影迷数位电影,https://t.freetv.fun/live/ying-mi-shu-wei-dian-ying-15.m3u8,重复URL
影迷数位电影,https://t.freetv.fun/live/ying-mi-shu-wei-dian-ying-9.m3u8,重复URL
影迷数位电影,https://t.freetv.fun/live/ying-mi-shu-wei-dian-ying-10.m3u8,重复URL
影迷数位电影,https://t.freetv.fun/live/ying-mi-shu-wei-dian-ying-14.m3u8,重复URL
影迷数位电影,https://t.freetv.fun/live/ying-mi-shu-wei-dian-ying-11.m3u8,重复URL
影迷数位电影,https://t.freetv.fun/live/ying-mi-shu-wei-dian-ying-12.m3u8,重复URL
淘电影,https://t.freetv.fun/live/tao-dian-ying-1.m3u8,重复URL
淘电影,https://stream1.freetv.fun/tao-dian-ying-3.ctv,重复URL
淘电影,https://stream1.freetv.fun/tao-dian-ying-8.ctv,重复URL
淘电影,https://stream1.freetv.fun/tao-dian-ying-7.ctv,重复URL
淘电影,https://stream1.freetv.fun/tao-dian-ying-6.ctv,重复URL
经典电影,https://t.freetv.fun/live/jing-dian-dian-ying-7.m3u8,重复URL
经典电影,https://t.freetv.fun/live/jing-dian-dian-ying-6.m3u8,重复URL
经典电影,https://t.freetv.fun/live/jing-dian-dian-ying-3.m3u8,重复URL
经典电影,https://t.freetv.fun/live/jing-dian-dian-ying-1-1.m3u8,重复URL
经典电影,https://t.freetv.fun/live/jing-dian-dian-ying-3-1.m3u8,重复URL
经典电影,https://t.freetv.fun/live/jing-dian-dian-ying-5.m3u8,重复URL
经典电影,https://t.freetv.fun/live/jing-dian-dian-ying-2-1.m3u8,重复URL
经典电影,https://stream1.freetv.fun/jing-dian-dian-ying-8.ctv,重复URL
经典电影,https://stream1.freetv.fun/jing-dian-dian-ying-15.ctv,重复URL
周星驰,https://t.freetv.fun/live/zhou-xing-chi-2.flv,重复URL
洪金宝,https://t.freetv.fun/live/hong-jin-bao-2-1.m3u8,重复URL
洪金宝,https://t.freetv.fun/live/hong-jin-bao-2.m3u8,重复URL
洪金宝,https://t.freetv.fun/live/hong-jin-bao-3.php,重复URL
洪金宝,https://t.freetv.fun/live/hong-jin-bao-2.xs,重复URL
洪金宝,https://t.freetv.fun/live/hong-jin-bao-2.flv,重复URL
刘德华,https://t.freetv.fun/live/liu-de-hua-2-1.m3u8,重复URL
刘德华,https://t.freetv.fun/live/liu-de-hua-4.m3u8,重复URL
刘德华,https://t.freetv.fun/live/liu-de-hua-1-1.m3u8,重复URL
刘德华,https://t.freetv.fun/live/liu-de-hua-2-1.php,重复URL
刘德华,https://t.freetv.fun/live/liu-de-hua-4.xs,重复URL
刘德华,https://t.freetv.fun/live/liu-de-hua-4.flv,重复URL
林正英,https://t.freetv.fun/live/lin-zheng-ying-5.php,重复URL
甄子丹,https://t.freetv.fun/live/zhen-zi-dan-dian-ying-3.m3u8,重复URL
邵氏影院,https://t.freetv.fun/live/shao-shi-ying-yuan-1.m3u8,重复URL
欧美影院,https://t.freetv.fun/live/ou-mei-ying-yuan.m3u8,重复URL
恐怖惊悚,https://t.freetv.fun/live/kong-bu-liang-song.m3u8,重复URL
国产影片,https://t.freetv.fun/live/guo-chan-ying-pian.m3u8,重复URL
神雕侠侣,https://t.freetv.fun/live/shen-diao-xia-lu-6-1.m3u8,重复URL
动作电影,https://iptv.catvod.com/live.php?id=NewTV%E5%8A%A8%E4%BD%9C%E7%94%B5%E5%BD%B1,重复URL
家庭剧场,https://t.freetv.fun/live/jia-ting-ju-chang-3.m3u8,重复URL
惊悚悬疑,http://ottrrs.hl.chinamobile.com/PLTV/88888888/224/3221225665/index.m3u8,重复URL
惊悚悬疑,https://iptv.catvod.com/live.php?id=NewTV%E6%83%8A%E6%82%9A%E6%82%AC%E7%96%91,重复URL
精品体育,https://epg.pw/stream/94ed0232b61ce8d89883160a4cdfbfc8f3225cae70ef8e17d93eec249a3c8ad6.m3u8,重复URL
超级体育,https://t.freetv.fun/live/chao-ji-ti-yu-3-1.m3u8,重复URL
超级电影,https://t.freetv.fun/live/chao-ji-dian-ying-3-1.m3u8,重复URL
黑莓电影,https://epg.pw/stream/ffcb6572863f0745a7369fbd9d901f1dfd0ab8fab8bad8bebb4e01c90b303c47.m3u8,重复URL
五星体育,https://t.freetv.fun/live/wu-xing-ti-yu-6.m3u8,重复URL
五星体育,https://t.freetv.fun/live/wu-xing-ti-yu-5-1.m3u8,重复URL
五星体育,https://t.freetv.fun/live/wu-xing-ti-yu-1-1.m3u8,重复URL
五星体育,https://t.freetv.fun/live/wu-xing-ti-yu-3-1.m3u8,重复URL
五星体育,https://t.freetv.fun/live/wu-xing-ti-yu-2-1.m3u8,重复URL
五星体育,https://t.freetv.fun/live/wu-xing-ti-yu-4-1.m3u8,重复URL
五星体育,https://t.freetv.fun/live/wu-xing-ti-yu-6-1.m3u8,重复URL
五星体育,https://t.freetv.fun/live/wu-xing-ti-yu-gao-qing.m3u8,重复URL
五星体育,https://stream1.freetv.fun/wu-xing-ti-yu-9.m3u8,重复URL
广东体育,https://t.freetv.fun/live/yan-dong-ti-yu-gao-qing-3.m3u8,重复URL
广东体育,https://t.freetv.fun/live/yan-dong-ti-yu-1-1.m3u8,重复URL
广东体育,https://t.freetv.fun/live/yan-dong-ti-yu-3.m3u8,重复URL
广东体育,https://t.freetv.fun/live/yan-dong-ti-yu-gao-qing-4.m3u8,重复URL
广东体育,https://t.freetv.fun/live/yan-dong-ti-yu-4.m3u8,重复URL
广东体育,https://t.freetv.fun/live/yan-dong-ti-yu-gao-qing-6.m3u8,重复URL
广东体育,https://t.freetv.fun/live/yan-dong-ti-yu-12.m3u8,重复URL
广东体育,https://t.freetv.fun/live/yan-dong-ti-yu-gao-qing-1.m3u8,重复URL
广东体育,https://t.freetv.fun/live/yan-dong-ti-yu-gao-qing-24.m3u8,重复URL
广东体育,https://t.freetv.fun/live/yan-dong-ti-yu-7.m3u8,重复URL
广东体育,https://t.freetv.fun/live/guang-dong-ti-yu-gao-qing.m3u8,重复URL
广东体育,https://t.freetv.fun/live/yan-dong-ti-yu-14.m3u8,重复URL
广东体育,https://t.freetv.fun/live/yan-dong-ti-yu-gao-qing-17.m3u8,重复URL
广东体育,https://t.freetv.fun/live/yan-dong-ti-yu-8.m3u8,重复URL
广东体育,https://t.freetv.fun/live/yan-dong-ti-yu-11.m3u8,重复URL
广东体育,https://t.freetv.fun/live/yan-dong-ti-yu-6.m3u8,重复URL
广东体育,https://t.freetv.fun/live/yan-dong-ti-yu-gao-qing-22.m3u8,重复URL
广东体育,https://t.freetv.fun/live/yan-dong-ti-yu-gao-qing-11.m3u8,重复URL
纬来体育,https://epg.pw/stream/ab6df63b64d0cc44a1f4f029ed847a26fa54a7aebd455578fb05a63f02c22f4b.m3u8,重复URL
纬来体育,https://epg.pw/stream/4f18dfe0593db5c686eb64ae8edaf2a9202d4d46bdc9bbde2cee27708e12ea01.m3u8,重复URL
纬来体育,https://epg.pw/stream/8855a9936e37e608a0ec8a014cce1673dee9c5d68d560da376cc92e5edef2b25.m3u8,重复URL
纬来体育,https://t.freetv.fun/live/wei-lai-ti-yu-ee.php,重复URL
足球频道,https://t.freetv.fun/live/mei-li-zu-qiu-3.m3u8,重复URL
足球频道,https://t.freetv.fun/live/zu-qiu-2.m3u8,重复URL
足球频道,https://t.freetv.fun/live/zu-qiu-1.m3u8,重复URL
足球频道,https://t.freetv.fun/live/mei-li-zu-qiu-1-2.m3u8,重复URL
足球频道,https://t.freetv.fun/live/zu-qiu-3.m3u8,重复URL
辽宁体育,https://t.freetv.fun/live/liao-zhu-ti-yu-1-1.m3u8,重复URL
辽宁体育,https://t.freetv.fun/live/liao-zhu-ti-yu-1.m3u8,重复URL
辽宁体育,https://t.freetv.fun/live/liao-zhu-ti-yu-2.m3u8,重复URL
辽宁体育,https://t.freetv.fun/live/liao-zhu-ti-yu-1.php,重复URL
风云足球,http://38.75.136.137:98/gslb/dsdqpub/fyzq.m3u8?auth=testpub,重复URL
风云足球,https://epg.pw/stream/ac8062ec9484078061d3bef507c15a423ac57ae4144e3fcc4b0a198dd420f911.m3u8,重复URL
风云足球,https://epg.pw/stream/6d7bf281e3d739806a73f5373acaa6e01988ec9739f5ac1355ce54b47a928472.m3u8,重复URL
魅力足球,https://stream1.freetv.fun/mei-li-zu-qiu-1.m3u8,重复URL
魅力足球,https://stream1.freetv.fun/ipv6-mei-li-zu-qiu-4.m3u8,重复URL
咪咕直播,http://ottrrs.hl.chinamobile.com/PLTV/88888888/224/3221226398/index.m3u8,重复URL
埋堆堆5,https://t.freetv.fun/live/mai-dui-dui-5-1-1.m3u8,重复URL
「斗鱼」原神,https://t.freetv.fun/live/dou-yu-yuan-shen.m3u8,重复URL
「斗鱼」第五人格,https://t.freetv.fun/live/dou-yu-di-wu-ren-ge-1.m3u8,重复URL
CN卡通,https://t.freetv.fun/live/cnqia-tong.m3u8,重复URL
CN卡通,https://stream1.freetv.fun/cnqia-tong-3.ctv,重复URL
优漫卡通,https://t.freetv.fun/live/jiang-su-you-man-qia-tong.m3u8,重复URL
优漫卡通,https://t.freetv.fun/live/you-man-qia-tong-21.m3u8,重复URL
优漫卡通,https://t.freetv.fun/live/you-man-qia-tong-5-1.m3u8,重复URL
优漫卡通,https://t.freetv.fun/live/you-man-qia-tong-3-1.m3u8,重复URL
优漫卡通,https://t.freetv.fun/live/you-man-qia-tong-1-1.m3u8,重复URL
优漫卡通,https://t.freetv.fun/live/you-man-qia-tong-2-1.m3u8,重复URL
优漫卡通,https://t.freetv.fun/live/you-man-qia-tong-4-1.m3u8,重复URL
动漫秀场,https://t.freetv.fun/live/dong-man-xiu-chang-4.m3u8,重复URL
动漫秀场,https://t.freetv.fun/live/dong-man-xiu-chang-1-2.m3u8,重复URL
动漫秀场,https://t.freetv.fun/live/dong-man-xiu-chang-5.m3u8,重复URL
动漫秀场,https://t.freetv.fun/live/dong-man-xiu-chang-9.m3u8,重复URL
动漫秀场,https://t.freetv.fun/live/dong-man-xiu-chang-2-1.m3u8,重复URL
哈哈炫动,https://t.freetv.fun/live/ha-ha-xuan-dong-4.m3u8,重复URL
哈哈炫动,https://t.freetv.fun/live/ha-ha-xuan-dong-6.m3u8,重复URL
哈哈炫动,https://t.freetv.fun/live/ha-ha-xuan-dong-4-1.m3u8,重复URL
哈哈炫动,https://t.freetv.fun/live/ha-ha-xuan-dong-7.m3u8,重复URL
哈哈炫动,https://t.freetv.fun/live/ha-ha-xuan-dong-3.m3u8,重复URL
哈哈炫动,https://t.freetv.fun/live/ha-ha-xuan-dong-5.m3u8,重复URL
哈哈炫动,https://t.freetv.fun/live/ha-ha-xuan-dong-2.m3u8,重复URL
哈哈炫动,https://t.freetv.fun/live/ha-ha-xuan-dong-1.m3u8,重复URL
嘉佳卡通,https://t.freetv.fun/live/jia-jia-qia-tong-4-1.m3u8,重复URL
嘉佳卡通,https://t.freetv.fun/live/jia-jia-qia-tong-4.m3u8,重复URL
嘉佳卡通,https://t.freetv.fun/live/jia-jia-qia-tong-8.m3u8,重复URL
嘉佳卡通,https://t.freetv.fun/live/jia-jia-qia-tong-1-1.m3u8,重复URL
嘉佳卡通,https://t.freetv.fun/live/jia-jia-qia-tong-2-1.m3u8,重复URL
嘉佳卡通,https://t.freetv.fun/live/jia-jia-qia-tong-5.m3u8,重复URL
嘉佳卡通,https://t.freetv.fun/live/jia-jia-qia-tong-7.m3u8,重复URL
嘉佳卡通,https://t.freetv.fun/live/jia-jia-qia-tong-10.m3u8,重复URL
新动漫,https://iptv.catvod.com/live.php?id=%E6%96%B0%E5%8A%A8%E6%BC%AB&line=1,重复URL
河北少儿科教,https://t.freetv.fun/live/he-bei-shao-er-ke-jiao-1.m3u8,重复URL
河北少儿科教,https://stream1.freetv.fun/he-bei-shao-er-ke-jiao-2.m3u8,重复URL
河北少儿科教,https://stream1.freetv.fun/he-bei-shao-er-ke-jiao-15.ctv,重复URL
河北少儿科教,https://stream1.freetv.fun/he-bei-shao-er-ke-jiao-7.ctv,重复URL
河北少儿科教,https://stream1.freetv.fun/he-bei-shao-er-ke-jiao-10.ctv,重复URL
河北少儿科教,https://stream1.freetv.fun/he-bei-shao-er-ke-jiao-12.m3u8,重复URL
浙江少儿,https://t.freetv.fun/live/zhe-jiang-shao-er-1-2.m3u8,重复URL
浙江少儿,https://t.freetv.fun/live/zhe-jiang-shao-er-7-1.m3u8,重复URL
浙江少儿,https://t.freetv.fun/live/zhe-jiang-shao-er-9.m3u8,重复URL
浙江少儿,https://t.freetv.fun/live/zhe-jiang-shao-er-12.m3u8,重复URL
浙江少儿,https://t.freetv.fun/live/zhe-jiang-shao-er-10.m3u8,重复URL
浙江少儿,https://t.freetv.fun/live/zhe-jiang-shao-er-3-1.m3u8,重复URL
浙江少儿,https://t.freetv.fun/live/zhe-jiang-shao-er-2-1.m3u8,重复URL
浙江少儿,https://t.freetv.fun/live/zhe-jiang-shao-er-8.m3u8,重复URL
浙江少儿,https://t.freetv.fun/live/zhe-jiang-shao-er-4-1.m3u8,重复URL
浙江少儿,https://t.freetv.fun/live/zhe-jiang-shao-er-6-1.m3u8,重复URL
浙江少儿,https://t.freetv.fun/live/zhe-jiang-shao-er-16.m3u8,重复URL
浙江少儿,https://t.freetv.fun/live/cn-zhe-jiang-shao-er.m3u8,重复URL
浙江少儿,https://t.freetv.fun/live/zhe-jiang-shao-er-5-1.m3u8,重复URL
海南少儿,https://t.freetv.fun/live/hai-nan-shao-er.m3u8,重复URL
海绵宝宝,https://t.freetv.fun/live/hai-mian-bao-bao.m3u8,重复URL
海绵宝宝,https://t.freetv.fun/live/hai-mian-bao-bao-1.m3u8,重复URL
海绵宝宝,https://t.freetv.fun/live/hai-mian-bao-bao-2.php,重复URL
海绵宝宝,https://t.freetv.fun/live/hai-mian-bao-bao-3.flv,重复URL
蜡笔小新,https://t.freetv.fun/live/zha-bi-xiao-xin.flv,重复URL
蜡笔小新,https://t.freetv.fun/live/zha-bi-xiao-xin-2.php,重复URL
蜡笔小新,https://t.freetv.fun/live/zha-bi-xiao-xin-1.php,重复URL
金鹰卡通,https://t.freetv.fun/live/jin-ying-qia-tong-8.m3u8,重复URL
金鹰卡通,https://t.freetv.fun/live/jin-ying-qia-tong-11.m3u8,重复URL
金鹰卡通,https://t.freetv.fun/live/jin-ying-qia-tong-18.m3u8,重复URL
金鹰卡通,https://t.freetv.fun/live/jin-ying-qia-tong-2-2.m3u8,重复URL
金鹰卡通,https://t.freetv.fun/live/jin-ying-qia-tong-10.m3u8,重复URL
金鹰卡通,https://t.freetv.fun/live/jin-ying-qia-tong-3-2.m3u8,重复URL
金鹰卡通,https://t.freetv.fun/live/jin-ying-qia-tong-12.m3u8,重复URL
金鹰卡通,https://t.freetv.fun/live/jin-ying-qia-tong-8-1.m3u8,重复URL
金鹰卡通,https://t.freetv.fun/live/jin-ying-qia-tong-biao-qing.m3u8,重复URL
金鹰卡通,https://t.freetv.fun/live/jin-ying-qia-tong-15.m3u8,重复URL
金鹰卡通,https://t.freetv.fun/live/jin-ying-qia-tong-1-1.m3u8,重复URL
靖天卡通,https://t.freetv.fun/live/jing-tian-qia-tong-16.m3u8,重复URL
靖天卡通,https://t.freetv.fun/live/jing-tian-qia-tong-10.m3u8,重复URL
靖天卡通,https://t.freetv.fun/live/jing-tian-qia-tong-12.m3u8,重复URL
靖天卡通,https://t.freetv.fun/live/jing-tian-qia-tong-13.m3u8,重复URL
靖天卡通,https://t.freetv.fun/live/jing-tian-qia-tong-15.m3u8,重复URL
靖天卡通,https://t.freetv.fun/live/jing-tian-qia-tong-11.m3u8,重复URL
靖天卡通,https://t.freetv.fun/live/jing-tian-qia-tong-1.m3u8,重复URL
靖天卡通,https://t.freetv.fun/live/jing-tian-qia-tong-17.m3u8,重复URL
靖天卡通,https://t.freetv.fun/live/jing-tian-qia-tong-9.m3u8,重复URL
靖天卡通,https://t.freetv.fun/live/jing-tian-qia-tong-14.m3u8,重复URL
靖洋卡通,https://t.freetv.fun/live/jing-yang-qia-tong-8.m3u8,重复URL
靖洋卡通,https://t.freetv.fun/live/jing-yang-qia-tong-11.m3u8,重复URL
靖洋卡通,https://t.freetv.fun/live/jing-yang-qia-tong-12.m3u8,重复URL
靖洋卡通,https://t.freetv.fun/live/jing-yang-qia-tong-13.m3u8,重复URL
靖洋卡通,https://t.freetv.fun/live/jing-yang-qia-tong-10.m3u8,重复URL
靖洋卡通,https://t.freetv.fun/live/jing-yang-qia-tong-9.m3u8,重复URL
靖洋卡通,https://t.freetv.fun/live/jing-yang-qia-tong-15.m3u8,重复URL
靖洋卡通,https://t.freetv.fun/live/jing-yang-qia-tong-14.m3u8,重复URL
龙华卡通,https://t.freetv.fun/live/long-hua-qia-tong-12.m3u8,重复URL
龙华卡通,https://t.freetv.fun/live/long-hua-qia-tong-14.m3u8,重复URL
龙华卡通,https://t.freetv.fun/live/long-hua-qia-tong-11.m3u8,重复URL
龙华卡通,https://t.freetv.fun/live/long-hua-qia-tong-1.m3u8,重复URL
龙华卡通,https://t.freetv.fun/live/long-hua-qia-tong-15.m3u8,重复URL
龙华卡通,https://t.freetv.fun/live/long-hua-qia-tong-10.m3u8,重复URL
龙华卡通,https://t.freetv.fun/live/long-hua-qia-tong-13.m3u8,重复URL
BBC,https://t.freetv.fun/live/bbc-2.m3u8,重复URL
CNA,https://t.freetv.fun/live/cna-geo-blocked-2.m3u8,重复URL
CNA,https://t.freetv.fun/live/cna-1.m3u8,重复URL
CNA,https://t.freetv.fun/live/cna-hd.m3u8,重复URL
CNA,https://t.freetv.fun/live/cna-4.m3u8,重复URL
CNA,https://t.freetv.fun/live/cna-2.m3u8,重复URL
CNA,https://t.freetv.fun/live/cna-3.m3u8,重复URL
CNA,http://d2e1asnsl7br7b.cloudfront.net/7782e205e72f43aeb4a48ec97f66ebbe/index_5.m3u8?zshijd,重复URL
CNA,https://live1.mediadesk.al/cnatvlive.m3u8,重复URL
CNN,https://t.freetv.fun/live/cnn-1.m3u8,重复URL
CNN,https://t.freetv.fun/live/cnn-hd-1.m3u8,重复URL
CNN,https://t.freetv.fun/live/cnn-1-1.m3u8,重复URL
CNN,https://t.freetv.fun/live/cnn-4.m3u8,重复URL
CNN,https://t.freetv.fun/live/acnn-480p.m3u8,重复URL
CNN,https://t.freetv.fun/live/cnn-j.m3u8,重复URL
CNN,https://t.freetv.fun/live/acnn.m3u8,重复URL
CNN,https://t.freetv.fun/live/cnn-us.m3u8,重复URL
CNN,https://t.freetv.fun/live/cnn-5.m3u8,重复URL
CNN,https://t.freetv.fun/live/cnn-us-sd.m3u8,重复URL
VOA美国之音,https://voa-ingest.akamaized.net/hls/live/2033878/tvmc08/playlist.m3u8,重复URL
テレビ朝日,https://t.freetv.fun/live/terehizhao-ri.m3u8,重复URL
东映チャンネル,https://t.freetv.fun/live/dong-ying-chiyanneru.m3u8,重复URL
东森美洲卫视,https://t.freetv.fun/live/dong-sen-mei-zhou-wei-shi.m3u8,重复URL
半岛电视台,https://t.freetv.fun/live/ban-dao-dian-shi-tai-1.m3u8,重复URL
半岛电视台,https://t.freetv.fun/live/ban-dao-dian-shi-tai-3.m3u8,重复URL
半岛电视台,https://t.freetv.fun/live/ban-dao-dian-shi-tai.m3u8,重复URL
半岛电视台,https://t.freetv.fun/live/ban-dao-dian-shi-tai-2.m3u8,重复URL
半岛电视台,https://t.freetv.fun/live/qia-ta-er-ban-dao-dian-shi.m3u8,重复URL
日本テレビ,https://t.freetv.fun/live/ri-ben-terehi-1-1.m3u8,重复URL
朝鲜中央台,https://t.freetv.fun/live/zhao-xian-zhong-yang-dian-shi-tai.m3u8,重复URL
朝鲜中央台,https://t.freetv.fun/live/zhao-xian-en-qing-tai.m3u8,重复URL
Discovery,https://t.freetv.fun/live/discovery-hd.m3u8,重复URL
世界地理,http://38.75.136.137:98/gslb/dsdqpub/sjdl.m3u8?auth=testpub,重复URL
世界地理,http://207.56.13.146:81/cdnlive/sjdl.m3u8,重复URL
世界地理,http://120.76.248.139/live/bfgd/4200000177.m3u8,重复URL
世界地理,http://107.150.60.122/live/sjdl.m3u8,重复URL
世界地理,http://61.184.46.85:85/tsfile/live/1025_1.m3u8?key=txiptv&playlive=1&authid=0,重复URL
世界地理,http://dassby.qqff.top:99/live/世界地理/index.m3u8,重复URL
人与自然,http://newcntv.qcloudcdn.com/asp/hls/1200/0303000a/3/default/1425e1d505654cb48ba82b807b221193/1200.m3u8,重复URL
动物星球,https://t.freetv.fun/live/dong-wu-xing-qiu-1.m3u8,重复URL
国家地理,https://t.freetv.fun/live/guo-jia-di-li-pin-dao-1.m3u8,重复URL
求索纪录,https://t.freetv.fun/live/qiu-suo-ji-lu-1.m3u8,重复URL
航拍中国第二季,http://newcntv.qcloudcdn.com/asp/hls/4000/0303000a/3/default/2bdfdad540b342f592f9817cb7f3b79a/4000.m3u8,重复URL
三立戏剧,https://t.freetv.fun/live/san-li-xi-ju-3.m3u8,重复URL
三立戏剧,http://61.221.215.25:8800/hls/41/index.m3u8,重复URL
三立戏剧,https://stream1.freetv.fun/san-li-xi-ju-4.m3u8,重复URL
三立戏剧,https://stream1.freetv.fun/san-li-xi-ju-1.m3u8,重复URL
三立戏剧,https://stream1.freetv.fun/san-li-xi-ju-2.m3u8,重复URL
东森戏剧,https://t.freetv.fun/live/dong-sen-xi-ju-ee.php,重复URL
八大戏剧,http://61.221.215.25:8800/hls/39/index.m3u8,重复URL
公视戏剧,https://t.freetv.fun/live/gong-shi-xi-ju-3.m3u8,重复URL
公视戏剧,https://t.freetv.fun/live/gong-shi-xi-ju-15.m3u8,重复URL
公视戏剧,https://t.freetv.fun/live/gong-shi-xi-ju-14.m3u8,重复URL
公视戏剧,https://t.freetv.fun/live/gong-shi-xi-ju.m3u8,重复URL
公视戏剧,https://t.freetv.fun/live/gong-shi-xi-ju-6.m3u8,重复URL
公视戏剧,https://t.freetv.fun/live/gong-shi-xi-ju-13.m3u8,重复URL
公视戏剧,https://t.freetv.fun/live/gong-shi-xi-ju-4.m3u8,重复URL
龙华戏剧,http://cdn8.163189.xyz/163189/lhxj,重复URL
龙华戏剧,https://t.freetv.fun/live/long-hua-xi-ju-14.m3u8,重复URL
龙华戏剧,https://t.freetv.fun/live/long-hua-xi-ju-11.m3u8,重复URL
龙华戏剧,https://t.freetv.fun/live/long-hua-xi-ju-2.m3u8,重复URL
上海纪实,https://stream1.freetv.fun/shang-hai-ji-shi-ren-wen-1.m3u8,重复URL
上海纪实,https://stream1.freetv.fun/ipv6-shang-hai-ji-shi-ren-wen-5.m3u8,重复URL
上海纪实,https://stream1.freetv.fun/ipv6-shang-hai-ji-shi-ren-wen-3.m3u8,重复URL
上海纪实,https://stream1.freetv.fun/ipv6-shang-hai-ji-shi-ren-wen-2.m3u8,重复URL
上海都市,https://t.freetv.fun/live/shang-hai-du-shi-6.m3u8,重复URL
上海都市,https://t.freetv.fun/live/shang-hai-du-shi-4-1.m3u8,重复URL
上海都市,https://t.freetv.fun/live/shang-hai-du-shi-2-1.m3u8,重复URL
上海都市,https://t.freetv.fun/live/shang-hai-du-shi-gao-qing.m3u8,重复URL
上海都市,https://t.freetv.fun/live/shang-hai-du-shi-5-1.m3u8,重复URL
上海都市,https://t.freetv.fun/live/shang-hai-du-shi-1-1.m3u8,重复URL
上海都市,https://t.freetv.fun/live/shang-hai-du-shi-3-1.m3u8,重复URL
上海都市,https://stream1.freetv.fun/ipv6-shang-hai-du-shi-8.m3u8,重复URL
上海都市,https://stream1.freetv.fun/ipv6-shang-hai-du-shi-4.m3u8,重复URL
上海都市,https://stream1.freetv.fun/ipv6-shang-hai-du-shi-3.m3u8,重复URL
东方影视,https://t.freetv.fun/live/dong-fang-ying-shi-3.m3u8,重复URL
东方影视,https://t.freetv.fun/live/dong-fang-ying-shi-1.m3u8,重复URL
东方影视,https://t.freetv.fun/live/dong-fang-ying-shi-2-1.m3u8,重复URL
东方影视,https://t.freetv.fun/live/dong-fang-ying-shi-4.m3u8,重复URL
东方影视,https://t.freetv.fun/live/dong-fang-ying-shi-gao-qing.m3u8,重复URL
东方影视,https://stream1.freetv.fun/ipv6-dong-fang-ying-shi-9.m3u8,重复URL
东方影视,https://stream1.freetv.fun/dong-fang-ying-shi-12.m3u8,重复URL
东方影视,https://stream1.freetv.fun/ipv6-dong-fang-ying-shi-8.m3u8,重复URL
动漫秀场,https://t.freetv.fun/live/dong-man-xiu-chang-4.m3u8,重复URL
动漫秀场,https://t.freetv.fun/live/dong-man-xiu-chang-1-2.m3u8,重复URL
动漫秀场,https://stream1.freetv.fun/c1a9c0728c4a8d7636c7de8d4f69f3abdc906231ea7f7e72d59433843738617f.m3u8,重复URL
动漫秀场,https://t.freetv.fun/live/dong-man-xiu-chang-6.m3u8,重复URL
动漫秀场,https://t.freetv.fun/live/dong-man-xiu-chang-9.m3u8,重复URL
动漫秀场,https://t.freetv.fun/live/dong-man-xiu-chang-gao-qing.m3u8,重复URL
动漫秀场,https://t.freetv.fun/live/dong-man-xiu-chang-5.m3u8,重复URL
动漫秀场,https://stream1.freetv.fun/7e65432fb94551c8a7abf4afa8996c11471807bf9cf6ec1a3e49a2c25b2c1f58.m3u8,重复URL
哈哈炫动,http://ottrrs.hl.chinamobile.com/PLTV/88888888/224/3221225657/index.m3u8,重复URL
哈哈炫动,https://t.freetv.fun/live/ha-ha-xuan-dong-4.m3u8,重复URL
哈哈炫动,https://t.freetv.fun/live/ha-ha-xuan-dong-7.m3u8,重复URL
哈哈炫动,https://t.freetv.fun/live/ha-ha-xuan-dong-6.m3u8,重复URL
哈哈炫动,https://t.freetv.fun/live/ha-ha-xuan-dong-8.m3u8,重复URL
哈哈炫动,https://t.freetv.fun/live/ha-ha-xuan-dong-3.m3u8,重复URL
哈哈炫动,https://t.freetv.fun/live/ha-ha-xuan-dong-9.m3u8,重复URL
哈哈炫动,https://t.freetv.fun/live/ha-ha-xuan-dong-4-1.m3u8,重复URL
天水公共,https://t.freetv.fun/live/tian-shui-gong-gong-1.m3u8,重复URL
天水公共,https://t.freetv.fun/live/tian-shui-gong-gong.m3u8,重复URL
崇明电视台,https://t.freetv.fun/live/chong-ming-dian-shi-tai.m3u8,重复URL
新闻综合,https://t.freetv.fun/live/shang-hai-xin-wen-zong-he-5.m3u8,重复URL
新闻综合,https://t.freetv.fun/live/xin-wen-zong-he.m3u8,重复URL
新闻综合,https://t.freetv.fun/live/shang-hai-xin-wen-zong-he-1-1.m3u8,重复URL
新闻综合,https://t.freetv.fun/live/shang-hai-xin-wen-zong-he-2-1.m3u8,重复URL
新闻综合,https://t.freetv.fun/live/xin-wen-zong-he-2.m3u8,重复URL
新闻综合,https://t.freetv.fun/live/shang-hai-xin-wen-zong-he-3-1.m3u8,重复URL
新闻综合,https://iptv.catvod.com/live.php?id=%E4%B8%8A%E6%B5%B7%E6%96%B0%E9%97%BB%E7%BB%BC%E5%90%88&line=1,重复URL
新闻综合,https://stream1.freetv.fun/xin-wen-zong-he-5.m3u8,重复URL
新闻综合,https://stream1.freetv.fun/shang-hai-xin-wen-zong-he-3.m3u8,重复URL
新闻综合,https://stream1.freetv.fun/xin-wen-zong-he-11.ctv,重复URL
生活时尚,https://t.freetv.fun/live/sheng-huo-shi-shang-6.m3u8,重复URL
生活时尚,https://t.freetv.fun/live/sheng-huo-shi-shang-4-1.m3u8,重复URL
生活时尚,https://t.freetv.fun/live/sheng-huo-shi-shang-1-2.m3u8,重复URL
生活时尚,https://t.freetv.fun/live/sheng-huo-shi-shang-gao-qing-1.m3u8,重复URL
生活时尚,https://t.freetv.fun/live/sheng-huo-shi-shang-gao-qing.m3u8,重复URL
生活时尚,https://t.freetv.fun/live/sheng-huo-shi-shang-2-1.m3u8,重复URL
生活时尚,https://t.freetv.fun/live/sheng-huo-shi-shang-3-1.m3u8,重复URL
生活时尚,https://stream1.freetv.fun/sheng-huo-shi-shang-13.m3u8,重复URL
生活时尚,https://stream1.freetv.fun/sheng-huo-shi-shang-17.ctv,重复URL
生活时尚,https://stream1.freetv.fun/sheng-huo-shi-shang-9.ctv,重复URL
生活时尚,https://stream1.freetv.fun/sheng-huo-shi-shang-29.m3u8,重复URL
第一财经,https://t.freetv.fun/live/shang-hai-di-yi-cai-jing-4.m3u8,重复URL
第一财经,https://t.freetv.fun/live/di-yi-cai-jing-3.m3u8,重复URL
第一财经,https://t.freetv.fun/live/di-yi-cai-jing-5.m3u8,重复URL
第一财经,https://t.freetv.fun/live/di-yi-cai-jing-3-1.m3u8,重复URL
第一财经,https://t.freetv.fun/live/di-yi-cai-jing-1-1.m3u8,重复URL
第一财经,https://t.freetv.fun/live/shang-hai-di-yi-cai-jing-6.m3u8,重复URL
第一财经,https://t.freetv.fun/live/di-yi-cai-jing-2-1.m3u8,重复URL
第一财经,https://t.freetv.fun/live/shang-hai-di-yi-cai-jing-5.m3u8,重复URL
第一财经,https://t.freetv.fun/live/di-yi-cai-jing-4.m3u8,重复URL
第一财经,https://t.freetv.fun/live/di-yi-cai-jing-gao-qing.m3u8,重复URL
第一财经,https://iptv.catvod.com/live.php?id=%E4%B8%8A%E6%B5%B7%E7%AC%AC%E4%B8%80%E8%B4%A2%E7%BB%8F&line=1,重复URL
纪实人文,http://ottrrs.hl.chinamobile.com/PLTV/88888888/224/3221225738/index.m3u8,重复URL
纪实人文,https://stream1.freetv.fun/ipv6-ji-shi-ren-wen-12.m3u8,重复URL
都市剧场,https://satellitepull.cnr.cn/live/wxcqxwgb/playlist.m3u8,重复URL
新化新闻综合,https://t.freetv.fun/live/xin-hua-xin-wen-zong-he.m3u8,重复URL
湖南公共,https://t.freetv.fun/live/hu-nan-gong-gong-2.m3u8,重复URL
湖南公共,https://t.freetv.fun/live/hu-nan-gong-gong-1-1.m3u8,重复URL
湖南公共,https://t.freetv.fun/live/hu-nan-gong-gong-6.m3u8,重复URL
湖南公共,https://stream1.freetv.fun/hu-nan-gong-gong-7.ctv,重复URL
湖南公共,https://stream1.freetv.fun/hu-nan-gong-gong-7.m3u8,重复URL
湖南公共,https://stream1.freetv.fun/hu-nan-gong-gong-5.ctv,重复URL
湖南公共,https://stream1.freetv.fun/hu-nan-gong-gong-2.ctv,重复URL
湖南国际,https://t.freetv.fun/live/hu-nan-guo-ji-2.m3u8,重复URL
湖南国际,https://t.freetv.fun/live/hu-nan-guo-ji-8.m3u8,重复URL
湖南国际,https://t.freetv.fun/live/hu-nan-guo-ji-7.m3u8,重复URL
湖南国际,https://t.freetv.fun/live/hu-nan-guo-ji-1-1.m3u8,重复URL
湖南国际,https://t.freetv.fun/live/hu-nan-guo-ji-2-1.m3u8,重复URL
湖南国际,https://t.freetv.fun/live/hu-nan-guo-ji-3.m3u8,重复URL
湖南国际,https://stream1.freetv.fun/hu-nan-guo-ji-4.ctv,重复URL
湖南娱乐,https://t.freetv.fun/live/hu-nan-yu-le-1-1.m3u8,重复URL
湖南娱乐,https://t.freetv.fun/live/hu-nan-yu-le-3.m3u8,重复URL
湖南娱乐,https://t.freetv.fun/live/hu-nan-yu-le-4.m3u8,重复URL
湖南娱乐,https://t.freetv.fun/live/hu-nan-yu-le-3-1.m3u8,重复URL
湖南娱乐,https://t.freetv.fun/live/hu-nan-yu-le-2-1.m3u8,重复URL
湖南娱乐,https://t.freetv.fun/live/hu-nan-yu-le-27.m3u8,重复URL
湖南娱乐,https://stream1.freetv.fun/hu-nan-yu-le-9.ctv,重复URL
湖南娱乐,https://stream1.freetv.fun/hu-nan-yu-le-3.m3u8,重复URL
湖南教育,https://t.freetv.fun/live/hu-nan-jiao-yu-2.m3u8,重复URL
湖南教育,https://t.freetv.fun/live/hu-nan-jiao-yu-3.m3u8,重复URL
湖南教育,https://t.freetv.fun/live/hu-nan-jiao-yu-1-1.m3u8,重复URL
湖南教育,https://stream1.freetv.fun/hu-nan-jiao-yu-6.ctv,重复URL
湖南爱晚,http://php.jdshipin.com:8880/iptv.php?id=hngg,重复URL
湖南电影,https://t.freetv.fun/live/hu-nan-dian-ying-1.m3u8,重复URL
湖南电影,https://t.freetv.fun/live/hu-nan-dian-ying-5.m3u8,重复URL
湖南电影,https://t.freetv.fun/live/hu-nan-dian-ying-3.m3u8,重复URL
湖南电影,https://stream1.freetv.fun/hu-nan-dian-ying-2.ctv,重复URL
湖南电影,http://php.jdshipin.com:8880/iptv.php,重复URL
湖南电视剧,https://t.freetv.fun/live/hu-nan-dian-shi-ju-3.m3u8,重复URL
湖南电视剧,https://t.freetv.fun/live/hu-nan-dian-shi-ju-1-1.m3u8,重复URL
湖南电视剧,https://t.freetv.fun/live/hu-nan-dian-shi-ju-2.m3u8,重复URL
湖南电视剧,https://t.freetv.fun/live/hu-nan-dian-shi-ju-9.m3u8,重复URL
湖南电视剧,https://stream1.freetv.fun/hu-nan-dian-shi-ju-12.m3u8,重复URL
湖南电视剧,https://stream1.freetv.fun/hu-nan-dian-shi-ju-7.m3u8,重复URL
湖南电视剧,https://stream1.freetv.fun/hu-nan-dian-shi-ju-14.ctv,重复URL
湖南电视剧,https://stream1.freetv.fun/hu-nan-dian-shi-ju-3.m3u8,重复URL
湖南电视剧,https://stream1.freetv.fun/hu-nan-dian-shi-ju-2.m3u8,重复URL
湖南经视,https://t.freetv.fun/live/hu-nan-jing-shi-4.m3u8,重复URL
湖南经视,https://t.freetv.fun/live/hu-nan-jing-shi-1-1.m3u8,重复URL
湖南经视,https://t.freetv.fun/live/hu-nan-jing-shi-4-1.m3u8,重复URL
湖南经视,https://t.freetv.fun/live/hu-nan-jing-shi-3.m3u8,重复URL
湖南经视,https://t.freetv.fun/live/hu-nan-jing-shi-31.m3u8,重复URL
湖南经视,https://t.freetv.fun/live/hu-nan-jing-shi-2-1.m3u8,重复URL
湖南经视,https://stream1.freetv.fun/hu-nan-jing-shi-5.m3u8,重复URL
湖南经视,https://stream1.freetv.fun/hu-nan-jing-shi-2.m3u8,重复URL
湖南经视,https://stream1.freetv.fun/hu-nan-jing-shi-6.m3u8,重复URL
湖南经视,https://stream1.freetv.fun/hu-nan-jing-shi-15.ctv,重复URL
湖南经视,https://stream1.freetv.fun/hu-nan-jing-shi-1.m3u8,重复URL
湖南都市,https://t.freetv.fun/live/hu-nan-du-shi-1-1.m3u8,重复URL
湖南都市,https://t.freetv.fun/live/hu-nan-du-shi-3.m3u8,重复URL
湖南都市,https://t.freetv.fun/live/hu-nan-du-shi-12.m3u8,重复URL
湖南都市,https://t.freetv.fun/live/hu-nan-du-shi-3-1.m3u8,重复URL
湖南都市,https://t.freetv.fun/live/hu-nan-du-shi-4.m3u8,重复URL
湖南都市,https://t.freetv.fun/live/hu-nan-du-shi-2-1.m3u8,重复URL
湖南都市,https://stream1.freetv.fun/hu-nan-du-shi-6.ctv,重复URL
湖南都市,https://stream1.freetv.fun/hu-nan-du-shi-13.m3u8,重复URL
湖南都市,https://stream1.freetv.fun/hu-nan-du-shi-4.m3u8,重复URL
湖南都市,https://stream1.freetv.fun/hu-nan-du-shi-8.m3u8,重复URL
湖南都市,https://stream1.freetv.fun/hu-nan-du-shi-9.m3u8,重复URL
益阳新闻综合,https://t.freetv.fun/live/yi-yang-xin-wen-zong-he.m3u8,重复URL
衡阳新闻综合,https://t.freetv.fun/live/heng-yang-xin-wen-zong-he-3.m3u8,重复URL
衡阳新闻综合,https://t.freetv.fun/live/heng-yang-xin-wen-zong-he-2.m3u8,重复URL
衡阳新闻综合,https://t.freetv.fun/live/heng-yang-xin-wen-zong-he-1.m3u8,重复URL
金鹰纪实,https://t.freetv.fun/live/jin-ying-ji-shi-5-1.m3u8,重复URL
金鹰纪实,https://t.freetv.fun/live/jin-ying-ji-shi-1-3.m3u8,重复URL
金鹰纪实,https://t.freetv.fun/live/jin-ying-ji-shi-6-1.m3u8,重复URL
金鹰纪实,https://t.freetv.fun/live/jin-ying-ji-shi-17.m3u8,重复URL
金鹰纪实,https://t.freetv.fun/live/jin-ying-ji-shi-7-1.m3u8,重复URL
金鹰纪实,https://t.freetv.fun/live/jin-ying-ji-shi-3-1.m3u8,重复URL
金鹰纪实,https://t.freetv.fun/live/jin-ying-ji-shi-2-1.m3u8,重复URL
金鹰纪实,https://t.freetv.fun/live/jin-ying-ji-shi-4-1.m3u8,重复URL
金鹰纪实,https://t.freetv.fun/live/jin-ying-ji-shi-hd.m3u8,重复URL
金鹰纪实,https://t.freetv.fun/live/jin-ying-ji-shi-12-1.m3u8,重复URL
金鹰纪实,https://t.freetv.fun/live/jin-ying-ji-shi-10-1.m3u8,重复URL
金鹰纪实,https://stream1.freetv.fun/jin-ying-ji-shi-22.ctv,重复URL
金鹰纪实,https://stream1.freetv.fun/jin-ying-ji-shi-35.m3u8,重复URL
长沙新闻,https://t.freetv.fun/live/chang-sha-xin-wen-2.m3u8,重复URL
长沙新闻,https://t.freetv.fun/live/chang-sha-xin-wen-3.m3u8,重复URL
长沙新闻,https://t.freetv.fun/live/chang-sha-xin-wen-6.m3u8,重复URL
长沙新闻,https://t.freetv.fun/live/chang-sha-xin-wen-7.m3u8,重复URL
长沙新闻,https://t.freetv.fun/live/chang-sha-xin-wen-2-1.m3u8,重复URL
长沙新闻,https://t.freetv.fun/live/chang-sha-xin-wen-1-1.m3u8,重复URL
保康新闻综合,https://t.freetv.fun/live/bao-kang-xin-wen-zong-he-1.m3u8,重复URL
十堰新闻,https://stream1.freetv.fun/shi-yan-xin-wen-3.m3u8,重复URL
十堰新闻,https://stream1.freetv.fun/shi-yan-xin-wen-2.m3u8,重复URL
十堰新闻,https://stream1.freetv.fun/shi-yan-xin-wen-4.m3u8,重复URL
十堰新闻,https://stream1.freetv.fun/shi-yan-xin-wen-1.m3u8,重复URL
崇阳新闻综合,https://t.freetv.fun/live/chong-yang-xin-wen-zong-he-1.m3u8,重复URL
武汉一台新闻综合,https://t.freetv.fun/live/wu-yi-xin-wen-zong-he-4.m3u8,重复URL
武汉一台新闻综合,https://t.freetv.fun/live/wu-yi-xin-wen-zong-he-1-1.m3u8,重复URL
武汉一台新闻综合,https://t.freetv.fun/live/wu-yi-xin-wen-zong-he-1-2.m3u8,重复URL
武汉一台新闻综合,https://t.freetv.fun/live/wu-xiang-xin-wen-zong-he-1-1.m3u8,重复URL
武汉一台新闻综合,https://t.freetv.fun/live/wu-yi-xin-wen-zong-he-2.m3u8,重复URL
武汉一台新闻综合,https://t.freetv.fun/live/wu-yi-xin-wen-zong-he-1.m3u8,重复URL
武汉一台新闻综合,https://t.freetv.fun/live/wu-xiang-xin-wen-zong-he-3.m3u8,重复URL
武汉一台新闻综合,https://t.freetv.fun/live/wu-yi-xin-wen-zong-he-pin-dao.m3u8,重复URL
武汉一台新闻综合,https://t.freetv.fun/live/he-bei-wu-yi-xin-wen-zong-he.m3u8,重复URL
武汉一台新闻综合,https://t.freetv.fun/live/xuan-yi-xin-wen-zong-he.m3u8,重复URL
武汉一台新闻综合,https://t.freetv.fun/live/wu-zhi-xin-wen-zong-he.m3u8,重复URL
武汉一台新闻综合,https://t.freetv.fun/live/wu-yi-xin-wen-zong-he-4-1.m3u8,重复URL
武汉一台新闻综合,https://t.freetv.fun/live/wu-yi-xin-wen-zong-he-2-1.m3u8,重复URL
武汉一台新闻综合,https://t.freetv.fun/live/wu-yi-xin-wen-zong-he-3-1.m3u8,重复URL
武汉一台新闻综合,https://t.freetv.fun/live/wu-yi-xin-wen.m3u8,重复URL
武汉一台新闻综合,https://stream1.freetv.fun/wu-yi-xin-wen-zong-he-7.m3u8,重复URL
武汉一台新闻综合,https://ls.qingting.fm/live/20198/64k.m3u8,重复URL
武汉二台电视剧,https://stream1.freetv.fun/wu-yi-2dian-shi-ju-1.m3u8,重复URL
武汉四台经济,https://stream1.freetv.fun/wu-yi-jing-ji-1.m3u8,重复URL
武汉教育,https://t.freetv.fun/live/wu-yi-jiao-yu-1.m3u8,重复URL
武汉教育,https://stream1.freetv.fun/wu-yi-jiao-yu-6.m3u8,重复URL
武汉教育,https://stream1.freetv.fun/wu-yi-jiao-yu-13.ctv,重复URL
武汉教育,https://stream1.freetv.fun/wu-yi-jiao-yu-8.m3u8,重复URL
武汉教育,https://stream1.freetv.fun/wu-yi-jiao-yu-1.m3u8,重复URL
武汉教育,https://stream1.freetv.fun/wu-yi-jiao-yu-4.m3u8,重复URL
江夏新闻综合,https://t.freetv.fun/live/jiang-xia-xin-wen-zong-he-2.m3u8,重复URL
江夏新闻综合,https://t.freetv.fun/live/jiang-xia-xin-wen-zong-he-3.m3u8,重复URL
江夏新闻综合,https://t.freetv.fun/live/jiang-xia-xin-wen-zong-he-4.m3u8,重复URL
江夏新闻综合,https://t.freetv.fun/live/jiang-xia-xin-wen-zong-he-1.m3u8,重复URL
江夏新闻综合,http://59.175.226.142:280/gb28181/xwzh.m3u8?zhubd,重复URL
江夏新闻综合,https://t.freetv.fun/live/jiang-xia-xin-wen-zong-he-1-1.flv,重复URL
江夏新闻综合,https://t.freetv.fun/live/jiang-xia-xin-wen-zong-he-5.flv,重复URL
湖北公共,https://stream1.freetv.fun/hu-bei-gong-gong-5.ctv,重复URL
湖北垄上,https://t.freetv.fun/live/hu-bei-long-shang.m3u8,重复URL
湖北垄上,https://t.freetv.fun/live/hu-bei-long-shang-2.m3u8,重复URL
湖北垄上,https://t.freetv.fun/live/hu-bei-long-shang-3.m3u8,重复URL
湖北垄上,https://t.freetv.fun/live/hu-bei-long-shang-1.m3u8,重复URL
湖北影视,https://t.freetv.fun/live/hu-bei-ying-shi-2.m3u8,重复URL
湖北影视,https://t.freetv.fun/live/hu-bei-ying-shi.m3u8,重复URL
湖北影视,https://t.freetv.fun/live/hu-bei-ying-shi-3.m3u8,重复URL
湖北影视,https://stream1.freetv.fun/hu-bei-ying-shi-1.ctv,重复URL
湖北影视,https://stream1.freetv.fun/hu-bei-ying-shi-14.m3u8,重复URL
湖北影视,https://stream1.freetv.fun/hu-bei-ying-shi-1.m3u8,重复URL
湖北教育,https://t.freetv.fun/live/hu-bei-jiao-yu-3.m3u8,重复URL
湖北教育,https://t.freetv.fun/live/hu-bei-jiao-yu-1.m3u8,重复URL
湖北教育,https://t.freetv.fun/live/hu-bei-jiao-yu.m3u8,重复URL
湖北教育,https://t.freetv.fun/live/hu-bei-jiao-yu-2.m3u8,重复URL
湖北教育,https://stream1.freetv.fun/hu-bei-jiao-yu-4.ctv,重复URL
湖北教育,https://stream1.freetv.fun/hu-bei-jiao-yu-1.ctv,重复URL
湖北生活,https://t.freetv.fun/live/hu-bei-sheng-huo-1.m3u8,重复URL
湖北生活,https://t.freetv.fun/live/hu-bei-sheng-huo-3.m3u8,重复URL
湖北生活,https://t.freetv.fun/live/hu-bei-sheng-huo-2.m3u8,重复URL
湖北生活,https://t.freetv.fun/live/hu-bei-sheng-huo.m3u8,重复URL
湖北生活,https://stream1.freetv.fun/hu-bei-sheng-huo-4.ctv,重复URL
湖北生活,https://stream1.freetv.fun/hu-bei-sheng-huo-3.ctv,重复URL
湖北经视,https://t.freetv.fun/live/hu-bei-jing-shi-1.m3u8,重复URL
湖北经视,https://t.freetv.fun/live/hu-bei-jing-shi.m3u8,重复URL
湖北经视,https://stream1.freetv.fun/hu-bei-jing-shi-2.ctv,重复URL
湖北经视,https://stream1.freetv.fun/hu-bei-jing-shi-24.m3u8,重复URL
湖北综合,https://t.freetv.fun/live/hu-bei-zong-he-2.m3u8,重复URL
湖北综合,https://t.freetv.fun/live/hu-bei-jiang-xia-xin-wen-zong-he.m3u8,重复URL
湖北综合,https://t.freetv.fun/live/hu-bei-zong-he-3.m3u8,重复URL
湖北综合,https://t.freetv.fun/live/ping-hu-xin-wen-zong-he-2-1.m3u8,重复URL
湖北综合,https://t.freetv.fun/live/hu-bei-zong-he-1.m3u8,重复URL
湖北综合,https://stream1.freetv.fun/hu-bei-zong-he-6.ctv,重复URL
湖北综合,https://stream1.freetv.fun/hu-bei-zong-he-4.ctv,重复URL
荆门新闻综合,https://t.freetv.fun/live/jing-men-xin-wen-zong-he-5.m3u8,重复URL
荆门新闻综合,https://t.freetv.fun/live/jing-men-xin-wen-zong-he-2-1.m3u8,重复URL
荆门新闻综合,https://t.freetv.fun/live/jing-men-xin-wen-zong-he-1-1.m3u8,重复URL
荆门新闻综合,https://t.freetv.fun/live/jing-men-xin-wen-zong-he-2.m3u8,重复URL
荆门新闻综合,https://t.freetv.fun/live/jing-men-xin-wen-zong-he-3.m3u8,重复URL
荆门新闻综合,https://t.freetv.fun/live/jing-men-xin-wen-zong-he-4.m3u8,重复URL
荆门新闻综合,https://stream1.freetv.fun/jing-men-xin-wen-zong-he-3.m3u8,重复URL
荆门新闻综合,https://stream1.freetv.fun/jing-men-xin-wen-zong-he-6.m3u8,重复URL
荆门新闻综合,https://stream1.freetv.fun/jing-men-xin-wen-zong-he-2.m3u8,重复URL
荆门新闻综合,http://stream.jmtv.com.cn/xwzh/sd/live.m3u8,重复URL
荆门新闻综合,https://stream.jmtv.com.cn/xwzh/playlist.m3u8?_upt=3e28e7271664278691,重复URL
郧阳新闻综合,https://t.freetv.fun/live/yun-yang-xin-wen-zong-he.m3u8,重复URL
佛山公共,https://t.freetv.fun/live/fo-shan-gong-gong-14.m3u8,重复URL
佛山公共,https://t.freetv.fun/live/fo-shan-gong-gong-1.m3u8,重复URL
佛山公共,https://t.freetv.fun/live/fo-shan-gong-gong.m3u8,重复URL
佛山综合,https://t.freetv.fun/live/fo-shan-zong-he.m3u8,重复URL
佛山综合,https://t.freetv.fun/live/fo-shan-zong-he-2.m3u8,重复URL
佛山综合,https://t.freetv.fun/live/fo-shan-zong-he-1.m3u8,重复URL
佛山综合,https://stream1.freetv.fun/fo-shan-zong-he-7.ctv,重复URL
佛山综合,https://stream1.freetv.fun/fo-shan-zong-he-15.ctv,重复URL
佛山综合,https://stream1.freetv.fun/fo-shan-zong-he-17.ctv,重复URL
佛山综合,https://stream1.freetv.fun/fo-shan-zong-he-9.ctv,重复URL
佛山综合,https://stream1.freetv.fun/fo-shan-zong-he-22.ctv,重复URL
南国都市,https://t.freetv.fun/live/yan-zhou-nan-guo-du-shi-5.m3u8,重复URL
南国都市,https://t.freetv.fun/live/nan-guo-du-shi-1.m3u8,重复URL
南国都市,https://t.freetv.fun/live/yan-zhou-nan-guo-du-shi-2.m3u8,重复URL
南国都市,https://t.freetv.fun/live/yan-zhou-nan-guo-du-shi-3.m3u8,重复URL
南国都市,https://t.freetv.fun/live/4knan-guo-du-shi.m3u8,重复URL
南国都市,https://t.freetv.fun/live/yan-zhou-nan-guo-du-shi.m3u8,重复URL
南国都市,https://t.freetv.fun/live/yan-zhou-nan-guo-du-shi-4.m3u8,重复URL
南国都市,https://t.freetv.fun/live/4knan-guo-du-shi-1.m3u8,重复URL
南国都市,https://t.freetv.fun/live/yan-zhou-nan-guo-du-shi-8.m3u8,重复URL
南国都市,https://t.freetv.fun/live/yan-zhou-nan-guo-du-shi-7.m3u8,重复URL
南国都市,https://t.freetv.fun/live/nan-guo-du-shi-1-1.m3u8,重复URL
南国都市,http://tencentplay.gztv.com/live/nanguodushi.m3u8?txSecret=140110ae3d6c936a77f94c4f4d85b0d3&txTime=18d57929bd4,重复URL
南国都市,https://t.freetv.fun/live/nan-guo-du-shi-1.php,重复URL
南国都市,https://t.freetv.fun/live/yan-zhou-nan-guo-du-shi-6.php,重复URL
南国都市,https://t.freetv.fun/live/yan-zhou-nan-guo-du-shi-1.php,重复URL
广东文化,https://t.freetv.fun/live/yan-dong-wen-hua-1.m3u8,重复URL
广东文化,https://t.freetv.fun/live/yan-dong-wen-hua-3.m3u8,重复URL
广东文化,https://t.freetv.fun/live/yan-dong-yan-dong-wen-hua.m3u8,重复URL
广东新闻,https://t.freetv.fun/live/yan-dong-xin-wen-gao-qing-23.m3u8,重复URL
广东新闻,https://t.freetv.fun/live/yan-dong-xin-wen-27.m3u8,重复URL
广东新闻,https://t.freetv.fun/live/yan-dong-xin-wen-6.m3u8,重复URL
广东新闻,https://t.freetv.fun/live/yan-dong-xin-wen-4.m3u8,重复URL
广东新闻,https://t.freetv.fun/live/yan-dong-xin-wen-gao-qing-4.m3u8,重复URL
广东新闻,https://t.freetv.fun/live/yan-dong-xin-wen-gao-qing-16.m3u8,重复URL
广东新闻,https://t.freetv.fun/live/yan-dong-xin-wen-gao-qing-10.m3u8,重复URL
广东新闻,https://t.freetv.fun/live/yan-dong-xin-wen-gao-qing-18.m3u8,重复URL
广东新闻,https://t.freetv.fun/live/yan-dong-xin-wen-gao-qing-5.m3u8,重复URL
广东新闻,https://t.freetv.fun/live/yan-dong-xin-wen-gao-qing-26.m3u8,重复URL
广东新闻,https://t.freetv.fun/live/yan-dong-xin-wen-gao-qing-22.m3u8,重复URL
广东新闻,https://t.freetv.fun/live/yan-dong-xin-wen-gao-qing-9.m3u8,重复URL
广东新闻,https://t.freetv.fun/live/yan-dong-xin-wen-gao-qing-25.m3u8,重复URL
广东新闻,https://t.freetv.fun/live/yan-dong-xin-wen-gao-qing-13.m3u8,重复URL
广东新闻,https://t.freetv.fun/live/yan-dong-xin-wen-gao-qing.m3u8,重复URL
广东新闻,https://t.freetv.fun/live/yan-dong-xin-wen-gao-qing-12.m3u8,重复URL
广东新闻,https://t.freetv.fun/live/yan-dong-xin-wen-28.m3u8,重复URL
广东新闻,https://t.freetv.fun/live/yan-dong-xin-wen-gao-qing-20.m3u8,重复URL
广东新闻,https://t.freetv.fun/live/yan-dong-xin-wen-gao-qing-27.m3u8,重复URL
广东新闻,https://t.freetv.fun/live/yan-dong-xin-wen-gao-qing-1.m3u8,重复URL
广东民生,https://t.freetv.fun/live/yan-dong-min-sheng-gao-qing-7.m3u8,重复URL
广东民生,https://t.freetv.fun/live/yan-dong-min-sheng-2.m3u8,重复URL
广东民生,https://t.freetv.fun/live/yan-dong-min-sheng-2-1.m3u8,重复URL
广东民生,https://t.freetv.fun/live/yan-dong-min-sheng-gao-qing-22.m3u8,重复URL
广东民生,https://t.freetv.fun/live/yan-dong-min-sheng-4.m3u8,重复URL
广东民生,https://t.freetv.fun/live/yan-dong-min-sheng-gao-qing-5.m3u8,重复URL
广东民生,https://t.freetv.fun/live/yan-dong-min-sheng-22.m3u8,重复URL
广东民生,https://t.freetv.fun/live/yan-dong-min-sheng-6.m3u8,重复URL
广东民生,https://t.freetv.fun/live/yan-dong-min-sheng-23.m3u8,重复URL
广东民生,https://t.freetv.fun/live/yan-dong-min-sheng-8.m3u8,重复URL
广东民生,https://t.freetv.fun/live/yan-dong-min-sheng-26.m3u8,重复URL
广东民生,https://t.freetv.fun/live/yan-dong-min-sheng-1-1.m3u8,重复URL
广东民生,https://t.freetv.fun/live/yan-dong-min-sheng-25.m3u8,重复URL
广东民生,https://t.freetv.fun/live/yan-dong-min-sheng-gao-qing-27.m3u8,重复URL
广东民生,https://t.freetv.fun/live/yan-dong-min-sheng-24.m3u8,重复URL
广东民生,https://t.freetv.fun/live/yan-dong-min-sheng-gao-qing-23.m3u8,重复URL
广东民生,https://t.freetv.fun/live/yan-dong-min-sheng-gao-qing-4.m3u8,重复URL
广东民生,https://t.freetv.fun/live/yan-dong-min-sheng-18.m3u8,重复URL
广东民生,https://t.freetv.fun/live/yan-dong-min-sheng-gao-qing-3.m3u8,重复URL
广东珠江,https://t.freetv.fun/live/yan-dong-zhu-jiang-26.m3u8,重复URL
广东珠江,https://t.freetv.fun/live/yan-dong-zhu-jiang-gao-qing-26.m3u8,重复URL
广东珠江,https://t.freetv.fun/live/yan-dong-zhu-jiang-23.m3u8,重复URL
广东珠江,https://t.freetv.fun/live/yan-dong-zhu-jiang-gao-qing-18.m3u8,重复URL
广东珠江,https://t.freetv.fun/live/yan-dong-zhu-jiang-gao-qing-5.m3u8,重复URL
广东珠江,https://t.freetv.fun/live/yan-dong-zhu-jiang-7.m3u8,重复URL
广东珠江,https://t.freetv.fun/live/yan-dong-zhu-jiang-gao-qing-13.m3u8,重复URL
广东珠江,https://t.freetv.fun/live/yan-dong-zhu-jiang-gao-qing-14.m3u8,重复URL
广东珠江,https://t.freetv.fun/live/yan-dong-zhu-jiang-9.m3u8,重复URL
广东珠江,https://t.freetv.fun/live/yan-dong-zhu-jiang-3-1.m3u8,重复URL
广东珠江,https://t.freetv.fun/live/yan-dong-zhu-jiang-gao-qing-1.m3u8,重复URL
广东珠江,https://t.freetv.fun/live/yan-dong-zhu-jiang-gao-qing-17.m3u8,重复URL
广东珠江,https://t.freetv.fun/live/yan-dong-zhu-jiang-gao-qing-19.m3u8,重复URL
广东珠江,https://t.freetv.fun/live/yan-dong-zhu-jiang-gao-qing-3.m3u8,重复URL
广东珠江,https://t.freetv.fun/live/yan-dong-zhu-jiang-12.m3u8,重复URL
广州影视,https://t.freetv.fun/live/yan-zhou-ying-shi-9.m3u8,重复URL
广州影视,https://stream1.freetv.fun/yan-zhou-ying-shi-15.ctv,重复URL
广州影视,https://stream1.freetv.fun/yan-zhou-ying-shi-25.m3u8,重复URL
广州影视,https://stream1.freetv.fun/yan-zhou-ying-shi-6.ctv,重复URL
广州影视,https://stream1.freetv.fun/yan-zhou-ying-shi-7.ctv,重复URL
广州新闻,https://t.freetv.fun/live/yan-zhou-xin-wen-10.m3u8,重复URL
广州新闻,https://t.freetv.fun/live/yan-zhou-xin-wen-6-1.m3u8,重复URL
广州新闻,https://t.freetv.fun/live/yan-zhou-xin-wen-5.m3u8,重复URL
广州新闻,https://t.freetv.fun/live/yan-zhou-xin-wen-1.m3u8,重复URL
广州新闻,https://t.freetv.fun/live/yan-zhou-xin-wen-2-1.m3u8,重复URL
广州新闻,https://t.freetv.fun/live/yan-zhou-xin-wen-3.m3u8,重复URL
广州新闻,https://t.freetv.fun/live/yan-zhou-xin-wen-14.m3u8,重复URL
广州新闻,https://t.freetv.fun/live/yan-zhou-xin-wen-7.m3u8,重复URL
广州新闻,https://t.freetv.fun/live/yan-zhou-dian-shi-tai-xin-wen-7-1.m3u8,重复URL
广州新闻,https://t.freetv.fun/live/yan-zhou-xin-wen-9.m3u8,重复URL
广州新闻,https://t.freetv.fun/live/yan-zhou-xin-wen-8.m3u8,重复URL
广州竞赛,https://t.freetv.fun/live/yan-zhou-jing-sai-2.m3u8,重复URL
广州竞赛,https://t.freetv.fun/live/yan-zhou-jing-sai-7.m3u8,重复URL
广州竞赛,https://t.freetv.fun/live/yan-zhou-jing-sai-5.m3u8,重复URL
广州竞赛,https://t.freetv.fun/live/yan-zhou-jing-sai-4.m3u8,重复URL
广州竞赛,https://t.freetv.fun/live/yan-zhou-jing-sai-1.m3u8,重复URL
广州竞赛,https://t.freetv.fun/live/yan-zhou-jing-sai-3-1.m3u8,重复URL
广州竞赛,https://t.freetv.fun/live/yan-zhou-jing-sai-3.m3u8,重复URL
广州竞赛,https://stream1.freetv.fun/yan-zhou-jing-sai-32.ctv,重复URL
广州竞赛,https://stream1.freetv.fun/yan-zhou-jing-sai-33.ctv,重复URL
广州竞赛,https://stream1.freetv.fun/yan-zhou-jing-sai-2.m3u8,重复URL
广州竞赛,https://stream1.freetv.fun/yan-zhou-jing-sai-38.ctv,重复URL
广州竞赛,https://stream1.freetv.fun/yan-zhou-jing-sai-34.ctv,重复URL
广州综合,https://t.freetv.fun/live/yan-zhou-zong-he-18.m3u8,重复URL
广州综合,https://t.freetv.fun/live/yan-zhou-zong-he-6.m3u8,重复URL
广州综合,https://t.freetv.fun/live/yan-zhou-zong-he-3.m3u8,重复URL
广州综合,https://t.freetv.fun/live/yan-zhou-zong-he-19.m3u8,重复URL
广州综合,https://t.freetv.fun/live/yan-zhou-zong-he-11.m3u8,重复URL
广州综合,https://t.freetv.fun/live/yan-zhou-zong-he-14.m3u8,重复URL
广州综合,https://t.freetv.fun/live/yan-zhou-zong-he-7.m3u8,重复URL
广州综合,https://t.freetv.fun/live/yan-zhou-zong-he-15.m3u8,重复URL
广州综合,https://t.freetv.fun/live/yan-zhou-zong-he-2.m3u8,重复URL
广州综合,https://t.freetv.fun/live/yan-zhou-zong-he-21.m3u8,重复URL
广州综合,https://t.freetv.fun/live/yan-zhou-zong-he-9.m3u8,重复URL
广州综合,https://t.freetv.fun/live/yan-zhou-zong-he-1-1.m3u8,重复URL
广州综合,https://t.freetv.fun/live/yan-zhou-zong-he-5.m3u8,重复URL
广州综合,https://t.freetv.fun/live/yan-zhou-zong-he-4.m3u8,重复URL
广州综合,https://t.freetv.fun/live/yan-zhou-zong-he-26.m3u8,重复URL
广州综合,https://t.freetv.fun/live/yan-zhou-zong-he-3-1.m3u8,重复URL
广州综合,https://t.freetv.fun/live/yan-zhou-zong-he-8.m3u8,重复URL
汕头经济,https://t.freetv.fun/live/shan-tou-sheng-huo-gao-qing-19.m3u8,重复URL
汕头经济,https://t.freetv.fun/live/shan-tou-sheng-huo-gao-qing-28.m3u8,重复URL
汕头经济,https://t.freetv.fun/live/shan-tou-sheng-huo-gao-qing-16.m3u8,重复URL
汕头经济,https://t.freetv.fun/live/shan-tou-sheng-huo-gao-qing-24.m3u8,重复URL
汕头经济,https://t.freetv.fun/live/shan-tou-sheng-huo-gao-qing-21.m3u8,重复URL
汕头经济,https://t.freetv.fun/live/shan-tou-sheng-huo-gao-qing-14.m3u8,重复URL
汕头经济,https://t.freetv.fun/live/shan-tou-sheng-huo-gao-qing-25.m3u8,重复URL
汕头经济,https://t.freetv.fun/live/shan-tou-sheng-huo-gao-qing-27.m3u8,重复URL
汕头经济,https://t.freetv.fun/live/shan-tou-sheng-huo-gao-qing-18.m3u8,重复URL
汕头经济,https://t.freetv.fun/live/shan-tou-sheng-huo-gao-qing-4.m3u8,重复URL
汕头经济,https://t.freetv.fun/live/shan-tou-sheng-huo-gao-qing-26.m3u8,重复URL
汕头经济,https://t.freetv.fun/live/shan-tou-sheng-huo-gao-qing.m3u8,重复URL
汕头经济,https://t.freetv.fun/live/shan-tou-sheng-huo-gao-qing-12.m3u8,重复URL
汕头经济,https://t.freetv.fun/live/shan-tou-sheng-huo-gao-qing-20.m3u8,重复URL
汕头经济,https://t.freetv.fun/live/shan-tou-jing-ji-sheng-huo-1.m3u8,重复URL
汕头经济,https://t.freetv.fun/live/shan-tou-sheng-huo-gao-qing-3.m3u8,重复URL
汕头经济,https://t.freetv.fun/live/shan-tou-jing-ji-4.m3u8,重复URL
汕头经济,https://t.freetv.fun/live/shan-tou-sheng-huo-gao-qing-9.m3u8,重复URL
汕头综合,https://t.freetv.fun/live/xin-wen-zong-he-2.m3u8,重复URL
汕头综合,https://t.freetv.fun/live/shan-tou-zong-he-gao-qing-2.m3u8,重复URL
汕头综合,https://t.freetv.fun/live/shan-tou-zong-he-gao-qing-26.m3u8,重复URL
汕头综合,https://t.freetv.fun/live/shan-tou-zong-he-1.m3u8,重复URL
汕头综合,https://t.freetv.fun/live/shan-tou-zong-he-gao-qing-23.m3u8,重复URL
汕头综合,https://t.freetv.fun/live/shan-tou-zong-he.m3u8,重复URL
汕头综合,https://t.freetv.fun/live/shan-tou-zong-he-gao-qing-1.m3u8,重复URL
汕头综合,https://t.freetv.fun/live/shan-tou-zong-he-gao-qing-20.m3u8,重复URL
汕头综合,https://t.freetv.fun/live/shan-tou-zong-he-gao-qing.m3u8,重复URL
汕头综合,https://t.freetv.fun/live/shan-tou-zong-he-gao-qing-5.m3u8,重复URL
汕头综合,https://t.freetv.fun/live/shan-tou-zong-he-gao-qing-9.m3u8,重复URL
汕头综合,https://t.freetv.fun/live/shan-tou-zong-he-gao-qing-21.m3u8,重复URL
汕头综合,https://t.freetv.fun/live/shan-tou-zong-he-gao-qing-8.m3u8,重复URL
汕头综合,https://t.freetv.fun/live/shan-tou-zong-he-gao-qing-10.m3u8,重复URL
汕头综合,https://t.freetv.fun/live/shan-tou-zong-he-gao-qing-13.m3u8,重复URL
汕头综合,https://t.freetv.fun/live/shan-tou-zong-he-gao-qing-11.m3u8,重复URL
汕头综合,https://t.freetv.fun/live/shan-tou-zong-he-gao-qing-24.m3u8,重复URL
汕头综合,https://t.freetv.fun/live/shan-tou-zong-he-gao-qing-15.m3u8,重复URL
汕头综合,https://t.freetv.fun/live/shan-tou-zong-he-gao-qing-22.m3u8,重复URL
汕尾新闻综合,https://t.freetv.fun/live/shan-wei-xin-wen-zong-he-1.m3u8,重复URL
江门综合,https://t.freetv.fun/live/jiang-men-zong-he.m3u8,重复URL
江门综合,https://stream1.freetv.fun/jiang-men-zong-he-2.ctv,重复URL
江门综合,https://stream1.freetv.fun/jiang-men-zong-he-4.ctv,重复URL
江门综合,https://stream1.freetv.fun/jiang-men-zong-he-6.ctv,重复URL
江门综合,https://stream1.freetv.fun/jiang-men-zong-he-1.ctv,重复URL
江门综合,https://stream1.freetv.fun/jiang-men-zong-he-7.ctv,重复URL
深圳少儿,https://t.freetv.fun/live/shen-zhen-shao-er-2.m3u8,重复URL
上虞文化,https://t.freetv.fun/live/shang-yu-wen-hua.m3u8,重复URL
上虞文化影视,https://t.freetv.fun/live/shang-yu-wen-hua-ying-shi.m3u8,重复URL
上虞文化影院,https://t.freetv.fun/live/shang-yu-wen-hua-ying-yuan.m3u8,重复URL
上虞文化影院,https://t.freetv.fun/live/shang-yu-wen-hua-ying-yuan-1.m3u8,重复URL
上虞文化影院,https://stream1.freetv.fun/shang-yu-wen-hua-ying-yuan-3.ctv,重复URL
上虞文化影院,https://stream1.freetv.fun/shang-yu-wen-hua-ying-yuan-1.m3u8,重复URL
上虞文化影院,https://stream1.freetv.fun/shang-yu-wen-hua-ying-yuan-4.ctv,重复URL
上虞文化影院,https://t.freetv.fun/live/shang-yu-wen-hua-ying-yuan-2.m3u8zzhed,重复URL
上虞新商都,https://t.freetv.fun/live/shang-yu-xin-shang-du.m3u8,重复URL
上虞新商都,https://t.freetv.fun/live/shang-yu-xin-shang-du-2.m3u8,重复URL
上虞新商都,https://t.freetv.fun/live/shang-yu-xin-shang-du-3.m3u8,重复URL
上虞新商都,https://t.freetv.fun/live/shang-yu-xin-shang-du-1.m3u8,重复URL
上虞新商都,https://t.freetv.fun/live/shang-yu-3xin-shang-du.m3u8,重复URL
上虞新商都,https://stream1.freetv.fun/shang-yu-xin-shang-du-3.m3u8,重复URL
上虞新商都,https://stream1.freetv.fun/shang-yu-xin-shang-du-2.m3u8,重复URL
上虞新商都,https://stream1.freetv.fun/shang-yu-xin-shang-du-1.m3u8,重复URL
上虞新商都,https://stream1.freetv.fun/shang-yu-xin-shang-du-5.m3u8,重复URL
上虞新闻综合,https://t.freetv.fun/live/shang-yu-xin-wen-zong-he-1.m3u8,重复URL
上虞新闻综合,https://t.freetv.fun/live/shang-yu-xin-wen-zong-he-1-1.m3u8,重复URL
上虞新闻综合,https://t.freetv.fun/live/shang-yu-1xin-wen-zong-he.m3u8,重复URL
上虞新闻综合,https://t.freetv.fun/live/zhe-jiang-shang-yu-xin-wen-zong-he.m3u8,重复URL
上虞综合,https://t.freetv.fun/live/shang-yu-zong-he.m3u8,重复URL
义乌新闻综合,https://t.freetv.fun/live/yi-wu-xin-wen-zong-he-1.m3u8,重复URL
义乌新闻综合,https://t.freetv.fun/live/yi-ma-xin-wen-zong-he.m3u8,重复URL
义乌新闻综合,https://t.freetv.fun/live/xiao-yi-xin-wen-zong-he.m3u8,重复URL
兰溪新闻综合,https://t.freetv.fun/live/lan-xi-xin-wen-zong-he.m3u8,重复URL
兰溪新闻综合,https://t.freetv.fun/live/lan-xi-xin-wen-zong-he-2.m3u8,重复URL
兰溪新闻综合,https://t.freetv.fun/live/lan-xi-xin-wen-zong-he-1-1.m3u8,重复URL
兰溪新闻综合,https://t.freetv.fun/live/lan-xi-xin-wen-zong-he-1.m3u8,重复URL
兰溪新闻综合,https://stream1.freetv.fun/lan-xi-xin-wen-zong-he-1.m3u8,重复URL
兰溪新闻综合,https://stream1.freetv.fun/lan-xi-xin-wen-zong-he-3.m3u8,重复URL
嘉兴新闻综合,https://t.freetv.fun/live/jia-xing-xin-wen-zong-he-1-1.m3u8,重复URL
嘉兴新闻综合,https://t.freetv.fun/live/jia-xing-xin-wen-zong-he-4.m3u8,重复URL
嘉兴新闻综合,https://t.freetv.fun/live/jia-xing-xin-wen-zong-he-1.m3u8,重复URL
嘉兴新闻综合,https://t.freetv.fun/live/jia-he-xin-wen-zong-he-1.m3u8,重复URL
嘉兴新闻综合,https://t.freetv.fun/live/chang-xing-xin-wen-zong-he.m3u8,重复URL
嘉兴新闻综合,https://t.freetv.fun/live/jia-xing-xin-wen-zong-he-3.m3u8,重复URL
嘉兴新闻综合,https://t.freetv.fun/live/jia-shan-xin-wen-zong-he.m3u8,重复URL
嘉兴新闻综合,https://t.freetv.fun/live/yong-xing-xin-wen-zong-he.m3u8,重复URL
嘉兴新闻综合,http://live.zohi.tv/video/s10001-fztv-1/index.m3u8,重复URL
嘉兴新闻综合,https://live-auth.51kandianshi.com/szgd/csztv1.m3u8,重复URL
嵊泗综合,https://t.freetv.fun/live/sheng-zhou-xin-wen-zong-he-1-1.m3u8,重复URL
嵊泗综合,https://t.freetv.fun/live/sheng-zhou-xin-wen-zong-he-3.m3u8,重复URL
嵊泗综合,https://stream1.freetv.fun/sheng-zhou-xin-wen-zong-he-1.m3u8,重复URL
嵊泗综合,https://stream1.freetv.fun/sheng-zhou-xin-wen-zong-he-2.ctv,重复URL
嵊泗综合,http://l.cztvcloud.com/channels/lantian/SXshengzhou1/720p.m3u8?zzhed#http://l.cztvcloud.com/channels/lantian/SXshengzhou1/720p.m3u8,重复URL
平湖新闻综合,https://t.freetv.fun/live/ping-hu-xin-wen-zong-he-2.m3u8,重复URL
平湖新闻综合,https://t.freetv.fun/live/ping-hu-xin-wen-zong-he-2-1.m3u8,重复URL
平湖新闻综合,https://t.freetv.fun/live/ping-hu-xin-wen-zong-he-1-1.m3u8,重复URL
平湖新闻综合,https://stream1.freetv.fun/ping-hu-xin-wen-zong-he-2.m3u8,重复URL
平湖新闻综合,https://stream1.freetv.fun/ping-hu-xin-wen-zong-he-3.m3u8,重复URL
平湖新闻综合,https://stream1.freetv.fun/ping-hu-xin-wen-zong-he-1.m3u8,重复URL
平湖新闻综合,https://stream1.freetv.fun/ping-hu-xin-wen-zong-he-5.m3u8,重复URL
平湖新闻综合,http://play-sh13.quklive.com/live/1690167908295069.m3u8?auth_key=2027466211-f190eec410c24473825cbe1d8541e545-0-f21db57ae1b534802c1cf7be86cc3aef,重复URL
庆元综合,https://t.freetv.fun/live/qing-yuan-xin-wen-zong-he.m3u8,重复URL
开化国家公园,http://l.cztvcloud.com/channels/lantian/SXkaihua2/720p.m3u8?zzhed#http://l.cztvcloud.com/channels/lantian/SXkaihua2/720p.m3u8zzhed#http://l.cztvcloud.com/channels/lantian/SXkaihua2/720p.m3u8,重复URL
开化新闻综合,https://t.freetv.fun/live/kai-hua-xin-wen-zong-he-1.m3u8,重复URL
开化新闻综合,https://t.freetv.fun/live/kai-hua-xin-wen-zong-he-1-1.m3u8,重复URL
开化新闻综合,https://stream1.freetv.fun/kai-hua-xin-wen-zong-he-1.m3u8,重复URL
开化新闻综合,https://stream1.freetv.fun/kai-hua-xin-wen-zong-he-2.ctv,重复URL
德清新闻综合,https://t.freetv.fun/live/de-qing-xin-wen-zong-he-1.m3u8,重复URL
文成综合,https://t.freetv.fun/live/wen-cheng-xin-wen-zong-he.m3u8,重复URL
新昌新闻综合,https://t.freetv.fun/live/xin-chang-xin-wen-zong-he-1.m3u8,重复URL
新昌新闻综合,https://t.freetv.fun/live/xin-chang-xin-wen-zong-he.m3u8,重复URL
新昌新闻综合,https://t.freetv.fun/live/xin-chang-xin-wen-zong-he-2.m3u8,重复URL
新昌新闻综合,https://t.freetv.fun/live/xin-chang-xin-wen-zong-he-1-1.m3u8,重复URL
新昌新闻综合,https://stream1.freetv.fun/xin-chang-xin-wen-zong-he-5.ctv,重复URL
新昌新闻综合,https://stream1.freetv.fun/xin-chang-xin-wen-zong-he-4.m3u8,重复URL
杭州影视,https://t.freetv.fun/live/hang-zhou-ying-shi-pin-dao.m3u8,重复URL
杭州影视,https://stream1.freetv.fun/hang-zhou-ying-shi-2.ctv,重复URL
杭州明珠,https://t.freetv.fun/live/hang-zhou-ming-zhu-pin-dao.m3u8,重复URL
杭州明珠,https://stream1.freetv.fun/hang-zhou-ming-zhu-1.ctv,重复URL
杭州明珠,https://stream1.freetv.fun/hang-zhou-ming-zhu-2.ctv,重复URL
杭州生活,https://t.freetv.fun/live/hang-zhou-sheng-huo-pin-dao.m3u8,重复URL
杭州生活,https://stream1.freetv.fun/hang-zhou-sheng-huo-2.ctv,重复URL
杭州生活,https://stream1.freetv.fun/hang-zhou-sheng-huo-1.ctv,重复URL
杭州生活,https://stream1.freetv.fun/hang-zhou-sheng-huo-3.ctv,重复URL
杭州综合,https://t.freetv.fun/live/hang-zhou-zong-he-pin-dao.m3u8,重复URL
杭州综合,https://t.freetv.fun/live/hang-zhou-xiao-shan-zong-he.m3u8,重复URL
杭州综合,https://stream1.freetv.fun/hang-zhou-zong-he-3.ctv,重复URL
杭州综合,https://stream1.freetv.fun/hang-zhou-zong-he-2.ctv,重复URL
松阳综合,https://t.freetv.fun/live/song-yang-xin-wen-zong-he.m3u8,重复URL
桐庐综合,https://t.freetv.fun/live/tong-xiang-xin-wen-zong-he.m3u8,重复URL
武义新闻综合,https://t.freetv.fun/live/wu-yi-xin-wen-zong-he-4.m3u8,重复URL
武义新闻综合,https://t.freetv.fun/live/wu-yi-xin-wen-zong-he-3-1.m3u8,重复URL
武义新闻综合,https://t.freetv.fun/live/wu-yi-xin-wen-zong-he-1-2.m3u8,重复URL
武义新闻综合,https://t.freetv.fun/live/wu-yi-xin-wen-zong-he-4-1.m3u8,重复URL
武义新闻综合,https://t.freetv.fun/live/wu-yi-xin-wen-zong-he-2-1.m3u8,重复URL
武义新闻综合,https://stream1.freetv.fun/wu-yi-xin-wen-zong-he-3.m3u8,重复URL
永嘉新闻综合,https://t.freetv.fun/live/yong-jia-xin-wen-zong-he-1.m3u8,重复URL
永嘉新闻综合,https://t.freetv.fun/live/yong-jia-xin-wen-zong-he-1-1.m3u8,重复URL
永嘉新闻综合,https://t.freetv.fun/live/yong-kang-xin-wen-zong-he-1.m3u8,重复URL
永嘉新闻综合,https://t.freetv.fun/live/yong-jia-xin-wen-zong-he.m3u8,重复URL
永嘉新闻综合,https://t.freetv.fun/live/yong-nian-xin-wen-zong-he.m3u8,重复URL
永嘉新闻综合,https://t.freetv.fun/live/yong-jia-xin-wen-zong-he-3.m3u8,重复URL
永嘉新闻综合,https://t.freetv.fun/live/yong-jia-xin-wen-zong-he-2.m3u8,重复URL
永嘉新闻综合,https://t.freetv.fun/live/zhe-jiang-yong-jia-xin-wen-zong-he-1.m3u8,重复URL
永嘉新闻综合,https://stream1.freetv.fun/yong-jia-xin-wen-zong-he-4.m3u8,重复URL
永嘉新闻综合,https://stream1.freetv.fun/yong-jia-xin-wen-zong-he-2.m3u8,重复URL
浙江公共新闻,https://t.freetv.fun/live/zhe-jiang-gong-gong-xin-wen-2.m3u8,重复URL
浙江公共新闻,https://t.freetv.fun/live/zhe-jiang-gong-gong-xin-wen-1.m3u8,重复URL
浙江公共新闻,https://stream1.freetv.fun/zhe-jiang-gong-gong-xin-wen-1.m3u8,重复URL
浙江公共新闻,https://stream1.freetv.fun/zhe-jiang-gong-gong-xin-wen-2.ctv,重复URL
浙江公共新闻,https://stream1.freetv.fun/zhe-jiang-gong-gong-xin-wen-1.ctv,重复URL
浙江国际,https://t.freetv.fun/live/zhe-jiang-guo-ji-3-1.m3u8,重复URL
浙江国际,https://t.freetv.fun/live/zhe-jiang-guo-ji-6.m3u8,重复URL
浙江国际,https://t.freetv.fun/live/zhe-jiang-guo-ji-6-1.m3u8,重复URL
浙江国际,https://t.freetv.fun/live/zhe-jiang-guo-ji-2-2.m3u8,重复URL
浙江国际,https://t.freetv.fun/live/zhe-jiang-guo-ji-4-1.m3u8,重复URL
浙江国际,https://t.freetv.fun/live/zhe-jiang-guo-ji-pin-dao.m3u8,重复URL
浙江国际,https://t.freetv.fun/live/zhe-jiang-zhe-jiang-guo-ji-pin-dao-1.m3u8,重复URL
浙江国际,https://t.freetv.fun/live/zhe-jiang-guo-ji-7.m3u8,重复URL
浙江国际,https://t.freetv.fun/live/zhe-jiang-zhe-jiang-guo-ji-pin-dao.m3u8,重复URL
浙江国际,https://t.freetv.fun/live/zhe-jiang-guo-ji-11.m3u8,重复URL
浙江国际,https://t.freetv.fun/live/zhe-jiang-guo-ji-9.m3u8,重复URL
浙江国际,https://t.freetv.fun/live/cn-zhe-jiang-guo-ji.m3u8,重复URL
浙江国际,https://t.freetv.fun/live/zhe-jiang-guo-ji-1-2.m3u8,重复URL
浙江国际,https://t.freetv.fun/live/zhe-jiang-guo-ji-5-1.m3u8,重复URL
浙江国际,https://stream1.freetv.fun/zhe-jiang-guo-ji-10.m3u8,重复URL
浙江国际,https://stream1.freetv.fun/zhe-jiang-guo-ji-7.m3u8,重复URL
浙江国际,https://stream1.freetv.fun/zhe-jiang-guo-ji-3.ctv,重复URL
浙江少儿,https://t.freetv.fun/live/zhe-jiang-shao-er-9.m3u8,重复URL
浙江少儿,https://t.freetv.fun/live/zhe-jiang-shao-er-1-2.m3u8,重复URL
浙江少儿,https://t.freetv.fun/live/zhe-jiang-shao-er-7-1.m3u8,重复URL
浙江少儿,https://t.freetv.fun/live/zhe-jiang-shao-er-2-1.m3u8,重复URL
浙江少儿,https://t.freetv.fun/live/zhe-jiang-shao-er-3-1.m3u8,重复URL
浙江少儿,https://t.freetv.fun/live/zhe-jiang-shao-er-16.m3u8,重复URL
浙江少儿,https://t.freetv.fun/live/zhe-jiang-shao-er-12.m3u8,重复URL
浙江影视,https://t.freetv.fun/live/zhe-jiang-ying-shi-1-1.m3u8,重复URL
浙江教科,https://t.freetv.fun/live/zhe-jiang-jiao-ke-2.m3u8,重复URL
浙江教科,https://t.freetv.fun/live/zhe-jiang-jiao-ke-1.m3u8,重复URL
浙江教科,https://t.freetv.fun/live/zhe-jiang-jiao-ke.m3u8,重复URL
浙江教科影视,http://ali-vl.cztv.com/channels/lantian/channel004/360p.m3u8,重复URL
浙江教育,https://t.freetv.fun/live/zhe-jiang-jiao-yu-8.m3u8,重复URL
浙江教育,https://t.freetv.fun/live/zhe-jiang-jiao-yu-2.m3u8,重复URL
浙江教育,https://t.freetv.fun/live/zhe-jiang-jiao-yu-6.m3u8,重复URL
浙江教育,https://t.freetv.fun/live/zhe-jiang-jiao-yu-5.m3u8,重复URL
浙江教育,https://t.freetv.fun/live/zhe-jiang-jiao-yu-9.m3u8,重复URL
浙江教育,https://t.freetv.fun/live/zhe-jiang-jiao-yu-3.m3u8,重复URL
浙江教育,https://t.freetv.fun/live/zhe-jiang-jiao-yu-1.m3u8,重复URL
浙江教育,https://t.freetv.fun/live/zhe-jiang-jiao-yu-4.m3u8,重复URL
浙江教育,https://t.freetv.fun/live/zhe-jiang-jiao-yu-7.m3u8,重复URL
浙江教育,https://t.freetv.fun/live/zhe-jiang-jiao-yu.m3u8,重复URL
浙江新闻,https://t.freetv.fun/live/zhe-jiang-xin-wen-11.m3u8,重复URL
浙江新闻,https://t.freetv.fun/live/zhe-jiang-xin-wen-2-1.m3u8,重复URL
浙江新闻,https://t.freetv.fun/live/zhe-jiang-xin-wen-6.m3u8,重复URL
浙江新闻,https://t.freetv.fun/live/zhe-jiang-xin-wen-3-1.m3u8,重复URL
浙江新闻,https://t.freetv.fun/live/zhe-jiang-xin-wen-9.m3u8,重复URL
浙江新闻,https://t.freetv.fun/live/zhe-jiang-xin-wen-12.m3u8,重复URL
浙江新闻,https://t.freetv.fun/live/zhe-jiang-xin-wen-10.m3u8,重复URL
浙江新闻,https://t.freetv.fun/live/zhe-jiang-xin-wen-5.m3u8,重复URL
浙江新闻,https://t.freetv.fun/live/zhe-jiang-xin-wen-7.m3u8,重复URL
浙江新闻,https://t.freetv.fun/live/zhe-jiang-xin-wen-4-1.m3u8,重复URL
浙江新闻,https://t.freetv.fun/live/zhe-jiang-xin-wen-8.m3u8,重复URL
浙江新闻,https://t.freetv.fun/live/zhe-jiang-xin-wen-1-2.m3u8,重复URL
浙江新闻,https://t.freetv.fun/live/zhe-jiang-xin-wen-6-1.m3u8,重复URL
浙江新闻,https://stream1.freetv.fun/zhe-jiang-xin-wen-5.m3u8,重复URL
浙江民生休闲,https://t.freetv.fun/live/zhe-jiang-min-sheng-xiu-xian-1-2.m3u8,重复URL
浙江民生休闲,https://t.freetv.fun/live/zhe-jiang-min-sheng-5.m3u8,重复URL
浙江民生休闲,https://t.freetv.fun/live/zhe-jiang-min-sheng-6.m3u8,重复URL
浙江民生休闲,https://t.freetv.fun/live/zhe-jiang-min-sheng-xiu-xian-3-1.m3u8,重复URL
浙江民生休闲,https://t.freetv.fun/live/zhe-jiang-min-sheng-xiu-xian-4-1.m3u8,重复URL
浙江民生休闲,https://t.freetv.fun/live/zhe-jiang-min-sheng-xiu-xian-7.m3u8,重复URL
浙江民生休闲,https://t.freetv.fun/live/zhe-jiang-min-sheng-10.m3u8,重复URL
浙江民生休闲,https://t.freetv.fun/live/zhe-jiang-min-sheng-2.m3u8,重复URL
浙江民生休闲,https://t.freetv.fun/live/zhe-jiang-min-sheng-11.m3u8,重复URL
浙江民生休闲,https://t.freetv.fun/live/zhe-jiang-min-sheng-3.m3u8,重复URL
浙江民生休闲,https://t.freetv.fun/live/zhe-jiang-min-sheng-7.m3u8,重复URL
浙江民生休闲,https://t.freetv.fun/live/zhe-jiang-min-sheng-3-1.m3u8,重复URL
浙江民生休闲,https://t.freetv.fun/live/zhe-jiang-min-sheng-9.m3u8,重复URL
浙江民生休闲,https://t.freetv.fun/live/zhe-jiang-min-sheng-1-1.m3u8,重复URL
浙江民生休闲,https://t.freetv.fun/live/zhe-jiang-min-sheng-4.m3u8,重复URL
浙江民生休闲,https://t.freetv.fun/live/zhe-jiang-min-sheng-8.m3u8,重复URL
浙江民生休闲,https://t.freetv.fun/live/zhe-jiang-min-sheng.m3u8,重复URL
浙江民生休闲,https://t.freetv.fun/live/zhe-jiang-min-sheng-xiu-xian-2-1.m3u8,重复URL
浙江民生休闲,https://t.freetv.fun/live/zhe-jiang-zhe-jiang-min-sheng-xiu-xian.m3u8,重复URL
浙江民生休闲,https://t.freetv.fun/live/zhe-jiang-ping-hu-min-sheng-xiu-xian.m3u8,重复URL
浙江生活,https://t.freetv.fun/live/zhe-jiang-sheng-huo-4.m3u8,重复URL
浙江生活,https://t.freetv.fun/live/zhe-jiang-jing-ji-sheng-huo-2.m3u8,重复URL
浙江生活,https://t.freetv.fun/live/zhe-jiang-jing-ji-sheng-huo-6.m3u8,重复URL
浙江生活,https://t.freetv.fun/live/zhe-jiang-sheng-huo-3.m3u8,重复URL
浙江生活,https://t.freetv.fun/live/zhe-jiang-jing-ji-sheng-huo-1-2.m3u8,重复URL
浙江生活,https://t.freetv.fun/live/zhe-jiang-jing-ji-sheng-huo-3.m3u8,重复URL
浙江生活,https://t.freetv.fun/live/zhe-jiang-sheng-huo-1.m3u8,重复URL
浙江生活,https://t.freetv.fun/live/zhe-jiang-jing-ji-sheng-huo-2-1.m3u8,重复URL
浙江生活,https://t.freetv.fun/live/zhe-jiang-jing-ji-sheng-huo-14.m3u8,重复URL
浙江生活,https://t.freetv.fun/live/zhe-jiang-sheng-huo.m3u8,重复URL
浙江生活,https://t.freetv.fun/live/zhe-jiang-jing-ji-sheng-huo-4-1.m3u8,重复URL
浙江生活,https://t.freetv.fun/live/zhe-jiang-jing-ji-2.m3u8,重复URL
浙江生活,https://t.freetv.fun/live/zhe-jiang-jing-ji-sheng-huo-7.m3u8,重复URL
浙江生活,https://t.freetv.fun/live/zhe-jiang-jing-ji-1.m3u8,重复URL
浙江生活,https://t.freetv.fun/live/zhe-jiang-sheng-huo-2.m3u8,重复URL
浙江生活,https://t.freetv.fun/live/zhe-jiang-sheng-huo-5.m3u8,重复URL
浙江生活,https://t.freetv.fun/live/zhe-jiang-jing-ji.m3u8,重复URL
浙江生活,https://t.freetv.fun/live/zhe-jiang-jing-ji-sheng-huo-3-1.m3u8,重复URL
浙江生活,https://t.freetv.fun/live/zhe-jiang-jing-ji-sheng-huo-5-1.m3u8,重复URL
浙江留学,http://ali-vl.cztv.com/channels/lantian/channel009/360p.m3u8,重复URL
浙江钱江,https://t.freetv.fun/live/zhe-jiang-qian-jiang-du-shi-3-1.m3u8,重复URL
浙江钱江,https://t.freetv.fun/live/zhe-jiang-qian-jiang-du-shi-2-1.m3u8,重复URL
浙江钱江,https://t.freetv.fun/live/zhe-jiang-qian-jiang-du-shi-4.m3u8,重复URL
浙江钱江,https://t.freetv.fun/live/zhe-jiang-qian-jiang-5-1.m3u8,重复URL
浙江钱江,https://t.freetv.fun/live/zhe-jiang-qian-jiang-2.m3u8,重复URL
浙江钱江,https://t.freetv.fun/live/zhe-jiang-qian-jiang-1.m3u8,重复URL
浙江钱江,https://t.freetv.fun/live/zhe-jiang-qian-jiang-du-shi-1-1.m3u8,重复URL
浙江钱江,https://t.freetv.fun/live/zhe-jiang-qian-jiang-6.m3u8,重复URL
浙江钱江,https://t.freetv.fun/live/zhe-jiang-qian-jiang-du-shi-1.m3u8,重复URL
浙江钱江,https://t.freetv.fun/live/zhe-jiang-qian-jiang-4.m3u8,重复URL
浙江钱江,https://t.freetv.fun/live/zhe-jiang-qian-jiang-du-shi-3.m3u8,重复URL
浙江钱江,https://t.freetv.fun/live/zhe-jiang-qian-jiang-3.m3u8,重复URL
浙江钱江,https://t.freetv.fun/live/zhe-jiang-qian-jiang-5.m3u8,重复URL
浙江钱江,https://t.freetv.fun/live/zhe-jiang-qian-jiang-du-shi-2.m3u8,重复URL
浙江钱江,https://t.freetv.fun/live/zhe-jiang-zhe-jiang-qian-jiang-du-shi.m3u8,重复URL
浙江钱江,https://stream1.freetv.fun/zhe-jiang-qian-jiang-du-shi-3.ctv,重复URL
浙江钱江,https://stream1.freetv.fun/zhe-jiang-qian-jiang-du-shi-5.ctv,重复URL
海宁新闻综合,https://t.freetv.fun/live/hai-zhu-xin-wen-zong-he-2.m3u8,重复URL
海宁生活服务,https://t.freetv.fun/live/hai-zhu-sheng-huo-fu-wu-2.m3u8,重复URL
温州经济科教,https://t.freetv.fun/live/jing-ji-ke-jiao-gao-qing-9.m3u8,重复URL
温州经济科教,https://t.freetv.fun/live/jing-ji-ke-jiao-gao-qing-11.m3u8,重复URL
温州经济科教,https://t.freetv.fun/live/jing-ji-ke-jiao-gao-qing-12.m3u8,重复URL
温州经济科教,https://t.freetv.fun/live/jing-ji-ke-jiao.m3u8,重复URL
温州经济科教,https://t.freetv.fun/live/jing-ji-ke-jiao-gao-qing-13.m3u8,重复URL
温州经济科教,https://t.freetv.fun/live/jing-ji-ke-jiao-gao-qing-10.m3u8,重复URL
温州经济科教,https://t.freetv.fun/live/jing-ji-ke-jiao-gao-qing.m3u8,重复URL
温州经济科教,https://t.freetv.fun/live/jing-ji-ke-jiao-gao-qing-7.m3u8,重复URL
温州经济科教,https://t.freetv.fun/live/jing-ji-ke-jiao-gao-qing-14.m3u8,重复URL
温州经济科教,https://t.freetv.fun/live/jing-ji-ke-jiao-gao-qing-17.m3u8,重复URL
温州经济科教,https://t.freetv.fun/live/jing-ji-ke-jiao-gao-qing-3.m3u8,重复URL
温州经济科教,https://t.freetv.fun/live/jing-ji-ke-jiao-gao-qing-2.m3u8,重复URL
温州经济科教,https://t.freetv.fun/live/jing-ji-ke-jiao-gao-qing-20.m3u8,重复URL
温州经济科教,https://t.freetv.fun/live/wen-zhou-jing-ji-ke-jiao.m3u8,重复URL
温州经济科教,https://t.freetv.fun/live/jing-ji-ke-jiao-gao-qing-8.m3u8,重复URL
温州经济科教,https://t.freetv.fun/live/jing-ji-ke-jiao-gao-qing-19.m3u8,重复URL
温州经济科教,https://t.freetv.fun/live/jing-ji-ke-jiao-gao-qing-6.m3u8,重复URL
温州经济科教,https://t.freetv.fun/live/jing-ji-ke-jiao-gao-qing-1.m3u8,重复URL
温州经济科教,https://t.freetv.fun/live/jing-ji-ke-jiao-gao-qing-15.m3u8,重复URL
温州经济科教,https://t.freetv.fun/live/jing-ji-ke-jiao-gao-qing-5.m3u8,重复URL
温州都市生活,https://t.freetv.fun/live/wen-zhou-du-shi-sheng-huo.m3u8,重复URL
湖州公共,https://t.freetv.fun/live/hu-zhou-gong-gong-1.m3u8,重复URL
湖州公共,https://t.freetv.fun/live/hu-zhou-gong-gong-2.m3u8,重复URL
湖州公共,https://t.freetv.fun/live/hu-zhou-gong-gong-3.m3u8,重复URL
湖州公共,https://t.freetv.fun/live/hu-zhou-gong-gong-6.m3u8,重复URL
湖州公共,https://stream1.freetv.fun/hu-zhou-gong-gong-3.m3u8,重复URL
湖州公共,https://stream1.freetv.fun/hu-zhou-gong-gong-1.m3u8,重复URL
湖州公共,https://stream1.freetv.fun/hu-zhou-gong-gong-9.m3u8,重复URL
湖州公共民生,https://t.freetv.fun/live/hu-zhou-gong-gong-min-sheng-1.m3u8,重复URL
湖州公共民生,https://t.freetv.fun/live/hu-zhou-gong-gong-5.m3u8,重复URL
湖州公共民生,https://t.freetv.fun/live/hu-zhou-gong-gong.m3u8,重复URL
湖州公共民生,http://hzcm-live.media.hugd.com/1e6b554b9ab74513958c0e1ffe664d22/9acaa7634309494cb29a85eb12136607.m3u8?auth_key=2272900830-9a2389b8bf4e49d580d4ad807423d326-0-ea78a5c7a678c436263582d368f5009e,重复URL
湖州文化娱乐,https://t.freetv.fun/live/hu-zhou-wen-hua-yu-le-3.m3u8,重复URL
湖州文化娱乐,https://t.freetv.fun/live/hu-zhou-yu-le.m3u8,重复URL
湖州文化娱乐,https://t.freetv.fun/live/hu-zhou-wen-hua-yu-le-2.m3u8,重复URL
湖州文化娱乐,https://t.freetv.fun/live/hu-zhou-wen-hua-yu-le-1.m3u8,重复URL
湖州文化娱乐,https://t.freetv.fun/live/hu-zhou-wen-hua-yu-le-1-1.m3u8,重复URL
湖州文化娱乐,http://hzcm-live.media.hugd.com/613c47f0ab0d4eaa98b21378d0db6ded/0051d31c9dd543a7825eea4e49675b2a.m3u8?auth_key=2277598059-0a5ebfa1c0dc4671b42a60810fc37039-0-fa625b7d1feab612062453c12e3c8887,重复URL
湖州新闻综合,https://t.freetv.fun/live/hu-zhou-xin-wen-zong-he-3.m3u8,重复URL
湖州新闻综合,https://t.freetv.fun/live/hu-zhou-xin-wen-zong-he-1.m3u8,重复URL
湖州新闻综合,https://t.freetv.fun/live/lu-zhou-xin-wen-zong-he-1.m3u8,重复URL
湖州新闻综合,https://t.freetv.fun/live/hu-zhou-xin-wen-zong-he-2.m3u8,重复URL
湖州新闻综合,https://t.freetv.fun/live/hu-zhou-xin-wen-zong-he-1-1.m3u8,重复URL
湖州新闻综合,https://t.freetv.fun/live/hu-zhou-xin-wen-zong-he-4.m3u8,重复URL
湖州新闻综合,https://t.freetv.fun/live/lu-zhou-xin-wen-zong-he-1-1.m3u8,重复URL
湖州新闻综合,https://t.freetv.fun/live/gan-zhou-xin-wen-zong-he-1-1.m3u8,重复URL
湖州新闻综合,https://t.freetv.fun/live/gan-zhou-xin-wen-zong-he-2.flv,重复URL
绍兴公共,https://t.freetv.fun/live/shao-xing-gong-gong-3.m3u8,重复URL
绍兴公共,https://t.freetv.fun/live/shao-xing-gong-gong-pin-dao-2.m3u8,重复URL
绍兴公共,https://t.freetv.fun/live/shao-xing-gong-gong-1-1.m3u8,重复URL
绍兴公共,https://t.freetv.fun/live/shao-xing-gong-gong-pin-dao-1.m3u8,重复URL
绍兴公共,https://stream1.freetv.fun/shao-xing-gong-gong-8.m3u8,重复URL
绍兴公共,https://stream1.freetv.fun/shao-xing-gong-gong-7.m3u8,重复URL
绍兴公共,https://stream1.freetv.fun/shao-xing-gong-gong-1.m3u8,重复URL
绍兴公共,https://stream1.freetv.fun/shao-xing-gong-gong-3.m3u8,重复URL
绍兴公共,https://stream1.freetv.fun/shao-xing-gong-gong-2.m3u8,重复URL
绍兴公共,http://live.shaoxing.com.cn/video/s10001-sxtv2/index.m3u8,重复URL
绍兴文化,https://t.freetv.fun/live/shao-xing-wen-hua.m3u8,重复URL
绍兴文化影视,https://t.freetv.fun/live/shao-xing-wen-hua-ying-shi-1.m3u8,重复URL
绍兴文化影视,https://t.freetv.fun/live/zhe-jiang-shao-xing-wen-hua-ying-shi.m3u8,重复URL
绍兴文化影视,https://t.freetv.fun/live/wen-hua-ying-shi.m3u8,重复URL
绍兴文化影视,https://stream1.freetv.fun/shao-xing-wen-hua-ying-shi-1.m3u8,重复URL
绍兴文化影视,http://live.shaoxing.com.cn/video/s10001-sxtv3/index.m3u8,重复URL
绍兴文化影院,https://t.freetv.fun/live/shao-xing-wen-hua-ying-yuan-2.m3u8,重复URL
绍兴文化影院,https://t.freetv.fun/live/shao-xing-wen-hua-ying-yuan-1.m3u8,重复URL
绍兴文化影院,https://t.freetv.fun/live/shao-xing-wen-hua-ying-yuan-1-1.m3u8,重复URL
绍兴文化影院,https://stream1.freetv.fun/shao-xing-wen-hua-ying-yuan-4.m3u8,重复URL
绍兴文化影院,https://stream1.freetv.fun/shao-xing-wen-hua-ying-yuan-1.m3u8,重复URL
绍兴文化影院,https://stream1.freetv.fun/shao-xing-wen-hua-ying-yuan-2.m3u8,重复URL
绍兴文化影院,https://stream1.freetv.fun/shao-xing-wen-hua-ying-yuan-3.m3u8,重复URL
绍兴新闻,https://t.freetv.fun/live/shao-xing-xin-wen.m3u8,重复URL
绍兴新闻综合,https://t.freetv.fun/live/shao-xing-xin-wen-zong-he-3-1.m3u8,重复URL
绍兴新闻综合,https://t.freetv.fun/live/shao-xing-xin-wen-zong-he-2.m3u8,重复URL
绍兴新闻综合,https://t.freetv.fun/live/shao-xing-xin-wen-zong-he-3.m3u8,重复URL
绍兴新闻综合,https://t.freetv.fun/live/shao-xing-xin-wen-zong-he-1-1.m3u8,重复URL
绍兴新闻综合,https://t.freetv.fun/live/shao-xing-xin-wen-1.m3u8,重复URL
绍兴新闻综合,https://t.freetv.fun/live/shao-xing-xin-wen-zong-he-4.m3u8,重复URL
绍兴新闻综合,https://stream1.freetv.fun/shao-xing-xin-wen-zong-he-2.m3u8,重复URL
绍兴新闻综合,https://stream1.freetv.fun/shao-xing-xin-wen-zong-he-3.m3u8,重复URL
绍兴新闻综合,https://stream1.freetv.fun/shao-xing-xin-wen-zong-he-4.m3u8,重复URL
绍兴新闻综合,http://live.shaoxing.com.cn/video/s10001-sxtv1/index.m3u8,重复URL
绍兴电视台公共,http://live.shaoxing.com.cn/video/s10001-sxtv2/index.m3u8?%E5%85%B3%E6%B3%A8%E5%BE%AE%E4%BF%A1%E5%85%AC%E4%BC%97%E5%8F%B7[%E6%99%B4%E5%9B%AD],重复URL
舟山新闻综合,https://t.freetv.fun/live/xiao-shan-xin-wen-zong-he-3.m3u8,重复URL
舟山新闻综合,https://t.freetv.fun/live/bai-shan-xin-wen-zong-he-1.m3u8,重复URL
舟山新闻综合,https://t.freetv.fun/live/huang-shan-xin-wen-zong-he-1.m3u8,重复URL
舟山新闻综合,https://t.freetv.fun/live/zhou-shan-xin-wen-zong-he-2.m3u8,重复URL
舟山新闻综合,https://t.freetv.fun/live/zhe-jiang-xiao-shan-xin-wen-zong-he.m3u8,重复URL
舟山新闻综合,https://t.freetv.fun/live/xin-wen-zong-he.m3u8,重复URL
舟山新闻综合,https://t.freetv.fun/live/le-shan-xin-wen-zong-he.m3u8,重复URL
舟山新闻综合,https://t.freetv.fun/live/zhe-jiang-zhou-shan-xin-wen-zong-he.m3u8,重复URL
苍南新闻综合,https://t.freetv.fun/live/cang-nan-xin-wen-zong-he-1.m3u8,重复URL
苍南新闻综合,https://t.freetv.fun/live/cang-nan-xin-wen-zong-he-2.m3u8,重复URL
苍南新闻综合,https://t.freetv.fun/live/cang-nan-xin-wen-zong-he-1-1.m3u8,重复URL
苍南新闻综合,https://t.freetv.fun/live/cang-nan-xin-wen-zong-he-2-1.m3u8,重复URL
苍南新闻综合,https://stream1.freetv.fun/cang-nan-xin-wen-zong-he-1.m3u8,重复URL
苍南新闻综合,https://stream1.freetv.fun/cang-nan-xin-wen-zong-he-5.m3u8,重复URL
苍南新闻综合,https://stream1.freetv.fun/cang-nan-xin-wen-zong-he-3.m3u8,重复URL
苍南新闻综合,https://stream1.freetv.fun/cang-nan-xin-wen-zong-he-4.ctv,重复URL
萧山新闻综合,https://t.freetv.fun/live/xiao-shan-xin-wen-zong-he-2-1.m3u8,重复URL
萧山新闻综合,https://t.freetv.fun/live/xiao-shan-xin-wen-zong-he-1-1.m3u8,重复URL
萧山新闻综合,https://stream1.freetv.fun/xiao-shan-xin-wen-zong-he-8.m3u8,重复URL
萧山新闻综合,https://stream1.freetv.fun/xiao-shan-xin-wen-zong-he-6.m3u8,重复URL
萧山新闻综合,https://stream1.freetv.fun/xiao-shan-xin-wen-zong-he-4.m3u8,重复URL
萧山新闻综合,https://stream1.freetv.fun/xiao-shan-xin-wen-zong-he-2.m3u8,重复URL
萧山新闻综合,https://stream1.freetv.fun/xiao-shan-xin-wen-zong-he-9.m3u8,重复URL
衢江新闻综合,https://t.freetv.fun/live/qu-jiang-xin-wen-zong-he-3.m3u8,重复URL
衢江新闻综合,https://t.freetv.fun/live/qu-jiang-xin-wen-zong-he.m3u8,重复URL
衢江新闻综合,https://t.freetv.fun/live/qu-jiang-xin-wen-zong-he-2.m3u8,重复URL
衢江新闻综合,https://t.freetv.fun/live/qu-jiang-xin-wen-zong-he-1-1.m3u8,重复URL
衢江新闻综合,https://stream1.freetv.fun/qu-jiang-xin-wen-zong-he-2.m3u8,重复URL
衢江新闻综合,https://stream1.freetv.fun/qu-jiang-xin-wen-zong-he-1.ctv,重复URL
衢江新闻综合,https://stream1.freetv.fun/qu-jiang-xin-wen-zong-he-1.m3u8,重复URL
象山新闻综合,https://t.freetv.fun/live/xiang-shan-xin-wen-zong-he-1.m3u8,重复URL
象山新闻综合,https://t.freetv.fun/live/xiang-shan-xin-wen-zong-he-1-1.m3u8,重复URL
金华新闻综合,https://t.freetv.fun/live/jin-chuan-xin-wen-zong-he-1-1.m3u8,重复URL
金华新闻综合,https://t.freetv.fun/live/jin-chuan-xin-wen-zong-he-2.m3u8,重复URL
金华新闻综合,https://t.freetv.fun/live/jin-hua-xin-wen-zong-he-1.m3u8,重复URL
金华新闻综合,https://t.freetv.fun/live/jin-chuan-xin-wen-zong-he-2-1.m3u8,重复URL
钱江都市,https://t.freetv.fun/live/qian-jiang-du-shi.m3u8,重复URL
钱江都市,https://t.freetv.fun/live/qian-jiang-du-shi-1.m3u8,重复URL
山东体育,https://stream1.freetv.fun/shan-dong-ti-yu-19.m3u8,重复URL
山东体育,https://stream1.freetv.fun/shan-dong-ti-yu-8.m3u8,重复URL
山东少儿,https://stream1.freetv.fun/shan-dong-shao-er-4.m3u8,重复URL
山东少儿,https://stream1.freetv.fun/shan-dong-shao-er-7.m3u8,重复URL
山东少儿,https://stream1.freetv.fun/shan-dong-shao-er-9.m3u8,重复URL
山东少儿,https://stream1.freetv.fun/shan-dong-shao-er-5.m3u8,重复URL
山东教育,https://iptv.catvod.com/live.php?id=%E5%B1%B1%E4%B8%9C%E6%95%99%E8%82%B2&line=1,重复URL
山东教育,https://test1.live.sdetv.com.cn/live/dianshizhibo/playlist.m3u8,重复URL
山东新闻,https://stream1.freetv.fun/shan-dong-xin-wen-2.m3u8,重复URL
山东新闻,https://stream1.freetv.fun/shan-dong-xin-wen-4.m3u8,重复URL
山东新闻,https://stream1.freetv.fun/shan-dong-xin-wen-1.m3u8,重复URL
山东新闻,https://stream1.freetv.fun/shan-dong-xin-wen-6.m3u8,重复URL
枣庄公共,https://t.freetv.fun/live/zao-zhuang-gong-gong.m3u8,重复URL
枣庄公共,https://t.freetv.fun/live/zao-zhuang-gong-gong-1.m3u8,重复URL
枣庄教育,https://t.freetv.fun/live/zao-zhuang-jiao-yu.m3u8,重复URL
枣庄教育,https://t.freetv.fun/live/zao-zhuang-jiao-yu-1.m3u8,重复URL
枣庄新闻综合,https://t.freetv.fun/live/zao-zhuang-xin-wen-zong-he.m3u8,重复URL
枣庄新闻综合,https://t.freetv.fun/live/zao-zhuang-xin-wen-zong-he-1.m3u8,重复URL
枣庄新闻综合,https://t.freetv.fun/live/shan-dong-zao-zhuang-xin-wen-zong-he.m3u8,重复URL
济南教育,https://stream1.freetv.fun/ji-nan-jiao-yu-1.m3u8,重复URL
济南教育,https://t.freetv.fun/live/ji-nan-jiao-yu.m3u8,重复URL
济南新闻综合,https://stream1.freetv.fun/ji-nan-xin-wen-zong-he-7.m3u8,重复URL
济南新闻综合,https://stream1.freetv.fun/ji-nan-zong-he-2.m3u8,重复URL
济南综合,https://stream1.freetv.fun/ji-nan-zong-he-1.m3u8,重复URL
滨州新闻综合,https://t.freetv.fun/live/bin-zhou-xin-wen-zong-he.m3u8,重复URL
潍坊新闻综合,https://stream1.freetv.fun/ipv6-wei-fang-xin-wen-zong-he-1.m3u8,重复URL
潍坊新闻综合,https://stream1.freetv.fun/ipv6-wei-fang-xin-wen-zong-he-2.m3u8,重复URL
烟台新闻综合,https://t.freetv.fun/live/yan-tai-xin-wen-zong-he-1.m3u8,重复URL
优漫卡通,http://ottrrs.hl.chinamobile.com/PLTV/88888888/224/3221225656/index.m3u8,重复URL
优漫卡通,https://t.freetv.fun/live/you-man-qia-tong-21.m3u8,重复URL
优漫卡通,https://stream1.freetv.fun/9a50e666912cb82bd584eb50bb030b7f654275ed05a586ef3c63ac39789df94b.m3u8,重复URL
优漫卡通,https://t.freetv.fun/live/you-man-qia-tong-5-1.m3u8,重复URL
优漫卡通,https://t.freetv.fun/live/you-man-qia-tong-3-1.m3u8,重复URL
优漫卡通,https://t.freetv.fun/live/jiang-su-you-man-qia-tong.m3u8,重复URL
优漫卡通,https://t.freetv.fun/live/you-man-qia-tong-4-1.m3u8,重复URL
南京十八,https://iptv.catvod.com/live.php?id=%E5%8D%97%E4%BA%AC%E5%8D%81%E5%85%AB%E9%A2%91%E9%81%93&line=1,重复URL
南京娱乐,https://t.freetv.fun/live/jiang-su-nan-jing-yu-le.m3u8,重复URL
南京少儿,https://t.freetv.fun/live/nan-jing-shao-er-1.m3u8,重复URL
南京少儿,https://t.freetv.fun/live/nan-jing-shao-er-2.m3u8,重复URL
南京少儿,http://nklive.nbs.cn/hls/e0981f3f-1a20-4a59-b8d1-17feb83a4610/index.m3u8,重复URL
南京教科,https://t.freetv.fun/live/nan-jing-jiao-ke-2.m3u8,重复URL
南京教科,http://nklive.nbs.cn/hls/75b3c462-b831-4de7-a34b-5d3221db2069/index.m3u8,重复URL
南京新闻综合,https://t.freetv.fun/live/nan-jing-xin-wen-zong-he-3.m3u8,重复URL
南京新闻综合,https://t.freetv.fun/live/fu-nan-xin-wen-zong-he.m3u8,重复URL
南京新闻综合,https://t.freetv.fun/live/hui-nan-xin-wen-zong-he-2.m3u8,重复URL
南京新闻综合,https://t.freetv.fun/live/nan-jing-qi-xia-xin-wen-zong-he-1.m3u8,重复URL
南京新闻综合,https://t.freetv.fun/live/hui-nan-xin-wen-zong-he-1.m3u8,重复URL
南京新闻综合,https://t.freetv.fun/live/fu-nan-xin-wen-zong-he-1.m3u8,重复URL
南京新闻综合,https://t.freetv.fun/live/nan-ling-xin-wen-zong-he.m3u8,重复URL
南京新闻综合,https://t.freetv.fun/live/zhu-nan-xin-wen-zong-he.m3u8,重复URL
南京新闻综合,https://t.freetv.fun/live/nan-jing-qi-xia-xin-wen-zong-he.m3u8,重复URL
南京新闻综合,https://t.freetv.fun/live/cang-nan-xin-wen-zong-he-2.m3u8,重复URL
南京新闻综合,https://iptv.catvod.com/live.php?id=%E5%8D%97%E4%BA%AC%E6%96%B0%E9%97%BB%E7%BB%BC%E5%90%88%E9%A2%91%E9%81%93&line=1,重复URL
南京新闻综合,http://nklive.nbs.cn/hls/d511bc9d-a694-4453-b3a2-4fc842cc97a1/index.m3u8,重复URL
南通新闻综合,https://t.freetv.fun/live/nan-tong-xin-wen-zong-he.m3u8,重复URL
南通新闻综合,https://iptv.catvod.com/live.php?id=%E5%8D%97%E9%80%9A%E6%96%B0%E9%97%BB%E7%BB%BC%E5%90%88&line=1,重复URL
南通都市生活,https://t.freetv.fun/live/nan-tong-du-shi-sheng-huo.m3u8,重复URL
如东新闻综合,https://t.freetv.fun/live/ru-dong-xin-wen-zong-he.m3u8,重复URL
如东新闻综合,https://t.freetv.fun/live/dong-wan-xin-wen-zong-he-1.m3u8,重复URL
如东新闻综合,https://t.freetv.fun/live/dong-wan-xin-wen-zong-he-5.m3u8,重复URL
如东新闻综合,https://t.freetv.fun/live/dong-wan-xin-wen-zong-he-2.m3u8,重复URL
如东新闻综合,https://t.freetv.fun/live/dong-zhi-xin-wen-zong-he-1.m3u8,重复URL
如东新闻综合,https://t.freetv.fun/live/dong-zhi-xin-wen-zong-he.m3u8,重复URL
如东新闻综合,https://t.freetv.fun/live/jiang-su-ru-dong-xin-wen-zong-he.m3u8,重复URL
宜兴新闻频道,https://t.freetv.fun/live/yi-xing-xin-wen-pin-dao.m3u8,重复URL
无锡娱乐,https://t.freetv.fun/live/wu-xi-yu-le-2.m3u8,重复URL
无锡新闻综合,https://t.freetv.fun/live/wu-xi-xin-wen-zong-he-1.m3u8,重复URL
无锡新闻综合,https://t.freetv.fun/live/wu-xi-xin-wen-zong-he-1-1.m3u8,重复URL
无锡新闻综合,https://t.freetv.fun/live/jiang-su-wu-xi-xin-wen-zong-he.m3u8,重复URL
无锡新闻综合,http://stream.thmz.com/wxtv1/sd/live.m3u8?zjiangsd#http://stream.thmz.com/wxtv1/playlist.m3u8?_upt=156143371706166361#http://stream.thmz.com/wxtv1/sd/live.m3u8?_upt=4ba3ab191698644028#http://stream.thmz.com/wxtv1/playlist.m3u8,重复URL
无锡新闻综合,https://t.freetv.fun/live/wu-wei-xin-wen-zong-he.flv,重复URL
无锡生活,https://t.freetv.fun/live/wu-xi-sheng-huo-3.m3u8,重复URL
无锡都市资讯,https://t.freetv.fun/live/wu-xi-du-shi-zi-xun-1.m3u8,重复URL
无锡都市资讯,https://t.freetv.fun/live/jiang-su-wu-xi-du-shi-zi-xun.m3u8,重复URL
无锡都市资讯,http://stream.thmz.com/wxtv3/sd/live.m3u8?zjiangsd#http://stream.thmz.com/wxtv3/sd/live.m3u8?_upt=978cd8731706199708#http://stream.thmz.com/wxtv3/playlist.m3u8#http://stream.thmz.com/wxtv3/playlist.m3u8?_upt=1758133b1706166861,重复URL
泗洪新闻综合,http://live1.habctv.com/ggpdsl/sd/live.m3u8,重复URL
泗洪新闻综合,http://live1.habctv.com/ggpdsl/sd/live.m3u8?zjiangsd#http://live1.habctv.com/ggpdsl/sd/live.m3u8,重复URL
海安新闻综合,https://t.freetv.fun/live/hai-an-xin-wen-zong-he-1.m3u8,重复URL
淮安影院娱乐,http://live1.habctv.com/ysylsl/sd/live.m3u8?zjiangsd,重复URL
淮安影院娱乐,http://live1.habctv.com/ysylsl/sd/live.m3u8,重复URL
淮安新闻综合,https://t.freetv.fun/live/huai-an-xin-wen-zong-he-2.m3u8,重复URL
淮安新闻综合,https://iptv.catvod.com/live.php?id=%E6%B7%AE%E5%AE%89%E6%96%B0%E9%97%BB%E7%BB%BC%E5%90%88&line=1,重复URL
溧水新闻综合,https://t.freetv.fun/live/li-shui-xin-wen-zong-he-1.m3u8,重复URL
溧水新闻综合,https://iptv.catvod.com/live.php?id=%E6%BA%A7%E6%B0%B4%E6%96%B0%E9%97%BB%E7%BB%BC%E5%90%88&line=1,重复URL
滨海新闻综合,https://t.freetv.fun/live/bin-hai-xin-wen-zong-he-3.m3u8,重复URL
苏州文化生活,https://t.freetv.fun/live/su-zhou-wen-hua-sheng-huo-3.m3u8,重复URL
苏州文化生活,https://t.freetv.fun/live/su-zhou-wen-hua-sheng-huo.m3u8,重复URL
苏州文化生活,https://t.freetv.fun/live/su-zhou-wen-hua-sheng-huo-2-1.m3u8,重复URL
苏州文化生活,https://stream1.freetv.fun/su-zhou-wen-hua-sheng-huo-2.m3u8,重复URL
苏州文化生活,https://live-auth.51kandianshi.com/szgd/csztv3.m3u8,重复URL
苏州新闻综合,https://t.freetv.fun/live/su-zhou-xin-wen-zong-he-4.m3u8,重复URL
苏州新闻综合,https://t.freetv.fun/live/su-zhou-xin-wen-zong-he-2-1.m3u8,重复URL
苏州新闻综合,https://t.freetv.fun/live/su-zhou-xin-wen-zong-he.m3u8,重复URL
苏州新闻综合,https://t.freetv.fun/live/jiang-su-xin-wen-zong-he.m3u8,重复URL
苏州新闻综合,https://stream1.freetv.fun/su-zhou-xin-wen-zong-he-13.m3u8,重复URL
苏州新闻综合,https://live-auth.51kandianshi.com/szgd/csztv1.m3u8,重复URL
苏州生活资讯,https://t.freetv.fun/live/su-zhou-sheng-huo-zi-xun.m3u8,重复URL
苏州生活资讯,https://t.freetv.fun/live/su-zhou-sheng-huo-zi-xun-3.m3u8,重复URL
苏州生活资讯,https://t.freetv.fun/live/su-zhou-sheng-huo-zi-xun-2-1.m3u8,重复URL
苏州生活资讯,https://live-auth.51kandianshi.com/szgd/csztv5.m3u8,重复URL
苏州生活资讯,https://stream1.freetv.fun/su-zhou-sheng-huo-zi-xun-1.m3u8,重复URL
苏州电影娱乐,https://t.freetv.fun/live/su-zhou-dian-ying-yu-le-xin-xi.m3u8,重复URL
苏州电影娱乐,https://t.freetv.fun/live/su-zhou-dian-ying-yu-le-1.m3u8,重复URL
苏州电影娱乐,https://t.freetv.fun/live/su-zhou-yu-le.m3u8,重复URL
苏州电影娱乐,https://t.freetv.fun/live/su-zhou-dian-ying-yu-le-xin-xi-1.flv,重复URL
苏州社会经济,https://t.freetv.fun/live/su-zhou-she-hui-jing-ji-3.m3u8,重复URL
苏州社会经济,https://t.freetv.fun/live/su-zhou-she-hui-jing-ji.m3u8,重复URL
苏州社会经济,https://t.freetv.fun/live/su-zhou-she-hui-jing-ji-2-1.m3u8,重复URL
苏州社会经济,https://live-auth.51kandianshi.com/szgd/csztv2.m3u8,重复URL
苏州社会经济,https://stream1.freetv.fun/su-zhou-she-hui-jing-ji-2.m3u8,重复URL
靖江新闻综合,https://t.freetv.fun/live/jing-jiang-xin-wen-zong-he-5.m3u8,重复URL
靖江新闻综合,https://t.freetv.fun/live/jing-jiang-xin-wen-zong-he-1-2.m3u8,重复URL
靖江新闻综合,https://t.freetv.fun/live/jing-jiang-xin-wen-zong-he-2.m3u8,重复URL
靖江新闻综合,https://t.freetv.fun/live/jing-jiang-xin-wen-zong-he-6.m3u8,重复URL
靖江新闻综合,https://stream1.freetv.fun/jing-jiang-xin-wen-zong-he-1.m3u8,重复URL
靖江新闻综合,https://stream1.freetv.fun/jing-jiang-xin-wen-zong-he-7.m3u8,重复URL
靖江新闻综合,http://visit.jjbctv.com:1935/live/xwzhmb/playlist.m3u8,重复URL
东至新闻综合,https://t.freetv.fun/live/dong-zhi-xin-wen-zong-he-1.m3u8,重复URL
东至新闻综合,https://t.freetv.fun/live/dong-zhi-xin-wen-zong-he.m3u8,重复URL
休宁新闻综合,https://t.freetv.fun/live/xiu-zhu-xin-wen-zong-he.m3u8,重复URL
南陵新闻综合,https://t.freetv.fun/live/nan-ling-xin-wen-zong-he.m3u8,重复URL
固镇新闻,http://www.guzhenm.com:7001/hls/hd-live.m3u8?%E5%85%B3%E6%B3%A8%E5%BE%AE%E4%BF%A1%E5%85%AC%E4%BC%97%E5%8F%B7[%E6%99%B4%E5%9B%AD],重复URL
太和新闻综合,https://t.freetv.fun/live/tai-he-xin-wen-zong-he.m3u8,重复URL
安庆公共,https://t.freetv.fun/live/an-qing-gong-gong.m3u8,重复URL
安徽经济生活,https://t.freetv.fun/live/an-hui-jing-ji-sheng-huo-2.m3u8,重复URL
安徽经济生活,https://stream1.freetv.fun/an-hui-jing-ji-sheng-huo-4.ctv,重复URL
安徽经济生活,https://t.freetv.fun/live/an-hui-sheng-huo.php,重复URL
安徽综艺体育,https://t.freetv.fun/live/an-hui-zong-yi-ti-yu-3.m3u8,重复URL
安徽综艺体育,https://t.freetv.fun/live/an-hui-zong-yi-ti-yu-1-1.m3u8,重复URL
安徽综艺体育,https://stream1.freetv.fun/an-hui-zong-yi-ti-yu-4.ctv,重复URL
安徽综艺体育,https://stream1.freetv.fun/an-hui-zong-yi-ti-yu-8.m3u8,重复URL
安徽综艺体育,http://112.27.235.94:8000/hls/25/index.m3u8,重复URL
安徽综艺体育,https://t.freetv.fun/live/an-hui-zong-yi-ti-yu-3.flv,重复URL
宿州新闻综合频道,http://live.ahsz.tv/video/s10001-szzh/index.m3u8,重复URL
广德新闻综合,https://t.freetv.fun/live/yan-de-xin-wen-zong-he-1.m3u8,重复URL
广德新闻综合,https://t.freetv.fun/live/yan-de-xin-wen-zong-he-1.flv,重复URL
涡阳新闻综合,https://t.freetv.fun/live/wo-yang-xin-wen-zong-he-1.m3u8,重复URL
淮南新闻综合,https://t.freetv.fun/live/huai-nan-xin-wen-zong-he.m3u8,重复URL
滁州新闻综合,https://t.freetv.fun/live/chu-zhou-xin-wen-zong-he.m3u8,重复URL
潜山新闻综合,https://t.freetv.fun/live/qian-shan-xin-wen-zong-he.m3u8,重复URL
繁昌新闻综合,https://t.freetv.fun/live/fan-chang-xin-wen-zong-he.m3u8,重复URL
芜湖公共,https://t.freetv.fun/live/wu-hu-gong-gong-1.m3u8,重复URL
芜湖公共,https://t.freetv.fun/live/wu-hu-gong-gong.m3u8,重复URL
芜湖新闻综合,https://t.freetv.fun/live/wu-hu-xin-wen-zong-he-1.m3u8,重复URL
芜湖新闻综合,https://t.freetv.fun/live/wu-hu-xin-wen-zong-he.m3u8,重复URL
芜湖生活,https://t.freetv.fun/live/wu-hu-sheng-huo.m3u8,重复URL
芜湖生活,https://t.freetv.fun/live/wu-hu-sheng-huo-1.m3u8,重复URL
铜陵新闻综合,https://ls.qingting.fm/live/21303/64k.m3u8,重复URL
阜南新闻综合,https://t.freetv.fun/live/fu-nan-xin-wen-zong-he.m3u8,重复URL
阜南新闻综合,https://t.freetv.fun/live/fu-nan-xin-wen-zong-he-1.m3u8,重复URL
黄山公共生活,http://hslive.hsnewsnet.com/lsdream/iY92ady/1000/live.m3u8?zanhd,重复URL
黄山新闻综合,https://t.freetv.fun/live/huang-shan-xin-wen-zong-he-2.m3u8,重复URL
黄山新闻综合,https://t.freetv.fun/live/huang-shan-xin-wen-zong-he-1.m3u8,重复URL
黄山新闻综合,https://t.freetv.fun/live/huang-shan-xin-wen-zong-he-1-1.m3u8,重复URL
黄山新闻综合,https://t.freetv.fun/live/huang-shan-xin-wen-zong-he-3.m3u8,重复URL
黄山新闻综合,https://t.freetv.fun/live/huang-shan-xin-wen-zong-he-4.m3u8,重复URL
黄山新闻综合,http://hslive.hsnewsnet.com/lsdream/hve9Wjs/1000/live.m3u8?zanhd,重复URL
黄山新闻综合,http://hslive.hsnewsnet.com/lsdream/hve9Wjs/1000/live.m3u8,重复URL
海南公共,https://t.freetv.fun/live/hai-nan-gong-gong-3.m3u8,重复URL
海南公共,https://t.freetv.fun/live/hai-nan-gong-gong.m3u8,重复URL
海南公共,https://t.freetv.fun/live/hai-nan-gong-gong-4.m3u8,重复URL
海南公共,https://stream1.freetv.fun/ipv6-hai-nan-gong-gong-8.m3u8,重复URL
海南公共,https://stream1.freetv.fun/ipv6-hai-nan-gong-gong-9.m3u8,重复URL
海南少儿,https://t.freetv.fun/live/hai-nan-shao-er.m3u8,重复URL
海南文旅,https://t.freetv.fun/live/hai-nan-wen-lu-1.m3u8,重复URL
海南文旅,https://t.freetv.fun/live/hai-nan-wen-lu-3.m3u8,重复URL
海南文旅,https://t.freetv.fun/live/hai-nan-wen-lu-4.m3u8,重复URL
海南文旅,https://t.freetv.fun/live/hai-nan-wen-lu-2.m3u8,重复URL
海南文旅,https://stream1.freetv.fun/ipv6-hai-nan-wen-lu-7.m3u8,重复URL
海南文旅,https://stream1.freetv.fun/ipv6-hai-nan-wen-lu-9.m3u8,重复URL
海南新闻,https://t.freetv.fun/live/hai-nan-xin-wen.m3u8,重复URL
海南新闻,https://stream1.freetv.fun/ipv6-hai-nan-xin-wen-6.m3u8,重复URL
朝阳新闻综合,https://t.freetv.fun/live/zhao-yang-xin-wen-zong-he.m3u8,重复URL
辽宁体育,https://t.freetv.fun/live/liao-zhu-ti-yu-1.m3u8,重复URL
辽宁体育,https://t.freetv.fun/live/liao-zhu-ti-yu-1-1.m3u8,重复URL
辽宁体育,https://t.freetv.fun/live/liao-zhu-ti-yu-2.m3u8,重复URL
辽宁体育,http://dassby.qqff.top:99/live/辽宁体育/index.m3u8,重复URL
辽宁体育,https://t.freetv.fun/live/liao-zhu-ti-yu-1.php,重复URL
辽宁体育,http://120.76.248.139/live/bfgd/4200000611.m3u8,重复URL
辽宁体育,https://stream1.freetv.fun/liao-zhu-ti-yu-3.m3u8,重复URL
辽宁公共,https://t.freetv.fun/live/liao-zhu-gong-gong.m3u8,重复URL
辽宁公共,https://t.freetv.fun/live/liao-zhu-gong-gong-1.m3u8,重复URL
辽宁北方,https://t.freetv.fun/live/liao-zhu-bei-fang-1.m3u8,重复URL
辽宁北方,https://stream1.freetv.fun/liao-zhu-bei-fang-3.m3u8,重复URL
辽宁北方,http://dassby.qqff.top:99/live/辽宁北方/index.m3u8,重复URL
辽宁影视剧,https://t.freetv.fun/live/liao-zhu-ying-shi-ju.m3u8,重复URL
辽宁影视剧,https://stream1.freetv.fun/liao-zhu-ying-shi-ju-3.m3u8,重复URL
辽宁影视剧,https://stream1.freetv.fun/liao-zhu-ying-shi-ju-1.m3u8,重复URL
辽宁影视剧,https://stream1.freetv.fun/liao-zhu-ying-shi-ju-2.m3u8,重复URL
辽宁教育青少,https://t.freetv.fun/live/liao-zhu-jiao-yu-qing-shao-1.m3u8,重复URL
辽宁教育青少,https://stream1.freetv.fun/liao-zhu-jiao-yu-qing-shao-1.m3u8,重复URL
辽宁生活,https://t.freetv.fun/live/liao-zhu-sheng-huo-1.m3u8,重复URL
辽宁生活,https://stream1.freetv.fun/liao-zhu-sheng-huo-1.m3u8,重复URL
辽宁移动电视,https://t.freetv.fun/live/liao-zhu-yi-dong-dian-shi.m3u8,重复URL
辽宁经济,https://t.freetv.fun/live/liao-zhu-jing-ji-1.m3u8,重复URL
辽宁经济,https://t.freetv.fun/live/liao-zhu-jing-ji.m3u8,重复URL
辽宁经济,https://stream1.freetv.fun/liao-zhu-jing-ji-2.m3u8,重复URL
辽宁都市,https://t.freetv.fun/live/liao-zhu-du-shi-1-1.m3u8,重复URL
辽宁都市,https://t.freetv.fun/live/liao-zhu-du-shi-1.m3u8,重复URL
辽宁都市,https://stream1.freetv.fun/liao-zhu-du-shi-5.m3u8,重复URL
辽宁都市,https://t.freetv.fun/live/liao-zhu-du-shi-1.php,重复URL
陕西体育休闲,https://t.freetv.fun/live/shan-xi-ti-yu-2.m3u8,重复URL
陕西体育休闲,https://t.freetv.fun/live/shan-xi-ti-yu.m3u8,重复URL
陕西体育休闲,https://t.freetv.fun/live/shan-xi-ti-yu-1.m3u8,重复URL
陕西体育休闲,https://iptv.catvod.com/live.php?id=%E9%99%95%E8%A5%BF%E4%BD%93%E8%82%B2%E4%BC%91%E9%97%B2%E9%A2%91%E9%81%93&line=1,重复URL
陕西新闻资讯,https://t.freetv.fun/live/shan-xi-xin-wen-zi-xun-5.m3u8,重复URL
陕西新闻资讯,https://t.freetv.fun/live/shan-xi-xin-wen-zi-xun-2.m3u8,重复URL
陕西新闻资讯,https://iptv.catvod.com/live.php?id=%E9%99%95%E8%A5%BF%E6%96%B0%E9%97%BB%E8%B5%84%E8%AE%AF%E9%A2%91%E9%81%93&line=1,重复URL
陕西都市青春,https://t.freetv.fun/live/shan-xi-du-shi-qing-chun.m3u8,重复URL
万荣综合,http://60.222.246.220:19433/hls1.m3u8,重复URL
太谷新闻综合,https://t.freetv.fun/live/tai-gu-xin-wen-zong-he-4.m3u8,重复URL
太谷新闻综合,https://t.freetv.fun/live/tai-gu-xin-wen-zong-he-1.m3u8,重复URL
太谷新闻综合,https://t.freetv.fun/live/tai-gu-xin-wen-zong-he-3.m3u8,重复URL
太谷新闻综合,https://t.freetv.fun/live/tai-gu-xin-wen-zong-he-1-1.m3u8,重复URL
太谷新闻综合,https://t.freetv.fun/live/tai-gu-xin-wen-zong-he-2.m3u8,重复URL
太谷新闻综合,https://p2.vzan.com/slowlive/596867413819827251/live.m3u8?zbid=1725814272&amp;amp;tpid=1516989100&amp;amp;type=0,重复URL
山西影视,https://t.freetv.fun/live/shan-xi-ying-shi-gao-qing-1.m3u8,重复URL
山西影视,https://t.freetv.fun/live/shan-xi-ying-shi-gao-qing.m3u8,重复URL
山西社会与法治,https://t.freetv.fun/live/shan-xi-she-hui-yu-fa-zhi-1.m3u8,重复URL
平遥新闻综合,https://t.freetv.fun/live/ping-yao-xin-wen-zong-he-1.m3u8,重复URL
武乡新闻综合,https://t.freetv.fun/live/wu-xiang-xin-wen-zong-he-3.m3u8,重复URL
武乡新闻综合,https://t.freetv.fun/live/wu-xiang-xin-wen-zong-he-1-1.m3u8,重复URL
武乡新闻综合,https://stream1.freetv.fun/wu-xiang-xin-wen-zong-he-5.m3u8,重复URL
武乡新闻综合,https://stream1.freetv.fun/wu-xiang-xin-wen-zong-he-1.m3u8,重复URL
武乡新闻综合,https://stream1.freetv.fun/wu-xiang-xin-wen-zong-he-2.m3u8,重复URL
武乡新闻综合,https://stream1.freetv.fun/wu-xiang-xin-wen-zong-he-4.m3u8,重复URL
潞城新闻综合,https://t.freetv.fun/live/lu-cheng-xin-wen-zong-he-1.m3u8,重复URL
灵石新闻综合,https://t.freetv.fun/live/ling-shi-xin-wen-zong-he-1.m3u8,重复URL
运城公共频道,https://t.freetv.fun/live/yun-cheng-gong-gong-pin-dao.m3u8,重复URL
运城新闻综合,https://t.freetv.fun/live/yun-cheng-xin-wen-zong-he.m3u8,重复URL
运城新闻综合,https://t.freetv.fun/live/shan-xi-yun-cheng-xin-wen-zong-he.m3u8,重复URL
运城科技教育,https://t.freetv.fun/live/yun-cheng-ke-ji-jiao-yu.m3u8,重复URL
运城科技教育,https://t.freetv.fun/live/shan-xi-yun-cheng-ke-ji-jiao-yu.m3u8,重复URL
运城科技教育,https://stream1.freetv.fun/yun-cheng-ke-ji-jiao-yu-2.m3u8,重复URL
运城科技教育,https://stream1.freetv.fun/yun-cheng-ke-ji-jiao-yu-1.m3u8,重复URL
长子综合,https://www.wxhcgbds.com:8081/channelTv/WXTV_1.m3u8?zshanxd,重复URL
昆明影综艺,https://t.freetv.fun/live/kun-ming-ying-zong-yi.m3u8,重复URL
昆明影综艺,https://t.freetv.fun/live/kun-ming-ying-zong-yi-1.m3u8,重复URL
昆明新闻综合,https://t.freetv.fun/live/kun-ming-xin-wen-zong-he-2.m3u8,重复URL
昆明新闻综合,https://t.freetv.fun/live/kun-ming-xin-wen-zong-he-1.m3u8,重复URL
昆明科学教育,https://t.freetv.fun/live/kun-ming-ke-xue-jiao-yu.m3u8,重复URL
昆明经济生活,https://t.freetv.fun/live/kun-ming-jing-ji-sheng-huo.m3u8,重复URL
北京新闻,https://ls.qingting.fm/live/339/64k.m3u8,重复URL
万州三峡移民,http://123.146.162.24:8017/c2F0hmi/1000/live.m3u8,重复URL
万州综合,http://123.146.162.24:8017/iTXwrGs/800/live.m3u8,重复URL
江津新闻综合,https://t.freetv.fun/live/jiang-jin-xin-wen-zong-he-2-1.m3u8,重复URL
江津新闻综合,https://t.freetv.fun/live/jiang-jin-xin-wen-zong-he-1-1.m3u8,重复URL
江津新闻综合,https://t.freetv.fun/live/jiang-jin-xin-wen-zong-he-2.m3u8,重复URL
江津新闻综合,http://222.179.155.21:1935/ch1.m3u8?zzhongqd,重复URL
荣昌综合,http://183.64.181.25:40023/rongchang01.m3u8,重复URL
三明新闻综合,https://t.freetv.fun/live/san-ming-xin-wen-zong-he-1.m3u8,重复URL
三明新闻综合,https://t.freetv.fun/live/san-ming-xin-wen-zong-he.m3u8,重复URL
三明新闻综合,https://t.freetv.fun/live/fu-jian-san-ming-xin-wen-zong-he.m3u8,重复URL
三明新闻综合,http://ls.qingting.fm/live/4885.m3u8,重复URL
云霄综合,http://live.zzyxxw.com:85/live/xwzh.m3u8,重复URL
云霄综合,http://live.zzyxxw.com:85/live/xwzh.m3u8?fujian,,重复URL
厦门卫视,http://ottrrs.hl.chinamobile.com/PLTV/88888888/224/3221226390/index.m3u8,重复URL
厦门卫视,https://t.freetv.fun/live/sha-men-wei-shi-8.m3u8,重复URL
德化新闻综合,https://t.freetv.fun/live/de-hua-xin-wen-zong-he.m3u8,重复URL
晋江电视台,https://t.freetv.fun/live/jin-jiang-dian-shi-tai.m3u8,重复URL
晋江电视台,https://t.freetv.fun/live/jin-jiang-shi-dian-shi.m3u8,重复URL
漳州新闻综合,https://stream1.freetv.fun/zhang-zhou-xin-wen-zong-he-1.m3u8,重复URL
漳州新闻综合,https://stream1.freetv.fun/zhang-zhou-xin-wen-zong-he-3.m3u8,重复URL
漳州新闻综合,https://stream1.freetv.fun/zhang-zhou-xin-wen-zong-he-2.m3u8,重复URL
漳州新闻综合,https://t.freetv.fun/live/zhang-zhou-xin-wen-zong-he.m3u8,重复URL
漳浦综合,https://t.freetv.fun/live/fu-jian-zhang-pu-zong-he.m3u8,重复URL
漳浦综合,https://t.freetv.fun/live/zhang-pu-zong-he-2.m3u8,重复URL
石狮综合,https://t.freetv.fun/live/shi-shi-zong-he.m3u8,重复URL
石狮综合,https://t.freetv.fun/live/fu-jian-shi-shi-zong-he.m3u8,重复URL
福州生活,http://live.zohi.tv:80/video/s10001-fztv-3/index.m3u8,重复URL
福建少儿,https://stream1.freetv.fun/fu-jian-shao-er-1.m3u8,重复URL
福建少儿,https://stream1.freetv.fun/fu-jian-shao-er-4.m3u8,重复URL
福建少儿,https://stream1.freetv.fun/fu-jian-shao-er-2.m3u8,重复URL
福建少儿,https://stream1.freetv.fun/fu-jian-shao-er-6.m3u8,重复URL
福建少儿,https://stream1.freetv.fun/fu-jian-shao-er-7.m3u8,重复URL
福建新闻,http://satellitepull.cnr.cn/live/wx32fjxwgb/playlist.m3u8,重复URL
福建新闻,https://stream1.freetv.fun/fu-jian-xin-wen-1.m3u8,重复URL
福建新闻,https://stream1.freetv.fun/fu-jian-xin-wen-6.m3u8,重复URL
福建新闻,https://stream1.freetv.fun/fu-jian-xin-wen-2.m3u8,重复URL
福建新闻,https://stream1.freetv.fun/fu-jian-xin-wen-3.m3u8,重复URL
福建电视剧,https://stream1.freetv.fun/fu-jian-dian-shi-ju-4.m3u8,重复URL
福建电视剧,https://stream1.freetv.fun/fu-jian-dian-shi-ju-2.m3u8,重复URL
福建电视剧,https://stream1.freetv.fun/fu-jian-dian-shi-ju-1.m3u8,重复URL
福建经济,http://satellitepull.cnr.cn/live/wx32fjdnjjgb/playlist.m3u8,重复URL
福建经济,https://stream1.freetv.fun/fu-jian-jing-ji-2.m3u8,重复URL
福建经济,https://stream1.freetv.fun/fu-jian-jing-ji-6.m3u8,重复URL
福建经济,https://stream1.freetv.fun/fu-jian-jing-ji-5.m3u8,重复URL
福建经济,https://stream1.freetv.fun/fu-jian-jing-ji-4.m3u8,重复URL
福建经济,https://stream1.freetv.fun/fu-jian-jing-ji-1.m3u8,重复URL
福建综合,https://stream1.freetv.fun/fu-jian-zong-he-4.m3u8,重复URL
福建综合,https://stream1.freetv.fun/fu-jian-zong-he-1.m3u8,重复URL
福建综合,https://stream1.freetv.fun/fu-jian-zong-he-3.m3u8,重复URL
福建综合,https://stream1.freetv.fun/fu-jian-zong-he-6.m3u8,重复URL
福建综合,https://stream1.freetv.fun/fu-jian-zong-he-5.m3u8,重复URL
天水公共,https://t.freetv.fun/live/tian-shui-gong-gong.m3u8,重复URL
天水公共,https://t.freetv.fun/live/tian-shui-gong-gong-1.m3u8,重复URL
天水新闻综合,https://t.freetv.fun/live/tian-shui-xin-wen-zong-he.m3u8,重复URL
天水新闻综合,https://t.freetv.fun/live/zhao-tian-xin-wen-zong-he.m3u8,重复URL
天水新闻综合,https://t.freetv.fun/live/lin-shui-xin-wen-zong-he-2.m3u8,重复URL
天水新闻综合,https://t.freetv.fun/live/lin-shui-xin-wen-zong-he-1.m3u8,重复URL
平凉新闻综合,https://t.freetv.fun/live/ping-liang-xin-wen-zong-he-1.m3u8,重复URL
平凉新闻综合,https://t.freetv.fun/live/ping-liang-xin-wen-zong-he-2.flv,重复URL
甘肃少儿,https://t.freetv.fun/live/gan-su-shao-er.m3u8,重复URL
甘肃经济,https://satellitepull.cnr.cn/live/wxgshhzs/playlist.m3u8,重复URL
甘肃都市,https://satellitepull.cnr.cn/live/wxgsdstb/playlist.m3u8,重复URL
北海新闻综合,https://t.freetv.fun/live/bei-hai-xin-wen-zong-he-2.m3u8,重复URL
南宁公共,https://t.freetv.fun/live/nan-zhu-gong-gong-1.m3u8,重复URL
南宁公共,https://t.freetv.fun/live/yan-xi-nan-zhu-gong-gong.m3u8,重复URL
南宁公共,https://stream1.freetv.fun/nan-zhu-gong-gong-5.m3u8,重复URL
南宁公共,https://stream1.freetv.fun/nan-zhu-gong-gong-7.m3u8,重复URL
南宁公共,https://stream1.freetv.fun/nan-zhu-gong-gong-1.m3u8,重复URL
南宁公共,https://stream1.freetv.fun/nan-zhu-gong-gong-9.m3u8,重复URL
南宁公共,https://t.freetv.fun/live/nan-zhu-gong-gong-gao-qing.php,重复URL
南宁影娱乐,https://t.freetv.fun/live/nan-zhu-ying-yu-le.m3u8,重复URL
南宁新闻综合,https://t.freetv.fun/live/cang-nan-xin-wen-zong-he-2.m3u8,重复URL
南宁新闻综合,https://t.freetv.fun/live/nan-zhu-xin-wen-zong-he-3.m3u8,重复URL
南宁新闻综合,https://t.freetv.fun/live/long-nan-xin-wen-zong-he.m3u8,重复URL
南宁新闻综合,https://t.freetv.fun/live/nan-bu-xin-wen-zong-he.m3u8,重复URL
南宁新闻综合,https://t.freetv.fun/live/sui-zhu-xin-wen-zong-he.m3u8,重复URL
南宁新闻综合,https://t.freetv.fun/live/nan-zhu-xin-wen-zong-he-1-2.m3u8,重复URL
南宁新闻综合,https://t.freetv.fun/live/cang-nan-xin-wen-zong-he-1-1.m3u8,重复URL
南宁新闻综合,https://t.freetv.fun/live/nan-zhu-xin-wen-zong-he-2-1.m3u8,重复URL
南宁新闻综合,https://t.freetv.fun/live/cang-nan-xin-wen-zong-he-2-1.m3u8,重复URL
南宁新闻综合,https://t.freetv.fun/live/cn-nan-zhu-xin-wen-zong-he.m3u8,重复URL
南宁新闻综合,https://t.freetv.fun/live/nan-tong-xin-wen-zong-he-4.m3u8,重复URL
南宁新闻综合,https://t.freetv.fun/live/nan-tong-xin-wen-zong-he-7.m3u8,重复URL
南宁新闻综合,https://t.freetv.fun/live/huai-nan-xin-wen-zong-he.m3u8,重复URL
南宁新闻综合,https://t.freetv.fun/live/yan-xi-nan-zhu-xin-wen-zong-he.m3u8,重复URL
南宁新闻综合,https://t.freetv.fun/live/nan-tong-xin-wen-zong-he-5.m3u8,重复URL
南宁新闻综合,https://t.freetv.fun/live/an-hui-huai-nan-xin-wen-zong-he-1.m3u8,重复URL
南宁新闻综合,https://t.freetv.fun/live/nan-tong-xin-wen-zong-he-6.m3u8,重复URL
南宁新闻综合,https://stream1.freetv.fun/nan-zhu-xin-wen-zong-he-1.m3u8,重复URL
南宁新闻综合,https://stream1.freetv.fun/nan-zhu-xin-wen-zong-he-4.m3u8,重复URL
南宁新闻综合,https://stream1.freetv.fun/nan-zhu-xin-wen-zong-he-3.m3u8,重复URL
南宁新闻综合频道,https://t.freetv.fun/live/nan-zhu-xin-wen-zong-he-pin-dao.m3u8,重复URL
南宁新闻综合频道,https://t.freetv.fun/live/nan-zhu-xin-wen-zong-he-pin-dao-1.m3u8,重复URL
南宁都市生活,https://t.freetv.fun/live/nan-zhu-du-shi-sheng-huo-2.m3u8,重复URL
南宁都市生活,https://t.freetv.fun/live/nan-zhu-du-shi-sheng-huo-1-1.m3u8,重复URL
南宁都市生活,https://t.freetv.fun/live/nan-tong-du-shi-sheng-huo.m3u8,重复URL
南宁都市生活,https://t.freetv.fun/live/nan-zhu-du-shi-sheng-huo-1.m3u8,重复URL
南宁都市生活,https://t.freetv.fun/live/nan-zhu-du-shi-sheng-huo-2-1.m3u8,重复URL
南宁都市生活,https://t.freetv.fun/live/yan-xi-nan-zhu-du-shi-sheng-huo.m3u8,重复URL
南宁都市生活,https://stream1.freetv.fun/nan-zhu-du-shi-sheng-huo-3.m3u8,重复URL
南宁都市生活,https://stream1.freetv.fun/nan-zhu-du-shi-sheng-huo-1.m3u8,重复URL
南宁都市生活,https://stream1.freetv.fun/nan-zhu-du-shi-sheng-huo-2.m3u8,重复URL
南宁都市生活频道,https://t.freetv.fun/live/nan-zhu-du-shi-sheng-huo-pin-dao-1.m3u8,重复URL
南宁都市生活频道,https://t.freetv.fun/live/nan-zhu-du-shi-sheng-huo-pin-dao.m3u8,重复URL
灌阳新闻综合,https://t.freetv.fun/live/guan-yang-xin-wen-zong-he.m3u8,重复URL
安顺新闻,https://t.freetv.fun/live/an-shun-xin-wen.m3u8,重复URL
清镇新闻综合,https://t.freetv.fun/live/qing-zhen-xin-wen-zong-he.m3u8,重复URL
河北农民,https://t.freetv.fun/live/he-bei-nong-min-5.m3u8,重复URL
河北农民,https://t.freetv.fun/live/he-bei-nong-min-tai-gao-qing.m3u8,重复URL
河北农民,https://t.freetv.fun/live/he-bei-nong-min.m3u8,重复URL
河北农民,https://t.freetv.fun/live/he-bei-nong-min-3-1.m3u8,重复URL
河北农民,https://t.freetv.fun/live/he-bei-nong-min-1-1.m3u8,重复URL
河北农民,https://t.freetv.fun/live/he-bei-nong-min-1.m3u8,重复URL
河北农民,https://ls.qingting.fm/live/1650/64k.m3u8,重复URL
河北农民,https://jwcdnqx.hebyun.com.cn/live/clzhpd/1500k/tzwj_video.m3u8?zhebd,重复URL
河北都市,https://t.freetv.fun/live/he-bei-du-shi-5.m3u8,重复URL
河北都市,https://t.freetv.fun/live/he-bei-he-bei-du-shi.m3u8,重复URL
河北都市,https://stream1.freetv.fun/he-bei-du-shi-13.ctv,重复URL
河北都市,https://radio.pull.hebtv.com/live/hebnczx.m3u8,重复URL
河北都市,https://t.freetv.fun/live/he-bei-du-shi-5.php,重复URL
石家庄娱乐,https://t.freetv.fun/live/shi-jia-zhuang-yu-le-2.m3u8,重复URL
石家庄娱乐,https://t.freetv.fun/live/shi-jia-zhuang-yu.m3u8,重复URL
石家庄娱乐,https://t.freetv.fun/live/he-bei-shi-jia-zhuang-yu-le.m3u8,重复URL
石家庄娱乐,https://stream1.freetv.fun/shi-jia-zhuang-yu-le-6.ctv,重复URL
石家庄娱乐,https://stream1.freetv.fun/shi-jia-zhuang-yu-le-1.ctv,重复URL
石家庄娱乐,https://stream1.freetv.fun/shi-jia-zhuang-yu-le-9.ctv,重复URL
石家庄娱乐,https://stream1.freetv.fun/shi-jia-zhuang-yu-le-7.ctv,重复URL
石家庄娱乐,https://stream1.freetv.fun/shi-jia-zhuang-yu-le-4.ctv,重复URL
石家庄新闻综合,https://t.freetv.fun/live/shi-jia-zhuang-xin-wen-zong-he.m3u8,重复URL
石家庄新闻综合,https://t.freetv.fun/live/shi-jia-zhuang-zong-he.m3u8,重复URL
石家庄新闻综合,https://stream1.freetv.fun/shi-jia-zhuang-xin-wen-zong-he-2.ctv,重复URL
石家庄新闻综合,https://stream1.freetv.fun/shi-jia-zhuang-xin-wen-zong-he-5.ctv,重复URL
石家庄新闻综合,https://stream1.freetv.fun/shi-jia-zhuang-xin-wen-zong-he-7.ctv,重复URL
石家庄新闻综合,https://stream1.freetv.fun/shi-jia-zhuang-xin-wen-zong-he-8.ctv,重复URL
石家庄新闻综合,https://stream1.freetv.fun/shi-jia-zhuang-xin-wen-zong-he-6.ctv,重复URL
石家庄生活,https://t.freetv.fun/live/shi-jia-zhuang-sheng-huo-2.m3u8,重复URL
石家庄生活,https://t.freetv.fun/live/shi-jia-zhuang-sheng.m3u8,重复URL
石家庄生活,https://t.freetv.fun/live/he-bei-shi-jia-zhuang-sheng-huo.m3u8,重复URL
石家庄生活,https://stream1.freetv.fun/shi-jia-zhuang-sheng-huo-7.ctv,重复URL
石家庄生活,https://stream1.freetv.fun/shi-jia-zhuang-sheng-huo-5.ctv,重复URL
石家庄生活,https://stream1.freetv.fun/shi-jia-zhuang-sheng-huo-1.ctv,重复URL
石家庄都市,https://t.freetv.fun/live/shi-jia-zhuang-du-shi-2.m3u8,重复URL
石家庄都市,https://t.freetv.fun/live/he-bei-shi-jia-zhuang-du-shi.m3u8,重复URL
石家庄都市,https://t.freetv.fun/live/shi-jia-zhuang-shi.m3u8,重复URL
石家庄都市,https://t.freetv.fun/live/shi-jia-zhuang-du.m3u8,重复URL
石家庄都市,https://stream1.freetv.fun/shi-jia-zhuang-du-shi-6.ctv,重复URL
石家庄都市,https://stream1.freetv.fun/shi-jia-zhuang-du-shi-1.ctv,重复URL
石家庄都市,https://stream1.freetv.fun/shi-jia-zhuang-du-shi-5.ctv,重复URL
石家庄都市,https://stream1.freetv.fun/shi-jia-zhuang-du-shi-4.ctv,重复URL
衡水公共频道,https://t.freetv.fun/live/heng-shui-gong-gong-pin-dao.m3u8,重复URL
邢台城生,https://t.freetv.fun/live/xing-tai-cheng-sheng.m3u8,重复URL
邢台综合,https://t.freetv.fun/live/xing-tai-zong-he-2.m3u8,重复URL
邢台综合,https://t.freetv.fun/live/xing-tai-zong-he-1.m3u8,重复URL
邢台综合,https://t.freetv.fun/live/xing-tai-zong-he-pin-dao-1.m3u8,重复URL
邢台综合,https://t.freetv.fun/live/xing-tai-zong-he-4.m3u8,重复URL
邢台综合,https://stream1.freetv.fun/xing-tai-zong-he-2.m3u8,重复URL
邢台综合,http://jwplay.hebyun.com.cn/live/xtsrmtzs/1500k/tzwj_video.m3u8,重复URL
邢台综合,https://jwplay.hebyun.com.cn:443/live/xtsrmtzs/1500k/tzwj_video.m3u8,重复URL
邢台综合频道,https://t.freetv.fun/live/xing-tai-zong-he-pin-dao-2.m3u8,重复URL
邯郸新闻,https://jwcdnqx.hebyun.com.cn/live/hdxwzh/1500k/tzwj_video.m3u8,重复URL
周口新闻综合,https://stream1.freetv.fun/zhou-kou-xin-wen-zong-he-2.m3u8,重复URL
周口新闻综合,https://stream1.freetv.fun/zhou-kou-xin-wen-zong-he-1.m3u8,重复URL
周口新闻综合,https://t.freetv.fun/live/zhou-kou-xin-wen-zong-he.m3u8,重复URL
唐河一套,https://t.freetv.fun/live/tang-he-yi-tao-2.m3u8,重复URL
唐河一套,http://tvpull.dxhmt.cn:9081/tv/11328-1.m3u8?zhend#http://tvpull.dxhmt.cn:9081/tv/11328-1.m3u8,重复URL
开封文化旅游,http://tvpull.dxhmt.cn:9081/tv/10200-3.m3u8?zhend,,重复URL
开封新闻综合,https://t.freetv.fun/live/kai-feng-xin-wen-zong-he-1.m3u8,重复URL
开封新闻综合,https://t.freetv.fun/live/kai-hua-xin-wen-zong-he-1.m3u8,重复URL
开封新闻综合,https://t.freetv.fun/live/kai-jiang-xin-wen-zong-he.m3u8,重复URL
开封新闻综合,https://t.freetv.fun/live/kai-hua-xin-wen-zong-he-1-1.m3u8,重复URL
开封新闻综合,https://t.freetv.fun/live/he-nan-kai-feng-xin-wen-zong-he.m3u8,重复URL
开封新闻综合,https://stream1.freetv.fun/kai-feng-xin-wen-zong-he-2.m3u8,重复URL
新安新闻综合,https://t.freetv.fun/live/xin-an-xin-wen-zong-he-2.m3u8,重复URL
沁阳新闻综合,https://t.freetv.fun/live/qin-yang-xin-wen-zong-he-1.m3u8,重复URL
沁阳新闻综合,https://t.freetv.fun/live/qin-yang-xin-wen-zong-he-1-1.m3u8,重复URL
沁阳新闻综合,https://stream1.freetv.fun/qin-yang-xin-wen-zong-he-1.m3u8,重复URL
河南民生,https://t.freetv.fun/live/he-nan-min-sheng-7.m3u8,重复URL
河南民生,https://t.freetv.fun/live/he-nan-min-sheng-4.m3u8,重复URL
河南民生,https://t.freetv.fun/live/he-nan-min-sheng-8.m3u8,重复URL
河南民生,https://t.freetv.fun/live/he-nan-min-sheng-5.m3u8,重复URL
河南民生,https://t.freetv.fun/live/he-nan-min-sheng-6.m3u8,重复URL
河南民生,https://t.freetv.fun/live/he-nan-min-sheng-9.m3u8,重复URL
河南民生,https://t.freetv.fun/live/he-nan-min-sheng-2.m3u8,重复URL
河南都市,https://t.freetv.fun/live/he-nan-du-shi-2.m3u8,重复URL
河南都市,https://t.freetv.fun/live/he-nan-du-shi-8.m3u8,重复URL
河南都市,http://1.94.31.214/php/hntv.php?id=hnds,重复URL
洛阳科教频道,https://t.freetv.fun/live/luo-yang-ke-jiao-pin-dao.m3u8,重复URL
哈尔滨娱乐,https://t.freetv.fun/live/ha-er-bin-yu-le-3-1.m3u8,重复URL
哈尔滨娱乐,https://t.freetv.fun/live/ha-er-bin-yu-le-3.m3u8,重复URL
哈尔滨娱乐,https://t.freetv.fun/live/ha-er-bin-yu-le-2-1.m3u8,重复URL
哈尔滨娱乐,https://t.freetv.fun/live/ha-er-bin-yu-le-1-1.m3u8,重复URL
哈尔滨娱乐,https://t.freetv.fun/live/ha-er-bin-yu-le-4.m3u8,重复URL
哈尔滨影视,https://t.freetv.fun/live/ha-er-bin-ying-shi-2-1.m3u8,重复URL
哈尔滨影视,https://t.freetv.fun/live/ha-er-bin-ying-shi-2.m3u8,重复URL
哈尔滨影视,https://t.freetv.fun/live/ha-er-bin-ying-shi-3.m3u8,重复URL
哈尔滨影视,https://t.freetv.fun/live/ha-er-bin-ying-1.m3u8,重复URL
哈尔滨影视,https://t.freetv.fun/live/ha-er-bin-ying-shi-5.m3u8,重复URL
哈尔滨影视,https://t.freetv.fun/live/ha-er-bin-ying.m3u8,重复URL
哈尔滨影视,https://t.freetv.fun/live/ha-er-bin-ying-2.m3u8,重复URL
哈尔滨影视,https://t.freetv.fun/live/ha-er-bin-ying-shi-1-1.m3u8,重复URL
哈尔滨影视,https://t.freetv.fun/live/ha-er-bin-ying-shi-4.m3u8,重复URL
哈尔滨新闻综合,https://t.freetv.fun/live/ha-er-bin-zong-he-2.m3u8,重复URL
哈尔滨新闻综合,https://t.freetv.fun/live/ha-er-bin-xin-wen-zong-he-5.m3u8,重复URL
哈尔滨新闻综合,https://t.freetv.fun/live/ha-er-bin-xin-wen-2.m3u8,重复URL
哈尔滨新闻综合,https://t.freetv.fun/live/ha-er-bin-xin-wen-zong-he-3.m3u8,重复URL
哈尔滨新闻综合,https://t.freetv.fun/live/ha-er-bin-xin-wen-zong-he-4.m3u8,重复URL
哈尔滨新闻综合,https://t.freetv.fun/live/ha-er-bin-xin-wen-zong-he-1-1.m3u8,重复URL
哈尔滨新闻综合,https://t.freetv.fun/live/ha-er-bin-xin-wen-zong-he-2.m3u8,重复URL
哈尔滨新闻综合,https://stream1.freetv.fun/ha-er-bin-xin-wen-zong-he-4.m3u8,重复URL
哈尔滨生活,https://t.freetv.fun/live/ha-er-bin-sheng-huo-3.m3u8,重复URL
哈尔滨生活,https://t.freetv.fun/live/ha-er-bin-sheng-huo-2-1.m3u8,重复URL
哈尔滨生活,https://t.freetv.fun/live/ha-er-bin-sheng-huo-6.m3u8,重复URL
哈尔滨生活,https://t.freetv.fun/live/ha-er-bin-sheng-huo-1-2.m3u8,重复URL
哈尔滨生活,https://t.freetv.fun/live/ha-er-bin-sheng-huo-4.m3u8,重复URL
哈尔滨生活,https://t.freetv.fun/live/ha-er-bin-sheng-huo-5.m3u8,重复URL
哈尔滨生活,https://t.freetv.fun/live/ha-er-bin-sheng-huo-3-1.m3u8,重复URL
哈尔滨资讯,https://t.freetv.fun/live/ha-er-bin-zi-xun-3.m3u8,重复URL
大庆新闻综合,https://t.freetv.fun/live/da-qing-xin-wen-zong-he-1.m3u8,重复URL
大庆新闻综合,https://t.freetv.fun/live/da-qing-xin-wen-zong-he.m3u8,重复URL
大庆新闻综合,https://t.freetv.fun/live/da-zhu-xin-wen-zong-he-1.m3u8,重复URL
大庆新闻综合,https://stream1.freetv.fun/da-qing-xin-wen-zong-he-1.m3u8,重复URL
黑龙江公共农业,https://t.freetv.fun/live/hei-long-jiang-gong-gong-nong-ye-2.m3u8,重复URL
黑龙江公共农业,https://t.freetv.fun/live/hei-long-jiang-gong-gong-nong-ye.m3u8,重复URL
黑龙江公共农业,https://t.freetv.fun/live/hei-long-jiang-gong-gong-nong-ye-1.m3u8,重复URL
黑龙江少儿,https://t.freetv.fun/live/hei-long-jiang-shao-er-3.m3u8,重复URL
黑龙江少儿,https://t.freetv.fun/live/hei-long-jiang-shao-er-1-2.m3u8,重复URL
黑龙江少儿,https://t.freetv.fun/live/hei-long-jiang-shao-er-2-1.m3u8,重复URL
黑龙江少儿,https://t.freetv.fun/live/hei-long-jiang-shao-er-8m1080-1.m3u8,重复URL
黑龙江少儿,https://stream1.freetv.fun/hei-long-jiang-shao-er-8.m3u8,重复URL
黑龙江少儿,https://stream1.freetv.fun/hei-long-jiang-shao-er-2.m3u8,重复URL
黑龙江影视,https://t.freetv.fun/live/hei-long-jiang-ying-shi-3.m3u8,重复URL
黑龙江影视,https://t.freetv.fun/live/hei-long-jiang-ying-shi-8m1080.m3u8,重复URL
黑龙江影视,https://t.freetv.fun/live/hei-long-jiang-ying-shi-1.m3u8,重复URL
黑龙江影视,https://t.freetv.fun/live/hei-long-jiang-ying-1.m3u8,重复URL
黑龙江影视,https://t.freetv.fun/live/hei-long-jiang-shi-1.m3u8,重复URL
黑龙江影视,https://t.freetv.fun/live/hei-long-jiang-ying-shi-1-1.m3u8,重复URL
黑龙江影视,https://t.freetv.fun/live/hei-long-jiang-ying.m3u8,重复URL
黑龙江影视,https://t.freetv.fun/live/hei-long-jiang-ying-shi-2.m3u8,重复URL
黑龙江影视,https://t.freetv.fun/live/hei-long-jiang-ying-2.m3u8,重复URL
黑龙江影视,https://stream1.freetv.fun/hei-long-jiang-ying-shi-7.m3u8,重复URL
黑龙江影视,https://stream1.freetv.fun/hei-long-jiang-ying-shi-8.m3u8,重复URL
黑龙江影视,https://stream1.freetv.fun/hei-long-jiang-ying-shi-1.m3u8,重复URL
黑龙江文体,https://t.freetv.fun/live/hei-long-jiang-wen-ti-5.m3u8,重复URL
黑龙江文体,https://t.freetv.fun/live/hei-long-jiang-wen-ti-1-2.m3u8,重复URL
黑龙江文体,https://t.freetv.fun/live/hei-long-jiang-wen-ti-8m1080-1.m3u8,重复URL
黑龙江文体,https://t.freetv.fun/live/hei-long-jiang-wen-ti-2.m3u8,重复URL
黑龙江文体,https://stream1.freetv.fun/hei-long-jiang-wen-ti-1.m3u8,重复URL
黑龙江新闻法治,https://t.freetv.fun/live/hei-long-jiang-xin-wen-fa-zhi-5.m3u8,重复URL
黑龙江新闻法治,https://t.freetv.fun/live/hei-long-jiang-xin-wen-fa-zhi-1-1.m3u8,重复URL
黑龙江新闻法治,https://t.freetv.fun/live/hei-long-jiang-xin-wen-fa-zhi-2-1.m3u8,重复URL
黑龙江新闻法治,https://t.freetv.fun/live/hei-long-jiang-xin-wen-fa-zhi-8m1080-1.m3u8,重复URL
黑龙江新闻法治,https://t.freetv.fun/live/hei-long-jiang-xin-wen-1.m3u8,重复URL
黑龙江新闻法治,https://stream1.freetv.fun/hei-long-jiang-xin-wen-fa-zhi-4.m3u8,重复URL
黑龙江新闻法治,https://stream1.freetv.fun/hei-long-jiang-xin-wen-fa-zhi-5.m3u8,重复URL
黑龙江新闻法治,https://stream1.freetv.fun/hei-long-jiang-xin-wen-fa-zhi-7.m3u8,重复URL
黑龙江新闻法治,https://stream1.freetv.fun/hei-long-jiang-xin-wen-fa-zhi-6.m3u8,重复URL
黑龙江新闻法治,https://stream1.freetv.fun/hei-long-jiang-xin-wen-9.m3u8,重复URL
黑龙江新闻法治,https://ls.qingting.fm/live/4974/64k.m3u8,重复URL
黑龙江都市,https://t.freetv.fun/live/hei-long-jiang-du-shi-6.m3u8,重复URL
黑龙江都市,https://t.freetv.fun/live/hei-long-jiang-du-shi-1-2.m3u8,重复URL
黑龙江都市,https://t.freetv.fun/live/hei-long-jiang-du-shi-4-1.m3u8,重复URL
黑龙江都市,https://t.freetv.fun/live/hei-long-jiang-du-shi-2.m3u8,重复URL
黑龙江都市,https://t.freetv.fun/live/hei-long-jiang-du-shi-8m1080-1.m3u8,重复URL
黑龙江都市,https://t.freetv.fun/live/hei-long-jiang-du-shi-3-1.m3u8,重复URL
黑龙江都市,https://stream1.freetv.fun/hei-long-jiang-du-shi-7.m3u8,重复URL
东丰综合,http://stream5.jlntv.cn/df/sd/live.m3u8?zjild,重复URL
东丰综合,http://stream3.jlntv.cn:80/aac_dfgb/playlist.m3u8,重复URL
九台综合,http://stream10.jlntv.cn/jiutaitv/sd/live.m3u8,重复URL
九台综合,http://stream10.jlntv.cn/jiutaitv/sd/live.m3u8?zjild,重复URL
双辽综合,http://stream3.jlntv.cn:80/aac_slgb/playlist.m3u8,重复URL
双辽综合,http://stream5.jlntv.cn/sl/sd/live.m3u8?zjild,重复URL
吉林乡村,https://satellitepull.cnr.cn/live/wxjlxcgb/playlist.m3u8,重复URL
吉林生活,https://t.freetv.fun/live/ji-lin-sheng-huo-1.m3u8,重复URL
吉林生活,https://t.freetv.fun/live/ji-lin-sheng-huo-2.m3u8,重复URL
吉林生活,https://t.freetv.fun/live/ji-lin-sheng-huo-1-1.m3u8,重复URL
吉林都市,https://t.freetv.fun/live/ji-lin-du-shi-1-1.m3u8,重复URL
吉林都市,https://t.freetv.fun/live/ji-lin-du-shi-1.m3u8,重复URL
吉林都市,https://t.freetv.fun/live/ji-lin-du-shi-2.m3u8,重复URL
延边-2,http://stream5.jlntv.cn/wq/playlist.m3u8,重复URL
延边卫视,http://ottrrs.hl.chinamobile.com/PLTV/88888888/224/3221226516/index.m3u8,重复URL
延边卫视,https://t.freetv.fun/live/yan-bian-wei-shi-3-2.m3u8,重复URL
延边卫视,https://t.freetv.fun/live/yan-bian-wei-shi-2-2.m3u8,重复URL
延边卫视,https://t.freetv.fun/live/yan-bian-wei-shi-3.m3u8,重复URL
延边卫视,https://stream1.freetv.fun/a26f33a3504d1ef90a6b1750c720fb6b6a0dcab447c91e0afd790b9fe21b2bbf.m3u8,重复URL
延边卫视,https://t.freetv.fun/live/yan-bian-wei-shi-1-3.m3u8,重复URL
延边卫视,https://stream1.freetv.fun/d2ea3a364fa453b29060ebccb5a06a1941755859c0182ab0f071473c08738fc2.m3u8,重复URL
延边卫视,https://t.freetv.fun/live/yan-bian-wei-shi-5.m3u8,重复URL
德惠综合,http://stream11.jlntv.cn/dehuitv/sd/live.m3u8,重复URL
敦化一套,http://stream8.jlntv.cn/dhtv/playlist.m3u8,重复URL
敦化一套,http://stream8.jlntv.cn/dhtv/playlist.m3u8?zjild,重复URL
柳河综合,https://t.freetv.fun/live/liu-he-zong-he.m3u8,重复URL
柳河综合,http://stream3.jlntv.cn:80/aac_lhgb/sd/live.m3u8,重复URL
柳河综合,http://stream5.jlntv.cn/lh/sd/live.m3u8?zjild,重复URL
桦甸综合,http://stream10.jlntv.cn/huadian/sd/live.m3u8?zjild,重复URL
桦甸综合,http://stream9.jlntv.cn:80/aac_huadiangb/playlist.m3u8,重复URL
梅河口综合,http://stream3.jlntv.cn:80/aac_mhkgb/playlist.m3u8,重复URL
汪清综合,http://stream5.jlntv.cn/wq/sd/live.m3u8,重复URL
汪清综合,http://stream5.jlntv.cn/wq/sd/live.m3u8?zjild,重复URL
珲春新闻综合,https://t.freetv.fun/live/hun-chun-xin-wen-zong-he-5.m3u8,重复URL
珲春新闻综合,https://t.freetv.fun/live/hun-chun-xin-wen-zong-he-4.m3u8,重复URL
珲春新闻综合,https://t.freetv.fun/live/hun-chun-xin-wen-zong-he-3.m3u8,重复URL
珲春新闻综合,https://t.freetv.fun/live/hun-chun-xin-wen-zong-he-2.m3u8,重复URL
珲春新闻综合,https://t.freetv.fun/live/hun-chun-xin-wen-zong-he-1.m3u8,重复URL
珲春新闻综合,https://t.freetv.fun/live/hun-chun-xin-wen-zong-he-3-1.m3u8,重复URL
珲春新闻综合,https://t.freetv.fun/live/hun-chun-xin-wen-zong-he-2-1.m3u8,重复URL
珲春新闻综合,https://stream1.freetv.fun/hun-chun-xin-wen-zong-he-3.m3u8,重复URL
珲春新闻综合,http://stream8.jlntv.cn/hctv/sd/live.m3u8?zjild,重复URL
磐石综合,http://stream3.jlntv.cn:80/aac_psgb/sd/live.m3u8,重复URL
磐石综合,http://stream5.jlntv.cn/ps/sd/live.m3u8?zjild,重复URL
舒兰新闻综合,https://t.freetv.fun/live/shu-lan-xin-wen-zong-he-3.m3u8,重复URL
舒兰新闻综合,https://t.freetv.fun/live/shu-lan-xin-wen-zong-he-1.m3u8,重复URL
舒兰新闻综合,https://t.freetv.fun/live/shu-lan-xin-wen-zong-he-2-1.m3u8,重复URL
舒兰新闻综合,https://t.freetv.fun/live/shu-lan-xin-wen-zong-he-3-1.m3u8,重复URL
舒兰新闻综合,http://stream8.jlntv.cn/shulan/sd/live.m3u8?zjild,重复URL
舒兰新闻综合,http://stream8.jlntv.cn/shulan/sd/live.m3u8?_upt=332db6421699196585,重复URL
辉南新闻综合,https://t.freetv.fun/live/hui-nan-xin-wen-zong-he-2.m3u8,重复URL
辉南新闻综合,https://t.freetv.fun/live/hui-nan-xin-wen-zong-he-1.m3u8,重复URL
辉南新闻综合,https://t.freetv.fun/live/hui-nan-xin-wen-zong-he-2-1.m3u8,重复URL
辉南新闻综合,https://t.freetv.fun/live/hui-nan-xin-wen-zong-he-4.m3u8,重复URL
辉南新闻综合,http://stream5.jlntv.cn/hn/sd/live.m3u8?zjild,重复URL
辉南新闻综合,http://stream5.jlntv.cn/hn/sd/live.m3u8,重复URL
通化县综合,http://stream5.jlntv.cn/thx/sd/live.m3u8?zjild,重复URL
通化县综合,http://stream3.jlntv.cn:80/aac_thxgb/playlist.m3u8,重复URL
长白山电视台,http://stream8.jlntv.cn/cbstv/sd/live.m3u8?zjild,重复URL
靖宇综合,http://stream8.jlntv.cn/jytv/sd/live.m3u8?zjild,重复URL
靖宇综合,http://stream9.jlntv.cn:80/aac_jygb/playlist.m3u8,重复URL
龙井综合,http://stream9.jlntv.cn:80/aac_longjinggb/playlist.m3u8,重复URL
龙井综合,http://stream8.jlntv.cn/ljtv/sd/live.m3u8?zjild,重复URL
南昌新闻综合,https://t.freetv.fun/live/fan-chang-xin-wen-zong-he.m3u8,重复URL
南昌新闻综合,https://t.freetv.fun/live/xin-chang-xin-wen-zong-he-1-1.m3u8,重复URL
南昌新闻综合,https://t.freetv.fun/live/zhe-jiang-xin-chang-xin-wen-zong-he.m3u8,重复URL
南昌新闻综合,https://t.freetv.fun/live/xin-chang-xin-wen-zong-he-1.m3u8,重复URL
南昌新闻综合,https://t.freetv.fun/live/nan-chang-xin-wen-zong-he.m3u8,重复URL
南昌新闻综合,https://t.freetv.fun/live/xin-chang-xin-wen-zong-he.m3u8,重复URL
南昌新闻综合,https://t.freetv.fun/live/long-chang-xin-wen-zong-he-1.m3u8,重复URL
南昌新闻综合,https://t.freetv.fun/live/xin-chang-xin-wen-zong-he-2.m3u8,重复URL
南昌新闻综合,https://t.freetv.fun/live/ping-chang-xin-wen-zong-he-1.m3u8,重复URL
南昌都市,https://t.freetv.fun/live/nan-chang-du-shi.m3u8,重复URL
新余新闻综合,https://t.freetv.fun/live/xin-yu-xin-wen-zong-he.m3u8,重复URL
江西少儿家庭,https://t.freetv.fun/live/jiang-xi-shao-er-jia-ting.m3u8,重复URL
江西少儿家庭,https://t.freetv.fun/live/jiang-xi-shao-er-jia-ting-1.m3u8,重复URL
江西少儿家庭,https://t.freetv.fun/live/jiang-xi-shao-er-jia-ting-2.m3u8,重复URL
江西影旅游,https://t.freetv.fun/live/jiang-xi-ying-lu-you.m3u8,重复URL
江西影旅游,https://t.freetv.fun/live/jiang-xi-ying-lu-you-1.m3u8,重复URL
江西教育,https://t.freetv.fun/live/jiang-xi-jiao-yu-2.m3u8,重复URL
江西教育,https://t.freetv.fun/live/jiang-xi-jiao-yu-1.m3u8,重复URL
江西教育,https://t.freetv.fun/live/jiang-xi-jiao-yu.m3u8,重复URL
「江西」新余新闻综合,https://t.freetv.fun/live/jiang-xi-xin-yu-xin-wen-zong-he.m3u8,重复URL
江西新闻,https://t.freetv.fun/live/jiang-xi-xin-wen-1-1.m3u8,重复URL
江西新闻,https://t.freetv.fun/live/jiang-xi-xin-wen-2-1.m3u8,重复URL
江西新闻,https://t.freetv.fun/live/jiang-xi-xin-wen-2.m3u8,重复URL
江西经济生活,https://t.freetv.fun/live/jiang-xi-jing-ji-sheng-huo.m3u8,重复URL
江西经济生活,https://t.freetv.fun/live/jiang-xi-jing-ji-sheng-huo-1.m3u8,重复URL
江西经济生活,https://t.freetv.fun/live/jiang-xi-jing-ji-sheng-huo-2.m3u8,重复URL
江西都市,https://t.freetv.fun/live/jiang-xi-du-shi-1.m3u8,重复URL
江西都市,https://t.freetv.fun/live/jiang-xi-du-shi.m3u8,重复URL
玉山新闻综合,https://t.freetv.fun/live/yu-shan-xin-wen-zong-he.m3u8,重复URL
赣州新闻综合,https://t.freetv.fun/live/gan-zhou-xin-wen-zong-he-2.m3u8,重复URL
赣州新闻综合,https://t.freetv.fun/live/gan-zhou-xin-wen-zong-he-1-1.m3u8,重复URL
赣州新闻综合,https://t.freetv.fun/live/gan-zhou-xin-wen-zong-he-2.flv,重复URL
宁夏公共,https://t.freetv.fun/live/zhu-xia-gong-gong.m3u8,重复URL
宁夏经济,https://t.freetv.fun/live/zhu-xia-jing-ji.m3u8,重复URL
宁夏经济,https://ls.qingting.fm/live/1841/64k.m3u8,重复URL
银川公共,https://t.freetv.fun/live/yin-chuan-gong-gong.m3u8,重复URL
银川文体,https://t.freetv.fun/live/yin-chuan-wen-ti.m3u8,重复URL
银川生活,https://t.freetv.fun/live/yin-chuan-sheng-huo.m3u8,重复URL
安多卫视,http://ottrrs.hl.chinamobile.com/PLTV/88888888/224/3221225659/index.m3u8,重复URL
安多卫视,https://t.freetv.fun/live/an-duo-wei-shi-6.m3u8,重复URL
安多卫视,https://stream1.freetv.fun/52d0df257c5c3cec42f2ae19268dbbc261256ff391b27bd83553bea941d0c186.m3u8,重复URL
安多卫视,https://t.freetv.fun/live/an-duo-wei-shi-1-1.m3u8,重复URL
安多卫视,https://t.freetv.fun/live/an-duo-wei-shi-2.m3u8,重复URL
西宁新闻综合,https://t.freetv.fun/live/xiu-zhu-xin-wen-zong-he.m3u8,重复URL
西宁新闻综合,https://t.freetv.fun/live/jing-zhu-xin-wen-zong-he.m3u8,重复URL
西宁新闻综合,https://t.freetv.fun/live/qing-hai-xi-zhu-xin-wen-zong-he.m3u8,重复URL
西宁新闻综合,https://t.freetv.fun/live/xi-zhu-xin-wen-zong-he-pin-dao.m3u8,重复URL
西宁新闻综合,https://t.freetv.fun/live/xi-qing-xin-wen-zong-he-1.m3u8,重复URL
西宁新闻综合,https://liveout.xntv.tv/a65jur/96iln2.m3u8,重复URL
西宁新闻综合,https://t.freetv.fun/live/zhu-hai-xin-wen-zong-he.flv,重复URL
西宁生活服务,https://t.freetv.fun/live/xi-zhu-sheng-huo-fu-wu-1.flv,重复URL
西宁生活服务,https://stream1.freetv.fun/xi-zhu-sheng-huo-fu-wu-1.m3u8,重复URL
西宁生活服务,https://stream1.freetv.fun/xi-zhu-sheng-huo-fu-wu-3.m3u8,重复URL
西宁生活服务,https://stream1.freetv.fun/xi-zhu-sheng-huo-fu-wu-2.m3u8,重复URL
乐山新闻综合,https://t.freetv.fun/live/le-shan-xin-wen-zong-he.m3u8,重复URL
乐山新闻综合,https://stream1.freetv.fun/le-shan-xin-wen-zong-he-2.m3u8,重复URL
乐山新闻综合,https://stream1.freetv.fun/le-shan-xin-wen-zong-he-1.m3u8,重复URL
乐至综合,http://175.155.106.72:89/live1/live1.m3u8?zsicd,重复URL
乐至综合,http://175.155.106.72:89/live1/live1.m3u8?zsicd;http://rmlive.lzxrmtzx.com/live1/live1.m3u8?zsicd,重复URL
仁寿综合,https://play.scrstv.com.cn/DT/live.m3u8?auth_key=60001724663204-0-0-c1cc4ded9841ac34f63cdbd3aec647ef,重复URL
凉山新闻综合,https://t.freetv.fun/live/liang-shan-xin-wen-zong-he-5.m3u8,重复URL
凉山新闻综合,https://t.freetv.fun/live/liang-shan-xin-wen-zong-he-3-1.m3u8,重复URL
凉山新闻综合,https://t.freetv.fun/live/liang-shan-xin-wen-zong-he-1-1.m3u8,重复URL
凉山新闻综合,https://t.freetv.fun/live/liang-shan-xin-wen-zong-he-2.m3u8,重复URL
南充科教,https://t.freetv.fun/live/nan-chong-ke-jiao.m3u8,重复URL
叙州新闻综合,http://pili-live-hls.ybcxjd.com/jdh-live/2108111201035597.m3u8?zsicd,重复URL
叙州新闻综合,https://t.freetv.fun/live/xu-zhou-xin-wen-zong-he-2.m3u8,重复URL
叙州新闻综合,https://t.freetv.fun/live/xu-zhou-xin-wen-zong-he-1-1.m3u8,重复URL
叙州新闻综合,https://stream1.freetv.fun/xu-zhou-xin-wen-zong-he-7.m3u8,重复URL
叙州新闻综合,https://stream1.freetv.fun/xu-zhou-xin-wen-zong-he-6.m3u8,重复URL
叙州新闻综合,https://stream1.freetv.fun/xu-zhou-xin-wen-zong-he-3.m3u8,重复URL
叙州新闻综合,https://stream1.freetv.fun/xu-zhou-xin-wen-zong-he-2.m3u8,重复URL
名山综合,https://m3u8channel-bx.yunxya.com/nmip-media/channellive/channel104666/playlist.m3u8,重复URL
四川科教,https://t.freetv.fun/live/si-chuan-ke-jiao-1.m3u8,重复URL
四川科教,https://t.freetv.fun/live/si-chuan-ke-jiao-1-1.m3u8,重复URL
四川科教,https://stream1.freetv.fun/si-chuan-ke-jiao-1.m3u8,重复URL
四川科教,https://stream1.freetv.fun/si-chuan-ke-jiao-4.ctv,重复URL
四川科教,https://stream1.freetv.fun/si-chuan-ke-jiao-3.ctv,重复URL
大竹新闻综合,https://t.freetv.fun/live/da-zhu-xin-wen-zong-he-1.m3u8,重复URL
夹江新闻综合,https://t.freetv.fun/live/jia-jiang-xin-wen-zong-he-2.m3u8,重复URL
夹江新闻综合,https://t.freetv.fun/live/jia-jiang-xin-wen-zong-he-1-1.m3u8,重复URL
夹江新闻综合,https://t.freetv.fun/live/jia-jiang-xin-wen-zong-he-3.m3u8,重复URL
夹江新闻综合,https://t.freetv.fun/live/jia-jiang-xin-wen-zong-he-2-1.m3u8,重复URL
夹江新闻综合,https://t.freetv.fun/live/jia-jiang-xin-wen-zong-he-4.m3u8,重复URL
夹江新闻综合,http://tvfile.jjrm.org.cn/nmip-media/channellive/channel106282/playlist.m3u8?zsicd,重复URL
威远新闻综合,https://t.freetv.fun/live/wei-yuan-xin-wen-zong-he.m3u8,重复URL
宜宾新闻综合,https://t.freetv.fun/live/yi-bin-xin-wen-zong-he.m3u8,重复URL
平昌新闻综合,https://t.freetv.fun/live/ping-chang-xin-wen-zong-he-1.m3u8,重复URL
广元综合,https://t.freetv.fun/live/yan-yuan-zong-he-1.m3u8,重复URL
广元综合,https://t.freetv.fun/live/yan-yuan-zong-he.m3u8,重复URL
广元综合,https://stream1.freetv.fun/yan-yuan-zong-he-1.m3u8,重复URL
广安公共,http://live1.gatv.com.cn:85/live/GGPD_ggpdzm.m3u8,重复URL
康巴卫视,http://ottrrs.hl.chinamobile.com/PLTV/88888888/224/3221225660/index.m3u8,重复URL
康巴卫视,https://stream1.freetv.fun/e1854d983296da1d0804b07dcd259f5aafc1d7f17f59b6e0001d2a0741b5c608.m3u8,重复URL
康巴卫视,https://t.freetv.fun/live/kang-ba-wei-shi-3.m3u8,重复URL
康巴卫视,https://stream1.freetv.fun/b3baba1d904b40b2d929ec8cbdfa40800abc7cb6d1c18efed0d6d91d97bce5b3.ctv,重复URL
康巴卫视,https://stream1.freetv.fun/7acb1025eb98d411fe5dc519902069dda51b621f55c7b1fce3acdd50f55d6ad5.ctv,重复URL
康巴卫视,https://stream1.freetv.fun/0de2ac9a0e7c3146b44c21f35ce10496eff2b9f67f7b9a106ba8493bf2d9cbee.ctv,重复URL
康巴卫视,https://live.264788.xyz/channel/kangbaweishi?streamid=a027d1f4a2a0dda912f250b1fcb80223&livekey=01WgOR41rriMmMkzNsd0UoaxJRwetZdxIvtVk,重复URL
康巴卫视,https://live.264788.xyz/channel/kangbaweishi?streamid=2e281c42f6125b5ffeacab24e4dd551d&livekey=01WgOR41rriMmMkzNsd0UoaxJRwetZdxIvtVk,重复URL
开江新闻综合,https://t.freetv.fun/live/kai-jiang-xin-wen-zong-he.m3u8,重复URL
德阳新闻综合,https://t.freetv.fun/live/de-yang-xin-wen-zong-he-1.m3u8,重复URL
德阳新闻综合,https://stream1.freetv.fun/de-yang-xin-wen-zong-he-3.m3u8,重复URL
德阳新闻综合,https://stream1.freetv.fun/de-yang-xin-wen-zong-he-2.m3u8,重复URL
德阳新闻综合,https://stream1.freetv.fun/de-yang-xin-wen-zong-he-1.m3u8,重复URL
江油新闻综合,https://t.freetv.fun/live/jiang-you-xin-wen-zong-he-1.m3u8,重复URL
汶川新闻综合,http://live.iwcmt.cn:90/live/zhxw.m3u8?zsicd,重复URL
汶川新闻综合,http://live.iwcmt.cn:90/live/zhxw.m3u8,重复URL
汶川新闻综合,http://file.ysxtv.cn/cms/videos/nmip-media/channellive/channel4/playlist.m3u8?zsicd#rtmp://tv.mcrm.org.cn:1935/channellive/tv01,重复URL
泸县新闻综合,http://lxfile.lxxcb.cn/nmip-media/channellive/channel103799/playlist.m3u8?zsicd,重复URL
泸县新闻综合,http://lxfile.lxxcb.cn:80/nmip-media/channellive/channel103799/playlist.m3u8,重复URL
泸县新闻综合,http://lxfile.lxxcb.cn/nmip-media/channellive/channel103799/playlist.m3u8,重复URL
甘孜综合,https://m3u8channel.ganzitv.com/nmip-media/channellive/channel1/playlist.m3u8,重复URL
筠连综合,https://t.freetv.fun/live/yun-lian-zong-he-1-1.m3u8,重复URL
绵阳科技,https://t.freetv.fun/live/mian-yang-ke-ji.m3u8,重复URL
绵阳科技,https://stream1.freetv.fun/mian-yang-ke-ji-2.m3u8,重复URL
绵阳综合,https://t.freetv.fun/live/mian-yang-zong-he.m3u8,重复URL
绵阳综合,https://t.freetv.fun/live/mian-yang-zi-tong-zong-he.m3u8,重复URL
荥经综合,http://file.ysxtv.cn/cms/videos/nmip-media/channellive/channel4/playlist.m3u8,重复URL
荥经综合,https://file.ysxtv.cn/nmip-media/channellive/channel101492/playlist.m3u8,重复URL
荥经综合,https://m3u8channel-yj.yunxya.com/nmip-media/channellive/channel101140/playlist.m3u8,重复URL
营山电视台,http://file.ysxtv.cn/cms/videos/nmip-media/channellive/channel4/playlist.m3u8?zsicd,重复URL
营山电视台,http://file.ysxtv.cn/cms/videos/nmip-media/channellive/channel4/playlist.m3u8?zsicd#http://file.ysxtv.cn/cms/videos/nmip-media/channellive/channel4/playlist.m3u8,重复URL
蓬安新闻综合,https://stream1.freetv.fun/peng-an-xin-wen-zong-he-1.m3u8,重复URL
蓬安新闻综合,https://stream1.freetv.fun/peng-an-xin-wen-zong-he-2.m3u8,重复URL
遂宁新闻综合,https://t.freetv.fun/live/sui-zhu-xin-wen-zong-he.m3u8,重复URL
邻水新闻综合,https://t.freetv.fun/live/lin-shui-xin-wen-zong-he-1.m3u8,重复URL
邻水新闻综合,https://t.freetv.fun/live/lin-shui-xin-wen-zong-he-2.m3u8,重复URL
金川新闻综合,https://t.freetv.fun/live/jin-chuan-xin-wen-zong-he-2.m3u8,重复URL
金川新闻综合,https://t.freetv.fun/live/jin-chuan-xin-wen-zong-he-2-1.m3u8,重复URL
金川新闻综合,https://t.freetv.fun/live/jin-chuan-xin-wen-zong-he-1-1.m3u8,重复URL
金川新闻综合,https://t.freetv.fun/live/jin-chuan-xin-wen-zong-he-1.m3u8,重复URL
金川新闻综合,https://t.freetv.fun/live/jin-chuan-xin-wen-zong-he-4.m3u8,重复URL
金川新闻综合,https://stream1.freetv.fun/jin-chuan-xin-wen-zong-he-3.m3u8,重复URL
金川新闻综合,https://stream1.freetv.fun/jin-chuan-xin-wen-zong-he-4.m3u8,重复URL
金川新闻综合,https://stream1.freetv.fun/jin-chuan-xin-wen-zong-he-2.m3u8,重复URL
金川新闻综合,http://live.jinchuanrmt.com:90/live/zhxw.m3u8?zsicd,重复URL
隆昌新闻综合,https://t.freetv.fun/live/long-chang-xin-wen-zong-he-1.m3u8,重复URL
雅安新闻综合,https://t.freetv.fun/live/ya-an-xin-wen-zong-he-1-1.m3u8,重复URL
雅安新闻综合,https://t.freetv.fun/live/ya-an-xin-wen-zong-he-3.m3u8,重复URL
雅安新闻综合,https://play.yunxya.com/channellive/xinwen.m3u8,重复URL
武清综合,https://tvpull.smartwq.cn/wqlive/convergencemedia/playlist.m3u8?ztianjd,重复URL
滨海新闻,https://t.freetv.fun/live/bin-hai-xin-wen-2.m3u8,重复URL
伊犁哈萨克,http://110.153.180.106:55555/out_3/index.m3u8,重复URL
伊犁哈萨克,http://110.153.180.106:55555/out_3/index.m3u8?zxinjd,重复URL
伊犁经济法制,http://110.153.180.106:55555/out_4/index.m3u8,重复URL
伊犁经济法制,http://110.153.180.106:55555/out_4/index.m3u8?zxinjd,重复URL
伊犁维吾尔,http://110.153.180.106:55555/out_2/index.m3u8,重复URL
伊犁维吾尔,http://110.153.180.106:55555/out_2/index.m3u8?zxinjd,重复URL
兵团五师双河新闻综合,http://liveout.btzx.com.cn/62ds9e/4nxdih.m3u8?fbl=,重复URL
玛纳斯综合,http://218.84.127.245:1026/hls/main1/playlist.m3u8?zxinjd,,重复URL
春晚2024,https://p2.bdstatic.com/rtmp.liveshow.lss-user.baidubce.com/live/stream_bduid_6488563992_8982723413/merged_1707497046297_88536_25144_41936.m3u8,重复URL
丽江古城大水车,https://gcalic.v.myalicdn.com/gc/ljgcdsc_1/index.m3u8,重复URL
乌镇全景,https://gcalic.v.myalicdn.com/gc/zjwzblt_1/index.m3u8,重复URL
云南丽江冰川,https://gcalic.v.myalicdn.com/gc/hkylxs05_1/index.m3u8,重复URL
云南丽江玉龙雪山草甸,https://gcalic.v.myalicdn.com/gc/hkylxs06_1/index.m3u8,重复URL
云南丽江蓝月谷,https://gcalic.v.myalicdn.com/gc/ylxs12_1/index.m3u8,重复URL
五彩池,https://gcalic.v.myalicdn.com/gc/hlwcc_1/index.m3u8,重复URL
六盘山红军长征景区,https://gcalic.v.myalicdn.com/gc/lpsgmjng01_1/index.m3u8,重复URL
四川峨眉山云海日出,https://gcalic.v.myalicdn.com/gc/emsarm_1/index.m3u8,重复URL
四川峨眉山普贤菩萨铜像,https://gcalic.v.myalicdn.com/gc/emspxps_1/index.m3u8,重复URL
四川峨眉山远眺万佛顶,https://gcalic.v.myalicdn.com/gc/emswfs_1/index.m3u8,重复URL
四川峨眉山远眺贡嘎雪山,https://gcalic.v.myalicdn.com/gc/emsyh_1/index.m3u8,重复URL
天涯石,https://gcalic.v.myalicdn.com/gc/tyhjtys_1/index.m3u8,重复URL
广西玉林大容山莲花山顶,https://gcalic.v.myalicdn.com/gc/drs01_1/index.m3u8,重复URL
恒山悬空寺全景,https://gcalic.v.myalicdn.com/gc/hsxksqj_1/index.m3u8,重复URL
新疆天山(定海神针),http://gctxyc.liveplay.myqcloud.com/gc/xjtcdhsz_1/index.m3u8,重复URL
普陀山,https://gcalic.v.myalicdn.com/gc/pts01_1/index.m3u8,重复URL
望乡台,https://gcalic.v.myalicdn.com/gc/hlwxt_1/index.m3u8,重复URL
江苏南京牛首山,https://gcalic.v.myalicdn.com/gc/nss01_1/index.m3u8,重复URL
江苏徐州云龙湖风景区云龙山观景台西,https://gcalic.v.myalicdn.com/gc/ylh04_1/index.m3u8,重复URL
泰山十八盘,https://gcalic.v.myalicdn.com/gc/taishan05_1/index.m3u8,重复URL
泰山大观峰,https://gcalic.v.myalicdn.com/gc/taishan03_1/index.m3u8,重复URL
泰山太平岭,https://gcalic.v.myalicdn.com/gc/hkts09_1/index.m3u8,重复URL
泰山望人松,https://gcalic.v.myalicdn.com/gc/taishan02_1/index.m3u8,重复URL
泰山玉皇顶,https://gcalic.v.myalicdn.com/gc/taishan06_1/index.m3u8,重复URL
泰山白云亭悬崖,https://gcalic.v.myalicdn.com/gc/hkts02_1/index.m3u8,重复URL
湖南张家界天门山西线玻璃栈道,https://gcalic.v.myalicdn.com/gc/tms05_1/index.m3u8,重复URL
湖南张家界宝峰湖,https://gcalic.v.myalicdn.com/gc/zjjbfh_1/index.m3u8,重复URL
湖南张家界御笔峰,https://gcalic.v.myalicdn.com/gc/zjjybf_1/index.m3u8,重复URL
狮子山鸟瞰丽江古城,https://gcalic.v.myalicdn.com/gc/ljgcszsnkgc_1/index.m3u8,重复URL
直播中国精编直播,https://gcalic.v.myalicdn.com/gc/wgw05_1/index.m3u8,重复URL
福建漳州醉美沙滩翡翠湾,https://gcalic.v.myalicdn.com/gc/fcw03_1/index.m3u8,重复URL
鸣沙山,https://gcalic.v.myalicdn.com/gc/dhyyqst_1/index.m3u8,重复URL
黄山排云亭,https://gcalic.v.myalicdn.com/gc/hspyt_1/index.m3u8,重复URL
黄花城水长城02,http://gctxyc.liveplay.myqcloud.com/gc/wgw02_1/index.m3u8,重复URL
黄花城水长城03,https://gcalic.v.myalicdn.com/gc/wgw03_1/index.m3u8,重复URL
黄龙,https://gcalic.v.myalicdn.com/gc/hlzycc_1/index.m3u8,重复URL
Beautiful Life TV,https://5ddce30eb4b55.streamlock.net/bltvhd/bltv1/playlist.m3u8,重复URL
CGNTV Chinese (1080p),https://d3e05csss9c272.cloudfront.net/out/v1/f0bf71c57581470fb9379f603e8f5d83/CGNWebLiveCN.m3u8,重复URL
CTi Variety (中天綜合台) (720p),http://23.237.10.66:16372,重复URL
CTS (HUA-CHI CTS) (1080p),rtmp://59.124.75.138:1935/sat/tv111,无效URL（非 http/https/rtsp 开头）
CTS News (華視新聞資訊) [Geo-blocked],http://seb.sason.top/sc/hsxw_fhd.m3u8,重复URL
DaAi1 (大愛1) (720p),https://pulltv1.wanfudaluye.com/live/tv1.m3u8,重复URL
DaAi2 (大愛2) (720p),https://pulltv2.wanfudaluye.com/live/tv2.m3u8,重复URL
Dali TV (大立電視台) (720p),http://www.dalitv.com.tw:4568/live/dali/index.m3u8,重复URL
EBC Financial News (東森財經新聞台) (1080p) [Not 24/7],http://seb.sason.top/sc/dscjxw_fhd.m3u8,重复URL
EBC News (東森新聞台) (1080p) [Not 24/7],http://seb.sason.top/sc/dsxw_fhd.m3u8,重复URL
FTV (民視) (720p) [Not 24/7],http://seb.sason.top/ptv/ftv.php?id=ms,重复URL
FTV One (民視第一台) (720p) [Not 24/7],http://seb.sason.top/ptv/ftv.php?id=dy,重复URL
FTV Taiwan (民視台灣台) (720p) [Not 24/7],http://seb.sason.top/ptv/ftv.php?id=tw,重复URL
GOOD TV CH1 綜合台 (720p) [Not 24/7],https://live.streamingfast.net/osmflivech1.m3u8,重复URL
GOOD TV CH2 真理台 (720p),https://live.streamingfast.net/osmflivech2.m3u8,重复URL
GOOD TV CH3 真情部落格 短版 (720p),https://live.streamingfast.net/osmflivech3.m3u8,重复URL
GOOD TV CH5 共享觀點 短版 (720p) [Not 24/7],https://live.streamingfast.net/osmflivech5.m3u8,重复URL
GOOD TV CH6 親近神 詩歌音樂 (720p) [Not 24/7],https://live.streamingfast.net/osmflivech6.m3u8,重复URL
GOOD TV CH7 禱告大軍 信息 (720p),https://live.streamingfast.net/osmflivech7.m3u8,重复URL
GOOD TV CH9 愛+好醫生 短版 (720p),https://live.streamingfast.net/osmflivech9.m3u8,重复URL
GOOD TV CH12 維他命施 (720p),https://live.streamingfast.net/osmflivech12.m3u8,重复URL
GOOD TV CH14 真情部落格 (720p) [Not 24/7],https://live.streamingfast.net/osmflivech14.m3u8,重复URL
GOOD TV CH15 真情之夜 (720p),https://live.streamingfast.net/osmflivech15.m3u8,重复URL
GOOD TV CH16 葉光明 (720p) [Not 24/7],https://live.streamingfast.net/osmflivech16.m3u8,重复URL
GOOD TV CH17 大衛鮑森 (720p) [Not 24/7],https://live.streamingfast.net/osmflivech17.m3u8,重复URL
GOOD TV CH18 國際講員 (720p) [Not 24/7],https://live.streamingfast.net/osmflivech18.m3u8,重复URL
GOOD TV CH20 恩典時分 (720p) [Not 24/7],https://live.streamingfast.net/osmflivech20.m3u8,重复URL
GOOD TV CH21 華語講員 (720p) [Not 24/7],https://live.streamingfast.net/osmflivech21.m3u8,重复URL
GOOD TV CH24 劉三講古 (720p) [Not 24/7],https://live.streamingfast.net/osmflivech24.m3u8,重复URL
GOOD TV CH27 空中聖經學院 (720p) [Not 24/7],https://live.streamingfast.net/osmflivech27.m3u8,重复URL
GOOD TV CH28 現代詩歌 (720p) [Not 24/7],https://live.streamingfast.net/osmflivech28.m3u8,重复URL
GOOD TV CH29 經典音樂河 (720p) [Not 24/7],https://live.streamingfast.net/osmflivech29.m3u8,重复URL
GOOD TV CH30 天堂敬拜 (720p) [Not 24/7],https://live.streamingfast.net/osmflivech30.m3u8,重复URL
GOOD TV CH31 福音佈道音樂會 (720p),https://live.streamingfast.net/osmflivech31.m3u8,重复URL
GOOD TV CH32 特會系列：禱告與轉化 (720p) [Not 24/7],https://live.streamingfast.net/osmflivech32.m3u8,重复URL
GOOD TV CH33 特會系列：研經培靈 (720p),https://live.streamingfast.net/osmflivech33.m3u8,重复URL
GOOD TV CH38 特會系列：青年特會 (720p) [Not 24/7],https://live.streamingfast.net/osmflivech38.m3u8,重复URL
GOOD TV CH40 家庭8點檔轉轉發現愛 (720p) [Not 24/7],https://live.streamingfast.net/osmflivech40.m3u8,重复URL
GOOD TV CH45 卡通 (720p) [Not 24/7],https://live.streamingfast.net/osmflivech45.m3u8,重复URL
GOOD TV CH47 牧者頻道 (720p) [Not 24/7],https://live.streamingfast.net/osmflivech47.m3u8,重复URL
GOOD TV CH49 禱告頻道 (720p) [Not 24/7],https://live.streamingfast.net/osmflivech49.m3u8,重复URL
GOOD TV CH50 國際講員 中文發音 (720p) [Not 24/7],https://live.streamingfast.net/osmflivech50.m3u8,重复URL
Indigenous TV (720p),http://streamipcf.akamaized.net/live/_definst_/smil:liveabr.smil/playlist.m3u8,重复URL
SET News (三立新聞) (1080p) [Geo-blocked],http://seb.sason.top/sc/sllive_fhd.m3u8,重复URL
Taiwan Indigenous TV (原住民電視) (720p),http://streamipcf.akamaized.net/live/_definst_/live_720/key_b1500.m3u8,重复URL
Taiwan Plus TV (1080p),https://bcovlive-a.akamaihd.net/rce33d845cb9e42dfa302c7ac345f7858/ap-northeast-1/6282251407001/playlist.m3u8,重复URL
TVBS Asia (1080p),http://38.64.72.148/hls/modn/list/4005/playlist.m3u8,重复URL
TVBS News (TVBS新聞台) [Geo-blocked],http://seb.sason.top/sc/tvbsxw_fhd.m3u8,重复URL
台视 (720p),http://162.19.247.76:22222/live/taishi/index.m3u8,重复URL
唯心電視 (480p),https://mobile.ccdntech.com/transcoder/_definst_/vod164_Live/live/chunklist_w1177047531.m3u8,重复URL
