频道名,地址,来源,图标
[VGA]fm news,https://t.freetv.fun/live/fm-news.m3u8,网络源,https://epg.pw/media/uploads/tmp_logo/2016/05/18/20160518053416189910_56.png
[VGA]vtv news,https://t.freetv.fun/live/vtv-news-1.m3u8,网络源,https://epg.pw/media/uploads/tmp_logo/2016/05/18/20160518053416189910_56.png
[VGA]tnp news,https://t.freetv.fun/live/tnp-news.m3u8,网络源,https://epg.pw/media/uploads/tmp_logo/2016/05/18/20160518053416189910_56.png
[VGA]p18 news,https://t.freetv.fun/live/p18-news.m3u8,网络源,https://epg.pw/media/uploads/tmp_logo/2016/05/18/20160518053416189910_56.png
[VGA]cn news,https://t.freetv.fun/live/cn-news.m3u8,网络源,https://epg.pw/media/uploads/tmp_logo/2016/05/18/20160518053416189910_56.png
[VGA]dd news,https://t.freetv.fun/live/dd-news-1.m3u8,网络源,https://epg.pw/media/uploads/tmp_logo/2016/05/18/20160518053416189910_56.png
[VGA]ne news,https://t.freetv.fun/live/ne-news.m3u8,网络源,https://epg.pw/media/uploads/tmp_logo/2016/05/18/20160518053416189910_56.png
[VGA]1s news,https://t.freetv.fun/live/1s-news.m3u8,网络源,https://epg.pw/media/uploads/tmp_logo/2016/05/18/20160518053416189910_56.png
[VGA]bm c news,https://t.freetv.fun/live/bm-c-news-1.m3u8,网络源,https://epg.pw/media/uploads/tmp_logo/2016/05/18/20160518053416189910_56.png
[VGA][id] mnc news,https://t.freetv.fun/live/id-mnc-news-1.ts,网络源,https://epg.pw/media/uploads/tmp_logo/2016/05/18/20160518053416189910_56.png
[VGA]mh 1 news,https://t.freetv.fun/live/mh-1-news-1.m3u8,网络源,https://epg.pw/media/uploads/tmp_logo/2016/05/18/20160518053416189910_56.png
[VGA]suno news,https://t.freetv.fun/live/suno-news.m3u8,网络源,https://epg.pw/media/uploads/tmp_logo/2016/05/18/20160518053416189910_56.png
[VGA]vsh news,https://t.freetv.fun/live/vsh-news.m3u8,网络源,https://epg.pw/media/uploads/tmp_logo/2016/05/18/20160518053416189910_56.png
[VGA]ktn news,https://t.freetv.fun/live/ktn-news.m3u8,网络源,https://epg.pw/media/uploads/tmp_logo/2016/05/18/20160518053416189910_56.png
[VGA]on news,https://t.freetv.fun/live/on-news.m3u8,网络源,https://epg.pw/media/uploads/tmp_logo/2016/05/18/20160518053416189910_56.png
[VGA]roze news,https://t.freetv.fun/live/roze-news.m3u8,网络源,https://epg.pw/media/uploads/tmp_logo/2016/05/18/20160518053416189910_56.png
[VGA]dbc news,https://t.freetv.fun/live/dbc-news.m3u8,网络源,https://epg.pw/media/uploads/tmp_logo/2016/05/18/20160518053416189910_56.png
[VGA]gtc news,https://t.freetv.fun/live/gtc-news.m3u8,网络源,https://epg.pw/media/uploads/tmp_logo/2016/05/18/20160518053416189910_56.png
[VGA]wbtv news,https://t.freetv.fun/live/wbtv-news.m3u8,网络源,https://epg.pw/media/uploads/tmp_logo/2016/05/18/20160518053416189910_56.png
[VGA]sg: channel news asia,https://t.freetv.fun/live/sg-channel-news-asia.m3u8,网络源,https://epg.pw/media/uploads/tmp_logo/2017/01/01/20170101041205293342_50.png
[VGA]id: channel news asia,https://t.freetv.fun/live/id-channel-news-asia.m3u8,网络源,https://epg.pw/media/uploads/tmp_logo/2017/01/01/20170101041205293342_50.png
[BD]black news channel (1080p),https://t.freetv.fun/live/black-news-channel-1080p-2.m3u8,网络源,https://epg.pw/media/uploads/tmp_logo/2017/01/01/20170101041205293342_50.png
[VGA]ph channel news asia (cna),https://t.freetv.fun/live/ph-channel-news-asia-cna.m3u8,网络源,https://epg.pw/media/uploads/tmp_logo/2017/01/01/20170101041205293342_50.png
[BD]salem news channel,https://t.freetv.fun/live/salem-news-channel.m3u8,网络源,https://epg.pw/media/uploads/tmp_logo/2017/01/01/20170101041205293342_50.png
[BD]salem news channel,https://t.freetv.fun/live/salem-news-channel-1.m3u8,网络源,https://epg.pw/media/uploads/tmp_logo/2017/01/01/20170101041205293342_50.png
[VGA]haiti news channel,https://t.freetv.fun/live/haiti-news-channel.m3u8,网络源,https://epg.pw/media/uploads/tmp_logo/2017/01/01/20170101041205293342_50.png
[VGA]nei monggol tv news channel,https://t.freetv.fun/live/nei-monggol-tv-news-channel.m3u8,网络源,https://epg.pw/media/uploads/tmp_logo/2017/01/01/20170101041205293342_50.png
[BD]145 black news channel,https://t.freetv.fun/live/145-black-news-channel.m3u8,网络源,https://epg.pw/media/uploads/tmp_logo/2017/01/01/20170101041205293342_50.png
[VGA]channel news asia,https://t.freetv.fun/live/channel-news-asia.m3u8,网络源,https://epg.pw/media/uploads/tmp_logo/2017/01/01/20170101041205293342_50.png
[VGA]panzihihua news channel,https://t.freetv.fun/live/panzihihua-news-channel.m3u8,网络源,https://epg.pw/media/uploads/tmp_logo/2017/01/01/20170101041205293342_50.png
[VGA]channelnewsasia,https://t.freetv.fun/live/channelnewsasia.m3u8,网络源,https://epg.pw/media/uploads/tmp_logo/2017/01/01/20170101041205293342_50.png
[VGA]ช่อง black news channel,https://t.freetv.fun/live/ch-ng-black-news-channel.m3u8,网络源,https://epg.pw/media/uploads/tmp_logo/2017/01/01/20170101041205293342_50.png
[BD]ช่อง black news channel,https://t.freetv.fun/live/ch-ng-black-news-channel-1.m3u8,网络源,https://epg.pw/media/uploads/tmp_logo/2017/01/01/20170101041205293342_50.png
[VGA]one channel ⓖ,https://t.freetv.fun/live/one-channel-g.m3u8,网络源,https://epg.pw/media/uploads/tmp_logo/2017/01/01/20170101041205293342_50.png
[VGA][id] news asia channel,https://t.freetv.fun/live/id-news-asia-channel.ts,网络源,https://epg.pw/media/uploads/tmp_logo/2017/01/01/20170101041205293342_50.png
[VGA]now golf 3 ch684,https://t.freetv.fun/live/now-golf-3-ch684.ts,网络源,https://epg.pw/media/images/channel/2023/07/22/large/20230722194753768093_91.png
[VGA]now golf 3 ch684,https://t.freetv.fun/live/now-golf-3-ch684-1.ts,网络源,https://epg.pw/media/images/channel/2023/07/22/large/20230722194753768093_91.png
[VGA]now sports 3,https://t.freetv.fun/live/now-sports-3-1.php,网络源,https://epg.pw/media/images/channel/2023/07/22/large/20230722210240056560_16.png
[VGA]now sports 3,https://t.freetv.fun/live/now-sports-3-1.m3u8,网络源,https://epg.pw/media/images/channel/2023/07/22/large/20230722210240056560_16.png
[VGA]now sports premier league 3,https://t.freetv.fun/live/now-sports-premier-league-3.m3u8,网络源,https://epg.pw/media/images/channel/2023/07/22/large/20230722210240056560_16.png
[VGA]nowsports3,https://t.freetv.fun/live/nowsports3.ts,网络源,https://epg.pw/media/images/channel/2023/07/22/large/20230722210240056560_16.png
[VGA]nowsports3,https://t.freetv.fun/live/nowsports3-1.ts,网络源,https://epg.pw/media/images/channel/2023/07/22/large/20230722210240056560_16.png
[VGA]now sports 4,https://t.freetv.fun/live/now-sports-4-1.php,网络源,https://epg.pw/media/images/channel/2026/01/13/large/20260113013110107610_19.png
[VGA]now sports 4,https://t.freetv.fun/live/now-sports-4-1.m3u8,网络源,https://epg.pw/media/images/channel/2026/01/13/large/20260113013110107610_19.png
[VGA]nowsports4,https://t.freetv.fun/live/nowsports4.ts,网络源,https://epg.pw/media/images/channel/2026/01/13/large/20260113013110107610_19.png
[VGA]nowsports4,https://t.freetv.fun/live/nowsports4-1.ts,网络源,https://epg.pw/media/images/channel/2026/01/13/large/20260113013110107610_19.png
[VGA]now sports 5,https://t.freetv.fun/live/now-sports-5-1.php,网络源,https://epg.pw/media/images/channel/2023/07/22/large/20230722210145067447_75.png
[VGA]now sports 5,https://t.freetv.fun/live/now-sports-5-1.m3u8,网络源,https://epg.pw/media/images/channel/2023/07/22/large/20230722210145067447_75.png
[VGA]now sports 6,https://t.freetv.fun/live/now-sports-6-1.php,网络源,https://epg.pw/media/
[VGA]now sports 6,https://t.freetv.fun/live/now-sports-6-1.m3u8,网络源,https://epg.pw/media/
[VGA]nowsports6,https://t.freetv.fun/live/nowsports6.ts,网络源,https://epg.pw/media/
[VGA]nowsports6,https://t.freetv.fun/live/nowsports6-1.ts,网络源,https://epg.pw/media/
[VGA]nowsports,https://t.freetv.fun/live/nowsports.ts,网络源,https://epg.pw/media/images/channel/2023/07/22/large/20230722205957773276_84.png
[VGA]now sports精選,https://t.freetv.fun/live/now-sportsjing-xuan-1.m3u8,网络源,https://epg.pw/media/images/channel/2023/07/22/large/20230722205957773276_84.png
[VGA]nowsports7,https://t.freetv.fun/live/nowsports7.ts,网络源,https://epg.pw/media/images/channel/2023/07/22/large/20230722205957773276_84.png
[VGA]nowsports,https://t.freetv.fun/live/nowsports-1.ts,网络源,https://epg.pw/media/images/channel/2023/07/22/large/20230722205957773276_84.png
[VGA]nowsports7,https://t.freetv.fun/live/nowsports7-1.ts,网络源,https://epg.pw/media/images/channel/2023/07/22/large/20230722205957773276_84.png
[VGA]now sports 1 ch631,https://t.freetv.fun/live/now-sports-1-ch631.ts,网络源,https://epg.pw/media/images/channel/2023/07/22/large/20230722205957773276_84.png
[VGA]now sports 2 ch632,https://t.freetv.fun/live/now-sports-2-ch632.ts,网络源,https://epg.pw/media/images/channel/2023/07/22/large/20230722205957773276_84.png
[VGA]now sports 3 ch633,https://t.freetv.fun/live/now-sports-3-ch633.ts,网络源,https://epg.pw/media/images/channel/2023/07/22/large/20230722205957773276_84.png
[VGA]now sports 4 ch634,https://t.freetv.fun/live/now-sports-4-ch634.ts,网络源,https://epg.pw/media/images/channel/2023/07/22/large/20230722205957773276_84.png
[VGA]now sports 5 ch635,https://t.freetv.fun/live/now-sports-5-ch635.ts,网络源,https://epg.pw/media/images/channel/2023/07/22/large/20230722205957773276_84.png
[VGA]now sports 6 ch636,https://t.freetv.fun/live/now-sports-6-ch636.ts,网络源,https://epg.pw/media/images/channel/2023/07/22/large/20230722205957773276_84.png
[VGA]now sports 7 ch637,https://t.freetv.fun/live/now-sports-7-ch637.ts,网络源,https://epg.pw/media/images/channel/2023/07/22/large/20230722205957773276_84.png
[VGA]now sports ch630,https://t.freetv.fun/live/now-sports-ch630.ts,网络源,https://epg.pw/media/images/channel/2023/07/22/large/20230722205957773276_84.png
[VGA]now sports nba ch641,https://t.freetv.fun/live/now-sports-nba-ch641.ts,网络源,https://epg.pw/media/images/channel/2023/07/22/large/20230722205957773276_84.png
[VGA]now sports 652 英足總ch652,https://t.freetv.fun/live/now-sports-652-ying-zu-zong-ch652.ts,网络源,https://epg.pw/media/images/channel/2023/07/22/large/20230722205957773276_84.png
[VGA]now sports 651 英足總ch651,https://t.freetv.fun/live/now-sports-651-ying-zu-zong-ch651.ts,网络源,https://epg.pw/media/images/channel/2023/07/22/large/20230722205957773276_84.png
[VGA]now sports plus ch680,https://t.freetv.fun/live/now-sports-plus-ch680.ts,网络源,https://epg.pw/media/images/channel/2023/07/22/large/20230722205957773276_84.png
[VGA]now sports 1 ch631,https://t.freetv.fun/live/now-sports-1-ch631-1.ts,网络源,https://epg.pw/media/images/channel/2023/07/22/large/20230722205957773276_84.png
[VGA]now sports 2 ch632,https://t.freetv.fun/live/now-sports-2-ch632-1.ts,网络源,https://epg.pw/media/images/channel/2023/07/22/large/20230722205957773276_84.png
[VGA]now sports 3 ch633,https://t.freetv.fun/live/now-sports-3-ch633-1.ts,网络源,https://epg.pw/media/images/channel/2023/07/22/large/20230722205957773276_84.png
[VGA]now sports 4 ch634,https://t.freetv.fun/live/now-sports-4-ch634-1.ts,网络源,https://epg.pw/media/images/channel/2023/07/22/large/20230722205957773276_84.png
[VGA]now sports 5 ch635,https://t.freetv.fun/live/now-sports-5-ch635-1.ts,网络源,https://epg.pw/media/images/channel/2023/07/22/large/20230722205957773276_84.png
[VGA]now sports 6 ch636,https://t.freetv.fun/live/now-sports-6-ch636-1.ts,网络源,https://epg.pw/media/images/channel/2023/07/22/large/20230722205957773276_84.png
[VGA]now sports 7 ch637,https://t.freetv.fun/live/now-sports-7-ch637-1.ts,网络源,https://epg.pw/media/images/channel/2023/07/22/large/20230722205957773276_84.png
[VGA]now sports ch630,https://t.freetv.fun/live/now-sports-ch630-1.ts,网络源,https://epg.pw/media/images/channel/2023/07/22/large/20230722205957773276_84.png
[VGA]now sports nba ch641,https://t.freetv.fun/live/now-sports-nba-ch641-1.ts,网络源,https://epg.pw/media/images/channel/2023/07/22/large/20230722205957773276_84.png
[VGA]now sports 651 英足總ch651,https://t.freetv.fun/live/now-sports-651-ying-zu-zong-ch651-1.ts,网络源,https://epg.pw/media/images/channel/2023/07/22/large/20230722205957773276_84.png
[VGA]now sports 652 英足總ch652,https://t.freetv.fun/live/now-sports-652-ying-zu-zong-ch652-1.ts,网络源,https://epg.pw/media/images/channel/2023/07/22/large/20230722205957773276_84.png
[VGA]now sports plus ch680,https://t.freetv.fun/live/now-sports-plus-ch680-1.ts,网络源,https://epg.pw/media/images/channel/2023/07/22/large/20230722205957773276_84.png
[VGA]nbc sports now,https://t.freetv.fun/live/nbc-sports-now.m3u8,网络源,https://epg.pw/media/images/channel/2023/07/22/large/20230722205957773276_84.png
[VGA][uk] now hk now sports 6,https://t.freetv.fun/live/uk-now-hk-now-sports-6.ts,网络源,https://epg.pw/media/images/channel/2023/07/22/large/20230722205957773276_84.png
[VGA][uk] now hk now sports 7,https://t.freetv.fun/live/uk-now-hk-now-sports-7.ts,网络源,https://epg.pw/media/images/channel/2023/07/22/large/20230722205957773276_84.png
[VGA][uk] now hk premier sports 2,https://t.freetv.fun/live/uk-now-hk-premier-sports-2.ts,网络源,https://epg.pw/media/images/channel/2023/07/22/large/20230722205957773276_84.png
[VGA][uk] now hk now sports 2,https://t.freetv.fun/live/uk-now-hk-now-sports-2.ts,网络源,https://epg.pw/media/images/channel/2023/07/22/large/20230722205957773276_84.png
[VGA][uk] now hk now sports 4,https://t.freetv.fun/live/uk-now-hk-now-sports-4.ts,网络源,https://epg.pw/media/images/channel/2023/07/22/large/20230722205957773276_84.png
[VGA][uk] now hk premier sports 6,https://t.freetv.fun/live/uk-now-hk-premier-sports-6.ts,网络源,https://epg.pw/media/images/channel/2023/07/22/large/20230722205957773276_84.png
[VGA]now sports prime hd,https://t.freetv.fun/live/now-sports-prime-hd.flv,网络源,https://epg.pw/media/images/channel/2022/04/17/large/20220417233413534041_33.jpg
[VGA]prime,https://t.freetv.fun/live/prime.m3u8,网络源,https://epg.pw/media/images/channel/2022/04/17/large/20220417233413534041_33.jpg
[VGA]nowsportsprime,https://t.freetv.fun/live/nowsportsprime.ts,网络源,https://epg.pw/media/images/channel/2022/04/17/large/20220417233413534041_33.jpg
[VGA]nowsportsprime,https://t.freetv.fun/live/nowsportsprime-1.ts,网络源,https://epg.pw/media/images/channel/2022/04/17/large/20220417233413534041_33.jpg
[VGA]now财经台 hd,https://t.freetv.fun/live/nowcai-jing-tai-hd.flv,网络源,https://epg.pw/media/images/channel/2024/04/17/large/20240417171848551996_11.png
[VGA]now 财经,https://t.freetv.fun/live/now-cai-jing.php,网络源,https://epg.pw/media/images/channel/2024/04/17/large/20240417171848551996_11.png
[BD]now财经,https://t.freetv.fun/live/nowcai-jing.m3u8,网络源,https://epg.pw/media/images/channel/2024/04/17/large/20240417171848551996_11.png
[VGA]now财经,https://t.freetv.fun/live/nowcai-jing-1.ts,网络源,https://epg.pw/media/images/channel/2024/04/17/large/20240417171848551996_11.png
[VGA]now财经,https://t.freetv.fun/live/nowcai-jing-2.php,网络源,https://epg.pw/media/images/channel/2024/04/17/large/20240417171848551996_11.png
[VGA]now財經,https://t.freetv.fun/live/nowcai-jing-3.m3u8,网络源,https://epg.pw/media/images/channel/2024/04/17/large/20240417171848551996_11.png
[VGA]now 直播,https://t.freetv.fun/live/now-zhi-bo.php,网络源,https://epg.pw/media/images/channel/2023/07/22/large/20230722210546156852_48.png
[VGA]now直播,https://t.freetv.fun/live/nowzhi-bo.m3u8,网络源,https://epg.pw/media/images/channel/2023/07/22/large/20230722210546156852_48.png
[VGA]now直播,https://t.freetv.fun/live/nowzhi-bo-1.m3u8,网络源,https://epg.pw/media/images/channel/2023/07/22/large/20230722210546156852_48.png
[VGA]now直播,https://t.freetv.fun/live/nowzhi-bo-2.ts,网络源,https://epg.pw/media/images/channel/2023/07/22/large/20230722210546156852_48.png
[VGA]now直播,https://t.freetv.fun/live/nowzhi-bo-3.ts,网络源,https://epg.pw/media/images/channel/2023/07/22/large/20230722210546156852_48.png
[VGA]now星影台 hd,https://t.freetv.fun/live/nowxing-ying-tai-hd.flv,网络源,https://epg.pw/media/images/channel/2022/08/07/large/20220807002233743758_69.jpg
[VGA]lobo tv,https://t.freetv.fun/live/lobo-tv.m3u8,网络源,https://epg.pw/media/uploads/tmp_logo/2017/02/10/20170210215941956038_73.png
[VGA]nollywood tv,https://t.freetv.fun/live/nollywood-tv.m3u8,网络源,https://epg.pw/media/uploads/tmp_logo/2017/02/10/20170210215941956038_73.png
[VGA]ph: one sports +,https://t.freetv.fun/live/ph-one-sports.m3u8,网络源,https://epg.pw/media/uploads/tmp_logo/2016/12/11/20161211011558993605_21.jpg
[VGA]oman sport,https://t.freetv.fun/live/oman-sport.m3u8,网络源,https://epg.pw/media/uploads/tmp_logo/2016/12/11/20161211011558993605_21.jpg
[VGA]on sports,https://t.freetv.fun/live/on-sports.m3u8,网络源,https://epg.pw/media/uploads/tmp_logo/2016/12/11/20161211011558993605_21.jpg
[VGA]on sports,https://t.freetv.fun/live/on-sports-1.m3u8,网络源,https://epg.pw/media/uploads/tmp_logo/2016/12/11/20161211011558993605_21.jpg
[VGA]on sports,https://t.freetv.fun/live/on-sports-2.m3u8,网络源,https://epg.pw/media/uploads/tmp_logo/2016/12/11/20161211011558993605_21.jpg
[VGA][ar] on time sport uhd,https://t.freetv.fun/live/ar-on-time-sport-uhd.ts,网络源,https://epg.pw/media/uploads/tmp_logo/2016/12/11/20161211011558993605_21.jpg
[HD]one tv lbn,https://t.freetv.fun/live/one-tv-lbn.m3u8,网络源,https://epg.pw/media/uploads/tmp_logo/2015/01/20/20150120185219121577_54.jpg
[VGA]bonce tv,https://t.freetv.fun/live/bonce-tv.m3u8,网络源,https://epg.pw/media/uploads/tmp_logo/2015/01/20/20150120185219121577_54.jpg
[VGA]drone tv,https://t.freetv.fun/live/drone-tv.m3u8,网络源,https://epg.pw/media/uploads/tmp_logo/2015/01/20/20150120185219121577_54.jpg
[VGA]loe tv,https://t.freetv.fun/live/loe-tv.m3u8,网络源,https://epg.pw/media/uploads/tmp_logo/2015/01/20/20150120185219121577_54.jpg
[VGA]one-tv,https://t.freetv.fun/live/one-tv.m3u8,网络源,https://epg.pw/media/uploads/tmp_logo/2015/01/20/20150120185219121577_54.jpg
[VGA]fonte tv,https://t.freetv.fun/live/fonte-tv.m3u8,网络源,https://epg.pw/media/uploads/tmp_logo/2015/01/20/20150120185219121577_54.jpg
[VGA]one tv,https://t.freetv.fun/live/one-tv-1.m3u8,网络源,https://epg.pw/media/uploads/tmp_logo/2015/01/20/20150120185219121577_54.jpg
[VGA]jne tv,https://t.freetv.fun/live/jne-tv.m3u8,网络源,https://epg.pw/media/uploads/tmp_logo/2015/01/20/20150120185219121577_54.jpg
[VGA]gh one tv,https://t.freetv.fun/live/gh-one-tv-1.m3u8,网络源,https://epg.pw/media/uploads/tmp_logo/2015/01/20/20150120185219121577_54.jpg
[VGA]fuji tv one,https://t.freetv.fun/live/fuji-tv-one.m3u8,网络源,https://epg.pw/media/uploads/tmp_logo/2015/01/20/20150120185219121577_54.jpg
[VGA]fuji tv one,https://t.freetv.fun/live/fuji-tv-one-2.m3u8,网络源,https://epg.pw/media/uploads/tmp_logo/2015/01/20/20150120185219121577_54.jpg
[VGA]one tv,https://t.freetv.fun/live/one-tv-1-1.m3u8,网络源,https://epg.pw/media/uploads/tmp_logo/2015/01/20/20150120185219121577_54.jpg
[VGA]one tv drama 3,https://t.freetv.fun/live/one-tv-drama-3.m3u8,网络源,https://epg.pw/media/uploads/tmp_logo/2015/01/20/20150120185219121577_54.jpg
[BD]une tv,https://t.freetv.fun/live/une-tv.m3u8,网络源,https://epg.pw/media/uploads/tmp_logo/2015/01/20/20150120185219121577_54.jpg
[VGA]whole word tv,https://t.freetv.fun/live/whole-word-tv.m3u8,网络源,https://epg.pw/media/uploads/tmp_logo/2016/12/29/20161229042633916381_75.png
[VGA]tv one sd,https://t.freetv.fun/live/tv-one-sd.m3u8,网络源,https://epg.pw/media/uploads/tmp_logo/2016/12/29/20161229042633916381_75.png
[VGA]tv one,https://t.freetv.fun/live/tv-one-2.m3u8,网络源,https://epg.pw/media/uploads/tmp_logo/2016/12/29/20161229042633916381_75.png
[VGA]tv one (576p),https://t.freetv.fun/live/tv-one-576p.m3u8,网络源,https://epg.pw/media/uploads/tmp_logo/2016/12/29/20161229042633916381_75.png
[VGA]whole word tv (720p),https://t.freetv.fun/live/whole-word-tv-720p.m3u8,网络源,https://epg.pw/media/uploads/tmp_logo/2016/12/29/20161229042633916381_75.png
[BD]on cine,https://t.freetv.fun/live/on-cine.m3u8,网络源,https://epg.pw/media/uploads/tmp_logo/2016/12/31/20161231013208987406_13.jpg
[VGA]ebs cinema,https://t.freetv.fun/live/ebs-cinema.m3u8,网络源,https://epg.pw/media/uploads/tmp_logo/2016/12/31/20161231013208987406_13.jpg
[VGA]s cinema,https://t.freetv.fun/live/s-cinema.m3u8,网络源,https://epg.pw/media/uploads/tmp_logo/2016/12/31/20161231013208987406_13.jpg
[VGA]is: yes movies kids hd,https://t.freetv.fun/live/is-yes-movies-kids-hd.m3u8,网络源,https://epg.pw/media/uploads/tmp_logo/2016/12/29/20161229065709187708_90.png
[VGA]il: yes movies kids,https://t.freetv.fun/live/il-yes-movies-kids.m3u8,网络源,https://epg.pw/media/uploads/tmp_logo/2016/12/29/20161229065709187708_90.png
[VGA]cinema,https://t.freetv.fun/live/cinema-1-1.m3u8,网络源,https://epg.pw/media/uploads/tmp_logo/2017/01/01/20170101072254143118_19.png
[VGA]panamericana tv,https://t.freetv.fun/live/panamericana-tv-1.m3u8,网络源,https://epg.pw/media/uploads/tmp_logo/2015/08/02/20150802210322858817_33.png
[VGA]panamericana tv ᴴᴰ,https://t.freetv.fun/live/panamericana-tv-hd.m3u8,网络源,https://epg.pw/media/uploads/tmp_logo/2015/08/02/20150802210322858817_33.png
[VGA]panamericana,https://t.freetv.fun/live/panamericana.m3u8,网络源,https://epg.pw/media/uploads/tmp_logo/2015/08/02/20150802210322858817_33.png
[VGA]food food,https://t.freetv.fun/live/food-food.m3u8,网络源,https://epg.pw/media/uploads/tmp_logo/2016/12/09/20161209021827505036_51.png
[VGA]food food,https://t.freetv.fun/live/food-food-1.m3u8,网络源,https://epg.pw/media/uploads/tmp_logo/2016/12/09/20161209021827505036_51.png
[VGA]ir: persian movie,https://t.freetv.fun/live/ir-persian-movie.m3u8,网络源,https://epg.pw/media/uploads/tmp_logo/2015/10/20/20151020011448896421_41.png
[VGA]ir: persian music,https://t.freetv.fun/live/ir-persian-music.m3u8,网络源,https://epg.pw/media/uploads/tmp_logo/2015/10/20/20151020011448896421_41.png
[VGA]ir: persian film,https://t.freetv.fun/live/ir-persian-film.m3u8,网络源,https://epg.pw/media/uploads/tmp_logo/2015/10/20/20151020011448896421_41.png
[VGA]ir: persian bazar,https://t.freetv.fun/live/ir-persian-bazar.m3u8,网络源,https://epg.pw/media/uploads/tmp_logo/2015/10/20/20151020011448896421_41.png
[VGA]ifilm persian (540p),https://t.freetv.fun/live/ifilm-persian-540p.m3u8,网络源,https://epg.pw/media/uploads/tmp_logo/2015/10/20/20151020011448896421_41.png
[VGA]persian film (720p) [not 24/7],https://t.freetv.fun/live/persian-film-720p-not-24-7.m3u8,网络源,https://epg.pw/media/uploads/tmp_logo/2015/10/20/20151020011448896421_41.png
[VGA]ifilm persian,https://t.freetv.fun/live/ifilm-persian.m3u8,网络源,https://epg.pw/media/uploads/tmp_logo/2015/10/20/20151020011448896421_41.png
[VGA]persiana,https://t.freetv.fun/live/persiana.m3u8,网络源,https://epg.pw/media/uploads/tmp_logo/2015/10/20/20151020011448896421_41.png
[VGA]la popular tv,https://t.freetv.fun/live/la-popular-tv.m3u8,网络源,https://epg.pw/media/uploads/tmp_logo/2015/06/19/20150619110709023113_57.jpg
[VGA]local: rasan tv 4k,https://t.freetv.fun/live/local-rasan-tv-4k.m3u8,网络源,https://epg.pw/media/uploads/tmp_logo/2017/01/03/20170103074548583986_28.jpg
[VGA]local: rasan hd,https://t.freetv.fun/live/local-rasan-hd.m3u8,网络源,https://epg.pw/media/uploads/tmp_logo/2017/01/03/20170103074548583986_28.jpg
[SD]ahsan tv (360p) [geo-blocked],https://t.freetv.fun/live/ahsan-tv-360p-geo-blocked.m3u8,网络源,https://epg.pw/media/uploads/tmp_logo/2017/01/03/20170103074548583986_28.jpg
[VGA]pasand tv,https://t.freetv.fun/live/pasand-tv.m3u8,网络源,https://epg.pw/media/uploads/tmp_logo/2017/01/03/20170103074548583986_28.jpg
[VGA]sirasa tv,https://t.freetv.fun/live/sirasa-tv.php,网络源,https://epg.pw/media/uploads/tmp_logo/2017/01/03/20170103074548583986_28.jpg
[VGA]pasand tv,https://t.freetv.fun/live/pasand-tv-1.m3u8,网络源,https://epg.pw/media/uploads/tmp_logo/2017/01/03/20170103074548583986_28.jpg
[VGA]rcn mas,https://t.freetv.fun/live/rcn-mas-1.m3u8,网络源,https://epg.pw/media/uploads/tmp_logo/2014/12/27/20141227024753914274_45.jpg
[VGA]local: reng family hd,https://t.freetv.fun/live/local-reng-family-hd.m3u8,网络源,https://epg.pw/media/uploads/tmp_logo/2017/01/03/20170103072700399126_75.jpg
[VGA]local: reng family 4k,https://t.freetv.fun/live/local-reng-family-4k.m3u8,网络源,https://epg.pw/media/uploads/tmp_logo/2017/01/03/20170103072700399126_75.jpg
[VGA]rodja tv,https://t.freetv.fun/live/rodja-tv-1.m3u8,网络源,https://epg.pw/media/uploads/tmp_logo/2016/11/29/20161129044905671411_22.jpg
[VGA]rojava tv,https://t.freetv.fun/live/rojava-tv.m3u8,网络源,https://epg.pw/media/uploads/tmp_logo/2016/11/29/20161129044905671411_22.jpg
[VGA]rojava tv,https://t.freetv.fun/live/rojava-tv-1.m3u8,网络源,https://epg.pw/media/uploads/tmp_logo/2016/11/29/20161129044905671411_22.jpg
[VGA]roja tv,https://t.freetv.fun/live/roja-tv.m3u8,网络源,https://epg.pw/media/uploads/tmp_logo/2016/11/29/20161129044905671411_22.jpg
[BD]roll,https://t.freetv.fun/live/roll.m3u8,网络源,https://epg.pw/media/uploads/tmp_logo/2017/12/31/20171231124736667453_34.png
[BD]滾動力rollor,https://t.freetv.fun/live/gun-dong-li-rollor.m3u8,网络源,https://epg.pw/media/uploads/tmp_logo/2017/12/31/20171231124736667453_34.png
[VGA]滾動力rollor,https://t.freetv.fun/live/gun-dong-li-rollor-1.m3u8,网络源,https://epg.pw/media/uploads/tmp_logo/2017/12/31/20171231124736667453_34.png
[VGA]滾動力rollor,https://t.freetv.fun/live/gun-dong-li-rollor-2.m3u8,网络源,https://epg.pw/media/uploads/tmp_logo/2017/12/31/20171231124736667453_34.png
[VGA]滾動力rollor,https://t.freetv.fun/live/gun-dong-li-rollor-3.m3u8,网络源,https://epg.pw/media/uploads/tmp_logo/2017/12/31/20171231124736667453_34.png
[VGA]滾動力rollor,https://t.freetv.fun/live/gun-dong-li-rollor-4.m3u8,网络源,https://epg.pw/media/uploads/tmp_logo/2017/12/31/20171231124736667453_34.png
[VGA]滾動力rollor,https://t.freetv.fun/live/gun-dong-li-rollor-5.m3u8,网络源,https://epg.pw/media/uploads/tmp_logo/2017/12/31/20171231124736667453_34.png
[VGA]滾動力rollor,https://t.freetv.fun/live/gun-dong-li-rollor-6.m3u8,网络源,https://epg.pw/media/uploads/tmp_logo/2017/12/31/20171231124736667453_34.png
[VGA]滾動力rollor,https://t.freetv.fun/live/gun-dong-li-rollor-7.m3u8,网络源,https://epg.pw/media/uploads/tmp_logo/2017/12/31/20171231124736667453_34.png
[VGA]sardegna 1,https://t.freetv.fun/live/sardegna-1.m3u8,网络源,https://epg.pw/media/uploads/tmp_logo/2014/08/23/20140823111839097581_89.jpg
[HD]sat7 pars,https://t.freetv.fun/live/sat7-pars.m3u8,网络源,https://epg.pw/media/uploads/tmp_logo/2017/02/04/20170204174311989386_50.jpg
[HD]sat7 türk,https://t.freetv.fun/live/sat7-turk.m3u8,网络源,https://epg.pw/media/uploads/tmp_logo/2017/02/04/20170204174311989386_50.jpg
[VGA]escape tv,https://t.freetv.fun/live/escape-tv.m3u8,网络源,https://epg.pw/media/images/channel/2022/05/06/large/20220506174808787128_11.png
[BD]snap,https://t.freetv.fun/live/snap.m3u8,网络源,https://epg.pw/media/img/logo/1_255.jpg
[VGA]ku: speda 4k,https://t.freetv.fun/live/ku-speda-4k.m3u8,网络源,https://epg.pw/media/uploads/tmp_logo/2015/10/19/20151019025907554835_60.png
[VGA]ku: speda tv hd,https://t.freetv.fun/live/ku-speda-tv-hd.m3u8,网络源,https://epg.pw/media/images/channel/2022/05/25/large/20220525022320760170_51.png
[VGA]local: srusht 4k,https://t.freetv.fun/live/local-srusht-4k.m3u8,网络源,https://epg.pw/media/uploads/tmp_logo/2016/12/29/20161229023508125999_45.jpg
[VGA]local: srusht  hd,https://t.freetv.fun/live/local-srusht-hd.m3u8,网络源,https://epg.pw/media/uploads/tmp_logo/2016/12/29/20161229023508125999_45.jpg
[VGA]trust tv,https://t.freetv.fun/live/trust-tv.m3u8,网络源,https://epg.pw/media/uploads/tmp_logo/2016/12/29/20161229023508125999_45.jpg
[VGA]trust tv (720p),https://t.freetv.fun/live/trust-tv-720p.m3u8,网络源,https://epg.pw/media/uploads/tmp_logo/2016/12/29/20161229023508125999_45.jpg
[VGA]super j tv,https://t.freetv.fun/live/super-j-tv.m3u8,网络源,https://epg.pw/media/images/channel/2022/05/06/large/20220506173800216726_84.png
[VGA]supertv,https://t.freetv.fun/live/supertv.m3u8,网络源,https://epg.pw/media/images/channel/2022/05/06/large/20220506173800216726_84.png
[VGA]supertv,https://t.freetv.fun/live/supertv-1.m3u8,网络源,https://epg.pw/media/images/channel/2022/05/06/large/20220506173800216726_84.png
[VGA]super9 tv,https://t.freetv.fun/live/super9-tv.m3u8,网络源,https://epg.pw/media/images/channel/2022/05/06/large/20220506173800216726_84.png
[SD]ctc kids,https://t.freetv.fun/live/ctc-kids.m3u8,网络源,https://epg.pw/media/uploads/tmp_logo/2016/11/27/20161127203457998855_24.png
[VGA]telesistema 11,https://t.freetv.fun/live/telesistema-11.m3u8,网络源,https://epg.pw/media/images/channel/2022/05/06/large/20220506174446384147_19.png
[VGA]the way tv,https://t.freetv.fun/live/the-way-tv.m3u8,网络源,https://epg.pw/media/uploads/tmp_logo/2017/04/21/20170421044305097605_65.jpg
[VGA]quran,https://t.freetv.fun/live/quran.m3u8,网络源,https://epg.pw/media/uploads/tmp_logo/2016/12/24/20161224022054692330_39.jpg
[VGA]quran,https://t.freetv.fun/live/quran-1.m3u8,网络源,https://epg.pw/media/uploads/tmp_logo/2016/12/24/20161224022054692330_39.jpg
[VGA]cms tik tok,https://t.freetv.fun/live/cms-tik-tok.m3u8,网络源,https://epg.pw/media/uploads/tmp_logo/2016/12/18/20161218102550332356_14.jpg
[BD]dltv 10,https://t.freetv.fun/live/dltv-10-1.m3u8,网络源,https://epg.pw/media/uploads/tmp_logo/2016/11/22/20161122003031864735_78.jpg
[VGA]cam 10 tv,https://t.freetv.fun/live/cam-10-tv.m3u8,网络源,https://epg.pw/media/uploads/tmp_logo/2016/11/22/20161122003031864735_78.jpg
[VGA]10 tv,https://t.freetv.fun/live/10-tv.m3u8,网络源,https://epg.pw/media/uploads/tmp_logo/2016/11/22/20161122003031864735_78.jpg
[VGA]dltv 10 (1080p),https://t.freetv.fun/live/dltv-10-1080p.m3u8,网络源,https://epg.pw/media/uploads/tmp_logo/2016/11/22/20161122003031864735_78.jpg
[VGA]tvr 1,https://t.freetv.fun/live/tvr-1.m3u8,网络源,https://epg.pw/media/uploads/tmp_logo/2016/11/22/20161122003031864735_78.jpg
[HD]himlen tv7 (se),https://t.freetv.fun/live/himlen-tv7-se-1.m3u8,网络源,https://epg.pw/media/uploads/tmp_logo/2016/11/26/20161126095704433134_49.png
[VGA]himlen tv7,https://t.freetv.fun/live/himlen-tv7-2.m3u8,网络源,https://epg.pw/media/uploads/tmp_logo/2016/11/26/20161126095704433134_49.png
[VGA]himlen tv7,https://t.freetv.fun/live/himlen-tv7-1-1.m3u8,网络源,https://epg.pw/media/uploads/tmp_logo/2016/11/26/20161126095704433134_49.png
[VGA]himlen tv7,https://t.freetv.fun/live/himlen-tv7-2-1.m3u8,网络源,https://epg.pw/media/uploads/tmp_logo/2016/11/26/20161126095704433134_49.png
[VGA]himlen tv7,https://t.freetv.fun/live/himlen-tv7-3.m3u8,网络源,https://epg.pw/media/uploads/tmp_logo/2016/11/26/20161126095704433134_49.png
[VGA]tv7,https://t.freetv.fun/live/tv7.m3u8,网络源,https://epg.pw/media/uploads/tmp_logo/2016/11/26/20161126095704433134_49.png
[VGA]tvn,https://t.freetv.fun/live/tvn-2.php,网络源,https://epg.pw/media/images/channel/2022/12/24/large/20221224164844835880_86.jpeg
[VGA]tvn,https://t.freetv.fun/live/tvn-1-1.php,网络源,https://epg.pw/media/images/channel/2022/12/24/large/20221224164844835880_86.jpeg
[VGA]tv land drama,https://t.freetv.fun/live/tv-land-drama-1.m3u8,网络源,https://epg.pw/media/images/channel/2022/12/24/large/20221224164844835880_86.jpeg
[VGA]tv land drama,https://t.freetv.fun/live/tv-land-drama-1-1.m3u8,网络源,https://epg.pw/media/images/channel/2022/12/24/large/20221224164844835880_86.jpeg
[VGA]tvone,https://t.freetv.fun/live/tvone.m3u8,网络源,https://epg.pw/media/images/channel/2022/05/06/large/20220506174132844374_68.png
[VGA]tvnet,https://t.freetv.fun/live/tvnet.m3u8,网络源,https://epg.pw/media/images/channel/2022/05/06/large/20220506174132844374_68.png
[VGA]tvb 粤语片,https://t.freetv.fun/live/tvb-yue-yu-pian.php,网络源,https://epg.pw/media/images/channel/2024/08/15/large/20240815025646507557_29.png
[VGA]tv universidad,https://t.freetv.fun/live/tv-universidad.m3u8,网络源,https://epg.pw/media/uploads/tmp_logo/2016/04/12/20160412094505054520_21.jpg
[VGA]bet cinema,https://t.freetv.fun/live/bet-cinema.m3u8,网络源,https://epg.pw/media/uploads/tmp_logo/2016/12/31/20161231032913769489_40.png
[VGA]bet cinema,https://t.freetv.fun/live/bet-cinema-1.m3u8,网络源,https://epg.pw/media/uploads/tmp_logo/2016/12/31/20161231032913769489_40.png
[HD]vsin (720p),https://t.freetv.fun/live/vsin-720p-1.m3u8,网络源,https://epg.pw/media/images/channel/2022/05/27/large/20220527020730016588_22.png
[VGA]vsin,https://t.freetv.fun/live/vsin.m3u8,网络源,https://epg.pw/media/images/channel/2022/05/27/large/20220527020730016588_22.png
[VGA]Vtm,https://t.freetv.fun/live/vtm.m3u8,网络源,https://epg.pw/media/images/channel/2021/10/16/large/20211016224750058784_72.png
[VGA]awe,https://t.freetv.fun/live/awe.m3u8,网络源,https://epg.pw/media/img/logo/WE_HD.PNG
[VGA]awe,https://t.freetv.fun/live/awe-1.m3u8,网络源,https://epg.pw/media/img/logo/WE_HD.PNG
[SD]awe (720p),https://t.freetv.fun/live/awe-720p.m3u8,网络源,https://epg.pw/media/img/logo/WE_HD.PNG
[VGA][荷兰]xite(be),https://t.freetv.fun/live/he-lan-xite-be-2.m3u8,网络源,https://epg.pw/media/images/channel/2022/05/06/large/20220506174447671591_13.png
[VGA]xite rock,https://t.freetv.fun/live/xite-rock.m3u8,网络源,https://epg.pw/media/images/channel/2022/05/06/large/20220506174447671591_13.png
[VGA]xite,https://t.freetv.fun/live/xite.m3u8,网络源,https://epg.pw/media/images/channel/2022/05/06/large/20220506174447671591_13.png
[VGA]xite 90s,https://t.freetv.fun/live/xite-90s.m3u8,网络源,https://epg.pw/media/images/channel/2022/05/06/large/20220506174447671591_13.png
[VGA]xite 80s,https://t.freetv.fun/live/xite-80s.m3u8,网络源,https://epg.pw/media/images/channel/2022/05/06/large/20220506174447671591_13.png
[VGA]tv xyz,https://t.freetv.fun/live/tv-xyz-1.m3u8,网络源,https://epg.pw/media/uploads/tmp_logo/2014/05/28/20140528205842636075_63.png
[HD]sol tv,https://t.freetv.fun/live/sol-tv.m3u8,网络源,https://epg.pw/media/uploads/tmp_logo/2017/01/04/20170104012449530917_60.png
[VGA]yol tv,https://t.freetv.fun/live/yol-tv.m3u8,网络源,https://epg.pw/media/uploads/tmp_logo/2017/01/04/20170104012449530917_60.png
[VGA]lol tv,https://t.freetv.fun/live/lol-tv.m3u8,网络源,https://epg.pw/media/uploads/tmp_logo/2017/01/04/20170104012449530917_60.png
[VGA]sol tv,https://t.freetv.fun/live/sol-tv-1.m3u8,网络源,https://epg.pw/media/uploads/tmp_logo/2017/01/04/20170104012449530917_60.png
[VGA]oli tv,https://t.freetv.fun/live/oli-tv.m3u8,网络源,https://epg.pw/media/uploads/tmp_logo/2017/01/04/20170104012449530917_60.png
[VGA]ku: zagros 4k,https://t.freetv.fun/live/ku-zagros-4k.m3u8,网络源,https://epg.pw/media/images/channel/2022/05/06/large/20220506173856950611_69.png
[VGA]ir: irib zagros,https://t.freetv.fun/live/ir-irib-zagros.m3u8,网络源,https://epg.pw/media/images/channel/2022/05/06/large/20220506173856950611_69.png
[VGA]zagros,https://t.freetv.fun/live/zagros.m3u8,网络源,https://epg.pw/media/images/channel/2022/05/06/large/20220506173856950611_69.png
[VGA]zagros tv,https://t.freetv.fun/live/zagros-tv.m3u8,网络源,https://epg.pw/media/images/channel/2022/05/06/large/20220506173856950611_69.png
[VGA]zagros tv,https://t.freetv.fun/live/zagros-tv-1.m3u8,网络源,https://epg.pw/media/images/channel/2022/05/06/large/20220506173856950611_69.png
[VGA]zagros,https://t.freetv.fun/live/zagros-1.m3u8,网络源,https://epg.pw/media/images/channel/2022/05/06/large/20220506173856950611_69.png
[VGA]ku: zagros tv hd,https://t.freetv.fun/live/ku-zagros-tv-hd.m3u8,网络源,https://epg.pw/media/uploads/tmp_logo/2015/10/19/20151019023732047667_54.png
[VGA]ku: zarok tv,https://t.freetv.fun/live/ku-zarok-tv.m3u8,网络源,https://epg.pw/media/uploads/tmp_logo/2016/01/06/20160106025216902415_35.jpg
[VGA]ark tv,https://t.freetv.fun/live/ark-tv.m3u8,网络源,https://epg.pw/media/uploads/tmp_logo/2017/01/04/20170104005315996688_16.png
[VGA]zarok tv,https://t.freetv.fun/live/zarok-tv.m3u8,网络源,https://epg.pw/media/uploads/tmp_logo/2017/01/04/20170104005315996688_16.png
[VGA]zarok tv sorani,https://t.freetv.fun/live/zarok-tv-sorani.m3u8,网络源,https://epg.pw/media/uploads/tmp_logo/2017/01/04/20170104005315996688_16.png
[VGA]ark tv (1080p) [not 24/7],https://t.freetv.fun/live/ark-tv-1080p-not-24-7.m3u8,网络源,https://epg.pw/media/uploads/tmp_logo/2017/01/04/20170104005315996688_16.png
[VGA]nstv,https://t.freetv.fun/live/nstv.m3u8,网络源,https://epg.pw/media/uploads/tmp_logo/2015/07/18/20150718152952444363_97.png
[VGA]zns-tv,https://t.freetv.fun/live/zns-tv-1.m3u8,网络源,https://epg.pw/media/uploads/tmp_logo/2015/07/18/20150718152952444363_97.png
[VGA]guada tv,https://t.freetv.fun/live/guada-tv.m3u8,网络源,https://epg.pw/media/uploads/tmp_logo/2018/01/28/20180128085343278953_75.jpg
[VGA]ülke,https://t.freetv.fun/live/ulke.m3u8,网络源,https://epg.pw/media/uploads/tmp_logo/2014/05/23/20140523220603073082_42.jpg
[VGA]čt 1,https://t.freetv.fun/live/ct-1.m3u8,网络源,https://epg.pw/media/images/channel/2021/10/16/large/20211016152135447399_54.png
[VGA]čt 2,https://t.freetv.fun/live/ct-2.m3u8,网络源,https://epg.pw/media/images/channel/2021/10/16/large/20211016152135447399_54.png
[VGA]čt24,https://t.freetv.fun/live/ct24.m3u8,网络源,https://epg.pw/media/
[BD]th đắk lắk,https://t.freetv.fun/live/th-dak-lak.m3u8,网络源,https://epg.pw/media/uploads/tmp_logo/2014/05/21/20140521153343572829_38.jpg
[VGA]drt - th đắk lắk,https://t.freetv.fun/live/drt-th-dak-lak.m3u8,网络源,https://epg.pw/media/uploads/tmp_logo/2014/05/21/20140521153343572829_38.jpg
[VGA]th đắk lắk,https://t.freetv.fun/live/th-dak-lak-1.m3u8,网络源,https://epg.pw/media/uploads/tmp_logo/2014/05/21/20140521153343572829_38.jpg
[HD]drt - th báo đắk lắk,https://t.freetv.fun/live/drt-th-bao-dak-lak.m3u8,网络源,https://epg.pw/media/uploads/tmp_logo/2014/05/21/20140521153343572829_38.jpg
[VGA]đắk lắk tv,https://t.freetv.fun/live/dak-lak-tv-1.m3u8,网络源,https://epg.pw/media/uploads/tmp_logo/2014/05/21/20140521153343572829_38.jpg
[VGA]đồng nai 1,https://t.freetv.fun/live/dong-nai-1.m3u8,网络源,https://epg.pw/media/
[VGA]đồng nai 2,https://t.freetv.fun/live/dong-nai-2.m3u8,网络源,https://epg.pw/media/
[VGA]th đồng nai,https://t.freetv.fun/live/th-dong-nai.m3u8,网络源,https://epg.pw/media/images/channel/2022/05/25/large/20220525022104061891_43.png
[VGA]th đồng nai,https://t.freetv.fun/live/th-dong-nai-1.m3u8,网络源,https://epg.pw/media/images/channel/2022/05/25/large/20220525022104061891_43.png
[VGA]th đồng nai,https://t.freetv.fun/live/th-dong-nai-2.m3u8,网络源,https://epg.pw/media/images/channel/2022/05/25/large/20220525022104061891_43.png
[VGA]th đồng nai,https://t.freetv.fun/live/th-dong-nai-3.m3u8,网络源,https://epg.pw/media/images/channel/2022/05/25/large/20220525022104061891_43.png
[VGA]đn1 - th đồng nai 1,https://t.freetv.fun/live/dn1-th-dong-nai-1.m3u8,网络源,https://epg.pw/media/images/channel/2022/05/25/large/20220525022104061891_43.png
[BD]đn2 - th đồng nai 2,https://t.freetv.fun/live/dn2-th-dong-nai-2.m3u8,网络源,https://epg.pw/media/images/channel/2022/05/25/large/20220525022104061891_43.png
[SD]th đồng tháp,https://t.freetv.fun/live/th-dong-thap.m3u8,网络源,https://epg.pw/media/images/channel/2022/05/25/large/20220525022126306027_91.png
[VGA]thđt1 - th đồng tháp 1,https://t.freetv.fun/live/thdt1-th-dong-thap-1.m3u8,网络源,https://epg.pw/media/images/channel/2022/05/25/large/20220525022126306027_91.png
[VGA]thđt2 - th đồng tháp 2,https://t.freetv.fun/live/thdt2-th-dong-thap-2.m3u8,网络源,https://epg.pw/media/images/channel/2022/05/25/large/20220525022126306027_91.png
[VGA]đồng tháp tv2,https://t.freetv.fun/live/dong-thap-tv2.m3u8,网络源,https://epg.pw/media/images/channel/2022/05/25/large/20220525022126306027_91.png
[VGA]đồng tháp tv1,https://t.freetv.fun/live/dong-thap-tv1.m3u8,网络源,https://epg.pw/media/images/channel/2022/05/25/large/20220525022126306027_91.png
[VGA]đồng tháp tv1,https://t.freetv.fun/live/dong-thap-tv1-1.m3u8,网络源,https://epg.pw/media/images/channel/2022/05/25/large/20220525022126306027_91.png
[VGA]авто 24,https://t.freetv.fun/live/avto-24-1.m3u8,网络源,https://epg.pw/media/images/channel/2022/05/06/large/20220506174751347177_94.png
[VGA]авто 24,https://t.freetv.fun/live/avto-24-2.m3u8,网络源,https://epg.pw/media/images/channel/2022/05/06/large/20220506174751347177_94.png
[VGA]авто24,https://t.freetv.fun/live/avto24.m3u8,网络源,https://epg.pw/media/images/channel/2022/05/06/large/20220506174751347177_94.png
[VGA]авто24,https://t.freetv.fun/live/avto24-1.m3u8,网络源,https://epg.pw/media/images/channel/2022/05/06/large/20220506174751347177_94.png
[VGA]авто24,https://t.freetv.fun/live/avto24-2.m3u8,网络源,https://epg.pw/media/images/channel/2022/05/06/large/20220506174751347177_94.png
[HD]новое телевидение,https://t.freetv.fun/live/novoe-televidenie-2.m3u8,网络源,https://epg.pw/media/uploads/tmp_logo/2014/05/30/20140530185555940591_49.png
[VGA]центральное телевидение,https://t.freetv.fun/live/tsentralnoe-televidenie.m3u8,网络源,https://epg.pw/media/uploads/tmp_logo/2014/05/30/20140530185555940591_49.png
[VGA]люберецкое телевидение,https://t.freetv.fun/live/liuberetskoe-televidenie.m3u8,网络源,https://epg.pw/media/uploads/tmp_logo/2014/05/30/20140530185555940591_49.png
[VGA]общественное телевидение россии,https://t.freetv.fun/live/obshchestvennoe-televidenie-rossii.m3u8,网络源,https://epg.pw/media/uploads/tmp_logo/2014/05/30/20140530185555940591_49.png
[VGA]новгородское областное телевидение [geo-blocked],https://t.freetv.fun/live/novgorodskoe-oblastnoe-televidenie-geo-blocked.m3u8,网络源,https://epg.pw/media/uploads/tmp_logo/2014/05/30/20140530185555940591_49.png
[VGA]авто плюс,https://t.freetv.fun/live/avto-plius.m3u8,网络源,https://epg.pw/media/uploads/tmp_logo/2017/01/28/20170128060705849563_39.png
[VGA]авто плюс,https://t.freetv.fun/live/avto-plius-1.m3u8,网络源,https://epg.pw/media/uploads/tmp_logo/2017/01/28/20170128060705849563_39.png
[VGA]авто плюс,https://t.freetv.fun/live/avto-plius-2.m3u8,网络源,https://epg.pw/media/uploads/tmp_logo/2017/01/28/20170128060705849563_39.png
[VGA]авто плюс,https://t.freetv.fun/live/avto-plius-3.m3u8,网络源,https://epg.pw/media/uploads/tmp_logo/2017/01/28/20170128060705849563_39.png
[VGA]ариг ус 24,https://t.freetv.fun/live/arig-us-24.m3u8,网络源,https://epg.pw/media/uploads/tmp_logo/2014/05/30/20140530204603286969_41.png
[VGA]ариг ус 24,https://t.freetv.fun/live/arig-us-24-1.m3u8,网络源,https://epg.pw/media/uploads/tmp_logo/2014/05/30/20140530204603286969_41.png
[VGA]беларусь 1,https://t.freetv.fun/live/belarus-1-1.m3u8,网络源,https://epg.pw/media/images/channel/2022/05/06/large/20220506174934619794_81.png
[VGA]беларусь 1,https://t.freetv.fun/live/belarus-1-1-2.m3u8,网络源,https://epg.pw/media/images/channel/2022/05/06/large/20220506174934619794_81.png
[VGA]беларусь 4 гомель,https://t.freetv.fun/live/belarus-4-gomel.m3u8,网络源,https://epg.pw/media/images/channel/2022/05/06/large/20220506174934619794_81.png
[VGA]беларусь 4 витебск,https://t.freetv.fun/live/belarus-4-vitebsk.m3u8,网络源,https://epg.pw/media/images/channel/2022/05/06/large/20220506174934619794_81.png
[VGA]спорт тв беларусь,https://t.freetv.fun/live/sport-tv-belarus.m3u8,网络源,https://epg.pw/media/images/channel/2022/05/06/large/20220506174934619794_81.png
[VGA]ртр беларусь,https://t.freetv.fun/live/rtr-belarus-1.m3u8,网络源,https://epg.pw/media/images/channel/2022/05/06/large/20220506174934619794_81.png
[VGA]беларусь 4 могилев,https://t.freetv.fun/live/belarus-4-mogilev.m3u8,网络源,https://epg.pw/media/images/channel/2022/05/06/large/20220506174934619794_81.png
[VGA]беларусь 4 брест,https://t.freetv.fun/live/belarus-4-brest.m3u8,网络源,https://epg.pw/media/images/channel/2022/05/06/large/20220506174934619794_81.png
[VGA]тв3 беларусь,https://t.freetv.fun/live/tv3-belarus.m3u8,网络源,https://epg.pw/media/images/channel/2022/05/06/large/20220506174934619794_81.png
[VGA]беларусь 4 витебск,https://t.freetv.fun/live/belarus-4-vitebsk-1.m3u8,网络源,https://epg.pw/media/images/channel/2022/05/06/large/20220506174934619794_81.png
[VGA]беларусь 4 гродно,https://t.freetv.fun/live/belarus-4-grodno.m3u8,网络源,https://epg.pw/media/images/channel/2022/05/06/large/20220506174934619794_81.png
[VGA]беларусь 1,https://t.freetv.fun/live/belarus-1-2.m3u8,网络源,https://epg.pw/media/images/channel/2022/05/06/large/20220506174934619794_81.png
[VGA]беларусь ртр,https://t.freetv.fun/live/belarus-rtr.m3u8,网络源,https://epg.pw/media/images/channel/2022/05/06/large/20220506174934619794_81.png
[VGA]беларусь 3,https://t.freetv.fun/live/belarus-3-2.m3u8,网络源,https://epg.pw/media/images/channel/2022/05/06/large/20220506174934619794_81.png
[VGA]беларусь 3,https://t.freetv.fun/live/belarus-3-3.m3u8,网络源,https://epg.pw/media/images/channel/2022/05/06/large/20220506174934619794_81.png
[VGA]беларусь 3,https://t.freetv.fun/live/belarus-3-4.m3u8,网络源,https://epg.pw/media/images/channel/2022/05/06/large/20220506174934619794_81.png
[VGA]беларусь 24,https://t.freetv.fun/live/belarus-24-3.m3u8,网络源,https://epg.pw/media/uploads/tmp_logo/2017/01/05/20170105012812304693_83.png
[VGA]беларусь 2,https://t.freetv.fun/live/belarus-2-1.m3u8,网络源,https://epg.pw/media/uploads/tmp_logo/2017/01/05/20170105012812304693_83.png
[VGA]беларусь 24,https://t.freetv.fun/live/belarus-24-1-1.m3u8,网络源,https://epg.pw/media/uploads/tmp_logo/2017/01/05/20170105012812304693_83.png
[VGA]беларусь 24,https://t.freetv.fun/live/belarus-24-2-1.m3u8,网络源,https://epg.pw/media/uploads/tmp_logo/2017/01/05/20170105012812304693_83.png
[VGA]беларусь 2,https://t.freetv.fun/live/belarus-2-1-2.m3u8,网络源,https://epg.pw/media/uploads/tmp_logo/2017/01/05/20170105012812304693_83.png
[SD]беларусь 24 (1080p),https://t.freetv.fun/live/belarus-24-1080p.m3u8,网络源,https://epg.pw/media/uploads/tmp_logo/2017/01/05/20170105012812304693_83.png
[VGA]беларусь 24,https://t.freetv.fun/live/belarus-24-3-1.m3u8,网络源,https://epg.pw/media/uploads/tmp_logo/2017/01/05/20170105012812304693_83.png
[VGA]беларусь 2,https://t.freetv.fun/live/belarus-2-2.m3u8,网络源,https://epg.pw/media/uploads/tmp_logo/2017/01/05/20170105012812304693_83.png
[VGA]беларусь 2,https://t.freetv.fun/live/belarus-2-3.m3u8,网络源,https://epg.pw/media/uploads/tmp_logo/2017/01/05/20170105012812304693_83.png
[VGA]беларусь 24,https://t.freetv.fun/live/belarus-24-4.m3u8,网络源,https://epg.pw/media/uploads/tmp_logo/2017/01/05/20170105012812304693_83.png
[VGA]беларусь 24,https://t.freetv.fun/live/belarus-24-5.m3u8,网络源,https://epg.pw/media/uploads/tmp_logo/2017/01/05/20170105012812304693_83.png
[VGA]беларусь 2,https://t.freetv.fun/live/belarus-2-4.m3u8,网络源,https://epg.pw/media/uploads/tmp_logo/2017/01/05/20170105012812304693_83.png
[VGA]беларусь 5,https://t.freetv.fun/live/belarus-5-1.m3u8,网络源,https://epg.pw/media/images/channel/2021/11/13/large/20211113232258940510_13.png
[VGA]беларусь 5 интернет,https://t.freetv.fun/live/belarus-5-internet.m3u8,网络源,https://epg.pw/media/images/channel/2021/11/13/large/20211113232258940510_13.png
[VGA]онт беларусь,https://t.freetv.fun/live/ont-belarus.m3u8,网络源,https://epg.pw/media/images/channel/2021/11/13/large/20211113232258940510_13.png
[VGA]беларусь 5 интернет,https://t.freetv.fun/live/belarus-5-internet-1.m3u8,网络源,https://epg.pw/media/images/channel/2021/11/13/large/20211113232258940510_13.png
[VGA]ств беларусь,https://t.freetv.fun/live/stv-belarus.m3u8,网络源,https://epg.pw/media/images/channel/2021/11/13/large/20211113232258940510_13.png
[VGA]беларусь 3,https://t.freetv.fun/live/belarus-3-1.m3u8,网络源,https://epg.pw/media/images/channel/2021/11/13/large/20211113232258940510_13.png
[VGA]беларусь 5,https://t.freetv.fun/live/belarus-5-1-1.m3u8,网络源,https://epg.pw/media/images/channel/2021/11/13/large/20211113232258940510_13.png
[VGA]беларусь 5 интернет,https://t.freetv.fun/live/belarus-5-internet-2-1.m3u8,网络源,https://epg.pw/media/images/channel/2021/11/13/large/20211113232258940510_13.png
[VGA]беларусь 3,https://t.freetv.fun/live/belarus-3-1-2.m3u8,网络源,https://epg.pw/media/images/channel/2021/11/13/large/20211113232258940510_13.png
[VGA]беларусь 5,https://t.freetv.fun/live/belarus-5-2.m3u8,网络源,https://epg.pw/media/images/channel/2021/11/13/large/20211113232258940510_13.png
[VGA]беларусь 5,https://t.freetv.fun/live/belarus-5-3.m3u8,网络源,https://epg.pw/media/images/channel/2021/11/13/large/20211113232258940510_13.png
[VGA]беларусь 5,https://t.freetv.fun/live/belarus-5-4.m3u8,网络源,https://epg.pw/media/images/channel/2021/11/13/large/20211113232258940510_13.png
[VGA]бобер,https://t.freetv.fun/live/bober.m3u8,网络源,https://epg.pw/media/images/channel/2022/05/06/large/20220506173817052801_92.png
[VGA]бобёр,https://t.freetv.fun/live/bober-2.m3u8,网络源,https://epg.pw/media/images/channel/2022/05/06/large/20220506173817052801_92.png
[VGA]бобёр,https://t.freetv.fun/live/bober-1-1.m3u8,网络源,https://epg.pw/media/images/channel/2022/05/06/large/20220506173817052801_92.png
[VGA]бобер,https://t.freetv.fun/live/bober-1-2.m3u8,网络源,https://epg.pw/media/images/channel/2022/05/06/large/20220506173817052801_92.png
[VGA]бобёр,https://t.freetv.fun/live/bober-2-1.m3u8,网络源,https://epg.pw/media/images/channel/2022/05/06/large/20220506173817052801_92.png
[VGA]бобёр,https://t.freetv.fun/live/bober-3.m3u8,网络源,https://epg.pw/media/images/channel/2022/05/06/large/20220506173817052801_92.png
[VGA]время,https://t.freetv.fun/live/vremia.m3u8,网络源,https://epg.pw/media/images/channel/2022/12/28/large/20221228232533293381_43.png
[VGA]время,https://t.freetv.fun/live/vremia-1.m3u8,网络源,https://epg.pw/media/images/channel/2022/12/28/large/20221228232533293381_43.png
[VGA]время,https://t.freetv.fun/live/vremia-2.m3u8,网络源,https://epg.pw/media/images/channel/2022/12/28/large/20221228232533293381_43.png
[VGA]время,https://t.freetv.fun/live/vremia-3.m3u8,网络源,https://epg.pw/media/images/channel/2022/12/28/large/20221228232533293381_43.png
[VGA]время,https://t.freetv.fun/live/vremia-4.m3u8,网络源,https://epg.pw/media/images/channel/2022/12/28/large/20221228232533293381_43.png
[VGA]варзиш тв,https://t.freetv.fun/live/varzish-tv.m3u8,网络源,https://epg.pw/media/images/channel/2021/11/13/large/20211113232257866948_62.png
[VGA]варзиш тв tj,https://t.freetv.fun/live/varzish-tv-tj.m3u8,网络源,https://epg.pw/media/images/channel/2021/11/13/large/20211113232257866948_62.png
[VGA]волгоград 24,https://t.freetv.fun/live/volgograd-24.m3u8,网络源,https://epg.pw/media/images/channel/2022/05/06/large/20220506174044522629_83.png
[VGA]мтв волгоград,https://t.freetv.fun/live/mtv-volgograd.m3u8,网络源,https://epg.pw/media/images/channel/2022/05/06/large/20220506174044522629_83.png
[VGA]волгоград 24 ⓢ,https://t.freetv.fun/live/volgograd-24-s.m3u8,网络源,https://epg.pw/media/images/channel/2022/05/06/large/20220506174044522629_83.png
[VGA]мтв волгоград,https://t.freetv.fun/live/mtv-volgograd-1.m3u8,网络源,https://epg.pw/media/images/channel/2022/05/06/large/20220506174044522629_83.png
[VGA]вопросы и ответы,https://t.freetv.fun/live/voprosy-i-otvety.m3u8,网络源,https://epg.pw/media/images/channel/2022/05/06/large/20220506173741369608_72.png
[VGA]вопросы и ответы,https://t.freetv.fun/live/voprosy-i-otvety-1.m3u8,网络源,https://epg.pw/media/images/channel/2022/05/06/large/20220506173741369608_72.png
[VGA]вопросы ответы,https://t.freetv.fun/live/voprosy-otvety.m3u8,网络源,https://epg.pw/media/images/channel/2022/05/06/large/20220506173741369608_72.png
[VGA]дождь,https://t.freetv.fun/live/dozhd.m3u8,网络源,https://epg.pw/media/images/channel/2022/05/06/large/20220506174618626460_91.png
[VGA]дождь,https://t.freetv.fun/live/dozhd-1.m3u8,网络源,https://epg.pw/media/images/channel/2022/05/06/large/20220506174618626460_91.png
[HD]дом кино премиум hd,https://t.freetv.fun/live/dom-kino-premium-hd.m3u8,网络源,https://epg.pw/media/images/channel/2022/05/06/large/20220506173929663367_42.png
[VGA]дом кино премиум,https://t.freetv.fun/live/dom-kino-premium-2.m3u8,网络源,https://epg.pw/media/images/channel/2022/05/06/large/20220506173929663367_42.png
[VGA]дом кино премиум,https://t.freetv.fun/live/dom-kino-premium-1-1.m3u8,网络源,https://epg.pw/media/images/channel/2022/05/06/large/20220506173929663367_42.png
[VGA]премиум кино,https://t.freetv.fun/live/premium-kino.m3u8,网络源,https://epg.pw/media/images/channel/2022/05/06/large/20220506173929663367_42.png
[VGA]дом кино премиум,https://t.freetv.fun/live/dom-kino-premium-2-1.m3u8,网络源,https://epg.pw/media/images/channel/2022/05/06/large/20220506173929663367_42.png
[VGA]дом кино премиум,https://t.freetv.fun/live/dom-kino-premium-3.m3u8,网络源,https://epg.pw/media/images/channel/2022/05/06/large/20220506173929663367_42.png
[VGA]детский,https://t.freetv.fun/live/detskii.m3u8,网络源,https://epg.pw/media/images/channel/2021/10/16/large/20211016224752683296_69.png
[VGA]дом кино,https://t.freetv.fun/live/dom-kino.m3u8,网络源,https://epg.pw/media/images/channel/2022/05/06/large/20220506174539791246_28.png
[VGA]дом кино 16,https://t.freetv.fun/live/dom-kino-16-1.m3u8,网络源,https://epg.pw/media/images/channel/2022/05/06/large/20220506174539791246_28.png
[BD]дом кино 17,https://t.freetv.fun/live/dom-kino-17-1.m3u8,网络源,https://epg.pw/media/images/channel/2022/05/06/large/20220506174539791246_28.png
[VGA]дом кино [fhd],https://t.freetv.fun/live/dom-kino-fhd-1.m3u8,网络源,https://epg.pw/media/images/channel/2022/05/06/large/20220506174539791246_28.png
[VGA]дом кино,https://t.freetv.fun/live/dom-kino-1.m3u8,网络源,https://epg.pw/media/images/channel/2022/05/06/large/20220506174539791246_28.png
[VGA]дом кино,https://t.freetv.fun/live/dom-kino-2.m3u8,网络源,https://epg.pw/media/images/channel/2022/05/06/large/20220506174539791246_28.png
[VGA]дом кино,https://t.freetv.fun/live/dom-kino-3.m3u8,网络源,https://epg.pw/media/images/channel/2022/05/06/large/20220506174539791246_28.png
[VGA]дом кино,https://t.freetv.fun/live/dom-kino-4.m3u8,网络源,https://epg.pw/media/images/channel/2022/05/06/large/20220506174539791246_28.png
[VGA]дом кино,https://t.freetv.fun/live/dom-kino-5.m3u8,网络源,https://epg.pw/media/images/channel/2022/05/06/large/20220506174539791246_28.png
[VGA]дом кино,https://t.freetv.fun/live/dom-kino-6.m3u8,网络源,https://epg.pw/media/images/channel/2022/05/06/large/20220506174539791246_28.png
[VGA]дом кино,https://t.freetv.fun/live/dom-kino-7.m3u8,网络源,https://epg.pw/media/images/channel/2022/05/06/large/20220506174539791246_28.png
[VGA]дом кино,https://t.freetv.fun/live/dom-kino-8-1.m3u8,网络源,https://epg.pw/media/images/channel/2022/05/06/large/20220506174539791246_28.png
[VGA]домашний,https://t.freetv.fun/live/domashnii-1.m3u8,网络源,https://epg.pw/media/images/channel/2022/05/06/large/20220506174738821384_39.png
[VGA]домашний,https://t.freetv.fun/live/domashnii-1-1.m3u8,网络源,https://epg.pw/media/images/channel/2022/05/06/large/20220506174738821384_39.png
[VGA]домашний,https://t.freetv.fun/live/domashnii-2.m3u8,网络源,https://epg.pw/media/images/channel/2022/05/06/large/20220506174738821384_39.png
[VGA]домашний,https://t.freetv.fun/live/domashnii-3.m3u8,网络源,https://epg.pw/media/images/channel/2022/05/06/large/20220506174738821384_39.png
[VGA]домашний,https://t.freetv.fun/live/domashnii-4.m3u8,网络源,https://epg.pw/media/images/channel/2022/05/06/large/20220506174738821384_39.png
[VGA]домашний,https://t.freetv.fun/live/domashnii-5.m3u8,网络源,https://epg.pw/media/images/channel/2022/05/06/large/20220506174738821384_39.png
[VGA]домашний,https://t.freetv.fun/live/domashnii-6.m3u8,网络源,https://epg.pw/media/images/channel/2022/05/06/large/20220506174738821384_39.png
[VGA]домашний,https://t.freetv.fun/live/domashnii-7.m3u8,网络源,https://epg.pw/media/images/channel/2022/05/06/large/20220506174738821384_39.png
[VGA]домашний,https://t.freetv.fun/live/domashnii-8.m3u8,网络源,https://epg.pw/media/images/channel/2022/05/06/large/20220506174738821384_39.png
[VGA]домашний,https://t.freetv.fun/live/domashnii-9.m3u8,网络源,https://epg.pw/media/images/channel/2022/05/06/large/20220506174738821384_39.png
[VGA]домашний,https://t.freetv.fun/live/domashnii-10.m3u8,网络源,https://epg.pw/media/images/channel/2022/05/06/large/20220506174738821384_39.png
[VGA]dомашний,https://t.freetv.fun/live/domashnii-11.m3u8,网络源,https://epg.pw/media/images/channel/2022/05/06/large/20220506174738821384_39.png
[VGA]домашний (540p) [geo-blocked],https://t.freetv.fun/live/domashnii-540p-geo-blocked.m3u8,网络源,https://epg.pw/media/images/channel/2022/05/06/large/20220506174738821384_39.png
[VGA]еда,https://t.freetv.fun/live/eda.m3u8,网络源,https://epg.pw/media/uploads/tmp_logo/2016/10/15/20161015223934497708_57.png
[VGA]еда,https://t.freetv.fun/live/eda-1.m3u8,网络源,https://epg.pw/media/uploads/tmp_logo/2016/10/15/20161015223934497708_57.png
[VGA]живи!,https://t.freetv.fun/live/zhivi.m3u8,网络源,https://epg.pw/media/uploads/tmp_logo/2014/05/30/20140530204916173749_18.png
[VGA]живи,https://t.freetv.fun/live/zhivi-1.m3u8,网络源,https://epg.pw/media/uploads/tmp_logo/2014/05/30/20140530204916173749_18.png
[VGA]живи!,https://t.freetv.fun/live/zhivi-1-1.m3u8,网络源,https://epg.pw/media/uploads/tmp_logo/2014/05/30/20140530204916173749_18.png
[VGA]живи!,https://t.freetv.fun/live/zhivi-2.m3u8,网络源,https://epg.pw/media/uploads/tmp_logo/2014/05/30/20140530204916173749_18.png
[VGA]живи!,https://t.freetv.fun/live/zhivi-3.m3u8,网络源,https://epg.pw/media/uploads/tmp_logo/2014/05/30/20140530204916173749_18.png
[VGA]живи,https://t.freetv.fun/live/zhivi-1-2.m3u8,网络源,https://epg.pw/media/uploads/tmp_logo/2014/05/30/20140530204916173749_18.png
[VGA]інтер,https://t.freetv.fun/live/inter.m3u8,网络源,https://epg.pw/media/uploads/tmp_logo/2017/01/01/20170101183113012164_74.png
[VGA]інтер,https://t.freetv.fun/live/inter-1.m3u8,网络源,https://epg.pw/media/uploads/tmp_logo/2017/01/01/20170101183113012164_74.png
[VGA]к1 (576p),https://t.freetv.fun/live/k1-576p.m3u8,网络源,https://epg.pw/media/images/channel/2022/05/06/large/20220506174412993335_36.png
[VGA]ск1,https://t.freetv.fun/live/sk1.m3u8,网络源,https://epg.pw/media/images/channel/2022/05/06/large/20220506174412993335_36.png
[VGA]к16,https://t.freetv.fun/live/k16.m3u8,网络源,https://epg.pw/media/images/channel/2022/05/06/large/20220506174412993335_36.png
[VGA]к1,https://t.freetv.fun/live/k1-1.m3u8,网络源,https://epg.pw/media/images/channel/2022/05/06/large/20220506174412993335_36.png
[VGA]к1,https://t.freetv.fun/live/k1-1-1.m3u8,网络源,https://epg.pw/media/images/channel/2022/05/06/large/20220506174412993335_36.png
[VGA]к2,https://t.freetv.fun/live/k2-2.m3u8,网络源,https://epg.pw/media/uploads/tmp_logo/2017/01/29/20170129014127831918_94.png
[VGA]к2,https://t.freetv.fun/live/k2-1-1.m3u8,网络源,https://epg.pw/media/uploads/tmp_logo/2017/01/29/20170129014127831918_94.png
[SD]кинокомедия,https://t.freetv.fun/live/kinokomediia.m3u8,网络源,https://epg.pw/media/images/channel/2022/05/06/large/20220506174935917093_22.png
[VGA]кинокомедия,https://t.freetv.fun/live/kinokomediia-1.m3u8,网络源,https://epg.pw/media/images/channel/2022/05/06/large/20220506174935917093_22.png
[VGA]сити эдем кинокомедия,https://t.freetv.fun/live/siti-edem-kinokomediia.m3u8,网络源,https://epg.pw/media/images/channel/2022/05/06/large/20220506174935917093_22.png
[VGA]сити эдем - кинокомедия,https://t.freetv.fun/live/siti-edem-kinokomediia-1.m3u8,网络源,https://epg.pw/media/images/channel/2022/05/06/large/20220506174935917093_22.png
[VGA]кинокомедия,https://t.freetv.fun/live/kinokomediia-2.m3u8,网络源,https://epg.pw/media/images/channel/2022/05/06/large/20220506174935917093_22.png
[VGA]кинокомедия,https://t.freetv.fun/live/kinokomediia-3.m3u8,网络源,https://epg.pw/media/images/channel/2022/05/06/large/20220506174935917093_22.png
[VGA]кинокомедия,https://t.freetv.fun/live/kinokomediia-4.m3u8,网络源,https://epg.pw/media/images/channel/2022/05/06/large/20220506174935917093_22.png
[VGA]кинокомедия,https://t.freetv.fun/live/kinokomediia-5.m3u8,网络源,https://epg.pw/media/images/channel/2022/05/06/large/20220506174935917093_22.png
[VGA]кинокомедия,https://t.freetv.fun/live/kinokomediia-6.m3u8,网络源,https://epg.pw/media/images/channel/2022/05/06/large/20220506174935917093_22.png
[VGA]кинокомедия,https://t.freetv.fun/live/kinokomediia-7.m3u8,网络源,https://epg.pw/media/images/channel/2022/05/06/large/20220506174935917093_22.png
[VGA]киносерия,https://t.freetv.fun/live/kinoseriia.m3u8,网络源,https://epg.pw/media/uploads/tmp_logo/2017/02/18/20170218032453495526_73.jpg
[VGA]киносерия,https://t.freetv.fun/live/kinoseriia-1.m3u8,网络源,https://epg.pw/media/uploads/tmp_logo/2017/02/18/20170218032453495526_73.jpg
[VGA]киносерия,https://t.freetv.fun/live/kinoseriia-2.m3u8,网络源,https://epg.pw/media/uploads/tmp_logo/2017/02/18/20170218032453495526_73.jpg
[VGA]киносерия,https://t.freetv.fun/live/kinoseriia-3.m3u8,网络源,https://epg.pw/media/uploads/tmp_logo/2017/02/18/20170218032453495526_73.jpg
[VGA]киносерия,https://t.freetv.fun/live/kinoseriia-4.m3u8,网络源,https://epg.pw/media/uploads/tmp_logo/2017/02/18/20170218032453495526_73.jpg
[VGA]киносерия,https://t.freetv.fun/live/kinoseriia-5.m3u8,网络源,https://epg.pw/media/uploads/tmp_logo/2017/02/18/20170218032453495526_73.jpg
[VGA]киносерия,https://t.freetv.fun/live/kinoseriia-6.m3u8,网络源,https://epg.pw/media/uploads/tmp_logo/2017/02/18/20170218032453495526_73.jpg
[VGA]киносерия,https://t.freetv.fun/live/kinoseriia-7.m3u8,网络源,https://epg.pw/media/uploads/tmp_logo/2017/02/18/20170218032453495526_73.jpg
[VGA]кинохит,https://t.freetv.fun/live/kinokhit.m3u8,网络源,https://epg.pw/media/images/channel/2022/05/06/large/20220506174424441466_54.png
[VGA]кинохит,https://t.freetv.fun/live/kinokhit-1.m3u8,网络源,https://epg.pw/media/images/channel/2022/05/06/large/20220506174424441466_54.png
[VGA]кинохит,https://t.freetv.fun/live/kinokhit-2.m3u8,网络源,https://epg.pw/media/images/channel/2022/05/06/large/20220506174424441466_54.png
[VGA]кинохит,https://t.freetv.fun/live/kinokhit-3.m3u8,网络源,https://epg.pw/media/images/channel/2022/05/06/large/20220506174424441466_54.png
[VGA]кинохит,https://t.freetv.fun/live/kinokhit-4.m3u8,网络源,https://epg.pw/media/images/channel/2022/05/06/large/20220506174424441466_54.png
[VGA]кинохит,https://t.freetv.fun/live/kinokhit-5.m3u8,网络源,https://epg.pw/media/images/channel/2022/05/06/large/20220506174424441466_54.png
[VGA]кинохит,https://t.freetv.fun/live/kinokhit-6.m3u8,网络源,https://epg.pw/media/images/channel/2022/05/06/large/20220506174424441466_54.png
[VGA]кинохит,https://t.freetv.fun/live/kinokhit-7.m3u8,网络源,https://epg.pw/media/images/channel/2022/05/06/large/20220506174424441466_54.png
[VGA]кинохит,https://t.freetv.fun/live/kinokhit-8.m3u8,网络源,https://epg.pw/media/images/channel/2022/05/06/large/20220506174424441466_54.png
[VGA]кинохит,https://t.freetv.fun/live/kinokhit-9.m3u8,网络源,https://epg.pw/media/images/channel/2022/05/06/large/20220506174424441466_54.png
[VGA]кинохит,https://t.freetv.fun/live/kinokhit-10.m3u8,网络源,https://epg.pw/media/images/channel/2022/05/06/large/20220506174424441466_54.png
[VGA]окко спорт,https://t.freetv.fun/live/okko-sport.m3u8,网络源,https://epg.pw/media/images/channel/2021/11/13/large/20211113232256360993_44.png
[VGA]утрк спорт (480p) [not 24/7],https://t.freetv.fun/live/utrk-sport-480p-not-24-7.m3u8,网络源,https://epg.pw/media/images/channel/2021/11/13/large/20211113232256360993_44.png
[VGA]кхл,https://t.freetv.fun/live/kkhl.m3u8,网络源,https://epg.pw/media/uploads/tmp_logo/2017/01/29/20170129015042464701_11.png
[VGA]кхл,https://t.freetv.fun/live/kkhl-1.m3u8,网络源,https://epg.pw/media/uploads/tmp_logo/2017/01/29/20170129015042464701_11.png
[VGA]кхл тв,https://t.freetv.fun/live/kkhl-tv.m3u8,网络源,https://epg.pw/media/uploads/tmp_logo/2017/01/29/20170129015042464701_11.png
[VGA]кхл тв,https://t.freetv.fun/live/kkhl-tv-1.m3u8,网络源,https://epg.pw/media/uploads/tmp_logo/2017/01/29/20170129015042464701_11.png
[VGA]кхл,https://t.freetv.fun/live/kkhl-2.m3u8,网络源,https://epg.pw/media/uploads/tmp_logo/2017/01/29/20170129015042464701_11.png
[VGA]кхл,https://t.freetv.fun/live/kkhl-3.m3u8,网络源,https://epg.pw/media/uploads/tmp_logo/2017/01/29/20170129015042464701_11.png
[SD]карусель,https://t.freetv.fun/live/karusel.m3u8,网络源,https://epg.pw/media/images/channel/2021/10/16/large/20211016224753662854_67.png
[VGA]карусель,https://t.freetv.fun/live/karusel-1.m3u8,网络源,https://epg.pw/media/images/channel/2021/10/16/large/20211016224753662854_67.png
[VGA]карусель,https://t.freetv.fun/live/karusel-2.m3u8,网络源,https://epg.pw/media/images/channel/2021/10/16/large/20211016224753662854_67.png
[VGA]карусель int,https://t.freetv.fun/live/karusel-int.m3u8,网络源,https://epg.pw/media/images/channel/2021/10/16/large/20211016224753662854_67.png
[VGA]карусель,https://t.freetv.fun/live/karusel-3.m3u8,网络源,https://epg.pw/media/images/channel/2021/10/16/large/20211016224753662854_67.png
[VGA]карусель,https://t.freetv.fun/live/karusel-4.m3u8,网络源,https://epg.pw/media/images/channel/2021/10/16/large/20211016224753662854_67.png
[VGA]карусель,https://t.freetv.fun/live/karusel-5.m3u8,网络源,https://epg.pw/media/images/channel/2021/10/16/large/20211016224753662854_67.png
[VGA]карусель,https://t.freetv.fun/live/karusel-6.m3u8,网络源,https://epg.pw/media/images/channel/2021/10/16/large/20211016224753662854_67.png
[VGA]карусель,https://t.freetv.fun/live/karusel-7.m3u8,网络源,https://epg.pw/media/images/channel/2021/10/16/large/20211016224753662854_67.png
[VGA]карусель,https://t.freetv.fun/live/karusel-8.m3u8,网络源,https://epg.pw/media/images/channel/2021/10/16/large/20211016224753662854_67.png
[VGA]карусель,https://t.freetv.fun/live/karusel-9.m3u8,网络源,https://epg.pw/media/images/channel/2021/10/16/large/20211016224753662854_67.png
[VGA]карусель,https://t.freetv.fun/live/karusel-10.m3u8,网络源,https://epg.pw/media/images/channel/2021/10/16/large/20211016224753662854_67.png
[VGA]карусель,https://t.freetv.fun/live/karusel-11.m3u8,网络源,https://epg.pw/media/images/channel/2021/10/16/large/20211016224753662854_67.png
[VGA]карусель,https://t.freetv.fun/live/karusel-12.m3u8,网络源,https://epg.pw/media/images/channel/2021/10/16/large/20211016224753662854_67.png
[VGA]карусель,https://t.freetv.fun/live/karusel-13.m3u8,网络源,https://epg.pw/media/images/channel/2021/10/16/large/20211016224753662854_67.png
[VGA]кино тв,https://t.freetv.fun/live/kino-tv-1.m3u8,网络源,https://epg.pw/media/uploads/tmp_logo/2017/01/19/20170119053039891686_66.png
[VGA]тв-ин,https://t.freetv.fun/live/tv-in.m3u8,网络源,https://epg.pw/media/uploads/tmp_logo/2017/01/19/20170119053039891686_66.png
[VGA]кино тв,https://t.freetv.fun/live/kino-tv-1-2.m3u8,网络源,https://epg.pw/media/uploads/tmp_logo/2017/01/19/20170119053039891686_66.png
[VGA]кино тв,https://t.freetv.fun/live/kino-tv-2-2.m3u8,网络源,https://epg.pw/media/uploads/tmp_logo/2017/01/19/20170119053039891686_66.png
[BD]союз,https://t.freetv.fun/live/soiuz-2.m3u8,网络源,https://epg.pw/media/uploads/tmp_logo/2015/02/20/20150220200547791847_91.jpg
[VGA]союз,https://t.freetv.fun/live/soiuz-1-1.m3u8,网络源,https://epg.pw/media/uploads/tmp_logo/2015/02/20/20150220200547791847_91.jpg
[VGA]союз,https://t.freetv.fun/live/soiuz-2-1.m3u8,网络源,https://epg.pw/media/uploads/tmp_logo/2015/02/20/20150220200547791847_91.jpg
[VGA]союз,https://t.freetv.fun/live/soiuz-3.m3u8,网络源,https://epg.pw/media/uploads/tmp_logo/2015/02/20/20150220200547791847_91.jpg
[VGA]союз,https://t.freetv.fun/live/soiuz-4.m3u8,网络源,https://epg.pw/media/uploads/tmp_logo/2015/02/20/20150220200547791847_91.jpg
[VGA]союз,https://t.freetv.fun/live/soiuz-5.m3u8,网络源,https://epg.pw/media/uploads/tmp_logo/2015/02/20/20150220200547791847_91.jpg
[VGA]союз,https://t.freetv.fun/live/soiuz-6.m3u8,网络源,https://epg.pw/media/uploads/tmp_logo/2015/02/20/20150220200547791847_91.jpg
[VGA]кто есть кто,https://t.freetv.fun/live/kto-est-kto.m3u8,网络源,https://epg.pw/media/uploads/tmp_logo/2016/09/18/20160918015320862732_18.png
[VGA]кто есть кто,https://t.freetv.fun/live/kto-est-kto-1.m3u8,网络源,https://epg.pw/media/uploads/tmp_logo/2016/09/18/20160918015320862732_18.png
[VGA]кто есть кто,https://t.freetv.fun/live/kto-est-kto-2.m3u8,网络源,https://epg.pw/media/uploads/tmp_logo/2016/09/18/20160918015320862732_18.png
[VGA]боец,https://t.freetv.fun/live/boets.m3u8,网络源,https://epg.pw/media/uploads/tmp_logo/2017/02/18/20170218033306981153_44.jpg
[VGA]матч! боец,https://t.freetv.fun/live/match-boets.m3u8,网络源,https://epg.pw/media/uploads/tmp_logo/2017/02/18/20170218033306981153_44.jpg
[VGA]матч! боец,https://t.freetv.fun/live/match-boets-1.m3u8,网络源,https://epg.pw/media/uploads/tmp_logo/2017/02/18/20170218033306981153_44.jpg
[VGA]матч боец,https://t.freetv.fun/live/match-boets-2.m3u8,网络源,https://epg.pw/media/uploads/tmp_logo/2017/02/18/20170218033306981153_44.jpg
[VGA]матч! боец,https://t.freetv.fun/live/match-boets-2-1.m3u8,网络源,https://epg.pw/media/uploads/tmp_logo/2017/02/18/20170218033306981153_44.jpg
[VGA]матч! боец,https://t.freetv.fun/live/match-boets-3.m3u8,网络源,https://epg.pw/media/uploads/tmp_logo/2017/02/18/20170218033306981153_44.jpg
[VGA]матч! боец,https://t.freetv.fun/live/match-boets-4.m3u8,网络源,https://epg.pw/media/uploads/tmp_logo/2017/02/18/20170218033306981153_44.jpg
[VGA]мир 24,https://t.freetv.fun/live/mir-24-2.m3u8,网络源,https://epg.pw/media/images/channel/2022/05/06/large/20220506174922581585_83.png
[VGA]мир 24,https://t.freetv.fun/live/mir-24-1-1.m3u8,网络源,https://epg.pw/media/images/channel/2022/05/06/large/20220506174922581585_83.png
[VGA]мир 24,https://t.freetv.fun/live/mir-24-2-1.m3u8,网络源,https://epg.pw/media/images/channel/2022/05/06/large/20220506174922581585_83.png
[VGA]мир 24,https://t.freetv.fun/live/mir-24-3-1.m3u8,网络源,https://epg.pw/media/images/channel/2022/05/06/large/20220506174922581585_83.png
[VGA]мир 24,https://t.freetv.fun/live/mir-24-4.m3u8,网络源,https://epg.pw/media/images/channel/2022/05/06/large/20220506174922581585_83.png
[VGA]мир 24,https://t.freetv.fun/live/mir-24-5.m3u8,网络源,https://epg.pw/media/images/channel/2022/05/06/large/20220506174922581585_83.png
[VGA]мир 24,https://t.freetv.fun/live/mir-24-6.m3u8,网络源,https://epg.pw/media/images/channel/2022/05/06/large/20220506174922581585_83.png
[VGA]мир 24,https://t.freetv.fun/live/mir-24-7.m3u8,网络源,https://epg.pw/media/images/channel/2022/05/06/large/20220506174922581585_83.png
[VGA]мир 24,https://t.freetv.fun/live/mir-24-8.m3u8,网络源,https://epg.pw/media/images/channel/2022/05/06/large/20220506174922581585_83.png
[VGA]мир 24,https://t.freetv.fun/live/mir-24-9.m3u8,网络源,https://epg.pw/media/images/channel/2022/05/06/large/20220506174922581585_83.png
[VGA]мир24,https://t.freetv.fun/live/mir24.m3u8,网络源,https://epg.pw/media/images/channel/2022/05/06/large/20220506174922581585_83.png
[VGA]мир 24,https://t.freetv.fun/live/mir-24-10.m3u8,网络源,https://epg.pw/media/images/channel/2022/05/06/large/20220506174922581585_83.png
[VGA]мир 24,https://t.freetv.fun/live/mir-24-11.m3u8,网络源,https://epg.pw/media/images/channel/2022/05/06/large/20220506174922581585_83.png
[VGA]мир 24,https://t.freetv.fun/live/mir-24-12.m3u8,网络源,https://epg.pw/media/images/channel/2022/05/06/large/20220506174922581585_83.png
[VGA]мир 24,https://t.freetv.fun/live/mir-24-13.m3u8,网络源,https://epg.pw/media/images/channel/2022/05/06/large/20220506174922581585_83.png
[SD]муз тв,https://t.freetv.fun/live/muz-tv.m3u8,网络源,https://epg.pw/media/uploads/tmp_logo/2016/11/27/20161127053952273915_85.png
[VGA]музтв,https://t.freetv.fun/live/muztv.m3u8,网络源,https://epg.pw/media/uploads/tmp_logo/2016/11/27/20161127053952273915_85.png
[VGA]музтв,https://t.freetv.fun/live/muztv-1.m3u8,网络源,https://epg.pw/media/uploads/tmp_logo/2016/11/27/20161127053952273915_85.png
[VGA]муз-тв,https://t.freetv.fun/live/muz-tv-2.m3u8,网络源,https://epg.pw/media/uploads/tmp_logo/2016/11/27/20161127053952273915_85.png
[VGA]музтв,https://t.freetv.fun/live/muztv-2.m3u8,网络源,https://epg.pw/media/uploads/tmp_logo/2016/11/27/20161127053952273915_85.png
[VGA]музтв,https://t.freetv.fun/live/muztv-3.m3u8,网络源,https://epg.pw/media/uploads/tmp_logo/2016/11/27/20161127053952273915_85.png
[VGA]музтв,https://t.freetv.fun/live/muztv-4.m3u8,网络源,https://epg.pw/media/uploads/tmp_logo/2016/11/27/20161127053952273915_85.png
[VGA]муз,https://t.freetv.fun/live/muz.m3u8,网络源,https://epg.pw/media/uploads/tmp_logo/2016/11/27/20161127053952273915_85.png
[VGA]музтв,https://t.freetv.fun/live/muztv-5.m3u8,网络源,https://epg.pw/media/uploads/tmp_logo/2016/11/27/20161127053952273915_85.png
[VGA]музтв,https://t.freetv.fun/live/muztv-6.m3u8,网络源,https://epg.pw/media/uploads/tmp_logo/2016/11/27/20161127053952273915_85.png
[VGA]музтв,https://t.freetv.fun/live/muztv-7.m3u8,网络源,https://epg.pw/media/uploads/tmp_logo/2016/11/27/20161127053952273915_85.png
[VGA]музтв,https://t.freetv.fun/live/muztv-8.m3u8,网络源,https://epg.pw/media/uploads/tmp_logo/2016/11/27/20161127053952273915_85.png
[VGA]белмуз тв,https://t.freetv.fun/live/belmuz-tv.m3u8,网络源,https://epg.pw/media/uploads/tmp_logo/2016/11/27/20161127053952273915_85.png
[VGA]муз тв,https://t.freetv.fun/live/muz-tv-1-1.m3u8,网络源,https://epg.pw/media/uploads/tmp_logo/2016/11/27/20161127053952273915_85.png
[VGA]муз тв,https://t.freetv.fun/live/muz-tv-2-1.m3u8,网络源,https://epg.pw/media/uploads/tmp_logo/2016/11/27/20161127053952273915_85.png
[VGA]музтв,https://t.freetv.fun/live/muztv-9.m3u8,网络源,https://epg.pw/media/uploads/tmp_logo/2016/11/27/20161127053952273915_85.png
[VGA]музтв,https://t.freetv.fun/live/muztv-10.m3u8,网络源,https://epg.pw/media/uploads/tmp_logo/2016/11/27/20161127053952273915_85.png
[VGA]муз тв (450p) [geo-blocked],https://t.freetv.fun/live/muz-tv-450p-geo-blocked.m3u8,网络源,https://epg.pw/media/uploads/tmp_logo/2016/11/27/20161127053952273915_85.png
[VGA]матч тв,https://t.freetv.fun/live/match-tv-2.m3u8,网络源,https://epg.pw/media/images/channel/2021/11/13/large/20211113232255096058_95.png
[VGA]матур тв,https://t.freetv.fun/live/matur-tv.m3u8,网络源,https://epg.pw/media/images/channel/2021/11/13/large/20211113232255096058_95.png
[VGA]матч тв,https://t.freetv.fun/live/match-tv-1-1.m3u8,网络源,https://epg.pw/media/images/channel/2021/11/13/large/20211113232255096058_95.png
[VGA]матч тв,https://t.freetv.fun/live/match-tv-2-1.m3u8,网络源,https://epg.pw/media/images/channel/2021/11/13/large/20211113232255096058_95.png
[VGA]матч тв ⓢ,https://t.freetv.fun/live/match-tv-s.m3u8,网络源,https://epg.pw/media/images/channel/2021/11/13/large/20211113232255096058_95.png
[VGA]матч тв,https://t.freetv.fun/live/match-tv-3.m3u8,网络源,https://epg.pw/media/images/channel/2021/11/13/large/20211113232255096058_95.png
[VGA]матч тв,https://t.freetv.fun/live/match-tv-4.m3u8,网络源,https://epg.pw/media/images/channel/2021/11/13/large/20211113232255096058_95.png
[VGA]матч тв,https://t.freetv.fun/live/match-tv-5.m3u8,网络源,https://epg.pw/media/images/channel/2021/11/13/large/20211113232255096058_95.png
[VGA]матч тв,https://t.freetv.fun/live/match-tv-6.m3u8,网络源,https://epg.pw/media/images/channel/2021/11/13/large/20211113232255096058_95.png
[VGA]матч тв,https://t.freetv.fun/live/match-tv-7.m3u8,网络源,https://epg.pw/media/images/channel/2021/11/13/large/20211113232255096058_95.png
[VGA]матч,https://t.freetv.fun/live/match-1.m3u8,网络源,https://epg.pw/media/images/channel/2021/11/13/large/20211113232255096058_95.png
[VGA]матч! игра,https://t.freetv.fun/live/match-igra.m3u8,网络源,https://epg.pw/media/images/channel/2022/05/06/large/20220506174045561066_52.png
[VGA]матч! арена,https://t.freetv.fun/live/match-arena.m3u8,网络源,https://epg.pw/media/images/channel/2022/05/06/large/20220506174045561066_52.png
[VGA]матч! арена,https://t.freetv.fun/live/match-arena-1.m3u8,网络源,https://epg.pw/media/images/channel/2022/05/06/large/20220506174045561066_52.png
[VGA]матч! борец,https://t.freetv.fun/live/match-borets.m3u8,网络源,https://epg.pw/media/images/channel/2022/05/06/large/20220506174045561066_52.png
[VGA]матч!,https://t.freetv.fun/live/match.m3u8,网络源,https://epg.pw/media/images/channel/2022/05/06/large/20220506174045561066_52.png
[VGA]матч! игра,https://t.freetv.fun/live/match-igra-1-1.m3u8,网络源,https://epg.pw/media/images/channel/2022/05/06/large/20220506174045561066_52.png
[VGA]матч! арена,https://t.freetv.fun/live/match-arena-2-1.m3u8,网络源,https://epg.pw/media/images/channel/2022/05/06/large/20220506174045561066_52.png
[VGA]матч! арена,https://t.freetv.fun/live/match-arena-3.m3u8,网络源,https://epg.pw/media/images/channel/2022/05/06/large/20220506174045561066_52.png
[VGA]матч! игра,https://t.freetv.fun/live/match-igra-2.m3u8,网络源,https://epg.pw/media/images/channel/2022/05/06/large/20220506174045561066_52.png
[VGA]матч! игра,https://t.freetv.fun/live/match-igra-3.m3u8,网络源,https://epg.pw/media/images/channel/2022/05/06/large/20220506174045561066_52.png
[VGA]матч! игра,https://t.freetv.fun/live/match-igra-4.m3u8,网络源,https://epg.pw/media/images/channel/2022/05/06/large/20220506174045561066_52.png
[VGA]матч! игра,https://t.freetv.fun/live/match-igra-5.m3u8,网络源,https://epg.pw/media/images/channel/2022/05/06/large/20220506174045561066_52.png
[VGA]матч! арена,https://t.freetv.fun/live/match-arena-4.m3u8,网络源,https://epg.pw/media/images/channel/2022/05/06/large/20220506174045561066_52.png
[VGA]матч! арена,https://t.freetv.fun/live/match-arena-5.m3u8,网络源,https://epg.pw/media/images/channel/2022/05/06/large/20220506174045561066_52.png
[VGA]матч! арена,https://t.freetv.fun/live/match-arena-6.m3u8,网络源,https://epg.pw/media/images/channel/2022/05/06/large/20220506174045561066_52.png
[VGA]матч! арена,https://t.freetv.fun/live/match-arena-7.m3u8,网络源,https://epg.pw/media/images/channel/2022/05/06/large/20220506174045561066_52.png
[VGA]матч! игра,https://t.freetv.fun/live/match-igra-6.m3u8,网络源,https://epg.pw/media/images/channel/2022/05/06/large/20220506174045561066_52.png
[VGA]матч! арена,https://t.freetv.fun/live/match-arena-8.m3u8,网络源,https://epg.pw/media/images/channel/2022/05/06/large/20220506174045561066_52.png
[VGA]матч!,https://t.freetv.fun/live/match-1-1.m3u8,网络源,https://epg.pw/media/images/channel/2022/05/06/large/20220506174045561066_52.png
[VGA]матч!,https://t.freetv.fun/live/match-2.m3u8,网络源,https://epg.pw/media/images/channel/2022/05/06/large/20220506174045561066_52.png
[VGA]мир,https://t.freetv.fun/live/mir-1-1.m3u8,网络源,https://epg.pw/media/images/channel/2022/05/06/large/20220506174918399193_61.png
[VGA]мой мир,https://t.freetv.fun/live/moi-mir.m3u8,网络源,https://epg.pw/media/images/channel/2022/05/06/large/20220506174918399193_61.png
[VGA]мир,https://t.freetv.fun/live/mir-2-1.m3u8,网络源,https://epg.pw/media/images/channel/2022/05/06/large/20220506174918399193_61.png
[VGA]мир,https://t.freetv.fun/live/mir-3.m3u8,网络源,https://epg.pw/media/images/channel/2022/05/06/large/20220506174918399193_61.png
[VGA]мир,https://t.freetv.fun/live/mir-4.m3u8,网络源,https://epg.pw/media/images/channel/2022/05/06/large/20220506174918399193_61.png
[VGA]мир,https://t.freetv.fun/live/mir-5.m3u8,网络源,https://epg.pw/media/images/channel/2022/05/06/large/20220506174918399193_61.png
[VGA]мир,https://t.freetv.fun/live/mir-6.m3u8,网络源,https://epg.pw/media/images/channel/2022/05/06/large/20220506174918399193_61.png
[VGA]мир,https://t.freetv.fun/live/mir-7.m3u8,网络源,https://epg.pw/media/images/channel/2022/05/06/large/20220506174918399193_61.png
[VGA]мир,https://t.freetv.fun/live/mir-8.m3u8,网络源,https://epg.pw/media/images/channel/2022/05/06/large/20220506174918399193_61.png
[VGA]мир,https://t.freetv.fun/live/mir-9.m3u8,网络源,https://epg.pw/media/images/channel/2022/05/06/large/20220506174918399193_61.png
[VGA]мир,https://t.freetv.fun/live/mir-10.m3u8,网络源,https://epg.pw/media/images/channel/2022/05/06/large/20220506174918399193_61.png
[VGA]мир,https://t.freetv.fun/live/mir-11.m3u8,网络源,https://epg.pw/media/images/channel/2022/05/06/large/20220506174918399193_61.png
[VGA]мир,https://t.freetv.fun/live/mir-12.m3u8,网络源,https://epg.pw/media/images/channel/2022/05/06/large/20220506174918399193_61.png
[VGA]мир,https://t.freetv.fun/live/mir-13.m3u8,网络源,https://epg.pw/media/images/channel/2022/05/06/large/20220506174918399193_61.png
[VGA]мир,https://t.freetv.fun/live/mir-14.m3u8,网络源,https://epg.pw/media/images/channel/2022/05/06/large/20220506174918399193_61.png
[VGA]мир,https://t.freetv.fun/live/mir-15.m3u8,网络源,https://epg.pw/media/images/channel/2022/05/06/large/20220506174918399193_61.png
[VGA]мир kz,https://t.freetv.fun/live/mir-kz.m3u8,网络源,https://epg.pw/media/images/channel/2022/05/06/large/20220506174918399193_61.png
[VGA]мир,https://t.freetv.fun/live/mir-16.m3u8,网络源,https://epg.pw/media/images/channel/2022/05/06/large/20220506174918399193_61.png
[VGA]мир,https://t.freetv.fun/live/mir-17.m3u8,网络源,https://epg.pw/media/images/channel/2022/05/06/large/20220506174918399193_61.png
[VGA]музыка первого,https://t.freetv.fun/live/muzyka-pervogo-1.m3u8,网络源,https://epg.pw/media/uploads/tmp_logo/2017/01/19/20170119050548543583_72.png
[VGA]музыка 6,https://t.freetv.fun/live/muzyka-6.m3u8,网络源,https://epg.pw/media/uploads/tmp_logo/2017/01/19/20170119050548543583_72.png
[VGA]музыка 7,https://t.freetv.fun/live/muzyka-7.m3u8,网络源,https://epg.pw/media/uploads/tmp_logo/2017/01/19/20170119050548543583_72.png
[VGA]музыка 4,https://t.freetv.fun/live/muzyka-4.m3u8,网络源,https://epg.pw/media/uploads/tmp_logo/2017/01/19/20170119050548543583_72.png
[VGA]музыка 5,https://t.freetv.fun/live/muzyka-5.m3u8,网络源,https://epg.pw/media/uploads/tmp_logo/2017/01/19/20170119050548543583_72.png
[VGA]музыка 3,https://t.freetv.fun/live/muzyka-3.m3u8,网络源,https://epg.pw/media/uploads/tmp_logo/2017/01/19/20170119050548543583_72.png
[VGA]музыка 1,https://t.freetv.fun/live/muzyka-1.m3u8,网络源,https://epg.pw/media/uploads/tmp_logo/2017/01/19/20170119050548543583_72.png
[VGA]музыка 2,https://t.freetv.fun/live/muzyka-2.m3u8,网络源,https://epg.pw/media/uploads/tmp_logo/2017/01/19/20170119050548543583_72.png
[VGA]музыка первого,https://t.freetv.fun/live/muzyka-pervogo-2.m3u8,网络源,https://epg.pw/media/uploads/tmp_logo/2017/01/19/20170119050548543583_72.png
[VGA]vf музыка,https://t.freetv.fun/live/vf-muzyka.m3u8,网络源,https://epg.pw/media/uploads/tmp_logo/2017/01/19/20170119050548543583_72.png
[VGA]музыка первого,https://t.freetv.fun/live/muzyka-pervogo-3.m3u8,网络源,https://epg.pw/media/uploads/tmp_logo/2017/01/19/20170119050548543583_72.png
[SD]мультимания,https://t.freetv.fun/live/multimaniia.m3u8,网络源,https://epg.pw/media/images/channel/2024/04/04/large/20240404163615517839_10.png
[VGA]мультиландия,https://t.freetv.fun/live/multilandiia.m3u8,网络源,https://epg.pw/media/images/channel/2024/04/04/large/20240404163615517839_10.png
[VGA]мультимания,https://t.freetv.fun/live/multimaniia-1.m3u8,网络源,https://epg.pw/media/images/channel/2024/04/04/large/20240404163615517839_10.png
[VGA]мультимания,https://t.freetv.fun/live/multimaniia-2.m3u8,网络源,https://epg.pw/media/images/channel/2024/04/04/large/20240404163615517839_10.png
[VGA]мультиландия,https://t.freetv.fun/live/multilandiia-1.m3u8,网络源,https://epg.pw/media/images/channel/2024/04/04/large/20240404163615517839_10.png
[VGA]мультиландия,https://t.freetv.fun/live/multilandiia-2.m3u8,网络源,https://epg.pw/media/images/channel/2024/04/04/large/20240404163615517839_10.png
[VGA]мультиландия,https://t.freetv.fun/live/multilandiia-3.m3u8,网络源,https://epg.pw/media/images/channel/2024/04/04/large/20240404163615517839_10.png
[VGA]мультиландия,https://t.freetv.fun/live/multilandiia-4.m3u8,网络源,https://epg.pw/media/images/channel/2024/04/04/large/20240404163615517839_10.png
[VGA]мультиландия,https://t.freetv.fun/live/multilandiia-5.m3u8,网络源,https://epg.pw/media/images/channel/2024/04/04/large/20240404163615517839_10.png
[HD]ника тв,https://t.freetv.fun/live/nika-tv-2.m3u8,网络源,https://epg.pw/media/images/channel/2022/05/06/large/20220506175023691245_88.png
[VGA]ника тв,https://t.freetv.fun/live/nika-tv-1-1.m3u8,网络源,https://epg.pw/media/images/channel/2022/05/06/large/20220506175023691245_88.png
[VGA]рика тв,https://t.freetv.fun/live/rika-tv.m3u8,网络源,https://epg.pw/media/images/channel/2022/05/06/large/20220506175023691245_88.png
[VGA]ника тв,https://t.freetv.fun/live/nika-tv-2-1.m3u8,网络源,https://epg.pw/media/images/channel/2022/05/06/large/20220506175023691245_88.png
[VGA]ника тв,https://t.freetv.fun/live/nika-tv-3.m3u8,网络源,https://epg.pw/media/images/channel/2022/05/06/large/20220506175023691245_88.png
[VGA]ника тв sd,https://t.freetv.fun/live/nika-tv-sd.m3u8,网络源,https://epg.pw/media/images/channel/2022/05/06/large/20220506175023691245_88.png
[VGA]мир,https://t.freetv.fun/live/mir-1.m3u8,网络源,https://epg.pw/media/images/channel/2022/05/06/large/20220506174327209803_65.png
[VGA]новый мир (406p),https://t.freetv.fun/live/novyi-mir-406p.m3u8,网络源,https://epg.pw/media/images/channel/2022/05/06/large/20220506174327209803_65.png
[VGA]новый мир,https://t.freetv.fun/live/novyi-mir.m3u8,网络源,https://epg.pw/media/images/channel/2022/05/06/large/20220506174327209803_65.png
[VGA]нст,https://t.freetv.fun/live/nst-1.m3u8,网络源,https://epg.pw/media/uploads/tmp_logo/2017/02/23/20170223042952991305_11.png
[VGA]нст,https://t.freetv.fun/live/nst-2.m3u8,网络源,https://epg.pw/media/uploads/tmp_logo/2017/02/23/20170223042952991305_11.png
[VGA]нст,https://t.freetv.fun/live/nst-3.m3u8,网络源,https://epg.pw/media/uploads/tmp_logo/2017/02/23/20170223042952991305_11.png
[VGA]нст,https://t.freetv.fun/live/nst-4.m3u8,网络源,https://epg.pw/media/uploads/tmp_logo/2017/02/23/20170223042952991305_11.png
[VGA]нст,https://t.freetv.fun/live/nst-5.m3u8,网络源,https://epg.pw/media/uploads/tmp_logo/2017/02/23/20170223042952991305_11.png
[VGA]нст,https://t.freetv.fun/live/nst-6.m3u8,网络源,https://epg.pw/media/uploads/tmp_logo/2017/02/23/20170223042952991305_11.png
[SD]нтв-мир,https://t.freetv.fun/live/ntv-mir.m3u8,网络源,https://epg.pw/media/images/channel/2022/05/06/large/20220506175050395781_63.png
[VGA]нтв-хит,https://t.freetv.fun/live/ntv-khit-1.m3u8,网络源,https://epg.pw/media/images/channel/2022/05/06/large/20220506175050395781_63.png
[VGA]нтв,https://t.freetv.fun/live/ntv-1-1.m3u8,网络源,https://epg.pw/media/images/channel/2022/05/06/large/20220506175050395781_63.png
[VGA]нтв мир,https://t.freetv.fun/live/ntv-mir-1.m3u8,网络源,https://epg.pw/media/images/channel/2022/05/06/large/20220506175050395781_63.png
[VGA]нтв-мир,https://t.freetv.fun/live/ntv-mir-1-1.m3u8,网络源,https://epg.pw/media/images/channel/2022/05/06/large/20220506175050395781_63.png
[VGA]нтв хит,https://t.freetv.fun/live/ntv-khit-1-1.m3u8,网络源,https://epg.pw/media/images/channel/2022/05/06/large/20220506175050395781_63.png
[VGA]ннтв,https://t.freetv.fun/live/nntv.m3u8,网络源,https://epg.pw/media/images/channel/2022/05/06/large/20220506175050395781_63.png
[VGA]нтв,https://t.freetv.fun/live/ntv-2.m3u8,网络源,https://epg.pw/media/images/channel/2022/05/06/large/20220506175050395781_63.png
[VGA]ннтв,https://t.freetv.fun/live/nntv-1.m3u8,网络源,https://epg.pw/media/images/channel/2022/05/06/large/20220506175050395781_63.png
[VGA]нтв,https://t.freetv.fun/live/ntv-3-1.m3u8,网络源,https://epg.pw/media/images/channel/2022/05/06/large/20220506175050395781_63.png
[VGA]нтв,https://t.freetv.fun/live/ntv-4-1.m3u8,网络源,https://epg.pw/media/images/channel/2022/05/06/large/20220506175050395781_63.png
[VGA]нтв,https://t.freetv.fun/live/ntv-5-1.m3u8,网络源,https://epg.pw/media/images/channel/2022/05/06/large/20220506175050395781_63.png
[VGA]нтв,https://t.freetv.fun/live/ntv-6-1.m3u8,网络源,https://epg.pw/media/images/channel/2022/05/06/large/20220506175050395781_63.png
[VGA]нтв,https://t.freetv.fun/live/ntv-7-1.m3u8,网络源,https://epg.pw/media/images/channel/2022/05/06/large/20220506175050395781_63.png
[VGA]нтв,https://t.freetv.fun/live/ntv-8.m3u8,网络源,https://epg.pw/media/images/channel/2022/05/06/large/20220506175050395781_63.png
[VGA]нтв,https://t.freetv.fun/live/ntv-9.m3u8,网络源,https://epg.pw/media/images/channel/2022/05/06/large/20220506175050395781_63.png
[VGA]нтв,https://t.freetv.fun/live/ntv-10.m3u8,网络源,https://epg.pw/media/images/channel/2022/05/06/large/20220506175050395781_63.png
[VGA]нтв,https://t.freetv.fun/live/ntv-11.m3u8,网络源,https://epg.pw/media/images/channel/2022/05/06/large/20220506175050395781_63.png
[VGA]нтв,https://t.freetv.fun/live/ntv-12.m3u8,网络源,https://epg.pw/media/images/channel/2022/05/06/large/20220506175050395781_63.png
[VGA]нтв хит,https://t.freetv.fun/live/ntv-khit-2-1.m3u8,网络源,https://epg.pw/media/images/channel/2022/05/06/large/20220506175050395781_63.png
[VGA]ннтв,https://t.freetv.fun/live/nntv-2.m3u8,网络源,https://epg.pw/media/images/channel/2022/05/06/large/20220506175050395781_63.png
[VGA]нтв хит,https://t.freetv.fun/live/ntv-khit-3.m3u8,网络源,https://epg.pw/media/images/channel/2022/05/06/large/20220506175050395781_63.png
[VGA]нтв,https://t.freetv.fun/live/ntv-13.m3u8,网络源,https://epg.pw/media/images/channel/2022/05/06/large/20220506175050395781_63.png
[VGA]нтв,https://t.freetv.fun/live/ntv-14.m3u8,网络源,https://epg.pw/media/images/channel/2022/05/06/large/20220506175050395781_63.png
[VGA]нтв,https://t.freetv.fun/live/ntv-15.m3u8,网络源,https://epg.pw/media/images/channel/2022/05/06/large/20220506175050395781_63.png
[VGA]нтв,https://t.freetv.fun/live/ntv-16.m3u8,网络源,https://epg.pw/media/images/channel/2022/05/06/large/20220506175050395781_63.png
[VGA]нтв,https://t.freetv.fun/live/ntv-17.m3u8,网络源,https://epg.pw/media/images/channel/2022/05/06/large/20220506175050395781_63.png
[VGA]ннтв,https://t.freetv.fun/live/nntv-3.m3u8,网络源,https://epg.pw/media/images/channel/2022/05/06/large/20220506175050395781_63.png
[VGA]ннтв sd,https://t.freetv.fun/live/nntv-sd.m3u8,网络源,https://epg.pw/media/images/channel/2022/05/06/large/20220506175050395781_63.png
[VGA]нтв мир,https://t.freetv.fun/live/ntv-mir-1-2.m3u8,网络源,https://epg.pw/media/images/channel/2022/05/06/large/20220506175050395781_63.png
[VGA]футбол,https://t.freetv.fun/live/futbol-1-1.m3u8,网络源,https://epg.pw/media/uploads/tmp_logo/2015/02/20/20150220201635235834_20.jpg
[VGA]футбол,https://t.freetv.fun/live/futbol-2.m3u8,网络源,https://epg.pw/media/uploads/tmp_logo/2015/02/20/20150220201635235834_20.jpg
[VGA]нтв-сериал,https://t.freetv.fun/live/ntv-serial.m3u8,网络源,https://epg.pw/media/uploads/tmp_logo/2017/01/22/20170122171254282461_30.png
[VGA]нтв сериал,https://t.freetv.fun/live/ntv-serial-1.m3u8,网络源,https://epg.pw/media/uploads/tmp_logo/2017/01/22/20170122171254282461_30.png
[VGA]нтв сериал,https://t.freetv.fun/live/ntv-serial-1-1.m3u8,网络源,https://epg.pw/media/uploads/tmp_logo/2017/01/22/20170122171254282461_30.png
[VGA]vf сериал,https://t.freetv.fun/live/vf-serial.m3u8,网络源,https://epg.pw/media/uploads/tmp_logo/2017/01/22/20170122171254282461_30.png
[VGA]нтв сериал,https://t.freetv.fun/live/ntv-serial-2.m3u8,网络源,https://epg.pw/media/uploads/tmp_logo/2017/01/22/20170122171254282461_30.png
[VGA]vf сериал,https://t.freetv.fun/live/vf-serial-1.m3u8,网络源,https://epg.pw/media/uploads/tmp_logo/2017/01/22/20170122171254282461_30.png
[VGA]нтн sd,https://t.freetv.fun/live/ntn-sd.m3u8,网络源,https://epg.pw/media/images/channel/2022/05/06/large/20220506173900196271_61.png
[VGA]нтн,https://t.freetv.fun/live/ntn.m3u8,网络源,https://epg.pw/media/images/channel/2022/05/06/large/20220506173900196271_61.png
[VGA]нтн,https://t.freetv.fun/live/ntn-1.m3u8,网络源,https://epg.pw/media/images/channel/2022/05/06/large/20220506173900196271_61.png
[VGA]нтн,https://t.freetv.fun/live/ntn-2.m3u8,网络源,https://epg.pw/media/images/channel/2022/05/06/large/20220506173900196271_61.png
[VGA]настоящее время,https://t.freetv.fun/live/nastoiashchee-vremia.m3u8,网络源,https://epg.pw/media/images/channel/2023/06/01/large/20230601234920168591_85.png
[VGA]настоящее время,https://t.freetv.fun/live/nastoiashchee-vremia-1.m3u8,网络源,https://epg.pw/media/images/channel/2023/06/01/large/20230601234920168591_85.png
[VGA]наше,https://t.freetv.fun/live/nashe.m3u8,网络源,https://epg.pw/media/uploads/tmp_logo/2015/02/20/20150220201035233002_19.jpg
[SD]отр,https://t.freetv.fun/live/otr.m3u8,网络源,https://epg.pw/media/images/channel/2022/05/25/large/20220525022234713792_13.png
[VGA]отр,https://t.freetv.fun/live/otr-1-1.m3u8,网络源,https://epg.pw/media/images/channel/2022/05/25/large/20220525022234713792_13.png
[VGA]отр,https://t.freetv.fun/live/otr-2.m3u8,网络源,https://epg.pw/media/images/channel/2022/05/25/large/20220525022234713792_13.png
[VGA]отр ⓢ,https://t.freetv.fun/live/otr-s.m3u8,网络源,https://epg.pw/media/images/channel/2022/05/25/large/20220525022234713792_13.png
[VGA]отр,https://t.freetv.fun/live/otr-3.m3u8,网络源,https://epg.pw/media/images/channel/2022/05/25/large/20220525022234713792_13.png
[VGA]отр,https://t.freetv.fun/live/otr-4.m3u8,网络源,https://epg.pw/media/images/channel/2022/05/25/large/20220525022234713792_13.png
[VGA]отр,https://t.freetv.fun/live/otr-5.m3u8,网络源,https://epg.pw/media/images/channel/2022/05/25/large/20220525022234713792_13.png
[VGA]отр,https://t.freetv.fun/live/otr-6.m3u8,网络源,https://epg.pw/media/images/channel/2022/05/25/large/20220525022234713792_13.png
[VGA]отр,https://t.freetv.fun/live/otr-7.m3u8,网络源,https://epg.pw/media/images/channel/2022/05/25/large/20220525022234713792_13.png
[VGA]отр,https://t.freetv.fun/live/otr-8.m3u8,网络源,https://epg.pw/media/images/channel/2022/05/25/large/20220525022234713792_13.png
[VGA]отр,https://t.freetv.fun/live/otr-9.m3u8,网络源,https://epg.pw/media/images/channel/2022/05/25/large/20220525022234713792_13.png
[VGA]отр,https://t.freetv.fun/live/otr-10.m3u8,网络源,https://epg.pw/media/images/channel/2022/05/25/large/20220525022234713792_13.png
[VGA]первый,https://t.freetv.fun/live/pervyi.m3u8,网络源,https://epg.pw/media/
[VGA]просвещение,https://t.freetv.fun/live/prosveshchenie.m3u8,网络源,https://epg.pw/media/images/channel/2022/05/06/large/20220506174237220246_75.png
[VGA]просвещение,https://t.freetv.fun/live/prosveshchenie-1.m3u8,网络源,https://epg.pw/media/images/channel/2022/05/06/large/20220506174237220246_75.png
[VGA]первый канал,https://t.freetv.fun/live/pervyi-kanal-1.m3u8,网络源,https://epg.pw/media/images/channel/2022/05/06/large/20220506164618232540_39.png
[VGA]первый музыкальный канал,https://t.freetv.fun/live/pervyi-muzykalnyi-kanal.m3u8,网络源,https://epg.pw/media/images/channel/2022/05/06/large/20220506164618232540_39.png
[VGA]первый канал,https://t.freetv.fun/live/pervyi-kanal-2.m3u8,网络源,https://epg.pw/media/images/channel/2022/05/06/large/20220506164618232540_39.png
[VGA]первый музыкальный канал,https://t.freetv.fun/live/pervyi-muzykalnyi-kanal-1.m3u8,网络源,https://epg.pw/media/images/channel/2022/05/06/large/20220506164618232540_39.png
[VGA]первый канал,https://t.freetv.fun/live/pervyi-kanal-3.m3u8,网络源,https://epg.pw/media/images/channel/2022/05/06/large/20220506164618232540_39.png
[VGA]первый канал евразия,https://t.freetv.fun/live/pervyi-kanal-evraziia.m3u8,网络源,https://epg.pw/media/images/channel/2022/05/06/large/20220506164618232540_39.png
[VGA]первый канал европа,https://t.freetv.fun/live/pervyi-kanal-evropa.m3u8,网络源,https://epg.pw/media/images/channel/2022/05/06/large/20220506164618232540_39.png
[VGA]первый канал plus 4,https://t.freetv.fun/live/pervyi-kanal-plus-4.m3u8,网络源,https://epg.pw/media/images/channel/2022/05/06/large/20220506164618232540_39.png
[VGA]первый канал plus 4,https://t.freetv.fun/live/pervyi-kanal-plus-4-1.m3u8,网络源,https://epg.pw/media/images/channel/2022/05/06/large/20220506164618232540_39.png
[VGA]первый канал,https://t.freetv.fun/live/pervyi-kanal-4.m3u8,网络源,https://epg.pw/media/images/channel/2022/05/06/large/20220506164618232540_39.png
[VGA]первый канал,https://t.freetv.fun/live/pervyi-kanal-5.m3u8,网络源,https://epg.pw/media/images/channel/2022/05/06/large/20220506164618232540_39.png
[VGA]первый канал,https://t.freetv.fun/live/pervyi-kanal-6.m3u8,网络源,https://epg.pw/media/images/channel/2022/05/06/large/20220506164618232540_39.png
[VGA]первый канал,https://t.freetv.fun/live/pervyi-kanal-7.m3u8,网络源,https://epg.pw/media/images/channel/2022/05/06/large/20220506164618232540_39.png
[VGA]первый канал,https://t.freetv.fun/live/pervyi-kanal-8.m3u8,网络源,https://epg.pw/media/images/channel/2022/05/06/large/20220506164618232540_39.png
[VGA]первый канал армения am,https://t.freetv.fun/live/pervyi-kanal-armeniia-am.m3u8,网络源,https://epg.pw/media/images/channel/2022/05/06/large/20220506164618232540_39.png
[VGA]первый канал,https://t.freetv.fun/live/pervyi-kanal-9.m3u8,网络源,https://epg.pw/media/images/channel/2022/05/06/large/20220506164618232540_39.png
[VGA]первый канал,https://t.freetv.fun/live/pervyi-kanal-10.m3u8,网络源,https://epg.pw/media/images/channel/2022/05/06/large/20220506164618232540_39.png
[VGA]первый канал,https://t.freetv.fun/live/pervyi-kanal-11.m3u8,网络源,https://epg.pw/media/images/channel/2022/05/06/large/20220506164618232540_39.png
[VGA]первый канал евразия,https://t.freetv.fun/live/pervyi-kanal-evraziia-1.m3u8,网络源,https://epg.pw/media/images/channel/2022/05/06/large/20220506164618232540_39.png
[VGA]первый канал,https://t.freetv.fun/live/pervyi-kanal-12.m3u8,网络源,https://epg.pw/media/images/channel/2022/05/06/large/20220506164618232540_39.png
[VGA]первый канал,https://t.freetv.fun/live/pervyi-kanal-13.m3u8,网络源,https://epg.pw/media/images/channel/2022/05/06/large/20220506164618232540_39.png
[VGA]первый канал sd,https://t.freetv.fun/live/pervyi-kanal-sd.m3u8,网络源,https://epg.pw/media/images/channel/2022/05/06/large/20220506164618232540_39.png
[VGA]первый канал,https://t.freetv.fun/live/pervyi-kanal-14.m3u8,网络源,https://epg.pw/media/images/channel/2022/05/06/large/20220506164618232540_39.png
[VGA][玻利维亚]atb(360p)[not24/7][1092*614][1092*614],https://t.freetv.fun/live/bo-li-wei-ya-atb-360p-not24-7-1092-614-1092-614.m3u8,网络源,https://epg.pw/media/images/channel/2022/05/06/large/20220506174552888449_84.png
[SD]перец,https://t.freetv.fun/live/perets-1.m3u8,网络源,https://epg.pw/media/images/channel/2022/05/06/large/20220506174552888449_84.png
[VGA]перец,https://t.freetv.fun/live/perets-1.php,网络源,https://epg.pw/media/images/channel/2022/05/06/large/20220506174552888449_84.png
[VGA]atb,https://t.freetv.fun/live/atb.m3u8,网络源,https://epg.pw/media/images/channel/2022/05/06/large/20220506174552888449_84.png
[BD]перший,https://t.freetv.fun/live/pershii.m3u8,网络源,https://epg.pw/media/uploads/tmp_logo/2014/06/01/20140601223020220468_59.png
[VGA]перший,https://t.freetv.fun/live/pershii-1.m3u8,网络源,https://epg.pw/media/uploads/tmp_logo/2014/06/01/20140601223020220468_59.png
[VGA]перший,https://t.freetv.fun/live/pershii-2.m3u8,网络源,https://epg.pw/media/uploads/tmp_logo/2014/06/01/20140601223020220468_59.png
[SD]живая планета,https://t.freetv.fun/live/zhivaia-planeta.m3u8,网络源,https://epg.pw/media/uploads/tmp_logo/2017/02/26/20170226043945102800_42.jpg
[VGA]ртр планета сша,https://t.freetv.fun/live/rtr-planeta-ssha-1.m3u8,网络源,https://epg.pw/media/uploads/tmp_logo/2017/02/26/20170226043945102800_42.jpg
[VGA]тнв-планета,https://t.freetv.fun/live/tnv-planeta.m3u8,网络源,https://epg.pw/media/uploads/tmp_logo/2017/02/26/20170226043945102800_42.jpg
[VGA]ртр планета снг,https://t.freetv.fun/live/rtr-planeta-sng.m3u8,网络源,https://epg.pw/media/uploads/tmp_logo/2017/02/26/20170226043945102800_42.jpg
[VGA]ртр планета евро,https://t.freetv.fun/live/rtr-planeta-evro.m3u8,网络源,https://epg.pw/media/uploads/tmp_logo/2017/02/26/20170226043945102800_42.jpg
[VGA]моя планета,https://t.freetv.fun/live/moia-planeta.m3u8,网络源,https://epg.pw/media/uploads/tmp_logo/2017/02/26/20170226043945102800_42.jpg
[VGA]моя планета,https://t.freetv.fun/live/moia-planeta-1.m3u8,网络源,https://epg.pw/media/uploads/tmp_logo/2017/02/26/20170226043945102800_42.jpg
[VGA]ртр планета азия,https://t.freetv.fun/live/rtr-planeta-aziia.m3u8,网络源,https://epg.pw/media/uploads/tmp_logo/2017/02/26/20170226043945102800_42.jpg
[VGA]матч планета,https://t.freetv.fun/live/match-planeta.php,网络源,https://epg.pw/media/uploads/tmp_logo/2017/02/26/20170226043945102800_42.jpg
[VGA]тнв планета,https://t.freetv.fun/live/tnv-planeta-1.m3u8,网络源,https://epg.pw/media/uploads/tmp_logo/2017/02/26/20170226043945102800_42.jpg
[VGA]моя планета,https://t.freetv.fun/live/moia-planeta-2.m3u8,网络源,https://epg.pw/media/uploads/tmp_logo/2017/02/26/20170226043945102800_42.jpg
[VGA]моя планета,https://t.freetv.fun/live/moia-planeta-3.m3u8,网络源,https://epg.pw/media/uploads/tmp_logo/2017/02/26/20170226043945102800_42.jpg
[VGA]живая планета,https://t.freetv.fun/live/zhivaia-planeta-1.m3u8,网络源,https://epg.pw/media/uploads/tmp_logo/2017/02/26/20170226043945102800_42.jpg
[VGA]моя планета,https://t.freetv.fun/live/moia-planeta-4.m3u8,网络源,https://epg.pw/media/uploads/tmp_logo/2017/02/26/20170226043945102800_42.jpg
[VGA]моя планета,https://t.freetv.fun/live/moia-planeta-5.m3u8,网络源,https://epg.pw/media/uploads/tmp_logo/2017/02/26/20170226043945102800_42.jpg
[VGA]живая планета,https://t.freetv.fun/live/zhivaia-planeta-2.m3u8,网络源,https://epg.pw/media/uploads/tmp_logo/2017/02/26/20170226043945102800_42.jpg
[VGA]моя планета,https://t.freetv.fun/live/moia-planeta-6.m3u8,网络源,https://epg.pw/media/uploads/tmp_logo/2017/02/26/20170226043945102800_42.jpg
[VGA]моя планета,https://t.freetv.fun/live/moia-planeta-7.m3u8,网络源,https://epg.pw/media/uploads/tmp_logo/2017/02/26/20170226043945102800_42.jpg
[VGA]тнв-планета,https://t.freetv.fun/live/tnv-planeta-1-1.m3u8,网络源,https://epg.pw/media/uploads/tmp_logo/2017/02/26/20170226043945102800_42.jpg
[VGA]ртр планета,https://t.freetv.fun/live/rtr-planeta-1.m3u8,网络源,https://epg.pw/media/uploads/tmp_logo/2017/02/26/20170226043945102800_42.jpg
[VGA]живая планета,https://t.freetv.fun/live/zhivaia-planeta-3.m3u8,网络源,https://epg.pw/media/uploads/tmp_logo/2017/02/26/20170226043945102800_42.jpg
[VGA]живая планета,https://t.freetv.fun/live/zhivaia-planeta-4.m3u8,网络源,https://epg.pw/media/uploads/tmp_logo/2017/02/26/20170226043945102800_42.jpg
[VGA]живая планета,https://t.freetv.fun/live/zhivaia-planeta-5.m3u8,网络源,https://epg.pw/media/uploads/tmp_logo/2017/02/26/20170226043945102800_42.jpg
[VGA]360° подмосковье,https://t.freetv.fun/live/360deg-podmoskove.m3u8,网络源,https://epg.pw/media/uploads/tmp_logo/2014/05/30/20140530205510153277_28.png
[VGA]vf премьера,https://t.freetv.fun/live/vf-premera.m3u8,网络源,https://epg.pw/media/uploads/tmp_logo/2014/05/30/20140530205549823960_24.png
[VGA]пятница!,https://t.freetv.fun/live/piatnitsa-2.m3u8,网络源,https://epg.pw/media/images/channel/2022/05/06/large/20220506174124071664_50.png
[VGA]пятница! ⓢ,https://t.freetv.fun/live/piatnitsa-s.m3u8,网络源,https://epg.pw/media/images/channel/2022/05/06/large/20220506174124071664_50.png
[VGA]пятница!,https://t.freetv.fun/live/piatnitsa-1-1.m3u8,网络源,https://epg.pw/media/images/channel/2022/05/06/large/20220506174124071664_50.png
[VGA]пятница! int.,https://t.freetv.fun/live/piatnitsa-int.php,网络源,https://epg.pw/media/images/channel/2022/05/06/large/20220506174124071664_50.png
[VGA]пятница!,https://t.freetv.fun/live/piatnitsa-2-2.m3u8,网络源,https://epg.pw/media/images/channel/2022/05/06/large/20220506174124071664_50.png
[VGA]рен тв,https://t.freetv.fun/live/ren-tv-2.m3u8,网络源,https://epg.pw/media/images/channel/2022/05/06/large/20220506174921581047_26.png
[VGA]рен тв ⓢ,https://t.freetv.fun/live/ren-tv-s.m3u8,网络源,https://epg.pw/media/images/channel/2022/05/06/large/20220506174921581047_26.png
[VGA]рен тв plus 4,https://t.freetv.fun/live/ren-tv-plus-4.m3u8,网络源,https://epg.pw/media/images/channel/2022/05/06/large/20220506174921581047_26.png
[VGA]рен тв,https://t.freetv.fun/live/ren-tv-1-1.m3u8,网络源,https://epg.pw/media/images/channel/2022/05/06/large/20220506174921581047_26.png
[VGA]рен тв int.,https://t.freetv.fun/live/ren-tv-int.m3u8,网络源,https://epg.pw/media/images/channel/2022/05/06/large/20220506174921581047_26.png
[VGA]рен тв,https://t.freetv.fun/live/ren-tv-2-1.m3u8,网络源,https://epg.pw/media/images/channel/2022/05/06/large/20220506174921581047_26.png
[VGA]рен тв,https://t.freetv.fun/live/ren-tv-3-1.m3u8,网络源,https://epg.pw/media/images/channel/2022/05/06/large/20220506174921581047_26.png
[VGA]рен тв,https://t.freetv.fun/live/ren-tv-4.m3u8,网络源,https://epg.pw/media/images/channel/2022/05/06/large/20220506174921581047_26.png
[VGA]рен тв,https://t.freetv.fun/live/ren-tv-5.m3u8,网络源,https://epg.pw/media/images/channel/2022/05/06/large/20220506174921581047_26.png
[VGA]рен тв,https://t.freetv.fun/live/ren-tv-6.m3u8,网络源,https://epg.pw/media/images/channel/2022/05/06/large/20220506174921581047_26.png
[VGA]рен тв,https://t.freetv.fun/live/ren-tv-7.m3u8,网络源,https://epg.pw/media/images/channel/2022/05/06/large/20220506174921581047_26.png
[VGA]рен тв,https://t.freetv.fun/live/ren-tv-8.m3u8,网络源,https://epg.pw/media/images/channel/2022/05/06/large/20220506174921581047_26.png
[VGA]рен тв,https://t.freetv.fun/live/ren-tv-9.m3u8,网络源,https://epg.pw/media/images/channel/2022/05/06/large/20220506174921581047_26.png
[VGA]рен-тв,https://t.freetv.fun/live/ren-tv-10.m3u8,网络源,https://epg.pw/media/images/channel/2022/05/06/large/20220506174921581047_26.png
[VGA]рен тв (540p) [geo-blocked],https://t.freetv.fun/live/ren-tv-540p-geo-blocked.m3u8,网络源,https://epg.pw/media/images/channel/2022/05/06/large/20220506174921581047_26.png
[VGA]360° новости,https://t.freetv.fun/live/360deg-novosti.m3u8,网络源,https://epg.pw/media/uploads/tmp_logo/2014/05/30/20140530210133774226_77.png
[VGA]360 новости,https://t.freetv.fun/live/360-novosti.m3u8,网络源,https://epg.pw/media/uploads/tmp_logo/2014/05/30/20140530210133774226_77.png
[VGA]360 новости,https://t.freetv.fun/live/360-novosti-1.m3u8,网络源,https://epg.pw/media/uploads/tmp_logo/2014/05/30/20140530210133774226_77.png
[VGA]360° новости,https://t.freetv.fun/live/360deg-novosti-1.m3u8,网络源,https://epg.pw/media/uploads/tmp_logo/2014/05/30/20140530210133774226_77.png
[VGA]360.ru новости,https://t.freetv.fun/live/360-ru-novosti.m3u8,网络源,https://epg.pw/media/uploads/tmp_logo/2014/05/30/20140530210133774226_77.png
[VGA]россия 24 (сочи),https://t.freetv.fun/live/rossiia-24-sochi-1.m3u8,网络源,https://epg.pw/media/images/channel/2022/05/06/large/20220506174957550925_86.png
[HD]россия 24,https://t.freetv.fun/live/rossiia-24-2.m3u8,网络源,https://epg.pw/media/images/channel/2022/05/06/large/20220506174957550925_86.png
[VGA]россия 24,https://t.freetv.fun/live/rossiia-24-1-1.m3u8,网络源,https://epg.pw/media/images/channel/2022/05/06/large/20220506174957550925_86.png
[VGA]россия 24,https://t.freetv.fun/live/rossiia-24-2-1.m3u8,网络源,https://epg.pw/media/images/channel/2022/05/06/large/20220506174957550925_86.png
[VGA]россия 24,https://t.freetv.fun/live/rossiia-24-3.m3u8,网络源,https://epg.pw/media/images/channel/2022/05/06/large/20220506174957550925_86.png
[VGA]россия 24,https://t.freetv.fun/live/rossiia-24-4.m3u8,网络源,https://epg.pw/media/images/channel/2022/05/06/large/20220506174957550925_86.png
[VGA]россия 24,https://t.freetv.fun/live/rossiia-24-5.m3u8,网络源,https://epg.pw/media/images/channel/2022/05/06/large/20220506174957550925_86.png
[VGA]россия 24,https://t.freetv.fun/live/rossiia-24-6.m3u8,网络源,https://epg.pw/media/images/channel/2022/05/06/large/20220506174957550925_86.png
[VGA]россия 24,https://t.freetv.fun/live/rossiia-24-7.m3u8,网络源,https://epg.pw/media/images/channel/2022/05/06/large/20220506174957550925_86.png
[VGA]россия 24,https://t.freetv.fun/live/rossiia-24-8.m3u8,网络源,https://epg.pw/media/images/channel/2022/05/06/large/20220506174957550925_86.png
[VGA]россия 24,https://t.freetv.fun/live/rossiia-24-9.m3u8,网络源,https://epg.pw/media/images/channel/2022/05/06/large/20220506174957550925_86.png
[VGA]россия-24,https://t.freetv.fun/live/rossiia-24-10.m3u8,网络源,https://epg.pw/media/images/channel/2022/05/06/large/20220506174957550925_86.png
[SD]радость моя,https://t.freetv.fun/live/radost-moia.m3u8,网络源,https://epg.pw/media/
[VGA]радость моя,https://t.freetv.fun/live/radost-moia-1.m3u8,网络源,https://epg.pw/media/
[VGA]радость,https://t.freetv.fun/live/radost.m3u8,网络源,https://epg.pw/media/
[VGA]радость моя,https://t.freetv.fun/live/radost-moia-2.m3u8,网络源,https://epg.pw/media/
[VGA]радость моя,https://t.freetv.fun/live/radost-moia-3.m3u8,网络源,https://epg.pw/media/
[VGA]радость моя,https://t.freetv.fun/live/radost-moia-4.m3u8,网络源,https://epg.pw/media/
[VGA]радость моя,https://t.freetv.fun/live/radost-moia-5.m3u8,网络源,https://epg.pw/media/
[VGA]радость моя fd,https://t.freetv.fun/live/radost-moia-fd.m3u8,网络源,https://epg.pw/media/
[VGA]радость моя,https://t.freetv.fun/live/radost-moia-6.m3u8,网络源,https://epg.pw/media/
[VGA]россия 1,https://t.freetv.fun/live/rossiia-1.m3u8,网络源,https://epg.pw/media/images/channel/2022/05/06/large/20220506174157086341_53.png
[VGA]россия 1 plus 4,https://t.freetv.fun/live/rossiia-1-plus-4.m3u8,网络源,https://epg.pw/media/images/channel/2022/05/06/large/20220506174157086341_53.png
[VGA]россия 1,https://t.freetv.fun/live/rossiia-1-1.m3u8,网络源,https://epg.pw/media/images/channel/2022/05/06/large/20220506174157086341_53.png
[VGA]россия 1,https://t.freetv.fun/live/rossiia-1-2.m3u8,网络源,https://epg.pw/media/images/channel/2022/05/06/large/20220506174157086341_53.png
[VGA]россия 1,https://t.freetv.fun/live/rossiia-1-3.m3u8,网络源,https://epg.pw/media/images/channel/2022/05/06/large/20220506174157086341_53.png
[VGA]россия 1,https://t.freetv.fun/live/rossiia-1-4.m3u8,网络源,https://epg.pw/media/images/channel/2022/05/06/large/20220506174157086341_53.png
[VGA]россия 1,https://t.freetv.fun/live/rossiia-1-5.m3u8,网络源,https://epg.pw/media/images/channel/2022/05/06/large/20220506174157086341_53.png
[VGA]россия 1,https://t.freetv.fun/live/rossiia-1-6.m3u8,网络源,https://epg.pw/media/images/channel/2022/05/06/large/20220506174157086341_53.png
[VGA]россия 1,https://t.freetv.fun/live/rossiia-1-7.m3u8,网络源,https://epg.pw/media/images/channel/2022/05/06/large/20220506174157086341_53.png
[VGA]россия 1,https://t.freetv.fun/live/rossiia-1-8.m3u8,网络源,https://epg.pw/media/images/channel/2022/05/06/large/20220506174157086341_53.png
[VGA]россия 1,https://t.freetv.fun/live/rossiia-1-9.m3u8,网络源,https://epg.pw/media/images/channel/2022/05/06/large/20220506174157086341_53.png
[VGA]россия 1,https://t.freetv.fun/live/rossiia-1-10.m3u8,网络源,https://epg.pw/media/images/channel/2022/05/06/large/20220506174157086341_53.png
[VGA]россия-1 plus 4,https://t.freetv.fun/live/rossiia-1-plus-4-1.m3u8,网络源,https://epg.pw/media/images/channel/2022/05/06/large/20220506174157086341_53.png
[VGA]россия 1,https://t.freetv.fun/live/rossiia-1-11.m3u8,网络源,https://epg.pw/media/images/channel/2022/05/06/large/20220506174157086341_53.png
[VGA]россия 1,https://t.freetv.fun/live/rossiia-1-12.m3u8,网络源,https://epg.pw/media/images/channel/2022/05/06/large/20220506174157086341_53.png
[VGA]россия 1,https://t.freetv.fun/live/rossiia-1-13.m3u8,网络源,https://epg.pw/media/images/channel/2022/05/06/large/20220506174157086341_53.png
[VGA]россия 1,https://t.freetv.fun/live/rossiia-1-14.m3u8,网络源,https://epg.pw/media/images/channel/2022/05/06/large/20220506174157086341_53.png
[VGA]россия 1,https://t.freetv.fun/live/rossiia-1-15.m3u8,网络源,https://epg.pw/media/images/channel/2022/05/06/large/20220506174157086341_53.png
[VGA]россия 1,https://t.freetv.fun/live/rossiia-1-16.m3u8,网络源,https://epg.pw/media/images/channel/2022/05/06/large/20220506174157086341_53.png
[VGA]россия-1,https://t.freetv.fun/live/rossiia-1-17.m3u8,网络源,https://epg.pw/media/images/channel/2022/05/06/large/20220506174157086341_53.png
[VGA]россия-ртр,https://t.freetv.fun/live/rossiia-rtr-2.m3u8,网络源,https://epg.pw/media/uploads/tmp_logo/2015/02/20/20150220202000704121_90.jpg
[VGA]тбн россия,https://t.freetv.fun/live/tbn-rossiia.m3u8,网络源,https://epg.pw/media/uploads/tmp_logo/2015/02/20/20150220202000704121_90.jpg
[VGA]россия к,https://t.freetv.fun/live/rossiia-k.m3u8,网络源,https://epg.pw/media/uploads/tmp_logo/2017/03/05/20170305231259379381_15.png
[VGA]россия к,https://t.freetv.fun/live/rossiia-k-1.m3u8,网络源,https://epg.pw/media/uploads/tmp_logo/2017/03/05/20170305231259379381_15.png
[VGA]россия к,https://t.freetv.fun/live/rossiia-k-2.m3u8,网络源,https://epg.pw/media/uploads/tmp_logo/2017/03/05/20170305231259379381_15.png
[VGA]россия к,https://t.freetv.fun/live/rossiia-k-3.m3u8,网络源,https://epg.pw/media/uploads/tmp_logo/2017/03/05/20170305231259379381_15.png
[VGA]россия к,https://t.freetv.fun/live/rossiia-k-4.m3u8,网络源,https://epg.pw/media/uploads/tmp_logo/2017/03/05/20170305231259379381_15.png
[VGA]россия к,https://t.freetv.fun/live/rossiia-k-5.m3u8,网络源,https://epg.pw/media/uploads/tmp_logo/2017/03/05/20170305231259379381_15.png
[VGA]россия к,https://t.freetv.fun/live/rossiia-k-6.m3u8,网络源,https://epg.pw/media/uploads/tmp_logo/2017/03/05/20170305231259379381_15.png
[VGA]россия к,https://t.freetv.fun/live/rossiia-k-7.m3u8,网络源,https://epg.pw/media/uploads/tmp_logo/2017/03/05/20170305231259379381_15.png
[VGA]россия к,https://t.freetv.fun/live/rossiia-k-8.m3u8,网络源,https://epg.pw/media/uploads/tmp_logo/2017/03/05/20170305231259379381_15.png
[VGA]россия к,https://t.freetv.fun/live/rossiia-k-9.m3u8,网络源,https://epg.pw/media/uploads/tmp_logo/2017/03/05/20170305231259379381_15.png
[VGA]россия-к,https://t.freetv.fun/live/rossiia-k-10.m3u8,网络源,https://epg.pw/media/uploads/tmp_logo/2017/03/05/20170305231259379381_15.png
[VGA]русский роман,https://t.freetv.fun/live/russkii-roman.m3u8,网络源,https://epg.pw/media/uploads/tmp_logo/2017/01/02/20170102201616990949_19.png
[VGA]русский роман,https://t.freetv.fun/live/russkii-roman-1.m3u8,网络源,https://epg.pw/media/uploads/tmp_logo/2017/01/02/20170102201616990949_19.png
[VGA]русский роман,https://t.freetv.fun/live/russkii-roman-2.m3u8,网络源,https://epg.pw/media/uploads/tmp_logo/2017/01/02/20170102201616990949_19.png
[VGA]русский роман,https://t.freetv.fun/live/russkii-roman-3.m3u8,网络源,https://epg.pw/media/uploads/tmp_logo/2017/01/02/20170102201616990949_19.png
[VGA]русский роман,https://t.freetv.fun/live/russkii-roman-4.m3u8,网络源,https://epg.pw/media/uploads/tmp_logo/2017/01/02/20170102201616990949_19.png
[VGA]русский роман,https://t.freetv.fun/live/russkii-roman-5.m3u8,网络源,https://epg.pw/media/uploads/tmp_logo/2017/01/02/20170102201616990949_19.png
[VGA]русский бестселлер,https://t.freetv.fun/live/russkii-bestseller-1.m3u8,网络源,https://epg.pw/media/uploads/tmp_logo/2017/01/05/20170105005645520573_56.png
[VGA]русский бестселлер,https://t.freetv.fun/live/russkii-bestseller-1-1.m3u8,网络源,https://epg.pw/media/uploads/tmp_logo/2017/01/05/20170105005645520573_56.png
[VGA]русский бестселер,https://t.freetv.fun/live/russkii-bestseler.m3u8,网络源,https://epg.pw/media/uploads/tmp_logo/2017/01/05/20170105005645520573_56.png
[VGA]русский бестселлер,https://t.freetv.fun/live/russkii-bestseller-2.m3u8,网络源,https://epg.pw/media/uploads/tmp_logo/2017/01/05/20170105005645520573_56.png
[VGA]русский бестселлер,https://t.freetv.fun/live/russkii-bestseller-3.m3u8,网络源,https://epg.pw/media/uploads/tmp_logo/2017/01/05/20170105005645520573_56.png
[VGA]рыжий,https://t.freetv.fun/live/ryzhii.m3u8,网络源,https://epg.pw/media/images/channel/2022/02/10/large/20220210221516105322_42.png
[VGA]рыжий,https://t.freetv.fun/live/ryzhii-1.m3u8,网络源,https://epg.pw/media/images/channel/2022/02/10/large/20220210221516105322_42.png
[VGA]рыжий,https://t.freetv.fun/live/ryzhii-2.m3u8,网络源,https://epg.pw/media/images/channel/2022/02/10/large/20220210221516105322_42.png
[VGA]рыжий,https://t.freetv.fun/live/ryzhii-3.m3u8,网络源,https://epg.pw/media/images/channel/2022/02/10/large/20220210221516105322_42.png
[VGA]стс,https://t.freetv.fun/live/sts-2.m3u8,网络源,https://epg.pw/media/images/channel/2022/05/06/large/20220506175047720510_67.png
[VGA]стс,https://t.freetv.fun/live/sts-1-1.m3u8,网络源,https://epg.pw/media/images/channel/2022/05/06/large/20220506175047720510_67.png
[VGA]стс,https://t.freetv.fun/live/sts-2-1.m3u8,网络源,https://epg.pw/media/images/channel/2022/05/06/large/20220506175047720510_67.png
[VGA]стс,https://t.freetv.fun/live/sts-3.m3u8,网络源,https://epg.pw/media/images/channel/2022/05/06/large/20220506175047720510_67.png
[VGA]стс,https://t.freetv.fun/live/sts-4.m3u8,网络源,https://epg.pw/media/images/channel/2022/05/06/large/20220506175047720510_67.png
[VGA]стс,https://t.freetv.fun/live/sts-5.m3u8,网络源,https://epg.pw/media/images/channel/2022/05/06/large/20220506175047720510_67.png
[VGA]стс,https://t.freetv.fun/live/sts-6.m3u8,网络源,https://epg.pw/media/images/channel/2022/05/06/large/20220506175047720510_67.png
[VGA]стс,https://t.freetv.fun/live/sts-7.m3u8,网络源,https://epg.pw/media/images/channel/2022/05/06/large/20220506175047720510_67.png
[VGA]стс int.,https://t.freetv.fun/live/sts-int.m3u8,网络源,https://epg.pw/media/images/channel/2022/05/06/large/20220506175047720510_67.png
[VGA]стс,https://t.freetv.fun/live/sts-8.m3u8,网络源,https://epg.pw/media/images/channel/2022/05/06/large/20220506175047720510_67.png
[VGA]стс,https://t.freetv.fun/live/sts-9.m3u8,网络源,https://epg.pw/media/images/channel/2022/05/06/large/20220506175047720510_67.png
[VGA]стс,https://t.freetv.fun/live/sts-10.m3u8,网络源,https://epg.pw/media/images/channel/2022/05/06/large/20220506175047720510_67.png
[VGA]стс kids,https://t.freetv.fun/live/sts-kids.m3u8,网络源,https://epg.pw/media/images/channel/2022/01/19/large/20220119215930929748_55.png
[VGA]стс kids,https://t.freetv.fun/live/sts-kids-1.m3u8,网络源,https://epg.pw/media/images/channel/2022/01/19/large/20220119215930929748_55.png
[VGA]стс kids,https://t.freetv.fun/live/sts-kids-2-1.m3u8,网络源,https://epg.pw/media/images/channel/2022/01/19/large/20220119215930929748_55.png
[VGA]стсkids,https://t.freetv.fun/live/stskids.m3u8,网络源,https://epg.pw/media/images/channel/2022/01/19/large/20220119215930929748_55.png
[VGA]стс kids,https://t.freetv.fun/live/sts-kids-3.m3u8,网络源,https://epg.pw/media/images/channel/2022/01/19/large/20220119215930929748_55.png
[VGA]наша сибирь (1080p) [geo-blocked],https://t.freetv.fun/live/nasha-sibir-1080p-geo-blocked.m3u8,网络源,https://epg.pw/media/uploads/tmp_logo/2017/01/28/20170128035234438021_42.jpg
[VGA]сибирь 24,https://t.freetv.fun/live/sibir-24.m3u8,网络源,https://epg.pw/media/uploads/tmp_logo/2017/01/28/20170128035234438021_42.jpg
[VGA]сибирь 24,https://t.freetv.fun/live/sibir-24-1.m3u8,网络源,https://epg.pw/media/uploads/tmp_logo/2017/01/28/20170128035234438021_42.jpg
[VGA]наша сибирь,https://t.freetv.fun/live/nasha-sibir.m3u8,网络源,https://epg.pw/media/uploads/tmp_logo/2017/01/28/20170128035234438021_42.jpg
[VGA]сибирь 24,https://t.freetv.fun/live/sibir-24-2.m3u8,网络源,https://epg.pw/media/uploads/tmp_logo/2017/01/28/20170128035234438021_42.jpg
[VGA]сибирь 24,https://t.freetv.fun/live/sibir-24-3.m3u8,网络源,https://epg.pw/media/uploads/tmp_logo/2017/01/28/20170128035234438021_42.jpg
[VGA]наша сибирь,https://t.freetv.fun/live/nasha-sibir-1.m3u8,网络源,https://epg.pw/media/uploads/tmp_logo/2017/01/28/20170128035234438021_42.jpg
[VGA]наша сибирь 4к,https://t.freetv.fun/live/nasha-sibir-4k.m3u8,网络源,https://epg.pw/media/uploads/tmp_logo/2017/01/28/20170128035234438021_42.jpg
[VGA]совершенно секретно,https://t.freetv.fun/live/sovershenno-sekretno.m3u8,网络源,https://epg.pw/media/uploads/tmp_logo/2017/01/28/20170128035433463577_68.png
[VGA]спорт,https://t.freetv.fun/live/sport-6.m3u8,网络源,https://epg.pw/media/uploads/tmp_logo/2015/02/20/20150220202228960137_57.jpg
[VGA]спорт,https://t.freetv.fun/live/sport-1-1.m3u8,网络源,https://epg.pw/media/uploads/tmp_logo/2015/02/20/20150220202228960137_57.jpg
[VGA]матч футбол 3,https://t.freetv.fun/live/match-futbol-3-1.m3u8,网络源,https://epg.pw/media/images/channel/2021/11/13/large/20211113232253661774_95.png
[VGA]футбол,https://t.freetv.fun/live/futbol-1.m3u8,网络源,https://epg.pw/media/images/channel/2021/11/13/large/20211113232253661774_95.png
[VGA]матч футбол 3,https://t.freetv.fun/live/match-futbol-3-1-1.m3u8,网络源,https://epg.pw/media/images/channel/2021/11/13/large/20211113232253661774_95.png
[VGA]тв центр,https://t.freetv.fun/live/tv-tsentr-2.m3u8,网络源,https://epg.pw/media/images/channel/2022/05/06/large/20220506174012569826_95.png
[VGA]центр,https://t.freetv.fun/live/tsentr.m3u8,网络源,https://epg.pw/media/images/channel/2022/05/06/large/20220506174012569826_95.png
[VGA]тв центр,https://t.freetv.fun/live/tv-tsentr-1-1.m3u8,网络源,https://epg.pw/media/images/channel/2022/05/06/large/20220506174012569826_95.png
[VGA]тв центр,https://t.freetv.fun/live/tv-tsentr-2-1.m3u8,网络源,https://epg.pw/media/images/channel/2022/05/06/large/20220506174012569826_95.png
[VGA]тв центр (450p) [geo-blocked],https://t.freetv.fun/live/tv-tsentr-450p-geo-blocked.m3u8,网络源,https://epg.pw/media/images/channel/2022/05/06/large/20220506174012569826_95.png
[VGA]тнт,https://t.freetv.fun/live/tnt-2.m3u8,网络源,https://epg.pw/media/images/channel/2022/05/06/large/20220506174349957501_91.png
[VGA]тнт4 (720p),https://t.freetv.fun/live/tnt4-720p.m3u8,网络源,https://epg.pw/media/images/channel/2022/05/06/large/20220506174349957501_91.png
[VGA]тнт,https://t.freetv.fun/live/tnt-1-1.m3u8,网络源,https://epg.pw/media/images/channel/2022/05/06/large/20220506174349957501_91.png
[VGA]тнт 4,https://t.freetv.fun/live/tnt-4.m3u8,网络源,https://epg.pw/media/images/channel/2022/05/06/large/20220506174349957501_91.png
[VGA]тнт,https://t.freetv.fun/live/tnt-2-1.m3u8,网络源,https://epg.pw/media/images/channel/2022/05/06/large/20220506174349957501_91.png
[VGA]тнт4,https://t.freetv.fun/live/tnt4.m3u8,网络源,https://epg.pw/media/images/channel/2022/05/06/large/20220506174349957501_91.png
[VGA]тнт4,https://t.freetv.fun/live/tnt4-1.m3u8,网络源,https://epg.pw/media/images/channel/2022/05/06/large/20220506174349957501_91.png
[VGA]тнт4,https://t.freetv.fun/live/tnt4-2.m3u8,网络源,https://epg.pw/media/images/channel/2022/05/06/large/20220506174349957501_91.png
[VGA]тнт,https://t.freetv.fun/live/tnt-3-2.m3u8,网络源,https://epg.pw/media/images/channel/2022/05/06/large/20220506174349957501_91.png
[VGA]тнт,https://t.freetv.fun/live/tnt-4-2.m3u8,网络源,https://epg.pw/media/images/channel/2022/05/06/large/20220506174349957501_91.png
[VGA]тнт,https://t.freetv.fun/live/tnt-5.m3u8,网络源,https://epg.pw/media/images/channel/2022/05/06/large/20220506174349957501_91.png
[VGA]тнт,https://t.freetv.fun/live/tnt-6.m3u8,网络源,https://epg.pw/media/images/channel/2022/05/06/large/20220506174349957501_91.png
[VGA]тнт,https://t.freetv.fun/live/tnt-7.m3u8,网络源,https://epg.pw/media/images/channel/2022/05/06/large/20220506174349957501_91.png
[VGA]тнт,https://t.freetv.fun/live/tnt-8.m3u8,网络源,https://epg.pw/media/images/channel/2022/05/06/large/20220506174349957501_91.png
[VGA]тнт,https://t.freetv.fun/live/tnt-9.m3u8,网络源,https://epg.pw/media/images/channel/2022/05/06/large/20220506174349957501_91.png
[VGA]тнт4,https://t.freetv.fun/live/tnt4-3.m3u8,网络源,https://epg.pw/media/images/channel/2022/05/06/large/20220506174349957501_91.png
[VGA]тнт4,https://t.freetv.fun/live/tnt4-4.m3u8,网络源,https://epg.pw/media/images/channel/2022/05/06/large/20220506174349957501_91.png
[VGA]тнт,https://t.freetv.fun/live/tnt-10.m3u8,网络源,https://epg.pw/media/images/channel/2022/05/06/large/20220506174349957501_91.png
[VGA]тнт4,https://t.freetv.fun/live/tnt4-5.m3u8,网络源,https://epg.pw/media/images/channel/2022/05/06/large/20220506174349957501_91.png
[VGA]тнт,https://t.freetv.fun/live/tnt-11.m3u8,网络源,https://epg.pw/media/images/channel/2022/05/06/large/20220506174349957501_91.png
[VGA]тнт4,https://t.freetv.fun/live/tnt4-6.m3u8,网络源,https://epg.pw/media/images/channel/2022/05/06/large/20220506174349957501_91.png
[VGA]тнт4,https://t.freetv.fun/live/tnt4-7.m3u8,网络源,https://epg.pw/media/images/channel/2022/05/06/large/20220506174349957501_91.png
[VGA]тнт,https://t.freetv.fun/live/tnt-12.m3u8,网络源,https://epg.pw/media/images/channel/2022/05/06/large/20220506174349957501_91.png
[VGA]тнт,https://t.freetv.fun/live/tnt-13.m3u8,网络源,https://epg.pw/media/images/channel/2022/05/06/large/20220506174349957501_91.png
[VGA]тнт4,https://t.freetv.fun/live/tnt4-8.m3u8,网络源,https://epg.pw/media/images/channel/2022/05/06/large/20220506174349957501_91.png
[VGA]тнт,https://t.freetv.fun/live/tnt-14.m3u8,网络源,https://epg.pw/media/images/channel/2022/05/06/large/20220506174349957501_91.png
[VGA]тнт 4,https://t.freetv.fun/live/tnt-4-1-1.m3u8,网络源,https://epg.pw/media/images/channel/2022/05/06/large/20220506174349957501_91.png
[VGA]тнт,https://t.freetv.fun/live/tnt-15.m3u8,网络源,https://epg.pw/media/images/channel/2022/05/06/large/20220506174349957501_91.png
[VGA]нтк тв,https://t.freetv.fun/live/ntk-tv.m3u8,网络源,https://epg.pw/media/uploads/tmp_logo/2017/08/11/20170811173912918063_11.jpg
[VGA]восток тв,https://t.freetv.fun/live/vostok-tv.m3u8,网络源,https://epg.pw/media/uploads/tmp_logo/2017/08/11/20170811173912918063_11.jpg
[VGA]точка тв,https://t.freetv.fun/live/tochka-tv.m3u8,网络源,https://epg.pw/media/uploads/tmp_logo/2017/08/11/20170811173912918063_11.jpg
[VGA]восток тв,https://t.freetv.fun/live/vostok-tv-1.m3u8,网络源,https://epg.pw/media/uploads/tmp_logo/2017/08/11/20170811173912918063_11.jpg
[VGA]точка тв,https://t.freetv.fun/live/tochka-tv-1.m3u8,网络源,https://epg.pw/media/uploads/tmp_logo/2017/08/11/20170811173912918063_11.jpg
[VGA]точка тв,https://t.freetv.fun/live/tochka-tv-2.m3u8,网络源,https://epg.pw/media/uploads/tmp_logo/2017/08/11/20170811173912918063_11.jpg
[VGA]восток тв,https://t.freetv.fun/live/vostok-tv-2.m3u8,网络源,https://epg.pw/media/uploads/tmp_logo/2017/08/11/20170811173912918063_11.jpg
[VGA]дом,https://t.freetv.fun/live/dom.m3u8,网络源,https://epg.pw/media/uploads/tmp_logo/2017/01/22/20170122173455996757_36.png
[VGA]теледом,https://t.freetv.fun/live/teledom.m3u8,网络源,https://epg.pw/media/uploads/tmp_logo/2015/11/26/20151126210533526518_65.jpg
[HD]звезда,https://t.freetv.fun/live/zvezda-2.m3u8,网络源,https://epg.pw/media/images/channel/2022/05/06/large/20220506174948569612_67.png
[VGA]звезда,https://t.freetv.fun/live/zvezda-1-1.m3u8,网络源,https://epg.pw/media/images/channel/2022/05/06/large/20220506174948569612_67.png
[VGA]звезда,https://t.freetv.fun/live/zvezda-2-1.m3u8,网络源,https://epg.pw/media/images/channel/2022/05/06/large/20220506174948569612_67.png
[VGA]звезда,https://t.freetv.fun/live/zvezda-3.m3u8,网络源,https://epg.pw/media/images/channel/2022/05/06/large/20220506174948569612_67.png
[VGA]звезда,https://t.freetv.fun/live/zvezda-4.m3u8,网络源,https://epg.pw/media/images/channel/2022/05/06/large/20220506174948569612_67.png
[VGA]звезда,https://t.freetv.fun/live/zvezda-5.m3u8,网络源,https://epg.pw/media/images/channel/2022/05/06/large/20220506174948569612_67.png
[VGA]звезда,https://t.freetv.fun/live/zvezda-6.m3u8,网络源,https://epg.pw/media/images/channel/2022/05/06/large/20220506174948569612_67.png
[VGA]звезда,https://t.freetv.fun/live/zvezda-7.m3u8,网络源,https://epg.pw/media/images/channel/2022/05/06/large/20220506174948569612_67.png
[VGA]звезда,https://t.freetv.fun/live/zvezda-8.m3u8,网络源,https://epg.pw/media/images/channel/2022/05/06/large/20220506174948569612_67.png
[VGA]звезда,https://t.freetv.fun/live/zvezda-9.m3u8,网络源,https://epg.pw/media/images/channel/2022/05/06/large/20220506174948569612_67.png
[VGA]звезда,https://t.freetv.fun/live/zvezda-10.m3u8,网络源,https://epg.pw/media/images/channel/2022/05/06/large/20220506174948569612_67.png
[VGA]звезда,https://t.freetv.fun/live/zvezda-11.m3u8,网络源,https://epg.pw/media/images/channel/2022/05/06/large/20220506174948569612_67.png
[VGA]звезда,https://t.freetv.fun/live/zvezda-12.m3u8,网络源,https://epg.pw/media/images/channel/2022/05/06/large/20220506174948569612_67.png
[VGA]звезда,https://t.freetv.fun/live/zvezda-13.m3u8,网络源,https://epg.pw/media/images/channel/2022/05/06/large/20220506174948569612_67.png
[VGA]звезда,https://t.freetv.fun/live/zvezda-14.m3u8,网络源,https://epg.pw/media/images/channel/2022/05/06/large/20220506174948569612_67.png
[VGA]телеканал 86 (сургут),https://t.freetv.fun/live/telekanal-86-surgut-1.m3u8,网络源,https://epg.pw/media/images/channel/2021/11/13/large/20211113232251974085_92.png
[VGA]тамыр,https://t.freetv.fun/live/tamyr.m3u8,网络源,https://epg.pw/media/images/channel/2021/10/16/large/20211016224755339636_86.png
[VGA]телеканал мтм,https://t.freetv.fun/live/telekanal-mtm.m3u8,网络源,https://epg.pw/media/images/channel/2021/10/16/large/20211016224755339636_86.png
[VGA]тамыр,https://t.freetv.fun/live/tamyr-1.m3u8,网络源,https://epg.pw/media/images/channel/2021/10/16/large/20211016224755339636_86.png
[BD]телеканал 86,https://t.freetv.fun/live/telekanal-86.m3u8,网络源,https://epg.pw/media/images/channel/2021/11/13/large/20211113232247788135_95.png
[VGA]телеканал 86,https://t.freetv.fun/live/telekanal-86-1.m3u8,网络源,https://epg.pw/media/images/channel/2021/11/13/large/20211113232247788135_95.png
[VGA]телеканал 360,https://t.freetv.fun/live/telekanal-360.m3u8,网络源,https://epg.pw/media/images/channel/2021/11/13/large/20211113232247788135_95.png
[SD]телекафе,https://t.freetv.fun/live/telekafe.m3u8,网络源,https://epg.pw/media/uploads/tmp_logo/2015/02/20/20150220202523604560_78.jpg
[VGA]телекафе,https://t.freetv.fun/live/telekafe-1.m3u8,网络源,https://epg.pw/media/uploads/tmp_logo/2015/02/20/20150220202523604560_78.jpg
[VGA]телекафе,https://t.freetv.fun/live/telekafe-2.m3u8,网络源,https://epg.pw/media/uploads/tmp_logo/2015/02/20/20150220202523604560_78.jpg
[VGA]телекафе,https://t.freetv.fun/live/telekafe-3.m3u8,网络源,https://epg.pw/media/uploads/tmp_logo/2015/02/20/20150220202523604560_78.jpg
[VGA]телекафе,https://t.freetv.fun/live/telekafe-4.m3u8,网络源,https://epg.pw/media/uploads/tmp_logo/2015/02/20/20150220202523604560_78.jpg
[VGA]телекафе,https://t.freetv.fun/live/telekafe-5.m3u8,网络源,https://epg.pw/media/uploads/tmp_logo/2015/02/20/20150220202523604560_78.jpg
[VGA]телекафе,https://t.freetv.fun/live/telekafe-6.m3u8,网络源,https://epg.pw/media/uploads/tmp_logo/2015/02/20/20150220202523604560_78.jpg
[VGA]телекафе,https://t.freetv.fun/live/telekafe-7.m3u8,网络源,https://epg.pw/media/uploads/tmp_logo/2015/02/20/20150220202523604560_78.jpg
[VGA]техно 24,https://t.freetv.fun/live/tekhno-24.m3u8,网络源,https://epg.pw/media/uploads/tmp_logo/2016/09/23/20160923182359854953_61.png
[VGA]техно 24,https://t.freetv.fun/live/tekhno-24-1.m3u8,网络源,https://epg.pw/media/uploads/tmp_logo/2016/09/23/20160923182359854953_61.png
[VGA]украина,https://t.freetv.fun/live/ukraina.m3u8,网络源,https://epg.pw/media/uploads/tmp_logo/2017/03/06/20170306002035934782_15.jpg
[VGA]украина 2,https://t.freetv.fun/live/ukraina-2.m3u8,网络源,https://epg.pw/media/uploads/tmp_logo/2017/03/06/20170306002035934782_15.jpg
[VGA]украина 2,https://t.freetv.fun/live/ukraina-2-1.m3u8,网络源,https://epg.pw/media/uploads/tmp_logo/2017/03/06/20170306002035934782_15.jpg
[VGA]луч,https://t.freetv.fun/live/luch-1.m3u8,网络源,https://epg.pw/media/images/channel/2022/05/06/large/20220506174443140373_91.png
[SD]шансон тв (512p),https://t.freetv.fun/live/shanson-tv-512p-1.m3u8,网络源,https://epg.pw/media/images/channel/2022/05/06/large/20220506175008148579_31.png
[VGA]шансон тв,https://t.freetv.fun/live/shanson-tv-2.m3u8,网络源,https://epg.pw/media/images/channel/2022/05/06/large/20220506175008148579_31.png
[VGA]радио шансон,https://t.freetv.fun/live/radio-shanson-1-1.m3u8,网络源,https://epg.pw/media/images/channel/2022/05/06/large/20220506175008148579_31.png
[VGA]шансон тв,https://t.freetv.fun/live/shanson-tv-1-1.m3u8,网络源,https://epg.pw/media/images/channel/2022/05/06/large/20220506175008148579_31.png
[VGA]шансон тв,https://t.freetv.fun/live/shanson-tv-2-1.m3u8,网络源,https://epg.pw/media/images/channel/2022/05/06/large/20220506175008148579_31.png
[VGA]шансон тв,https://t.freetv.fun/live/shanson-tv-3.m3u8,网络源,https://epg.pw/media/images/channel/2022/05/06/large/20220506175008148579_31.png
[VGA]шансон тв,https://t.freetv.fun/live/shanson-tv-4.m3u8,网络源,https://epg.pw/media/images/channel/2022/05/06/large/20220506175008148579_31.png
[VGA]шансон тв,https://t.freetv.fun/live/shanson-tv-5.m3u8,网络源,https://epg.pw/media/images/channel/2022/05/06/large/20220506175008148579_31.png
[VGA]шансон тв,https://t.freetv.fun/live/shanson-tv-6.m3u8,网络源,https://epg.pw/media/images/channel/2022/05/06/large/20220506175008148579_31.png
[VGA]vf шансон,https://t.freetv.fun/live/vf-shanson.m3u8,网络源,https://epg.pw/media/images/channel/2022/05/06/large/20220506175008148579_31.png
[VGA]шансон тв,https://t.freetv.fun/live/shanson-tv-7.m3u8,网络源,https://epg.pw/media/images/channel/2022/05/06/large/20220506175008148579_31.png
[VGA]шансон тв,https://t.freetv.fun/live/shanson-tv-8.m3u8,网络源,https://epg.pw/media/images/channel/2022/05/06/large/20220506175008148579_31.png
[VGA]ю (576p) [geo-blocked],https://t.freetv.fun/live/iu-576p-geo-blocked.m3u8,网络源,https://epg.pw/media/uploads/tmp_logo/2015/02/20/20150220202751533535_58.jpg
[VGA]россия культура,https://t.freetv.fun/live/rossiia-kultura.m3u8,网络源,https://epg.pw/media/uploads/tmp_logo/2015/02/20/20150220202751533535_58.jpg
[VGA]россия ртр,https://t.freetv.fun/live/rossiia-rtr.m3u8,网络源,https://epg.pw/media/uploads/tmp_logo/2015/02/20/20150220202751533535_58.jpg
[VGA]россия ртр,https://t.freetv.fun/live/rossiia-rtr-1.m3u8,网络源,https://epg.pw/media/uploads/tmp_logo/2015/02/20/20150220202751533535_58.jpg
[VGA]россия культура,https://t.freetv.fun/live/rossiia-kultura-1.m3u8,网络源,https://epg.pw/media/uploads/tmp_logo/2015/02/20/20150220202751533535_58.jpg
[VGA]ю sd,https://t.freetv.fun/live/iu-sd.m3u8,网络源,https://epg.pw/media/uploads/tmp_logo/2015/02/20/20150220202751533535_58.jpg
[VGA]твое тв юмор,https://t.freetv.fun/live/tvoe-tv-iumor.m3u8,网络源,https://epg.pw/media/uploads/tmp_logo/2016/05/18/20160518204729089307_65.png
[VGA]твоё тв юмор,https://t.freetv.fun/live/tvoe-tv-iumor-1.m3u8,网络源,https://epg.pw/media/uploads/tmp_logo/2016/05/18/20160518204729089307_65.png
[VGA]ностальгия,https://t.freetv.fun/live/nostalgiia.m3u8,网络源,https://epg.pw/media/uploads/tmp_logo/2015/02/20/20150220201128121385_39.jpg
[VGA]ностальгия,https://t.freetv.fun/live/nostalgiia-1.m3u8,网络源,https://epg.pw/media/uploads/tmp_logo/2015/02/20/20150220201128121385_39.jpg
[VGA]ностальгия,https://t.freetv.fun/live/nostalgiia-2.m3u8,网络源,https://epg.pw/media/uploads/tmp_logo/2015/02/20/20150220201128121385_39.jpg
[VGA]ностальгия,https://t.freetv.fun/live/nostalgiia-3.m3u8,网络源,https://epg.pw/media/uploads/tmp_logo/2015/02/20/20150220201128121385_39.jpg
[VGA]ностальгия,https://t.freetv.fun/live/nostalgiia-4.m3u8,网络源,https://epg.pw/media/uploads/tmp_logo/2015/02/20/20150220201128121385_39.jpg
[VGA]ностальгия,https://t.freetv.fun/live/nostalgiia-5.m3u8,网络源,https://epg.pw/media/uploads/tmp_logo/2015/02/20/20150220201128121385_39.jpg
[VGA]ностальгия,https://t.freetv.fun/live/nostalgiia-6.m3u8,网络源,https://epg.pw/media/uploads/tmp_logo/2015/02/20/20150220201128121385_39.jpg
[BD]calcala 10 ערוץ,https://t.freetv.fun/live/calcala-10-rvts.m3u8,网络源,https://epg.pw/media/uploads/tmp_logo/2015/12/12/20151212033736253761_80.jpg
[VGA]mako 24 ערוץ,https://t.freetv.fun/live/mako-24-rvts-1.m3u8,网络源,https://epg.pw/media/uploads/tmp_logo/2015/12/12/20151212033736253761_80.jpg
[VGA]gpb 1tv პირველი არხი,https://t.freetv.fun/live/gpb-1tv-pirveli-arxi.m3u8,网络源,https://epg.pw/media/uploads/tmp_logo/2016/12/19/20161219001132229147_38.jpg
[HD]ゴルフネットワーク,https://t.freetv.fun/live/koruhunetsutowa-ku-1.m3u8,网络源,https://epg.pw/media/images/channel/2021/12/12/large/20211212021120879365_62.png
[SD]スーパー!ドラマtv,https://t.freetv.fun/live/su-ha-toramatv-1.m3u8,网络源,https://epg.pw/media/images/channel/2021/12/12/large/20211212021122171863_96.png
[SD]チャンネルneco,https://t.freetv.fun/live/chiyanneruneco-1.m3u8,网络源,https://epg.pw/media/images/channel/2021/12/12/large/20211212021133865071_56.png
[SD]チャンネル銀河,https://t.freetv.fun/live/chiyanneruyin-he-1.m3u8,网络源,https://epg.pw/media/images/channel/2021/12/12/large/20211212021107503916_15.png
[HD]テレビ朝日,https://t.freetv.fun/live/terehizhao-ri-1.m3u8,网络源,https://epg.pw/media/images/channel/2021/12/12/large/20211212021021780762_53.png
[VGA]テレビ朝日,https://t.freetv.fun/live/terehizhao-ri-1-1.m3u8,网络源,https://epg.pw/media/images/channel/2021/12/12/large/20211212021021780762_53.png
[SD]ファミリー劇場,https://t.freetv.fun/live/huamiri-ju-chang-1.m3u8,网络源,https://epg.pw/media/images/channel/2021/12/12/large/20211212021136469244_45.png
[HD]フジテレビ,https://t.freetv.fun/live/hushiterehi-1.m3u8,网络源,https://epg.pw/media/images/channel/2021/12/12/large/20211212021020010406_48.png
[VGA]三明新闻综合,https://t.freetv.fun/live/san-ming-xin-wen-zong-he.m3u8,网络源,https://epg.pw/media/images/channel/2022/11/01/large/20221101002131666296_98.jpg
[HD]三明新闻综合,https://t.freetv.fun/live/san-ming-xin-wen-zong-he-1.m3u8,网络源,https://epg.pw/media/images/channel/2022/11/01/large/20221101002131666296_98.jpg
[VGA]福建|三明新闻综合,https://t.freetv.fun/live/fu-jian-san-ming-xin-wen-zong-he.m3u8,网络源,https://epg.pw/media/images/channel/2022/11/01/large/20221101002131666296_98.jpg
[HD]东明新闻综合,https://t.freetv.fun/live/dong-ming-xin-wen-zong-he.php,网络源,https://epg.pw/media/images/channel/2022/11/01/large/20221101002131666296_98.jpg
[VGA]三明综合,https://t.freetv.fun/live/san-ming-zong-he.php,网络源,https://epg.pw/media/images/channel/2022/11/01/large/20221101002131666296_98.jpg
[SD]三沙卫视,https://t.freetv.fun/live/san-sha-wei-shi-19.smil,网络源,https://epg.pw/media/images/channel/2022/05/14/large/20220514162237808392_17.jpg
[SD]三沙卫视,https://t.freetv.fun/live/san-sha-wei-shi-1-1.m3u8,网络源,https://epg.pw/media/images/channel/2022/05/14/large/20220514162237808392_17.jpg
[VGA]三沙卫视,https://t.freetv.fun/live/san-sha-wei-shi-19.m3u8,网络源,https://epg.pw/media/images/channel/2022/05/14/large/20220514162237808392_17.jpg
[BD]三沙卫视,https://t.freetv.fun/live/san-sha-wei-shi-2-2.php,网络源,https://epg.pw/media/images/channel/2022/05/14/large/20220514162237808392_17.jpg
[SD]三沙卫视,https://t.freetv.fun/live/san-sha-wei-shi-6.m3u8,网络源,https://epg.pw/media/images/channel/2022/05/14/large/20220514162237808392_17.jpg
[SD]三沙卫视,https://t.freetv.fun/live/san-sha-wei-shi-8.m3u8,网络源,https://epg.pw/media/images/channel/2022/05/14/large/20220514162237808392_17.jpg
[SD]三沙卫视,https://t.freetv.fun/live/san-sha-wei-shi-10.m3u8,网络源,https://epg.pw/media/images/channel/2022/05/14/large/20220514162237808392_17.jpg
[SD]三沙卫视,https://t.freetv.fun/live/san-sha-wei-shi-2-2.m3u8,网络源,https://epg.pw/media/images/channel/2022/05/14/large/20220514162237808392_17.jpg
[SD]三沙卫视,https://t.freetv.fun/live/san-sha-wei-shi-3.m3u8,网络源,https://epg.pw/media/images/channel/2022/05/14/large/20220514162237808392_17.jpg
[VGA]三沙卫视,https://t.freetv.fun/live/san-sha-wei-shi-19.php,网络源,https://epg.pw/media/images/channel/2022/05/14/large/20220514162237808392_17.jpg
[SD]三沙卫视,https://t.freetv.fun/live/san-sha-wei-shi-5-1.m3u8,网络源,https://epg.pw/media/images/channel/2022/05/14/large/20220514162237808392_17.jpg
[SD]三沙卫视,https://t.freetv.fun/live/san-sha-wei-shi-7.m3u8,网络源,https://epg.pw/media/images/channel/2022/05/14/large/20220514162237808392_17.jpg
[HD]三沙卫视,https://t.freetv.fun/live/san-sha-wei-shi-9.m3u8,网络源,https://epg.pw/media/images/channel/2022/05/14/large/20220514162237808392_17.jpg
[SD]三沙卫视,https://t.freetv.fun/live/san-sha-wei-shi-11.m3u8,网络源,https://epg.pw/media/images/channel/2022/05/14/large/20220514162237808392_17.jpg
[BD]三沙卫视,https://t.freetv.fun/live/san-sha-wei-shi-12.m3u8,网络源,https://epg.pw/media/images/channel/2022/05/14/large/20220514162237808392_17.jpg
[BD]三沙卫视,https://t.freetv.fun/live/san-sha-wei-shi-13.m3u8,网络源,https://epg.pw/media/images/channel/2022/05/14/large/20220514162237808392_17.jpg
[SD]三沙卫视,https://t.freetv.fun/live/san-sha-wei-shi-14.m3u8,网络源,https://epg.pw/media/images/channel/2022/05/14/large/20220514162237808392_17.jpg
[VGA]三沙卫视,https://t.freetv.fun/live/san-sha-wei-shi-15.m3u8,网络源,https://epg.pw/media/images/channel/2022/05/14/large/20220514162237808392_17.jpg
[BD]三沙卫视,https://t.freetv.fun/live/san-sha-wei-shi-16.m3u8,网络源,https://epg.pw/media/images/channel/2022/05/14/large/20220514162237808392_17.jpg
[SD]三沙卫视,https://t.freetv.fun/live/san-sha-wei-shi-17.m3u8,网络源,https://epg.pw/media/images/channel/2022/05/14/large/20220514162237808392_17.jpg
[HD]三沙卫视,https://t.freetv.fun/live/san-sha-wei-shi-18.m3u8,网络源,https://epg.pw/media/images/channel/2022/05/14/large/20220514162237808392_17.jpg
[VGA]三沙卫视,https://t.freetv.fun/live/san-sha-wei-shi-29.m3u8,网络源,https://epg.pw/media/images/channel/2022/05/14/large/20220514162237808392_17.jpg
[VGA]三沙卫视 标清,https://t.freetv.fun/live/san-sha-wei-shi-biao-qing.m3u8,网络源,https://epg.pw/media/images/channel/2022/05/14/large/20220514162237808392_17.jpg
[VGA]三沙卫视 标清,https://t.freetv.fun/live/san-sha-wei-shi-biao-qing-1.m3u8,网络源,https://epg.pw/media/images/channel/2022/05/14/large/20220514162237808392_17.jpg
[VGA]三立inews,https://t.freetv.fun/live/san-li-inews-1.php,网络源,https://epg.pw/media/images/channel/2022/04/09/large/20220409213320357992_69.jpg
[VGA]三立财经台,https://t.freetv.fun/live/san-li-cai-jing-tai-2.m3u8,网络源,https://epg.pw/media/images/channel/2022/11/27/large/20221127005733419108_21.jpg
[VGA]三立新聞inews,https://t.freetv.fun/live/san-li-xin-wen-inews.php,网络源,https://epg.pw/media/images/channel/2022/11/27/large/20221127005733419108_21.jpg
[VGA]三立inews,https://t.freetv.fun/live/san-li-inews-1-1.m3u8,网络源,https://epg.pw/media/images/channel/2022/11/27/large/20221127005733419108_21.jpg
[VGA]三立inews,https://t.freetv.fun/live/san-li-inews-2.m3u8,网络源,https://epg.pw/media/images/channel/2022/11/27/large/20221127005733419108_21.jpg
[VGA]三立inews,https://t.freetv.fun/live/san-li-inews-3.m3u8,网络源,https://epg.pw/media/images/channel/2022/11/27/large/20221127005733419108_21.jpg
[VGA]三立inews,https://t.freetv.fun/live/san-li-inews-4.m3u8,网络源,https://epg.pw/media/images/channel/2022/11/27/large/20221127005733419108_21.jpg
[VGA]三立inews,https://t.freetv.fun/live/san-li-inews-5.m3u8,网络源,https://epg.pw/media/images/channel/2022/11/27/large/20221127005733419108_21.jpg
[VGA]三立inews,https://t.freetv.fun/live/san-li-inews-6.m3u8,网络源,https://epg.pw/media/images/channel/2022/11/27/large/20221127005733419108_21.jpg
[VGA]三立inews,https://t.freetv.fun/live/san-li-inews-7.m3u8,网络源,https://epg.pw/media/images/channel/2022/11/27/large/20221127005733419108_21.jpg
[VGA]三立inews,https://t.freetv.fun/live/san-li-inews-8.m3u8,网络源,https://epg.pw/media/images/channel/2022/11/27/large/20221127005733419108_21.jpg
[VGA]三立inews,https://t.freetv.fun/live/san-li-inews-9.m3u8,网络源,https://epg.pw/media/images/channel/2022/11/27/large/20221127005733419108_21.jpg
[VGA]三立inews,https://t.freetv.fun/live/san-li-inews-10.m3u8,网络源,https://epg.pw/media/images/channel/2022/11/27/large/20221127005733419108_21.jpg
[VGA]三立inews,https://t.freetv.fun/live/san-li-inews-11.m3u8,网络源,https://epg.pw/media/images/channel/2022/11/27/large/20221127005733419108_21.jpg
[VGA]三立inews,https://t.freetv.fun/live/san-li-inews-12.m3u8,网络源,https://epg.pw/media/images/channel/2022/11/27/large/20221127005733419108_21.jpg
[VGA]三立inews,https://t.freetv.fun/live/san-li-inews-13.m3u8,网络源,https://epg.pw/media/images/channel/2022/11/27/large/20221127005733419108_21.jpg
[VGA]三立inews,https://t.freetv.fun/live/san-li-inews-14.m3u8,网络源,https://epg.pw/media/images/channel/2022/11/27/large/20221127005733419108_21.jpg
[VGA]三立inews,https://t.freetv.fun/live/san-li-inews-15.m3u8,网络源,https://epg.pw/media/images/channel/2022/11/27/large/20221127005733419108_21.jpg
[VGA]三立inews,https://t.freetv.fun/live/san-li-inews-16.m3u8,网络源,https://epg.pw/media/images/channel/2022/11/27/large/20221127005733419108_21.jpg
[VGA]三立新聞inews,https://t.freetv.fun/live/san-li-xin-wen-inews-1.m3u8,网络源,https://epg.pw/media/images/channel/2022/11/27/large/20221127005733419108_21.jpg
[VGA]三立live,https://t.freetv.fun/live/san-li-live.m3u8,网络源,https://epg.pw/media/images/channel/2022/02/10/large/20220210223320034060_16.png
[VGA]三立国际,https://t.freetv.fun/live/san-li-guo-ji-2.m3u8,网络源,https://epg.pw/media/images/channel/2023/07/21/large/20230721172327537671_35.png
[VGA]三立国际,https://t.freetv.fun/live/san-li-guo-ji-2.php,网络源,https://epg.pw/media/images/channel/2023/07/21/large/20230721172327537671_35.png
[VGA]三立戏剧台 hd,https://t.freetv.fun/live/san-li-xi-ju-tai-hd.flv,网络源,https://epg.pw/media/images/channel/2023/07/21/large/20230721172523829915_30.png
[VGA]三立戏剧,https://t.freetv.fun/live/san-li-xi-ju.php,网络源,https://epg.pw/media/images/channel/2023/07/21/large/20230721172523829915_30.png
[VGA]三立戏剧,https://t.freetv.fun/live/san-li-xi-ju-1.m3u8,网络源,https://epg.pw/media/images/channel/2023/07/21/large/20230721172523829915_30.png
[VGA]三立戏剧,https://t.freetv.fun/live/san-li-xi-ju-2.m3u8,网络源,https://epg.pw/media/images/channel/2023/07/21/large/20230721172523829915_30.png
