频道名,地址,来源,图标
Canal 4 Mallorca (1080p),https://limited35.todostreaming.es/live/mitjans-livestream1.m3u8,网络源,https://i.imgur.com/tQh8C3s.png
Canal 4 Mancha Centro (720p) [Not 24/7],https://5924d3ad0efcf.streamlock.net/canal4/canal4live/playlist.m3u8,网络源,https://i.imgur.com/t3O3O9M.png
Canal 4 Posadas (576p),https://iptv.ixfo.com.ar:30443/live/C4POS/playlist.m3u8,网络源,https://i.imgur.com/tElJr3e.png
Canal 4 RD (1080p),https://cdn.protvradiostream.com/canal4rd-1/ngrp:canal4rd-1_all/playlist.m3u8,网络源,https://i.imgur.com/3AqCAji.png
Canal 4 San Juan (576p),https://streamlov.alsolnet.com/canal4sanjuan/live/playlist.m3u8,网络源,https://i.imgur.com/MsCnwRA.png
Canal 4 Teleaire,https://stmvideo6.livecastv.com/canal4/canal4/playlist.m3u8,网络源,https://i.imgur.com/XyiNvbY.png
Canal 4 Villa Dolores,https://stmvideo3.livecastv.com/canal4vd/canal4vd/playlist.m3u8,网络源,https://i.imgur.com/ZKSnGfw.png
Canal 5 (Mexico) (1080p),http://45.181.87.106/CANAL5HD/index.m3u8,网络源,https://i.imgur.com/uZdVSoW.png
Canal 5 (Uruguay) (720p),https://tinyurl.com/canal5uy,网络源,https://i.imgur.com/IpYxSr1.png
Canal 5 Del Pueblo [Not 24/7],https://stmv4.voxtvhd.com.br/canal5pueblo/canal5pueblo/playlist.m3u8,网络源,https://i.ibb.co/XzcYYMc/Canal-5-alcorta-ver.jpg
Canal 5 El Lider (720p),http://186.33.26.18:8000/play/a0s4/index.m3u8,网络源,https://i.imgur.com/4hEYFa9.png
Canal 5 Puerto Montt,https://5ff3d9babae13.streamlock.net/aufymdjpjf/aufymdjpjf/playlist.m3u8,网络源,https://i.imgur.com/pLobTRW.png
Canal 5 Santa Fe (240p),https://stream.arcast.com.ar/c5sf/c5sf/playlist.m3u8,网络源,https://i.imgur.com/WX0esjQ.png
Canal 5 TV Chepes,https://videostream.shockmedia.com.ar:19360/canal5alfatvchepes/canal5alfatvchepes.m3u8,网络源,https://i.imgur.com/AzEqroq.png
Canal 5 TV Cozumel (1080p),https://video0.rogohosting.com:19360/tvcozumel/tvcozumel.m3u8,网络源,https://i.imgur.com/0nzNMuP.jpeg
Canal 5 TV Max (1080p),https://tvmaxsa.com.py/hls/FB-430927919930380-0-AbzjnbAzAIR0NaFg.m3u8,网络源,https://i.imgur.com/6oihaDM.png
Canal 6 (Costa Rica) (720p),https://d3xpfoln9sj56.cloudfront.net/ts:abr.m3u8,网络源,https://i.imgur.com/nfKJftW.png
Canal 6 (El Salvador) (720p),http://45.167.2.101:8000/play/a0qs/index.m3u8,网络源,https://i.imgur.com/M4muPLK.png
Canal 6 (Nicaragua) (480p) [Not 24/7],http://138.117.4.70:8075/Canal06_CooTel/playlist.m3u8,网络源,https://i.imgur.com/6BWAZdq.png
Canal 6 Panadish (720p),https://stream.meteorito.cloud:1947/canal6/smil:canal6.smil/playlist.m3u8,网络源,https://i.imgur.com/KJWNPiz.jpg
Canal 6 Posadas (1080p),https://iptv.ixfo.com.ar:30443/live/c6digital/playlist.m3u8,网络源,https://i.imgur.com/OamBiS5.png
Canal 6 Viento Recio,https://stmvideo6.livecastv.com/vientorecio/vientorecio/playlist.m3u8,网络源,https://i.imgur.com/liyTNzK.png
Canal 7 (720p),https://d1zq2gydd8y59v.cloudfront.net/ts:abr.m3u8,网络源,https://i.imgur.com/yVhUkot.png
Canal 7 Boaco (1080p) [Not 24/7],https://cdn.amixtv.com/c7boaco/index.m3u8,网络源,https://i.imgur.com/chXNX9k.jpeg
Canal 7 Jujuy,https://stream.arcast.live/canal7jujuy/ngrp:canal7jujuy_all/playlist.m3u8,网络源,https://i.imgur.com/K0jk8p4.png
Canal 7 Neuquen (1080p),https://stream.arcast.com.ar/c7nq/ngrp:c7nq_all/playlist.m3u8,网络源,https://i.ibb.co/BrvQsWm/C7neuquenlogo2023.png
Canal 7 Salta (1080p),https://vivo.solumedia.com:19360/cooperativa/cooperativa.m3u8,网络源,https://i.imgur.com/CudG6sl.png
Canal 7 Talanga Vision (720p),https://amixtv.com:8081/talangavision/index.m3u8,网络源,https://i.ibb.co/0cqcyz4/Logo-2020-azul-El-lider-de-la-zona.png
Canal 7 TeleValencia (576p),https://play.cdn.enetres.net/9E9557EFCEBB43A89CEC8FBD3C500247022/028/playlist.m3u8,网络源,https://i.imgur.com/ILfXDRs.png
Canal 7 TV (720p),https://stream.arcast.com.ar/envivo/castv/playlist.m3u8,网络源,https://i.imgur.com/iJMH0UK.png
Canal 8 (720p) [Not 24/7],https://mdstrm.com/live-stream-playlist/5a7b1e63a8da282c34d65445.m3u8,网络源,https://i.imgur.com/nefPi2Y.png
Canal 8 C&C Producciones,https://video.hostingcaaguazu.com:19360/canal8cvs/canal8cvs.m3u8,网络源,https://i.imgur.com/SVj5fjg.jpg
Canal 8 Catacaos (720p) [Not 24/7],https://live.obslivestream.com/canal8/index.m3u8,网络源,https://i.imgur.com/O5MrFjY.png
Canal 8 Mar del Plata (720p) [Not 24/7],https://canal8mdq.unpocodeawita.workers.dev/,网络源,https://i.imgur.com/G7TaQ1L.png
Canal 8 San Juan (720p) [Not 24/7],https://live20.bozztv.com/akamaissh101/ssh101/canal8sanjuan/playlist.m3u8,网络源,https://files.catbox.moe/f7jbdo.png
Canal 8 TV+ (720p),https://movil.ejeserver.com/live/canal8tv.m3u8,网络源,https://i.imgur.com/peOIG1F.png
Canal 9 (1080p),https://livehd.vedge.infomaniak.com/livecast/livehd/master.m3u8,网络源,https://i.imgur.com/TNciMh2.png
Canal 9 Bio-Bio Television (1080p) [Not 24/7],https://unlimited6-cl.dps.live/c9/c9.smil/playlist.m3u8,网络源,https://i.imgur.com/J2G1WMs.png
Canal 9 Cosespu,https://video2.lhdserver.es/canal9cosespu/live.m3u8,网络源,https://i.imgur.com/w5e1d8k.png
Canal 9 Link,https://617c5175c970b.streamlock.net:4444/9linklivert/smil:9linkmultibr.smil/playlist.m3u8,网络源,https://audios.radiosnet.com.ar/imgwikidat/img_cuerpo/canal+9+buenos+aires9.jpg
Canal 9 Litoral (720p),https://stream.arcast.live/ahora/ahora/playlist.m3u8,网络源,https://upload.wikimedia.org/wikipedia/commons/a/ad/Canal_9_Litoral_2021.png
Canal 9 Resistencia (720p),http://coninfo.net:1935/9linklivert/smil:9linkmultibr.smil/playlist.m3u8,网络源,https://i.imgur.com/xqgRFpC.png
Canal 10 (Costa Rica) (720p) [Not 24/7],https://acceso.mediosdecostarica.com:3606/hybrid/play.m3u8,网络源,https://i.imgur.com/TO6WQbW.png
Canal 10 (El Salvador) (720p),https://5ca3e84a76d30.streamlock.net/tves/videotves/playlist.m3u8,网络源,https://i.imgur.com/y2ppMnY.png
Canal 10 (Nicaragua) (360p),https://www.canal10.com.ni/envivo,网络源,https://i.imgur.com/ztp781b.png
Canal 10 Cancun (720p) [Not 24/7],http://stream2.dynalias.com:1935/live/tvlive1/playlist.m3u8,网络源,https://i.imgur.com/TvTn3hO.png
Canal 10 Cordoba,https://stream.arcast.net:4443/canal10/ngrp:canal10_all/playlist.m3u8,网络源,https://i.imgur.com/87WCHtd.png
Canal 10 Durango (1080p),https://5e50264bd6766.streamlock.net/canal10durango/videocanal10durango/playlist.m3u8,网络源,https://i.imgur.com/H34quHQ.png
Canal 10 Emporda (360p) [Not 24/7],https://ventdelnord.tv:8080/escala/directe.m3u8,网络源,https://i.imgur.com/ojQ6wzX.png
Canal 10 Mar del Plata,https://g1.mc-hor.transport.edge-access.net/a12/ngrp:canal10mdq-100044_all/Playlist.m3u8?sense=true,网络源,https://i.imgur.com/bq29sfG.png
Canal 11 (Costa Rica) (720p),https://d3mstgwjcwqz1y.cloudfront.net/ts:abr.m3u8,网络源,https://upload.wikimedia.org/wikipedia/commons/thumb/a/ac/Repretel_11_logo.png/960px-Repretel_11_logo.png
Canal 11 (Guatemala) (720p),http://179.60.224.196:8000/play/a0dv/index.m3u8,网络源,https://i.imgur.com/nmlBLpI.png
Canal 11 (Honduras) (1080p),http://190.11.225.124:5000/live/canal11_hd/playlist.m3u8,网络源,https://i.imgur.com/Sht2Rd4.png
Canal 11 TuTV (349p),https://stream.giostreaming.app/canal11/canal11.m3u8,网络源,https://i.imgur.com/itqQEux.png
Canal 12 (576p),http://186.33.26.18:8000/play/a0nw/index.m3u8,网络源,https://i.imgur.com/WMv3yEf.png
Canal 12 Web,https://nd106.republicaservers.com:4433/c7827.mp4,网络源,https://i.imgur.com/VYcTRbd.png
Canal 13 (Chile) (1080p),http://15.204.246.24:8080/Canal13HD/index.m3u8,网络源,https://static.wikia.nocookie.net/logopedia/images/0/01/Canal_13_2018.png/revision/latest/scale-to-width-down/512/
Canal 13 (Guatemala) (720p),http://190.61.101.11:7050/play/a07f/index.m3u8,网络源,https://i.imgur.com/C1yVU3J.png
Canal 13 Bajio (720p) [Not 24/7],https://stream-207963.castr.net/65313d270e749722b6474684/live_1c690d40dfb711eeabd66ba1b9ba93a1/index.fmp4.m3u8,网络源,https://i.imgur.com/SlycKgZ.png
Canal 13 Campeche (720p) [Not 24/7],https://stream-207963.castr.net/65313d270e749722b6474684/live_38c14fb0dfbd11ee8847c303f3096501/index.fmp4.m3u8,网络源,https://i.imgur.com/SlycKgZ.png
Canal 13 Chiapas (720p) [Not 24/7],https://stream-207963.castr.net/65313d270e749722b6474684/live_55784330f36711ee97a7a19a8448730c/index.fmp4.m3u8,网络源,https://i.imgur.com/SlycKgZ.png
Canal 13 Esquipulas (720p),https://tv91.hostingnuclear.com:19360/intercable/intercable.m3u8,网络源,https://i.imgur.com/INKZvlN.png
Canal 13 Guadalajara (720p) [Not 24/7],https://stream-207963.castr.net/65313d270e749722b6474684/live_fa0ed380dfbe11eeabd66ba1b9ba93a1/index.fmp4.m3u8,网络源,https://i.imgur.com/SlycKgZ.png
Canal 13 Jujuy (720p),https://genexservicios.com:19360/canal13jujuy/canal13jujuy.m3u8,网络源,https://i.imgur.com/lmKLiJ3.jpg
Canal 13 La Rioja (480p),http://arcast.net:1935/mp/mp/playlist.m3u8,网络源,https://i.imgur.com/OI97Sgq.png
Canal 13 Michoacan (720p) [Not 24/7],https://stream-207963.castr.net/65313d270e749722b6474684/live_0424eb20dfbf11ee821911a0b6ba5091/index.fmp4.m3u8,网络源,https://i.imgur.com/SlycKgZ.png
Canal 13 Oaxaca (720p) [Not 24/7],https://stream-207963.castr.net/65313d270e749722b6474684/live_0bd65ed0dfbf11ee848c53d8a686e201/index.fmp4.m3u8,网络源,https://i.imgur.com/SlycKgZ.png
Canal 13 Puebla (720p) [Not 24/7],https://stream-207963.castr.net/65313d270e749722b6474684/live_19c1e870dfbf11eeadd41749c3286f4a/index.fmp4.m3u8,网络源,https://i.imgur.com/SlycKgZ.png
Canal 13 San Luis,https://stream.radiosmundiales.com:19360/sanluismas/sanluismas.m3u8,网络源,https://i.imgur.com/NcfMC29.png
Canal 13 Tabasco (720p) [Not 24/7],https://stream-207963.castr.net/65313d270e749722b6474684/live_185f5f10888711ee83e2f144889e3879/index.fmp4.m3u8,网络源,https://i.imgur.com/SlycKgZ.png
Canal 13 Tapachula (720p) [Not 24/7],https://stream-207963.castr.net/65313d270e749722b6474684/live_2b589fc0dfbf11ee9ce13534ca2a46c3/index.fmp4.m3u8,网络源,https://i.imgur.com/SlycKgZ.png
Canal 14 Codazzi (720p) [Not 24/7],https://eu1.servers10.com:8081/8056/index.m3u8,网络源,https://i.imgur.com/wNSUMhJ.png
Canal 15 (1080p) [Not 24/7],https://cootv.cootel.com.ni:8095/Canal15_CooTel/playlist.m3u8,网络源,https://i.imgur.com/DGBMuEs.png
Canal 15 El Zamorano [Not 24/7],https://vdo.tecnoservix.stream:3007/live/canal15zamoranolive.m3u8,网络源,https://i.imgur.com/op13ujg.png
Canal 15 Teleor (720p),https://ares.disfrutaenlared.com:1936/activatv/activatv/playlist.m3u8,网络源,https://i.imgur.com/w8CB2On.jpeg
Canal 17 RTVD (1080p),https://cdn.protvradiostream.com/rtvd17/ngrp:rtvd17_all/playlist.m3u8,网络源,https://i.ibb.co/2YvKhjW4/Quisqueya-17-AZUL.png
Canal 21 Huancayo (720p),https://play.agenciastreaming.com:8081/tvwanka/tracks-v1/index.fmp4.m3u8,网络源,https://i.imgur.com/Kfdkm06.png
Canal 21 Tachira (360p),https://stmv2.voxtvhd.com.br/canal21/canal21/playlist.m3u8,网络源,https://i.imgur.com/7Tb7CF4.jpg
Canal 21 TV (1080p),https://iptv.ixfo.com.ar:30443/c21tv/hd/c21tv/playlist.m3u8,网络源,https://i.imgur.com/Am7yMXg.png
Canal 22 (720p),https://5f700d5b2c46f.streamlock.net/canal22/canal22/playlist.m3u8,网络源,https://i.imgur.com/R4wXVxf.png
Canal 22 Nacional (720p) [Geo-blocked],https://5fc584f3f19c9.streamlock.net/canal22/smil:canal22.smil/playlist.m3u8,网络源,https://i.imgur.com/6qiYvhe.png
Canal 25 Ayacucho (720p),https://live-evg10.tv360.bitel.com.pe/bitel/canal25ayacucho/playlist.m3u8,网络源,https://i.imgur.com/lU02cWc.png
Canal 25 Jundiai (720p),https://cdn-tiva-stream01-msolutionbrasil-com-br.smartbit.co/hls/canal25/live.m3u8,网络源,https://i.imgur.com/7igGMwH.png
Canal 25 TV (1080p),https://limited49.todostreaming.es/live/tvbarbastro-livestream.m3u8,网络源,https://i.imgur.com/p6YA5k0.png
Canal 26 (Argentina) (1080p),https://stream-gtlc.telecentro.net.ar/hls/canal26hls/main.m3u8,网络源,https://upload.wikimedia.org/wikipedia/commons/thumb/c/c5/Canal_26_logo_%282022%29.svg/500px-Canal_26_logo_%282022%29.svg.png
Canal 26 (Mexico) (1080p),https://60417ddeaf0d9.streamlock.net/telemetrika3/smil:telemetrika3.smil/playlist.m3u8,网络源,https://i.imgur.com/PAvnVN9.png
Canal 27 (1080p),https://live.canal27.tv:3633/live/canal27live.m3u8,网络源,https://i.imgur.com/eA4vt8A.png
Canal 30 Cintalapa (720p) [Not 24/7],https://rpn3.bozztv.com/ssh101/ssh101/canal30mx/playlist.m3u8,网络源,https://i.imgur.com/xv13N7q.jpg
Canal 30 Loncomilla (720p),https://v1.tustreaming.cl/canal30loncomilla/index.m3u8,网络源,https://i.imgur.com/dgUHqrQ.png
Canal 30 TV Bethel (720p) [Not 24/7],https://s.emisoras.tv:8081/canal30tvbethel/index.m3u8,网络源,https://i.imgur.com/PP4U1JL.png
Canal 32 STO (720p) [Not 24/7],https://s.emisoras.tv:8081/stocanal32hn/playlist.m3u8,网络源,https://i.imgur.com/dS4Gb0Q.jpg
Canal 33 Madrid,https://media2.streambrothers.com:1936/8140/8140/playlist.m3u8,网络源,https://upload.wikimedia.org/wikipedia/commons/thumb/c/c3/Logo_Canal_33_Madrid_2025.jpg/960px-Logo_Canal_33_Madrid_2025.jpg
Canal 33 Tijuana (720p),https://5f2c1b0d880e5.streamlock.net/canal33tijuana/videocanal33tijuana/playlist.m3u8,网络源,https://iili.io/JCt1Nbn.png
Canal 38 (720p),https://cdn.jmvstream.com/w/LVW-8503/LVW8503_d0V5oduFlK/playlist.m3u8,网络源,https://i.imgur.com/co7TCWC.png
Canal 44 (720p) [Not 24/7],https://5e50264bd6766.streamlock.net/canal442/videocanal442/playlist.m3u8,网络源,https://i.imgur.com/YDp8MlN.png
Canal 45 (576p),https://nlb1-live.emitstream.com/hls/625csn5et2iszm9oze65/master.m3u8,网络源,https://i.imgur.com/yEfSnGt.png
Canal 50 Morteros,https://online.coopmorteros.coop/canal50/vivo.m3u8,网络源,https://i.imgur.com/IDhgBav.png
Canal 51,https://live.cn51hn.com/live/cn51.m3u8,网络源,https://i.imgur.com/xhVEEA1.png
Canal 56 (576p) [Not 24/7],https://videos.canal56.com/directe/stream/index.m3u8,网络源,https://i.imgur.com/pwRVbCz.png
Canal 56 Quiero TV (720p),http://45.5.118.152:8000/play/a08z/index.m3u8,网络源,https://i.imgur.com/l9kDNld.jpeg
Canal 65 (1080p) [Not 24/7],https://panel.streamingtv-mediacp.online:1936/tv65/tv65/playlist.m3u8,网络源,https://i.imgur.com/P15QovY.png
Canal 70 (720p),https://183.bozztv.com/giatv/giatv-cnal70tv/cnal70tv/playlist.m3u8,网络源,https://imgur.com/LfcHA2d.jpg
Canal 74 San Antonio,https://stmv5.voxtvhd.com.br/canal74hd/canal74hd/playlist.m3u8,网络源,https://i.imgur.com/WRYsbjX.png
Canal 79 La Costa (240p),https://streamconex.com:19360/lacosta/lacosta.m3u8,网络源,https://i.imgur.com/HYuSqJy.png
Canal 79 Mar del Plata,https://streamconex.com:19360/mardelplata/mardelplata.m3u8,网络源,https://i.imgur.com/I93ypGY.png
Canal 79 Puan (240p),https://streamconex.com:19360/puan/puan.m3u8,网络源,https://i.imgur.com/HYuSqJy.png
Canal 79 Santa Clara del Mar (240p),https://streamconex.com:19360/santaclara-1/santaclara-1.m3u8,网络源,https://i.imgur.com/I93ypGY.png
Canal 79 Villa Maza,https://streamconex.com:19360/villamaza/villamaza.m3u8,网络源,https://i.imgur.com/HYuSqJy.png
Canal 99 Miramar,https://vivo.solumedia.com:19360/cardinal/cardinal.m3u8,网络源,https://i.imgur.com/PblsZxz.jpeg
Canal 100 Chinique (1080p),https://live20.bozztv.com/giatv/giatv-chinique100tvenvivo/chinique100tvenvivo/playlist.m3u8,网络源,https://i.imgur.com/ygNKJXx.png
Canal 2000 (720p) [Not 24/7],http://canal2000.berkano-systems.net/streaming/streams/canal2000.m3u8,网络源,https://i.imgur.com/9RoBASf.png
Canal Alpha Jura (1080p),https://canalalphaju.vedge.infomaniak.com/livecast/ik:canalalphaju/playlist.m3u8,网络源,https://i.imgur.com/eQ8xHK9.jpg
Canal Alpha Neuchatel (1080p) [Not 24/7],https://canalalpha.vedge.infomaniak.com/livecast/ik:canalalpha/playlist.m3u8,网络源,https://i.imgur.com/eQ8xHK9.jpg
Canal Calima TV (720p),https://movil.ejeserver.com/live/calimatv.m3u8,网络源,https://i.imgur.com/6YxtyUR.jpeg
Canal Capital (1080p),http://138.121.15.230:9002/CANAL-CAPITAL/index.m3u8,网络源,https://i.imgur.com/zAYtbYi.png
Canal Catorce (1080p) [Not 24/7],https://stream.haislin.com/14tv/index.m3u8,网络源,https://i.imgur.com/iKLGBbA.png
Canal CHD,https://vs20.live.opencaster.com/canalchd2025_8d99626c/index.m3u8,网络源,https://i.imgur.com/cNv1MPs.jpeg
Canal Chilote (720p),https://videostream.chileservidores.com:8081/chiloe2/index.m3u8,网络源,https://i.imgur.com/mdYIKyt.png
Canal CHV Noticias (1080p),http://cdn1tlinkgo.tlink.cl/chvnoticias/mono.m3u8,网络源,https://i.imgur.com/sx8Aaxr.png
Canal Cine Dios,https://canal.mediaserver.com.co/live/cinedios.m3u8,网络源,https://i.imgur.com/S4xqZgV.png
Canal Claro (720p),https://jmp2.uk/plu-68224482c5d53e1351aaf2f2.m3u8,网络源,https://images.pluto.tv/channels/68224482c5d53e1351aaf2f2/colorLogoPNG_1751655767455.png
Canal Coin TV (1080p),https://canalcoin.garjim.es/hls/directo.m3u8,网络源,https://i.imgur.com/3QPJIpa.png
Canal Congreso (1080p),http://138.121.15.230:9002/CANAL-CONGRESO/index.m3u8,网络源,https://i.imgur.com/3VnL8dp.png
Canal Cvision (720p) [Not 24/7],https://stream.cvision.live/cvision_stream.m3u8,网络源,https://i.imgur.com/WUq3NlG.png
Canal de la Fe (720p),https://cdn-cloudfront.us-east-1.prod.ingest.aws-infra.dacast.com/live/dad6a736-9efb-40ce-89b6-81d1d54f92bd/master.m3u8,网络源,https://i.imgur.com/n3FffgF.png
Canal del Congreso 45.1,https://ccstreaming.packet.mx/WebRTCAppEE/streams/45.1_kd5oiNTTWO0gEOFc431277834.m3u8,网络源,https://i.imgur.com/xAC6gQO.png
Canal del Sol (1080p) [Not 24/7],https://stream.canaldelsol.com/sol26/live_1080.m3u8,网络源,https://i.imgur.com/gK0M1jB.png
Canal del Sur (720p),https://oracle.streaminghd.cl/canal-del-sur/canal-del-sur/playlist.m3u8,网络源,https://i.imgur.com/NVLJBzy.png
Canal Diocesano (576p),https://nlb2-live.emitstream.com/hls/5i3pxfuz4az356yu22ij/master.m3u8,网络源,https://i.imgur.com/uWhVKL3.png
Canal Diplomatico,https://master.myplaytv.com:2020/hls/canaldiplomatico/canaldiplomatico.m3u8,网络源,https://i.ibb.co/34vsSzS/1439-Canal-Diplomatico.png
Canal do Boi (720p),http://45.162.64.114/CANAL_DO_BOI/index.m3u8,网络源,https://i.imgur.com/pVM5MhS.png
Canal do Criador (1080p),https://607d2a1a47b1f.streamlock.net/crur/smil:canaldocriador.smil/playlist.m3u8,网络源,https://i.imgur.com/k29So6X.png
Canal do Inter (720p) [Not 24/7],https://video01.soultv.com.br/internacional/internacional/playlist.m3u8,网络源,https://i.imgur.com/TQFWEIS.png
Canal Donana (720p) [Not 24/7],https://secure5.todostreaming.es/live/division-alm.m3u8,网络源,https://i.imgur.com/0WrKIxm.png
Canal Dos (720p),http://131.221.41.94/hls/canal2.m3u8,网络源,https://i.imgur.com/BYsyNHZ.jpg
Canal DTV (720p),https://s.emisoras.tv:8081/dtv/index.m3u8,网络源,https://i.imgur.com/JO5yuNC.png
Canal E (720p),https://unlimited1-us.dps.live/perfiltv/perfiltv.smil/playlist.m3u8,网络源,https://i.ibb.co/y4pkxH3/Qtc8-M2-PG-400x400.jpg
Canal Educacao (720p),http://45.162.64.114/CANAL_EDUCACAO/index.m3u8,网络源,https://i.imgur.com/OOB7nrS.png
Canal Extremadura (576p) [Not 24/7],https://cdnlive.codev8.net/canalextremaduralive/smil:channel1DVR.smil/playlist.m3u8?DVR=,网络源,https://upload.wikimedia.org/wikipedia/commons/thumb/7/7c/CEXMA_new.png/500px-CEXMA_new.png
Canal FDR,https://v-us-01.wisestream.io/memfs/e4ade538-7924-4359-81ef-b9d4dd229e91.m3u8,网络源,https://i.imgur.com/7SE4CkE.png
Canal Futura (720p),http://45.162.64.114/FUTURA/index.m3u8,网络源,https://i.imgur.com/LgynEBC.png
Canal Gov (720p),http://45.177.114.115/TV_BRASIL_2/index.m3u8,网络源,https://i.imgur.com/rHPY0Yv.png
Canal I (1080p),https://streaming.canal-i.com/canal-i/live/master.m3u8,网络源,https://i.imgur.com/vKfOavW.png
Canal Iglesia Luz y Verdad (1080p),https://stream.oursnetworktv.com/latin/IglesialuzyVerdad/playlist.m3u8,网络源,https://i.ibb.co/x3Vdz6h/Screenshot-20231202-125205.jpg
Canal Infantil (1080p),http://bantel-cdn1.iptvperu.tv:1935/btnscrtn/canalinfantil/playlist.m3u8,网络源,https://i.imgur.com/WGk7MJ3.png
Canal Institucional (720p),https://streaming.rtvc.gov.co/TV_CanalInstitucional_live/smil:live.smil/playlist.m3u8,网络源,https://i.imgur.com/hqfQVrU.png
Canal IPe (720p),http://187.102.210.46/IPE/index.m3u8,网络源,https://upload.wikimedia.org/wikipedia/commons/thumb/2/28/Identidad_Peruana_ipe_2020.png/960px-Identidad_Peruana_ipe_2020.png
Canal ISB (720p),https://unlimited1-us.dps.live/isb/isb.smil/playlist.m3u8,网络源,https://i.imgur.com/cQ4ggTw.png
Canal Latino 54 (360p),https://videostream.chileservidores.com:8081/latina/index.m3u8,网络源,https://i.imgur.com/mKUQoX7.png
Canal Libras (720p),https://canallibras-stream.ebc.com.br/mux_video_ts/index-1.m3u8,网络源,https://i.imgur.com/LnWWKzP.png
Canal Local (720p),https://v2.tustreaming.cl/canallocalcl/index.m3u8,网络源,https://i.imgur.com/ReZXqWR.png
Canal Luz,https://g4.vxral-hor.transport.edge-access.net/a11/ngrp:canal_luz01-100009_all/Playlist.m3u8,网络源,https://i.imgur.com/GnY6dNT.png
Canal Luz Television (1080p),https://5d8d85cf2c308.streamlock.net:1936/CanalLuz/enDirecto/playlist.m3u8,网络源,https://i.imgur.com/H3JzQ1G.jpg
CANAL M Television (720p),https://live-evg10.tv360.bitel.com.pe/bitel/anqaratv/playlist.m3u8,网络源,https://i.imgur.com/EcdNFuJ.png
Canal Macau (720p) [Not 24/7],https://live3.tdm.com.mo/ch2/ch2.live/playlist.m3u8,网络源,https://i.imgur.com/oFPUZ97.png
Canal Malaga RTV (720p) [Not 24/7],https://canalmalaga-tv-live.flumotion.com/playlist.m3u8,网络源,https://i.imgur.com/QSUOxtM.png
Canal Mas Television (720p),https://movil.ejeserver.com/live/teledoradahd.m3u8,网络源,https://i.imgur.com/ODMa27W.jpg
Canal Mas TV (720p),https://live-evg11.tv360.bitel.com.pe/bitel/mastvSRT/playlist.m3u8,网络源,https://i.imgur.com/rdHygJ1.png
Canal Metropolitano de Noticias,https://stmv5.samcast.com.br/claudio8701/claudio8701/playlist.m3u8,网络源,https://i.imgur.com/G0x4xqa.png
Canal Motor (720p),https://digicom.hls.iptvdc.com/canalmotor/index.m3u8,网络源,https://i.imgur.com/nCAt3QN.png
Canal Multivision (720p) [Not 24/7],https://live20.bozztv.com/akamaissh101/ssh101/canalmulti24/playlist.m3u8,网络源,https://i.imgur.com/puOrL7B.jpg
Canal Mundo Vision (720p) [Not 24/7],https://movil.ejeserver.com/live/mundovisiontv.m3u8,网络源,https://i.imgur.com/zRqfJuj.png
Canal N (576p),http://190.108.91.206:9050/play/a0bd/index.m3u8,网络源,https://i.imgur.com/Xytvw3J.png
Canal Nets (720p) [Not 24/7],https://movil.ejeserver.com/live/nets.m3u8,网络源,https://i.imgur.com/edaAexc.png
Canal Off (1080p),http://170.82.202.31/OFF/index.m3u8,网络源,https://i.imgur.com/1biaLgJ.png
Canal Oracion Con Son (1080p),https://canal.mediaserver.com.co/live/oracionconson.m3u8,网络源,https://i.imgur.com/rfnFqU3.png
Canal Orbe 21,https://stream.arcast.net:4443/canal21/ngrp:canal21_all/playlist.m3u8,网络源,https://i.imgur.com/USD6Wn8.png
Canal Parlamento (360p) [Not 24/7],https://congresodirecto.akamaized.net/hls/live/2037973/canalparlamento/master.m3u8,网络源,https://i.imgur.com/BUO0wH6.png
Canal Parlamento del Congreso de Jalisco (720p) [Not 24/7],https://60417ddeaf0d9.streamlock.net/srtc/smil:srtc.smil/playlist.m3u8,网络源,https://i.imgur.com/fLpkHfZ.png
Canal Peniel (720p) [Not 24/7],https://cdn.streamhispanatv.net:3840/live/penielfamlive.m3u8,网络源,https://i.imgur.com/Z7aKJCt.png
Canal Provincial (360p),https://streaming.telered.com.ar/provincial/streaming/mystream.m3u8,网络源,https://i.imgur.com/bXHHtcb.png
Canal Pulpo TV,https://vs20.live.opencaster.com/canalpulpotv_bdeee6e2/index.m3u8,网络源,https://new.opencaster.com/uploads/logos/logo_306_1756336707.png
Canal PyC (720p),https://live20.bozztv.com/akamaissh101/ssh101/pyctelevision/playlist.m3u8,网络源,https://i.imgur.com/3qxBDhV.png
Canal RCN (1080p),http://138.121.15.230:9002/RCN/index.m3u8,网络源,https://i.imgur.com/5PhTaHp.png
Canal Ricos (480p),https://5d82644094cc0.streamlock.net/ricostv/ricostv/playlist.m3u8,网络源,https://i.imgur.com/hs2YVJ3.png
Canal Rural (1080p),https://607d2a1a47b1f.streamlock.net/crur/smil:canalrural.smil/playlist.m3u8,网络源,https://i.imgur.com/w9R9IIX.png
Canal San Roque (1080p) [Not 24/7],https://cdnlivevlc.codev8.net/aytosanroquelive/smil:channel1.smil/playlist.m3u8,网络源,https://i.imgur.com/SN9kFKh.png
Canal Santa Maria (360p),https://streaming.telered.com.ar/santa-maria/streaming/mystream.m3u8,网络源,https://www.canalsantamaria.com.ar/images/santamaria_logo.jpg
Canal Saude,https://eitv7.cdn.broadpeak.io/account351-i1495/event/canalsaude/format720p.m3u8,网络源,https://i.imgur.com/ht4tUOc.png
Canal Sete,http://play.canalsete.com.br:1935/canalsete/xpl-c7_source/playlist.m3u8,网络源,https://i.imgur.com/0cq0BPp.png
Canal Showsport (720p),https://livestream.lumpentv.com.ar/hls/lumpen.m3u8,网络源,https://i.imgur.com/0L9tW3Z.png
Canal Sierra de Cadiz (1080p) [Not 24/7],https://s.emisoras.tv:8081/sierradecadiz/index.m3u8,网络源,https://i.imgur.com/94rn7pb.png
Canal START (720p),https://cdn-tiva-srv5-zcast-com-br.smartbit.co/canalstart/canalstart/playlist.m3u8,网络源,https://storage.googleapis.com/soultv-prod-media/media/brand/Logomarca_CANAL_START_100X100_PNG_CrAzZzP.png
Canal Sur 2 (720p),https://cdnlive.codev8.net/rtvalive/smil:channel22.smil/playlist.m3u8,网络源,https://upload.wikimedia.org/wikipedia/commons/thumb/b/b4/Canal_Sur_2_-_2017_logo.png/500px-Canal_Sur_2_-_2017_logo.png
Canal Sur Andalucia (1080p),https://dfk2a268yviz9.cloudfront.net/v1/master/3722c60a815c199d9c0ef36c5b73da68a62b09d1/cc-ddiii1m6jt6of/CanalSurAndaluciaES.m3u8,网络源,https://i.imgur.com/lznnA4v.png
Canal Sur Noticias,https://cdnlive.codev8.net/rtvalive/smil:channel42.smil/playlist.m3u8,网络源,https://i.imgur.com/A3JscwS.png
Canal Survision Alerce (720p),https://s1.tvdatta.com:3384/live/canal20tvlive.m3u8,网络源,https://i.imgur.com/FknQYSp.png
Canal TDC,https://tdcserver.com:19360/tdconlione-2/tdconlione-2.m3u8,网络源,https://i.imgur.com/nPG38B2.png
Canal Telefamilia (360p) [Not 24/7],https://stmv2.voxtvhd.com.br/telefamilia/telefamilia/playlist.m3u8,网络源,https://i.imgur.com/D1s1Q3k.png
Canal TRV (576p),https://stream.ontvmx.com/ontv/CNMLXR0Z6FPtGdjcI4/playlist.m3u8,网络源,https://i.imgur.com/g5QKQ2E.png
Canal TV3 (720p) [Not 24/7],https://streaming.telenetdigital.net.co:8086/canal3tv/stream.m3u8,网络源,https://i.imgur.com/pyeBDpg.jpeg
Canal TV Radio Maya TGBA (480p),https://s.emisoras.tv:8081/radiomaya/index.m3u8,网络源,https://i.imgur.com/kORStT1.png
Canal Universidad,https://videostream.shockmedia.com.ar/hls/canaluniversidadmdp/canaluniversidadmdp.m3u8,网络源,https://i.imgur.com/trmPKYw.png
Canal UOL (1080p),https://video24.mais.uol.com.br/live/6146.m3u8,网络源,https://conteudo.imguol.com.br/c/play/logo_canaluol_2024.svg
Canal Visof (720p),https://stream.oursnetworktv.com/latin/Visof/playlist.m3u8,网络源,https://i.imgur.com/XiszuLl.png
Canal Womtv (720p),https://live.amelbatv.co:81/womtvlive/index.m3u8,网络源,https://i.imgur.com/Nr4muMP.jpeg
Canal Z (1080p),https://d1hz1p2gea2zy4.cloudfront.net/live/rmgtv/RMG-TRENDSZFR-LIVE/index.m3u8,网络源,https://i.imgur.com/qtiGLzZ.png
Canal Zoom [Geo-blocked],https://tvlocales-live.freecaster.com/live/95d2e3af-5ab8-45a9-9dc9-f544d006b5d5/95d2e3af-5ab8-45a9-9dc9-f544d006b5d5.isml/master.m3u8,网络源,https://i.imgur.com/JUNP8Rx.png
Canal+ Action Europe Czechia,http://46.149.191.219:9106/play/a01g,网络源,https://upload.wikimedia.org/wikipedia/commons/thumb/5/58/Canal%2B_Action_2024.svg/1920px-Canal%2B_Action_2024.svg.png
Canal+ Action Europe Slovakia (720p),http://151.80.18.177:86/Canal+_Family_HD/index.m3u8,网络源,https://upload.wikimedia.org/wikipedia/commons/thumb/5/58/Canal%2B_Action_2024.svg/1920px-Canal%2B_Action_2024.svg.png
Canal+ Cinemas (720p),http://151.80.18.177:86/Canal+_cinema_HD/index.m3u8,网络源,https://i.imgur.com/fvPoNEa.jpeg
CanalCosta (1080p),https://5d8d85cf2c308.streamlock.net:1936/CanalcostaTV/endirecto/playlist.m3u8,网络源,https://i.imgur.com/ap4FmYb.png
Canalda 26 HD [Not 24/7],https://canalda.rgradio.net:3084/live/canaldalive.m3u8,网络源,https://canaldahd.com/wp-content/uploads/2023/03/cropped-canaldahdlogo-1.png
Canale 2 Altamura (576p) [Not 24/7],https://59d7d6f47d7fc.streamlock.net/canale2/canale2/playlist.m3u8,网络源,https://i.imgur.com/7XXdN5T.png
Canale 5 [Geo-blocked],https://live3-mediaset-it.akamaized.net/Content/hls_h0_clr_vos/live/channel(C5)/index.m3u8,网络源,https://upload.wikimedia.org/wikipedia/commons/thumb/0/02/Canale_5_-_2018_logo.svg/960px-Canale_5_-_2018_logo.svg.png
Canale 5 HD,https://live02-seg.msf.cdn.mediaset.net/live/ch-c5/c5-clr.isml/index.m3u8,网络源,https://upload.wikimedia.org/wikipedia/commons/thumb/0/02/Canale_5_-_2018_logo.svg/960px-Canale_5_-_2018_logo.svg.png
Canale 7 (480p),http://wms.shared.streamshow.it/canale7/canale7/playlist.m3u8,网络源,https://canale7.tv/assets/front/img/fb_logo.jpg
Canale 8 (480p),http://wms.shared.streamshow.it/canale8/canale8/playlist.m3u8,网络源,https://i.imgur.com/xwYmFgj.png
Canale Dieci (540p) [Not 24/7],http://37.187.142.147:1935/ch10live/high.stream/playlist.m3u8,网络源,https://i.imgur.com/8Pay0Vv.png
Cananga TV (720p),https://cdn.streamingcpanel.com:3545/live/canangatlive.m3u8,网络源,https://i.imgur.com/isXlMAh.png
Cancionero TV (360p),http://89.140.229.5/hls1/cancionero.m3u8,网络源,https://i.imgur.com/tbboALa.png
Candelaria TV (720p) [Not 24/7],https://cdn.streamhispanatv.net:3921/live/candetvlive.m3u8,网络源,https://i.imgur.com/Mq1yoUQ.png
Candelita TV (480p),https://6110f70ea8d0e.streamlock.net/1689/1689/playlist.m3u8,网络源,https://i.imgur.com/34BvVDl.png
Canela TV (1080p),https://d3cx6yargdnl7q.cloudfront.net/canelatv.m3u8,网络源,https://i.imgur.com/8Hllkpk.png
Canica TV (240p),https://stmv4.voxtvhd.com.br/canicatv/canicatv/playlist.m3u8,网络源,https://i.imgur.com/RuQDwTt.jpeg
Cannes Lerins TV (1080p),https://vdo2.pro-fhi.net:3628/live/uppodsfqlive.m3u8,网络源,https://i.imgur.com/atlgnum.png
Cao Bang TV (720p),https://stream.thingnet.vn/live/smil:CRTV.smil/chunklist.m3u8,网络源,https://i.imgur.com/dGonewm.png
Caoba TV Radio (720p) [Not 24/7],https://host.streamingnation.live:3940/live/caobatvlive.m3u8,网络源,https://www.vivalivetv.com/public/files/shows/0/1/3906-294x165-FFFFFF.jpg
Cap Terre (1080p),http://145.239.5.177/359a/index.m3u8,网络源,https://d3b6luslimvglo.cloudfront.net/images/79/rlaxximages/channels-rescaled/icon-white/capterre_white.png
Cape Town TV (576p),https://cdn.freevisiontv.co.za/sttv/smil:ctv.stream.smil/playlist.m3u8,网络源,https://i.imgur.com/Y8FK1Kk.png
Capital 21 (1080p) [Not 24/7],https://video.cdmx.gob.mx/redes/stream.m3u8,网络源,https://i.imgur.com/8ign49i.png
Capital City Connection Montgomery [Not 24/7],https://capitalcityconnection.cablecast.tv/live/stream-1/live.m3u8,网络源,https://image.roku.com/developer_channels/prod/a2cb55884ff88035ebbbb32ef9c60a228314d0a2ac4c86722aff5ea1cb9abcd8.png
Capital TV,https://cdn4.mjunoon.tv:8087/streamtest/111M/chunks.m3u8,网络源,https://i.imgur.com/UxAE5O4.png
Capital TV HD (1080p),https://streaming.tvnepal.com:19360/capitaltv/capitaltv.m3u8,网络源,https://i.imgur.com/hb4bq1t.png
Capital TV HD HD,https://streaming.tvnepal.com:19360/capitaltv/720p.m3u8,网络源,https://i.imgur.com/hb4bq1t.png
Capricho TV (720p) [Not 24/7],https://video.compuwebecuador.com:3783/live/caprichotvlive.m3u8,网络源,https://i.imgur.com/eUoj9bG.png
Captain (576p),https://mumbai-edge.smartplaytv.in/captain/index.m3u8,网络源,https://dtil.tmsimg.com/assets/GNLZZGG0029CNNM.png?lock=720x540
Capuchin TV,https://goliveafrica.media:9998/live/64227f58b8413/index.m3u8,网络源,https://i.imgur.com/VCDSjX7.png
Car Chase (Sweden) (720p),https://jmp2.uk/plu-65a93be02fac9c00083cbac4.m3u8,网络源,https://images.pluto.tv/channels/65a93b0607e03a000895abda/colorLogoPNG.png
Car Chase (Sweden) DK (720p),https://jmp2.uk/plu-65a93b0607e03a000895abda.m3u8,网络源,https://images.pluto.tv/channels/65a93b0607e03a000895abda/colorLogoPNG.png
Car Chase (Sweden) NO (720p),https://jmp2.uk/plu-65a93b870c7ff50008d1ca47.m3u8,网络源,https://images.pluto.tv/channels/65a93b0607e03a000895abda/colorLogoPNG.png
Car Chase (United States) (720p),https://jmp2.uk/plu-65244c403fd33c0008ffff31.m3u8,网络源,https://images.pluto.tv/channels/65244c403fd33c0008ffff31/colorLogoPNG.png
Car City Adventures,https://d39g1vxj2ef6in.cloudfront.net/v1/master/3fec3e5cac39a52b2132f9c66c83dae043dc17d4/prod-rakuten-stitched/master.m3u8?ads.xumo_channelId=88883095,网络源,https://images-0.rakuten.tv/storage/global-live-channel/translation/artwork/bd356b80-79d9-46ff-9674-e69aaf10022f-width200-quality90.jpeg
Carac 1 (1080p),http://145.239.5.177/371/index.m3u8,网络源,https://i.imgur.com/TSc35U6.png
Carac 2 (1080p),https://onefmhd.vedge.infomaniak.com/livecast/ik:onefmhd/manifest.m3u8,网络源,https://i.imgur.com/hCoIPen.png
Carac 3 (1080p),https://lfmhd.vedge.infomaniak.com/livecast/lfmhd/playlist.m3u8,网络源,https://i.imgur.com/C4e8cjt.png
Carac 4 (1080p),https://edge17.vedge.infomaniak.com/livecast/ik:compack_media_1/playlist.m3u8,网络源,https://i.imgur.com/Dj5LPy3.png
Carac 5,https://lfmmd.vedge.infomaniak.com/livecast/ik:carac5/manifest.m3u8,网络源,https://i.imgur.com/giDfku4.png
Caracol HD2 (1080p),http://181.78.14.26:4000/play/a00d/index.m3u8,网络源,https://i.imgur.com/Fww94l9.png
Caracol TV (1080p),http://45.171.108.253:8888/CARACOL/index.m3u8,网络源,https://i.imgur.com/WbfdJbk.png
Caracola TV,https://wifispeed.trapemn.tv:1936/comunales/caracola-tv/chunks.m3u8,网络源,https://i.imgur.com/QGvfqug.png
Caras TV (1080p),https://unlimited1-us.dps.live/carastv/carastv.smil/playlist.m3u8,网络源,https://i.imgur.com/7dl4yQY.jpeg
Caribbean Gospel TV,https://25466019af9b7aed.servers.dvcloud.tv/hls/iptv_providers/fhvtgifbqbcjp0g19mdd76t18tpalu4k.m3u8,网络源,https://i.imgur.com/lhgrqmA.png
Caribbean Hot 7 TV (720p),https://586a9edea75f1.streamlock.net/caribbeanhot7tv/ch7-1.stream/playlist.m3u8,网络源,https://i.ibb.co/sjTS4xD/logo116x90-2.png
Carinosa TV (720p) [Not 24/7],https://cdn.streamhispanatv.net:3110/live/carinosatvlive.m3u8,网络源,https://i.imgur.com/13Kb6Lp.png
Caritas TV (1080p),https://rds3.desdeparaguay.net/caritastv/caritastv/playlist.m3u8,网络源,https://i.ibb.co/rwkpQx6/unnamed-2.png
Carivision (1080p) [Geo-blocked],https://ss2.tvrdomi.com:1936/carivision/carivision/playlist.m3u8,网络源,https://i.imgur.com/XjGb2UM.png
Caroline in the City,https://jmp2.uk/plu-66a7ab4dcd0d3100084395b4.m3u8,网络源,https://images.pluto.tv/channels/66a7aa44cd0d31000843942b/colorLogoPNG.png
Caroline in the City DK,https://jmp2.uk/plu-66a7aa44cd0d31000843942b.m3u8,网络源,https://images.pluto.tv/channels/66a7aa44cd0d31000843942b/colorLogoPNG.png
Caroline in the City NO,https://jmp2.uk/plu-66a7aac9d512590008ab2dcb.m3u8,网络源,https://images.pluto.tv/channels/66a7aa44cd0d31000843942b/colorLogoPNG.png
Carousel (1080p),http://31.148.48.15/Karusel_HD/index.m3u8,网络源,https://i.imgur.com/4wmnx1W.png
Carousel +4 (720p),http://185.37.150.46/Karusel/index.m3u8,网络源,https://i.imgur.com/4wmnx1W.png
Carousel International (576p),https://fs.uplink.kz/karusel/mono.m3u8?token=onlinetv,网络源,https://i.imgur.com/DnlngRZ.png
Cartago Medios TV (720p) [Not 24/7],https://acceso.mediosdecostarica.com:3511/stream/play.m3u8,网络源,https://i.imgur.com/Vcd40AL.png
Cartoon Classics,https://daiconnect.com/live/hls/tvup/rk-cartoonclassics/578f4b7eb725168349ec0af81b21d388/index.m3u8,网络源,https://images-3.rakuten.tv/storage/global-live-channel/translation/artwork/3227c06e-333b-4b1b-b657-3e3ab99ebd06-width200-quality90.jpeg
Casa Italia 53 (720p),https://ovp-live.akamaized.net/ac115_live/canale3.smil/playlist.m3u8,网络源,https://i.imgur.com/X8BI1Md.png
Cascara TV (720p),https://ss2.tvrdomi.com:1936/cascaratv/cascaratv/playlist.m3u8,网络源,https://i.imgur.com/DEUR7mB.png
Casma TV (720p),https://live-evg7.tv360.bitel.com.pe/bitel/casmatvSRT-TRA/playlist.m3u8,网络源,https://i.imgur.com/42aE0nm.jpeg
Catamarca TV (720p),https://stream.arcast.com.ar/canal7catamarca/ngrp:canal7catamarca_all/playlist.m3u8?DVR=,网络源,https://i.imgur.com/CEuPoqG.png
Catatumbo TV (406p),https://cloud.fastchannel.es/manifiest/hls/prog9/catatumbotv.m3u8,网络源,https://i.imgur.com/LBI2la0.png
Catholic Faith Network (720p),https://uni8rtmp.tulix.tv/cfntv/cfntv/playlist.m3u8,网络源,https://upload.wikimedia.org/wikipedia/en/0/07/Catholic_Faith_Network_2018.png
Catholic TV (1080p),https://catholictvhd-lh.akamaized.net/hls/live/2043390/CTVLiveHD/master.m3u8,网络源,https://i.imgur.com/EL0rWD3.png
CAtv (1080p) [Not 24/7],https://video2.getstreamhosting.com:19360/8216/8216.m3u8,网络源,https://caribbeanadvantage.com/images/CAtv-logo-512.png
Catve2 (720p),https://5b33b873179a2.streamlock.net:1443/catve2/catve2/playlist.m3u8,网络源,https://i.imgur.com/qiVfsfB.png
Catve FM (720p) [Not 24/7],https://5b33b873179a2.streamlock.net:1443/radiocamera/livestream/playlist.m3u8,网络源,https://i.imgur.com/w89yw36.png
Catve Master TV (720p) [Not 24/7],https://5b33b873179a2.streamlock.net:1443/mastertv/livestream/playlist.m3u8,网络源,https://i.imgur.com/4m7Iazm.png
Caught-Up TV (480p) [Not 24/7],https://webstreaming-3.viewmedia.tv/web_031/Stream/playlist.m3u8,网络源,https://i.imgur.com/7jeoulU.png
Cay TV (720p),https://edge1.socialsmart.tv/caytv/bant1/playlist.m3u8,网络源,https://i.imgur.com/ndupxwu.png
Cazador de Homicidas,https://jmp2.uk/plu-60ed5fb9c4716d0007d180c5.m3u8,网络源,https://i.imgur.com/hy6FJLe.png
CazeTV (1080i),https://dfr80qz435crc.cloudfront.net/MNOP/Amagi/Caze/Caze_TV_BR/Caze_TV.m3u8,网络源,https://upload.wikimedia.org/wikipedia/en/thumb/6/64/Caz%C3%A9TV_logo.svg/1280px-Caz%C3%A9TV_logo.svg.png
CB TV Michoacan,https://5ca3e84a76d30.streamlock.net/cbtv/videoc3b3t3v3/playlist.m3u8,网络源,https://i.imgur.com/oFeCIeD.png
CBBC (720p) [Geo-blocked],https://vs-cmaf-pushb-uk-live.akamaized.net/x=4/i=urn:bbc:pips:service:cbbc_hd/iptv_hd_abr_v1.mpd,网络源,https://i.imgur.com/tk8G4CU.png
CBC News Network (1080p),https://d2ny9lo79ujali.cloudfront.net/CBC_News_International.m3u8,网络源,https://i.imgur.com/SjTdhvJ.png
CBC Sport [Geo-blocked],https://mn-nl.mncdn.com/cbcsports_live/cbcsports/playlist.m3u8,网络源,https://i.imgur.com/3mEdjuq.png
CBC Television CBAT-DT (720p) [Geo-blocked],https://cbcrclinear-tor.akamaized.net/hls/live/2042757/CBCRCLINEAR_TOR_3/master5.m3u8,网络源,https://i.imgur.com/xflShTG.png
CBC Television CBCT-DT (720p) [Geo-blocked],https://cbcrclinear-tor.akamaized.net/hls/live/2042756/CBCRCLINEAR_TOR_2/master5.m3u8,网络源,https://upload.wikimedia.org/wikipedia/commons/thumb/8/81/CBCT-DT_2017.svg/960px-CBCT-DT_2017.svg.png
CBC Television CBET-DT (720p) [Geo-blocked],https://cbcrclinear-tor.akamaized.net/hls/live/2042759/CBCRCLINEAR_TOR_5/master5.m3u8,网络源,https://i.imgur.com/NFts1uU.png
CBC Television CBHT-DT (720p) [Geo-blocked],https://cbcrclinear-tor.akamaized.net/hls/live/2042758/CBCRCLINEAR_TOR_4/master5.m3u8,网络源,https://i.imgur.com/jdlYY4t.png
CBC Television CBKT-DT (720p) [Geo-blocked],https://cbcrclinear-tor.akamaized.net/hls/live/2042764/CBCRCLINEAR_TOR_10/master5.m3u8,网络源,https://i.imgur.com/PWGVjsg.png
CBC Television CBLT-DT (720p) [Geo-blocked],https://cbcrclinear-tor.akamaized.net/hls/live/2042760/CBCRCLINEAR_TOR_6/master5.m3u8,网络源,https://upload.wikimedia.org/wikipedia/commons/thumb/6/67/CBC_Logo_1992-Present.svg/960px-CBC_Logo_1992-Present.svg.png
CBC Television CBMT-DT (720p) [Geo-blocked],https://cbcrclinear-tor.akamaized.net/hls/live/2042761/CBCRCLINEAR_TOR_7/master5.m3u8,网络源,https://i.imgur.com/OiiM6Mz.png
CBC Television CBNT-DT (720p) [Geo-blocked],https://cbcrclinear-tor.akamaized.net/hls/live/2042755/CBCRCLINEAR_TOR_1/master5.m3u8,网络源,https://upload.wikimedia.org/wikipedia/commons/thumb/4/48/CBNT-DT_2017.svg/960px-CBNT-DT_2017.svg.png
CBC Television CBOT-DT (720p) [Geo-blocked],https://cbcrclinear-tor.akamaized.net/hls/live/2042762/CBCRCLINEAR_TOR_8/master5.m3u8,网络源,https://i.imgur.com/v3DJUa8.png
CBC Television CBRT-DT (720p) [Geo-blocked],https://cbcrclinear-tor.akamaized.net/hls/live/2042763/CBCRCLINEAR_TOR_9/master5.m3u8,网络源,https://i.imgur.com/ocq1x2B.png
CBC Television CBUT-DT (720p) [Geo-blocked],https://cbcrclinear-tor.akamaized.net/hls/live/2042768/CBCRCLINEAR_TOR_14/master5.m3u8,网络源,https://upload.wikimedia.org/wikipedia/commons/1/1a/CBUT_Logo_%28cleaned_up_ver%29.png
CBC Television CBWT-DT (720p) [Geo-blocked],https://cbcrclinear-tor.akamaized.net/hls/live/2042767/CBCRCLINEAR_TOR_13/master5.m3u8,网络源,https://i.imgur.com/aWNHg5z.png
CBC Television CBXT-DT (720p) [Geo-blocked],https://cbcrclinear-tor.akamaized.net/hls/live/2042765/CBCRCLINEAR_TOR_11/master5.m3u8,网络源,https://upload.wikimedia.org/wikipedia/commons/thumb/6/67/CBC_Logo_1992-Present.svg/960px-CBC_Logo_1992-Present.svg.png
CBC Television CFYK-DT (720p) [Geo-blocked],https://cbcrclinear-tor.akamaized.net/hls/live/2042766/CBCRCLINEAR_TOR_12/master5.m3u8,网络源,https://i.imgur.com/EHGOQhj.png
CBC TV8 (1080p) [Not 24/7],https://1740288887.rsc.cdn77.org/1740288887/index.m3u8,网络源,https://i.imgur.com/WsD83lq.png
CBeebies (720p) [Geo-blocked],https://vs-cmaf-pushb-uk-live.akamaized.net/x=4/i=urn:bbc:pips:service:cbeebies_hd/iptv_hd_abr_v1.mpd,网络源,https://xstreamcp-assets-msp.streamready.in/assets/LIVETV/LIVECHANNEL/LIVETV_LIVETVCHANNEL_CBEEBIES/images/LOGO_HD/image.png
CBeebies Asia India (576p),http://202.70.146.135:8000/play/a0a2/index.m3u8,网络源,https://upload.wikimedia.org/wikipedia/en/thumb/1/16/CBeebies.svg/960px-CBeebies.svg.png
CBN Espanol (1080p),https://fastly.live.brightcove.com/6383462549112/us-east-1/734546207001/eyJhbGciOiJIUzI1NiIsInR5cCI6IkpXVCJ9.eyJob3N0IjoiczFpM3ZpLmVncmVzcy50N2M3emwiLCJhY2NvdW50X2lkIjoiNzM0NTQ2MjA3MDAxIiwiZWhuIjoiZmFzdGx5LmxpdmUuYnJpZ2h0Y292ZS5jb20iLCJpc3MiOiJibGl2ZS1wbGF5YmFjay1zb3VyY2UtYXBpIiwic3ViIjoicGF0aG1hcHRva2VuIiwiYXVkIjpbIjczNDU0NjIwNzAwMSJdLCJqdGkiOiI2MzgzNDYyNTQ5MTEyIn0.g04lznsvgqgIXQt2ZH0H_tWtIeTsMgGjVORsjOJ0T6U/playlist-hls.m3u8,网络源,https://i.imgur.com/G7B4wSM.png
CBN Family (1080p),https://fastly.live.brightcove.com/6380399588112/us-east-1/734546207001/eyJhbGciOiJIUzI1NiIsInR5cCI6IkpXVCJ9.eyJob3N0IjoiczFpM3ZpLmVncmVzcy50N2M3emwiLCJhY2NvdW50X2lkIjoiNzM0NTQ2MjA3MDAxIiwiZWhuIjoiZmFzdGx5LmxpdmUuYnJpZ2h0Y292ZS5jb20iLCJpc3MiOiJibGl2ZS1wbGF5YmFjay1zb3VyY2UtYXBpIiwic3ViIjoicGF0aG1hcHRva2VuIiwiYXVkIjpbIjczNDU0NjIwNzAwMSJdLCJqdGkiOiI2MzgwMzk5NTg4MTEyIn0.LYfIeObmX4AEStY_xCnPZwMJHXgOAPFMTKfztq-9F8U/playlist-hls.m3u8,网络源,https://i.imgur.com/wDPkKT1.png
CBN Gospel (720p),https://59d39900ebfb8.streamlock.net/ccbn/ccbn/playlist.m3u8,网络源,https://i.imgur.com/SHBAblV.png
CBN News (1080p),https://fastly.live.brightcove.com/6380396819112/us-east-1/734546207001/eyJhbGciOiJIUzI1NiIsInR5cCI6IkpXVCJ9.eyJob3N0IjoiczFpM3ZpLmVncmVzcy50N2M3emwiLCJhY2NvdW50X2lkIjoiNzM0NTQ2MjA3MDAxIiwiZWhuIjoiZmFzdGx5LmxpdmUuYnJpZ2h0Y292ZS5jb20iLCJpc3MiOiJibGl2ZS1wbGF5YmFjay1zb3VyY2UtYXBpIiwic3ViIjoicGF0aG1hcHRva2VuIiwiYXVkIjpbIjczNDU0NjIwNzAwMSJdLCJqdGkiOiI2MzgwMzk2ODE5MTEyIn0.GDYp4IWtzwPkupEWeeOavnioVknO-Ev3UGlHvM1rE6I/playlist-hls.m3u8,网络源,https://i.imgur.com/9f9YMsA.png
CBN TV (720p),https://5790d294af2dc.streamlock.net/CBNVI/CBNVI/playlist.m3u8,网络源,https://i.imgur.com/SHBAblV.png
CBS (1080p),http://stream.cammonitorplus.net/1783/index.m3u8,网络源,https://upload.wikimedia.org/wikipedia/commons/thumb/e/ee/CBS_logo_%282020%29.svg/960px-CBS_logo_%282020%29.svg.png
CBS KCCI (720p),https://aegis-cloudfront-1.tubi.video/8d1f164d-34ef-4f70-b948-ae33826a0aaa/playlist.m3u8,网络源,https://upload.wikimedia.org/wikipedia/commons/thumb/e/ee/CBS_logo_%282020%29.svg/960px-CBS_logo_%282020%29.svg.png
CBS KDBC-TV (1080p),https://linear-706.frequency.stream/dist/stirr/706/hls/master/playlist.m3u8,网络源,https://upload.wikimedia.org/wikipedia/commons/thumb/e/ee/CBS_logo_%282020%29.svg/960px-CBS_logo_%282020%29.svg.png
CBS KEYE-TV (1080p),https://linear-704.frequency.stream/dist/stirr/704/hls/master/playlist.m3u8,网络源,https://upload.wikimedia.org/wikipedia/commons/thumb/e/ee/CBS_logo_%282020%29.svg/960px-CBS_logo_%282020%29.svg.png
CBS KIRO-TV (1080p),https://cdn-ue1-prod.tsv2.amagi.tv/linear/amg00327-coxmediagroup-kirobreaking-ono/playlist.m3u8,网络源,https://upload.wikimedia.org/wikipedia/commons/thumb/e/ee/CBS_logo_%282020%29.svg/960px-CBS_logo_%282020%29.svg.png
CBS KMTV-TV (720p),https://aegis-cloudfront-1.tubi.video/0b16cabe-a8fd-4d91-99e5-3efb7aa740cc/playlist.m3u8,网络源,https://i.imgur.com/E4PkyqN.png
CBS KUTV (1080p),https://linear-707.frequency.stream/dist/stirr/707/hls/master/playlist.m3u8,网络源,https://upload.wikimedia.org/wikipedia/commons/thumb/e/ee/CBS_logo_%282020%29.svg/960px-CBS_logo_%282020%29.svg.png
CBS KWTV-DT (720p) [Not 24/7],https://fuel-streaming-prod01.fuelmedia.io/v1/sem/e48409e7-672d-42f2-b5e0-ebb6744b0425.m3u8,网络源,https://upload.wikimedia.org/wikipedia/commons/thumb/e/ee/CBS_logo_%282020%29.svg/960px-CBS_logo_%282020%29.svg.png
CBS KZTV (720p),https://content.uplynk.com/channel/d1f868588ae5476dadaeff450170a183.m3u8,网络源,https://upload.wikimedia.org/wikipedia/commons/thumb/e/ee/CBS_logo_%282020%29.svg/960px-CBS_logo_%282020%29.svg.png
CBS WCBI-TV (720p),https://townnews.g-mana.live/media/4efc62fa-ad0b-445c-a839-4d1e7636988e/main.m3u8,网络源,https://upload.wikimedia.org/wikipedia/commons/thumb/e/ee/CBS_logo_%282020%29.svg/960px-CBS_logo_%282020%29.svg.png
CBS WDEF-TV (720p),https://townnews.g-mana.live/media/a54a6409-5e91-46f0-9fee-06904c1fd094/main.m3u8,网络源,https://upload.wikimedia.org/wikipedia/commons/thumb/e/ee/CBS_logo_%282020%29.svg/960px-CBS_logo_%282020%29.svg.png
CBS WHIO-TV (1080p),https://cdn-ue1-prod.tsv2.amagi.tv/linear/amg00327-coxmediagroup-whiobreaking-ono/playlist.m3u8,网络源,https://upload.wikimedia.org/wikipedia/commons/thumb/e/ee/CBS_logo_%282020%29.svg/960px-CBS_logo_%282020%29.svg.png
CBS WJAX-TV (1080p),https://cdn-ue1-prod.tsv2.amagi.tv/linear/amg00327-coxmediagroup-wjaxbreaking-ono/playlist.m3u8,网络源,https://i.imgur.com/TBjVU9L.png
CBS WKRC-TV (1080p),https://linear-691.frequency.stream/dist/stirr/691/hls/master/playlist.m3u8,网络源,https://upload.wikimedia.org/wikipedia/commons/thumb/e/ee/CBS_logo_%282020%29.svg/960px-CBS_logo_%282020%29.svg.png
CBS WPEC (1080p),https://linear-692.frequency.stream/dist/stirr/692/hls/master/playlist.m3u8,网络源,https://upload.wikimedia.org/wikipedia/commons/thumb/e/ee/CBS_logo_%282020%29.svg/960px-CBS_logo_%282020%29.svg.png
CBS WTVR-TV (720p),https://aegis-cloudfront-1.tubi.video/d8fc1d6c-fd55-45c8-973b-b7327ee1a6e0/playlist.m3u8,网络源,https://upload.wikimedia.org/wikipedia/commons/thumb/e/ee/CBS_logo_%282020%29.svg/960px-CBS_logo_%282020%29.svg.png
CBS WWMT (1080p),https://linear-701.frequency.stream/dist/stirr/701/hls/master/playlist.m3u8,网络源,https://upload.wikimedia.org/wikipedia/commons/thumb/e/ee/CBS_logo_%282020%29.svg/960px-CBS_logo_%282020%29.svg.png
CBS en espanol,https://jmp2.uk/plu-668c5cb4f01dbe0008dd4082.m3u8,网络源,https://images.pluto.tv/channels/668c5cb4f01dbe0008dd4082/colorLogoPNG.png
CBS News 24/7 (720p),https://jmp2.uk/plu-6350fdd266e9ea0007bedec5.m3u8,网络源,https://upload.wikimedia.org/wikipedia/commons/thumb/b/b0/CBS_News_247_logo.svg/960px-CBS_News_247_logo.svg.png
CBS News Baltimore (720p),https://lineup.cbsivideo.com/playout/8877a7d5-b094-4ac8-bc72-75a5fed68e5b/index.m3u8,网络源,https://i.imgur.com/jy3UfCe.png
CBS News Bay Area (720p),https://cbsn-sf.cbsnstream.cbsnews.com/out/v1/dac63c1abb3f4a2dac9f508f44bb072a/master.m3u8,网络源,https://static.wikia.nocookie.net/logopedia/images/1/1a/Logo-cbsn-bayarea-1920x1080.jpg/revision/latest/scale-to-width-down/512
CBS News Boston (720p),https://cbsn-bos.cbsnstream.cbsnews.com/out/v1/589d66ec6eb8434c96c28de0370d1326/master.m3u8,网络源,https://i.imgur.com/9un7R3N.png
CBS News Chicago (720p),https://cbsn-chi.cbsnstream.cbsnews.com/out/v1/b2fc0d5715d54908adf07f97d2616646/master.m3u8,网络源,https://i.imgur.com/qGbVQir.png
CBS News Colorado (720p),https://cbsn-den.cbsnstream.cbsnews.com/out/v1/2e49baf2906244ecb01b07d9885fbe7a/master.m3u8,网络源,https://i.imgur.com/2oyYwBw.png
CBS News Detroit (720p),https://cbsn-det.cbsnstream.cbsnews.com/out/v1/169f5c001bc74fa7a179b19c20fea069/master.m3u8,网络源,https://i.imgur.com/cMels2Y.png
CBS News Los Angeles (720p),https://cbsn-la.cbsnstream.cbsnews.com/out/v1/57b6c4534a164accb6b1872b501e0028/master.m3u8,网络源,https://i.imgur.com/klULxMV.png
CBS News Miami (720p),https://cbsn-mia.cbsnstream.cbsnews.com/out/v1/ac174b7938264d24ae27e56f6584bca0/master.m3u8,网络源,https://i.imgur.com/DExbVa9.png
CBS News Minnesota (720p),https://cbsn-min.cbsnstream.cbsnews.com/out/v1/76518f06941246ba810c8d175600bf74/master.m3u8,网络源,https://i.imgur.com/ubxwfMY.png
CBS News New York (720p),https://cbsn-ny.cbsnstream.cbsnews.com/out/v1/ec3897d58a9b45129a77d67aa247d136/master.m3u8,网络源,https://i.imgur.com/bpc4v0u.png
CBS News Philly (720p),https://cbsn-phi.cbsnstream.cbsnews.com/out/v1/5c9ad3e215984b0e9ad845b335216b72/master.m3u8,网络源,https://i.imgur.com/FmtTbNY.png
CBS News Pittsburgh (720p),https://cbsn-pit.cbsnstream.cbsnews.com/out/v1/6966dabf8150405ab26f854e3cd6a2b8/master.m3u8,网络源,https://i.imgur.com/Un9IrUh.png
CBS News Sacramento (720p),https://lineup.cbsivideo.com/playout/c1ed69db-6b71-4581-a937-a70ab4089f8a/index.m3u8,网络源,https://i.imgur.com/0e1kSGX.png
CBS Sports Golazo Network (720p),https://dai.google.com/linear/hls/event/7f3Wv6f7QEKfQna22jHqLQ/master.m3u8,网络源,https://i.imgur.com/eMjutHS.png
CBS Sports HQ (720p),https://jmp2.uk/plu-5e9f2c05172a0f0007db4786.m3u8,网络源,https://i.imgur.com/q8BENJg.png
CC Pluto TV,https://jmp2.uk/plu-5d4947590ba40f75dc29c26b.m3u8,网络源,https://images.pluto.tv/channels/5d4947590ba40f75dc29c26b/colorLogoPNG.png
CC-TV (720p),https://cdn3.wowza.com/5/cHYzekYzM2kvTVFH/charlotte/G0055_009/playlist.m3u8,网络源,
CCI Channel (1080p),https://livestream.mediacci.com/ccitv/index.m3u8,网络源,https://i.imgur.com/c6hm03f.png
CCTN 47 (1080p) [Not 24/7],http://122.55.252.134:8443/live/bba5b536faeacb9b56a3239f1ee8e3b3/1.m3u8,网络源,https://i.imgur.com/IFpAmvW.png
CCTV+ 1 (600p) [Not 24/7],https://cd-live-stream.news.cctvplus.com/live/smil:CHANNEL1.smil/playlist.m3u8,网络源,https://i.imgur.com/U8d4Is6.png
CCTV+ 2 (600p) [Not 24/7],https://cd-live-stream.news.cctvplus.com/live/smil:CHANNEL2.smil/playlist.m3u8,网络源,https://i.imgur.com/qSg862A.png
CCTV-1 HD (1080p),http://69.30.245.50/live/cctv1.m3u8,网络源,https://i.imgur.com/TpA3cUl.png
CCTV-2 (720p),http://74.91.26.218:82/live/cctv2hd.m3u8,网络源,https://i.imgur.com/ILamhwU.png
CCTV-4 America (1080p),https://global.cgtn.cicc.media.caton.cloud/master/cgtn-america.m3u8,网络源,https://i.imgur.com/gBbLyqh.png
CCTV-4 Europe,https://dash2.antik.sk/live/test_cctv_tizen/playlist.m3u8,网络源,https://i.imgur.com/HGLFdfk.png
CCTV-4K HD (1080p),http://198.204.240.250:82/live/cctv4k.m3u8,网络源,https://i.imgur.com/fxusYlX.png
CCTV-6 [Geo-blocked],https://live.eac-news.com/CCTV/streams/cctv6.m3u8,网络源,https://i.imgur.com/rFiaef7.png
CCTV-8K HD (1080p),http://192.151.150.154/live/cctv8k.m3u8,网络源,https://i.imgur.com/fxVPMJF.png
CCTV-9 (576i),https://xykt-fix.github.io/Y77.m3u8,网络源,https://i.imgur.com/3tivvMm.png
CCTV-13 HD (1080p),http://go.bkpcp.top/mg/cctv13,网络源,https://i.imgur.com/6MTar6J.png
CCTV-15 (1080p),https://xykt-fix.github.io/play/a02e/index.m3u8,网络源,https://i.imgur.com/CCV0eRG.png
CCTV-16 HD (1080p),http://74.91.26.218:82/live/cctv16hd.m3u8,网络源,https://i.imgur.com/ZzV6JQp.png
CCTV-Health (1080p),http://38.75.136.137:98/gslb/dsdqpub/wsjk.m3u8?auth=testpub,网络源,https://i.imgur.com/AzpRtCz.png
CCV (480p),https://5a1178b42cc03.streamlock.net/8212/8212/playlist.m3u8,网络源,https://i.imgur.com/4ss0KfA.png
CCX1 (1080p),http://reflect-ccx.cablecast.tv/live-9/live/stream-1/live.m3u8,网络源,https://i.imgur.com/1hHW3IK.png
CDM Internacional (480p) [Not 24/7],https://627bb251f23c7.streamlock.net:444/CDMInternacional/CDMInternacional/playlist.m3u8,网络源,https://i.imgur.com/N7IneVk.png
CDN (576p),http://190.61.90.17:40000/play/a03p/index.m3u8,网络源,https://i.imgur.com/eQyjIgf.png
CDN Deportes (720p) [Not 24/7],https://hls.tvabierta.net/hls/036.m3u8,网络源,https://i.imgur.com/yU5LqTL.png
CDNN 23 (1080p) [Not 24/7],https://cootv.cootel.com.ni:8095/Canal23_CooTel/playlist.m3u8,网络源,https://i.imgur.com/7CNzlB6.png
CDO (1080p),http://cdn1tlinkgo.tlink.cl/cdo/mono.m3u8,网络源,https://i.imgur.com/zH3jHIT.png
CEACOM TV (1080p) [Not 24/7],https://eu1.servers10.com:8081/ceacom/index.m3u8,网络源,https://i.imgur.com/hutdRfk.png
Cekmekoy TV (1080p),https://cdn-cekmekoybeltv.yayin.com.tr/cekmekoybeltv/cekmekoybeltv_1080p/playlist.m3u8,网络源,https://i.imgur.com/sjAGFWu.png
Celebes TV [Not 24/7],https://ams.juraganstreaming.com:5443/LiveApp/streams/celebesmedia.m3u8,网络源,https://upload.wikimedia.org/wikipedia/id/8/81/Logo_Celebes_TV_2020.png
Celebrity Name Game (1080p) [Geo-blocked],https://amg00353-amg00353c19-xumo-us-2608.playouts.now.amagi.tv/lionsgate-clbng/playlist.m3u8,网络源,https://provider-static.plex.tv/epg/cms/production/773232e1-5c36-490b-922e-e5be8ec12eb2/celebrityd5796a3e14bf45513f7b3071b90d030.png
Celebrity Scene TV (720p),https://rpn.bozztv.com/gusa/gusa-celebrityscene/index.m3u8,网络源,https://i.imgur.com/n36jriB.png
Celestial Movies (576i),http://103.58.160.157:8278/720-CELESTIALMOVIES/playlist.m3u8,网络源,https://i.imgur.com/Mb5ssnu.png
Celta TV (240p),https://vivo.solumedia.com:19360/celta/celta.m3u8,网络源,https://i.imgur.com/rwoIF4w.png
Cenovision HD (720p),https://5790d294af2dc.streamlock.net/cenovision/cenovision/playlist.m3u8,网络源,https://imgur.com/ShPaOvn.jpg
Center TV (1080p),https://eu1.streams.gr:8081/centertv/index.m3u8,网络源,https://i.imgur.com/52JW71Q.png
Central TV (Chile) (720p),https://freya.mivideo.pro/centraltv/video.m3u8,网络源,https://cdn.m3u.cl/logo/1706_Central_TV.png
Cerritos TV3 (360p),https://cdn3.wowza.com/5/UWpORHhLSEs5SkJs/cerritos/G0010_002/playlist.m3u8,网络源,https://i.imgur.com/huCBOIy.png
Cetelmon TV (404p),http://player.cetelmon.tv/protecteddfd43c2f3a8b41f3f28582bf8993aca6/992_high.m3u8,网络源,https://i.imgur.com/GGn7itj.png
CETV-1 (576p),http://117.161.133.51:81/gitv_live/G_CETV-1/G_CETV-1.m3u8?p=GITV,网络源,https://i.imgur.com/6sOHLq8.png
CETV-2 (576p),http://117.161.133.51:81/gitv_live/G_CETV-2/G_CETV-2.m3u8?p=GITV,网络源,https://i.imgur.com/ZD8XPmw.png
CFM TV Channel 98 (360p),https://cdn3.wowza.com/5/djRwZmQvTEJidmZD/cityftmyers/G2083_002/playlist.m3u8,网络源,https://i.imgur.com/LGs524I.png
CG Entertainment,https://cgentertainment-cgtv-1-it.samsung.wurl.tv/playlist.m3u8,网络源,https://i.imgur.com/XeWzy7e.png
CGNTV Chinese (1080p),https://d3e05csss9c272.cloudfront.net/out/v1/f0bf71c57581470fb9379f603e8f5d83/CGNWebLiveCN.m3u8,网络源,https://i.imgur.com/bPoPAbR.png
CGTN (1080p),https://amg00405-rakutentv-cgtn-rakuten-i9tar.amagi.tv/master.m3u8,网络源,https://upload.wikimedia.org/wikipedia/commons/thumb/8/81/CGTN.svg/960px-CGTN.svg.png
CGTN Arabic,https://dash3.antik.sk/live/test_cgtn_arb_tizen/playlist.m3u8,网络源,https://i.imgur.com/AkFFrS7.png
CGTN Documentary (1080p),https://amg00405-rakutentv-cgtndocumentary-rakuten-0ql8j.amagi.tv/master.m3u8,网络源,https://i.imgur.com/JHv0WxM.png
CGTN French (1080p),http://145.239.5.177/214/index.m3u8,网络源,https://i.imgur.com/BwhledK.png
CGTN Global Biz (1080p),https://fastlive.cctvplus.com/out/v1/2b3d8a0c805d437f9dc85b764c2ac599/index.m3u8,网络源,https://i.imgur.com/qBmomnF.png
CGTN Russian (1080p),https://russian-livews.cgtn.com/hls/LSvexABhNipibK5KRuUkvHZ7220802LSTeze9o8tdFXMHsb1VosgoT220802cd/playlist.m3u8,网络源,https://i.imgur.com/nDWkCmL.png
CGTN Spanish (1080p),https://espanol-livews.cgtn.com/hls/LSveOGBaBw41Ea7ukkVAUdKQ220802LSTexu6xAuFH8VZNBLE1ZNEa220802cd/playlist.m3u8,网络源,https://i.imgur.com/Poz3xfi.png
CGTV (720p),https://champaign-cablecast.cablecast.tv/live/stream-2/live.m3u8,网络源,https://champaignil.gov/wp-content/uploads/2011/06/cgtv-page-logo.jpg
Ch4Teen Documentary (1080p),https://ch14.tv/live/ch4teendoc/playlist.m3u8,网络源,https://i.imgur.com/pHpFGeg.png
Chabiba TV (360p) [Not 24/7],https://endour.net/hls/RUgLAPCbPdF5oPSTX2Hvl/index.m3u8,网络源,https://i.imgur.com/qVTOklV.png
Chaco TV (720p) [Not 24/7],https://wowzasrv.chaco.gov.ar/Streamtv/chacotv/playlist.m3u8,网络源,https://i.imgur.com/b6RerDw.png
Chacra TV,https://5f700d5b2c46f.streamlock.net/chacratv/chacratv/playlist.m3u8,网络源,https://i.imgur.com/gy7AEfO.png
Chada TV (720p),https://edge13.vedge.infomaniak.com/livecast/ik:chadatv/manifest.m3u8,网络源,https://freebox.cdn.scw.iliad.fr/medium_Logo_chada_tv_2ee1412d38.png
Chamame TV,https://srv4.zcast.com.br/chamametv/chamametv/playlist.m3u8,网络源,https://i.imgur.com/JigzJck.png
Champion TV,https://stream.berosat.live/hls/champion-tv/champion-tv.m3u8,网络源,https://i.imgur.com/WjHSrHN.png
Chandel TV (720p),https://kali.vdopanel.com:3660/live/vj6jlam1rlive.m3u8,网络源,https://i.imgur.com/jQO7dVE.png
Channel 5 (Russia) (576p),http://str2.iptvhd.ru:8080/5_kanal/index.m3u8,网络源,https://i.imgur.com/KPXMa3U.png
Channel 5 (Thailand) (1080p),https://639bc5877c5fe.streamlock.net/tv5hdlive/tv5hdlive/playlist.m3u8,网络源,https://i.imgur.com/wOIaqg7.png
Channel 5 International (576p),http://178.134.1.158:8081/5channel/index.m3u8,网络源,https://i.imgur.com/KPXMa3U.png
Channel 7 (Kazakhstan) (576p),http://stream.mcquack.net/27/index.m3u8,网络源,https://i.imgur.com/LebKU09.png
Channel 7 (Thailand) (1080p),https://lb1-live-mv.v2h-cdn.com/hls/ffac/gohg/gohg.m3u8,网络源,https://i.imgur.com/SBCIwek.png
Channel 7 Ukraine (720p),http://cdn10.live-tv.od.ua:8081/7tvod/7tvod-abr/7tvod/7tvod/playlist.m3u8,网络源,https://i.imgur.com/9Ll0BIo.png
Channel 8 (Greece) (1080p),https://gra1.crystalweb.net:1936/channel8/channel8/playlist.m3u8,网络源,https://www.channel8.gr/img/channel8.png
Channel8 (720p),https://live.channel8.com/Channel8-Kurdish/index.fmp4.m3u8,网络源,https://upload.wikimedia.org/wikipedia/commons/thumb/4/40/Channel8corp.png/960px-Channel8corp.png
Channel 8 (Russia) (576p),http://45.11.139.43:8555/8kanal/index.m3u8,网络源,https://i.imgur.com/nUSx1jF.png
Channel 8 (Singapore) (720p),https://cdn.qd.je/163189/ch8,网络源,https://upload.wikimedia.org/wikipedia/commons/thumb/5/55/Mediacorp_Channel_8_2023.svg/960px-Mediacorp_Channel_8_2023.svg.png
Channel 8 (Thailand),https://lb1-live-mv.v2h-cdn.com/hls/ffbe/jvcxf/jvcxf.m3u8,网络源,https://i.imgur.com/P3c5jAu.png
Channel 9 (Australia) (720p) [Geo-blocked],https://9now-livestreams-fhd-t.akamaized.net/u/prod/simulcast/syd/ch9/hls/r1/index.m3u8,网络源,https://www.nineforbrands.com.au/wp-content/uploads/2025/06/9_BLUE.png
Channel 9 (Australia) Adelaide (720p) [Geo-blocked],https://9now-livestreams-fhd-t.akamaized.net/u/prod/simulcast/adl/ch9/hls/r1/index.m3u8,网络源,https://www.nineforbrands.com.au/wp-content/uploads/2025/06/9_BLUE.png
Channel 9 (Australia) Brisbane (720p) [Geo-blocked],https://9now-livestreams-fhd-t.akamaized.net/u/prod/simulcast/bne/ch9/hls/r1/index.m3u8,网络源,https://www.nineforbrands.com.au/wp-content/uploads/2025/06/9_BLUE.png
Channel 9 (Australia) Perth (720p) [Geo-blocked],https://9now-livestreams-fhd-t.akamaized.net/u/prod/simulcast/per/ch9/hls/r1/index.m3u8,网络源,https://www.nineforbrands.com.au/wp-content/uploads/2025/06/9_BLUE.png
Channel 9 (Israel) (1080p),https://contact.gostreaming.tv/Con-11/index.m3u8,网络源,https://i.imgur.com/pttM3KQ.png
Channel 9 (Myanmar) (720p),https://mmtvs.exliatycl.online/channel9/stream.m3u8,网络源,https://upload.wikimedia.org/wikipedia/en/6/6e/Channel_9_Myanmar_Logo.jpg
Channel 10 (Russia) (576i),https://bl.rutube.ru/livestream/c9e26bf5c003fd8d477200065ca1a05f/index.m3u8?e=2072611029&s=eqlTXebDP9wSWTZgre6BwQ&scheme=https,网络源,https://i.imgur.com/k8JjFDw.png
Channel 10 (United States) (720p),https://cdn3.wowza.com/5/cFh0V0QwUVc4SDl2/santa-paula/G0930_002/playlist.m3u8,网络源,https://spcity.org/ImageRepository/Document?documentID=4246
Channel 12 (1080p),https://12channel.bonus-tv.ru/cdn/12channel/playlist.m3u8,网络源,https://i.imgur.com/OA9hm6e.png
Channel 13 (Maldives),https://sunplay-cdn.bitratelabs.com/live/local-channel-fhd/ch13-28754fda0a7f338e8fccfe7206ab9be8_1080p/index.m3u8,网络源,https://i.imgur.com/lR5jUSU.jpeg
Channel 18 GAC,https://reflect-channel18vod-springfield-il-us.cablecast.tv/live-13/live/stream-1/live.m3u8,网络源,https://i.imgur.com/au07aLr.png
Channel 24 (Ukraine) (1080p),https://streamvideol1.luxnet.ua/news24/smil:news24.stream.smil/playlist.m3u8,网络源,https://upload.wikimedia.org/wikipedia/commons/thumb/a/ab/24_Group_Ukraine_04.png/960px-24_Group_Ukraine_04.png
Channel 44 (480p),https://d1k6kax80wecy5.cloudfront.net/WFqZJc/index.m3u8,网络源,https://i.imgur.com/P2wUGh9.png
Channel 200 (540p),https://d1jlnqid3sfc6m.cloudfront.net/out/v1/3fc2254c865a457c8d7fbbce227a2aae/index.m3u8,网络源,https://i.imgur.com/gAebu4q.png
Channel A [Geo-blocked],http://channelalive.ktcdn.co.kr/chalivepc/_definst_/atv2/playlist.m3u8,网络源,https://i.imgur.com/W9laHPD.png
Channel Divya (1080p),https://vg-pitaaratvlive.akamaized.net/v1/vglive-sk-906482/playlist.m3u8,网络源,https://dtil.tmsimg.com/assets/s143010_ld_h15_aa.png?lock=720x540
Channel K (720p),https://mmtvs.exliatycl.online/channelk/stream.m3u8,网络源,https://i.imgur.com/6PqxuhF.png
Channel One (Russia) (1080p),http://31.148.48.15/Pervii_kanal_HD/index.m3u8,网络源,https://i.imgur.com/RUSX0rX.png
Channel One (Russia) HD (720p),https://edge1.1internet.tv/dash-live2/streams/1tv-dvr/1tvdash.mpd,网络源,https://i.imgur.com/RUSX0rX.png
Channel One (United States),https://pemirateshls.persiana.live/hls/stream.m3u8,网络源,https://i.imgur.com/igskUo0.png
Channel One CIS (576p),https://fs.uplink.kz/perviy_kanal_sng/mono.m3u8?token=onlinetv,网络源,https://i.imgur.com/RUSX0rX.png
Channel One Eurasia (576p),https://fs.uplink.kz/perviy_kanal_evrasia/mono.m3u8?token=onlinetv,网络源,https://i.imgur.com/vm5sJHP.png
Channel S (Bangladesh),https://app.ncare.live/c3VydmVyX8RpbEU9Mi8xNy8yMDE0GIDU6RgzQ6NTAgdEoaeFzbF92YWxIZTO0U0ezN1IzMyfvcGVMZEJCTEFWeVN3PTOmdFsaWRtaW51aiPhnPTI2/channels.stream/live-orgin/channels.stream/playlist.m3u8,网络源,https://www.channels.com.bd/storage/project_files/logo/2024-05-14a_n17156821814310.png
Channel S (United Kingdom) (576p),https://app.ncare.live/c3VydmVyX8RpbEU9Mi8xNy8yMDE0GIDU6RgzQ6NTAgdEoaeFzbF92YWxIZTO0U0ezN1IzMyfvcGVMZEJCTEFWeVN3PTOmdFsaWRtaW51aiPhnPTI/chsukoff.stream/playlist.m3u8,网络源,https://i.imgur.com/hJxFLvF.png
Channel U (720p),https://cdn.qd.je/163189/chu,网络源,https://upload.wikimedia.org/wikipedia/commons/thumb/d/d5/Mediacorp_Channel_U_2023.svg/960px-Mediacorp_Channel_U_2023.svg.png
Channel WIN (720p),https://cdn.pishow.tv/ott/live/229/master.m3u8,网络源,https://xstreamcp-assets-msp.streamready.in/assets/LIVETV/LIVECHANNEL/LIVETV_LIVETVCHANNEL_CHANNEL_WIN/images/LOGO_HD/image.png
Channel-16 (406p) [Not 24/7],http://serv25.vintera.tv:8081/test/k16/playlist.m3u8,网络源,https://i.imgur.com/7tNDKHe.png
Channels 24,https://live20.bozztv.com/dvrfl06/astv/astv-channel24africa/index.m3u8,网络源,https://i.imgur.com/ww5zNmY.png
Channels TV,https://cs2.push2stream.com/CHANNELSTV-DVR/playlist.m3u8,网络源,https://upload.wikimedia.org/wikipedia/en/7/76/Channels_TV.jpg
Chaos City,https://jmp2.uk/plu-60afbad343e3840007164348.m3u8,网络源,https://i.imgur.com/1UZNdRH.png
Chappelle's Show,https://jmp2.uk/plu-65e9783b0d456100082d9e05.m3u8,网络源,https://images.pluto.tv/channels/65e976ad0d456100082d9b74/colorLogoPNG.png
Chappelle's Show DK,https://jmp2.uk/plu-65e976ad0d456100082d9b74.m3u8,网络源,https://images.pluto.tv/channels/65e976ad0d456100082d9b74/colorLogoPNG.png
Chappelle's Show NO,https://jmp2.uk/plu-65e977a618036500082ec972.m3u8,网络源,https://images.pluto.tv/channels/65e976ad0d456100082d9b74/colorLogoPNG.png
Charana TV (360p),https://edge3-moblive.yuppcdn.net/transhd2/smil:chtv05.smil/index.m3u8,网络源,
Charapa TV (720p),https://live-evg10.tv360.bitel.com.pe/bitel/charapatvSRT/playlist.m3u8,网络源,https://i.imgur.com/tFRmMkf.png
Chardikla Gurbaani TV (1080p),https://chardikalatimestv.gigabitcdn.net/in-chardikala/chardikala-gurbani-tv/playlist.m3u8,网络源,https://i.imgur.com/NXD8CPq.png
Chardikla Time TV (1080p),https://chardikalagurbanitv.gigabitcdn.net/in-chardikala/chardikala-timetv/playlist.m3u8,网络源,https://xstreamcp-assets-msp.streamready.in/assets/LIVETV/LIVECHANNEL/LIVETV_LIVETVCHANNEL_CHARDIKLA_TIME_TV/images/LOGO_HD/image.png
Chardikla Time TV North America (1080p),https://chardikalanorthamerica.gigabitcdn.net/in-chardikala/chardikala-north-usa/playlist.m3u8,网络源,https://i.imgur.com/IUeMFey.jpg
Charge! (1080p),https://fast-channels.sinclairstoryline.com/CHARGE/index.m3u8,网络源,https://static.wikia.nocookie.net/logopedia/images/0/09/Charge!_network_logo.png/revision/latest/scale-to-width-down/512/
Charity TV,https://652930de05533.streamlock.net/live/ngrp:livestream_all/playlist.m3u8,网络源,https://i.imgur.com/U9z8WBY.png
Charoen Cable 37 TV,http://www5.cabletv.co.th/StreamToCTV/cablechannel/playlist.m3u8,网络源,https://www.cabletv.co.th/wp-content/uploads/2023/01/Artboard-3.png
Charterfeber,https://jmp2.uk/plu-61c1dda0fe470d00080f85b8.m3u8,网络源,https://images.pluto.tv/channels/61c1dda0fe470d00080f85b8/colorLogoPNG.png
CHC Action (1080p),http://39.134.19.68/dbiptv.sn.chinamobile.com/PLTV/88888888/224/3221226465/index.m3u8,网络源,https://i.imgur.com/AuiVcyh.png
CHC Home Theater (1080p),http://39.134.19.153/dbiptv.sn.chinamobile.com/PLTV/88888888/224/3221226462/index.m3u8,网络源,https://i.imgur.com/AwBldBE.png
CHCO-TV (720p) [Geo-blocked],https://temp4.isilive.ca/live/CHCOTV/live/index.m3u8,网络源,https://i.imgur.com/EpMawIy.png
Che! (576p),http://flussonic.linkintel.ru/che/index.m3u8,网络源,https://i.imgur.com/ZOcDGpB.png
Cheddar News (1080p),https://hls.livecdn.io/cheddar.com/cheddar/playlist.m3u8,网络源,https://i.imgur.com/tuP9GW8.png
Cheers (Sweden) NO,https://jmp2.uk/plu-63e389dcc111bc0008ee5b8c.m3u8,网络源,https://images.pluto.tv/channels/642e9575af2bd900088527dd/colorLogoPNG.png
Cheers (United States),https://jmp2.uk/plu-62bdb7f0db2eb30007376d4d.m3u8,网络源,https://images.pluto.tv/channels/62bdb7f0db2eb30007376d4d/colorLogoPNG.png
Cheers + Frasier,https://jmp2.uk/plu-66ba495ffe11e5000881f049.m3u8,网络源,https://images.pluto.tv/channels/66ba495ffe11e5000881f049/colorLogoPNG.png
Chef Champion (720p) [Not 24/7],https://rpn.bozztv.com/gusa/gusa-chefchampion/index.m3u8,网络源,https://i.imgur.com/15a9pG9.png
Chef Roc Show (720p) [Not 24/7],https://rpn.bozztv.com/gusa/gusa-chefrock/index.m3u8,网络源,https://i.imgur.com/vhVnAzE.png
Chef TV (720p),http://168.197.104.22/CHEF_TV/index.m3u8,网络源,https://i.imgur.com/UYksTee.png
Cheksiz TV,https://fl.biztv.media/cheksiz_tv_480_unif7hujidth7f4du83jrhuid3k94j8hfj8d93eubych8eju93n4ubt/tracks-v1a1/mono.m3u8,网络源,https://i.imgur.com/f7hHmmR.jpeg
Cherniveckiy promin (720p),https://langate.tv/promin/live_720/index.m3u8,网络源,https://i.imgur.com/O9nQ5po.png
Chifeng Comprehensive News Chanel,http://play1-qk.nmtv.cn/live/1735546697341033.m3u8,网络源,https://www.tvchinese.net/uploads/tv/cfxwzhpd.jpg
Chikitoonz (1080p),http://45.70.201.81:8000/play/a00p/index.m3u8,网络源,https://chikitoonz.com/site/wp-content/uploads/2024/08/logochikitoonz2.png
Chile Channel (720p),https://v2.tustreaming.cl/chilechannel/index.m3u8,网络源,https://i.imgur.com/F1it6fh.png
ChileVision (1080p),http://15.204.246.24:8080/CHVHD/index.m3u8,网络源,https://i.imgur.com/PRijvR0.png
Chiloe Red 25 (720p),https://v2.tustreaming.cl/chiloered/index.m3u8,网络源,https://i.imgur.com/3tqrImm.png
China Channel (720p),https://v2.tustreaming.cl/chinachannel/index.m3u8,网络源,https://cdn.m3u.cl/logo/1769_China_Channel.png
China Travel (1080p),https://fastlive.cctvplus.com/out/v1/ca6f9297b7314a63959435028af287fc/index.m3u8,网络源,https://i.imgur.com/vSgY3CD.png
China Weather Channel (576p) [Not 24/7],http://hls.weathertv.cn/tslslive/qCFIfHB/hls/live_sd.m3u8,网络源,https://i.imgur.com/syNwDpg.png
Chinola TV (480p),https://tv.wracanal10.com:3300/live/chinolatvlive.m3u8,网络源,https://i.imgur.com/ybud4dI.png
Chithiram (576p),https://cdn.pishow.tv/ott/live/1243/master.m3u8,网络源,https://i.imgur.com/xv9cWSh.png
Chocolate FM (720p),https://5eaccbab48461.streamlock.net:1936/8180/8180/playlist.m3u8,网络源,https://cdn.m3u.cl/logo/382_ChocolateFM.png
Cholusat Sur 36 (214p) [Not 24/7],http://audiotvserver.net:1935/livemedia/cholusat/playlist.m3u8,网络源,https://i.imgur.com/6qL2hE5.png
Choluteca TV (1080p),https://s.emisoras.tv:8081/cholutecatv/index.m3u8,网络源,https://i.imgur.com/mpc4Isd.png
Choppertown (720p),https://linear-11.frequency.stream/dist/glewedtv/11/hls/master/playlist.m3u8,网络源,https://i.imgur.com/U6cu5Ms.png
Chosen TV English (360p),https://viewmedia7219.bozztv.com/wmedia/viewmedia100/web_024/Stream/playlist.m3u8,网络源,
ChP info (576p),http://edge3.iptv.macc.com.ua/life/magnolia_3/index.m3u8,网络源,https://i.imgur.com/2cYzroj.png
Christian Youth Channel CYC (1080p),http://media3.smc-host.com:1935/cycnow.com/smil:cyc.smil/playlist.m3u8,网络源,https://i.imgur.com/61eV77C.png
Chroma TV (480p),https://5c483b9d1019c.streamlock.net/8054/8054/playlist.m3u8,网络源,https://i.imgur.com/SnaIMgj.png
CHTV (1080p),https://viewhn.com/chtv/live/playlist.m3u8,网络源,https://i.imgur.com/QLQgwc6.png
Chuxiong News Channel [Not 24/7],http://hwapi.yntv.net/ew265l/848y54.m3u8,网络源,https://www.tvchinese.net/uploads/tv/chuxiongtv.jpg
Cibaena TV (720p),https://streamunoapp.com:3958/live/cibaenatvlive.m3u8,网络源,https://i.imgur.com/iHjdckl.png
Cielo TV (1080p),https://streaming.servervideo.net:1936/cielotv/cielotv/playlist.m3u8,网络源,https://i.imgur.com/2PNw6BA.png
Ciftci TV (720p) [Not 24/7],https://live.artidijitalmedya.com/artidijital_ciftcitv/ciftcitv/playlist.m3u8,网络源,https://i.imgur.com/CLzP4vL.png
Cin Cin,https://jmp2.uk/plu-65cb78b83a116800079e2e35.m3u8,网络源,https://images.pluto.tv/channels/65cb78b83a116800079e2e35/colorLogoPNG.png
CINDIE TV (1080p),https://cc-hqw8u5r1nshjc.akamaized.net/scheduler/scheduleMaster/352.m3u8,网络源,https://a.jsrdn.com/hls/23208/cindie-tv/logo_20250225_222520_68.png
Cine34 [Geo-blocked],https://live3-mediaset-it.akamaized.net/Content/hls_h0_clr_vos/live/channel(b6)/index.m3u8,网络源,https://upload.wikimedia.org/wikipedia/commons/thumb/d/d7/Cine34_logo.svg/960px-Cine34_logo.svg.png
Cine34 HD (1080p),https://live02-seg.msf.cdn.mediaset.net/live/ch-b6/b6-clr.isml/index.m3u8,网络源,https://upload.wikimedia.org/wikipedia/commons/thumb/d/d7/Cine34_logo.svg/960px-Cine34_logo.svg.png
Cine 666 by Pluto TV,https://jmp2.uk/plu-6823648580b2665220d9e69a.m3u8,网络源,https://images.pluto.tv/channels/6823648580b2665220d9e69a/colorLogoPNG-1757404141.png
Cine Action by Pluto TV,https://jmp2.uk/plu-5f8ed1ff5c39700007e2204a.m3u8,网络源,https://images.pluto.tv/channels/5f8ed1ff5c39700007e2204a/colorLogoPNG_1752228138963.png
Cine Adrenalina,https://jmp2.uk/plu-5d8d164d92e97a5e107638d2.m3u8,网络源,https://i.imgur.com/njCKaMv.png
Cine Amor,https://jmp2.uk/plu-5f5136317aedfb0007016f93.m3u8,网络源,https://i.imgur.com/eAS86qH.png
Cine aventura,https://jmp2.uk/plu-60fb2f47c133270007327375.m3u8,网络源,https://images.pluto.tv/channels/60fb2f47c133270007327375/colorLogoPNG_1757954279063.png
Cine by Pluto TV,https://jmp2.uk/plu-5f8ed0f17564a300082b676a.m3u8,网络源,https://images.pluto.tv/channels/5f8ed0f17564a300082b676a/colorLogoPNG_1775048900088.png
Cine Catastrophe by Pluto TV,https://jmp2.uk/plu-65a69ef53af63d000825e0ee.m3u8,网络源,https://images.pluto.tv/channels/65a69ef53af63d000825e0ee/colorLogoPNG_1751272916058.png
Cine d'Asie by Pluto TV,https://jmp2.uk/plu-62f3e2d000418d00070f7dbc.m3u8,网络源,https://images.pluto.tv/channels/62f3e2d000418d00070f7dbc/colorLogoPNG_1751272759694.png
Cine en espanol,https://jmp2.uk/plu-5cf96b1c4f1ca3f0629f4bf0.m3u8,网络源,https://images.pluto.tv/channels/5cf96b1c4f1ca3f0629f4bf0/colorLogoPNG.png
Cine Familiar (1080p),http://bantel-cdn1.iptvperu.tv:1935/btnscrtn/cinefamiliar.stream/playlist.m3u8,网络源,https://i.imgur.com/ZgP2hE3.png
Cine Friki (1080p),https://d2mr4fu91mjx9m.cloudfront.net/v1/master/3722c60a815c199d9c0ef36c5b73da68a62b09d1/cc-rb0tx75ojbc5u/CineFriki_ES.m3u8,网络源,https://i.imgur.com/b3Ospym.png
Cine Hispano (1080p),http://bantel-cdn1.iptvperu.tv:1935/btnscrtn/cinehispano.stream/playlist.m3u8,网络源,https://i.imgur.com/tfgyfrw.png
Cine Horreur by Pluto TV,https://jmp2.uk/plu-66e1978babec540008ce41ac.m3u8,网络源,https://images.pluto.tv/channels/66e1978babec540008ce41ac/colorLogoPNG_1751272165674.png
Cine Nanar (1080p),https://zylo-cinenanar-rakuten.amagi.tv/playlist.m3u8,网络源,https://i.imgur.com/YnUZd3W.png
Cine Premiere,https://jmp2.uk/plu-5cf968040ab7d8f181e6a68b.m3u8,网络源,https://i.imgur.com/PdhWTO6.png
Cine Premium (1080p),http://bantel-cdn1.iptvperu.tv:1935/btnscrtn/cinepremium.stream/playlist.m3u8,网络源,https://i.imgur.com/tC3jGd4.png
Cine Retro by Pluto TV,https://jmp2.uk/plu-5f8ed168f72fcd0007e56269.m3u8,网络源,https://images.pluto.tv/channels/5f8ed168f72fcd0007e56269/colorLogoPNG_1751272859383.png
Cine Romance by Pluto TV,https://jmp2.uk/plu-60812fc8539963000707d1e1.m3u8,网络源,https://images.pluto.tv/channels/60812fc8539963000707d1e1/colorLogoPNG_1775048649580.png
Cine Romantico (720p),https://d1si3n1st4nkgb.cloudfront.net/10502/88886011/hls/master.m3u8?ads.xumo_channelId=88886011,网络源,https://i.imgur.com/FUrrDrb.png
Cine Sci-Fi by Pluto TV,https://jmp2.uk/plu-60c34592c911890007f29a73.m3u8,网络源,https://images.pluto.tv/channels/60c34592c911890007f29a73/colorLogoPNG.png
Cine Sony (720p),https://a-cdn.klowdtv.com/live1/cine_720p/playlist.m3u8,网络源,https://i.imgur.com/bZWoDTg.png
Cine Terror,https://jmp2.uk/plu-5d8d180092e97a5e107638d3.m3u8,网络源,https://images.pluto.tv/channels/5f12111c9e6c2c00078ef3bb/colorLogoPNG.png
Cine Terror BR,https://jmp2.uk/plu-5f12111c9e6c2c00078ef3bb.m3u8,网络源,https://images.pluto.tv/channels/5f12111c9e6c2c00078ef3bb/colorLogoPNG.png
Cine Terror LatAm,https://jmp2.uk/plu-5dcddf1ed95e740009fef7ab.m3u8,网络源,https://images.pluto.tv/channels/5f12111c9e6c2c00078ef3bb/colorLogoPNG.png
Cine Thrillers by Pluto TV,https://jmp2.uk/plu-60c3472a51a2050008dad272.m3u8,网络源,https://images.pluto.tv/channels/60c3472a51a2050008dad272/colorLogoPNG_1751272093012.png
Cine Western (France) (1080p),https://amg00711-zylo-amg00711c8-rakuten-uk-2686.playouts.now.amagi.tv/playlist/amg00711-zylofast-cinewestern-rakutenuk/playlist.m3u8,网络源,https://i.imgur.com/tteOFkL.png
Cine Western (Spain) (1080p),https://d2nq34q0i1r3la.cloudfront.net/v1/master/3722c60a815c199d9c0ef36c5b73da68a62b09d1/cc-awohw8g217ho8/CineWestern_ES.m3u8,网络源,https://i.imgur.com/2UROzSc.png
Cine Western by Pluto TV,https://jmp2.uk/plu-65cca3e2ec452d0008af3a65.m3u8,网络源,https://images.pluto.tv/channels/65cca3e2ec452d0008af3a65/colorLogoPNG_1751272826143.png
Cine+ Emotion (720p),http://145.239.5.177/337/index.m3u8,网络源,https://i.imgur.com/upYjPvc.jpeg
Cine+ Kids (576p),http://dtv.vol.net.ua/Cine_plus_Kids_HD/index.m3u8,网络源,https://i.imgur.com/lmfc2u4.png
Cinecanal (1080p),http://15.204.246.24:8080/CinecanalHD/index.m3u8,网络源,https://upload.wikimedia.org/wikipedia/commons/thumb/e/e6/CinecanalLA.png/960px-CinecanalLA.png
Cinecanal Pacific (1080p),http://138.121.15.230:9002/CINECANAL/index.m3u8,网络源,https://upload.wikimedia.org/wikipedia/commons/thumb/e/e6/CinecanalLA.png/960px-CinecanalLA.png
CineLatino (720p),http://45.162.193.35/CINELATINO_HD/index.m3u8,网络源,https://i.imgur.com/2V0R0xT.png
Cinema (Russia) (576p),http://flussonic.linkintel.ru/cinema/index.m3u8,网络源,https://i.imgur.com/b5e9qUA.png
CinemaWorld (720p),http://nmk.ioapk.com:5050/4gtv-live069/index.m3u8,网络源,https://i.imgur.com/D2qNVZ7.png
Cinemax Classics (1080p),http://23.237.104.106:8080/USA_5STARMAX/index.m3u8,网络源,https://upload.wikimedia.org/wikipedia/en/thumb/6/66/Cinemax_Classics_Logo.png/960px-Cinemax_Classics_Logo.png
Cinemax Hits (1080p),http://23.237.104.106:8080/USA_MOREMAX/index.m3u8,网络源,https://upload.wikimedia.org/wikipedia/en/thumb/f/fb/Cinemax_Hits_Logo.png/960px-Cinemax_Hits_Logo.png
CinePride (720p),https://stream-us-east-1.getpublica.com/playlist.m3u8?network_id=2223,网络源,https://i.imgur.com/Y4Wgq8I.png
Cinerama Television (720p),https://live.cineramatvbo.com/hls/stream.m3u8,网络源,https://play-lh.googleusercontent.com/RJ49IeJve4VPALBXqrqJGeAYOEoLQIZZ4zWwtJhofisng6ZYwGemZ-VXCx9ZQ-u7fw
CineStar 1 Bulgaria,http://213.91.179.28:8000/play/a05h,网络源,https://i.imgur.com/t9vVTLH.png
Cinevault 80s (720p),https://aegis-cloudfront-1.tubi.video/ea1ab5d1-f554-4f6b-b03f-2611fcd94257/playlist.m3u8,网络源,https://i.imgur.com/xaCyyDd.png
Cinevault Westerns (540p) [Geo-blocked],https://gsn-cinevault-westerns-2-us.roku.wurl.tv/playlist.m3u8,网络源,https://i.imgur.com/K1W137J.png
Cinevision Canal 19 (1080p) [Not 24/7],https://5790d294af2dc.streamlock.net/tvhdlive/tvhdlive/playlist.m3u8,网络源,https://i.imgur.com/mJN2XNm.png
Cinturao Verde,https://play.redecinturaoverde.com.br/playlist.m3u8,网络源,https://eswqkrogupaisirwcsys.supabase.co/storage/v1/object/public/mbc-media/canais/1775688612576-u0628igjimf.png
Cira TV (1080p),https://hlspackager.akamaized.net/live/DB/CIRA_TV/HLS/CIRA_TV.m3u8,网络源,https://i.imgur.com/YFnmSLW.png
Ciracu TV (720p) [Not 24/7],https://cloud37.ecuatel.com/ciracutv/live/manifest.m3u8,网络源,https://i.imgur.com/mkf2TJ6.png
Circle (1080p),https://circle-roku.amagi.tv/playlist.m3u8,网络源,https://upload.wikimedia.org/wikipedia/commons/thumb/e/e8/Circle_Network_logo.svg/960px-Circle_Network_logo.svg.png
Citrico TV (480p) [Not 24/7],https://edge.essastream.com/citricotv/playlist.m3u8,网络源,https://enhd.ar/wp-content/uploads/2022/01/0e4a83fc-ba5b-4f26-a333-31f8bd544bcb-300x260.jpeg
City 41 (576p),http://163.61.227.29:8000/play/a02r/index.m3u8,网络源,https://i.imgur.com/U5BdY2g.png
City Channel (720p) [Not 24/7],https://dev.aftermind.xyz/edge-hls/unitrust/citychannel/index.m3u8?token=8TXWzhY3h6jrzqEqx,网络源,https://i.imgur.com/oo2fxta.png
City Eden AutoGid [Not 24/7],https://cityeden.catcast.tv/content/47515/index.m3u8,网络源,https://i.imgur.com/qpe8L27.png
City Eden Birma Play [Not 24/7],https://cityeden.catcast.tv/content/34364/index.m3u8,网络源,https://i.imgur.com/38Q5L5W.png
City Eden Classic Music [Not 24/7],https://cityeden.catcast.tv/content/47400/index.m3u8,网络源,https://i.imgur.com/l7BE8l6.png
City Eden KinoAction [Not 24/7],https://cityeden.catcast.tv/content/41333/index.m3u8,网络源,https://i.imgur.com/uuzuvD0.png
City Eden KinoArt [Not 24/7],https://cityeden.catcast.tv/content/38398/index.m3u8,网络源,https://i.imgur.com/67CWCtz.png
City Eden KinoAsia [Not 24/7],https://cityeden.catcast.tv/content/34393/index.m3u8,网络源,https://i.imgur.com/gaket4B.png
City Eden KinoDetektiv [Not 24/7],https://cityeden.catcast.tv/content/41327/index.m3u8,网络源,https://i.imgur.com/9rKHwBV.png
City Eden KinoDok [Not 24/7],https://cityeden.catcast.tv/content/38354/index.m3u8,网络源,https://i.imgur.com/itRbMX3.png
City Eden KinoDrama [Not 24/7],https://cityeden.catcast.tv/content/45269/index.m3u8,网络源,https://i.imgur.com/29ddffh.png
City Eden KinoFantastika [Not 24/7],https://cityeden.catcast.tv/content/45268/index.m3u8,网络源,https://i.imgur.com/I64FeIO.png
City Eden KinoKlassika [Not 24/7],https://cityeden.catcast.tv/content/34185/index.m3u8,网络源,https://i.imgur.com/0qGCS1S.png
City Eden KinoKomediya [Not 24/7],https://cityeden.catcast.tv/content/41331/index.m3u8,网络源,https://i.imgur.com/Aga2XVA.png
City Eden KinoMistika [Not 24/7],https://cityeden.catcast.tv/content/40783/index.m3u8,网络源,https://i.imgur.com/s1Pid0K.png
City Eden KinoSemya [Not 24/7],https://v2.catcast.tv/content/38128/index.m3u8,网络源,https://i.imgur.com/YoWOZMx.png
City Eden MedZdrav [Not 24/7],https://cityeden.catcast.tv/content/47519/index.m3u8,网络源,https://i.imgur.com/BM4E0Kr.png
City Eden Play [Not 24/7],https://cityeden.catcast.tv/content/34100/index.m3u8,网络源,https://i.imgur.com/ozEqob9.png
City Eden Recepty Gurmana [Not 24/7],https://cityeden.catcast.tv/content/47516/index.m3u8,网络源,https://i.imgur.com/wR0pvRc.png
City Eden Sirtaki TV [Not 24/7],https://cityeden.catcast.tv/content/46421/index.m3u8,网络源,https://i.imgur.com/V3MTfyc.png
City Eden TeleNovella [Not 24/7],https://cityeden.catcast.tv/content/46209/index.m3u8,网络源,https://i.imgur.com/mT5liTh.png
City Eden TV [Not 24/7],https://cityeden.catcast.tv/content/34246/index.m3u8,网络源,https://i.imgur.com/X9kACKi.png
City of Fairfield Channel 26 (720p) [Geo-blocked],https://reflect-fairfield-ca.cablecast.tv/live-8/live/live.m3u8,网络源,https://i.imgur.com/fiqaiUe.png
City of Fort Pierce (720p),https://edge-f.swagit.com/live/fortpiercefl/live-1-a/playlist.m3u8,网络源,https://i.imgur.com/2ChoSsi.png
City of Loveland TV (1080p),https://reflect-cityofloveland-co.cablecast.tv/live-3/live/live.m3u8,网络源,https://i.imgur.com/K9eCdXD.png
City of Monroe Government Channel,https://reflect-monroe-mi-ci.cablecast.tv/live-1/live/live.m3u8,网络源,https://i.imgur.com/U5fZkCN.jpeg
City of Pompano Beach (720p),https://cdn3.wowza.com/5/M0lyamVmM2JWcjhQ/pompano/G0765_005/playlist.m3u8,网络源,https://i.imgur.com/Bv9OGrH.png
City TV (Bulgaria) (576p) [Not 24/7],https://tv.city.bg/play/tshls/citytv/index.m3u8,网络源,https://i.imgur.com/mFL452f.png
City TV (Hungary),https://citytv.hu/playlist.m3u8,网络源,https://i.imgur.com/u0AKhzj.png
City TV Carlsbad (720p),https://edge-f.swagit.com/live/carlsbadca/live-3-a-1/playlist.m3u8,网络源,https://i.imgur.com/G6h8efT.png
City TV Channel 3/41 (360p),https://edge-f.swagit.com/live/chinohillsca/live-1-a/playlist.m3u8,网络源,https://i.imgur.com/L0vaDea.png
CityNews Calgary (720p),https://citynewsregional.akamaized.net/hls/live/1024053/Regional_Live_8/master.m3u8,网络源,https://m.media-amazon.com/images/I/51Icdznow+L.png
CityNews Edmonton,https://citynewsregional.akamaized.net/hls/live/1024053/Regional_Live_8/Video-2Mbps.m3u8,网络源,https://m.media-amazon.com/images/I/51Icdznow+L.png
CityNews Toronto (720p),https://citynewsregional.akamaized.net/hls/live/1024052/Regional_Live_7/master.m3u8,网络源,https://m.media-amazon.com/images/I/51Icdznow+L.png
CityNews Vancouver (720p),https://citynewsregional.akamaized.net/hls/live/1024054/Regional_Live_9/master.m3u8,网络源,https://m.media-amazon.com/images/I/51Icdznow+L.png
CityTV 20 Santa Monica (360p) [Not 24/7],https://cdn3.wowza.com/5/bGZUOHp2TnhudnM2/santamonica/G0039_002/playlist.m3u8,网络源,https://i.imgur.com/NY4fOLy.png
Citytv Bogota (1080p),http://138.121.15.230:9002/CITY-TV/index.m3u8,网络源,https://i.imgur.com/h7K9EW9.png
CityTV Lakewood (720p),https://dlttx48mxf9m3.cloudfront.net/vod_clients/lakewood/live/ch1/video.m3u8,网络源,https://i.imgur.com/e1shzv9.png
CityTV San Diego (360p),https://cdn3.wowza.com/5/dk84U1p2UUdoMGxT/sandiego/G1826_005/playlist.m3u8,网络源,https://i.imgur.com/OfNV6I7.png
CityTV Whittier (720p),https://whittier.cablecast.tv/live/stream-1/live.m3u8,网络源,https://i.imgur.com/68n7ifH.png
Ciudad Magica (720p),https://lbgo.bozztv.com/ssh101/ssh101/verycoolfgr/playlist.m3u8,网络源,https://i.imgur.com/HJkSz2U.png
Ciudad TV Resistencia (720p),https://617c5175c970b.streamlock.net:4444/chacodxdtv/livenew/playlist.m3u8,网络源,https://i.imgur.com/oL8SMTL.png
Ciudadano Radio (720p),https://oracle.streaminghd.cl/ciudadanoradiotv/ciudadanoradiotv/playlist.m3u8,网络源,https://cdn.m3u.cl/logo/1655_Ciudadano_Radio.png
Ciudades del Ocio TV (720p),https://cloudvideo.servers10.com:8081/8024/index.m3u8,网络源,https://i.imgur.com/CTQgqsM.png
CJ OnStyle (540p),https://live-ch1.cjonstyle.net/cjmalllive/stream2/playlist.m3u8,网络源,https://i.imgur.com/JiSfEBv.png
CJ OnStyle+ (540p),https://live-ch2.cjonstyle.net/cjosplus/live2/playlist.m3u8,网络源,https://i.imgur.com/OYmOL20.png
CKNO-FM (616p),https://videostream.jpbgdigital.com/NOWTV.m3u8,网络源,https://i.imgur.com/sF2g7KE.png
Clan (1080p),https://lge-lgla2.otteravision.com/lge/lgcla/lgcla.m3u8,网络源,https://i.ibb.co/vv3FC2Nv/clan.png
Clan Internacional,https://xyktmobile00.s.gy/PPV906_CLAN_INTE,网络源,https://i.ibb.co/vv3FC2Nv/clan.png
Clarity 4K (2160p) [Geo-blocked],https://pb-qyrvophnifz47.akamaized.net/Clarity_4K.m3u8,网络源,https://i.imgur.com/M87kbVk.png
Claro Television Dominicana (360p),https://streamunoapp.com:3960/live/claroteledomlive.m3u8,网络源,https://i.imgur.com/fJD7OxB.png
Claro Vision TV (720p),https://streamunoapp.com:3057/live/clarovisiontvlive.m3u8,网络源,https://i.imgur.com/MpTgJMJ.png
Class CNBC (1080p) [Geo-blocked],https://amg14891-amg14891c5-amgplt0020.playout.now3.amagi.tv/playlist.m3u8,网络源,https://upload.wikimedia.org/wikipedia/commons/thumb/8/8d/Class_CNBC_2026.svg/960px-Class_CNBC_2026.svg.png
Classic Arts Showcase (720p),https://classicarts.akamaized.net/hls/live/1024257/CAS/master.m3u8,网络源,https://i.imgur.com/M6FFkc3.png
Classic Cinema (240p) [Not 24/7],https://rpn.bozztv.com/gusa/gusa-classiccinema/index.m3u8,网络源,https://i.imgur.com/FJoPnTb.png
Classic Movie Westerns,https://jmp2.uk/plu-61f33318210549000806a530.m3u8,网络源,https://images.pluto.tv/channels/61f33318210549000806a530/colorLogoPNG.png
Classic Movies Channel,https://jmp2.uk/plu-561c5b0dada51f8004c4d855.m3u8,网络源,https://i.imgur.com/pQJxov2.png
Classic Music (1080p),http://stream.mcquack.net/312/index.m3u8,网络源,https://i.imgur.com/TpXs1qA.png
Classic TV,https://clshls.wns.live/hls/stream.m3u8,网络源,
Classic TV Comedy,https://jmp2.uk/plu-5f15e32b297f96000768f928.m3u8,网络源,https://i.imgur.com/wg5I5Fb.png
Classic TV Crime Drama,https://jmp2.uk/plu-61325c4f982acd000723287e.m3u8,网络源,https://images.pluto.tv/channels/61325c4f982acd000723287e/colorLogoPNG.png
Classic TV Drama,https://jmp2.uk/plu-5f15e3cccf49290007053c67.m3u8,网络源,https://i.imgur.com/XHQxv0x.png
Classic TV: Families,https://jmp2.uk/plu-61325d18f5166c00081b84e0.m3u8,网络源,https://images.pluto.tv/channels/62e91af00c43540007f2bb43/colorLogoPNG.png
Classic TV: Families CA,https://jmp2.uk/plu-62e91af00c43540007f2bb43.m3u8,网络源,https://images.pluto.tv/channels/62e91af00c43540007f2bb43/colorLogoPNG.png
Classica (720p),https://jmp2.uk/plu-5f779951372da90007fd45e8.m3u8,网络源,https://i.imgur.com/bLjmQTU.png
Classique TV (360p),https://stmv1.srvif.com/classique/classique/playlist.m3u8,网络源,https://i.imgur.com/rHxcraT.png
Clergy TV (720p) [Not 24/7],https://goliveafrica.media:9998/live/650452cf2ddb2/index.m3u8,网络源,https://i.imgur.com/RcxBEUo.jpg
ClickTV Chile (720p),https://v2.tustreaming.cl/clicktv/playlist.m3u8,网络源,https://i.imgur.com/H0XNbMS.png
Cloudflare TV (720p),https://cloudflare.tv/hls/live.m3u8,网络源,https://i.imgur.com/l4m0is8.jpeg
cLoveworld TV (480p),https://live-hls-5rxy.livepush.io/live_cdn/em_LJ5aZjqp0LdiQ/index.m3u8,网络源,https://i.imgur.com/MKKap2F.png
CLTV 36 (720p) [Not 24/7],https://live.cltv36.tv:5443/LiveApp/streams/cltvlive.m3u8,网络源,https://i.imgur.com/2fGhl7q.png
Club TV,https://tv.arkeo.cl:1936/clubtv/clubtv/playlist.m3u8,网络源,https://i.imgur.com/6fmQLF8.png
Clubbing TV France,https://d1j2csarxnwazk.cloudfront.net/v1/master/3722c60a815c199d9c0ef36c5b73da68a62b09d1/cc-uze1m6xh4fiyr-ssai-prd/master.m3u8,网络源,https://i.imgur.com/MyiA92q.png
Clubbing TV UK (720p),https://a-cdn.klowdtv.com/live3/clubbingtv_720p/playlist.m3u8,网络源,https://i.imgur.com/MyiA92q.png
CMAC 1 (720p),https://reflect-vod-cmac.cablecast.tv/live-11/live/stream-1/live.m3u8,网络源,https://i.imgur.com/PYhdQy9.png
CMAC 2 (720p),https://reflect-vod-cmac.cablecast.tv/live-11/live/stream-2/live.m3u8,网络源,https://i.imgur.com/O0sYOED.png
CMAC 3 (720p),https://reflect-vod-cmac.cablecast.tv/live-11/live/stream-3/live.m3u8,网络源,https://i.imgur.com/ToZzguz.png
CMAP Channel 17 (720p),https://livestream.telvue.com/cmap1/f7b44cfafd5c52223d5498196c8a2e7b.sdp/playlist.m3u8,网络源,https://i.imgur.com/wlYUEYc.png
CMAP Channel 18 (720p),https://livestream.telvue.com/cmap3/f7b44cfafd5c52223d5498196c8a2e7b.sdp/playlist.m3u8,网络源,https://i.imgur.com/wlYUEYc.png
CMAP Channel 19 (720p),https://livestream.telvue.com/cmap4/f7b44cfafd5c52223d5498196c8a2e7b.sdp/playlist.m3u8,网络源,https://i.imgur.com/wlYUEYc.png
CMAP Channel 20 (720p),https://livestream.telvue.com/cmap5/f7b44cfafd5c52223d5498196c8a2e7b.sdp/playlist.m3u8,网络源,https://i.imgur.com/wlYUEYc.png
CMB Television (1080p),https://cdn1.cmbcolombia.tv/bethesda/video.m3u8,网络源,https://i.imgur.com/akGKPsk.png
CMC TV (1080p),https://stream.cmctv.hr:49998/cmc/live.m3u8,网络源,https://i.imgur.com/FCb7Ag2.png
CMC-USA Country Music Channel (720p),https://hwlive.streamingmediahosting.com/14215-live/0_obd393sh/playlist.m3u8,网络源,https://i.imgur.com/QsANRSu.png
CMM TV HD (1080p),"https://cdnapisec.kaltura.com/p/2288691/sp/228869100/playManifest/entryId/1_gnz6ity9/protocol/https/format/applehttp/flavorIds/1_a9gxgxzy,1_v71ryg4b,1_vbfvtjw6,1_obo1bqsx,1_3shk3s5d/a.m3u8",网络源,https://upload.wikimedia.org/wikipedia/commons/thumb/8/8a/CMMedia.svg/960px-CMMedia.svg.png
CMT (720p),http://23.237.104.106:8080/USA_CMT/index.m3u8,网络源,https://i.imgur.com/S7DOpdY.png
CMT Equal Play (720p),https://jmp2.uk/plu-5f68f53eb1e5800007390bf8.m3u8,网络源,https://i.imgur.com/9ysjkkL.png
CMTV (720p),https://cdn3.wowza.com/5/UWpORHhLSEs5SkJs/costamesa/G0075_002/playlist.m3u8,网络源,https://i.imgur.com/73LKwAK.png
CMTv Kenya (576p) [Not 24/7],https://goliveafrica.media:9998/live/64ede813cfe1a/index.m3u8,网络源,https://i.imgur.com/ewHBokK.jpg
CNA (Albania) (1080p),https://live1.mediadesk.al/cnatvlive.m3u8,网络源,https://codeit.al/wp-content/uploads/2020/08/cna.png
CNA (Algeria) (360p) [Not 24/7],https://live.creacast.com/cna/stream/playlist.m3u8,网络源,https://i.imgur.com/Ki3ySUE.png
CNA (Singapore) (1080p) [Geo-blocked],https://d2e1asnsl7br7b.cloudfront.net/7782e205e72f43aeb4a48ec97f66ebbe/index.m3u8,网络源,https://i.imgur.com/awIDugE.png
CNA International (576p),https://mumt05.tangotv.in/87NeALx2CNA/index.m3u8,网络源,https://i.imgur.com/xWglicB.png
CNA Originals (1080p),https://amg01082-cna-amg01082c1-rlaxx-us-11304.playouts.now.amagi.tv/playlist.m3u8,网络源,https://upload.wikimedia.org/wikipedia/commons/thumb/8/83/CNA_new_logo.svg/500px-CNA_new_logo.svg.png
CNBC (720p),http://4.30.180.36:8420/cnbc/index.m3u8?token=test,网络源,https://upload.wikimedia.org/wikipedia/commons/thumb/b/bc/CNBC_2025.svg/960px-CNBC_2025.svg.png
CNBC Arabiya (1080p),https://cnbc-live.akamaized.net/cnbc/master.m3u8,网络源,https://upload.wikimedia.org/wikipedia/commons/thumb/e/ea/CNBC_Arabia_2025.svg/960px-CNBC_Arabia_2025.svg.png
CNBC Asia (720p),http://nmk.ioapk.com:5050/4gtv-live130/index.m3u8,网络源,https://upload.wikimedia.org/wikipedia/commons/thumb/b/bc/CNBC_2025.svg/960px-CNBC_2025.svg.png
CNBC Awaaz (1080p),https://n18syndication.akamaized.net/bpk-tv/CNBC_Awaaz_NW18_MOB/output01/master.m3u8,网络源,https://jiotvimages.cdn.jio.com/dare_images/images/CNBCAwaaz.png
CNBC Bajar (1080p),https://n18syndication.akamaized.net/bpk-tv/CNBC_Bazaar_NW18_MOB/output01/master.m3u8,网络源,https://jiotvimages.cdn.jio.com/dare_images/images/CNBCBajar.png
CNBC TV18 (1080p),https://n18syndication.akamaized.net/bpk-tv/CNBC_TV18_NW18_MOB/output01/index.m3u8,网络源,https://jiotvimages.cdn.jio.com/dare_images/images/CNBCTV18.png
CNBC TV18 Prime HD (1080p),https://n18syndication.akamaized.net/bpk-tv/CNBC_Tv18_Prime_HD_NW18_MOB/output01/index.m3u8,网络源,https://jiotvimages.cdn.jio.com/dare_images/images/CNBCTV18Prime.png
CNBC UK (1080p),https://amg01079-nbcuuk-amg01079c2-samsung-gb-1258.playouts.now.amagi.tv/playlist.m3u8,网络源,https://upload.wikimedia.org/wikipedia/commons/thumb/b/bc/CNBC_2025.svg/960px-CNBC_2025.svg.png
CNBC-e,https://hnpsechtsc.turknet.ercdn.net/xpnvudnlsv/cnbc-e/cnbc-e.m3u8,网络源,https://s.cnbce.com/dist/images/logo-nav.png
CNC Bugavision (720p),https://movil.ejeserver.com/live/cncbuga.m3u8,网络源,https://i.imgur.com/zJAwnvd.png
CNC Pereira (720p),https://cloudvideo.servers10.com:8081/latinchaneltv/index.m3u8,网络源,https://i.imgur.com/5vJ0aXH.png
CNC Santander de Quilichao (480p),https://movil.ejeserver.com/live/cncsantander.m3u8,网络源,https://i.imgur.com/LNl2o9q.jpg
CNC Tulua (1080p),https://live.amelbatv.co:81/cnctulualive/index.fmp4.m3u8,网络源,https://i.imgur.com/NCzpcqm.png
CNC Valledupar (720p),https://live20.bozztv.com/akamaissh101/ssh101/cncvalledupar1/playlist.m3u8,网络源,https://i.imgur.com/y5N6PCg.jpg
CND Film Discovery Channel (576p),http://125.210.152.18:9090/live/FXZL_750.m3u8,网络源,https://i.imgur.com/2FJfPDx.png
CND Film Middle School Channel,http://live2.rxip.sc96655.com/live/zxs_4000.m3u8?A=&E=&K=&P=&S=&U=,网络源,https://i.imgur.com/4uG8HsQ.png
CNews (1080p),https://raw.githubusercontent.com/Paradise-91/ParaTV/main/streams/canalplus/cnews-dm.m3u8,网络源,https://i.imgur.com/sSNhk2g.png
Cnews Bharat (720p),https://legitpro.co.in/cnews/cnews/index.fmp4.m3u8,网络源,https://jiotvimages.cdn.jio.com/dare_images/images/C_News_Bharat.png
CNEWS PRIME (1080p),https://raw.githubusercontent.com/Paradise-91/ParaTV/main/streams/canalplus/cnews-prime-dm.m3u8,网络源,https://www.cnews.fr/themes/cnews/img/cnews-prime.png
CNM TV (720p) [Not 24/7],https://stream.sen-gt.com/cnmtv/myStream/playlist.m3u8,网络源,https://i.ibb.co/0cfdGKv/1630802325205.jpg
CNN Prima News (1080p),http://88.212.15.19/live/test_cnn_pirma_news/playlist.m3u8,网络源,https://i.imgur.com/elZyUjX.png
CNT Mas TV (720p) [Not 24/7],https://edge.essastream.com/cntmas/tracks-v1a1/mono.m3u8,网络源,https://dominicanchannels.com/wp-content/uploads/ctnmas.jpg
COCO TV (1080p) [Not 24/7],https://edge.essastream.com/canalcocotv/playlist.m3u8,网络源,https://i.imgur.com/CnAc7jU.png
Code Fashion TV (1080p),https://cdn2.invivo.bg/Codefashion_5500/index.m3u8,网络源,https://i.imgur.com/mVc2g64.png
Code Health TV (1080p),https://cdn2.invivo.bg/codehealth_test/index.m3u8,网络源,https://i.imgur.com/NXBMzGV.png
Codigo TV (1080p) [Not 24/7],https://edge.essastream.com/codigotv/playlist.m3u8,网络源,https://imgur.com/DbjywI3.png
Cold Case Files (1080p),https://aegis-cloudfront-1.tubi.video/1e764712-0649-4946-bd7e-f1bbba3be6fa/playlist.m3u8,网络源,https://i.imgur.com/mowSfj6.png
Colimdo TV (720p),https://cnn.livestreaminggroup.info:3132/live/colimdotvlive.m3u8,网络源,https://i.imgur.com/ZeUgLCa.png
Collier TV (720p),https://reflect-collier-countyboc.cablecast.tv/live-4/live/stream-1/live.m3u8,网络源,https://i.imgur.com/dkpTHI9.png
Colome TV [Not 24/7],https://ss2.tvrdomi.com:1936/colometv/colometv/playlist.m3u8,网络源,https://colometv.com/assets/images/logo.png
Color Vision (1280p) [Not 24/7],https://hls.tvabierta.net/hls/009.m3u8,网络源,https://i.imgur.com/rkgWToA.jpg
Colors HD (1080p),http://66.102.126.10:8000/play/a00a/index.m3u8,网络源,https://i.imgur.com/M8uCJ0D.png
Colors Bangla HD (1080p),http://103.165.93.31:8095/colorsBangla/index.m3u8,网络源,https://xstreamcp-assets-msp.streamready.in/assets/LIVETV/LIVECHANNEL/LIVETV_LIVETVCHANNEL_COLORS_BANGLA/images/LOGO_HD/image.png
Colors Cineplex Bollywood (576p),http://202.70.146.135:8000/play/a058/index.m3u8,网络源,https://xstreamcp-assets-msp.streamready.in/assets/LIVETV/LIVECHANNEL/LIVETV_LIVETVCHANNEL_COLORS_CINEPLEX_BOLLYWOOD/images/LOGO_HD/image.png
Colors Gujarati (396p),https://raw.githubusercontent.com/amazeyourself/adaptive-streams/refs/heads/main/streams/in/YuppTV/ColorsGujarati.m3u8,网络源,https://xstreamcp-assets-msp.streamready.in/assets/LIVETV/LIVECHANNEL/LIVETV_LIVETVCHANNEL_COLORS_GUJARATI/images/LOGO_HD/image.png
Colors Kannada HD (1080i),https://da86m1sqpm3o0.cloudfront.net/28072023/smil:colorskannadahd1.smil/playlist.m3u8,网络源,https://xstreamcp-assets-msp.streamready.in/assets/LIVETV/LIVECHANNEL/LIVETV_LIVETVCHANNEL_COLORS_KANNADA_HD/images/LOGO_HD/image.png
Colors Marathi HD (720p),https://da86m1sqpm3o0.cloudfront.net/28072023/smil:colorsmarathihd.smil/playlist.m3u8,网络源,https://xstreamcp-assets-msp.streamready.in/assets/LIVETV/LIVECHANNEL/LIVETV_LIVETVCHANNEL_COLORS_MARATHI/images/LOGO_HD/image.png
Colors MENA HD (720p),https://da86m1sqpm3o0.cloudfront.net/28072023/smil:colorsme.smil/playlist.m3u8,网络源,https://i.imgur.com/LjNFTdC.png
Colors Rishtey Americas (396p),https://manatv.akamaized.net/090823/smil:ristheyamerica.smil/playlist.m3u8,网络源,https://i.imgur.com/xkOunuW.png
Colors Super (396p),https://d1rc86nwwc9fag.cloudfront.net/260723/smil:colorssuper1.smil/playlist.m3u8?hdnts=st=1735898689~exp=1835898688~acl=*~hmac=f5fe24724fe05481e3841f9eb5ab8efdee0a3dd83645ae9dcf45703f525bab7b,网络源,https://xstreamcp-assets-msp.streamready.in/assets/LIVETV/LIVECHANNEL/LIVETV_LIVETVCHANNEL_COLORS_SUPER/images/LOGO_HD/image.png
Colors Tamil HD (720p),https://da86m1sqpm3o0.cloudfront.net/28072023/smil:colorstamilhd11.smil/playlist.m3u8,网络源,https://xstreamcp-assets-msp.streamready.in/assets/LIVETV/LIVECHANNEL/LIVETV_LIVETVCHANNEL_COLORS_TAMIL/images/LOGO_HD/image.png
Colosal TV,https://5eac7b031d945.streamlock.net/COLOSAL/COLOSAL/playlist.m3u8,网络源,https://i.imgur.com/0DZB3eB.png
Columna TV,https://cdn.streamnet.pro/columnatv/live/playlist.m3u8,网络源,https://i.imgur.com/C5dIgsc.png
COM Brasil (720p),https://dfr80qz435crc.cloudfront.net/EFGH/Amagi/NewCo/New_Brasil_BR/New_Brasil.m3u8,网络源,https://i.imgur.com/GrjGwKM.png
Combate (720p),http://143.14.134.107/167/index.m3u8,网络源,https://i.imgur.com/ZPYK5jr.png
Comedia a lo bestia de Pluto TV,https://jmp2.uk/plu-68de3db35fc0afe85de0b843.m3u8,网络源,https://images.pluto.tv/channels/68de3db35fc0afe85de0b843/colorLogoPNG_1759402494389.png
Comedy Central (Germany),https://ma.anixa.tv/clips/stream/comedy_central/playlist.php,网络源,https://upload.wikimedia.org/wikipedia/commons/thumb/a/aa/Comedy_Central_2018.svg/960px-Comedy_Central_2018.svg.png
Comedy Central (Sweden),https://jmp2.uk/plu-61c0b550e0d3a700072b6a2a.m3u8,网络源,https://images.pluto.tv/channels/61c0989431084d0007eab12d/colorLogoPNG.png
Comedy Central (Sweden) DK (720p),https://jmp2.uk/plu-61c0989431084d0007eab12d.m3u8,网络源,https://images.pluto.tv/channels/61c0989431084d0007eab12d/colorLogoPNG.png
Comedy Central (United States) (576p),https://tvsen3.aynaott.com/5fUWDMxZ/index.m3u8,网络源,https://images.pluto.tv/channels/64f8a408bd341e000818fcda/colorLogoPNG.png
Comedy Central (United States) CA,https://jmp2.uk/plu-64f8a408bd341e000818fcda.m3u8,网络源,https://images.pluto.tv/channels/64f8a408bd341e000818fcda/colorLogoPNG.png
Comedy Central Animation,https://jmp2.uk/plu-64f8a949f5b5e4000862467c.m3u8,网络源,https://i.imgur.com/uENch0P.png
Comedy Central en Espanol,https://jmp2.uk/plu-5cf96dad1652631e36d43320.m3u8,网络源,https://i.imgur.com/6xTD3G8.png
Comedy Central Latin America (1080p),http://15.204.246.24:8080/ComedyCentralHD/index.m3u8,网络源,https://upload.wikimedia.org/wikipedia/commons/thumb/a/aa/Comedy_Central_2018.svg/960px-Comedy_Central_2018.svg.png
Comedy Central Pluto TV,https://jmp2.uk/plu-5ca671f215a62078d2ec0abf.m3u8,网络源,https://images.pluto.tv/channels/5f357e91b18f0b00073583d2/colorLogoPNG.png
Comedy Central Pluto TV BR,https://jmp2.uk/plu-5f357e91b18f0b00073583d2.m3u8,网络源,https://images.pluto.tv/channels/5f357e91b18f0b00073583d2/colorLogoPNG.png
Comedy Central Pluto TV LatAm,https://jmp2.uk/plu-5ffcc21a432945000762d06b.m3u8,网络源,https://images.pluto.tv/channels/5f357e91b18f0b00073583d2/colorLogoPNG.png
Comedy Central Roast,https://jmp2.uk/plu-6641fd41b18d700008e7e2b8.m3u8,网络源,https://images.pluto.tv/channels/6641fd41b18d700008e7e2b8/colorLogoPNG.png
Comedy Central South Park,https://jmp2.uk/plu-609ae66b359b270007869ff1.m3u8,网络源,https://images.pluto.tv/channels/609ae66b359b270007869ff1/colorLogoPNG_1733160636316.png
Comedy Central South Park LatAm,https://jmp2.uk/plu-609ae5cd48d3200007b0a98e.m3u8,网络源,https://images.pluto.tv/channels/609ae66b359b270007869ff1/colorLogoPNG_1733160636316.png
Comedy Dynamics (1080p),https://comedydynamics-plex-ingest.cinedigm.com/playlist.m3u8,网络源,https://i.imgur.com/1lEvUOa.png
Comedy Play (576i),https://stream1.antenaplay.ro/live/ComedyPlay/chunklist.m3u8,网络源,https://i.imgur.com/6kAeVOk.png
Comedy TV,http://31.146.5.178:8087/play/a00b/index.m3u8,网络源,https://i.imgur.com/i1TANKv.png
Comercio TV (1080p),https://stream-us-east-1.getpublica.com/playlist.m3u8?network_id=16960,网络源,https://www.amagi.com/hubfs/Group%202-3.png
Comet (1080p),https://fast-channels.sinclairstoryline.com/COMET/index.m3u8,网络源,https://upload.wikimedia.org/wikipedia/commons/thumb/9/97/Comet_logo.svg/960px-Comet_logo.svg.png
Community 12TV (720p),https://lin10.isilive.ca/live/gainesville/live/index.m3u8,网络源,https://i.imgur.com/Oel3q43.png
CommunityTV Channel 189 (1080p) [Geo-blocked],https://reflect-tacm.cablecast.tv/live-3/live/live.m3u8,网络源,https://i.imgur.com/jmkLR6L.png
Company TV (720p),https://5929b138b139d.streamlock.net/CompanyTV/smil:CompanyTV.smil/master.m3u8,网络源,https://i.imgur.com/ccdwsWj.png
Concepcion TV (720p),https://stream.blserver.cl/hls/ctv/index.m3u8,网络源,https://i.imgur.com/9k0yAxj.jpeg
Concert Channel (720p),https://jmp2.uk/plu-6868152657543d1f8be4ece3.m3u8,网络源,https://i.imgur.com/u2irADf.png
Concord TV (720p),https://concordca.cablecast.tv/live/stream-2/live.m3u8,网络源,https://i.imgur.com/1vh2a3H.png
Condavision (1080p) [Not 24/7],https://5d8d85cf2c308.streamlock.net:1936/Condavision/endirecto/playlist.m3u8,网络源,https://i.imgur.com/dlrazec.png
Conecta2TV (720p) [Not 24/7],https://live.obslivestream.com/conecta2/index.m3u8,网络源,https://i.imgur.com/W6FDUwt.png
Conecta Mais TV (720p),https://adylnet.streampool.net/10324/live/hls/Conecta/index.m3u8,网络源,https://i.imgur.com/qHwTWlz.png
Conecta TV (720p),https://stream8.mexiserver.com:19360/conectatvx/conectatvx.m3u8,网络源,https://i.imgur.com/qEk0QGa.png
Conectados con Dios,https://cdn.oktvus.com/ConectadoConDios/tracks-v2a1/mono.ts.m3u8,网络源,https://i.imgur.com/Drn8nql.png
ConecTV Brasil (720p),https://stream01.msolutionbrasil.com.br/hls/conectv/live.m3u8,网络源,https://i.imgur.com/XN6jjMR.png
Conexao TV (720p),https://5a57bda70564a.streamlock.net/conexaotv/conexaotv.sdp/playlist.m3u8,网络源,https://i.imgur.com/CJ9SPsZ.png
Conexion Positiva Television,https://tvstream.conexionpositivaradio.com/memfs/69239c4d-4116-4f4f-b065-bf17e81b1411.m3u8,网络源,https://i.ibb.co/HSSyRDs/conexion-positiva.png
Congo Planet Television (1080p) [Not 24/7],https://radio.congoplanet.com/Congo_Planet_TV.sdp/Congo_Planet_TV/playlist.m3u8,网络源,https://i.imgur.com/9IIIvPf.png
Congreso de los Diputados 1 (360p) [Not 24/7],https://congresodirecto.akamaized.net/hls/live/2038274/canal1/master.m3u8,网络源,https://i.imgur.com/3Qxpe72.png
Congreso de los Diputados 2 (360p) [Not 24/7],https://congresodirecto.akamaized.net/hls/live/2038275/canal2/master.m3u8,网络源,https://i.imgur.com/ffN2LE3.png
Congreso de los Diputados 3 (360p) [Not 24/7],https://congresodirecto.akamaized.net/hls/live/2038276/canal3/master.m3u8,网络源,https://i.imgur.com/2LAzcH8.jpg
Congreso de los Diputados 4 (360p) [Not 24/7],https://congresodirecto.akamaized.net/hls/live/2038277/canal4/master.m3u8,网络源,https://i.imgur.com/2LAzcH8.jpg
Congreso de los Diputados 5 (360p) [Not 24/7],https://congresodirecto.akamaized.net/hls/live/2038278/canal5/master.m3u8,网络源,https://i.imgur.com/2LAzcH8.jpg
ConstanzaTV (1080p) [Not 24/7],https://live20.bozztv.com/akamaissh101/ssh101/ctv8hd/playlist.m3u8,网络源,https://i.imgur.com/4uV90gw.png
Contivision (720p),https://unlimited6-cl.dps.live/cm/cm.smil/playlist.m3u8,网络源,https://i.imgur.com/Lz2OlKf.png
Contra Costa TV [Geo-blocked],https://reflect-contra-costa.cablecast.tv/live-7/live/live.m3u8,网络源,https://i.imgur.com/3oYkwPc.png
Controversia TV (720p) [Not 24/7],https://live.obslivestream.com/controversiatv/index.m3u8,网络源,https://i.imgur.com/X7cPyP2.png
Cooking Panda (576p),https://stream-us-east-1.getpublica.com/playlist.m3u8?network_id=46,网络源,https://i.imgur.com/bhY0Zcs.png
Cool Channel,https://live-iptv.cool-channel.com/cool/live-720P.m3u8,网络源,https://i.imgur.com/MU4E0A7.png
Cool FM 98.9 (720p),https://live2.tensila.com/cool-v-1.arubara/hls/master.m3u8,网络源,https://i.imgur.com/uGE6lZ2.png
Cool TV (1080p) [Not 24/7],https://stream.nasatv.com.mk/cooltv/hls/cooltv_live.m3u8,网络源,https://i.imgur.com/2tFrjUz.png
Cooperativa (720p),https://unlimited1-cl-isp.dps.live/coopetv/coopetv.smil/playlist.m3u8,网络源,https://cdn.m3u.cl/logo/422_Cooperativa.png
Cops (720p),https://langleyproductions-cops-2-eu.rakuten.wurl.tv/playlist.m3u8,网络源,https://i.imgur.com/J3XO6V2.png
Coptic TV (720p) [Not 24/7],https://ctv.icopts.app/CTV/index.fmp4.m3u8,网络源,https://www.ctvchannel.tv/images/CTV-logo-white.png
Coral 39 (1080p) [Not 24/7],https://hls.tvabierta.net/hls/039.m3u8,网络源,https://i.imgur.com/k6cv9A9.png
Coral TV (720p),https://tv.mediacp.eu:8081/coraltv/index.m3u8,网络源,https://i.ibb.co/xDrc5MD/CORALTv.png
Corazon TV,https://sistemastr.tropicalmoonmedia.com/live/7FFCFEC3978B68D1A2ED0A38DE96AF76/12.m3u8,网络源,https://i.imgur.com/HVdbXku.png
Corfu Channel (720p),https://itv.streams.ovh:1936/corfuchannel/corfuchannel/playlist.m3u8,网络源,https://i.imgur.com/EFL1Tjg.png
Cornerstone TV (720p),https://2-fss-1.themediacdn.com/pl_122/206280-3059514-1/playlist.m3u8,网络源,https://i.imgur.com/gqEDwPn.png
Correa Radiovision,https://stream.arcast.net:4443/correadigital/canal12/playlist.m3u8,网络源,https://i.imgur.com/bNCGzjf.jpeg
Corrientes TV,https://617c5175c970b.streamlock.net:4444/13max2/live13maxtv2026/playlist.m3u8,网络源,https://i.imgur.com/7PBkvRp.png
Corts Valencianes (480p) [Not 24/7],https://streamserver3.seneca.tv/cval_live/cdn_enc_3/master.m3u8,网络源,https://i.imgur.com/bVkRBg5.png
Cosmos Tv,https://tv.mediacp.eu:19360/cosmos/cosmos.m3u8,网络源,https://i0.wp.com/fmcosmos.com/wp-content/uploads/2021/11/COSMOS-TV.png
Cosmos Tv SD,https://canaletaplus.com:3922/live/cosmoslive.m3u8,网络源,https://i0.wp.com/fmcosmos.com/wp-content/uploads/2021/11/COSMOS-TV.png
Cosmos TV (720p),https://video.hostingcaaguazu.com:19360/cosmostv/cosmostv.m3u8,网络源,https://i.imgur.com/dAMyExY.jpg
Cosmovision (720p),https://lbgo.bozztv.com/ssh101/ssh101/Cosmovisión/playlist.m3u8,网络源,https://i.imgur.com/QlvYfEJ.png
Costa Noroeste TV (1080p) [Not 24/7],https://limited31.todostreaming.es/live/noroestetv-livestream.m3u8,网络源,https://i.imgur.com/iM9AN6Z.png
Costa Rica Channel (576p) [Not 24/7],https://video0.rogohosting.com:19360/8006/8006.m3u8,网络源,https://i.imgur.com/N4pFVVF.png
COStv,https://irctv.cablecast.tv/live/stream-1/live.m3u8,网络源,https://i.imgur.com/IVqjCRE.png
Coto Brus TV (720p),https://cloudvideo.servers10.com:8081/8030/index.m3u8,网络源,https://i.ibb.co/vJZqrFY/a4ed367c69c23110d458a332af95be0be64566f288ccb5f261689344e6ba5e0d.png
Cottage Life (720p),http://185.246.209.113/CottageLife/index.m3u8,网络源,https://upload.wikimedia.org/wikipedia/commons/thumb/c/c0/Cottage_Life_Logo.svg/960px-Cottage_Life_Logo.svg.png
Cotubanama TV (1080p),https://host.streamingnation.live/p/3588/hybrid/play.m3u8,网络源,https://i.imgur.com/D6gAezp.png
Couleur 3 (720p),https://visualradio-rts-couleur3-d.akamaized.net/out/v1/6a1472634ad745f59a9e63ee8adbbc00/index.m3u8,网络源,https://i.imgur.com/VOIwYYd.png
Court TV (1080p),https://cdn-uw2-prod.tsv2.amagi.tv/linear/amg01438-ewscrippscompan-courttv-tablo/playlist.m3u8,网络源,https://i.imgur.com/jOKA735.png
Coyhaique TV (720p),https://v2.tustreaming.cl/coyhaiquetv/index.m3u8,网络源,https://cdn.m3u.cl/logo/1768_Coyhaique_TV.png
Coza TV (576p),https://viewmedia7219.bozztv.com/wmedia/viewmedia100/web_019/Stream/playlist.m3u8,网络源,https://i.imgur.com/QVBdpuF.png
CP24 (720p),http://107.167.16.138/cp24/index.m3u8?token=test,网络源,https://i.imgur.com/YzjZUEl.png
CPAC English (720p),https://d7z3qjdsxbwoq.cloudfront.net/groupa/live/f9809cea-1e07-47cd-a94d-2ddd3e1351db/live.isml/.m3u8,网络源,https://upload.wikimedia.org/wikipedia/commons/thumb/2/2d/2016_CPAC_logo.svg/960px-2016_CPAC_logo.svg.png
CR Television (720p) [Not 24/7],https://live.obslivestream.com/crtvmux/index.m3u8,网络源,https://i.imgur.com/oxycMeA.png
Crazy Ex-Girlfriend,https://jmp2.uk/plu-693ae5b792fad2e93412a2c7.m3u8,网络源,https://images.pluto.tv/channels/693ae5660eedebc8d5db6579/colorLogoPNG_1770039249880.png
Crazy Ex-Girlfriend DK,https://jmp2.uk/plu-693ae5660eedebc8d5db6579.m3u8,网络源,https://images.pluto.tv/channels/693ae5660eedebc8d5db6579/colorLogoPNG_1770039249880.png
Crazy Ex-Girlfriend NO,https://jmp2.uk/plu-693ae58fc2d0f38be38df821.m3u8,网络源,https://images.pluto.tv/channels/693ae5660eedebc8d5db6579/colorLogoPNG_1770039249880.png
CreaLaTV (1080p),https://stream.crealatv.com/live.m3u8,网络源,https://i.imgur.com/Bnjj29f.png
Create (1080p),https://create.lls.pbs.org/index.m3u8,网络源,https://static.wikia.nocookie.net/logopedia/images/4/43/Create_TV_2006.svg/revision/latest/smart/width/386/height/259?cb=20240205233457
Create WMPT,https://2-fss-1.streamhoster.com/pl_122/amlst:201814-2122456/playlist.m3u8,网络源,https://static.wikia.nocookie.net/logopedia/images/4/43/Create_TV_2006.svg/revision/latest/smart/width/386/height/259?cb=20240205233457
CreaTV Channel 15 (720p),https://reflect-creatv.cablecast.tv/live-13/live/live.m3u8,网络源,https://i.imgur.com/Lwzio0H.png
CreaTV Channel 27 (720p),https://reflect-creatv.cablecast.tv/live-19/live/live.m3u8,网络源,https://i.imgur.com/IYuv0RF.png
CreaTV Channel 28 (720p),https://reflect-creatv.cablecast.tv/live-14/live/live.m3u8,网络源,https://i.imgur.com/rvQdzL1.png
CreaTV Channel 30 (720p),https://reflect-creatv.cablecast.tv/live-16/live/live.m3u8,网络源,https://i.imgur.com/O5GXlmE.png
Credo TV,https://651c69fa2ff4e.streamlock.net/ctv/_definst_/livecredo/playlist.m3u8,网络源,https://i.imgur.com/RD4TgcM.png
Cricket Gold (1080p),https://streams2.sofast.tv/ptnr-yupptv/title-cricketgold/v1/master/611d79b11b77e2f571934fd80ca1413453772ac7/b2048bb8-1686-4432-aa50-647245383e0c/manifest.m3u8,网络源,https://resources.cricket-australia.pulselive.com/cricket-australia/photo/2025/07/25/836eddae-4329-4542-ad17-dcd37e9d951a/Cricket-Gold-1920x1080_noBG.png
Crime 360 (720p),https://jmp2.uk/plu-657880c46e4f6a00087404d0.m3u8,网络源,https://i.imgur.com/IjtaG1m.png
Crime + Investigation (720p),http://23.237.104.106:8080/USA_CRIME_INVESTIGATION/index.m3u8,网络源,https://upload.wikimedia.org/wikipedia/commons/4/4d/Crime_%2B_Investigation_Logo_10.2019.svg
Crime + Investigation Asia (720p) [Geo-blocked],https://cdn09jtedge.indihometv.com/joss/133/crimeinvestigation/index.m3u8,网络源,https://upload.wikimedia.org/wikipedia/commons/4/4d/Crime_%2B_Investigation_Logo_10.2019.svg
Crime + Investigation CEE,http://88.212.15.19/live/test_cai_hevc/playlist.m3u8,网络源,https://upload.wikimedia.org/wikipedia/commons/4/4d/Crime_%2B_Investigation_Logo_10.2019.svg
Crime and Evidence (720p),https://afxporigin.telemedia.co.za/afxp/abr_crimeandevidence/playlist.m3u8,网络源,https://i.imgur.com/xwGquEb.png
Crimea 24,https://cdn.1tvcrimea.ru/24tvcrimea.m3u8,网络源,https://i.imgur.com/k4C0uvp.png
Crimen & Historia (720p),https://jmp2.uk/plu-64ddcbb14c5ed80008fad416.m3u8,网络源,https://images.pluto.tv/channels/64ddcbb14c5ed80008fad416/colorLogoPNG.png
Crimenes Imperfectos,https://jmp2.uk/plu-5e94cd036cc69d0007e8a1ba.m3u8,网络源,https://i.imgur.com/kzUrWR5.png
Cristo TV (480p),https://stream.oursnetworktv.com/latin/CristoTV/playlist.m3u8,网络源,https://i.ibb.co/c2czW3M/Screenshot-20231201-180316.jpg
Cristo Vision Canal 31,https://3a310f6ec721e6b362fcd22772b57f36a2fe6bb2.tabeelcr.com:8080/cristovision31/iptv.m3u8,网络源,https://i.imgur.com/CFXZ8j0.png
Cristovision (720p),https://5fc584f3f19c9.streamlock.net/cristovision/videocristovision/playlist.m3u8,网络源,https://i.imgur.com/XIhCUY9.png
CromTV (1080p) [Not 24/7],https://fox.hostlagarto.com:8081/cromtv/tracks-v1a1/mono.m3u8,网络源,https://i.imgur.com/jk1lkOV.png
CRTV (Cameroon) (576p),http://145.239.5.177/147/index.m3u8,网络源,https://i.imgur.com/cQWNh3L.png
CRTV (Chile) (720p),https://stmv2.voxtvhd.com.br/crtvchile/crtvchile/playlist.m3u8,网络源,https://i2.paste.pics/bf68b159547597c39574aec9dd7c626a.png
CRTV News,https://live1.acangroup.org:1929/publiclive/crtv_news/playlist.m3u8,网络源,https://i.imgur.com/5CshVf9.png
Crunchyroll (720p),https://jmp2.uk/plu-65652f7fc0fc88000883537a.m3u8,网络源,https://i.imgur.com/2FlIQUO.png
Cruz TV,https://reflect-communitytv.cablecast.tv/live-4/live/stream-2/live.m3u8,网络源,https://i.imgur.com/qOO2SaH.png
CSat TV (1080p) [Not 24/7],http://media.smc-host.com:1935/csat.tv/smil:csat.smil/playlist.m3u8,网络源,https://i.imgur.com/fp2EaLJ.png
CSI (Sweden),https://jmp2.uk/plu-6525419dc52b3600083db9c3.m3u8,网络源,https://images.pluto.tv/channels/6525419dc52b3600083db9c3/colorLogoPNG.png
CSI (United States),https://jmp2.uk/plu-5efbd29e4aa26700076c0d06.m3u8,网络源,https://i.imgur.com/xLLNEfA.png
CSI en espanol,https://jmp2.uk/plu-604928d54a4f730007ff76bc.m3u8,网络源,https://i.imgur.com/ifarQil.png
CSI: Crime Scene Investigation,https://jmp2.uk/plu-6304f8d5ffb61000071ab478.m3u8,网络源,https://images.pluto.tv/channels/6304f8d5ffb61000071ab478/colorLogoPNG.png
CSI: Miami,https://jmp2.uk/plu-62f54c11b3af68000702c304.m3u8,网络源,https://images.pluto.tv/channels/63eb9c5351f5d000085e8d7e/colorLogoPNG.png
CSI: Miami BR,https://jmp2.uk/plu-63eb9c5351f5d000085e8d7e.m3u8,网络源,https://images.pluto.tv/channels/63eb9c5351f5d000085e8d7e/colorLogoPNG.png
CSI: Miami LatAm,https://jmp2.uk/plu-63eb9255c111bc0008fe6ec4.m3u8,网络源,https://images.pluto.tv/channels/63eb9c5351f5d000085e8d7e/colorLogoPNG.png
CSI: Miami en espanol,https://jmp2.uk/plu-632b5950b515b000079e6b81.m3u8,网络源,https://images.pluto.tv/channels/632b5950b515b000079e6b81/colorLogoPNG_1731837336190.png
CSI: NY,https://jmp2.uk/plu-62f54c6439183b000769fb8f.m3u8,网络源,https://images.pluto.tv/channels/62f54c6439183b000769fb8f/colorLogoPNG_1731837277521.png
CSI: NY en espanol,https://jmp2.uk/plu-632b606e12a67b0007c9e371.m3u8,网络源,https://images.pluto.tv/channels/632b606e12a67b0007c9e371/colorLogoPNG_1731837281479.png
Csurgo TV (720p),https://cstv.medialivecdn.hu/csurgotv/27725804dc13aa23b3970414524d2dbf.sdp/playlist.m3u8,网络源,https://i.imgur.com/vVOEYuj.png
CT1,http://88.212.15.19/live/test_ct1_25p/playlist.m3u8,网络源,https://upload.wikimedia.org/wikipedia/commons/thumb/2/2f/%C4%8CT1_logo_2012.svg/960px-%C4%8CT1_logo_2012.svg.png
CT2,http://88.212.15.19/live/test_ct2_25p/playlist.m3u8,网络源,https://upload.wikimedia.org/wikipedia/commons/thumb/0/08/%C4%8CT2_logo_2012.svg/960px-%C4%8CT2_logo_2012.svg.png
CT24 (1080p),http://88.212.15.19/live/test_ct24_hevc/playlist.m3u8,网络源,https://upload.wikimedia.org/wikipedia/commons/thumb/b/b2/%C4%8CT24_logo.png/960px-%C4%8CT24_logo.png
CT Decko (1080p),http://88.212.15.19/live/ct_art_avc_25p/playlist.m3u8,网络源,https://upload.wikimedia.org/wikipedia/commons/thumb/a/ab/%C4%8CT-D_logo.svg/960px-%C4%8CT-D_logo.svg.png
CT Sport (720p),http://88.212.15.19/live/test_ctsport_25p/playlist.m3u8,网络源,https://upload.wikimedia.org/wikipedia/commons/thumb/7/72/%C4%8CT_sport_logo.png/960px-%C4%8CT_sport_logo.png
CT-N Court Feed (360p) [Not 24/7],http://video.ct-n.com/live/ctnSupreme/playlist_DVR.m3u8,网络源,https://i.imgur.com/pb0TFQt.jpeg
CT-N Live Stream 2 (360p) [Not 24/7],http://video.ct-n.com/live/web2stream/playlist.m3u8,网络源,https://i.imgur.com/pb0TFQt.jpeg
CT-N TV Conneticut (720p) [Not 24/7],http://video.ct-n.com/live/ctnstream/playlist_DVR.m3u8,网络源,https://i.imgur.com/pb0TFQt.jpg
CTB Perth (720p),https://live.ctbperth.net.au/hls/0/stream.m3u8,网络源,https://i.imgur.com/VB8gtCy.jpeg
CTB Perth Movies Channel (720p),https://movies.ctbperth.net.au/hls/stream.m3u8,网络源,https://i.imgur.com/VB8gtCy.jpeg
CTi Variety (720p),http://23.237.10.66:16372,网络源,https://i.imgur.com/tqsKObw.png
CTN (Cambodia) [Not 24/7],https://live.happywatch99.com/ctnhdtv/c83cc584a878608f6b36a9717bd7a8ab.sdp/playlist.m3u8,网络源,https://i.imgur.com/r523kOq.png
CTN (United States) (720p),https://d3k5y954fiztgy.cloudfront.net/FREECAST/CTN-2b0dd347-f7b0-e7ed-9096-68966d29db50/index.m3u8,网络源,https://i.imgur.com/42UdwD0.png
CTS News [Geo-blocked],http://seb.sason.top/sc/hsxw_fhd.m3u8,网络源,https://i.imgur.com/V1EVtRm.png
CTT Canal 49 (1080p) [Not 24/7],https://cdnfox.hostlagarto.com/cct49/index.m3u8,网络源,https://i.imgur.com/jsi4qVb.jpg
CTV 2 Atlantic (720p),http://stream.cammonitorplus.net/1731/index.m3u8,网络源,https://upload.wikimedia.org/wikipedia/commons/thumb/6/6d/CTV_2_2018.svg/960px-CTV_2_2018.svg.png
CTV8 HD,https://ip.pdtvhd.com/Khmer/streams/CTV8HD.m3u8,网络源,https://i.imgur.com/yrdr4Po.png
CTV 9 (1080p),http://43.252.18.195:5080/live/streams/ctv9_hd_playlist.m3u8,网络源,https://i.imgur.com/jgVJt2G.png
CTV19 (720p),https://twitch-m3u8.bastypro112.workers.dev/ctv19live/index.m3u8,网络源,https://i.imgur.com/qkd2m24.png
CTV35,https://vdochile.com:3697/live/ctv35live.m3u8,网络源,https://i.imgur.com/AIbkWj6.png
CTV (Bolivia) (1080p),http://15.204.246.24:8080/CTVHD/index.m3u8,网络源,https://i.imgur.com/ljKb0UX.png
CTV (Canada) CFTO-DT (720p),http://stream.cammonitorplus.net/1712/index.m3u8,网络源,https://upload.wikimedia.org/wikipedia/commons/thumb/1/17/CTV_logo_2018.svg/960px-CTV_logo_2018.svg.png
CTV (United States) (480p),https://cdn3.wowza.com/5/UWpORHhLSEs5SkJs/calabasas/G0009_003/playlist.m3u8,网络源,https://i.imgur.com/N5uiIJo.png
CTV Life Channel (720p),http://185.246.209.113/ANIMALPLANETHD/index.m3u8,网络源,https://upload.wikimedia.org/wikipedia/commons/thumb/e/ed/CTV_Life_Channel_2019.svg/500px-CTV_Life_Channel_2019.svg.png
CTVN AKD Plus (1080p),https://live.legitpro.co.in/ctvnakdplus/index.m3u8,网络源,https://dtil.tmsimg.com/assets/s142754_ld_h15_aa.png?lock=720x540
Cufo,https://digitalb-live.morescreens.com/DAL_1_005/playlist.m3u8?application_id=backoffice1&application_installation_id=1&authority_instance_id=spectar-prd-digitalb&detected_delivery_method=hls&id=DAL_1_005&playlist_template=nginx&profile_id=1&ps=94d0066599d8f74d1c090e93ac4617b6491d3629d2e2d770870fcef1f7effa25b204aa53b3821da5e9e65bee8e94331bcae2cb344d0739ca3a938b4ef2051cc8&subscriber_id=1&token=142cda7d50870275a9ca7988ff001b32ab30709b&uuid=backoffice1&vh=7ab82e63aae8510c6b37ea16da502e54e441a5a1a88bce0c8ed63da99bce948d86253d64ae00424dda8b9c8b6e2cd0f6cd79d8b0a56e10759210cdf4f6761d11&video_id=12498,网络源,https://i.imgur.com/GbBHtwD.png
Cultura 24,https://www.opencaster.com/resources/hls_stream/cultura24.m3u8,网络源,https://i.imgur.com/h0LxXsx.png
Cultura Fast (720p),https://fpa-gateway.tvcultura.com.br:8181/memfs/606caef0-a290-413d-9f1f-8fcdb3a73831.m3u8,网络源,https://eitv6.cdn.broadpeak.io/account351-i1438/channel/53/quadrada_-3-_pequeno-1723832301.png
Cultura Online,https://streaming.bitsur.cl:3399/live/vdo532live.m3u8,网络源,https://i.imgur.com/w8td5Lq.png
Cultura Para (720p),http://170.84.165.204/CANAL_21_HD/index.m3u8,网络源,https://i.imgur.com/5jPEI5c.png
Cumbia Mix (720p),https://cloud.tvomix.com/CUMBIAMIX/index.m3u8,网络源,https://qtrypzzcjebvfcihiynt.supabase.co/storage/v1/object/public/base44-prod/public/6901dfd41a05195b77301d7b/b306e57e4_Logo-TV-C.png
Curiosity Channel (720p),https://jmp2.uk/plu-6576c20fb3801200084786c9.m3u8,网络源,https://upload.wikimedia.org/wikipedia/commons/thumb/e/ef/Curiosity_Channel_Logo_2023.svg/960px-Curiosity_Channel_Logo_2023.svg.png
Curiosity NOW EN (1080p),https://amg00170-amg00170c4-samsung-gb-4232.playouts.now.amagi.tv/playlist.m3u8,网络源,https://i.imgur.com/gJ9eMaG.png
Curiquingue TV (720p),https://video2.lhdserver.es/pjtv/live.m3u8,网络源,https://i.imgur.com/oukGx28.png
Current Time TV (1080p),https://rfe-ingest.akamaized.net/hls/live/2033043/tvmc05/master.m3u8,网络源,https://i.imgur.com/hKo8ApU.png
Curro Jimenez,https://jmp2.uk/plu-5f1acd36779de70007a680d1.m3u8,网络源,https://i.imgur.com/e3biTY5.png
Cusano Italia TV (720p),https://router.xdevel.com/video0s975363-69/stream/playlist.m3u8,网络源,https://i.imgur.com/fOluzuE.png
CV Vision TV (288p) [Geo-blocked],https://eu1.servers10.com:8081/8128/index.m3u8,网络源,https://dominicanchannels.com/wp-content/uploads/ccviison-1.png
CVA TV (480p) [Not 24/7],http://190.124.161.21:8086/cvatv/live.m3u8,网络源,https://i.imgur.com/R8P5enu.jpg
CVC (1080p),http://15.204.246.24:8080/CVCHD/index.m3u8,网络源,https://i.imgur.com/taGdzLe.png
CVC Education (480p),https://dlttx48mxf9m3.cloudfront.net/vod_clients/bolton/live/ch2/video.m3u8,网络源,https://i.imgur.com/tUgEAUJ.png
CVC Government (480p),https://dlttx48mxf9m3.cloudfront.net/vod_clients/bolton/live/ch3/video.m3u8,网络源,https://i.imgur.com/qLJhNhq.png
CVC Public (480p),https://dlttx48mxf9m3.cloudfront.net/vod_clients/bolton/live/ch1/video.m3u8,网络源,https://i.imgur.com/KiTtkBQ.png
CVN TV,https://7.innovatestream.pe:19360/cvntumbes/cvntumbes.m3u8,网络源,https://i.imgur.com/QF5VUcy.png
CVR English (720p),https://cdn.pishow.tv/ott/live/425/master.m3u8,网络源,https://i.imgur.com/k0WTQKi.png
CVR Health (576p),https://mumbai-edge.smartplaytv.in/CVRHealth/index.m3u8,网络源,https://i.imgur.com/bCyW32I.png
CVR News (576p),https://mumbai-edge.smartplaytv.in/CVRNews/index.m3u8,网络源,https://xstreamcp-assets-msp.streamready.in/assets/LIVETV/LIVECHANNEL/LIVETV_LIVETVCHANNEL_CVR_NEWS/images/LOGO_HD/LOGO_HD_image.png
CVR OM Spiritual (576p),https://yuppnimrestreammum.akamaized.net/181224/smil:cvrom1.smil/playlist.m3u8?hdnts=st=1735898689~exp=1835898688~acl=*~hmac=f5fe24724fe05481e3841f9eb5ab8efdee0a3dd83645ae9dcf45703f525bab7b,网络源,https://jiotvimages.cdn.jio.com/dare_images/images/CVR_OM_Spiritual.png
CVTV Channel 192 (1080p),https://livestream.telvue.com/cvtv2/f7b44cfafd5c52223d5498196c8a2e7b.sdp/playlist.m3u8,网络源,https://i.imgur.com/loGNYCc.png
CVTV Channel 194 (1080p),https://livestream.telvue.com/cvtv1/f7b44cfafd5c52223d5498196c8a2e7b.sdp/playlist.m3u8,网络源,https://i.imgur.com/loGNYCc.png
CW KATU (1080p),https://linear-710.frequency.stream/dist/stirr/710/hls/master/playlist.m3u8,网络源,https://upload.wikimedia.org/wikipedia/commons/thumb/b/b1/The_CW_2024.svg/960px-The_CW_2024.svg.png
CW KCRA-TV (720p),https://aegis-cloudfront-1.tubi.video/5e3aff30-070f-4951-aa59-5ca415acb3c1/playlist.m3u8,网络源,https://upload.wikimedia.org/wikipedia/commons/thumb/b/b1/The_CW_2024.svg/960px-The_CW_2024.svg.png
CW KOMO-TV (1080p),https://linear-709.frequency.stream/dist/stirr/709/hls/master/playlist.m3u8,网络源,https://upload.wikimedia.org/wikipedia/commons/thumb/b/b1/The_CW_2024.svg/960px-The_CW_2024.svg.png
CW KTNV-TV (720p),https://content.uplynk.com/channel/39919d3f7a074eefa8bf579214e952f9.m3u8,网络源,https://upload.wikimedia.org/wikipedia/commons/thumb/b/b1/The_CW_2024.svg/960px-The_CW_2024.svg.png
CW KTVU (720p),https://aegis-cloudfront-1.tubi.video/8d9284ec-c451-4e51-a1d4-d16e5c8972af/index.m3u8,网络源,https://upload.wikimedia.org/wikipedia/commons/thumb/b/b1/The_CW_2024.svg/960px-The_CW_2024.svg.png
CW WLUK-TV (1080p),https://linear-702.frequency.stream/dist/stirr/702/hls/master/playlist.m3u8,网络源,https://upload.wikimedia.org/wikipedia/commons/thumb/b/b1/The_CW_2024.svg/960px-The_CW_2024.svg.png
CW WMPT (1080p),https://2-fss-2.streamhoster.com/pl_138/amlst:201814-1291584/playlist.m3u8,网络源,https://upload.wikimedia.org/wikipedia/commons/thumb/b/b1/The_CW_2024.svg/960px-The_CW_2024.svg.png
CW WXII-TV (720p),https://aegis-cloudfront-1.tubi.video/54b357b4-bf4b-4356-97b4-b1acb6ab62f7/playlist.m3u8,网络源,https://upload.wikimedia.org/wikipedia/commons/thumb/b/b1/The_CW_2024.svg/960px-The_CW_2024.svg.png
Cypress Channel 36 (360p),https://livestream-us-east-edge-2.granicusops.com/live/cypressca/live-1-a/playlist.m3u8,网络源,https://i.imgur.com/vOvoHBC.png
D3 TV (720p),https://lbgo.bozztv.com/ssh101/ssh101/d3tvnet/playlist.m3u8,网络源,https://i.imgur.com/uFEIBtB.png
D Music (1280p) [Not 24/7],http://43.252.18.195:5080/live/streams/WCVNews.playlist.m3u8,网络源,
Da Nang TV 1 (1080p) [Not 24/7],https://live.mediatech.vn/live/285b59a111d76974225a8e3004bfc31a509/chunklist.m3u8,网络源,https://i.imgur.com/EOMuO1z.png
Da Nang TV2 (1080p) [Not 24/7],https://live.mediatech.vn/live/2859145290d0d7947ef88b6240123b62474/chunklist.m3u8,网络源,
Da Vinci (576p),http://hls127.freeott.top:8080/Da_Vinci_Learning/video.m3u8,网络源,https://i.imgur.com/V8AUJP6.png
DaAi 1 (720p),https://pulltv1.wanfudaluye.com/live/tv1.m3u8,网络源,https://i.imgur.com/KdJi9af.png
DaAi 2 (1080p),http://nmk.ioapk.com:5050/4gtv-live106/index.m3u8,网络源,https://i.imgur.com/KdJi9af.png
DAAI TV,https://pull.daaiplus.com/live-DAAIPLUS/live-DAAIPLUS_HD.m3u8,网络源,https://i.imgur.com/YC7JCHo.png
Dabanga TV (1080p),https://hls.dabangasudan.org/hls/stream.m3u8,网络源,https://i.imgur.com/BH1N6TA.png
Dac TV (720p),https://live-evg8.tv360.bitel.com.pe/bitel/dactvSRT/playlist.m3u8,网络源,https://i.imgur.com/g4pZ3ZW.jpeg
Dacha (1080p),https://dash2.antik.sk/live/test_dacha_tv_atktv/playlist.m3u8,网络源,https://i.imgur.com/xq6p9BZ.png
Dacwa TV (576p) [Not 24/7],https://ap02.iqplay.tv:8082/iqb8002/d13w1/playlist.m3u8,网络源,https://i.imgur.com/rMqrLzV.png
Dagestan (1080p),https://dagestan.mediacdn.ru/cdn/dagestan/playlist.m3u8,网络源,https://i.imgur.com/jumkRvc.png
Daily Post TV (1080p),https://vglivessai.akamaized.net/sg/v1/master/611d79b11b77e2f571934fd80ca1413453772ac7/103b8dd3-a888-4d1d-89a5-8a4bc25e48c1/index.m3u8,网络源,https://papaji.freetvindia.com/media/Daily_post.png
Dali TV (720p),http://www.dalitv.com.tw:4568/live/dali/index.m3u8,网络源,https://i.imgur.com/pFIMLsA.png
Dallas Cowboys Cheerleaders,https://jmp2.uk/plu-64e7715c4c5ed800081230e4.m3u8,网络源,https://images.pluto.tv/channels/64e87c6b28cec700088ceb55/colorLogoPNG.png
Dallas Cowboys Cheerleaders DK,https://jmp2.uk/plu-64e87c6b28cec700088ceb55.m3u8,网络源,https://images.pluto.tv/channels/64e87c6b28cec700088ceb55/colorLogoPNG.png
Dallas Cowboys Cheerleaders NO,https://jmp2.uk/plu-64e77016324d190008291c13.m3u8,网络源,https://images.pluto.tv/channels/64e87c6b28cec700088ceb55/colorLogoPNG.png
Damascus Radio (720p),https://radiodamascus.ortas.live/RDimshq/RDimshqLive/playlist.m3u8,网络源,https://damasradio.fm/wp-content/uploads/2026/01/logo-red.svg
Dance FM (720p),https://5eaccbab48461.streamlock.net:1936/dancefm_1/dancefm_1/playlist.m3u8,网络源,https://i2.paste.pics/ff3e1e1045a1968dcdbcda3824a94eb3.png
Dance Television (1080p),https://m1b2.worldcast.tv/dancetelevisionone/2/dancetelevisionone.m3u8,网络源,https://pbs.twimg.com/profile_images/1268129322730127364/OJlQBZpS_400x400.jpg
DanceHits80,http://dancehits80.denvs.ru:8080/index.m3u8,网络源,https://i.imgur.com/uMw3kks.png
DanceTV Algorhythm (1080p),https://m2b2.worldcast.tv:7443/dancetelevisionfour/dancetelevisionfour.m3u8,网络源,
DanceTV Deep House District (1080p),https://m1b2.worldcast.tv/dancetelevisiontwo/dancetelevisiontwo.m3u8,网络源,https://hebbkx1anhila5yf.public.blob.vercel-storage.com/dhd-logo-GjMR8ITxgPd9PDBLDf0I87dajJTZnb.png
DanceTV EDM Mainstage (1080p),https://mbit1.worldcast.tv/dancetelevisionseven/multibit.m3u8,网络源,
DanceTV House Floor (1080p),https://m2b2.worldcast.tv:7443/dancetelevisionfive/dancetelevisionfive.m3u8,网络源,https://hebbkx1anhila5yf.public.blob.vercel-storage.com/hf-logo-uDcW7mhXn7bEtZ18czXFyZDlhj8ayX.png
DanceTV Minimal Tech (1080p),https://mbit1.worldcast.tv/dancetelevisionsix/multibit.m3u8,网络源,
DanceTV Techno Warehouse (1080p),https://m2b2.worldcast.tv:7443/dancetelevisionthree/dancetelevisionthree.m3u8,网络源,https://hebbkx1anhila5yf.public.blob.vercel-storage.com/tw-logo-dqofMpknglzhuurr3HkwtzR7cqGZHj.png
Dangal 2 (720p),https://live-dangal2.akamaized.net/liveabr/playlist.m3u8,网络源,https://i.imgur.com/BEr1r7L.png
Dangal TV (720p),https://live-dangal.akamaized.net/liveabr/playlist.m3u8,网络源,https://xstreamcp-assets-msp.streamready.in/assets/LIVETV/LIVECHANNEL/LIVETV_LIVETVCHANNEL_DANGAL/images/LOGO_HD/image.png
Danger TV (720p),https://dk0n7jh428tzj.cloudfront.net/v1/dangertv/samsungheadend_us/latest/main/hls/playlist.m3u8,网络源,https://i.imgur.com/4aTk45R.png
Dao Lane Xang TV (720p) [Not 24/7],https://livefta.malimarcdn.com/ftaedge00/khaomwungmai.sdp/playlist.m3u8,网络源,https://i.imgur.com/yE7nZ6w.png
Dare To Dream Network,https://3abn.bozztv.com/3abn2/d2d_live/smil:d2d_live.smil/playlist.m3u8,网络源,https://i.imgur.com/oNUpXA9.png
Daria,https://jmp2.uk/plu-62d0895ebe7a970008785244.m3u8,网络源,https://images.pluto.tv/channels/62d0895ebe7a970008785244/colorLogoPNG.png
Dark Matter TV (720p),https://tricoast-tv-dark-matter-01-us.ono.wurl.tv/playlist.m3u8,网络源,https://i.imgur.com/9K8T3ND.png
Darshan 24 (576p),https://mumt05.tangotv.in/87NeALx2DARSHAN24/index.m3u8,网络源,https://jiotvimages.cdn.jio.com/dare_images/images/Darshan_24.png
Darshana TV (576p),https://mumt04.tangotv.in/m18aqlK4DARSHANATV/index.m3u8,网络源,https://dtil.tmsimg.com/assets/s142774_ld_h15_aa.png?lock=720x540
Daru TV (720p),https://5cd03f21c7193.streamlock.net/darutv/darutvlive/playlist.m3u8,网络源,https://i.imgur.com/0P7QHde.png
Das Erste HD (1080p),https://daserste-live.ard-mcdn.de/daserste/live/hls/int/master.m3u8,网络源,https://upload.wikimedia.org/wikipedia/commons/thumb/d/d1/ARD_Dachmarke_2014.svg/960px-ARD_Dachmarke_2014.svg.png
DASDING 90.8 (720p),https://swrdasdingvr-hls.akamaized.net/hls/live/2018681/dasdingvr/master.m3u8,网络源,https://i.imgur.com/BmklHs8.png
Dasturxon TV (576p),https://stream8.cinerama.uz/1206/tracks-v1a1/playlist.m3u8,网络源,https://i.imgur.com/APM2ej5.jpeg
Dateline 24/7 (1080p),https://d1si3n1st4nkgb.cloudfront.net/10502/88896029/hls/master.m3u8?ads.xumo_channelId=88896029,网络源,https://i.imgur.com/8mAJuut.png
Dating Disasters,https://jmp2.uk/plu-651f239d9c7aeb0008286823.m3u8,网络源,https://images.pluto.tv/channels/651f239d9c7aeb0008286823/colorLogoPNG.png
Dating Naked UK,https://jmp2.uk/plu-692edd6bdb8695f63e14f3b9.m3u8,网络源,https://images.pluto.tv/channels/692edc78d52ea9e4858cf78f/colorLogoPNG_1768226003744.png
Dating Naked UK DK,https://jmp2.uk/plu-692edc78d52ea9e4858cf78f.m3u8,网络源,https://images.pluto.tv/channels/692edc78d52ea9e4858cf78f/colorLogoPNG_1768226003744.png
Dating Naked UK NO,https://jmp2.uk/plu-692edcff77f0147d69f19498.m3u8,网络源,https://images.pluto.tv/channels/692edc78d52ea9e4858cf78f/colorLogoPNG_1768226003744.png
Datis TV,https://ronhls.wns.live/hls/stream.m3u8,网络源,
Daystar TV (1080p),https://live-mcl.cdn01.net/smarttv/48vy43564/playlist.m3u8,网络源,https://i.imgur.com/uVdKHMG.png
Daystar TV WSLF-LD (720p),https://content.uplynk.com/channel/1992858a34c3423dbdad491d07ae6f75.m3u8,网络源,https://i.imgur.com/uVdKHMG.png
Daystar TV Espanol (720p),https://live-mcl.cdn01.net/smarttv/64wj6m6d8/playlist.m3u8,网络源,https://upload.wikimedia.org/wikipedia/commons/thumb/f/fc/Daystar_(2008%E2%80%93present)_unmodified_logo.svg/960px-Daystar_(2008%E2%80%93present)_unmodified_logo.svg.png
DAZN Combat (684p),https://jmp2.uk/plu-64d626ac9b414d000820e2fc.m3u8,网络源,https://i.postimg.cc/VsW3Jsrz/logo-DAZN-Combat.png
DAZN Darts x Pluto TV,https://jmp2.uk/plu-64b67f0424ade50008a3be17.m3u8,网络源,https://images.pluto.tv/channels/64b67f0424ade50008a3be17/colorLogoPNG.png
DAZN Heldinnen x Pluto TV,https://jmp2.uk/plu-64afe50c5dc16600087f3227.m3u8,网络源,https://images.pluto.tv/channels/64afe50c5dc16600087f3227/colorLogoPNG.png
DBC News (480p),http://tvn3.chowdhury-shaheb.com/dbc/index.m3u8,网络源,https://i.imgur.com/Qbt6q4z.png
DBM TV (1080p),https://dbmtv.vedge.infomaniak.com/livecast/dbmtv/playlist.m3u8,网络源,https://i.imgur.com/ab6p2SW.png
DBS TV,https://stream.dbstvstlucia.com/hls/dbstv_main.m3u8,网络源,https://i.ibb.co/JW1n9Fs/Screenshot-20230804-135924.jpg
DC Council Hearing Room 120 (1080p),https://video.oct.dc.gov/out/u/97_12.m3u8,网络源,https://i.imgur.com/8fljC7g.png
DCC (1080p),https://video.oct.dc.gov/out/u/15_12.m3u8,网络源,https://i.imgur.com/YBWbiWZ.png
DCC: Making the Team,https://jmp2.uk/plu-5d40855b3fb0855028c99b6f.m3u8,网络源,https://images.pluto.tv/channels/5d40855b3fb0855028c99b6f/colorLogoPNG.png
DCH TV (1080p),https://v2.tustreaming.cl/dchtv/index.m3u8,网络源,https://i.imgur.com/65Xk6oI.png
DD Arun Prabha (360p),https://d2lk5u59tns74c.cloudfront.net/out/v1/308556d9fd1246adb479ef012a39bbfe/index.m3u8,网络源,https://xstreamcp-assets-msp.streamready.in/assets/LIVETV/LIVECHANNEL/LIVETV_LIVETVCHANNEL_DD_ARUNPRABHA/images/LOGO_HD/image.png
DD Assam (504p),https://d2lk5u59tns74c.cloudfront.net/out/v1/d380bf5c167b4319a46cdd8204bc26b2/index.m3u8,网络源,https://dtil.tmsimg.com/assets/s142777_ld_h15_aa.png?lock=720x540
DD Bangla (504p),https://d3qs3d2rkhfqrt.cloudfront.net/out/v1/7ff57cc9046b4c188b51a0d506f36e7f/index.m3u8,网络源,https://dtil.tmsimg.com/assets/s142778_ld_h15_aa.png?lock=720x540
DD Bharati (720p),https://cdn.pishow.tv/ott/live/10/master.m3u8,网络源,https://i.imgur.com/4tfUIEo.png
DD Bihar (720p),https://cdn.pishow.tv/ott/live/35/master.m3u8,网络源,https://i.imgur.com/C7KQiZI.png
DD Chandana (504p),https://d2lk5u59tns74c.cloudfront.net/out/v1/0c980455d2fb4b69bcc6235745ee6039/index.m3u8,网络源,https://xstreamcp-assets-msp.streamready.in/assets/LIVETV/LIVECHANNEL/LIVETV_LIVETVCHANNEL_DD_CHANDANA/images/LOGO_HD/image.png
DD Chhattisgarh (720p),https://cdn.pishow.tv/ott/live/15/master.m3u8,网络源,https://i.imgur.com/zBg6Iuv.png
DD Girnar (504p),https://d2lk5u59tns74c.cloudfront.net/out/v1/558fdb9aebb54bb5bbbf0ced03686148/index.m3u8,网络源,https://dtil.tmsimg.com/assets/s142782_ld_h15_aa.png?lock=720x540
DD Goa (504p),https://d3qs3d2rkhfqrt.cloudfront.net/out/v1/e5b9db1cc184406bb97159da2f120f91/index.m3u8,网络源,https://ltsk-cdn.s3.eu-west-1.amazonaws.com/jumpstart/Temp_Live/cdn/HLS/Channel/transparentImages/DD-Goa-Logo_2000_X_1125_Transpharent.png
DD Haryana (504p),https://d2lk5u59tns74c.cloudfront.net/out/v1/950fc69666474351bde0a32b9600c804/index.m3u8,网络源,https://ltsk-cdn.s3.eu-west-1.amazonaws.com/jumpstart/Temp_Live/cdn/HLS/Channel/transparentImages/DD-Haryana-Logo_2000_X_1125_Transpharent.png
DD Himachal Pradesh (504p),https://d3qs3d2rkhfqrt.cloudfront.net/out/v1/afd2e335b0ba40eb9bdf1096118c6ede/index.m3u8,网络源,https://dtil.tmsimg.com/assets/s142785_ld_h9_aa.png?lock=720x540
DD India (1080p),https://mumbai-edge.smartplaytv.in/DDIndia/index.m3u8,网络源,https://dtil.tmsimg.com/assets/s158251_ld_h15_aa.png?lock=720x540
DD Jharkhand (504p),https://d3qs3d2rkhfqrt.cloudfront.net/out/v1/e8c3741f8c154d3185831f4e31777fb2/index.m3u8,网络源,https://dtil.tmsimg.com/assets/s142787_ld_h15_aa.png?lock=720x540
DD Kashir (504p),https://d3qs3d2rkhfqrt.cloudfront.net/out/v1/8a59a828e80c49d0958925950cec0204/index.m3u8,网络源,https://xstreamcp-assets-msp.streamready.in/assets/LIVETV/LIVECHANNEL/LIVETV_LIVETVCHANNEL_DD_KASHIR/images/LOGO_HD/image.png
DD Kisan (1080p),https://mumbai-edge.smartplaytv.in/DDKisan/index.m3u8,网络源,https://i.imgur.com/x56WJEa.png
DD Madhya Pradesh (720p),https://mumbai-edge.smartplaytv.in/ddmadhyapradesh/index.m3u8,网络源,https://dtil.tmsimg.com/assets/s142790_ld_h15_aa.png?lock=720x540
DD Malayalam (504p),https://d2lk5u59tns74c.cloudfront.net/out/v1/c313674ffced4c9a90f1bba436df2b9b/index.m3u8,网络源,https://i.postimg.cc/BZjmjJJs/DD-Malayalam.png
DD Manipur (504p),https://d2lk5u59tns74c.cloudfront.net/out/v1/8b75afc6576f450e8f554b6c877681d2/index.m3u8,网络源,https://xstreamcp-assets-msp.streamready.in/assets/LIVETV/LIVECHANNEL/LIVETV_LIVETVCHANNEL_DD_IMPHAL/images/LOGO_HD/image.png
DD Meghalaya (504p),https://d3qs3d2rkhfqrt.cloudfront.net/out/v1/4f81bc8d13dd49b484da35988abb8729/index.m3u8,网络源,https://xstreamcp-assets-msp.streamready.in/assets/LIVETV/LIVECHANNEL/LIVETV_LIVETVCHANNEL_DD_SHILLONG/images/LOGO_HD/image.png
DD Mizoram (504p),https://d2lk5u59tns74c.cloudfront.net/out/v1/eea48c6b61074052a2fa8532ff795ff1/index.m3u8,网络源,https://i.imgur.com/I5zT1DG.png
DD Nagaland (504p),https://d2lk5u59tns74c.cloudfront.net/out/v1/29c92e0bef954a6d9b0908d1be29c1f0/index.m3u8,网络源,https://i.imgur.com/HUL4aF6.png
DD National (576p),http://107.167.16.138/ddnational/index.m3u8?token=test,网络源,https://ltsk-cdn.s3.eu-west-1.amazonaws.com/jumpstart/Temp_Live/cdn/HLS/Channel/transparentImages/DD%20National.png
DD National HD (1080p),https://mumbai-edge.smartplaytv.in/DDNational/index.m3u8,网络源,https://ltsk-cdn.s3.eu-west-1.amazonaws.com/jumpstart/Temp_Live/cdn/HLS/Channel/transparentImages/DD%20National.png
DD News (1080p),https://mumbai-edge.smartplaytv.in/DDNews/index.m3u8,网络源,https://ltsk-cdn.s3.eu-west-1.amazonaws.com/jumpstart/Temp_Live/cdn/HLS/Channel/transparentImages/DD%20News%20HD.png
DD News HD (1080p),https://d3qs3d2rkhfqrt.cloudfront.net/out/v1/0811cd8c37ca4c409d5385a6cd2fa18b/index.m3u8,网络源,https://ltsk-cdn.s3.eu-west-1.amazonaws.com/jumpstart/Temp_Live/cdn/HLS/Channel/transparentImages/DD%20News%20HD.png
DD Odia (576p),https://mumbai-edge.smartplaytv.in/ddodiya/index.m3u8,网络源,https://xstreamcp-assets-msp.streamready.in/assets/LIVETV/LIVECHANNEL/LIVETV_LIVETVCHANNEL_DD_ORIYA/images/LOGO_HD/image.png
DD Punjabi (504p),https://d3qs3d2rkhfqrt.cloudfront.net/out/v1/da821c24a59d4e57960497aeaca8fb33/index.m3u8,网络源,https://dtil.tmsimg.com/assets/s142800_ld_h15_aa.png?lock=720x540
DD Rajasthan (720p),https://cdn.pishow.tv/ott/live/34/master.m3u8,网络源,https://xstreamcp-assets-msp.streamready.in/assets/LIVETV/LIVECHANNEL/LIVETV_LIVETVCHANNEL_DD_RAJASTHAN/images/LOGO_HD/image.png
DD Sahyadri (504p),https://d3qs3d2rkhfqrt.cloudfront.net/out/v1/66dcc3ebe182447ba42837e746cf0c7c/index.m3u8,网络源,https://xstreamcp-assets-msp.streamready.in/assets/LIVETV/LIVECHANNEL/LIVETV_LIVETVCHANNEL_DD_SAHYADRI/images/LOGO_HD/image.png
DD Saptagiri (504p),https://d2lk5u59tns74c.cloudfront.net/out/v1/26e915d6d12b4a06822c5e33c088ed56/index.m3u8,网络源,https://xstreamcp-assets-msp.streamready.in/assets/LIVETV/LIVECHANNEL/LIVETV_LIVETVCHANNEL_DD_SAPTAGIRI/images/LOGO_HD/image.png
DD Sports (720p),https://mumbai-edge.smartplaytv.in/DDSportsHD/index.m3u8,网络源,https://dtil.tmsimg.com/assets/s158255_ld_h15_aa.png?lock=720x540
DD Sports SD (1080p),https://d3qs3d2rkhfqrt.cloudfront.net/out/v1/b17adfe543354fdd8d189b110617cddd/index.m3u8,网络源,https://dtil.tmsimg.com/assets/s158255_ld_h15_aa.png?lock=720x540
DD Tamil HD (1080p),https://d2lk5u59tns74c.cloudfront.net/out/v1/abf46b14847e45499f4a47f3a9afe93d/index.m3u8,网络源,https://xstreamcp-assets-msp.streamready.in/assets/LIVETV/LIVECHANNEL/LIVETV_LIVETVCHANNEL_DD_TAMIL/images/LOGO_HD/image.png
DD Tripura (504p),https://d3qs3d2rkhfqrt.cloudfront.net/out/v1/52b998e9510d41c29ad2ceca8ea3d849/index.m3u8,网络源,https://xstreamcp-assets-msp.streamready.in/assets/LIVETV/LIVECHANNEL/LIVETV_LIVETVCHANNEL_DD_TRIPURA/images/LOGO_HD/image.png
DD Urdu (720p),https://cdn.pishow.tv/ott/live/8/master.m3u8,网络源,https://xstreamcp-assets-msp.streamready.in/assets/LIVETV/LIVECHANNEL/LIVETV_LIVETVCHANNEL_DD_URDU/images/LOGO_HD/image.png
DD Uttar Pradesh (720p),https://cdn.pishow.tv/ott/live/36/master.m3u8,网络源,https://dtil.tmsimg.com/assets/s142807_ld_h9_ab.png?lock=720x540
DD Uttarakhand (720p),https://cdn.pishow.tv/ott/live/17/master.m3u8,网络源,https://dtil.tmsimg.com/assets/s142809_ld_h15_aa.png?lock=720x540
DD Yadagiri (576p),https://cdn.pishow.tv/ott/live/21/master.m3u8,网络源,https://xstreamcp-assets-msp.streamready.in/assets/LIVETV/LIVECHANNEL/LIVETV_LIVETVCHANNEL_DD_YADAGIRI/images/LOGO_HD/image.png
De Pelicula Latin America (1080p),http://38.19.41.46:8081/DEPELICULA/index.m3u8,网络源,https://i.imgur.com/aksM8pa.png
De Pelicula US (720p),http://138.121.15.230:9002/DEPELICULA/index.m3u8,网络源,https://upload.wikimedia.org/wikipedia/commons/thumb/0/00/DPel%C3%ADcula_2021.svg/960px-DPel%C3%ADcula_2021.svg.png
De Ultimo Minuto TV,https://soportedvb.click:3620/live/deultimominutomedialive.m3u8,网络源,https://i.imgur.com/6ML2z17.png
De unge modre,https://jmp2.uk/plu-69172a4fcf4a1101befdd894.m3u8,网络源,https://images.pluto.tv/channels/69172a4fcf4a1101befdd894/colorLogoPNG_1770030924752.png
Deadly Women (1080p),https://d1mgh147xpmgs8.cloudfront.net/DeadlyWomen_GB.m3u8,网络源,https://i.imgur.com/dDVZ5Vd.png
Deal or No Deal (1080p),https://amg00627-banijaygroup-dealornodeal-samsungau-si7xg.amagi.tv/playlist/amg00627-banijaygroup-dealornodeal-samsungau/playlist.m3u8,网络源,https://i.imgur.com/lZvNXA1.png
Decima TV (720p),https://unlimited2-cl-isp.dps.live/decimatv/decimatv.smil/playlist.m3u8,网络源,https://i.imgur.com/eu8hDDc.png
Deejay TV (1080p),https://4c4b867c89244861ac216426883d1ad0.msvdn.net/live/S85984808/sMO0tz9Sr2Rk/playlist.m3u8,网络源,https://i.imgur.com/YV27Chs.png
Deen TV (576p),https://cd198.anystream.uk:9092/iqapp/d33ntv/playlist.m3u8,网络源,https://i.imgur.com/Zp62Nbd.png
Deep House District (1080p),https://eu-nl-012.worldcast.tv/dancetelevisiontwo/dancetelevisiontwo.m3u8,网络源,https://i.imgur.com/IV2Qvc0.png
Deewana HD (540p),https://live20.bozztv.com/giatvplayout7/giatv-209592/index.m3u8,网络源,https://i.imgur.com/xIYITQ9.png
DeFiance Media (1080p),https://amg01529-defiancetv-defiancemedia-glewed-tre8x.amagi.tv/playlist.m3u8,网络源,https://xstreamcp-assets-msp.streamready.in/assets/DISTROTV/LIVECHANNEL/66698943bac4421ebc533695/images/logo_20231219_193005_68.png
Dega TV (720p) [Not 24/7],https://59d39900ebfb8.streamlock.net/saintlouisltv/saintlouisltv/playlist.m3u8,网络源,https://i.ibb.co/ZTYvHyR/DEGA-TV-TELEPACK.jpg
Degrassi (720p),https://d3537vnymvfque.cloudfront.net/playlist.m3u8,网络源,https://i.imgur.com/vhSzfDC.png
Del Pueblo TV [Not 24/7],https://vdopanel.jlahozconsulting.com:3869/hybrid/play.m3u8,网络源,https://imgur.com/Pw7ZUT1.jpg
Delfi TV,https://s1.dcdn.lt/live/televizija/playlist.m3u8,网络源,https://i.imgur.com/IFoHP5M.png
DellaTV (720p),https://live20.bozztv.com/giatvplayout7/giatv-211474/playlist.m3u8,网络源,https://i.imgur.com/6lvQ3Xz.png
Delta TV,https://st.deltaboliviainstitucion.org:3778/hybrid/play.m3u8,网络源,https://i.imgur.com/FcciYMD.png
DELTA TV (720p),http://81.171.10.42:554/liveD/DStream.sdp/playlist.m3u8,网络源,https://i.ibb.co/Nt79gnx/319386123-3050873715211949-6691293256713061450-n-1024x752.png
Delta TV Canal 50 (720p) [Not 24/7],https://fox.hostlagarto.com:8081/deltatv50/tracks-v1a1/mono.m3u8,网络源,https://imgur.com/Z1K1tyl.jpg
DeltaTV,https://tv2.bitstreaming.net:3539/live/deltanetlive.m3u8,网络源,https://i.imgur.com/crttwAR.png
Deluxe 139 (480p),https://59d7d6f47d7fc.streamlock.net/pierstyle/pierstyle/playlist.m3u8,网络源,https://i.imgur.com/NbsGekl.png
Deluxe Dance (1080p),https://sdn-global-live-streaming-packager-cache.3qsdn.com/64733/64733_264_live.m3u8,网络源,https://i.imgur.com/Qu7t15Y.png
Deluxe Lounge (720p),https://jmp2.uk/stvp-CHAJ0500413A,网络源,https://i.imgur.com/pgCA35z.png
Deluxe Music (720p),https://sdn-global-live-streaming-packager-cache.3qsdn.com/13456/13456_264_live.m3u8,网络源,https://i.imgur.com/HimuPPb.png
Deluxe Rap (1080p),https://sdn-global-live-streaming-packager-cache.3qsdn.com/65183/65183_264_live.m3u8,网络源,https://i.imgur.com/s3h67hx.png
Demais TV (720p),https://cdn-tiva-stmv1-samcast-com-br.smartbit.co/demaistv6503/demaistv6503/playlist.m3u8,网络源,https://i.imgur.com/Md3xibE.png
Den gule sofa med Allan Sindberg,https://jmp2.uk/plu-66b22714d512590008c3d573.m3u8,网络源,https://images.pluto.tv/channels/66b22714d512590008c3d573/colorLogoPNG.png
Den Haag TV (1080p) [Not 24/7],http://wowza5.video-streams.nl:1935/denhaag/denhaag/playlist.m3u8,网络源,https://i.imgur.com/gkzlRED.jpg
Dena TV,https://ncdn.telewebion.ir/dena/live/playlist.m3u8,网络源,https://upload.wikimedia.org/wikipedia/fa/thumb/1/1c/Yasuj_DENA.svg/960px-Yasuj_DENA.svg.png
Deniz Postasi TV (720p) [Not 24/7],https://live.artidijitalmedya.com/artidijital_denizpostasi/denizpostasi/playlist.m3u8,网络源,https://i.imgur.com/Mm8hdfx.png
Denver 8 TV (720p),https://cdn3.wowza.com/5/bGZUOHp2TnhudnM2/denver/G0080_002/playlist.m3u8,网络源,https://i.imgur.com/wMIy5jb.png
Deportes TVC (1080p),http://162.19.255.233:8080/play/UNbAl57p9hXZClOu56FCTYXmD-MOS3u5IUkeXPpBt80/m3u8,网络源,https://i.imgur.com/Y1t8xkL.png
Der TV,https://stream.berosat.live/hls/der-tv/der-tv.m3u8,网络源,https://raw.githubusercontent.com/songwenhui239/Songwenhui239/refs/heads/main/Der%20TV.jpeg
DerryTV 17 (720p),https://livestream.telvue.com/derrynh1/f7b44cfafd5c52223d5498196c8a2e7b.sdp/playlist.m3u8,网络源,https://i.imgur.com/MRR6UL3.png
DerryTV 23 (720p),https://livestream.telvue.com/derrynh2/f7b44cfafd5c52223d5498196c8a2e7b.sdp/playlist.m3u8,网络源,https://i.imgur.com/MRR6UL3.png
DesheBideshe TV,https://dbcanada.sonarbanglatv.com/deshebideshe/dbtv/index.m3u8,网络源,https://i.imgur.com/Ek1Ohj6.png
Deshi TV (720p),https://deshitv.deshitv24.net/live/myStream/playlist.m3u8,网络源,https://i.imgur.com/PzqzgMm.png
Desi Channel (720p),https://livestream.unlimitedcdn.com/agm-dc/desi-channel/index.m3u8,网络源,https://desichannel.in/wp-content/uploads/2025/01/desi-channel.png
Designated Survivor (1080p) [Geo-blocked],https://amg00353-amg00353c40-xumo-us-4839.playouts.now.amagi.tv/playlist.m3u8,网络源,https://provider-static.plex.tv/epg/cms/production/6f31f52b-2b65-49eb-91e5-52e07edd1927/DesignatedSurvivor_Plex_1500x1000_Logo_Dark.png
Despertar TV (720p),https://br.conectmy.com.br/DespertarTV/index.m3u8,网络源,https://res.cloudinary.com/dpkehkbpv/image/upload/v1721839192/logo/mixtv/despertar_tv_ieb2l3.png
Despierta TV (1080p) [Not 24/7],https://video2.lhdserver.es/despiertatv/live.m3u8,网络源,https://i.imgur.com/hywjKNo.jpg
Det sene show med Christian Fuhlendorff,https://jmp2.uk/plu-660d6bc10cd4630008f4a25a.m3u8,网络源,https://images.pluto.tv/channels/660d6bc10cd4630008f4a25a/colorLogoPNG.png
Detective Conan,https://jmp2.uk/plu-629a066860ef810008267b70.m3u8,网络源,https://images.pluto.tv/channels/629a066860ef810008267b70/solidLogoPNG.png?w=512
Detective Conan France (720p),https://jmp2.uk/plu-62f3e8ad2a8e8000077b013d.m3u8,网络源,https://images.pluto.tv/channels/62f3e8ad2a8e8000077b013d/colorLogoPNG.png?w=512
Detetives Medicos,https://jmp2.uk/plu-638df93ae2f2a3000737c168.m3u8,网络源,https://images.pluto.tv/channels/638df93ae2f2a3000737c168/colorLogoPNG.png
Detroit Channel 10,https://reflect-detroit-vod.cablecast.tv/live-2/live/stream-6/live.m3u8,网络源,https://i.imgur.com/zAdcg9m.png
Detroit Channel 21,https://reflect-detroit-vod.cablecast.tv/live-9/live/stream-4/live.m3u8,网络源,https://i.imgur.com/yXXEGKg.png
Detroit Channel 22,https://reflect-detroit-vod.cablecast.tv/live-3/live/stream-3/live.m3u8,网络源,https://i.imgur.com/zAdcg9m.png
Detroit Channel 68,https://reflect-detroit-vod.cablecast.tv/live-10/live/stream-5/live.m3u8,网络源,https://i.imgur.com/zAdcg9m.png
Detski mir (576p),http://str2.iptvhd.ru:8080/Teleklub/index.m3u8,网络源,https://xml-epgservice.cdnvideo.ru/EPGService/hs/xmldata/852f4b92-cae5-463e-aad6-cd8844c5a49/logo/51.png
Detskiy (576p),https://stream8.cinerama.uz/1033/tracks-v1a1/mono.m3u8,网络源,https://mt.media/upload/iblock/c22/pndw8yi2jwgppdrjikm3eusqp8087kr3.png
Detskoe kino [Not 24/7],https://autopilot.catcast.tv/content/38720/index.m3u8,网络源,https://i.imgur.com/dJqFRhQ.png
Detvora+ (1080p),https://cdn.rostelekom-tv.xyz/live/WAYU4PTJ_VVz4wAQ.m3u8,网络源,https://interra-cdn-europe1.b-cdn.net/logo-detvora.png
DHA (720p) [Not 24/7],https://603c568fccdf5.streamlock.net/live/dhaweb1_C5efC/playlist.m3u8,网络源,https://i.imgur.com/VZhag2x.png
Dhamaal (576p),http://107.167.16.138/dhamaal/index.m3u8?token=test,网络源,https://jiotvimages.cdn.jio.com/dare_images/images/Dhamaal_TV.png
Dhamma TV (720p) [Not 24/7],https://b.webcache.maxindo.net.id/dhamma/dhamma.m3u8,网络源,https://dhammaweb.tv/wp-content/uploads/2018/08/cropped-dhammatv-3.png
Dharsan TV (720p),https://cable91tataplay.akamaized.net/live/dharshantv/index.m3u8,网络源,https://play-lh.googleusercontent.com/brn76ZzRlqS8ylZVVcc5ZFWcqUp36iJ82WyzwiQ8-Nqi_8pIZZ_gsMCXNn6YiLhOEQ
