频道名,地址,来源,图标
TELE 4 Ojocaliente (720p),https://stream.oursnetworktv.com/latin/encoder53/playlist.m3u8,网络源,https://i.imgur.com/TkzIqR2.jpg
TELE 6 (720p),https://lbgo.bozztv.com/ssh101/ssh101/tele6/playlist.m3u8,网络源,https://i.imgur.com/p7tt72X.png
Tele7ABC HD (720p),https://live.tele7abc.ro/hls/stream/index.m3u8,网络源,https://i.imgur.com/CheqyWH.png
Tele7music (576i),https://live.tele7music.ro/hls/stream/index.m3u8,网络源,https://i.imgur.com/11b5W8u.png
Tele Abruzzo (384p),http://uk4.streamingpulse.com:1935/TeleabruzzoTV/TeleabruzzoTV/playlist.m3u8,网络源,https://i.imgur.com/XymK2PR.png
Tele Antillas (1080p),http://45.171.108.253:8888/TELEANTILLAS/index.m3u8,网络源,https://i.imgur.com/G1pJZkC.png
Tele Boston (480p),https://tv2.fastcast4u.com:3238/live/radiotelebostonlive.m3u8,网络源,https://i.imgur.com/xeTtup8.png
Tele Chiara (720p),http://fms.tvavicenza.it:1935/telechiara/diretta/playlist.m3u8,网络源,https://i.imgur.com/LpXeY4v.png
Tele Congo (720p),http://51.254.199.122:8080/telecongo/index.m3u8,网络源,https://i.imgur.com/gbFtP14.png
Tele Dajabon TV (720p) [Not 24/7],https://5790d294af2dc.streamlock.net/dajabon/dajabon/playlist.m3u8,网络源,https://www.vivalivetv.com/public/files/shows/0/1/3822-294x165-FFFFFF.jpg
Tele Dominicana TV (720p) [Not 24/7],https://vdopanel.jlahozconsulting.com/p/3417/hybrid/play.m3u8,网络源,https://dominicanchannels.com/wp-content/uploads/teledominicana.png
Tele Elx (1080p),https://tvdirecto.teleelx.es/stream/teleelx.m3u8,网络源,https://i.imgur.com/w5NTWpl.png
Tele Fe Bolivia (720p),https://59d39900ebfb8.streamlock.net/telefehd/telefehd/playlist.m3u8,网络源,
Tele Haiti (1088p) [Not 24/7],http://66.175.238.147:1935/live/myStream/playlist.m3u8,网络源,https://i.imgur.com/Hso9j58.png
Tele Liban (720p) [Not 24/7],https://cdn.catiacast.video/abr/ed8f807e2548db4507d2a6f4ba0c4a06/playlist.m3u8,网络源,https://i.imgur.com/5VPYxJi.png
Tele Liguria Sud (576p),https://5f22d76e220e1.streamlock.net/tls/tls/playlist.m3u8,网络源,https://i.imgur.com/OxgSGUW.png
Tele Louange (1080p),https://5790d294af2dc.streamlock.net/8124/8124/playlist.m3u8,网络源,https://i.imgur.com/DjnMUuL.png
Tele M1 (720p) [Not 24/7],https://cdnapisec.kaltura.com/p/1719221/sp/171922100/playManifest/entryId/1_ljzy3evp/format/applehttp/protocol/https/a.m3u8,网络源,https://i.imgur.com/oFiixzK.png
Tele MB (1080p),https://tvlocales-live.freecaster.com/telemb/95d2f6ca-817a-48c0-aba5-6323a621c2d6/95d2f6ca-817a-48c0-aba5-6323a621c2d6.isml/master.m3u8,网络源,https://i.imgur.com/XAggjM4.png
Tele Mocoa Canal 10 (720p),https://live.amelbatv.co:81/telemocoalive/index.m3u8,网络源,https://i.imgur.com/XHtpEfu.png
Tele Ola 44 (576i) [Not 24/7],https://teleola.ddns.net/hls/stream.m3u8,网络源,https://dominicanchannels.com/wp-content/uploads/tele-ola.jpeg
Tele One 16,https://648026e87a75e.streamlock.net/teleone/teleone/playlist.m3u8,网络源,
Tele Pam (1080p),https://watch.haitilive.net/app/2020/telepam/index.fmp4.m3u8,网络源,https://i.ibb.co/xMYMyHh/telepammmm.png
Tele Pegaso Catania (404p) [Not 24/7],https://flash2.xdevel.com/telepegasocanale812/telepegasocanale812/playlist.m3u8,网络源,https://i.imgur.com/2syaOJz.png
Tele Peyi (720p),https://edge20.vedge.infomaniak.com/livecast/ik:33dm06/manifest.m3u8,网络源,https://i.imgur.com/LJ9sXaB.png
Tele Poder TV (720p) [Not 24/7],https://cdn.telepoder.online:3229/dash/stream.m3u8,网络源,https://www.telepoder.online/wp-content/uploads/2024/02/cropped-cropped-Logo-PoderTV2.png
Tele Posadas (720p),https://lbgo.bozztv.com/giatv/giatv-teleposadastv/teleposadastv/playlist.m3u8,网络源,https://i.imgur.com/88MVgwX.png
Tele Proyecto TV [Not 24/7],https://5790d294af2dc.streamlock.net/Teleproyecto/Teleproyecto/playlist.m3u8,网络源,https://imgur.com/LmBxN5x.png
Tele Quattro (720p),https://59d7d6f47d7fc.streamlock.net/telequattro/telequattro/playlist.m3u8,网络源,https://telequattro.medianordest.it/wp-content/uploads/2020/10/T4Logo120.png
Tele Radio Sciacca (240p) [Not 24/7],http://5cbd3bc28341f.streamlock.net:1935/trs_live/teleradiosciacca-tv/playlist.m3u8,网络源,https://i.imgur.com/uyNOVUW.png
Tele Regency TV (576p),https://streams.playtv.com.ng/Tele-Regency_TRTV/index.m3u8,网络源,https://teleregency.tv/logo-white.png
Tele Safor (720p) [Not 24/7],https://video.telesafor.com/hls/video.m3u8,网络源,https://i.imgur.com/EowJfr0.png
Tele Sahel (1080p),https://mediaserver1.castpin.com/hls/telesahel/index.m3u8,网络源,https://i.imgur.com/vboq428.png
Tele Saltillo,https://servilive.com:3879/live/telesaltillolive.m3u8,网络源,https://i.imgur.com/PgBtvgO.png
Tele Tchad (1080p),https://strhlslb01.streamakaci.tv/str_tchad_tchad/str_tchad_multi/playlist.m3u8,网络源,https://i.imgur.com/udSzfHD.png
Tele Uno (720p) [Not 24/7],http://tv.teleunotv.cr:1935/TVUNO/TVUNO/playlist.m3u8,网络源,https://i.imgur.com/eRwYxc2.png
Tele UV [Not 24/7],https://58fe359775f31.streamlock.net/tvuv/myStream/playlist.m3u8,网络源,https://i.imgur.com/8MdUH69.jpeg
Tele Zoukla,https://vdo.pro-fhi.net:3228/stream/play.m3u8,网络源,https://i.imgur.com/lWYKgPC.png
Teleacras (576p),https://5cbd3bc28341f.streamlock.net:444/teleacras/live/playlist.m3u8,网络源,https://i.imgur.com/c3Kw2XT.png
Telealtura (1080p) [Not 24/7],https://lbgo.bozztv.com/ssh101/ssh101/telealtura/playlist.m3u8,网络源,https://i.imgur.com/Ql2eaP0.png
Teleamazonas (1080p),http://45.171.108.253:8888/TELEAMAZONAS/index.m3u8,网络源,https://upload.wikimedia.org/wikipedia/commons/thumb/e/e0/Teleamazonas_Logo.png/960px-Teleamazonas_Logo.png
Teleangol (720p),https://pantera1-100gb-cl-movistar.dps.live/teleangol/teleangol.smil/playlist.m3u8,网络源,https://i.imgur.com/nhPFGs8.png
Teleangol Radio (720p),https://pantera1-100gb-cl-movistar.dps.live/teleangolradio/teleangolradio.smil/playlist.m3u8,网络源,https://i.imgur.com/nhPFGs8.png
Teleantioquia (1080p),http://138.121.15.230:9002/TELEANTIOQUIA/index.m3u8,网络源,https://i.imgur.com/6WMV2Az.png
TeleAragua (480p),http://45.173.198.59:8080/hls/nginx3.m3u8?tla=,网络源,https://i.imgur.com/jPzcb2S.png
TeleArena (480p),https://5ce9406b73c33.streamlock.net/TeleArena/TeleArena.stream/playlist.m3u8,网络源,https://i.imgur.com/cTmsGJD.png
TeleBendicion (720p) [Not 24/7],https://ss2.tvrdomi.com:1936/telebendicion/telebendicion/playlist.m3u8,网络源,https://i.imgur.com/nh4sNVI.png
Telebocono (720p) [Not 24/7],https://ssh101stream.ssh101.com/akamaissh101/ssh101/tcbstreaming/playlist.m3u8,网络源,https://i.imgur.com/YDE4Jsi.jpg
TeleBrunca (720p) [Not 24/7],https://59ef525c24caa.streamlock.net/telebrunca/telebrunca/playlist.m3u8,网络源,https://i.imgur.com/m3xu6Ms.png
Telecadena 7 y 4 (576p),http://45.167.2.101:8000/play/a07n/index.m3u8,网络源,https://i.imgur.com/PTN7fCa.png
Telecanal 12 (720p) [Not 24/7],https://edge.essastream.com/telecanal12/tracks-v1a1/mono.m3u8,网络源,https://i.imgur.com/90cTK8S.png
Telecanal 28 (1080p) [Not 24/7],https://edge.essastream.com/telecanal28/tracks-v1a1/mono.m3u8,网络源,https://i.imgur.com/hEJ6lZ9.png
Telecanal (720p),http://45.232.210.1:8029/play/a00s/index.m3u8,网络源,https://i.imgur.com/3g6SbSt.png
Telecanal Santa Cruz (720p),https://origin-us.streaminghd.cl/telecanal/telecanal/playlist.m3u8,网络源,https://i.imgur.com/5byPkd7.png
Telecaribe (1080p),http://138.121.15.230:9002/TELECARIBE/index.m3u8,网络源,https://i.imgur.com/E35cXHt.png
TeleCauquenes (720p),https://lbgo.bozztv.com/ssh101/ssh101/telecauquenestv/playlist.m3u8,网络源,https://i.imgur.com/cNYDqhp.png
Teleceiba (720p),https://teleceiba.com/stream/tlcb720.m3u8,网络源,https://i.imgur.com/oPSfsvy.png
Telecentro (Venezuela) (480p) [Not 24/7],https://streamtv.intervenhosting.net:3531/live/telecentrovelive.m3u8,网络源,https://i.imgur.com/QtRNfaj.png
TeleCibaoHD (720p) [Not 24/7],https://edge.essastream.com/telecibaotv/tracks-v1a1/mono.m3u8,网络源,https://i.imgur.com/IpInp05.png
Telecinco (240p),https://videohd.live:19360/8016/8016.m3u8,网络源,https://i.imgur.com/ZDenyAE.png
Telecine Action (1080p),http://46.151.196.223:14326/,网络源,https://i.imgur.com/BHYWG0h.png
Telecity Lombardia (1080p),https://64b16f23efbee.streamlock.net/telecitylombardia/telecitylombardia/playlist.m3u8,网络源,https://i.imgur.com/TxApoQf.png
Telecolor Lombardia (1080p) [Not 24/7],https://1aadf145546f475282c5b4e658c0ac4b.msvdn.net/live/324149/hlbAWtl/playlist.m3u8,网络源,https://i.imgur.com/QfJqBno.png
Telecolor Yurimaguas (720p) [Not 24/7],https://live.obslivestream.com/telecolormux/index.m3u8,网络源,https://i.imgur.com/Ug6XNIU.png
Telecomercio TV (720p) [Not 24/7],https://streaming.grupomediosdelnorte.com:19360/telecomerciotv/telecomerciotv.m3u8,网络源,https://imgur.com/FtV5TCs.jpg
Telecontacto,https://streaming.grupomediosdelnorte.com:19360/telecontacto/telecontacto.m3u8,网络源,https://i.imgur.com/TMvV9dF.png
Telecosta (Ecuador),https://telecosta.botlife.app/memfs/6ba9dc9a-aff4-4e4e-9466-a9f0c714b60b.m3u8,网络源,https://i.imgur.com/1DqLy8H.png
Telecosta (Guatemala) (720p),https://tv91.hostingnuclear.com:19360/telecosta/telecosta.m3u8,网络源,https://www.telecostaescuintla.com/gallery_gen/f57408fa00aca6d969248be4b56b48e6.png
TeleDanli (720p) [Not 24/7],https://cloud2.streaminglivehd.com:1936/8224/8224/playlist.m3u8,网络源,https://i.imgur.com/BACuUSc.png
Teledeporte,https://rtve01p.origin.c21livecloud.com/live-origin/tdp-hls/bitrate_1.m3u8,网络源,https://i.ibb.co/0jxLdjnY/TDP.png
TeleDom,https://iam-profi.ru/hls-live/livepkgr/_definst_/liveevent/td720.m3u8,网络源,https://i.imgur.com/071JRrb.png
Telefe (1080p),http://45.173.231.22:8000/play/a053/index.m3u8,网络源,https://upload.wikimedia.org/wikipedia/commons/thumb/c/cc/Telefe_%28nuevo_logo%29.png/960px-Telefe_%28nuevo_logo%29.png
Telefe Buenos Aires (1080p),http://45.134.141.161:2200/ARG/TELEFE_HD/index.m3u8,网络源,https://upload.wikimedia.org/wikipedia/commons/thumb/c/cc/Telefe_%28nuevo_logo%29.png/960px-Telefe_%28nuevo_logo%29.png
Telefe Interior (720p),http://200.91.32.158:8080/telefehdvalle/index.m3u8,网络源,https://upload.wikimedia.org/wikipedia/commons/thumb/c/cc/Telefe_%28nuevo_logo%29.png/960px-Telefe_%28nuevo_logo%29.png
Telefe Internacional (1080p),http://200.115.120.1:8000/play/ca016/index.m3u8,网络源,https://i.imgur.com/HNcCX3h.png
Telefe Rosario (720p) [Geo-blocked],https://smt-usr-edge01.sensa.com.ar/output/ARR2/TelefeRosarioH/playlist.m3u8,网络源,https://upload.wikimedia.org/wikipedia/commons/thumb/3/30/Telefe_Rosario_%282018%29.png/960px-Telefe_Rosario_%282018%29.png
Telefe Salta,https://canal11saltatv.unpocodeawita.workers.dev/,网络源,https://upload.wikimedia.org/wikipedia/commons/thumb/1/13/Telefe_Salta_%282018%29.png/960px-Telefe_Salta_%282018%29.png
Telefe Tucuman (1080p),https://g2.mc-hor.transport.edge-access.net/a05/ngrp:elochotv-100168_all/Playlist.m3u8?sense=true,网络源,https://upload.wikimedia.org/wikipedia/commons/thumb/2/28/Telefe_Tucum%C3%A1n_%282018%29.png/960px-Telefe_Tucum%C3%A1n_%282018%29.png
Telefoggia (480p) [Not 24/7],http://wms.shared.streamshow.it/telefoggia/mp4:telefoggia/playlist.m3u8,网络源,https://i.imgur.com/ImvO2rV.png
TeleFormula (720p),https://mdstrm.com/live-stream-playlist/62f2c855f7981b5a5a2d8763.m3u8,网络源,https://i.imgur.com/y0a0xwY.png
Telefriuli (1080p),https://5757bf2aa08e42248fb9b9d620f5d900.msvdn.net/live/S11646715/pE3ax0lT0rBd/playlist.m3u8,网络源,https://i.imgur.com/He3uCs6.png
Telefuturo (Dominican Republic) (480p) [Not 24/7],http://190.122.104.210:5080/LiveApp/streams/tfuturo.m3u8,网络源,https://i.imgur.com/QpnctoU.png
Teleganes (720p),https://nlb2-live.emitstream.com/hls/5z6oj7ziwxzfnj78vg2m/master.m3u8,网络源,https://i.imgur.com/BXyplMX.png
Telegela 647,https://64b16f23efbee.streamlock.net/telegela/telegela/playlist.m3u8,网络源,https://i.imgur.com/ppkX45f.png
TeleGohelle,https://videas.agglo-lenslievin.fr/index.m3u8,网络源,https://i.imgur.com/Oa3Pwbf.png
Telegranda (720p) [Not 24/7],http://live.sloode.com:1935/telegranda_live/C2AD-0664-DC75-4744/playlist.m3u8,网络源,https://i.imgur.com/j3r0URO.png
TeleHit (1080p),http://190.61.47.54:8000/play/a029/index.m3u8,网络源,https://i.imgur.com/NVxHxJn.png
Telehit Musica (1080p),http://181.119.66.28:8081/TELEHIT-MUSICA/index.m3u8,网络源,https://i.imgur.com/CofYjWh.png
Teleimpacto (720p) [Not 24/7],https://vpss2003.streamprolive.com/hls/live.m3u8,网络源,https://i.imgur.com/dBEysOV.png
Teleislas (720p),http://190.61.47.54:8000/play/a015/index.m3u8,网络源,https://i.imgur.com/aKHGRyk.png
Telejato (720p),https://telejato.liberotratto.com/hls/0/stream.m3u8,网络源,https://i.imgur.com/2EJdCJO.png
Telekanal Krasnodar (1080p),https://live-tvkrasnodar.cdnvideo.ru/tvkrasnodar/tvkrasnodar.sdp/playlist.m3u8,网络源,https://i.imgur.com/YVtutzp.png
Telekanal RAI (480p),https://stream.rai.ua/rai/stream.m3u8,网络源,https://i.imgur.com/Ouv51WB.png
Telekriti (720p) [Not 24/7],https://neon.streams.gr:8081/telekriti/index.m3u8,网络源,https://telekriti.com/wp-content/uploads/2023/08/NEW-LOGO-7c-300x50.png
Teleliberta (486p) [Not 24/7],https://api.new.livestream.com/accounts/17114188/events/4902226/live.m3u8,网络源,https://i.imgur.com/424KS6J.png
TeleM Botosani (540p) [Not 24/7],http://89.137.197.15:8080/testing/pl5/playlist/ram/playlist.m3u8,网络源,https://i.imgur.com/3EZ8CmJ.png
Telemadrid HD (1080p),https://live.telemadrid.cross-media.es/6389770581112/eu-central-1/6416060453001/eyJhbGciOiJIUzI1NiIsInR5cCI6IkpXVCJ9.eyJob3N0IjoiajI5YjgyLmVncmVzcy5haGc3NmwiLCJhY2NvdW50X2lkIjoiNjQxNjA2MDQ1MzAwMSIsImVobiI6ImxpdmUudGVsZW1hZHJpZC5jcm9zcy1tZWRpYS5lcyIsImlzcyI6ImJsaXZlLXBsYXliYWNrLXNvdXJjZS1hcGkiLCJzdWIiOiJwYXRobWFwdG9rZW4iLCJhdWQiOlsiNjQxNjA2MDQ1MzAwMSJdLCJqdGkiOiI2Mzg5NzcwNTgxMTEyIn0.kqriAMUkHT6m0V6wkCHJum_EUyL4PAi1zJMKlfmYHEU/playlist-hls.m3u8,网络源,https://upload.wikimedia.org/wikipedia/commons/thumb/7/71/TeleMadrid.svg/960px-TeleMadrid.svg.png
TeleMajg (480p),https://59d7d6f47d7fc.streamlock.net/telemajg/telemajg/playlist.m3u8,网络源,https://i.imgur.com/j5fnQ1h.png
Telemantova (1080p),https://5ce9406b73c33.streamlock.net/TeleMantova/livestream/playlist.m3u8,网络源,https://i.imgur.com/WYXiov6.png
Telemar (720p),https://cloudpro.servidoresdestream.com:8081/8020/index.m3u8,网络源,https://i.imgur.com/0vX9oJF.png
TeleMas (720p) [Not 24/7],https://acceso.mediosdecostarica.com:3192/hybrid/play.m3u8,网络源,https://i.imgur.com/5Rc8mA5.png
Telemas (1080p),https://s.emisoras.tv:8081/telemas/index.m3u8,网络源,https://i.imgur.com/eORs1yt.jpg
Telemax (Argentina),https://stream-gtlc.telecentro.net.ar/hls/telemaxhls/main.m3u8,网络源,https://upload.wikimedia.org/wikipedia/commons/thumb/1/13/Telemax_Argentina_%282018%29.png/960px-Telemax_Argentina_%282018%29.png
Telemax (Dominican Republic) (1080p) [Not 24/7],https://edge.essastream.com/telemax/tracks-v1a1/mono.m3u8,网络源,https://i.imgur.com/QvKmjvV.png
Telemax (Guatemala) (720p) [Not 24/7],https://cdn.streamhispanatv.net:3824/live/telemaxlive.m3u8,网络源,https://i.imgur.com/HisGao7.png
Telemax (Mexico) XEWH-TDT (1080p),https://s5.mexside.net:1936/telemax/telemax/playlist.m3u8,网络源,https://i.imgur.com/klhTyDU.png
Telemedios Canal 8 (1080p) [Not 24/7],https://hls.tvabierta.net/hls/008.m3u8,网络源,https://i.imgur.com/xhEAw7z.png
Telemetro (720p),http://181.78.121.15:8000/play/a001/index.m3u8,网络源,https://i.imgur.com/vJJrGgV.png
Telemetro TV [Not 24/7],https://streamunoapp.com:3366/live/telemetrolive.m3u8,网络源,https://imgur.com/Ck2NL0t.png
TeleMia (576p),https://playerssl.telemia.tv/fileadmin/hls/TelemiaHD/telemia85_mediachunks.m3u8,网络源,https://upload.wikimedia.org/wikipedia/commons/a/a6/Telemia.png
TeleMia Extra (576p),https://playerssl.telemia.tv/fileadmin/hls/TelemiaExtra/telemiaextra_mediachunks.m3u8,网络源,https://upload.wikimedia.org/wikipedia/commons/a/a6/Telemia.png
Telemicro Internacional (720p),http://45.228.234.60:8880/play/a05f/index.m3u8,网络源,https://i.imgur.com/507tvMY.png
TeleMistretta (1080p),https://live.mariatvcdn.com/telemistretta/8fbcd205ada81b295ee6c211c3a80dde.sdp/playlist.m3u8,网络源,https://i.imgur.com/BLhvyEi.png
TeleMIX (720p),https://haititivi.com/haiti/telemix1/index.m3u8,网络源,https://i.ibb.co/HpX99Ks/unnamed.jpg
TeleMoldova + [Geo-blocked],https://vdo.ssl-stream.com:3247/stream/play.m3u8,网络源,https://i.imgur.com/8z0zLjw.jpeg
Telemolise (1080p),http://185.202.128.1:1935/TelemoliseStream/telemoliseTV.stream/playlist.m3u8,网络源,https://i.imgur.com/aTs88Es.png
Telemontecarlo (720p),https://stream10.xdevel.com/video17s975955-2173/stream/playlist.m3u8,网络源,https://i.imgur.com/B0NbjcT.png
teleMonteneve (480p) [Not 24/7],http://wms.shared.streamshow.it:1935/telemonteneve/telemonteneve/live.m3u8,网络源,https://i.imgur.com/UAtEkvI.png
Telemotril (720p) [Not 24/7],https://5940924978228.streamlock.net/8431/8431/playlist.m3u8,网络源,https://i.imgur.com/4nspLHb.png
Telemundo (720p),http://190.11.225.124:5000/live/telemundo_hd/playlist.m3u8,网络源,https://imgx.fubo.tv/station_logos/telemundo_c.png
Telemundo East HD (1080p),https://streamer1.nexgen.bz/TELEMUNDO/index.m3u8,网络源,https://imgx.fubo.tv/station_logos/telemundo_c.png
Telemundo KNSD (1080p) [Not 24/7],https://nbculocallive.akamaized.net/hls/live/2037098/sandiego/stream1/master.m3u8,网络源,https://imgx.fubo.tv/station_logos/telemundo_c.png
Telemundo WCAU (1080p),https://d368vp0qqzvkid.cloudfront.net/11603/88889705/hls/master.m3u8?ads.xumo_channelId=88889705a&ads.xumo_ifaType=&ads.xumo_providerId=3819&ads.xumo_providerName=NBCNPHI,网络源,https://imgx.fubo.tv/station_logos/telemundo_c.png
Telemundo West (2160p),http://168.228.44.241:9997/play/a07g/index.m3u8,网络源,https://imgx.fubo.tv/station_logos/telemundo_c.png
Telemundo WKAQ-TV (1080p),https://nbculocallive.akamaized.net/hls/live/2037499/puertorico/stream1/master.m3u8,网络源,https://imgx.fubo.tv/station_logos/telemundo_c.png
Telemundo WTMO-CD (720p),https://d368vp0qqzvkid.cloudfront.net/manifest/3fec3e5cac39a52b2132f9c66c83dae043dc17d4/prod_default_nbc-direct/adcee832-5511-4ed1-bcef-58616c0f530f/4.m3u8,网络源,https://imgx.fubo.tv/station_logos/telemundo_c.png
Telemundo Al Dia (720p),https://d3f4oii5n0oeqi.cloudfront.net/11701/88814573/hls/master.m3u8?ads.xumo_channelId=88814573,网络源,https://images.fubo.tv/channel-config-ui/station-logos/on-white/telemundo_al_dia_1000x1500_2x3_logo_300dpi_vertical_full_color_logo_xumo-3-copy.png
Telemundo Corpus Christi (720p),https://content.uplynk.com/channel/b6a96ed39d694ae1b738faa98cf7dd3f.m3u8,网络源,https://upload.wikimedia.org/wikipedia/commons/9/98/Telemundo_Corpus_Christi_logo.png
Telemundo Internacional (1080p),http://138.121.15.230:9002/TELEMUNDO/index.m3u8,网络源,https://i.imgur.com/j2O4ndp.png
Telemundo Internacional Central America (1080p),http://190.60.46.156:8089/TELEMUNDO/index.m3u8,网络源,https://i.imgur.com/j2O4ndp.png
Telemundo Telenovelas Clasicas,https://jmp2.uk/plu-5cf96cc422df39f1a338d165.m3u8,网络源,https://i.imgur.com/9bPcYIN.png
TeleMusik Senegal (720p),https://58c04fb1d143f.streamlock.net/rezopropartner_1_live/rezopropartner_1_live/playlist.m3u8,网络源,https://i.imgur.com/dPAPLsd.png
Telenews TV,https://hilandofinotv.essastream.com:3480/live/telenewscanallive.m3u8,网络源,https://www.vivalivetv.com/public/files/shows/0/1/3878-294x165-FFFFFF.jpg
Telenord 8 (1080p) [Not 24/7],https://fox.hostlagarto.com:8081/telenord8/playlist.m3u8,网络源,https://i.imgur.com/1Ei0kB8.png
Telenord 10 (720p) [Not 24/7],https://fox.hostlagarto.com:8081/telenord10/playlist.m3u8,网络源,https://i.imgur.com/1Ei0kB8.png
Telenord 12 (720p) [Not 24/7],https://fox.hostlagarto.com:8081/telenord12/playlist.m3u8,网络源,https://i.imgur.com/o7EzEsV.png
Telenord (Argentina) (1080p) [Not 24/7],http://www.coninfo.net:1935/previsoratv/live/playlist.m3u8,网络源,https://i.imgur.com/yqXORkt.png
Telenord (Italy) (576p) [Not 24/7],https://5db313b643fd8.streamlock.net/Telenord/Telenord/playlist.m3u8,网络源,https://telenord.it/assets/images/logo.png
Telenorte (720p),https://627bb251f23c7.streamlock.net:444/TopRadioTV/TopRadioTV/playlist.m3u8,网络源,https://i.imgur.com/LCiYFrh.jpg
TeleNostalgia (1080p),http://38.134.250.110:8000/play/a01q/index.m3u8,网络源,https://i.imgur.com/WZeMZNy.png
Telenova (720p),https://64b16f23efbee.streamlock.net/telenova/telenova/playlist.m3u8,网络源,https://i.imgur.com/lo9OiWg.png
Telenovisa43 (720p) [Not 24/7],https://fox.hostlagarto.com:8081/telenonisa43/tracks-v1a1/mono.m3u8,网络源,https://i.imgur.com/iHvf3bR.png
TeleOnce (1080p),https://live.11-cdn.com/TeleOnce/3fc63fe00050c646635f16b071cd33e2.sdp/playlist.m3u8,网络源,https://i.imgur.com/Crt3P4N.png
Teleonuba (1080p),https://5d8d85cf2c308.streamlock.net:1936/Teleonuba/endirecto/playlist.m3u8,网络源,https://i.imgur.com/cHMfmO7.png
Telepace 1 (1080p),https://jk3lz2bwlw79-hls-live.mariatvcdn.it/teleradiopace1/efcc8fc46cab26315ce3f5845d76008f.sdp/playlist.m3u8,网络源,https://i.imgur.com/TpdsPWG.png
Telepace 2 (1080p),https://zkpywrbgdbeg-hls-live.mariatvcdn.it/teleradiopace2/254c9b5c52a73a94ef0f6169cbd05dc2.sdp/playlist.m3u8,网络源,https://i.imgur.com/qvcf6QC.png
Telepace 3 (1080p),https://932y4273djv8-hls-live.mariatvcdn.it/teleradiopace3/d2274c22e9ee09eb2eda01ed0496f8f5.sdp/playlist.m3u8,网络源,https://i.imgur.com/hE4i2ft.png
Telepace 4 (1080p),https://j78dpr7nyq5r-hls-live.mariatvcdn.it/teleradiopace4/13d74f2cfe921bfbc262697203d47d8f.sdp/playlist.m3u8,网络源,https://i.imgur.com/JKHEL1H.png
Telepace Trento (540p),https://5a1178b42cc03.streamlock.net/telepacetrento/telepacetrento/playlist.m3u8,网络源,https://tvtvtv.ru/icons/telepace_trento.png
Telepacifico (1080p),http://138.121.15.230:9002/TELEPACIFICO/index.m3u8,网络源,https://i.imgur.com/39hy97J.png
TelePaks (396p),https://cloudfront44.lexanetwork.com:1344/relay02/livestream004.sdp/playlist.m3u8,网络源,https://i.imgur.com/T8ueztB.png
Telepavia (720p),http://wms.shared.streamshow.it/telepavia/telepavia/playlist.m3u8,网络源,https://upload.wikimedia.org/wikipedia/commons/6/66/LOGO_telePAVIA.png
Teleplay Sureste (720p),https://player.tvstream.mx/livestream/teleplay/livehd/playlist.m3u8,网络源,https://i.imgur.com/MeV5N08.png
Teleputeshestviya (576p),http://str2.iptvhd.ru:8080/Teleputeshestviya/index.m3u8,网络源,https://i.imgur.com/eXJm1n3.png
TeleQuindio (1080p),https://live20.bozztv.com/akamaissh101/ssh101/telequindio/playlist.m3u8,网络源,https://i.imgur.com/bJWj5ja.png
TeleRadioNorte (720p),https://angelistic.live:3785/live/tvoficiallive.m3u8,网络源,https://i.imgur.com/s43eFy0.png
Telerama (240p) [Not 24/7],https://play.once.net.ec/telerama/live.tv/538.m3u8,网络源,https://i.imgur.com/whIRrjo.png
TeleRama (576p),https://58d921499d3d3.streamlock.net/TeleRama/livestream/playlist.m3u8,网络源,https://i.imgur.com/0YTYXB9.png
Telerayo (1080p),https://s.emisoras.tv:8081/telerayo/index.m3u8,网络源,https://i.imgur.com/jLQsU1u.png
TeleRibera (720p) [Not 24/7],https://video1.lhdserver.es/teleribera/live.m3u8,网络源,https://pbs.twimg.com/profile_images/780539549239902208/g2MfVVuY_400x400.jpg
Teleritmo (720p) [Not 24/7],https://mdstrm.com/live-stream-playlist/57b4dc126338448314449d0c.m3u8,网络源,https://i.imgur.com/9s380Bz.png
Teleromagna (480p),https://livetr.teleromagna.it/teleromagna/live/playlist.m3u8,网络源,https://i.imgur.com/GGPtHX3.png
Telesambre (504p),https://dlgt0tdl2hpq3.cloudfront.net/rtbf/clr-rtbf/2f00284b/index.m3u8,网络源,https://i.imgur.com/TuIAkA3.png
TeleSanDomenico (1080p),https://stream.mariatvcdn.com/tsd/7c59373bfdb38201b9215ff86f0ce6af.sdp/playlist.m3u8,网络源,https://i.imgur.com/l52v9uv.png
Telesangil (720p),https://live20.bozztv.com/akamaissh101/ssh101/telesangil/playlist.m3u8,网络源,https://i.ibb.co/27Pzdvw/cropped-TELESANGIL-LOGO-1.png
Teleselva (720p),https://live-evg7.tv360.bitel.com.pe/bitel/teleselva/playlist.m3u8,网络源,https://i.imgur.com/cu7hTn8.png
TELESIGLO (1080p) [Not 24/7],https://cnn.hostlagarto.com/telesiglo/tracks-v1a1/mono.m3u8,网络源,https://www.vivalivetv.com/public/files/shows/0/1/2195-294x165-FFFFFF.jpg
Telesistema 11 (1080p) [Not 24/7],https://cdn4.wind.do/streams/telesistema/telesistema_master.m3u8,网络源,https://i.imgur.com/ZzeZKCu.png
Telesol (1080p),https://cdn1.tvlin.net/open/telesol/playlist.m3u8,网络源,https://i.imgur.com/79sTxtP.png
Telestar1,https://dvb.tennet.ro/mobile_tv/telestar.m3u8,网络源,https://i.imgur.com/BTKh5ef.png
Telestense (720p),https://5e73cf528f404.streamlock.net/TeleEstense/livestream/playlist.m3u8,网络源,https://i.imgur.com/E3ZVcJ3.png
Telesud Trapani (720p) [Not 24/7],http://5cbd3bc28341f.streamlock.net:1935/telesud/live/playlist.m3u8,网络源,https://i.imgur.com/JNohS1G.png
Telesur (1080p),http://181.78.211.244:8005/play/a0cc/index.m3u8,网络源,https://i.imgur.com/P50VjRX.png
Telesur English (480p),https://mblenmain01.telesur.ultrabase.net/mblivev3/480p/playlist.m3u8,网络源,https://i.imgur.com/P50VjRX.png
Telesur English HD (1080p),https://mblenmain01.telesur.ultrabase.net/mblivev3/hd/playlist.m3u8,网络源,https://i.imgur.com/P50VjRX.png
Telesur HD (1080p),https://mblesmain01.telesur.ultrabase.net/mbliveMain/hd/playlist.m3u8,网络源,https://i.imgur.com/P50VjRX.png
TeleSUR Costa Rica (720p) [Not 24/7],https://s1.tvdatta.com:3582/live/telesurlive.m3u8,网络源,https://i.imgur.com/KUpgeOf.png
Telesystem TV (720p),https://live-evg5.tv360.bitel.com.pe/bitel/telesystemSRT/playlist.m3u8,网络源,https://i.imgur.com/CI4CNgL.jpeg
Teletica 7 (1080p),http://190.61.101.11:7050/play/a07t/index.m3u8,网络源,https://i.imgur.com/ctnvE3c.png
TeleTicino (720p),https://vstream-cdn.ch/hls/teleticino.m3u8,网络源,https://i.imgur.com/u6dLKa9.png
Teletrak TV (1080p),https://cdn1tlinkgo.tlink.cl/teletrak/index.m3u8,网络源,https://i.imgur.com/NoJvlig.png
Teletricolore (480p) [Not 24/7],https://59d7d6f47d7fc.streamlock.net/rs2/rs2/playlist.m3u8,网络源,https://i.imgur.com/GajzIN6.png
Teletubbies (720p),https://dv8lsrd8fecw9.cloudfront.net/master.m3u8,网络源,https://i.imgur.com/J9iWjWL.png
Teletur (720p) [Not 24/7],https://fox.hostlagarto.com:8081/teleturtv/tracks-v1a1/mono.m3u8,网络源,https://i.imgur.com/Ig4gR93.png
TeleTusciaSabina 2000 (576p) [Not 24/7],http://ts2000tv.streaming.nextware.it:8081/ts2000tv/ts2000tv/playlist.m3u8,网络源,https://i.imgur.com/cfexNL9.png
Teleuniverso (720p) [Not 24/7],https://hls.tvabierta.net/hls/029.m3u8,网络源,https://i.imgur.com/gQev8ST.png
Televallo (576p),https://5cbd3bc28341f.streamlock.net:444/televallo/live/playlist.m3u8,网络源,https://i.imgur.com/SfGVu6a.png
Televen (1080p),http://38.134.250.110:8000/play/a02i/index.m3u8,网络源,https://i.imgur.com/cxvkUvK.png
TeleVenezia (576p),https://59d8c0cee6f3d.streamlock.net/televenezia/televenezia/playlist.m3u8,网络源,https://i.imgur.com/RG4o4Ni.png
Telever (1080p) [Not 24/7],https://soportedvb.click:3413/live/televerlive.m3u8,网络源,https://imgur.com/ejKctXc.png
Televida (Chile) (1080p),https://tls-cl.cdnz.cl/televida/live/playlist.m3u8,网络源,https://i.imgur.com/bmNA8hq.png
Televida (Dominican Republic) (1080p) [Not 24/7],https://cnn.hostlagarto.com/televida/playlist.m3u8,网络源,https://i.imgur.com/S8Zdn41.png
Television Aranda (720p),https://cloud.streamingconnect.tv/hls/telearanda/telearanda.m3u8,网络源,https://i.imgur.com/FwIIdKG.png
Television Canaria (1080p),https://rtvclive.flumotion.cloud/rtvc1live/smil:channel1PRG.smil/playlist.m3u8,网络源,https://rtvc.es/archivos/2020/03/logo-mobilretina.png
Television Caribbean (1080p),https://live.kingdom-tv.com:3545/stream/play.m3u8,网络源,https://i.imgur.com/Ogw0COv.png
Television Comayagua Canal 40 (720p) [Not 24/7],https://mediacp.us:8081/8034/index.m3u8,网络源,https://i.imgur.com/uDLhsDM.png
Television Consciente (1080p),https://cdn318.fractalmedia.es/318/live/hls/tvc/master.m3u8,网络源,https://i.imgur.com/6QVHKPw.png
Television de San Vicente (1080p),https://emision.arpamedia.es:4343/hls/tvsanvicenteweb.m3u8,网络源,https://i.imgur.com/oLnrf0d.png
Television del Este (1080p) [Not 24/7],https://edge.essastream.com/televisiondeleste/tracks-v1a1/mono.m3u8,网络源,https://i.imgur.com/mmjbcGr.png
Television Espoir 47 (720p),https://cdn140m.panaccess.com/HLS/Espoir47/index.m3u8,网络源,https://i.imgur.com/utBh0xL.png
Television Metropolis 19.1 (1080p) [Not 24/7],https://5e85d90130e77.streamlock.net/6028/6028/playlist.m3u8,网络源,https://i.imgur.com/X5C1GzB.png
Television Metropolis 19.2 (1080p) [Not 24/7],https://5e85d90130e77.streamlock.net/6014/6014/playlist.m3u8,网络源,https://i.imgur.com/QaocW5x.png
Television Olanchana (1080p),https://viewhn.com/canal30/live/playlist.m3u8,网络源,https://i.imgur.com/8LnLEQz.png
Television Tarapoto (720p),https://live-evg11.tv360.bitel.com.pe/bitel/tvtarapotoSRT/playlist.m3u8,网络源,https://i.imgur.com/Dzen7sh.png
Televisora de Oriente (406p),https://cloud.fastchannel.es/manifiest/hls/prog9/tvo.m3u8,网络源,https://i.imgur.com/wFC6Xxq.png
Televize Seznam (1080p),http://88.212.15.19/live/test_seznam_hevc_25p/playlist.m3u8,网络源,https://i.imgur.com/TpQ8PRb.png
Televizia Mocenok (720p),https://5ca49f2417d90.streamlock.net/mocenok/livestream/playlist.m3u8,网络源,https://i.imgur.com/psb8GxZ.png
Televizija 5 (576p),https://balkanmedia.dynu.net/hls/tv5web.m3u8,网络源,https://i.imgur.com/znpvJys.png
Televizija M (1080p),https://live.tv-m.net/hls/stream.m3u8,网络源,https://i.imgur.com/jT95ZEI.png
Televizija Urslja (1080p) [Not 24/7],http://ott.sgn.net/hls/tvurslja.m3u8,网络源,https://i.imgur.com/PZwdXlN.png
Televsesvit (1080p),https://televsesvit.cdn-04.cosmonova.net.ua/hls/televsesvit_ua_hi/index.m3u8,网络源,https://i.imgur.com/ygexoKO.png
Telewizja Biznesowa (1080p),https://s-pl-01.mediatool.tv/playout/tbpl-abr/index.m3u8,网络源,https://i.imgur.com/XC7i7ZL.png
Telewizja iTTV (1080p),https://5d84fe297ee2b.streamlock.net/sercanie/scj_florek.stream_aac/playlist.m3u8,网络源,https://www.ittv.pl/media/images/ittv-logo.png
Telewizja Jaslo (720p),https://cdn01.aztv.pl/live_tvjaslo/live_tvjaslo.stream/playlist.m3u8,网络源,https://i.imgur.com/nV2jQQP.png
Telewizja Luban (720p) [Not 24/7],http://stream.herissons.cloud/hls/tvluban.m3u8,网络源,https://i.imgur.com/t2BGp0G.jpeg
Telewizja Regionalna Zary,https://tvregfull.mailfull.pl/tvregfull/memfs/e64b3e05-649c-4939-9ff6-584e79285ccd_output_0.m3u8,网络源,https://i.imgur.com/FB9H8DO.png
Telewizja Relax (1080p),https://srv1.streamingo.pl/memfs/be50f17e-6579-4bdf-86b1-31207aec85b8.m3u8,网络源,https://i.imgur.com/dejnH0O.png
TeleXitos (1080p),http://190.197.41.183/TELEXITOS/index.m3u8,网络源,
TeleZuri (720p),https://klive.kaltura.com/env/cluster-1-d.live.nvp1/live/hls/p/1719221/e/1_se36k3uk/tl/main/st/0/t/d4y_3ZXUos_JzAX3LwBI3w/index-s32.m3u8,网络源,https://i.imgur.com/f8kzNT1.png
Telplus (360p) [Not 24/7],https://streaming.astrakhan.ru/telplushd/playlist.m3u8,网络源,https://i.imgur.com/1zbcZ3p.png
teltOwkanal (1080p),https://h056.video-stream-hosting.de/easycast8-live/_definst_/mp4:livestreamhd8/playlist.m3u8,网络源,https://i.imgur.com/G0cImlU.png
Telugu One (1080p),https://teluguone-yupptv.vgcdn.net/v1/019be9e3f04d1ea55784338b5c3e89/019be9e4474415fc60e93459e1e808/teluguone_2500k.m3u8,网络源,https://jiotvimages.cdn.jio.com/dare_images/images/teluguone.png
Temecula TV (1080p),https://reflect-temecula.cablecast.tv/live-2/live/stream-1/live.m3u8,网络源,https://i.imgur.com/El16S4C.png
Tempe 11,https://cdn3.wowza.com/5/cFh0V0QwUVc4SDl2/tempe/G0355_003/chunklist.m3u8,网络源,https://i.imgur.com/KMeHRV3.png
Tempo TV (720p),https://live.artidijitalmedya.com/artidijital_tempotv/tempotv/playlist.m3u8,网络源,https://i.imgur.com/tZpx32y.png
TEN Canal 10 (720p) [Not 24/7],https://raw.githubusercontent.com/BellezaEmporium/IPTV_Exception/master/channels/hn/tentv.m3u8,网络源,https://i.imgur.com/HQiKyHy.jpg
Ten Sports Pakistan,http://121.91.61.106:8000/play/a04h/index.m3u8,网络源,https://i.imgur.com/7qS6TcE.png
Tenarenses TV (1080p) [Not 24/7],https://edge.essastream.com/tenarensestvrd/playlist.m3u8,网络源,https://i.imgur.com/cPIgs0v.png
Tendencias Prime (720p),https://v4.tustreaming.cl/tendenciastv/index.m3u8,网络源,https://i.imgur.com/nDWW4m7.png
Tennis Channel 2 (1080p),https://mumbai-edge.smartplaytv.in/Tennis2/index.m3u8,网络源,https://image-resizer-cloud-cdn.api.cms.amdvids.com/image/7382296F-97F6-4450-B77B-8FE331FC04F6/3-1x1.png
Tennis Channel (1080p),https://cdn-ue1-prod.tsv2.amagi.tv/linear/amg01444-tennischannelth-tennischannelnl-samsungnl/playlist.m3u8,网络源,https://i.imgur.com/tsljAnY.png
Tennis Channel +2 (720p),https://jmp2.uk/plu-681109b688b9d85d0938c6ba.m3u8,网络源,https://i.imgur.com/tsljAnY.png
Ternopil 1 (720p),https://ott.columbus.te.ua/ternopil1/index.m3u8,网络源,https://i.imgur.com/f5EtIzV.png
TERRA (1080p),http://str2.iptvhd.ru:8080/TERRA_HD/index.m3u8,网络源,https://i.imgur.com/ZxUjCpF.png
Terra Mater WILD (1080p),https://53ff3982.wurl.com/master/f36d25e7e52f1ba8d7e56eb859c636563214f541/UmxheHhUVi1ldV9UZXJyYU1hdGVyV2lsZF9ITFM/playlist.m3u8,网络源,https://i.imgur.com/EbMK3Ph.png
Terra Mater WILD English (1080p),https://amg01775-amg01775c1-amgplt0343.playout.now3.amagi.tv/playlist/amg01775-amg01775c1-amgplt0343/playlist.m3u8,网络源,https://i.imgur.com/EbMK3Ph.png
Terra Viva (720p),http://45.162.64.114/TERRAVIVA/index.m3u8,网络源,https://i.imgur.com/wnYsE3O.png
Teva (1080p),http://145.239.5.177/356/index.m3u8,网络源,https://i.imgur.com/kDW0hN5.png
Teve Empresa (720p),https://live-evg8.tv360.bitel.com.pe/bitel/tvempresaSRT/playlist.m3u8,网络源,https://img-evg3.tv360.bitel.com.pe/peru-image/2026/04/07/02/1775503150878/c34840061c94_480_270.png
Teve Vida Network (480p) [Not 24/7],https://5bf8041cb3fed.streamlock.net/Tevevida/Tevevida/.m3u8,网络源,https://i.imgur.com/lCpf5P1.png
TeveColombia (720p) [Not 24/7],https://cloud6.livescast.com:3900/live/tevecolombialive.m3u8,网络源,https://i.imgur.com/vPwiJTw.png
Tevesur (720p),https://live-evg11.tv360.bitel.com.pe/bitel/tevesurSRT/playlist.m3u8,网络源,https://i.imgur.com/LcZ2Hhd.jpeg
Tevex (1080p),https://v2.tustreaming.cl/tevex/index.m3u8,网络源,https://i.imgur.com/FnInQRd.png
Tezaur TV (576i),https://tezaurtv.md/stream/index.m3u8,网络源,https://i.imgur.com/eAagwLW.png
TF1 (1080p),http://str2.iptvhd.ru:8080/TF1/index.m3u8,网络源,https://i.imgur.com/QxHt9NC.png
TFX (720p),http://145.239.5.177/315/index.m3u8,网络源,https://i.imgur.com/d91GcVf.png
TG4 (1080p),https://fastly.live.brightcove.com/6384196213112/eu-west-1/1555966122001/eyJhbGciOiJIUzI1NiIsInR5cCI6IkpXVCJ9.eyJob3N0IjoieDl2YzlnLmVncmVzcy55ODN1ZWIiLCJhY2NvdW50X2lkIjoiMTU1NTk2NjEyMjAwMSIsImVobiI6ImZhc3RseS5saXZlLmJyaWdodGNvdmUuY29tIiwiaXNzIjoiYmxpdmUtcGxheWJhY2stc291cmNlLWFwaSIsInN1YiI6InBhdGhtYXB0b2tlbiIsImF1ZCI6WyIxNTU1OTY2MTIyMDAxIl0sImp0aSI6IjYzODQxOTYyMTMxMTIifQ.Co2xR3kmJBoxTaFTpwU0b37lJ05vNt-y32-SwfM26EA/chunklist.m3u8,网络源,https://i.imgur.com/XiAKb4E.png
TG Junior (720p),https://d3i6upqaqzosi1.cloudfront.net/tg/jr_us/tg_jr_us.m3u8,网络源,https://i.imgur.com/aqane40.png
TGCom24 (720p),https://d3k8wzt41aflvx.cloudfront.net/TGCOM24/Live.m3u8,网络源,https://i.imgur.com/fPmvbGH.png
TGRT Belgesel (576p) [Not 24/7],https://b01c02nl.mediatriple.net/videoonlylive/mtsxxkzwwuqtglive/broadcast_5fe462afc6a0e.smil/playlist.m3u8,网络源,https://i.imgur.com/VwWTnf0.png
TGRT Haber (720p),https://canli.tgrthaber.com/tgrt.m3u8,网络源,https://i.imgur.com/PrxwKDw.png
Thai Chaiyo,https://live.thaichaiyo.tv/tcy/live-transmux.m3u8,网络源,https://i.imgur.com/uOfb3y1.png
Thai Nguyen TV (720p),https://streaming.thainguyentv.vn/hls/livestream.m3u8,网络源,https://thainguyentv.vn/modules/frontend/themes/ptthtn/images/logo.png
Thai Parliament Television (1080p) [Not 24/7],https://tv-live.tpchannel.org/live/tv.m3u8,网络源,https://i.imgur.com/Okcnmt6.png
Thai PBS,https://live-us1.thaimomo.com/live-as/chThaipbshd-2/playlist.m3u8,网络源,https://i.imgur.com/CwalZjr.png
Thaiban 83 (576p),https://lb1-live-mv.v2h-cdn.com/hls/ffcd/thaibaan/thaibaan.m3u8,网络源,
Thairath TV,https://lb1-live-mv.v2h-cdn.com/hls/ffaf/thairath/thairath.m3u8,网络源,https://i.imgur.com/qIorZoy.png
Thalaa TV (1080p),https://streams2.sofast.tv/v1/master/611d79b11b77e2f571934fd80ca1413453772ac7/2069c593-3c07-4d62-9d44-746be5c3a5d6/manifest.m3u8,网络源,https://d229kpbsb5jevy.cloudfront.net/yuppfast/content/common/channel/logos/thalaa-tv.png
Thanthi One (576p),https://mumt07.tangotv.in/zHjX9OFlTHANTHIONE/index.m3u8,网络源,https://dtil.tmsimg.com/assets/s158791_ld_h15_aa.png?lock=720x540
Thanthi TV (576p),https://streams.tangotv.in/THANTHITV/ORIGIN/index.m3u8,网络源,https://dtil.tmsimg.com/assets/s144000_ld_h15_aa.png?lock=720x540
That's 70s (720p),https://jmp2.uk/plu-69ef53e12f4d2b4f9c582e76.m3u8,网络源,https://i.imgur.com/j2q53JQ.png
That's 70s SD (576p),http://92.114.85.72:8000/play/a0lc,网络源,https://i.imgur.com/j2q53JQ.png
That's 80s (720p),https://jmp2.uk/plu-69ef54f3c700cf0140272def.m3u8,网络源,
That's TV (576p),http://92.114.85.72:8000/play/a0lb,网络源,https://i.imgur.com/rmdfcyG.png
The Addams Family,https://jmp2.uk/plu-5d81607ab737153ea3c1c80e.m3u8,网络源,https://i.imgur.com/Bl8X7EW.png
The Amazing Race,https://jmp2.uk/plu-5f21e8a6e2f12b000755afdb.m3u8,网络源,https://i.imgur.com/5yzPhRo.png
The Andy Griffith Show,https://jmp2.uk/plu-60f75178e7f8aa0007e9c259.m3u8,网络源,https://images.pluto.tv/channels/62e9145ec07f2a00070e68dc/colorLogoPNG.png
The Andy Griffith Show CA,https://jmp2.uk/plu-62e9145ec07f2a00070e68dc.m3u8,网络源,https://images.pluto.tv/channels/62e9145ec07f2a00070e68dc/colorLogoPNG.png
The Archive (1080p),https://linear-1080.frequency.stream/dist/cineverse/1080/hls/master/playlist.m3u8,网络源,
The Asylum (1080p),https://d1i3g4v4xlfhad.cloudfront.net/The_Asylum.m3u8,网络源,https://i.imgur.com/dx9tt1B.png
The Beverly Hillbillies,https://jmp2.uk/plu-6565fefdc917a50008485cc6.m3u8,网络源,https://images.pluto.tv/channels/6565fefdc917a50008485cc6/colorLogoPNG.png
The Bob Ross Channel (720p),https://aegis-cloudfront-1.tubi.video/45301c94-0d40-4cbb-b342-f5dc7949d76c/playlist.m3u8,网络源,https://i.imgur.com/gFHKCbZ.png
The Buddhist (480p),https://edge3-moblive.yuppcdn.net/drm1/smil:thebuddhistdrm.smil/index.m3u8,网络源,https://i.imgur.com/DUzOKWM.png
The Burbank Channel (720p),https://cdn3.wowza.com/5/djRwZmQvTEJidmZD/burbank/G0240_009/playlist.m3u8,网络源,https://i.imgur.com/SpkR1Fb.png
The Cabbin FM,https://5f700d5b2c46f.streamlock.net/thecabinn/thecabinn/playlist.m3u8,网络源,https://files.catbox.moe/2vlskg.png
The Carol Burnett Show (1080p),https://carolburnett-vizio.amagi.tv/playlist.m3u8,网络源,https://i.imgur.com/1a03FlX.png
The Challenge,https://jmp2.uk/plu-5d48685da7e9f476aa8a1888.m3u8,网络源,https://images.pluto.tv/channels/64f8a22a3efb510008245df0/colorLogoPNG.png
The Challenge CA,https://jmp2.uk/plu-64f8a22a3efb510008245df0.m3u8,网络源,https://images.pluto.tv/channels/64f8a22a3efb510008245df0/colorLogoPNG.png
The Chat Show Channel (1080p),https://amg00426-littledotstudio-thechatshow-samsungnz-uqmtt.amagi.tv/playlist/amg00426-littledotstudio-thechatshow-samsungnz/playlist.m3u8,网络源,https://yt3.googleusercontent.com/aQ_vvywmcBt4X1SmeEMgT3uf7bb1Z__I9XVwabeg7RrSSEuIhswMlvwhyi0Wl4PlLHwXufLgOg=s900-c-k-c0x00ffffff-no-rj
The City of Marina (720p),https://dlttx48mxf9m3.cloudfront.net/vod_clients/amp/live/ch4/video.m3u8,网络源,https://i.imgur.com/ldyanxN.png
The Conners,https://jmp2.uk/plu-66e2a94d167a8b000813485d.m3u8,网络源,https://provider-static.plex.tv/epg/cms/production/3acd803e-a5e3-430c-a34e-508123d2bd95/TheConners_1500x1000_Logo_Dark.png
The Country Network (1080p),https://amg00600-amg00600c1-thecountrynetwork-us-5497.playouts.now.amagi.tv/playlist.m3u8,网络源,https://upload.wikimedia.org/wikipedia/en/d/dd/The_Country_Network_Logo.png
The Cowboy Channel Canada (1080p),https://amg17292-amg17292c1-distrotv-us-4170.playouts.now.amagi.tv/playlist/amg17292-tetonridgellc-tetonridgefast-distrotvus/playlist.m3u8,网络源,https://i.imgur.com/xwntWOP.png
The Cycling Channel,https://cyclingtv.playout.vju.tv/cyclingtv/main.m3u8,网络源,https://encrypted-tbn0.gstatic.com/images?q=tbn:ANd9GcTpbjHW_j4DfsuAn4278ebtzhibMvY7KSOyow&s
The Daily Show,https://jmp2.uk/plu-65c0978360eb870008bc9d5b.m3u8,网络源,https://images.pluto.tv/channels/65c096d23ba51e0008305a75/colorLogoPNG.png
The Daily Show DK,https://jmp2.uk/plu-65c096d23ba51e0008305a75.m3u8,网络源,https://images.pluto.tv/channels/65c096d23ba51e0008305a75/colorLogoPNG.png
The Daily Show NO,https://jmp2.uk/plu-65c0973311ced7000808d255.m3u8,网络源,https://images.pluto.tv/channels/65c096d23ba51e0008305a75/colorLogoPNG.png
The Design Network (1080p),https://amg00441-amg00441c1-rakuten-us-6050.playouts.now.amagi.tv/playlist.m3u8,网络源,https://i.imgur.com/J5YJ3r3.png
The Doctors (720p) [Geo-blocked],https://lukentvlive.vgcdn.net/v1/master/cef183924f24adfa3d5d7601c3a17769082c0c2b/Doctors/index.m3u8,网络源,https://i.imgur.com/2sAz8dZ.png
The Film Detective (720p),https://cinedigm-entertainment-corp-thefilmdetective-1-us.ono.wurl.tv/playlist.m3u8,网络源,https://i.imgur.com/yfOwmsP.png
The First TV (1080p),https://thefirst-oando.amagi.tv/playlist.m3u8,网络源,https://i.imgur.com/rOSlp93.png
The Fishing & Hunting Channel,http://88.212.15.19/live/test_fishing_hunting/playlist.m3u8,网络源,https://i.imgur.com/KcTTnUA.png
The Graham Norton Show (1080p),https://amg00654-itv-amg00654c35-rakuten-gb-7598.playouts.now.amagi.tv/playlist.m3u8,网络源,https://image.tmdb.org/t/p/w500/xZkWYamzlT6nFu9MI2Rr6NkjedX.png
The Hill TV (1080p) [Geo-blocked],https://amg01312-cw-amg01312c15-firetv-us-3444.playouts.now.amagi.tv/playlist.m3u8,网络源,https://i.imgur.com/Ioh5xbx.png
The Indonesia Channel (1080p),https://restreamer.indonusa.id:8443/d5f4ad43-1b5a-4b0f-8bef-5b37224ed221.m3u8,网络源,https://i.imgur.com/jAAPgpV.png
The Islamic Network,https://video1.getstreamhosting.com:1936/8322/8322/playlist.m3u8,网络源,https://i.imgur.com/EtQolw6.png
The Jamie Oliver Channel (1080p),https://d3i68hpvh19xjd.cloudfront.net/JamieOliver_GB.m3u8,网络源,https://i.imgur.com/4v93XUB.png
The Judge Judy Channel (720p),https://jmp2.uk/plu-6283d51144ad8f0007fa382d.m3u8,网络源,https://images.pluto.tv/channels/62e92e536f28870007fa9b3a/colorLogoPNG.png
The Judge Judy Channel CA,https://jmp2.uk/plu-62e92e536f28870007fa9b3a.m3u8,网络源,https://images.pluto.tv/channels/62e92e536f28870007fa9b3a/colorLogoPNG.png
The Jungle Book (1080p),https://cc-4bhi5osabejc9.akamaized.net/v1/master/3722c60a815c199d9c0ef36c5b73da68a62b09d1/cc-4bhi5osabejc9/junglebook.m3u8,网络源,https://pash.ink/storage/uploads/JungleBook_Logo.png
The L Word – Wenn Frauen lieben,https://jmp2.uk/plu-68d2759a59fd82da3226492d.m3u8,网络源,https://images.pluto.tv/channels/68d2759a59fd82da3226492d/colorLogoPNG_1769617985920.png
The L Word,https://jmp2.uk/plu-693ae4ee25e9a6646b198fb0.m3u8,网络源,https://images.pluto.tv/channels/693ae48864476d678e9b6235/colorLogoPNG_1768226798170.png
The L Word DK,https://jmp2.uk/plu-693ae48864476d678e9b6235.m3u8,网络源,https://images.pluto.tv/channels/693ae48864476d678e9b6235/colorLogoPNG_1768226798170.png
The L Word NO,https://jmp2.uk/plu-693ae4b616c2bba998852c21.m3u8,网络源,https://images.pluto.tv/channels/693ae48864476d678e9b6235/colorLogoPNG_1768226798170.png
The Loop (1080p),https://tgn.bozztv.com/watc57/watc57-theloop/watc57-theloop/index.m3u8,网络源,https://i.imgur.com/iyYLuJj.png
The Love Boat,https://jmp2.uk/plu-5f7794a788d29000079d2f07.m3u8,网络源,https://images.pluto.tv/channels/62e91563ce7ce300076f917e/colorLogoPNG.png
The Millers,https://jmp2.uk/plu-69afef4b0306b277744de1e4.m3u8,网络源,https://images.pluto.tv/channels/69afeefa0a7f2095e768401c/colorLogoPNG_1776168453662.png
The Millers DK,https://jmp2.uk/plu-69afeefa0a7f2095e768401c.m3u8,网络源,https://images.pluto.tv/channels/69afeefa0a7f2095e768401c/colorLogoPNG_1776168453662.png
The Millers NO,https://jmp2.uk/plu-69afef233bd16a4ed07108e9.m3u8,网络源,https://images.pluto.tv/channels/69afeefa0a7f2095e768401c/colorLogoPNG_1776168453662.png
The Monterey Channel (720p),https://dlttx48mxf9m3.cloudfront.net/vod_clients/amp/live/ch3/video.m3u8,网络源,https://i.imgur.com/400m3ow.png
The Movie Club (1080p),https://sis-global.prod.samsungtv.plus/v1/tvpprd/sc-mp2ar4ca425xo.m3u8,网络源,https://tvpnlogopus.samsungcloud.tv/platform/image/sourcelogo/vc/00/02/34/IN38000072R_20260325T012318SQUARE.png
The Movie Club +2 (1080p),https://d3gnyty2vddhsg.cloudfront.net/v1/master/3722c60a815c199d9c0ef36c5b73da68a62b09d1/pb-ytipwjqub3kf8/TMC2_IN.m3u8?ads.ads_cdn=cf&ads.cdn=cf,网络源,https://tvpnlogopus.samsungcloud.tv/platform/image/sourcelogo/vc/00/02/34/IN40000100Y_20260204T004058SQUARE.png
The Nanny,https://jmp2.uk/plu-6391cef9edb23c0008598cee.m3u8,网络源,https://i.imgur.com/1caOriu.png
The Nest (1080p),https://fast-channels.sinclairstoryline.com/THENEST/index.m3u8,网络源,https://iili.io/JGqD21e.png
The New Detectives (Germany),https://jmp2.uk/plu-5e393d5c696b3b0009775c8b.m3u8,网络源,https://images.pluto.tv/channels/5e393d5c696b3b0009775c8b/colorLogoPNG.png
The New Detectives (Sweden),https://jmp2.uk/plu-61814dd68a368d0007d78c53.m3u8,网络源,https://images.pluto.tv/channels/618147d2a814250007b42916/colorLogoPNG.png
The New Detectives (Sweden) DK,https://jmp2.uk/plu-618147d2a814250007b42916.m3u8,网络源,https://images.pluto.tv/channels/618147d2a814250007b42916/colorLogoPNG.png
The New Detectives (Sweden) NO,https://jmp2.uk/plu-6181511c1e13690007b143c2.m3u8,网络源,https://images.pluto.tv/channels/618147d2a814250007b42916/colorLogoPNG.png
The New Detectives (United States),https://jmp2.uk/plu-5aea40b35126c2157123aa64.m3u8,网络源,https://images.pluto.tv/channels/62bdabbc5611f2000761ca30/colorLogoPNG.png
The New Detectives (United States) CA,https://jmp2.uk/plu-62bdabbc5611f2000761ca30.m3u8,网络源,https://images.pluto.tv/channels/62bdabbc5611f2000761ca30/colorLogoPNG.png
The New Detectives (United States) LatAm,https://jmp2.uk/plu-5ea71d48af1d0b0007d837f4.m3u8,网络源,https://images.pluto.tv/channels/62bdabbc5611f2000761ca30/colorLogoPNG.png
The Now Network (480p) [Not 24/7],https://mediaprod1.nowcast.cc:5443/LiveApp/streams/anZPy7eaVWLyDMZB1697488814699.m3u8,网络源,https://i.imgur.com/Wp6d0F8.png
The Parliamentary Channel (720p) [Not 24/7],https://zns-edge1.streamcomedia.cloud/abr_parliamentarychannel/abr-parliament_streams/playlist.m3u8,网络源,https://i.imgur.com/ZQagV0x.png
The Peninsula Channel (720p),https://dlttx48mxf9m3.cloudfront.net/vod_clients/amp/live/ch5/video.m3u8,网络源,https://i.imgur.com/Ybp6YKD.png
The Pet Collective (720p),https://the-pet-collective-international-dk.samsung.wurl.tv/playlist.m3u8,网络源,https://i.imgur.com/yH7n2dF.png
The Pet Collective Australia (720p),https://the-pet-collective-international-au.samsung.wurl.tv/playlist.m3u8,网络源,https://i.imgur.com/yH7n2dF.png
The Pet Collective Brazil (720p),https://jmp2.uk/plu-5f515ebac01c0f00080e8439.m3u8,网络源,https://i.imgur.com/yH7n2dF.png
The Pet Collective India,https://the-pet-collective-international-in.samsung.wurl.tv/playlist.m3u8,网络源,https://i.imgur.com/yH7n2dF.png
The Pet Collective Italy,https://the-pet-collective-international-it.samsung.wurl.tv/playlist.m3u8,网络源,https://i.imgur.com/yH7n2dF.png
The Pet Collective Mexico (720p),https://the-pet-collective-international-mx.samsung.wurl.tv/playlist.m3u8,网络源,https://i.imgur.com/yH7n2dF.png
The Pet Collective Poland (720p),https://6ec8627d.wurl.com/master/f36d25e7e52f1ba8d7e56eb859c636563214f541/UmFrdXRlblRWLWV1X1RoZVBldENvbGxlY3RpdmVfSExT/playlist.m3u8,网络源,https://i.imgur.com/yH7n2dF.png
The Pet Collective Spain,https://the-pet-collective-international-es.samsung.wurl.tv/playlist.m3u8,网络源,https://i.imgur.com/yH7n2dF.png
The Pet Collective Sweden,https://the-pet-collective-international-se.samsung.wurl.tv/playlist.m3u8,网络源,https://i.imgur.com/yH7n2dF.png
The Pet Collective UK (720p),https://the-pet-collective-international-gb.samsung.wurl.tv/playlist.m3u8,网络源,https://i.imgur.com/yH7n2dF.png
The Point Televsion Network (1080p),https://tgn.bozztv.com/watc57/watc57-2/watc57-2/index.m3u8,网络源,https://i.imgur.com/2LWc0OG.png
The Price Is Right,https://jmp2.uk/plu-643f035d5a0cd50008361534.m3u8,网络源,https://images.pluto.tv/channels/64c2214c2a7f2200089a0c4b/colorLogoPNG.png
The Price Is Right CA (720p),https://jmp2.uk/plu-64c2214c2a7f2200089a0c4b.m3u8,网络源,https://images.pluto.tv/channels/64c2214c2a7f2200089a0c4b/colorLogoPNG.png
The Price Is Right: The Barker Era (720p),https://jmp2.uk/plu-64c220e15dc1660008a79c96.m3u8,网络源,https://i.imgur.com/LuE8Wl4.png
The Rifleman,https://jmp2.uk/plu-5e825550e758c700077b0aef.m3u8,网络源,https://i.imgur.com/60YejJs.png
The Twilight Zone,https://jmp2.uk/plu-6512d6c92ce8e40008bd5c81.m3u8,网络源,https://images.pluto.tv/channels/6512ec9f3a0d700008db4f0c/colorLogoPNG.png
The Twilight Zone DK,https://jmp2.uk/plu-6512ec9f3a0d700008db4f0c.m3u8,网络源,https://images.pluto.tv/channels/6512ec9f3a0d700008db4f0c/colorLogoPNG.png
The Twilight Zone NO,https://jmp2.uk/plu-6512d3a0bdcb19000799cc82.m3u8,网络源,https://images.pluto.tv/channels/6512ec9f3a0d700008db4f0c/colorLogoPNG.png
The Voice (720p),https://bss1.neterra.tv/thevoice/thevoice.m3u8,网络源,https://i.imgur.com/OoJSmoj.png
The Voice TV (1080p),https://legitpro.co.in/thevoicetv/thevoicetv/index.m3u8,网络源,https://jiotvimages.cdn.jio.com/dare_images/images/thevoicetv.png
The Walk TV,https://wggstv16.ddns.net:9953/hls/walk1.m3u8,网络源,https://i.imgur.com/p3RAxjp.png
The Walking Dead en Espanol (720p),https://jmp2.uk/plu-5e82bb378601b80007b4bd78.m3u8,网络源,https://i.imgur.com/h17lAxc.png
The Walking Dead Universe (720p),https://jmp2.uk/plu-62fa8176b9884200074ef5ae.m3u8,网络源,https://i.imgur.com/IwJ5Pnc.png
The Weather Network (720p),https://jmp2.uk/plu-63da370e2e477400081cf8b6.m3u8,网络源,https://i.imgur.com/V6ZUwUY.png
The Wild Wild West (Sweden),https://jmp2.uk/plu-6964bcf9ae33e24d911d7e1c.m3u8,网络源,https://images.pluto.tv/channels/6964bc3806d76f50db3e315e/colorLogoPNG_1768230352673.png
The Wild Wild West (Sweden) DK,https://jmp2.uk/plu-6964bc3806d76f50db3e315e.m3u8,网络源,https://images.pluto.tv/channels/6964bc3806d76f50db3e315e/colorLogoPNG_1768230352673.png
The Wild Wild West (Sweden) NO,https://jmp2.uk/plu-6964bca2a6c400fd418854a2.m3u8,网络源,https://images.pluto.tv/channels/6964bc3806d76f50db3e315e/colorLogoPNG_1768230352673.png
The Wild Wild West (United States),https://jmp2.uk/plu-664e640a0120f40008be4582.m3u8,网络源,https://images.pluto.tv/channels/664e640a0120f40008be4582/colorLogoPNG.png
The Word Network (1080p),https://clouditize.piksel.tech/hls/live/2043070/ClouditizeStream1/playlist.m3u8,网络源,https://i.imgur.com/ltFBrrj.png
The Yellow Couch with Jeremy Lynch,https://jmp2.uk/plu-68e8ffee9d1d49e672fe790f.m3u8,网络源,https://images.pluto.tv/channels/68e8ffee9d1d49e672fe790f/colorLogoPNG_1761768607111.png
The Young Turks (720p),https://tyt-samsungus.amagi.tv/playlist.m3u8,网络源,https://i.imgur.com/XDNXJCl.png
theDove TV (720p),https://thedovetv.bozztv.com/thedovetv/thedovetv/index.m3u8,网络源,https://i.imgur.com/ULtuRsj.png
Thema Television (720p) [Not 24/7],https://unlimited1-us.dps.live/thema/thema.smil/playlist.m3u8,网络源,https://www.thematelevision.cl/wp-content/uploads/2019/08/fffffffff.png
Thendral TV (576p),https://hls.thendraltv.in/thendraltv_1210b43d/index.m3u8,网络源,https://i.imgur.com/kQK80gB.png
Thikrayat TV (1080p) [Geo-blocked],https://shd-gcp-live.edgenextcdn.net/live/bitmovin-thikrayat/8cfa8fe0c96275735745b89c683b27e3/index.m3u8,网络源,https://i.imgur.com/AKa1X9d.png
This is Bulgaria HD (1080p),https://streamer103.neterra.tv/thisisbulgaria/live.m3u8,网络源,https://i.imgur.com/062jkXw.png
This Old House (1080p),https://thisoldhouse-2-us.roku.wurl.tv/playlist.m3u8,网络源,https://i.imgur.com/nrVLyE6.png
Thornton 8 (1080p),https://reflect-thornton.cablecast.tv/live-4/live/live.m3u8,网络源,https://i.imgur.com/C013OWn.png
Thraki Net TV (1080p),https://cdn.onestreaming.com/thrakinettv/thrakinettv/playlist.m3u8,网络源,https://i.imgur.com/3ITSnqT.png
Three's Company,https://jmp2.uk/plu-5ef3977e5d773400077de284.m3u8,网络源,https://images.pluto.tv/channels/64ca723a2bc49300081a8966/colorLogoPNG.png
Three's Company CA (720p),https://jmp2.uk/plu-64ca723a2bc49300081a8966.m3u8,网络源,https://images.pluto.tv/channels/64ca723a2bc49300081a8966/colorLogoPNG.png
Thrill (540p),https://cdn10jtedge.indihometv.com/atm/DASH/thrill/manifest.mpd,网络源,https://i.imgur.com/Y282owj.png
Thua Thien Hue TV (720p) [Geo-blocked],https://live.fptplay53.net/epzsd1/hue_hls.smil/chunklist.m3u8,网络源,https://upload.wikimedia.org/wikipedia/commons/e/e9/LogoHueTV_2025.png
Tianjin TV (1080p),http://39.134.115.163:8080/PLTV/88888910/224/3221225698/index.m3u8,网络源,https://i.imgur.com/Bg24eaH.png
Tiankov Folk (576p),https://streamer103.neterra.tv/tiankov-folk/live.m3u8,网络源,https://i.imgur.com/VKY4q64.png
Tiankov Orient Folk (576p),https://streamer103.neterra.tv/tiankov-orient/live.m3u8,网络源,https://i.imgur.com/33LexyP.png
TicaVision,https://5eac7b031d945.streamlock.net/TICAVISION/TICAVISION/playlist.m3u8,网络源,https://i.imgur.com/mev90pC.jpg
ticker News (1080p),https://live-hls-7agy.livepush.io/live_abr_cdn/nsitWAl1pTZtwca/emnmZbKZcO8RfwJR/index.m3u8,网络源,https://i.imgur.com/z7M0QxV.png
Tide TV (1080p),https://5889e7d0d6e28.streamlock.net/tide-live/_definst_/smil:livestream.smil/playlist.m3u8,网络源,https://raw.githubusercontent.com/jnk22/kodinerds-iptv/master/logos/tv/tidetv.png
Tien Giang TV (540p),https://618b88f69e53b.streamlock.net/THDT2/thdttv2/chunklist.m3u8,网络源,https://i.imgur.com/yonKxgZ.png
Tigo Sports (Bolivia) (720p) [Geo-blocked],https://dipdxjic51jcl.cloudfront.net/out/v1/81f769d780694be488d85811331c8a4f/index.m3u8,网络源,https://i.imgur.com/6wkmgGM.png
Tigo Sports (Costa Rica) (720p) [Geo-blocked],https://live20.bozztv.com/akamaissh101/ssh101/livetigocr/playlist.m3u8,网络源,https://i.imgur.com/UrsLSRs.png
Tigo Sports (El Salvador) (1080p),http://45.167.2.101:8000/play/a0pp/index.m3u8,网络源,https://upload.wikimedia.org/wikipedia/commons/thumb/3/3b/Tigo_Sports_2025.png/960px-Tigo_Sports_2025.png
Tigo Sports (Guatemala) (1080p),http://45.5.119.43:4000/play/a05t/index.m3u8,网络源,https://upload.wikimedia.org/wikipedia/commons/thumb/3/3b/Tigo_Sports_2025.png/960px-Tigo_Sports_2025.png
Tigo Sports (Honduras) (1080p),http://168.196.127.137:6001/play/a0ay/index.m3u8,网络源,https://upload.wikimedia.org/wikipedia/commons/thumb/3/3b/Tigo_Sports_2025.png/960px-Tigo_Sports_2025.png
Tigo Sports (Paraguay) (1080p),http://45.170.130.224:8000/play/a04k/index.m3u8?hls,网络源,https://upload.wikimedia.org/wikipedia/commons/thumb/3/3b/Tigo_Sports_2025.png/960px-Tigo_Sports_2025.png
Tiguerito TV (720p) [Not 24/7],https://ss2.tvrdomi.com:1936/tigueritostv/tigueritostv/playlist.m3u8,网络源,https://dominicanchannels.com/wp-content/uploads/tigueritos-tv.jpg
TiJi (576p),http://stream.mcquack.net/111/index.m3u8,网络源,https://i.imgur.com/QCOUJ30.png
TikTok Radio Brasil (1080p),https://d1bl6tskrpq9ze.cloudfront.net/hls/master.m3u8?ads.xumo_channelId=99992529,网络源,https://static.wikia.nocookie.net/logopedia/images/f/f4/TikTok_Radio.svg
Til julefrokost hos r8Dio,https://jmp2.uk/plu-69256bd7db5cc2f81d8a1a08.m3u8,网络源,https://images.pluto.tv/channels/69256bd7db5cc2f81d8a1a08/colorLogoPNG_1764256965972.png
Til Middag Hos,https://jmp2.uk/plu-61c1a05ef30f5d0007e562f3.m3u8,网络源,https://images.pluto.tv/channels/61c1a05ef30f5d0007e562f3/colorLogoPNG.png
Timeless Dizi Channel (Poland) (1080p),http://hls127.freeott.top:8080/BG_Dizi_HD/video.m3u8,网络源,https://i.imgur.com/s3Sqd4L.png
Timeless TV,https://timelesstv1-301f.kxcdn.com/hls/TimelessTV.m3u8,网络源,https://i.imgur.com/bjcpeVH.png
Times Brasil (720p),https://ssai2-ads.api.leiniao.com/global-adinsertion-api/hls/live/v2/21fdb6dd7491406bba86497a24390a25/playlist.m3u8,网络源,https://upload.wikimedia.org/wikipedia/commons/thumb/b/bc/Times_Brasil_CNBC_logo_2025.svg/960px-Times_Brasil_CNBC_logo_2025.svg.png
Times Now Navbharat (1080p),https://raw.githubusercontent.com/amazeyourself/adaptive-streams/refs/heads/main/streams/in/YuppTV/TimesNowNavbharat.m3u8,网络源,https://xstreamcp-assets-msp.streamready.in/assets/LIVETV/LIVECHANNEL/LIVETV_LIVETVCHANNEL_TIMES_NOW_NAVBHARAT_HD/images/LOGO_HD/image.png
Times Now Navbharat HD (1080p),https://yupprestreamliveus.akamaized.net/v1/vglive-sk-717514/main.m3u8,网络源,https://xstreamcp-assets-msp.streamready.in/assets/LIVETV/LIVECHANNEL/LIVETV_LIVETVCHANNEL_TIMES_NOW_NAVBHARAT_HD/images/LOGO_HD/image.png
Tin TV (720p),https://tulixcdn.akamaized.net/tintv6/tintv/tintv/playlist.m3u8,网络源,https://i.imgur.com/hMqGs94.png
Tiny House Nation (720p),https://jmp2.uk/plu-6540ff4f7312a40008297b59.m3u8,网络源,https://i.imgur.com/ai1P06C.png
Tiny Pop (1080p),https://amg01753-narrativeuk-amg01753c1-lg-gb-1830.playouts.now.amagi.tv/playlist/amg01753-narrativeuk-tinypop-lggb/playlist.m3u8,网络源,https://i.imgur.com/zCTf71x.png
Tiny Pop +1 (576p),http://92.114.85.72:8000/play/a08p,网络源,https://i.imgur.com/zCTf71x.png
Tipik (720p),http://193.111.198.85:8589/stream/mstv/rtbftipiklive26/master.m3u8?p=967e33767f592e1aaf3d4019f38f380bf784e113b193d89c412d047059d6300d&u=Oleg,网络源,https://i.imgur.com/LKLjnrp.png
Tirol TV (720p) [Not 24/7],https://streaming14.huberwebmedia.at/LiveApp/streams/livestream.m3u8,网络源,https://upload.wikimedia.org/wikipedia/commons/thumb/f/f9/TIROL_TV_Logo_2019.png/960px-TIROL_TV_Logo_2019.png
TIS TV (720p),https://cdn10.live-tv.cloud/riood/tisod-abr/riood/tisod720/playlist.m3u8,网络源,https://i.imgur.com/jDaoUt5.png
Tisza TV (576p) [Not 24/7],https://www.tiszatv.hu/onlinetv/tiszatv_1.m3u8,网络源,https://i.imgur.com/Q2bShnh.png
Tito TV (720p),https://cloud.tvomix.com/TITOTV/index.m3u8,网络源,https://tvomix.com/Logos/Titotv.png
TIV Television (720p),https://videohd.live:19360/8008/8008.m3u8,网络源,https://i.imgur.com/gsgXGEj.png
TiVi5 Monde [Geo-blocked],https://ott.tv5monde.com/Content/HLS/Live/channel(tivi5)/variant.m3u8,网络源,https://i.imgur.com/fVVKpmk.png
Tivi 6 (720p),https://live.artidijitalmedya.com/artidijital_tivi6/tivi6/playlist.m3u8,网络源,https://i.imgur.com/Mbi0jbz.png
TJC (1080p),https://cdn-shop-lc-01.akamaized.net/Content/HLS_HLS/Live/channel(TJCOTT)/index.m3u8,网络源,https://i.imgur.com/fk5rEje.png
Tjil TV (720p),https://hls-1zdhtxpm-livepush.akamaized.net/live_cdn/nsM12Xw0C1xXdJ/em0Wx71z-ec6EWJb/rewind-3600.m3u8,网络源,https://i.imgur.com/iBbawJ0.png
TJK TV 2 (1080p) [Not 24/7],https://tjktv-live.tjk.org/tjktv2/tjktv2.m3u8,网络源,https://i.imgur.com/3zHdkYG.png
TJK TV (1080p),https://tjktv-live.tjk.org/tjktv.m3u8,网络源,https://i.imgur.com/3zHdkYG.png
TKR (1080p) [Not 24/7],http://live.tkr.cdnvideo.ru/tkr/tkr.sdp/playlist.m3u8,网络源,https://i.imgur.com/VqtPB7L.png
TL Estrella (720p),https://59d39900ebfb8.streamlock.net/teleestrella/teleestrella/playlist.m3u8,网络源,
Tlaxcala TV (360p) [Not 24/7],https://vid26.mega00.com:5443/live/streams/qNmc7nulmq8zPYZE1582752735050.m3u8,网络源,https://i.imgur.com/5vaEhfy.png
TLN KQSL (720p),https://uni01rtmp.tulix.tv/kqsltv/kqsltv/playlist.m3u8,网络源,https://upload.wikimedia.org/wikipedia/commons/thumb/7/7e/TLN_2015.png/500px-TLN_2015.png
TLN Media Chicago (720p),https://fuel-streaming-prod01.fuelmedia.io/v1/sem/cb165faa-41c9-42ad-83ee-ad5ca9fb927c.m3u8,网络源,
TLN Media San Francisco (720p),https://fuel-streaming-prod01.fuelmedia.io/v1/sem/b29d27bb-88af-42d1-937a-5bdf76b71c17.m3u8,网络源,
Tlnovelas Latin America (1080p),http://209.14.115.253:8081/TELENOVELAS/index.m3u8,网络源,https://i.imgur.com/Rvm38Mu.png
Tlnovelas Mexico (1080p),http://167.249.23.102:8000/play/a0g8/index.m3u8,网络源,https://upload.wikimedia.org/wikipedia/commons/6/62/Tlnovelas_logo_2021.png
TLT Molise (1080p),https://5f22d76e220e1.streamlock.net/tltmolise/tltmolise/playlist.m3u8,网络源,https://i.imgur.com/4G8fqtn.png
TM1 TV (360p) [Not 24/7],http://69.64.57.208/tm1/playlist.m3u8,网络源,https://i.imgur.com/83BgaBa.png
TM TV (United States) (720p),https://hls.tmtv.live/hls/stream.m3u8,网络源,https://tmlive.tv/wp-content/uploads/2018/07/immigration-consultants-network-en-.png
TMA (1080p),http://hls.tmacaraibes.com/live/index.m3u8,网络源,https://i.imgur.com/1iOAl2j.png
TMC HD (1080p) [Geo-blocked],http://tv.streambox.fr/live/testlivestream/testlivestream/13.m3u8,网络源,https://upload.wikimedia.org/wikipedia/en/thumb/5/54/TMC_logo.svg/960px-TMC_logo.svg.png
TMT (1080p),https://live.teleradiocom.tj/9/3m.m3u8,网络源,https://i.imgur.com/Dg0UkNR.png
TMZ (720p),https://aegis-cloudfront-1.tubi.video/57c1fa3c-566b-4998-b6de-d6de67031d99/index.m3u8,网络源,https://i.imgur.com/eLIe7Va.png
TN8 (1080p),https://streamingcws30.com/tn8/videotn8/playlist.m3u8,网络源,https://i.imgur.com/m0Zdxiz.png
TN23 (720p),https://d3qt8k30mpy8xx.cloudfront.net/ts:abr.m3u8,网络源,https://i.imgur.com/UtZD3PA.png
TN (1080p),http://15.204.246.24:8080/TNHD/index.m3u8,网络源,https://i.imgur.com/vFwPhPS.png
TNA Wrestling Channel (720p),https://jmp2.uk/plu-59b722526996084038c01e1b.m3u8,网络源,https://provider-static.plex.tv/epg/cms/production/5d4f68c3-82af-45e7-b2c4-39aff69f3ce0/TNAWrestling_Plex_LogoforDarkBG_1500x1000_-_Alex_TushinghamRDX.png
TNE (720p) [Not 24/7],https://v2.tustreaming.cl/tnetv/index.m3u8,网络源,https://i.imgur.com/8QbvXva.png
TNH (720p),https://bozztv.com/dvrfl03/hdirect/hdirect-telecaraibes/index.m3u8,网络源,https://i.imgur.com/8nvCXzt.png
TNN16 (720p),https://lb1-live-mv.v2h-cdn.com/hls/ffdc/mugvhogvho/mugvhogvho.m3u8,网络源,https://i.imgur.com/skpvuKq.png
TNO Radio (720p),https://stmv1.srvstm.com/tnovideo1/tnovideo1/playlist.m3u8,网络源,https://i.ibb.co/0rYsbRk/Logo-TNO-2021-white.png
TNP News (1080p),https://server.thelegitpro.in/tnpnews/tnpnews/index.m3u8,网络源,https://jiotvimages.cdn.jio.com/dare_images/images/TNP_News.png
TNT4 (576p),http://flussonic.linkintel.ru/tnt4/index.m3u8,网络源,https://i.imgur.com/gBokU5i.png
TNT4 HD (1080p),http://str2.iptvhd.ru:8080/TNT_4/index.m3u8,网络源,https://i.imgur.com/gBokU5i.png
TNT4 International (576p),https://fs.uplink.kz/tnt4/mono.m3u8?token=onlinetv,网络源,https://i.imgur.com/SjdOaya.png
TNT (576p),http://stream.mcquack.net/135/index.m3u8,网络源,https://i.imgur.com/T4A6rEI.png
TNT HD (1080p),http://45.153.24.78/TNT/index.m3u8,网络源,https://i.imgur.com/T4A6rEI.png
TNT International (480p),http://91.228.35.249:8001/1:0:1:6a7:3138:13e:820000:0:0:0:,网络源,https://i.imgur.com/l0RGbRI.png
TNT International Belarus (1080p),http://05cea6e8.ucomist.net/iptv/VK7YCHHWNDD8XC/15230/index.m3u8,网络源,https://i.imgur.com/l0RGbRI.png
TNT Kids TV (288p),https://restreamer1.tnt.ba/hls/tntkids.m3u8,网络源,https://i.imgur.com/irTDbpn.png
TNT Novelas (1080p),http://190.93.224.42/TNT-NOVELAS/index.m3u8,网络源,https://upload.wikimedia.org/wikipedia/commons/thumb/6/67/TNT_Novelas_2025.svg/1920px-TNT_Novelas_2025.svg.png
TNT Novelas Brazil (720p),http://45.162.64.114/TNT_NOVELAS/index.m3u8,网络源,https://upload.wikimedia.org/wikipedia/commons/thumb/6/67/TNT_Novelas_2025.svg/1920px-TNT_Novelas_2025.svg.png
TNTV (1080p),https://tntv-samsung-fr.amagi.tv/playlist.m3u8,网络源,https://i.imgur.com/e5eVHam.png
TNV-Planet (576p),https://fs.uplink.kz/tnv/mono.m3u8?token=onlinetv,网络源,https://i.imgur.com/ijA1zDw.png
TNV-Tatarstan (720p),https://user91229.clients-cdnnow.ru/hls/user91229_1.m3u8,网络源,https://i.imgur.com/58u9TQT.png
Tochka otryva (576p),https://stream8.cinerama.uz/1031/tracks-v1a1/mono.m3u8,网络源,https://i.imgur.com/TZiBQDK.png
Tochka TV (576p),http://31.148.48.15/Tochka_TV/index.m3u8,网络源,https://i.imgur.com/yyNR5jG.png
Tochka.rf (576p),http://str2.iptvhd.ru:8080/HD_Life/index.m3u8,网络源,https://i.imgur.com/tKgmhxh.png
TODAY All Day (1080p),https://d37kx062o4ii0p.cloudfront.net/master.m3u8,网络源,https://i.imgur.com/LhbQ8Mr.png
Today Radio (720p),https://stream.rtl.lu/data/live/tele/rtltodayradio/playlist.m3u8,网络源,https://i.imgur.com/O1c6wpt.png
Todo Novelas (1080p),https://dtsszjrztq9ti.cloudfront.net/v1/master/3722c60a815c199d9c0ef36c5b73da68a62b09d1/cc-yshah5p4v45g1/ToDoNovelas_ES.m3u8,网络源,https://i.imgur.com/NuYwGok.png
Together TV (576p),http://92.114.85.72:8000/play/a0j8,网络源,https://i.imgur.com/wf62HhM.png
TOI Global (1080p),https://live.sli.ke/live/npnhm84gz9/master.m3u8,网络源,https://jiotvimages.cdn.jio.com/dare_images/images/npnhm84gz9.png
Tojikiston (1080p),https://live.teleradiocom.tj/1/3m.m3u8,网络源,https://i.imgur.com/sEXCFNk.png
Tokusato,https://jmp2.uk/plu-5ff609de50ab210008025c1b.m3u8,网络源,https://i.imgur.com/tWpjXtl.png
Tolk (720p),http://live-tolknews.cdnvideo.ru/tolknews/stream/playlist.m3u8,网络源,https://i.imgur.com/l7JZ79P.png
Tolly TV (1080p),https://streams2.sofast.tv/v1/master/611d79b11b77e2f571934fd80ca1413453772ac7/13b5735d-52c3-4be0-853d-e0ec0127e708/manifest.m3u8,网络源,https://d229kpbsb5jevy.cloudfront.net/yuppfast/content/common/channel/logos/aumnrs.png
Tolo TV,https://tgn.bozztv.com/eshgtv-dvrfl05/gin-tolohd/tracks-v1a1/mono.m3u8,网络源,https://upload.wikimedia.org/wikipedia/en/c/ca/TOLO_TV_logo_2016.png
TOLOnews (720p),https://tgn.bozztv.com/eshgtv-dvrfl05/gin-tolonews/index.m3u8,网络源,https://i.imgur.com/oxaHaTq.png
Tom And Jerry (720p),https://live20.bozztv.com/giatvplayout7/giatv-208314/playlist.m3u8,网络源,https://gia.tv/streams/pptv/208314.jpg?1750373428
Ton TV (720p) [Not 24/7],https://live.artidijitalmedya.com/artidijital_tontv/tontv/playlist.m3u8,网络源,https://i.imgur.com/f0Soeob.png
Tonghua TV (1080p),http://lsfb.avap.jilintv.cn/zqvk7vpj/channel/43ea5771aa44421591f9dfd2b71f1b9b/index.m3u8,网络源,https://www.tvchinese.net/uploads/tv/thtv1.jpg
Tonus (576p),http://194.143.148.28:8080/Mir24/index.m3u8,网络源,https://i.imgur.com/pGm8QCj.png
Tooku (1080p),http://live-saha.cdnvideo.ru/saha/tooky/playlist.m3u8,网络源,https://tooku.ru/wp-content/uploads/2024/11/tooku-kanal-logo.png
Toonami Aftermath (480p),http://api.toonamiaftermath.com:3000/est/playlist.m3u8,网络源,https://i.imgur.com/aSjhZK7.png
Toonami Aftermath West (480p),http://api.toonamiaftermath.com:3000/pst/playlist.m3u8,网络源,https://i.imgur.com/aSjhZK7.png
ToonGoggles (720p),https://amg01329-otterainc-toongoggles-samsungau-ad-4c.amagi.tv/playlist/amg01329-otterainc-toongoggles-samsungau/playlist.m3u8,网络源,https://i.imgur.com/JMnxswq.png
Tooniverse [Geo-blocked],https://xyktmobile00.s.gy/PPV939_TOONCAST,网络源,https://i.imgur.com/Fesm8M3.png
TOP Barca (1080p),https://amg17560-fcb-amg17560c1-rakuten-uk-4891.playouts.now.amagi.tv/playlist/amg17560-fcbarcelona-topbarcaenglish-rakutenuk/playlist.m3u8,网络源,https://images-2.rakuten.tv/storage/global-live-channel/translation/artwork/7c59e962-086b-4d64-afb3-7f83ca8c3377-width200-quality90.jpeg
Top Channel (720p),https://fr.crystalweb.net:1936/topchannel/topchannel/playlist.m3u8,网络源,https://i.imgur.com/SfV2gJg.png
Top Crime [Geo-blocked],https://live3-mediaset-it.akamaized.net/content/hls_h0_clr_vos/live/channel(lt)/index.m3u8,网络源,https://upload.wikimedia.org/wikipedia/commons/thumb/e/e3/Top_Crime_-_Logo_2013.svg/960px-Top_Crime_-_Logo_2013.svg.png
Top Gear (720p),https://jmp2.uk/plu-636adc255bcf470007d6e0e2.m3u8,网络源,https://i.imgur.com/S6Su6QH.png
Top Movies Polska (1080p),https://top-movies-rakuten-tv-pl.fast.rakuten.tv/v1/master/0547f18649bd788bec7b67b746e47670f558b6b2/production-LiveChannel-6059/master.m3u8,网络源,https://images-3.rakuten.tv/storage/global-live-channel/translation/artwork/39a979b9-49df-48c1-8c1c-5763828b60aa-width200-quality90.png
Top News (720p),https://live.topnews.co.th/hls/topnews_a_720.m3u8,网络源,https://i.imgur.com/tRFnV9M.png
Top News Marathi (1080p),https://live1.ottlive.co.in/topnewsmarathi/topnewsmarathi/index.m3u8,网络源,https://jiotvimages.cdn.jio.com/dare_images/images/topnewsmarathi.png
Top Secret (576p),http://hls127.freeott.top:8080/Sovershenno_Sekretno/video.m3u8,网络源,https://i.imgur.com/HM4xy4G.png
Top Stories by Newsy (720p),https://content.uplynk.com/channel/33c48f602cfd4474b957eb4ad999caf8.m3u8,网络源,https://i.imgur.com/UfN6aAi.png
Top TV (Peru) (240p) [Not 24/7],https://tvdatta.com:3084/live/toptvaguaytialive.m3u8,网络源,https://i.imgur.com/tiNvihZ.png
Top TV (Serbia) (1080p),http://82.165.71.58:8081/TopTV/live/playlist.m3u8,网络源,https://i.imgur.com/UJqbKEC.png
TopEstrada TV (720p),http://live.topestrada.com/live/topestrada/playlist.m3u8,网络源,https://i.imgur.com/0Dh1FJZ.png
Topical Moon RD (720p) [Not 24/7],https://sistemastr.tropicalmoonmedia.com/live/56BE17DB16EB76C9F2DDB8346F4DFA4E/30.m3u8,网络源,https://www.vivalivetv.com/public/files/shows/0/1/3900-294x165-FFFFFF.jpg
Tora Canal 69,https://tv.wracanal10.com:3012/live/latoratvlive.m3u8,网络源,https://latoratv69.com.do/wp-content/themes/bootscore/assets/img/logo-tora-tv.png
Torococo TV (720p) [Not 24/7],https://us.streaminghd.cl/torococotelevision/video.m3u8,网络源,https://i.ibb.co/9N7Scn8/1400-Torococo-TV.png
Toronto 360 TV (720p) [Not 24/7],http://cdn3.toronto360.tv:8081/toronto360/hd/playlist.m3u8,网络源,https://i.imgur.com/YJYdHKO.png
Tortues Ninja TV (Germany) (720p),https://jmp2.uk/plu-5f8ecc1b37867f00071469e9.m3u8,网络源,https://images.pluto.tv/channels/5f8ecc1b37867f00071469e9/colorLogoPNG.png
Tortues Ninja TV (United States) (720p),https://jmp2.uk/plu-62e9566e27ce19000732ec85.m3u8,网络源,https://images.pluto.tv/channels/62e9566e27ce19000732ec85/colorLogoPNG.png
Tosh.0 (Sweden),https://jmp2.uk/plu-65e97856ec9fda0008cb453c.m3u8,网络源,https://images.pluto.tv/channels/65e977042873090008b48be9/colorLogoPNG.png
Tosh.0 (Sweden) DK,https://jmp2.uk/plu-65e977042873090008b48be9.m3u8,网络源,https://images.pluto.tv/channels/65e977042873090008b48be9/colorLogoPNG.png
Tosh.0 (Sweden) NO,https://jmp2.uk/plu-65e977c48b24c8000805b9ef.m3u8,网络源,https://images.pluto.tv/channels/65e977042873090008b48be9/colorLogoPNG.png
Tosh.0 (United States),https://jmp2.uk/plu-5dae084727c8af0009fe40a4.m3u8,网络源,https://i.imgur.com/sXkluxg.png
Toshkent (576p),https://stream8.cinerama.uz/1003/tracks-v1a1/playlist.m3u8,网络源,https://i.imgur.com/Z9R4nZg.png
Total Bhakti (1080p),https://d34z4embz0hjf6.cloudfront.net/out/v1/d55b3323a9f142638f897378f0b526fe/index.m3u8,网络源,https://i.imgur.com/LPwRdmF.png
Total Crime (1080p),https://aegis-cloudfront-1.tubi.video/b062c287-a170-47df-99e4-f5dcd441ee59/playlist.m3u8,网络源,https://images.pluto.tv/channels/62e93b8eb8e02600071f8b1d/colorLogoPNG_1731000193486.png
Total TV Haryana (576p),http://51.75.127.199:3141/totaltvharyana/index.m3u8,网络源,https://xstreamcp-assets-msp.streamready.in/assets/LIVETV/LIVECHANNEL/LIVETV_LIVETVCHANNEL_TOTAL_TV/images/LOGO_HD/image.png
Totally Turtles (Germany) (720p),https://jmp2.uk/plu-5d6792bd6be2998ad0ccce30.m3u8,网络源,https://images.pluto.tv/channels/5d6792bd6be2998ad0ccce30/colorLogoPNG.png
Totally Turtles (Germany) GB,https://jmp2.uk/plu-656ef4af4261ca00083c8f37.m3u8,网络源,https://images.pluto.tv/channels/5d6792bd6be2998ad0ccce30/colorLogoPNG.png
Totally Turtles (Sweden) (720p),https://jmp2.uk/plu-61c185e36faf920007f04b6e.m3u8,网络源,https://images.pluto.tv/channels/61c0bbd95df1da0007bed5a0/colorLogoPNG.png
Totally Turtles (Sweden) DK (720p),https://jmp2.uk/plu-61c0bbd95df1da0007bed5a0.m3u8,网络源,https://images.pluto.tv/channels/61c0bbd95df1da0007bed5a0/colorLogoPNG.png
Totally Turtles (Sweden) NO (720p),https://jmp2.uk/plu-61c1da718a80a4000704013e.m3u8,网络源,https://images.pluto.tv/channels/61c0bbd95df1da0007bed5a0/colorLogoPNG.png
Totally Turtles (United States),https://jmp2.uk/plu-5d0c16d686454ead733d08f8.m3u8,网络源,https://images.pluto.tv/channels/62e95265c9fd030007268fb9/colorLogoPNG.png
Totally Turtles (United States) CA (720p),https://jmp2.uk/plu-62e95265c9fd030007268fb9.m3u8,网络源,https://images.pluto.tv/channels/62e95265c9fd030007268fb9/colorLogoPNG.png
Totalmusic 80s (720p),https://cdn.global.elektamedia.com/live/c7eds/Totalmusic_80s/SA_LIVE_hls_enc/master.m3u8,网络源,https://static.elektamedia.com/ch/tmc_80s.png
Totalmusic 2000s (720p),https://cdn.global.elektamedia.com/live/c7eds/Totalmusic_00s/SA_LIVE_hls_enc/master.m3u8,网络源,
Totalmusic (1080p),https://cdn.global.elektamedia.com/live/c7eds/Totalmusic/SA_LIVE_hls_enc/master.m3u8,网络源,https://static.elektamedia.com/ch/tmc_main.png
Totalmusic Concerts (720p),https://cdn.global.elektamedia.com/live/c7eds/Totalmusic_Concerts/SA_LIVE_hls_enc/master.m3u8,网络源,https://static.elektamedia.com/ch/tmc_concerts.png
Totalmusic Dance (720p),https://cdn.global.elektamedia.com/live/c7eds/Totalmusic_Dance/SA_LIVE_hls_enc/master.m3u8,网络源,https://static.elektamedia.com/ch/tmc_dance.png
Totovision,https://cdn.streamhispanatv.net:3652/live/totovisiongtlive.m3u8,网络源,https://totovision.net/wp-content/uploads/2022/05/cropped-LOGO-PAGINA-22.png
Tough Jobs,https://jmp2.uk/plu-65c69bf23ef47d0008583967.m3u8,网络源,https://images.pluto.tv/channels/65c69bf23ef47d0008583967/colorLogoPNG.png
Tour Spot TV (1280p) [Not 24/7],https://fox.hostlagarto.com:8081/toursporttv/playlist.m3u8,网络源,https://imgur.com/khj869k.png
Tout le monde deteste Chris,https://jmp2.uk/plu-67b4b4a21a5ca760802d25fd.m3u8,网络源,https://images.pluto.tv/channels/67b4b4a21a5ca760802d25fd/colorLogoPNG_1747394750060.png
Town TV,https://stream.pdtvhd.com/LiveApp/streams/Townfullhd.m3u8,网络源,https://i.imgur.com/9fUGvVG.png
TR24 Television (720p),https://stream.it-innov.com/tr24/index.m3u8,网络源,https://i.ibb.co/fQrBY1M/tr24-telepack.jpg
TR Sport (480p),https://livetr.teleromagna.it/mia/live/playlist.m3u8,网络源,https://i.imgur.com/ELXmaqg.png
Tra Vinh TV (1080p),https://freem3u.xyz/api/live/play.m3u8?vid=91,网络源,https://i.imgur.com/F12VdKO.png
Trace Africa (1080p),https://channels.trace.plus/Traceprod/AFRICA_FR_hd/index.m3u8,网络源,https://i.imgur.com/kPUkoS7.png
Trace Afrikora (1080p),https://channels.trace.plus/Traceprod/TERANGA_hd/index.m3u8,网络源,https://i.imgur.com/CQDdnhp.png
Trace Ayiti (1080p),https://channels.trace.plus/Traceprod/AYITI_hd/index.m3u8,网络源,https://i.imgur.com/KkJ6fet.png
Trace Brazuca (1080p),https://amg01131-tracetv-amg01131c4-stirr-us-4390.playouts.now.amagi.tv/playlist.m3u8,网络源,https://i.imgur.com/DFBocPu.png
Trace Brazuca HD (1080p),https://cdn-uw2-prod.tsv2.amagi.tv/linear/amg01131-tracetv-tracebrazuca-samsungbr/playlist.m3u8,网络源,https://i.imgur.com/DFBocPu.png
Trace Caribbean (1080p),https://channels.trace.plus/Traceprod/CARIBBEAN_hd/index.m3u8,网络源,https://i.imgur.com/ZHD7Vxy.png
Trace Gospel (1080p),https://channels.trace.plus/Traceprod/GOSPEL_FR_hd/index.m3u8,网络源,https://i.imgur.com/X0UmU3K.png
Trace Gospel Nigeria and East Africa (1080p),https://channels.trace.plus/Traceprod/GOSPEL_ROA_hd/index.m3u8,网络源,https://i.imgur.com/X0UmU3K.png
Trace Gospel Southern Africa (1080p),https://channels.trace.plus/Traceprod/GOSPEL_SA_hd/index.m3u8,网络源,https://i.imgur.com/X0UmU3K.png
Trace Ivoire (1080p),https://channels.trace.plus/Traceprod/TRACE_IVOIRE_hd/index.m3u8,网络源,https://i.imgur.com/W2l3rVx.png
Trace Jama (1080p),https://channels.trace.plus/Traceprod/JAMA_hd/index.m3u8,网络源,https://i.imgur.com/pthX34m.png
Trace Kitoko (1080p),https://channels.trace.plus/Traceprod/KITOKO_hd/index.m3u8,网络源,https://i.imgur.com/q6vkMrU.png
Trace Latina (1080p),https://channels.trace.plus/Traceprod/LATINA_hd/index.m3u8,网络源,https://i.imgur.com/CUVAi4u.png
Trace Mboa (1080p),https://channels.trace.plus/Traceprod/MBOA_hd/index.m3u8,网络源,https://i.imgur.com/cYwkCj2.png
Trace Muzika (1080p),https://channels.trace.plus/Traceprod/MUZIKA_hd/index.m3u8,网络源,https://i.imgur.com/xsEGIXO.png
Trace Mziki (1080p),https://channels.trace.plus/Traceprod/MZIKI_hd/index.m3u8,网络源,https://i.imgur.com/l3X9Gg4.png
Trace Naija (1080p),https://channels.trace.plus/Traceprod/NAIJA_hd/index.m3u8,网络源,https://i.imgur.com/Rguekcp.png
Trace Ngoma (1080p),https://channels.trace.plus/Traceprod/AFRICA_EN_hd/index.m3u8,网络源,https://www.hypresslive.com/wp-content/uploads/2025/12/9cf0931b-5e1e-16da-515a-bd203ca3c928-1536x1074.png
Trace Sport Stars (1080p),https://lightning-tracesport-samsungau.amagi.tv/playlist.m3u8,网络源,https://i.imgur.com/FabFP5A.png
Trace Sport Stars Russia (720p),https://stream8.cinerama.uz/1274/tracks-v1a1/mono.m3u8,网络源,https://i.imgur.com/FabFP5A.png
Trace Sport Stars SD,https://channels.trace.plus/Traceprod/TRACE_SPORT_STARS_sd/index.m3u8,网络源,https://i.imgur.com/FabFP5A.png
Trace Toca (1080p),https://channels.trace.plus/Traceprod/TOCA_hd/index.m3u8,网络源,https://i.imgur.com/6SpWnBR.png
Trace UK (1080p),https://channels.trace.plus/Traceprod/UK_FAST_hd/index.m3u8,网络源,https://a.jsrdn.com/hls/23073/trace-uk/logo_20240627_183320_70.png
Trace Urban (1080p),https://lightning-traceurban-samsungau.amagi.tv/playlist.m3u8,网络源,https://i.imgur.com/DLIbUMx.png
Trace Urban Africa Franco (1080p),https://channels.trace.plus/Traceprod/URBAN_AFRIC_FR_hd/index.m3u8,网络源,https://i.imgur.com/DLIbUMx.png
Trace Urban Caribbean And Indian Ocean (1080p),https://channels.trace.plus/Traceprod/URBAN_DOM_hd/index.m3u8,网络源,https://i.imgur.com/DLIbUMx.png
Trace Urban HD (1080p),https://channels.trace.plus/Traceprod/URBAN_FR_hd/index.m3u8,网络源,https://i.imgur.com/DLIbUMx.png
Trace Urban International HD (1080p),https://channels.trace.plus/Traceprod/URBAN_INTER_hd/index.m3u8,网络源,https://i.imgur.com/DLIbUMx.png
Trace Urban Southern Africa (1080p),https://channels.trace.plus/Traceprod/URBAN_SA_hd/index.m3u8,网络源,https://i.imgur.com/DLIbUMx.png
Trace Vanilla Islands (1080p),https://channels.trace.plus/Traceprod/VANILLA_hd/index.m3u8,网络源,https://i.imgur.com/ngF58fe.png
Traditional TV (1080p),http://83.103.149.75:8085/udp/239.30.0.9:4000,网络源,https://i.ibb.co/G5bNH48/Traditional-TV-HD.png
Trailers UK (1080p),https://amg01821-lovetvchannels-lovemagazineuk-samsungse-p1sf1.amagi.tv/playlist/amg01821-lovetvchannels-lovemagazineuk-samsungse/playlist.m3u8,网络源,https://i.imgur.com/RwZ1hCN.png
TraLaLa TV,https://hls01ns.antenaplay.ro/hls/tralala-hd/index.m3u8,网络源,https://i.imgur.com/xJBMnjy.png
Transformers TV (720p),https://jmp2.uk/plu-60fb053712f22a0007ff14d2.m3u8,网络源,https://images.pluto.tv/channels/63da36dea995710008727d4d/colorLogoPNG.png
Transformers TV CA,https://jmp2.uk/plu-63da36dea995710008727d4d.m3u8,网络源,https://images.pluto.tv/channels/63da36dea995710008727d4d/colorLogoPNG.png
TransMedia (720p),https://edge.enhdtv.com/8064/index.m3u8,网络源,https://i.imgur.com/tAdxar9.jpeg
Transmedia Television Morelia (614p) [Geo-blocked],http://streamingcws20.com:1935/tmtv/videotmtv/playlist.m3u8,网络源,https://i.imgur.com/jYMpVQA.png
Travel Box Brazil (720p),http://168.197.104.22/TRAVEL_BOX_BRASIL/index.m3u8,网络源,https://i.imgur.com/3tBJERH.png
Travel TV (576p),https://streamer103.neterra.tv/travel/live.m3u8,网络源,https://i.imgur.com/5xllfed.png
Travel+Adventure (1080p),http://31.148.48.15/Travel_Adventure_HD/index.m3u8,网络源,https://i.imgur.com/AlpdXC4.png
Travel+Adventure HD (1080p),http://stream.mcquack.net/206/index.m3u8,网络源,https://i.imgur.com/AlpdXC4.png
Travelxp 4K HDR (2160p) [Geo-blocked],https://deltatesttatasky.akamaized.net/out/i/968284.m3u8,网络源,https://xstreamcp-assets-msp.streamready.in/assets/LIVETV/LIVECHANNEL/LIVETV_LIVETVCHANNEL_TRAVELXP/images/LOGO_HD/image.png
Travelxp HD (1080p) [Geo-blocked],https://amg00416-amg00416c9-samsung-in-4882.playouts.now.amagi.tv/playlist/amg00416-travelxp-travelxphd-samsungin/playlist.m3u8,网络源,https://xstreamcp-assets-msp.streamready.in/assets/LIVETV/LIVECHANNEL/LIVETV_LIVETVCHANNEL_TRAVELXP/images/LOGO_HD/image.png
Travelxp Russia (1080p),http://stream.mcquack.net/451/index.m3u8,网络源,https://xstreamcp-assets-msp.streamready.in/assets/LIVETV/LIVECHANNEL/LIVETV_LIVETVCHANNEL_TRAVELXP/images/LOGO_HD/image.png
TRC TV (720p),https://5fe2654d6127d.streamlock.net/trc/videotrc/playlist.m3u8,网络源,https://i.imgur.com/W4xwCdl.png
Trece (Colombia) (1080p),http://190.60.46.228:8888/play/a030/index.m3u8,网络源,https://i.imgur.com/jsuXXIg.png
Trece (Paraguay),http://45.170.130.224:8000/play/a050/index.m3u8?hls,网络源,https://i.imgur.com/cgIv5QK.png
Trece (Spain) (576p),https://play.cdn.enetres.net/091DB7AFBD77442B9BA2F141DCC182F5021/live.smil/playlist.m3u8,网络源,https://upload.wikimedia.org/wikipedia/commons/thumb/c/c4/Trece.svg/960px-Trece.svg.png
Trend TV (480p),http://185.62.75.22:1935/trend/myStream/playlist.m3u8,网络源,https://i.imgur.com/4SmNISY.jpg
Trentino TV (720p) [Not 24/7],https://5e73cf528f404.streamlock.net/TrentinoTV/livestream/playlist.m3u8,网络源,https://i.imgur.com/Xcw3TRB.png
Tribeca Channel (1080p) [Geo-blocked],https://amg02507-giantpictures-tribeca-xumo-ey2b7.amagi.tv/playlist.m3u8,网络源,https://i.imgur.com/JCpFAll.png
Tribuna TV (720p) [Not 24/7],https://cloudflare.streamgato.us:3300/live/tribunatvlive.m3u8,网络源,https://i.imgur.com/C5vHpd0.png
Trigger,https://origin2.afxp.telemedia.co.za/abr/trigger/playlist.m3u8,网络源,https://i.imgur.com/TrlrcWf.png
Trimedio TV (1080p) [Geo-blocked],https://stream.streaming4u.hu/TriMedioTV/index.m3u8,网络源,https://i.imgur.com/P4hxWVZ.png
Trinity TV (480p) [Not 24/7],https://5d00db0e0fcd5.streamlock.net/7410/7410/playlist.m3u8,网络源,https://i.imgur.com/69igLlk.png
Trishul Broadcasting Network (720p) [Not 24/7],https://live.suricloud.com/hls/tbntv/index.m3u8,网络源,https://i.imgur.com/Fhl1dtY.jpg
Triunfo 96.9 FM (360p),https://59825a54e4454.streamlock.net:8443/william652/william652/playlist.m3u8,网络源,https://i.ibb.co/q0qt0h5/x-SCWAc-Jfp3.png
Trivu (1080p),http://190.93.224.42/TRIVU-TV/index.m3u8,网络源,https://i.imgur.com/QrUYjOS.png
TRK Aleks (576p),http://46.46.112.223/live/livestream1.m3u8,网络源,https://i.imgur.com/1uW5ex8.png
Tropi Q 99.7 FM (1080p),https://www.streaming507.net:19360/videotropiq/videotropiq.m3u8,网络源,https://i.imgur.com/5rPdHhb.png
Tropical Moon Cumbia TV (720p),https://srv2.tropicalmoonmedia.com/cumbiatv/cumbiatv/playlist.m3u8,网络源,https://i.imgur.com/jL1kLyS.png
Tropical Moon Eventos TV (720p),https://srv2.tropicalmoonmedia.com/eventostv/eventostv/playlist.m3u8,网络源,https://i.imgur.com/RklPmml.png
Tropoja Televizion,https://live.prostream.al/al/smil:tropojatv.smil/playlist.m3u8,网络源,https://i.imgur.com/D3hNOVS.png
TRT 1 (1440p),https://tv-trt1.medya.trt.com.tr/master.m3u8,网络源,https://upload.wikimedia.org/wikipedia/commons/thumb/8/85/TRT_1_logo_%282021-%29.svg/960px-TRT_1_logo_%282021-%29.svg.png
TRT 2 (1440p) [Geo-blocked],https://tv-trt2.medya.trt.com.tr/master.m3u8,网络源,https://i.imgur.com/iOCQdyD.png
TRT 3 (720p),https://tv-trt3.live.trt.com.tr/master.m3u8,网络源,https://i.imgur.com/JrWFwBd.png
TRT (Greece) (720p),https://av.hellasnet.tv/rst/trt/main_stream.m3u8,网络源,https://i.imgur.com/g0jPOcC.png
TRT (Venezuela) (410p) [Not 24/7],https://vcp12.myplaytv.com/trt/trt/playlist.m3u8,网络源,https://upload.wikimedia.org/wikipedia/commons/6/67/Canal_trt_logo.PNG
TRT Arabi (1080p) [Not 24/7],https://tv-trtarabi.medya.trt.com.tr/master.m3u8,网络源,https://i.imgur.com/dEfI2M9.png
TRT Avaz (720p),https://tv-trtavaz.medya.trt.com.tr/master.m3u8,网络源,https://upload.wikimedia.org/wikipedia/commons/thumb/5/54/TRT_Avaz_logo.svg/960px-TRT_Avaz_logo.svg.png
TRT Belgesel (1080p),http://hls127.freeott.top:8080/TRT_BELGESEL_TR/video.m3u8,网络源,https://upload.wikimedia.org/wikipedia/commons/thumb/0/09/TRT_Belgesel_logo_%282019-%29.svg/960px-TRT_Belgesel_logo_%282019-%29.svg.png
TRT Cocuk (1440p),https://tv-trtcocuk.medya.trt.com.tr/master.m3u8,网络源,https://upload.wikimedia.org/wikipedia/commons/thumb/1/1a/TRT_%C3%87ocuk_logo_%282021%29.svg/960px-TRT_%C3%87ocuk_logo_%282021%29.svg.png
TRT Diyanet Cocuk (720p),https://tv-trtdiyanetcocuk.medya.trt.com.tr/master.m3u8,网络源,https://i.imgur.com/8PmXz9t.png
TRT EBA (720p),https://tv-e-okul01.medya.trt.com.tr/master.m3u8,网络源,https://upload.wikimedia.org/wikipedia/commons/thumb/b/b8/TRT_EBA_TV_logo.svg/960px-TRT_EBA_TV_logo.svg.png
TRT EBA Ilkokul (720p),https://tv-e-okul00.medya.trt.com.tr/master.m3u8,网络源,https://i.imgur.com/CRBfZi4.png
TRT EBA Lise (720p),https://tv-e-okul02.medya.trt.com.tr/master.m3u8,网络源,https://i.imgur.com/vj2L2L2.png
TRT Genc (1440p) [Geo-blocked],https://tv-trtgenc.medya.trt.com.tr/master.m3u8,网络源,https://i.imgur.com/fCHQYWS.png
TRT Haber (720p),https://tv-trthaber.medya.trt.com.tr/master.m3u8,网络源,https://upload.wikimedia.org/wikipedia/commons/thumb/7/72/TRT_Haber_Eyl%C3%BCl_2020_Logo.svg/960px-TRT_Haber_Eyl%C3%BCl_2020_Logo.svg.png
TRT Kurdi (720p),https://tv-trtkurdi.medya.trt.com.tr/master.m3u8,网络源,https://upload.wikimedia.org/wikipedia/commons/thumb/7/79/TRT_Kurd%C3%AE_logo.svg/960px-TRT_Kurd%C3%AE_logo.svg.png
TRT Muzik (720p),https://tv-trtmuzik.medya.trt.com.tr/master.m3u8,网络源,https://i.imgur.com/JgUzRH8.png
TRT Spor (720p),https://corestream.siteyaptim.live/trt-spor/index.m3u8,网络源,https://i.imgur.com/6tv0zxh.png
TRT Spor Yildiz (1440p) [Geo-blocked],https://trt.daioncdn.net/trtspor-yildiz/master.m3u8?app=web&platform=trtspor,网络源,https://upload.wikimedia.org/wikipedia/commons/thumb/c/ce/TRT_Spor_Y%C4%B1ld%C4%B1z_Logo.svg/960px-TRT_Spor_Y%C4%B1ld%C4%B1z_Logo.svg.png
TRT Turk (720p),https://tv-trtturk.medya.trt.com.tr/master.m3u8,网络源,https://upload.wikimedia.org/wikipedia/commons/thumb/d/d2/TRT_T%C3%BCrk_logo.svg/960px-TRT_T%C3%BCrk_logo.svg.png
TRT World (720p),https://mumbai-edge.smartplaytv.in/TRTWorld/index.m3u8,网络源,https://upload.wikimedia.org/wikipedia/commons/thumb/2/27/TRT_World.svg/960px-TRT_World.svg.png
TRT World HD,https://dash2.antik.sk/live/test_trt_world_atktv/playlist.m3u8,网络源,https://upload.wikimedia.org/wikipedia/commons/thumb/2/27/TRT_World.svg/960px-TRT_World.svg.png
True4U,https://live-us1.thaimomo.com/live-as/chTrue4u-2/playlist.m3u8,网络源,https://i.imgur.com/O6Xre1O.png
True Crime (1080p),https://b6cca454.wurl.com/master/f36d25e7e52f1ba8d7e56eb859c636563214f541/U2Ftc3VuZy1nYl9UcnVlQ3JpbWVVS2Zyb21DQlNSZWFsaXR5X0hMUw/playlist.m3u8,网络源,https://i.imgur.com/LK2NFst.png
True Crime by Pluto TV,https://jmp2.uk/plu-5f914f4b36d67d0007a91a04.m3u8,网络源,https://images.pluto.tv/channels/5f914f4b36d67d0007a91a04/colorLogoPNG.png
True crime fran Viaplay,https://jmp2.uk/plu-645cb7857cb4b1000859c57c.m3u8,网络源,https://images.pluto.tv/channels/645cb7857cb4b1000859c57c/colorLogoPNG.png
True Crime Network (1080p) [Geo-blocked],https://amg00979-amg00979c1-firetv-us-3622.playouts.now.amagi.tv/playlist.m3u8,网络源,https://www.truecrimenetworktv.com/sites/all/themes/jntheme/images/tcnetwork-logo-main.png
True Crime Network WCVB-TV (720p),https://aegis-cloudfront-1.tubi.video/c2e3094d-ad56-4c5f-9655-cd80df71fbab/playlist.m3u8,网络源,https://www.truecrimenetworktv.com/sites/all/themes/jntheme/images/tcnetwork-logo-main.png
True Crime Now (1080p),https://amg00376-magellan-amg00376c12-samsung-au-1725.playouts.now.amagi.tv/playlist/amg00376-magellantv-truecrimenowaunzin-samsungau/playlist.m3u8,网络源,https://i.imgur.com/Y6Hix17.png
True Film 1 (720p),http://58.8.186.128:10004/bysid/2415,网络源,https://i.imgur.com/z9XvYLe.png
True Film 2 (720p),http://58.8.186.128:10004/bysid/2432,网络源,https://i.imgur.com/4K1HbOB.png
True Film Asia (720p),http://58.8.186.128:10004/bysid/2416,网络源,https://i.imgur.com/Ci872im.png
True History (720p),https://linear-188.frequency.stream/dist/glewedtv/188/hls/master/playlist.m3u8,网络源,https://i.imgur.com/1BHDGXx.png
True Movie Hits (720p),http://58.8.186.128:10003/bysid/2325,网络源,https://i.imgur.com/65kk1R3.png
True Tennis (720p),http://58.8.186.128:10004/bysid/2418,网络源,https://i.imgur.com/Zu72OYA.png
True Thai Film (720p),http://58.8.186.128:10003/bysid/2326,网络源,https://i.imgur.com/MfLY3LF.png
Trzic TV (1080p) [Not 24/7],https://vpn.video2go.live:444/trzic/tv/playlist.m3u8,网络源,https://i.imgur.com/VZiaoqz.png
Tsargrad TV (1080p) [Geo-blocked],https://bl.rutube.ru/livestream/91815da4edb167b5bd617bae490e57da/index.m3u8?e=2070278263&s=is_mLq_kjPYLsOJ4qj85tw&scheme=https,网络源,https://i.imgur.com/34RINpb.png
TSC (720p),https://tscamd.akamaized.net/hls/live/503340/TSCLive/master.m3u8,网络源,https://upload.wikimedia.org/wikipedia/commons/thumb/a/ab/TSC_logo.svg/960px-TSC_logo.svg.png
Tshwane TV (576p),https://cdn.freevisiontv.co.za/sttv/smil:tshwane.stream.smil/playlist.m3u8,网络源,https://admango.cdn.mangomolo.com/analytics/uploads/188/654a3ec660.png
TSi,http://181.114.57.246:4000/play/9w2G3HTtuTmrtgPZ/index.m3u8,网络源,https://i.imgur.com/GEyxDnf.png
TSN TeleSondrio News (480p) [Not 24/7],https://59d8c0cee6f3d.streamlock.net/tsn/tsn_mobile/playlist.m3u8,网络源,https://i.imgur.com/eE37h7Q.png
TSN The Ocho (1080p),https://d3pnbvng3bx2nj.cloudfront.net/v1/master/3722c60a815c199d9c0ef36c5b73da68a62b09d1/cc-rds8g35qfqrnv/TSN_The_Ocho.m3u8,网络源,https://tvpnlogopus.samsungcloud.tv/platform/image/sourcelogo/vc/00/02/34/CA1400003R3_20240709T002034SQUARE.png
TSTV (720p),https://reflector.watchtstv.com/hls/livestream.m3u8,网络源,
TSV (1080p),https://tsv.md/stream/hls/tsv-online/index.m3u8,网络源,https://i.imgur.com/6p4weSK.png
TTV (720p),http://162.19.247.76:22222/live/taishi/index.m3u8,网络源,https://upload.wikimedia.org/wikipedia/en/thumb/3/32/TTV_2nd_logo.svg/960px-TTV_2nd_logo.svg.png
Tu TV (720p),https://astl-mainstr.qvixsolutions.com/asltvtu_ext/index.m3u8,网络源,https://i.imgur.com/OBEmXQF.png
Tu Universo TV (720p),https://5bf8041cb3fed.streamlock.net/TUUNIVERSOTV/TUUNIVERSOTV/playlist.m3u8,网络源,https://i.imgur.com/e6esjLZ.jpg
TUDN (Mexico) (1080p),https://streaming.alwaysdata.net/tudn.php,网络源,https://i.imgur.com/oT5CAvd.png
TUDN (United States) (1080p),http://45.190.13.8/TUDNHD/index.m3u8,网络源,https://i.imgur.com/oT5CAvd.png
Tulja Bhavani (576p),http://51.75.127.199:3141/tuljabhavani/index.m3u8,网络源,https://jiotvimages.cdn.jio.com/dare_images/images/Tulja_Bhavani.png
Tunevision (1080p) [Not 24/7],https://cdn.streamhispanatv.net:3852/live/tunevisionlive.m3u8,网络源,https://i.imgur.com/XNiXqgj.png
Turan TV (576p),https://fs.uplink.kz/turan_tv/mono.m3u8?token=onlinetv,网络源,https://i.imgur.com/VagTPMo.png
Turbo (720p),https://jmp2.uk/plu-66f55c3955567d0008ef9b68.m3u8,网络源,https://images.pluto.tv/channels/66f55c3955567d0008ef9b68/colorLogoPNG.png
Turbo Mix Radio TV (720p),https://live-evg11.tv360.bitel.com.pe/bitel/turbomixSRT/playlist.m3u8,网络源,https://i.imgur.com/AsdBQa3.png
Turbo TV (1080p),https://dash3.antik.sk/live/turbo_tv_avc_25p/playlist.m3u8,网络源,https://i.imgur.com/HI7bCHq.png
Turf Movil (720p),https://tvturf4.janus.cl/playlist/stream.m3u8?d=w&id=,网络源,https://i.imgur.com/TwIe4lK.png
Turismo HD (720p),https://live20.bozztv.com/giatvplayout7/giatv-208343/playlist.m3u8,网络源,https://gia.tv/streams/pptv/208343.jpg
Turismo RDTV (720p),https://streamunoapp.com:3086/live/telemileniolive.m3u8,网络源,https://www.vivalivetv.com/public/files/shows/0/1/3800-294x165-FFFFFF.jpg
Turismo Travel TV,https://stmv3.voxtvhd.com.br/turismotraveltv/turismotraveltv/playlist.m3u8,网络源,https://i.imgur.com/4ixl8Px.png
Turistik TV (720p),https://cdn1.cef-technology.com/stream_web/turistik/playlist.m3u8,网络源,https://i.imgur.com/g9j0ze8.png
TurkHaber TV (720p),https://edge1.socialsmart.tv/turkhaber/bant1/playlist.m3u8,网络源,https://i.imgur.com/2AcRKdL.png
Turkmen Owazy (406p) [Not 24/7],https://alpha.tv.online.tm/hls/ch005.m3u8,网络源,https://i.imgur.com/Ap7l2jC.png
Turkmenistan (406p) [Not 24/7],https://alpha.tv.online.tm/hls/ch007.m3u8,网络源,https://i.imgur.com/iBBpBx4.png
Turkmenistan Sport (406p) [Not 24/7],https://alpha.tv.online.tm/hls/ch004.m3u8,网络源,https://i.imgur.com/n6vITLu.png
Turma da Monica (720p),https://jmp2.uk/plu-5f997e44949bc70007a6941e.m3u8,网络源,https://i.imgur.com/nrvPPrW.png
Turno (720p),https://redirector.dps.live/hls/turno/playlist.m3u8,网络源,https://i.imgur.com/XuSeHBt.png
TUTV (1080p),https://livestream.telvue.com/templeuni1/f7b44cfafd5c52223d5498196c8a2e7b.sdp/playlist.m3u8,网络源,https://i.imgur.com/At0BPeA.png
TV1 (Malaysia) (1080p),https://live.mana2.my/Tv1/index.m3u8?auth_key=1745177809-03fbff3dfc194161829ff0dbf94a205a-0-c6dcdd3499b8b5488b7de0f6613b8047&token=1745177809-03fbff3dfc194161829ff0dbf94a205a-0-c6dcdd3499b8b5488b7de0f6613b8047,网络源,https://i.imgur.com/wSyPmiY.png
TV1 (Rwanda),https://live.tv1.rw/index.m3u8,网络源,https://i.imgur.com/wk59tHA.png
TV 1 (720p),https://edge1.socialsmart.tv/tv1/bant1/playlist.m3u8,网络源,https://i.imgur.com/8CtrYVb.png
TV1.KG (1080p),http://212.2.225.30:1935/live/site.stream/playlist.m3u8,网络源,https://i.imgur.com/Mti9t9C.png
TV 1 Oberosterreich (1080p),https://streaming10.huberwebmedia.at/LiveApp/streams/238985177034727564068269_adaptive.m3u8,网络源,https://i.imgur.com/KbMkEIn.png
TV2 (Algeria) (1080p),http://185.9.2.18/chid_347/index.m3u8,网络源,https://i.imgur.com/VEb631f.png
TV2 (Malaysia) (1080p),https://live.mana2.my/Tv2/index.m3u8?auth_key=1745177833-e4f0090e3d3b4ed1b2b4f5df87a24d34-0-d43f8be1101f9bb00363d62de6514e4d&token=1745177833-e4f0090e3d3b4ed1b2b4f5df87a24d34-0-d43f8be1101f9bb00363d62de6514e4d,网络源,https://i.imgur.com/LGEdeyJ.png
TV 2/Bornholm (1080p) [Not 24/7],https://livecdn.euw1-0005.jwplive.com/live/sites/J42OBHtp/media/vvNWt4O9/live.isml/.m3u8,网络源,https://i.imgur.com/cEOpXU6.png
TV3 (Samoa) (720p) [Not 24/7],https://customer-ezarl905qqr949qs.cloudflarestream.com/856e914abd09e036ce9ce4fa649278b2/manifest/video.m3u8,网络源,https://i.imgur.com/VT2Tqmr.png
TV3 (Spain) (1080p) [Geo-blocked],https://directes3-tv-cat.3catdirectes.cat/live-content/tv3-hls/master.m3u8,网络源,https://upload.wikimedia.org/wikipedia/commons/thumb/c/cb/TV3.svg/960px-TV3.svg.png
TV3CAT (1080p) [Geo-blocked],https://directes3-tv-es.3catdirectes.cat/live-content/tvc-hls/master.m3u8,网络源,https://upload.wikimedia.org/wikipedia/commons/thumb/9/97/TV3CAT.svg/960px-TV3CAT.svg.png
TV 3 Curitiba,https://stmv.webtvninjas.com.br/tv3/tv3/playlist.m3u8,网络源,https://eswqkrogupaisirwcsys.supabase.co/storage/v1/object/public/mbc-media/canais/1776133208960-o2l2f7f02f.png
TV3 La Plata (480p),https://live.amelbatv.co:81/teleopita/index.fmp4.m3u8,网络源,https://i.imgur.com/uRMq5HC.jpeg
TV3V (720p),https://tv3v.live-kd.com/live/tv3v/livestream/index.m3u8,网络源,https://i.ibb.co/X2yd0zL/logo-tv3v.jpg
TV4 (Algeria) (720p),http://91.228.35.249:8001/1:0:1:06A6:3138:13E:820000:0:0:0,网络源,https://i.imgur.com/BZvdjBN.png
TV4 (Poland) (1080p) [Geo-blocked],https://cdn-s-playnow-live.pluscdn.pl/ch/1502601/309/dash/e25c2c93/live.mpd,网络源,https://upload.wikimedia.org/wikipedia/commons/d/d4/TV4Polska.png
TV 4 (720p),https://turkmedya-live.ercdn.net/tv4/tv4.m3u8,网络源,https://i.imgur.com/UpsQsbd.png
TV4 (United States) (360p),https://cdn3.wowza.com/5/UWpORHhLSEs5SkJs/bullheadcity/G0860_002/playlist.m3u8,网络源,https://i.imgur.com/CRvQ6sF.png
TV5 Cambodia,https://ip.pdtvhd.com/Khmer/streams/CTV5.m3u8,网络源,https://i.imgur.com/iMZLyoX.png
TV5 Kannada (576p),https://mumt07.tangotv.in/zHjX9OFlTV5KANNADA/index.m3u8,网络源,https://dtil.tmsimg.com/assets/s144024_ld_h15_aa.png?lock=720x540
TV5 Linares (720p),https://v1.tustreaming.cl/tv5linares/index.m3u8,网络源,https://i.imgur.com/PNKlJBj.png
TV5Monde Africa (720p),http://5.9.121.178/tv5monde/index.m3u8,网络源,https://i.imgur.com/0N64Ddn.png
TV5Monde Asia (1080p),http://54.37.19.157/TV5MONDE/index.m3u8,网络源,https://i.imgur.com/FRsRXRR.png
TV5MONDE Chefs (1080p),https://tvf-tv5ch.otteravision.com/tvf/tv5ch/tv5ch.m3u8,网络源,https://psi.tv5monde.com/media/static/default/lives/tv5monde-chef.png
TV5Monde Europe (1080p),http://5.180.164.197:8080/TV5MONDE/index.m3u8,网络源,https://i.imgur.com/rPAbMSu.png
TV5Monde France Belgium Switzerland Monaco,http://5.78.65.164/TV5Monde/index.m3u8,网络源,https://i.imgur.com/WmRbudc.png
TV5Monde Info (1080p) [Geo-blocked],https://ott.tv5monde.com/Content/HLS/Live/channel(info)/variant.m3u8,网络源,https://i.imgur.com/AJx5Fy2.png
TV5Monde Latin America (720p),http://45.162.231.38:7779/TV5_Monde/index.m3u8,网络源,https://i.imgur.com/x8rjGhp.png
TV5Monde Pacific,http://103.190.232.129/stream/tvb/pacifique/master.m3u8?p=967e33767f592e1aaf3d4019f38f380bf784e113b193d89c412d047059d6300d&u=Oleg,网络源,https://i.imgur.com/mfZOYZI.png
TV5Monde Style,http://103.190.232.129/stream/tvb/style/master.m3u8?p=967e33767f592e1aaf3d4019f38f380bf784e113b193d89c412d047059d6300d&u=Oleg,网络源,https://i.imgur.com/cwC7Q2V.png
TV5 News (576p),https://yuppmedtaorire.akamaized.net/v1/master/a0d007312bfd99c47f76b77ae26b1ccdaae76cb1/tv5_nim_https/110322/tv5/playlist.m3u8,网络源,https://xstreamcp-assets-msp.streamready.in/assets/LIVETV/LIVECHANNEL/LIVETV_LIVETVCHANNEL_TV5_TELUGU/images/LOGO_HD/image.png
TV5 Quebec Canada (1080p),http://23.133.220.149/TV5/index.m3u8,网络源,https://upload.wikimedia.org/wikipedia/commons/thumb/8/81/TV5_%28logo%29.svg/960px-TV5_%28logo%29.svg.png
TV5 Unis,http://23.133.220.149/Unis_TV/index.m3u8,网络源,https://static.wikia.nocookie.net/logopedia/images/3/3a/TV5_Unis.svg
TV7+,https://tv7plus.com/hls/tv7_site.m3u8,网络源,https://i.imgur.com/PcTDZ8e.png
TV 7 Albania,https://vs.sednastream.com:1936/tv7/tv7/playlist.m3u8,网络源,https://i.imgur.com/tL1n9mh.png
TV7 Benevento (288p) [Not 24/7],http://streaming.senecadot.com/live/flv:tv7.sdp/playlist.m3u8,网络源,https://i.imgur.com/VBhVaKB.png
TV7 Bharat (576p),https://stream.ottlive.co.in/tv7bharat/index.m3u8,网络源,https://tv7bharat.tv/wp-content/uploads/2023/07/Logo-Bharat.jpg
TV7 Colmar (576p),https://tv7.live-kd.com/live/tv7/livestream/playlist.m3u8,网络源,https://i.imgur.com/kSdGi43.png
TV7 Triveneta (562p),https://www.gruppotv7.com:8090/hls/ireporter.m3u8,网络源,https://i.imgur.com/ndFoo4V.png
TV8 (Moldova) [Not 24/7],http://315e5a5d.ottrast.com/iptv/8KSD5KFDXA6H88/2454/index.m3u8,网络源,https://i.imgur.com/Rsn4oUh.png
TV8 (Slovakia) (576p),http://109.74.145.11:1935/tv8/ngrp:tv8.stream_all/playlist.m3u8,网络源,https://i.imgur.com/Z7URrp1.png
TV8 (Turkiye) (1080p),https://tv8.daioncdn.net/tv8/tv8.m3u8?app=7ddc255a-ef47-4e81-ab14-c0e5f2949788&ce=3,网络源,https://upload.wikimedia.org/wikipedia/tr/thumb/6/68/Tv8_Yeni_Logo.png/960px-Tv8_Yeni_Logo.png
TV9 (Malaysia),https://tonton-live-switch-ssar.akamaized.net/stream-tv9/master.m3u8?bpkio_serviceid=6c0958d82a830a02ca0936d9cfab8311,网络源,https://i.imgur.com/Krh1F8d.png
TV9 (Slovakia),https://dash4.antik.sk/live/test_tv9/playlist.m3u8,网络源,https://i.imgur.com/Sco4x8t.png
TV9 Bangla (720p),https://dyjmyiv3bp2ez.cloudfront.net/pub-iotv9banaen8yq/liveabr/playlist.m3u8,网络源,https://xstreamcp-assets-msp.streamready.in/assets/LIVETV/LIVECHANNEL/LIVETV_LIVETVCHANNEL_TV9_BANGLA/images/LOGO_HD/image.png
TV9 Bharatvarsh (720p),https://dyjmyiv3bp2ez.cloudfront.net/pub-iotv9hinjzgtpe/liveabr/playlist.m3u8,网络源,https://xstreamcp-assets-msp.streamready.in/assets/LIVETV/LIVECHANNEL/LIVETV_LIVETVCHANNEL_TV9_BHARATVARSH/images/LOGO_HD/image.png
TV9 Gujarati (720p),https://dyjmyiv3bp2ez.cloudfront.net/pub-iotv9guj3ki8lu/liveabr/playlist.m3u8,网络源,https://xstreamcp-assets-msp.streamready.in/assets/LIVETV/LIVECHANNEL/LIVETV_LIVETVCHANNEL_TV9_GUJARATI/images/LOGO_HD/image.png
TV9 Kannada (576p),https://streams.tangotv.in/TV9KANNADA/ORIGIN/index.m3u8,网络源,https://xstreamcp-assets-msp.streamready.in/assets/LIVETV/LIVECHANNEL/LIVETV_LIVETVCHANNEL_TV9_KANNADA/images/LOGO_HD/image.png
TV9 Marathi (720p),https://dyjmyiv3bp2ez.cloudfront.net/pub-iotv9marlygv8h/liveabr/playlist.m3u8,网络源,https://xstreamcp-assets-msp.streamready.in/assets/LIVETV/LIVECHANNEL/LIVETV_LIVETVCHANNEL_TV9_MARATHI/images/LOGO_HD/image.png
TV 9 Nusantara (720p),https://5bf7b725107e5.streamlock.net/tv9/tv9/playlist.m3u8,网络源,https://upload.wikimedia.org/wikipedia/id/e/ed/TV9_Nusantara.png
tv9 Telemaremma (576p),https://rtmp-live-ingest-us-east-1-universe-dacast-com.akamaized.net/transmuxv1/streams/2095a288-1384-ed2e-5da0-278ccbb72295.m3u8,网络源,https://i.imgur.com/3WAyf6H.png
TV9 Telugu (720p),https://dyjmyiv3bp2ez.cloudfront.net/pub-iotv9telcmjhcs/liveabr/playlist.m3u8,网络源,https://xstreamcp-assets-msp.streamready.in/assets/LIVETV/LIVECHANNEL/LIVETV_LIVETVCHANNEL_TV9_TELUGU_NEWS/images/LOGO_HD/image.png
TV10 (720p),https://5c46fa289c89f.streamlock.net/pub1live/mystream/playlist.m3u8,网络源,https://i.imgur.com/DeaWC1N.png
TV 10 San Juan (720p) [Not 24/7],https://59d39900ebfb8.streamlock.net/tv10sanjuan/tv10sanjuan/playlist.m3u8,网络源,https://i.imgur.com/e2BXUdH.png
TV13 Gujarati (480p),https://live.wrencdn.in/wrencdn/hls/tv13_web/index.m3u8,网络源,https://www.tv13gujarati.com/assets/front/img/footer-logo.jpg
TV15 (1080p) [Not 24/7],http://gohoski.fvds.ru:3000/mediabay/655/playlist.m3u8,网络源,https://i.ibb.co/1byxRtp/tv15.png
TV 16 Toronto (720p) [Not 24/7],http://rtmp.smartstream.video:1935/capco/tv29/playlist.m3u8,网络源,https://i.imgur.com/c4lLchb.png
TV21 [Geo-blocked],https://vipottbpkstream.vip.hr/Content/onevip-hls/Live/Channel(TV21)/index.m3u8,网络源,https://i.imgur.com/IC1f4h3.png
TV 21 (576p),http://178.134.1.158:8081/TVXXI/index.m3u8,网络源,https://i.imgur.com/nSmSnH6.png
TV 21 International (576p),http://stream.mcquack.net/152/index.m3u8,网络源,https://ibb.co/BH6CZx3K
TV 24 (576p),http://51.75.127.199:3141/tv24/index.m3u8,网络源,https://jiotvimages.cdn.jio.com/dare_images/images/TV24.png
TV27 News (576p),http://51.75.127.199:3141/tv27news/index.m3u8,网络源,https://jiotvimages.cdn.jio.com/dare_images/images/TV27_News.png
TV30 India (1080p),https://stream.tv30bharat.com/hls/shree/bhattji.m3u8,网络源,https://jiotvimages.cdn.jio.com/dare_images/images/TV30India.png
TV38 Sudost-Niedersachen (1080p),https://h057.video-stream-hosting.de/tv38-live/_definst_/smil:livestream.smil/playlist.m3u8?ref=,网络源,https://i.imgur.com/ob9JJPU.png
TV 41 (720p) [Not 24/7],http://stream.taksimbilisim.com:1935/tv41/bant1/TV41.m3u8,网络源,https://i.imgur.com/6T472LM.png
TV 42,https://canli.tv42.com.tr/memfs/d936e417-c4bd-4d42-89a2-02f289892d1d.m3u8,网络源,https://www.tv42.com.tr/logo.png
TV45 (1080p),https://server.livelegitpro.in/bnews24/bnews24/video.m3u8,网络源,https://jiotvimages.cdn.jio.com/dare_images/images/TV45.png
TV 45 (720p) [Not 24/7],https://hdbox.chunklistv.com/live?stream=3abn-nicaragua,网络源,https://i.imgur.com/sI0msrn.png
TV 52 (720p) [Not 24/7],https://edge1.socialsmart.tv/tv52/bant1/playlist.m3u8,网络源,https://i.imgur.com/k4R5CzO.png
TV78 (720p),https://streamtv.cdn.dvmr.fr/TV78/ngrp:tv78.stream_all/master.m3u8,网络源,https://i.imgur.com/stzE1Ij.png
TV 100 (Greece) (720p),https://gwebstream.net/hls/master.m3u8,网络源,https://i.imgur.com/OBH2DfE.png
TV 100 (India) (576p),http://51.75.127.199:3141/tv100/index.m3u8,网络源,https://jiotvimages.cdn.jio.com/dare_images/images/TV_100.png
TV 264 (1080p),https://b01c02nl.mediatriple.net/videoonlylive/mtdxkkitgbrckilive/broadcast_5ee244263fd6d.smil/playlist.m3u8,网络源,https://i.imgur.com/tudXdOZ.png
TV1000 Russian Kino Global,http://213.91.179.28:8000/play/a0bx,网络源,https://upload.wikimedia.org/wikipedia/commons/thumb/0/09/TV1000_%D0%A0%D1%83%D1%81%D1%81%D0%BA%D0%BE%D0%B5_%D0%BA%D0%B8%D0%BD%D0%BE_2014.png/1280px-TV1000_%D0%A0%D1%83%D1%81%D1%81%D0%BA%D0%BE%D0%B5_%D0%BA%D0%B8%D0%BD%D0%BE_2014.png
TV2000 (720p),https://hls-live-tv2000.akamaized.net/hls/live/2028510/tv2000/master.m3u8,网络源,https://upload.wikimedia.org/wikipedia/it/thumb/0/0d/Logo_tv2000_2015.svg/960px-Logo_tv2000_2015.svg.png
TV A Critica,https://cdn.live.br1.jmvstream.com/w/LVW-20715/LVW20715_50E3x2MCm2/playlist.m3u8,网络源,https://i.imgur.com/j51rBro.png
TV A Folha (720p),https://video01.logicahost.com.br/tvafolha/tvafolha/playlist.m3u8,网络源,https://i.imgur.com/I7XGMhj.png
TV Adorar (720p),https://cdn-tiva-isaocorp-cloudecast-com.smartbit.co/tvadorar/index.m3u8,网络源,https://storage.googleapis.com/soultv-prod-media/media/brand/Logo_Adorar_100x100_s5tW1gW.png
TV Aire,https://video.hostingcaaguazu.com:19360/tvairepy/tvairepy.m3u8,网络源,https://i.imgur.com/7gHFKPZ.png
TV Aldeia (720p),https://stmv1.samcast.com.br/giovane7843/giovane7843/playlist.m3u8,网络源,https://i.imgur.com/rsfnv4Z.png
TV Alianca Catarinense (720p),https://video01.logicahost.com.br/tvalianca/tvalianca/playlist.m3u8,网络源,https://i.imgur.com/eqmOhtP.png
TV Alsace (1080p),http://194.163.157.137:8080/hls/radioalsace.m3u8,网络源,https://academie.kasumay.international/ico/radioalsace.png
TV Alternativa (410p),https://stmv5.samcast.com.br/wagner7919/wagner7919/playlist.m3u8,网络源,https://i.imgur.com/wM9xXhc.png
TV Andes (720p) [Not 24/7],https://vcp3.myplaytv.com/tvandes/tvandes/playlist.m3u8,网络源,https://i.ibb.co/c1YHQ8K/tvandes.png
TV Aparecida (720p),http://45.162.64.114/TV_APARECIDA/index.m3u8,网络源,https://i.imgur.com/kxrja0X.png
TV Arapuan (720p),https://5b7f3c45ab7c2.streamlock.net/arapuan/ngrp:arapuan_all/playlist.m3u8,网络源,https://i.imgur.com/3395A2h.png
TV Arberia 3 Femije (720p),https://ssh101.bozztv.com/ssh101/rtvarberia3/playlist.m3u8,网络源,https://i.imgur.com/zLRzyVS.png
TV Arberia 4 Muzike (720p),https://ssh101.bozztv.com/ssh101/rtvarberia4/playlist.m3u8,网络源,https://i.imgur.com/zLRzyVS.png
TV Arberia Retro Hits (720p),https://ssh101.bozztv.com/ssh101/rtvarberiaretro/playlist.m3u8,网络源,https://i.imgur.com/zLRzyVS.png
TV Arta (720p),https://gjirafa-video-live.gjirafa.net/gjvideo-live/mps-vgx-u9p-qv1/index.m3u8,网络源,https://i.imgur.com/MAhJkK9.png
TV Assembleia Ceara (720p),https://jjn5dkk9bd.zoeweb.tv/z404-live/stream/playlist.m3u8,网络源,https://i.imgur.com/UPa1tjs.png
TV Assembleia Piaui,https://stmv1.srvstm.com/piaui8071/piaui8071/playlist.m3u8,网络源,https://i.imgur.com/eMguSjM.png
TV ASTA (720p),https://5cce8c6f0e84c.streamlock.net/LiveCast/smil:PlayStream9.smil/playlist.m3u8,网络源,https://i.imgur.com/5g7lq9N.png
TV Bahoriston (1080p),https://live.teleradiocom.tj/3/3m.m3u8,网络源,https://i.imgur.com/Dacai5z.png
TV Bella Asuncion,https://s2.tvdatta.com:3687/hybrid/play.m3u8,网络源,https://i.imgur.com/H69eLFW.png
TV Birigui (640p),https://59f2354c05961.streamlock.net:1443/tvdigitalbirigui/_definst_/tvdigitalbirigui/playlist.m3u8,网络源,https://i.imgur.com/z7VlNLR.png
TV Brasil (720p),http://45.162.64.114/TV_BRASIL/index.m3u8,网络源,https://upload.wikimedia.org/wikipedia/commons/thumb/9/91/TvBrasil2023.png/960px-TvBrasil2023.png
TV Brasil Oeste (720p),https://5ad482a77183d.streamlock.net/operacaotbomt.com/operacaotbomt.com/playlist.m3u8,网络源,https://i.imgur.com/noqGfuy.png
TV Breizh (1080p),http://145.239.5.177/318/index.m3u8,网络源,https://i.imgur.com/O8W4yhn.png
TV Brezova (540p),http://95.105.193.219:88/hls/tvb.m3u8,网络源,https://i.imgur.com/59LpYoF.png
TV BRICS Africa (1080p),https://cdn.freevisiontv.co.za/sttv/smil:brics.stream.smil/playlist.m3u8,网络源,https://admango.cdn.mangomolo.com/analytics/uploads/188/666abcee75.jpeg
TV BRICS Chinese (1080p),https://chibrics.mediacdn.ru/cdn/brics/chinese/playlist.m3u8,网络源,https://i.imgur.com/896132Z.png
TV BRICS English (1080p),https://engbrics.mediacdn.ru/cdn/brics/english/playlist.m3u8,网络源,https://i.imgur.com/8rKNuS6.png
TV BRICS Portuguese (1080p),https://porbrics.mediacdn.ru/cdn/brics/portuguese/playlist.m3u8,网络源,https://i.imgur.com/vLpm8tN.png
TV BRICS Russian (1080p),http://185.23.80.23:8080/TVBRICS/index.m3u8,网络源,https://i.imgur.com/vLpm8tN.png
TV BRICS Spanish (1080p),https://espbrics.mediacdn.ru/cdn/brics/spanish/playlist.m3u8,网络源,https://i.imgur.com/vLpm8tN.png
TV Brno 1 (1080p),https://stream.polar.cz/tvbrno1/tvbrno1live-1/playlist.m3u8,网络源,https://i.imgur.com/8Xm3WSn.png
TV Brusque (720p),https://5ad482a77183d.streamlock.net/rodrigotvbrusque.com.br/5d880199c902eb4a1e8df00d/playlist.m3u8,网络源,https://i.imgur.com/J2EAZPS.png
TV BUAP (1080p),https://tvenvivo.buap.mx/livestream/stream/index.m3u8,网络源,https://i.imgur.com/hHrIn0r.png
TV Budakalasz (1080p) [Not 24/7],https://stream.streaming4u.hu/TVBudakalasz/tracks-v1a1/mono.m3u8,网络源,https://i.imgur.com/97xpqt0.png
TV Buzau (576p),http://78.96.33.89:8080,网络源,https://i.imgur.com/GhFmUVO.png
TV Camara 2 (1080p) [Not 24/7],https://stream3.camara.gov.br/tv2/manifest.m3u8,网络源,https://i.imgur.com/dHrUG1R.png
TV Camara (Brazil) (1080p),https://stream3.camara.gov.br/tv1/manifest.m3u8,网络源,https://i.imgur.com/Sdou1Ab.png
TV Camara (Paraguay) (1080p),http://45.170.130.224:8000/play/a03x/index.m3u8?hls,网络源,https://i.imgur.com/Mfypr0t.png
TV Camara Salvador (288p) [Not 24/7],https://596639ebdd89b.streamlock.net/8114/8114/playlist.m3u8,网络源,https://i.imgur.com/VEXEzSx.png
TV Campane 1 (720p),https://eu1.servers10.com:8081/8032/index.m3u8,网络源,https://i.imgur.com/GsdVpll.png
TV Canal 72,https://stmv1.voxtvhd.com.br/canal72tv2/canal72tv2/playlist.m3u8,网络源,https://tvcanal72.com.ar/wp-content/uploads/2022/08/LOGO-CANAL-72-1-1024x256.png
TV Canal Sur (720p) [Not 24/7],https://streamtvs.tvcanalsur.com.do/hls/index_720.m3u8,网络源,
TV Cancao Nova (720p),http://45.162.64.114/CANCAO_NOVA/index.m3u8,网络源,https://i.imgur.com/OaM9hkH.png
TV Canindeyu (1080p),https://video.hostingcaaguazu.com:19360/tvcanindeyu/tvcanindeyu.m3u8,网络源,https://i.imgur.com/cateqjx.jpeg
TV Carioca (720p),https://cdn-tiva-video03-logicahost-com-br.smartbit.co/cariocainternacional1/cariocainternacional1/playlist.m3u8,网络源,https://i.imgur.com/mVWydMw.png
TV Centr (576p),http://hls127.freeott.top:8080/Tv_Center/video.m3u8,网络源,https://upload.wikimedia.org/wikipedia/commons/7/72/TV_Tsentr_2013_Logo.svg
TV Centr International (576p),https://stream8.cinerama.uz/1281/tracks-v1a1/mono.m3u8,网络源,https://i.imgur.com/tsCOnBW.png
TV Central (540p),https://arenasportslovakia.ddns.net/hls/cetv2.m3u8,网络源,https://i.imgur.com/LqGT8o9.png
TV Centro 27.2 HD (720p),https://cloud2.streaminglivehd.com:1936/8004/8004/playlist.m3u8,网络源,https://i.imgur.com/Wo2scQf.jpg
TV Centro HD (720p),https://cloud2.streaminglivehd.com:1936/8032/8032/playlist.m3u8,网络源,https://i.imgur.com/bcfmqHb.png
TV Chile (720p),http://168.196.127.137:6001/play/a03n/index.m3u8,网络源,https://i.imgur.com/oYFto0V.png
TV Cidade,https://stmv1.srvif.com/tvcidade/tvcidade/playlist.m3u8,网络源,https://i.imgur.com/gmSu21X.jpg
TV Cidade de Petropolis (1080p) [Not 24/7],https://video01.kshost.com.br:4443/inside2133/inside2133/playlist.m3u8,网络源,https://i.imgur.com/xUs8gHV.png
TV Cisne (1080p),https://video2.lhdserver.es/tvcisne/live.m3u8,网络源,https://i.imgur.com/xIuFSnx.png
TV Clube (720p),https://5c483b9d1019c.streamlock.net/8186/8186/playlist.m3u8,网络源,https://i.imgur.com/CpXjcyE.png
TV Color Canal 36 (720p),https://video.compuwebecuador.com:3067/live/tvcolorlive.m3u8,网络源,https://i.imgur.com/QJW6khK.jpg
TV Comunitaria (360p),https://5b7f3c45ab7c2.streamlock.net/8008/smil:8008.smil/playlist.m3u8?DVR=,网络源,https://i.imgur.com/uxefHY3.png
TV Copan (720p) [Not 24/7],https://s.emisoras.tv:8081/tvcopan/index.m3u8,网络源,https://i.imgur.com/JiPmRFr.png
TV Cosmos (720p),https://videoserver.tmcreativos.com:19360/tvcosmos/tvcosmos.m3u8,网络源,https://i.imgur.com/nr4ctt4.png
TV Cotui Canal 31 (1080p) [Not 24/7],https://live20.bozztv.com/akamaissh101/ssh101/tvcotui/playlist.m3u8,网络源,https://i.imgur.com/sMF7JDm.png
TV CRET (1080p),https://radiocret.net:8082/hls/tvcret.m3u8,网络源,https://i.imgur.com/ChonoKb.png
TV Creta (540p) [Not 24/7],http://live.streams.ovh:1935/tvcreta/tvcreta/playlist.m3u8,网络源,https://i.imgur.com/CpIeJyt.png
TV Cuatro 4.1 (1080p),https://5ca3e84a76d30.streamlock.net/tv4gto/tv4gto.smil/.m3u8,网络源,https://i.imgur.com/Of044Jx.png
TV Cuatro 4.2 (1080p),https://5f2c1b0d880e5.streamlock.net/tv42/tv42.smil/.m3u8,网络源,https://i.imgur.com/Of044Jx.png
TV Cuatro 4.3 (1080p),https://5ca3e84a76d30.streamlock.net/tv43gto/tv43gto.smil/.m3u8,网络源,https://i.imgur.com/Of044Jx.png
TV Cuatro 4.4 (1080p),https://5ca3e84a76d30.streamlock.net/tv44gto/tv44gto.smil/.m3u8,网络源,https://i.imgur.com/Of044Jx.png
TV Cultura (720p),http://45.162.64.114/TV_CULTURA/index.m3u8,网络源,https://i.ibb.co/nm0jXMM/cultura-3x.png
TV Culturas (576p),http://15.204.246.24:8080/TVCulturasSD/index.m3u8,网络源,https://comteco.com.bo/img/upload/canales/lBVfEh.png
TV Curuca (360p),https://stmv1.srvif.com/tvcurucasp/tvcurucasp/playlist.m3u8,网络源,https://i.imgur.com/JdCKNZ4.png
TV Daja (1080p) [Not 24/7],https://edge.essastream.com/dajatv/playlist.m3u8,网络源,https://dajatv.com/wp-content/uploads/2021/09/logo_daja_2.png
TV das Artes (360p),http://tv02.logicahost.com.br:1935/tvdasartes/tvdasartes/playlist.m3u8,网络源,https://i.imgur.com/fSWaiKt.png
TV Den (576p) [Not 24/7],http://canli.tvden.com.tr/hls/live.m3u8,网络源,https://i.imgur.com/Uhg95Ze.png
TV Destak (360p),http://tv02.logicahost.com.br:1935/pascoal/pascoal/live.m3u8,网络源,https://i.imgur.com/YoCVrav.png
TV Diario Macapa (1080p) [Not 24/7],https://5ad482a77183d.streamlock.net/marliomelohotmail.com/marliomelohotmail.com/playlist.m3u8,网络源,https://i.imgur.com/yAW2Z5j.jpg
TV Dielli (720p) [Not 24/7],http://stream.tvdielli.com:8081/dielli/index.m3u8,网络源,https://i.imgur.com/kLl3ar5.png
TV Difusao (720p),https://tvdsoultv.acessaradios.com.br/tvdsoultv/tvdsoultv.stream/playlist.m3u8,网络源,https://storage.googleapis.com/soultv-prod-media/media/brand/LOGO_TV_DIFUS%C3%83O_100x100px_doiivZN.png
TV Difusora Leste (1080p),https://stream.amsolution.net.br:8443/live/60d0a8ea6b884/index.m3u8,网络源,https://i.imgur.com/hEd25Cr.png
TV Digital Birigui (640p),http://wse01.logicahost.com.br:1935/tvdigitalbirigui/_definst_/tvdigitalbirigui/playlist.m3u8,网络源,https://i.imgur.com/B5ZTMzY.png
TV Direct 13 (480p) [Not 24/7],https://oqgdrog4d4rm-hls-live.5centscdn.com/tvdirect/f7b44cfafd5c52223d5498196c8a2e7b.sdp/playlist.m3u8,网络源,https://i.imgur.com/T2IbQqv.png
TV DK (486p) [Not 24/7],http://80.94.54.11:1935/live/dolnykubin1/playlist.m3u8,网络源,https://i.imgur.com/qTOnPXe.png
TV Duga+ (480p) [Not 24/7],http://109.92.29.10:1935/tvduga/tvduga/playlist.m3u8,网络源,https://i.imgur.com/qZV3JW5.png
TV Eger (1080p),http://stream.tveger.hu:8010/live.m3u8,网络源,https://i.imgur.com/GUVW073.png
TV Ellef (1080p),http://cdn22.streampartner.nl/tvellef/livestream/playlist.m3u8,网络源,https://i.imgur.com/FaCd2QY.png
TV Empire (720p),https://5d82644094cc0.streamlock.net/empiremagazinetv/empiremagazinetv/playlist.m3u8,网络源,https://i.imgur.com/tT1NVfV.png
TV Encontro das Aguas,https://stmv7.samcast.com.br/sistemaencontrodasaguas/sistemaencontrodasaguas/playlist.m3u8,网络源,
TV ERA [Geo-blocked],https://vipottbpkstream.vip.hr/Content/onevip-hls/Live/Channel(ERA)/index.m3u8,网络源,https://i.imgur.com/ds0uf7A.png
TV Estrella (720p),https://s.emisoras.tv:8081/tve/index.m3u8,网络源,https://i.imgur.com/QqSR7l7.png
TV Evangelizar (720p),http://45.162.64.114/EVANGELIZAR/index.m3u8,网络源,https://i.imgur.com/IrYR7Kp.png
TV Exitos (720p),https://streaming.grupomediosdelnorte.com:19360/tvexitos/tvexitos.m3u8,网络源,https://i.imgur.com/ahz7X7u.png
TV Familia (720p),https://cloudusa.streamingconnect.com/tvfamiliatvbox/tvfamiliaweb.m3u8,网络源,https://i.imgur.com/A3bU5e7.png
TV Famille (720p),https://streamer1.streamhost.org/salive/GMItvfh/playlist.m3u8,网络源,https://i.imgur.com/Kbfihk5.png
TV Florencia (720p),https://cdn.streamhispanatv.net:3819/live/tvflorecialive.m3u8,网络源,https://i.imgur.com/jsbwnRb.png
TV from the Danish Parliament (1080p) [Not 24/7],https://cdnapi.kaltura.com/p/2158211/sp/327418300/playManifest/entryId/1_24gfa7qq/protocol/https/format/applehttp/a.m3u8,网络源,https://i.imgur.com/RqQDUzX.png
TV Fronteira (480i),https://tvfronteira.brasilstream.com.br/hls/tvfronteira/index.m3u8,网络源,https://i.imgur.com/NtcoW6G.png
TV Futuro (1080p),https://tv02.zas.media:1936/tvfuturo/tvfuturo/playlist.m3u8,网络源,https://i.imgur.com/xonrNBf.png
TV Gazeta (720p),http://45.162.64.114/GAZETA/index.m3u8,网络源,https://i.imgur.com/0sksWse.png
TV Gazin (720p),https://cdn-tiva-video09-logicahost-com-br.smartbit.co/tvgazin/tvgazin/playlist.m3u8,网络源,https://tvgazin.com.br/wp-content/uploads/2024/03/logo.png
TV Getsemani (720p),https://serversv.com:8080/hls/tvgetsemani.m3u8,网络源,https://i.imgur.com/C9SJCcE.jpg
TV Gideoes (1080p) [Not 24/7],https://streaming01.zas.media/gideoes/programacao/playlist.m3u8,网络源,https://i.imgur.com/dDomKND.png
TV Girona (1080p),http://ventdelnord.tv:8080/girona/directe.m3u8,网络源,https://i.imgur.com/yfiK1Vp.png
TV Globo Sao Paulo (720p),http://170.84.165.204/Globo_HD/index.m3u8,网络源,https://i.imgur.com/OoSUg78.png
TV Golfo Uraba,https://stmv7.voxtvhd.com.br/golfo/golfo/playlist.m3u8,网络源,https://i.imgur.com/Nd5axnS.png
TV GRANDE NATAL HDTV BRASIL (1080p),http://tvgrandenatalhd.duckdns.org:8080/hls/live.m3u8,网络源,https://i.imgur.com/MTuErdw.png
TV Grao Para (720p),https://video01.kshost.com.br:4443/moises3834/moises3834/playlist.m3u8,网络源,https://i.imgur.com/1drg0E9.png
TV Guanajuato (720p),https://stream.oursnetworktv.com/latin/tvguanajuato/playlist.m3u8,网络源,https://i.imgur.com/HbnCZSF.png
TV Guara (720p) [Not 24/7],https://video02.logicahost.com.br/tvguara23/tvguara23/playlist.m3u8,网络源,https://i.imgur.com/8PErNBT.png
TV Higuey Digital (720p) [Not 24/7],https://host.streamingnation.live/p/3467/live/tvhigueylive.m3u8,网络源,https://i.imgur.com/ptQyOMi.png
TV Hispanic [Not 24/7],https://livetv.305streamhd.com:3504/live/tvhispaniclive.m3u8,网络源,https://i.imgur.com/eThe0io.png
TV Hram (576p) [Not 24/7],https://vod1.laki.eu/live/hram/index.m3u8,网络源,https://i.imgur.com/XzAYOFK.png
TV Independencia (1080p),https://stream.oursnetworktv.com/latin/tvindependencia/playlist.m3u8,网络源,https://i.imgur.com/kuyQvUP.png
TV Ingolstadt (1080p),https://stream01.welocal.stream/stream/fhd-tvingolstadt_44349/ngrp:stream_all/playlist.m3u8,网络源,https://i.imgur.com/Ymh11VV.png
TV Interlagos (360p),https://v8.ciclano.io:1443/tvinterlagos/_definst_/tvinterlagos/playlist.m3u8,网络源,https://i.imgur.com/iuQVDpq.jpg
TV ITN,https://itnhls.wns.live/hls/stream.m3u8,网络源,https://i.imgur.com/U4sKHWy.png
TV Jadran (720p) [Not 24/7],https://tvjadran.stream.agatin.hr:3412/live/tvjadranlive.m3u8,网络源,https://i.imgur.com/UWMHnOG.png
TV Johaniter (720p),https://protokolldns.xyz/johaniterweb44547dsd/index.m3u8,网络源,https://i.imgur.com/Zo9lJgP.png
TV Jurmala (1080p),https://air.star.lv/TV_Jurmala_multistream/index.m3u8,网络源,https://i.imgur.com/tQHkHD0.png
TV Justica (720p),http://45.162.64.114/TV_JUSTICA/index.m3u8,网络源,https://i.imgur.com/rOQKiMO.png
TV Kaliente (720p),https://lbgo.bozztv.com/ssh101/ssh101/kalientecusco/playlist.m3u8,网络源,https://i.imgur.com/MFQpLuQ.png
TV Kanal M (576p),http://176.67.210.1/hls/kanalm.m3u8,网络源,https://i.imgur.com/hqNVRUU.png
TV Keszthely (360p),https://cloudfront44.lexanetwork.com:1344/freerelay/keszthelyivtv.sdp/playlist.m3u8,网络源,https://i.imgur.com/2LE8xSW.png
TV Kujawy (576p) [Not 24/7],http://stream.tvkujawy.pl:8080/live/broadcast.m3u8,网络源,https://i.imgur.com/dGP7cIW.png
TV Kulob (576p),https://live.teleradiocom.tj/12/3m.m3u8,网络源,https://i.imgur.com/AFgEYFp.png
TV Land Drama,https://jmp2.uk/plu-5d40bebc5e3d2750a2239d7e.m3u8,网络源,https://i.imgur.com/y1rXIAS.png
TV Land Sitcoms,https://jmp2.uk/plu-5c2d64ffbdf11b71587184b8.m3u8,网络源,https://i.imgur.com/phHHs7l.png
TV Latina (1080p),https://castv10.plugstreaming.com:19360/redtv/redtv.m3u8,网络源,https://i.imgur.com/V6wxEdh.png
TV Legislativa (1080p) [Not 24/7],https://streamingav.asambleanacional.gob.ec/hls/stream.m3u8,网络源,https://i.imgur.com/3Y6Lp5l.png
TV Leon de Juda (720p),https://6110f70ea8d0e.streamlock.net/1838/1838/playlist.m3u8,网络源,https://i.imgur.com/ZUCppwi.png
TV Liberdade (720p) [Not 24/7],https://srv1.paineldevideo.com/liberdaderadioetv/liberdaderadioetv/playlist.m3u8,网络源,https://i.imgur.com/W6bHHqE.png
TV Libertad (720p),https://stream.oursnetworktv.com/latin/tvlibertad/playlist.m3u8,网络源,https://i.imgur.com/yvbhH8c.png
TV Life America (720p),https://streaming.cloudecast.com/hls/tvlifeamerica/index.m3u8,网络源,https://i.imgur.com/HZI0ilU.png
TV Liptov (1080p),http://95.105.255.137:1935/tvturiec/tvliptov.stream/playlist.m3u8,网络源,https://i.imgur.com/CkvB3af.png
TV Litoral RN (720p),https://5ad482a77183d.streamlock.net/tvnordesteegmail.com/tvnordesteegmail.com/playlist.m3u8,网络源,https://upload.wikimedia.org/wikipedia/commons/3/3e/TV_LITORAL_RN.jpg
TV Lobo (720p),https://5ca9af4645e15.streamlock.net/lobodurango/videolobodurango/playlist.m3u8,网络源,https://i.imgur.com/q9p1Spj.png
TV LocAll (406p),http://tv.geniusnet.sk:8081/localltv/pl.m3u8,网络源,https://i.imgur.com/xN1CJol.png
TV Lux (Belgium) (1080p),https://tvlocales-live.freecaster.com/tvlux/95d2f632-0780-4ac1-9895-9e50212dd3b6/95d2f632-0780-4ac1-9895-9e50212dd3b6.isml/master.m3u8,网络源,https://i.imgur.com/ljbdWkC.png
TV Lux (Slovakia) (720p) [Not 24/7],https://stream.tvlux.sk/lux/ngrp:lux.stream_all/playlist.m3u8,网络源,https://i.imgur.com/mAMyTkq.png
TV Luz (480p),https://host.streamingnation.live/p/3780/live/tvluzlive.m3u8,网络源,https://i.imgur.com/FZUQ2WP.png
TV Mackenzie (480p),https://player.internetaovivo.com:8443/live_tvmackenzieabr/tvmackenzieabr/playlist.m3u8,网络源,https://upload.wikimedia.org/wikipedia/commons/thumb/f/ff/TV_Mackenzie_logo.svg/960px-TV_Mackenzie_logo.svg.png
TV Mainfranken (1080p) [Not 24/7],https://tvtouringw.iptv-playoutcenter.de/tvtouringw/tvtouringw.stream_1/playlist.m3u8,网络源,https://raw.githubusercontent.com/jnk22/kodinerds-iptv/master/logos/tv/tvmainfranken.png
TV Mais Marica (1080p),https://5cf4a2c2512a2.streamlock.net/tvmaismarica/tvmaismarica/playlist.m3u8,网络源,https://i.imgur.com/lgCRX7q.png
TV Maldives,https://customer-ujex1meek7koqd9x.cloudflarestream.com/9e93379c0d46ee588b99263d95bd9c42/manifest/video.m3u8,网络源,https://i.imgur.com/1c7rFKC.png
TV Mana 1 (1080p),https://w1.manasat.com/tvmana-1/smil:tvmana-1.smil/playlist.m3u8,网络源,https://i.imgur.com/6jNqpTP.png
TV Mana 2 (1080p),https://w1.manasat.com/tvmana-2/smil:tvmana-2.smil/playlist.m3u8,网络源,https://i.imgur.com/VYNjVov.png
TV Mana Argentina (576p) [Not 24/7],https://w2.manasat.com/tvmana-ar/smil:tvmana-ar.smil/playlist.m3u8,网络源,https://i.imgur.com/jars0mP.png
TV Mana Brasil (1080p),https://w1.manasat.com/tvmana-brasil/smil:tvmana-brasil.smil/playlist.m3u8,网络源,https://i.imgur.com/AFb712e.png
TV Mana English (1080p),https://w1.manasat.com/tvmana-english/smil:tvmana-english.smil/playlist.m3u8,网络源,https://i.imgur.com/I66IkCw.png
TV Mana Espanhol (1080p),https://w1.manasat.com/tvmana-espanol/smil:tvmana-espanol.smil/playlist.m3u8,网络源,https://i.imgur.com/sUlrSwP.png
TV Mana Mocambique (1080p),https://w2.manasat.com/tvmana-mz/smil:tvmana-mz.smil/playlist.m3u8,网络源,https://i.imgur.com/R5YrV5s.png
TV Mana Russkiy (1080p),https://w1.manasat.com/tvmana-leste/smil:tvmana-leste.smil/playlist.m3u8,网络源,https://i.imgur.com/fACHqmY.png
TV MAR (720p),https://live-evg11.tv360.bitel.com.pe/bitel/tvmarSRT/playlist.m3u8,网络源,https://i.imgur.com/VXvbNjT.png
TV Mar La Paz (1080p),https://5fc584f3f19c9.streamlock.net/tvmarlapaz/smil:tvmarlapaz.smil/playlist.m3u8,网络源,https://i.imgur.com/z9iVlMn.png
TV Mar Los Cabos (1080p),https://5fc584f3f19c9.streamlock.net/tvmarloscabos/smil:tvmarloscabos.smil/playlist.m3u8,网络源,https://i.imgur.com/z9iVlMn.png
TV Mar Puerto Vallarta (1080p),https://5ca9af4645e15.streamlock.net/tvmarvallarta/videotvmarvallarta/playlist.m3u8,网络源,https://i.imgur.com/z9iVlMn.png
TV Marajoara (720p),https://tv02.zas.media:1936/tvmarajoara/tvmarajoara/playlist.m3u8,网络源,https://i.imgur.com/9d9vBN7.png
TV Maria (720p) [Not 24/7],https://streamtv.intervenhosting.net:3155/live/juandelacruz3live.m3u8,网络源,https://i.ibb.co/qY7T9s9/cropped-TV-MARIA-LOGO-C.jpg
TV Marsh (720p) [Not 24/7],http://cdn.dovecher.tv:8081/live/marsh/playlist.m3u8,网络源,https://i.imgur.com/Dt1mPyX.png
TV MAX (720p),https://live-evg8.tv360.bitel.com.pe/bitel/nexSRT_TRA/playlist.m3u8,网络源,https://i.imgur.com/JFBpDJ1.jpeg
TV Maya (480p),https://5ca9af4645e15.streamlock.net/mayas/videomayas/playlist.m3u8,网络源,https://i.imgur.com/BGFa4OO.png
TV Meio (720p),https://cdn-tiva-maystreaming-cloudecast-com.smartbit.co/redemeio/index.m3u8,网络源,https://upload.wikimedia.org/wikipedia/pt/1/17/Logotipo_da_TV_Meio.png
TV Metropole (720p) [Not 24/7],https://cdn-fundacao-2110.ciclano.io:1443/fundacao-2110/fundacao-2110/playlist.m3u8,网络源,https://i.imgur.com/bJyjLpg.png
TV Migrante (720p),https://s5.mexside.net:1936/tvmigrante/tvmigrante/playlist.m3u8,网络源,https://i.imgur.com/tVgkiJF.png
TV Mistral,https://dash3.antik.sk/live/test_mistral_atktv/playlist.m3u8,网络源,https://i.imgur.com/IOJ6rcb.jpeg
TV Mon (720p),https://cdn-tiva-video10-logicahost-com-br.smartbit.co/tvmon/tvmon/playlist.m3u8,网络源,https://i.imgur.com/Gjan8rl.png
TV Monaco (1080p),https://production-fast-mcrtv.content.okast.tv/channels/2116dc08-1959-465d-857f-3619daefb66b/b702b2b9-aebd-436c-be69-2118f56f3d86/master.m3u8,网络源,https://upload.wikimedia.org/wikipedia/commons/thumb/4/4b/TVMonaco_2023.svg/960px-TVMonaco_2023.svg.png
TV Montana Canal 10 (1080p) [Not 24/7],https://live20.bozztv.com/akamaissh101/ssh101/tvmontanahd/playlist.m3u8,网络源,https://i.imgur.com/DHyRWc0.png
TV Mu (720p) [Not 24/7],https://e.siar.us/live/tvmu.m3u8,网络源,https://upload.wikimedia.org/wikipedia/id/d/d0/TvMu.png
TV Mulhouse (1080p),http://194.163.157.137:8080/hls/radiomulhouse.m3u8,网络源,https://academie.kasumay.international/ico/radiomulhouse.png
TV Muslim Thailand,https://vdo.plathong.net/tvmuslim/tvmuslim/playlist.m3u8,网络源,https://i.imgur.com/aCFpuzW.png
TV Myjava (540p),http://95.105.193.219:88/hls/tvm.m3u8,网络源,https://i.imgur.com/9f9VmvF.png
TV Natal (1080p),http://185.228.163.146:8000/play/a01y/index.m3u8,网络源,https://i.imgur.com/wqQmQml.png
TV Niksic (720p),https://tv.rtv-niksic.me/hls/stream.m3u8,网络源,https://i.imgur.com/51fGwzn.png
TV Nitricka,https://dash4.antik.sk/live/test_nitricka/playlist.m3u8,网络源,https://i.imgur.com/iwWyG1A.png
TV Noe (720p) [Geo-blocked],https://n105.quickmedia.tv/noetv/live/noetv/Ifd4_1_4/chunks_dvr_timeshift-0-7200.m3u8,网络源,https://upload.wikimedia.org/wikipedia/commons/thumb/5/51/Noe-logo-2016.png/500px-Noe-logo-2016.png
TV Noe+ (720p) [Geo-blocked],https://n105.quickmedia.tv/noetvplus/live/noetvplus/Shz3_1_1/chunks_dvr_timeshift-0-7200.m3u8,网络源,https://i.imgur.com/p4FtFUl.png
TV Norte Chiclayo (720p),https://live-evg5.tv360.bitel.com.pe/bitel/tvnorte/playlist.m3u8,网络源,https://i.imgur.com/0fg6m2L.png
TV NOVA 12 (576p) [Not 24/7],http://151.236.247.171:8080/nova/index.m3u8,网络源,https://i.imgur.com/Qo3Hj3t.png
TV Nova (720p),https://stream.agatin.hr:3727/live/tvnovalive.m3u8,网络源,https://i.imgur.com/gFjJ7YB.png
TV NRSR (720p) [Not 24/7],https://n11.stv.livebox.sk/stv-tv/stv4.stream/playlist.m3u8,网络源,https://i.imgur.com/hsJsu3I.png
TV Oasis Monay (720p),https://servilive.com:3562/live/vav4c8z38live.m3u8,网络源,https://i.imgur.com/hwd7osJ.jpeg
TV Oberfranken (1080p) [Not 24/7],https://tvoberfranken.iptv-playoutcenter.de/tvoberfranken/tvoberfranken.stream_1/playlist.m3u8,网络源,https://i.imgur.com/tjD9fX2.png
TV OFF (1080p),https://edge.enhdtv.com/tvoff/index.m3u8,网络源,https://i.imgur.com/vBe1GgI.png
TV Okazje (1080p) [Geo-blocked],https://lb2-e3-20.pluscdn.pl/ch/1523532/366/dash/2cf383bb/live.mpd,网络源,https://i.imgur.com/DbALkkV.png
TV One (576p),http://92.114.85.72:8000/play/a070,网络源,https://i.imgur.com/qkbRslf.png
TV One Global (576p),http://103.250.28.74:8000/play/a04i/index.m3u8,网络源,https://i.imgur.com/Xn3XxMY.png
TV Opoja (720p) [Not 24/7],http://ip.opoja.tv:1935/tvopoja/tvopoja/playlist.m3u8,网络源,https://i.imgur.com/hxi4Qiq.png
TV Ostfold (1080p),https://streamnorge.com:8088/hls/tvo.m3u8,网络源,https://i.ibb.co/HHxGQGD/TVO-kanalbanner-page-0002-1-removebg-preview-300x94.png
TV Padre Cicero (720p),https://video01.logicahost.com.br/tvpadrecicero/tvpadrecicero/playlist.m3u8,网络源,https://i.imgur.com/Y7b29VG.png
TV Pai Eterno (720p),http://45.162.64.114/TV_PAI_ETERNO/index.m3u8,网络源,https://i.imgur.com/iuoXchN.png
TV Panon,https://stream2.nmih.hu:4102/live.m3u8,网络源,https://i.imgur.com/9ZKA4Gx.png
TV Panorama,https://public.live.rebit.tv/live/20750f0b-e12d-4915-a4c3-47c5db9ccbf6/main.m3u8,网络源,https://i.imgur.com/0YtCG4Y.png
TV Panou (720p) [Not 24/7],http://tvpanoucom.srfms.com:1935/tvpanoucom/livestream/playlist.m3u8,网络源,https://i.imgur.com/zee6sWn.png
TV Pantanal MS (360p) [Not 24/7],https://5a2b083e9f360.streamlock.net/tvpantanal/tvpantanal.sdp/playlist.m3u8,网络源,https://i.imgur.com/0FOmktl.png
TV Paraense (720p),https://video09.logicahost.com.br/tvparaense/tvparaense/playlist.m3u,网络源,https://duckduckgo.com/i/e408ea02.png
TV Parana Turismo (720p) [Not 24/7],http://200.189.113.201/hls/tve.m3u8,网络源,https://i.imgur.com/I6pKoBd.png
TV Passo Fundo (720p),https://5a57bda70564a.streamlock.net/tvpasso/tvpasso.sdp/playlist.m3u8,网络源,https://i.imgur.com/QFE6TiV.png
TV Peru (1080p),http://190.93.224.42/TV-PERU/index.m3u8,网络源,https://i.imgur.com/6io0IrX.png
TV Peru Noticias (1080p),http://190.93.224.42/TV-PERU-NOTICIAS/index.m3u8,网络源,https://upload.wikimedia.org/wikipedia/commons/thumb/d/d9/TV_Per%C3%BA_Noticias_-_2019_logo.png/960px-TV_Per%C3%BA_Noticias_-_2019_logo.png
TV Peruanisima (720p),https://k20.usastreams.com:8081/tvperuanisima/index.m3u8,网络源,https://i.imgur.com/m50qAVY.png
TV Petropolis (720p),https://video02.logicahost.com.br/tvpetropolis/tvpetropolis/playlist.m3u8,网络源,https://web2.petropolis.rj.gov.br/imc/film-commission/uploads/profissional/perfil/785b645d9c574b4d88504a85dbd6ef37.png
TV Pi Kanal (576p) [Not 24/7],https://stream.pikanal.rs/pikanal/pgm.m3u8,网络源,https://i.imgur.com/8ugnFa3.png
TV Pirot (240p) [Not 24/7],https://5bc45691ca49f.streamlock.net/tvpirot/uzivo/playlist.m3u8,网络源,https://i.imgur.com/o5y1ok6.png
TV Pirveli,http://nue01-edge01.itdc.ge/pirvelitv/mpegts,网络源,https://i.imgur.com/cGHsM1x.png
TV Plata (720p) [Geo-blocked],https://ss2.tvrdomi.com:1936/tvplata/tvplata/playlist.m3u8,网络源,https://i.imgur.com/r3urUnn.png
TV Poprad (1080p) [Not 24/7],http://213.81.153.221:8080/poprad,网络源,https://i.imgur.com/x6ZvOp6.png
TV Povazie (1080p),https://dash3.antik.sk/live/test_povazie/playlist.m3u8,网络源,https://i.imgur.com/JRD9YIY.png
TV Prato (1080p),https://live.mariatvcdn.com/tvprato/2db0dd5674586686a867ec52c3aa8e06.sdp/index.m3u8,网络源,https://i.imgur.com/72mAJtf.png
TV PRO,http://rtmp.tvpro-online.ru/hls/ch1.m3u8,网络源,https://i.imgur.com/sbuSefI.png
TV Profissao,https://stmv.webtvninjas.com.br/tvprofissao/tvprofissao/playlist.m3u8,网络源,https://i.imgur.com/c33suOT.png
TV Publica Fueguina (1080p),https://nd106.republicaservers.com/hls/c8094/index.m3u8,网络源,https://i.imgur.com/4dUvFqa.png
TV Puls (1080p),https://lowa8026-cmyk.github.io/PL/PULSHD.php.m3u8,网络源,https://i.imgur.com/gXA7pai.png
TV Puls HD (1080p),http://193.24.244.60:1001/udp/239.254.4.121:6060,网络源,https://i.imgur.com/gXA7pai.png
TV Punjab (720p) [Geo-blocked],https://932y483pdjv8-hls-live.5centscdn.com/stream/deb10bae362f810630ec3abedcae5894.sdp/playlist.m3u8,网络源,https://en.tvpunjab.com/storage/2022/03/logo-2022.png
TV Qui Modena (480p),https://59d7d6f47d7fc.streamlock.net/tvqui/tvqui/playlist.m3u8,网络源,https://i.imgur.com/YfMVNDE.png
TV Quisqueya (720p),https://cloud5.livescast.com:19360/canaltvquisqueya/canaltvquisqueya.m3u8,网络源,https://i.imgur.com/G7X4LQI.png
TV Ra Tim Bum (720p),http://45.177.114.115/TV_RA_TIM_BUM/index.m3u8,网络源,https://i.imgur.com/JIQwz0w.png
TV Rain (1080p) [Geo-blocked],https://wl.tvrain.tv/transcode/ngrp:ses_all/playlist.m3u8,网络源,https://upload.wikimedia.org/wikipedia/commons/thumb/a/ad/Tvrain.svg/960px-Tvrain.svg.png
TV Raj (720p) [Not 24/7],https://ottst05.flexitv.sk/2827-tv-pc.m3u8,网络源,https://i.imgur.com/CGckMyx.png
TV Regionalna Lubin (1080p),https://tvregfull.mailfull.pl/tvregfull/memfs/e64b3e05-649c-4939-9ff6-584e79285ccd.m3u8,网络源,https://i.imgur.com/2WVNt3f.png
TV Rivera [Not 24/7],https://movil.ejeserver.com/live/tvrivera.m3u8,网络源,https://i.imgur.com/BmwZNWm.png
TV Romana (720p),http://88.212.7.11/live/test_tv_romana_web_player/playlist.m3u8,网络源,https://i.imgur.com/r7avFBX.png
TV Ruzinov (1080p) [Not 24/7],http://lb.streaming.sk/tvruzinov/stream/playlist.m3u8,网络源,https://i.imgur.com/bUGuntH.png
TV Safina (1080p),https://live.teleradiocom.tj/2/3m.m3u8,网络源,https://i.imgur.com/Ho2vKZJ.png
TV Sao Raimundo (268p),https://stmv1.voxtvhd.com.br/9030/9030/playlist.m3u8,网络源,https://i.imgur.com/f34CQIG.png
TV Sayohi (1080p),https://live.teleradiocom.tj/16/3m.m3u8,网络源,https://i.imgur.com/lAkMrtr.png
TV SE (576p) [Not 24/7],http://89.38.8.130:39419,网络源,https://i.imgur.com/r4zKU1e.png
TV Sei (576p) [Not 24/7],http://185.202.128.1:1935/Tv6Stream/tv6TV.stream/playlist.m3u8,网络源,https://i.imgur.com/H8fklOG.png
TV Sen (540p),http://95.105.193.219:88/hls/tvsen.m3u8,网络源,https://i.imgur.com/ckm2oLD.png
TV Senado (Brazil) (720p),http://45.162.64.114/TV_SENADO/index.m3u8,网络源,https://i.imgur.com/duy6waL.png
TV Senado (Chile) (720p),http://cdn1tlinkgo.tlink.cl/tvsenado/mono.m3u8,网络源,https://i.imgur.com/CNUZ6ig.png
TV Series (480p),https://stmv1.srvif.com/tvserie/tvserie/playlist.m3u8,网络源,https://i.imgur.com/Ff5mj0o.png
TV Severka (576p) [Not 24/7],http://88.212.7.11/live/test_severka_web_player/playlist.m3u8,网络源,https://i.imgur.com/oQSee9S.png
TV Shenja [Geo-blocked],https://vipottbpkstream.vip.hr/Content/onevip-hls/Live/Channel(TV_Shenja)/index.m3u8,网络源,https://i.imgur.com/JsdUpB8.png
TV Show Fortaleza (720p),https://stmv8.samcast.com.br/raimundoanselmolimamororo1908/raimundoanselmolimamororo1908/playlist.m3u8,网络源,https://static.wixstatic.com/media/9af6b8_e963e864c8fb40d3954f5c1c8cab1b40~mv2.png
TV Sim Cachoeiro (720p),https://5cf4a2c2512a2.streamlock.net/8104/8104/playlist.m3u8,网络源,https://i.imgur.com/t5oUK3C.png
TV Sim Sao Mateus (720p),https://5cf4a2c2512a2.streamlock.net/8236/8236/playlist.m3u8,网络源,https://i.imgur.com/t5oUK3C.png
TV Sinamo (1080p),https://live.teleradiocom.tj/6/3m.m3u8,网络源,https://i.imgur.com/W2qz5a4.png
TV Skalica (540p),http://95.105.193.219:88/hls/tvs.m3u8,网络源,https://i.imgur.com/GB8fMoJ.png
TV SLO 1,https://streamer03.xploretv.si/__cl/cg:prod/__c/A1_SI_SLO1HD_ott/__op/dash-default/__dci/__f/index.m3u8?admin=xploreTv_test_user&redirect=true,网络源,https://i.imgur.com/E3YmlxF.png
TV SLO 1 HD,https://dash2.antik.sk/live/test_slo1_tizen/playlist.m3u8,网络源,https://i.imgur.com/E3YmlxF.png
TV SLO 2,https://streamer03.xploretv.si/__cl/cg:prod/__c/A1_SI_SLO2HD_ott/__op/dash-default/__dci/__f/index.m3u8?admin=xploreTv_test_user&redirect=true,网络源,https://i.imgur.com/OPlzjjv.png
TV SLO 2 HD,https://dash2.antik.sk/live/test_slo2_tizen/playlist.m3u8,网络源,https://i.imgur.com/OPlzjjv.png
TV SLO 3,https://streamer03.xploretv.si/__cl/cg:prod/__c/A1_SI_SLO3HD_ott/__op/dash-default/__dci/__f/index.m3u8?admin=xploreTv_test_user&redirect=true,网络源,https://i.imgur.com/yPb2FKg.png
TV Slon Extra (1080p) [Not 24/7],http://31.47.0.130:8082,网络源,https://i.imgur.com/AohYgH1.png
TV Sol Comunidade (480p) [Not 24/7],http://streaming03.zas.media:1935/tvsol/tvsol/playlist.m3u8,网络源,https://i.imgur.com/5cGnb4r.png
TV Solidaria (576p),https://canadaremar2.todostreaming.es/live/argentina-web.m3u8,网络源,https://i.imgur.com/M0fMypR.png
TV Spravedliva Bulgariya,https://tv.tvsb.bg/112.m3u8,网络源,https://tvsb.bg/theme/images/logo.png
TV Stara Tura (540p),http://95.105.193.219:88/hls/tvst.m3u8,网络源,https://i.imgur.com/kerkvRX.png
TV Storbyen (720p) [Not 24/7],https://5eeb3940cfaa0.streamlock.net/webtv_live/_definst_/mp4:kanalnordvest/playlist.m3u8,网络源,https://i.ibb.co/X5h3hJL/tvstb.png
TV SUD (1080p) [Geo-blocked],https://stream2.live-stream.ro/WebRTCApp/streams/118334672595255049029831.m3u8,网络源,https://i.imgur.com/m3Slmbe.png
TV Sugd (1080p),https://live.teleradiocom.tj/14/3m.m3u8,网络源,https://i.imgur.com/YzkwTHb.png
TV Sul Bahia (320p),https://live.cdn.upx.com/00046/myStream.sdp/playlist.m3u8,网络源,https://i.imgur.com/qM6nMWm.png
TV Sul de Minas (720p),https://5cf4a2c2512a2.streamlock.net/tvsuldeminas/tvsuldeminas/playlist.m3u8,网络源,https://i.imgur.com/hPh8cxK.png
TV Sur Canal 9 (620p) [Not 24/7],http://tv.ticosmedia.com:1935/TVSUR/TVSUR/playlist.m3u8,网络源,https://i.imgur.com/7HbISMV.png
TV Sur Canal 14 (1080p),https://k20.usastreams.com:8081/tvsur/index.m3u8,网络源,https://i.imgur.com/OpHYYZA.png
TV Syri (720p),https://gjirafa-video-live.gjirafa.net/gjvideo-live/xej-xnb-ba0-kup/index.m3u8,网络源,https://i.imgur.com/ZQuFosn.png
TV Szentendre (1080p) [Geo-blocked],https://stream.streaming4u.hu/TVSzentendre/index.m3u8,网络源,https://i.imgur.com/kzzYLdj.png
TV Tabalong (720p) [Not 24/7],https://5bf7b725107e5.streamlock.net/tvtabalong/tvtabalong/playlist.m3u8,网络源,https://i.imgur.com/2YhDH98.png
TV Terceiro Anjo (360p),https://streamer1.streamhost.org/salive/GMI3anjoh/playlist.m3u8,网络源,https://i.imgur.com/PExKWNv.png
TV Teuta,http://143.244.204.5/tvteuta/tracks-v1a1/mono.m3u8,网络源,https://i.imgur.com/sWVqBuW.png
TV Thathi (720p) [Not 24/7],https://cdn-grupo-10049.ciclano.io:1443/grupo-10049/grupo-10049/playlist.m3u8,网络源,https://i.imgur.com/w9yKTxE.png
TV Today (576p),http://103.250.28.74:8000/play/a06e/index.m3u8,网络源,https://i.imgur.com/MYoosNo.png
TV Today Janakpur,https://tvtoday.rpmc.com.np/hls/bipashatech/1_2/index.m3u8,网络源,https://i.imgur.com/5fZF69m.png
TV Torun (1080p) [Not 24/7],http://217.173.176.107:1935/live/tvk.stream/playlist.m3u8,网络源,https://i.imgur.com/ZJ0yDWI.png
TV Trwam (1080p) [Geo-blocked],https://live-ch1.trwam.cf.insyscd.net/out/v1/b99041a282774d4a8fe84a54243af5de/trwamtv-live-ch1.mpd,网络源,https://i.imgur.com/yq10wS5.png
TV Tun (240p) [Not 24/7],https://cdn.streamhispanatv.net:3832/live/tvtunlive.m3u8,网络源,https://i.imgur.com/dGSfHCj.png
TV UCT (1080p),https://unlimited1-us.dps.live/uct/uct.smil/playlist.m3u8,网络源,https://i.imgur.com/tpI0WQH.png
TV UFG (720p) [Not 24/7],http://flash.softhost.com.br:1935/ufg/tvufgweb/playlist.m3u8,网络源,https://i.imgur.com/Yp3dbJo.png
TV UFOP (1080p),https://app.tvufop.com.br/hls/tvufop.m3u8,网络源,https://raw.githubusercontent.com/daniloroxette/tvufop/refs/heads/main/images/tvufop_logo.png
TV UG (1080p) [Not 24/7],https://5ca3e84a76d30.streamlock.net/universidadgto/videouniversidadgto/playlist.m3u8,网络源,https://i.imgur.com/pxkDpTU.jpeg
TV UJAT (720p) [Not 24/7],https://5e50264bd6766.streamlock.net/ujat/videoujat/playlist.m3u8,网络源,https://i.imgur.com/4demWOi.png
TV Universal (480p),https://644398c.ha.azioncdn.net/primary/tvuniversal_480p.sdp/playlist.m3u8,网络源,https://i.imgur.com/TIsk5zN.png
TV Universal Ecuador (720p),https://cdn.mycloudstream.io/hls/live/broadcast/uwcedjt2/index.m3u8,网络源,https://i.imgur.com/TIsk5zN.png
TV Universidad,https://stratus.stream.cespi.unlp.edu.ar/hls/tvunlp.m3u8,网络源,https://i.imgur.com/0MXsQ25.png
TV Usach (720p),https://stv4.janus.cl/playlist/stream.m3u8,网络源,https://i.imgur.com/KDC7IVl.png
TV Vega (576p) [Not 24/7],http://88.212.7.11/live/test_tv_vega_web_player/playlist.m3u8,网络源,https://i.imgur.com/Qw3NeLA.png
TV Veseljak Golica HD,https://radio.serv.si/VeseljakGolicaTV/tracks-v1a1/mono.m3u8,网络源,https://i.imgur.com/49VrbSW.png
TV Vicosa (480p),http://wz4.dnip.com.br/fratevitv/fratevitv.sdp/playlist.m3u8,网络源,https://i.imgur.com/TZF55f9.png
TV Vila Real (720p),https://cdn.jmvstream.com/w/LVW-10841/LVW10841_mT77z9o2cP/playlist.m3u8,网络源,https://i.imgur.com/Z1uWe7g.png
TV Vita,https://dash3.antik.sk/live/test_vita/playlist.m3u8,网络源,https://i.imgur.com/Cx1GLbo.png
TV Vitoria (720p),https://stmv1.srvif.com/tvvitoriamz/tvvitoriamz/playlist.m3u8,网络源,https://i.imgur.com/HlWzzfj.png
TV Warehouse (720p),https://tvwarehouse.r.worldssl.net/mystream.m3u8,网络源,https://i.imgur.com/CMuczfY.png
