频道名,地址,来源,图标
Detetives Medicos,https://jmp2.uk/plu-638df93ae2f2a3000737c168.m3u8,网络源,https://images.pluto.tv/channels/638df93ae2f2a3000737c168/colorLogoPNG.png
Detroit Channel 10,https://reflect-detroit-vod.cablecast.tv/live-2/live/stream-6/live.m3u8,网络源,https://i.imgur.com/zAdcg9m.png
Detroit Channel 21,https://reflect-detroit-vod.cablecast.tv/live-9/live/stream-4/live.m3u8,网络源,https://i.imgur.com/yXXEGKg.png
Detroit Channel 22,https://reflect-detroit-vod.cablecast.tv/live-3/live/stream-3/live.m3u8,网络源,https://i.imgur.com/zAdcg9m.png
Detroit Channel 68,https://reflect-detroit-vod.cablecast.tv/live-10/live/stream-5/live.m3u8,网络源,https://i.imgur.com/zAdcg9m.png
Detski mir (576p),http://str2.iptvhd.ru:8080/Teleklub/index.m3u8,网络源,https://xml-epgservice.cdnvideo.ru/EPGService/hs/xmldata/852f4b92-cae5-463e-aad6-cd8844c5a49/logo/51.png
Detskiy (576p),https://stream8.cinerama.uz/1033/tracks-v1a1/mono.m3u8,网络源,https://mt.media/upload/iblock/c22/pndw8yi2jwgppdrjikm3eusqp8087kr3.png
Detskoe kino [Not 24/7],https://autopilot.catcast.tv/content/38720/index.m3u8,网络源,https://i.imgur.com/dJqFRhQ.png
Detvora+ (1080p),https://cdn.rostelekom-tv.xyz/live/WAYU4PTJ_VVz4wAQ.m3u8,网络源,https://interra-cdn-europe1.b-cdn.net/logo-detvora.png
DHA (720p) [Not 24/7],https://603c568fccdf5.streamlock.net/live/dhaweb1_C5efC/playlist.m3u8,网络源,https://i.imgur.com/VZhag2x.png
Dhamaal (576p),http://107.167.16.138/dhamaal/index.m3u8?token=test,网络源,https://jiotvimages.cdn.jio.com/dare_images/images/Dhamaal_TV.png
Dhamma TV (720p) [Not 24/7],https://b.webcache.maxindo.net.id/dhamma/dhamma.m3u8,网络源,https://dhammaweb.tv/wp-content/uploads/2018/08/cropped-dhammatv-3.png
Dharsan TV (720p),https://cable91tataplay.akamaized.net/live/dharshantv/index.m3u8,网络源,https://play-lh.googleusercontent.com/brn76ZzRlqS8ylZVVcc5ZFWcqUp36iJ82WyzwiQ8-Nqi_8pIZZ_gsMCXNn6YiLhOEQ
DHE (1080p),http://15.204.246.24:8080/DHEHD/index.m3u8,网络源,https://i.imgur.com/nsttoEa.png
Dheeran TV (576p),https://live.we2live.in/dheerantv/dheerantv/playlist.m3u8,网络源,https://i.imgur.com/jSedjXf.png
Dhoho TV (720p),https://dhohotv.siar.us/dhohotv/live/playlist.m3u8,网络源,https://i.imgur.com/4Khyyfh.png
Dhool TV (576p),https://d1msejlow1t3l4.cloudfront.net/fta/subhartitv/playlist.m3u8,网络源,https://i.ibb.co/Rk78p2LB/dhooltv.png
Dhoom Music (720p),https://cdn.pishow.tv/ott/live/1456/master.m3u8,网络源,https://xstreamcp-assets-msp.streamready.in/assets/LIVETV/LIVECHANNEL/LIVETV_LIVETVCHANNEL_DHOOM_MUSIC/images/LOGO_HD/image.png
Di TV (1080p),https://cdn0-03837-liveedge0.dna.ip-only.net/03837-liveedge0/smil:03837-tx4/playlist.m3u8,网络源,https://i.imgur.com/zApTDWn.png
DI.TV 80 (720p),https://5f22d76e220e1.streamlock.net/ditv80/ditv80/playlist.m3u8,网络源,https://i.imgur.com/2AqKAMy.png
Diadora TV,https://diadoratv.stream/live/diadora/playlist.m3u8,网络源,https://i.imgur.com/qZzsASl.png
Diagnosis Murder,https://jmp2.uk/plu-668bf9be0642e5000815102d.m3u8,网络源,https://images.pluto.tv/channels/668bf7dd74f5ec000817e6d1/colorLogoPNG.png
Diagnosis Murder DK,https://jmp2.uk/plu-668bf7dd74f5ec000817e6d1.m3u8,网络源,https://images.pluto.tv/channels/668bf7dd74f5ec000817e6d1/colorLogoPNG.png
Diagnosis Murder NO,https://jmp2.uk/plu-668bf91208d5490008065ffd.m3u8,网络源,https://images.pluto.tv/channels/668bf7dd74f5ec000817e6d1/colorLogoPNG.png
Dialogo La Red Educativa (720p),https://twitch-m3u8.bastypro112.workers.dev/dialogolarededucativacbba/index.m3u8,网络源,https://dialogolarededucativa.com/wp-content/uploads/2024/02/cropped-cropped-314708081_105832265676231_8790041320160213071_n.jpg
Diaspora 24 [Geo-blocked],https://vdo3.pro-fhi.net:3218/stream/play.m3u8,网络源,https://i.imgur.com/4devfx1.png
Diaspora TV,https://s1.tvdatta.com:3978/live/diasporatvlive.m3u8,网络源,https://i.imgur.com/lppmyxD.png
Didgah TV (576p),https://media.streambrothers.com:1936/8276/8276/playlist.m3u8,网络源,https://i.imgur.com/3SeAyBS.png
Die Neue Zeit TV (576p),https://bild-und-ton.stream/die-neue-zeit-tv-live/smil:dnz-de.smil/playlist.m3u8,网络源,https://i.imgur.com/K3lvrog.png
Dien Bien TV (1080p),https://stream.langsontv.vn/live/2855dfeccb7f49a41a2b0441b3bfeda413c/playlist.m3u8,网络源,https://i.imgur.com/u308o8q.png
Diez TV Las Villas (1080p),https://streaming.cloud.innovasur.es/mmj2/index.m3u8,网络源,https://i.imgur.com/QTA40lP.png
Diez TV Ubeda (1080p),https://streaming.cloud.innovasur.es/mmj/index.m3u8,网络源,https://i.imgur.com/o2a7s4W.png
Diferencia Radio TV,https://s1.radiumcast.top/memfs/674b2d4f-7d6e-49be-9c6c-3094868259d9.m3u8,网络源,https://i.imgur.com/hJCGWKr.png
Diff'rent Strokes Arnold,https://jmp2.uk/plu-61f1d27a189ed10007b7393e.m3u8,网络源,https://i.imgur.com/jkmouY3.png
Digi 24 (720p),https://edge-ar.rcs-rds.ro/digi24ar/index.m3u8,网络源,https://i.imgur.com/qmRnD0M.png
Digi Sport 2 (1080p),http://forever.megogo.xyz/iptv/QGB4M3H62GC7E3/2522/index.m3u8,网络源,https://i.imgur.com/KWDUi3v.png
Digi Sport 3 (576p),http://forever.megogo.xyz/iptv/QGB4M3H62GC7E3/2524/index.m3u8,网络源,https://i.imgur.com/T1ci5UK.png
Digi Sport 4 (1080p),http://forever.megogo.xyz/iptv/QGB4M3H62GC7E3/2538/index.m3u8,网络源,https://i.imgur.com/Knj9I6f.png
Digital Congo TV,http://51.254.199.122:8080/DigitalCongoTV/index.m3u8,网络源,https://i.imgur.com/uz2Rsu7.png
Digital Vision 63 (720p) [Geo-blocked],https://ss2.tvrdomi.com:1936/digitalvision/digitalvision/playlist.m3u8,网络源,https://i.imgur.com/FQkLIMR.png
Dijlah TV (1080p),https://ghaasiflu.online/Dijlah/index.m3u8,网络源,https://i.imgur.com/kyzH3G5.png
Dikaya okhota HD (1080p),http://stream.mcquack.net/274/index.m3u8,网络源,https://i.imgur.com/EOue13e.png
Dikaya rybalka HD (1080p),http://stream.mcquack.net/275/index.m3u8,网络源,https://i.imgur.com/e3BFVgt.png
Dikij (576p),http://hls127.freeott.top:8080/Dikiy/video.m3u8,网络源,https://i.imgur.com/VDXDiPC.png
DIM (576p),http://stream.mcquack.net/383/index.m3u8,网络源,https://i.imgur.com/3cjaXIF.png
Dion TV (1080p),https://rtmp.win:3650/live/diontvlive.m3u8,网络源,https://i.imgur.com/13MverN.png
Dios Te Ve (720p),https://s.emisoras.tv:8081/diostevetv/index.m3u8,网络源,https://i.imgur.com/7hNwUV2.png
Dios Te Ve Kids (720p),https://s.emisoras.tv:8081/diostevekids/index.m3u8,网络源,https://i.imgur.com/GnZicVH.png
Dios Tv Talanga (1080p),https://tv.webmedialive.com/unciontv/live/playlist.m3u8,网络源,https://i.ibb.co/mb8F7R1/Db52f621d30793337de1cdcfc4f02be1.png
Disco Polo Music (1080p),http://185.227.34.179:8080/disco-polo-music/index.m3u8,网络源,https://i.imgur.com/ZZbuTv7.png
Discover Pakistan (1080p),https://livecdn.live247stream.com/discoverpakistan/web/playlist.m3u8,网络源,https://i.imgur.com/IJH47fJ.png
Discovering China (1080p),https://fastlive.cctvplus.com/out/v1/8442c3bfd4c64a3984389328f6087879/index.m3u8,网络源,https://i.imgur.com/wr2bLaA.png
Disha TV (396p),https://d1msejlow1t3l4.cloudfront.net/fta/dishatv/playlist.m3u8,网络源,https://jiotvimages.cdn.jio.com/dare_images/images/Disha_tv.png
Dismar Radio TV (720p),https://rds3.desdeparaguay.net/dismartv/dismartv/playlist.m3u8,网络源,https://i.imgur.com/KOuxdMD.png
Disney Channel (Czech Republic),http://88.212.15.19/live/test_disney/playlist.m3u8,网络源,https://upload.wikimedia.org/wikipedia/commons/3/3d/2022_Disney_Channel_logo.svg
Disney Channel (India) (576p),http://202.70.146.135:8000/play/a01q/index.m3u8,网络源,https://xstreamcp-assets-msp.streamready.in/assets/LIVETV/LIVECHANNEL/LIVETV_LIVETVCHANNEL_DISNEY_CHANNEL/images/LOGO_HD/image.png
Disney Channel (India) HD (1080p),http://66.102.126.10:8000/play/a013/index.m3u8,网络源,https://xstreamcp-assets-msp.streamready.in/assets/LIVETV/LIVECHANNEL/LIVETV_LIVETVCHANNEL_DISNEY_CHANNEL_HD/images/LOGO_HD/image.png
Disney Channel (Israel) (576p),http://str2.iptvhd.ru:8080/disney/index.m3u8,网络源,https://upload.wikimedia.org/wikipedia/commons/3/3d/2022_Disney_Channel_logo.svg
Disney Channel (Poland) HD (1080p),http://185.227.34.179:8080/disney-channel-hd/index.m3u8,网络源,https://upload.wikimedia.org/wikipedia/commons/3/3d/2022_Disney_Channel_logo.svg
Disney Channel (Portugal) (1080p),http://151.80.18.177:86/Disney_Channel_HD/index.m3u8,网络源,https://upload.wikimedia.org/wikipedia/commons/3/3d/2022_Disney_Channel_logo.svg
Disney Channel (United States) (720p) [Geo-blocked],http://212.5.144.156/disney/index.m3u8,网络源,https://upload.wikimedia.org/wikipedia/commons/thumb/f/ff/2024_Disney_Channel_text_logo.svg/960px-2024_Disney_Channel_text_logo.svg.png
Disney Channel (United States) HD East (720p),http://4.30.180.36:8420/disneychannel/index.m3u8?token=test,网络源,https://upload.wikimedia.org/wikipedia/commons/thumb/f/ff/2024_Disney_Channel_text_logo.svg/960px-2024_Disney_Channel_text_logo.svg.png
Disney Channel Latin America (1080p),http://15.204.246.24:8080/DisneyHD/index.m3u8,网络源,https://upload.wikimedia.org/wikipedia/commons/f/ff/2024_Disney_Channel_text_logo.svg
Disney Channel Latin America Center (1080p),http://181.78.8.199:8000/play/a0dn/index.m3u8,网络源,https://upload.wikimedia.org/wikipedia/commons/f/ff/2024_Disney_Channel_text_logo.svg
Disney Channel Latin America Mexico (720p),http://45.166.93.156:9999/play/a0f3/index.m3u8,网络源,https://upload.wikimedia.org/wikipedia/commons/f/ff/2024_Disney_Channel_text_logo.svg
Disney Channel Latin America North (576p),http://138.121.15.230:9002/DISNEY-CHANNEL/index.m3u8,网络源,https://upload.wikimedia.org/wikipedia/commons/f/ff/2024_Disney_Channel_text_logo.svg
Disney Channel Latin America Panregional HD (1080p),http://45.134.141.161:2200/ARG/Disney_Channel/index.m3u8,网络源,https://upload.wikimedia.org/wikipedia/commons/f/ff/2024_Disney_Channel_text_logo.svg
Disney International HD (1080p),http://202.70.146.135:8000/play/a04p/index.m3u8,网络源,https://xstreamcp-assets-msp.streamready.in/assets/LIVETV/LIVECHANNEL/LIVETV_LIVETVCHANNEL_DISNEY_INTERNATIONAL_HD/images/LOGO_HD/image.png
Disney Jr. (France) (1080p),http://151.80.18.177:86/Disney_Junior_HD/index.m3u8,网络源,https://upload.wikimedia.org/wikipedia/commons/e/e3/2024_Disney_Jr._Logo.svg
Disney Jr. (Turkiye) (1080p) [Geo-blocked],https://saran-live.ercdn.net/disneyjunior/index.m3u8,网络源,https://www.dsmart.com.tr/api/v1/public/images/kanallar/disneyjr.png
Disney Jr. Latin America (1080p),http://190.14.10.19:16000/play/a02d/index.m3u8,网络源,https://upload.wikimedia.org/wikipedia/commons/e/e3/2024_Disney_Jr._Logo.svg
Disney Jr. Latin America North HD (1080p),http://181.78.14.26:4000/play/a073/index.m3u8,网络源,https://upload.wikimedia.org/wikipedia/commons/e/e3/2024_Disney_Jr._Logo.svg
Disney Jr. Latin America South (1080p),http://45.185.163.75:8000/play/a016/index.m3u8,网络源,https://upload.wikimedia.org/wikipedia/commons/e/e3/2024_Disney_Jr._Logo.svg
Disney Jr. Latin America South HD (1080p),http://45.134.141.161:2200/ARG/Disney_Junior/index.m3u8,网络源,https://upload.wikimedia.org/wikipedia/commons/e/e3/2024_Disney_Jr._Logo.svg
Disney Junior (United States) (720p),http://23.237.104.106:8080/USA_DISNEY_JUNIOR/index.m3u8,网络源,https://upload.wikimedia.org/wikipedia/commons/thumb/e/e3/2024_Disney_Jr._Logo.svg/960px-2024_Disney_Jr._Logo.svg.png
Disney XD (Poland) (576p),http://185.227.34.179:8080/disney-xd/index.m3u8,网络源,https://upload.wikimedia.org/wikipedia/commons/a/a8/2015_Disney_XD_logo.svg
Disney XD (United States) (720p),http://23.237.104.106:8080/USA_DISNEY_XD/index.m3u8,网络源,https://upload.wikimedia.org/wikipedia/commons/thumb/a/a8/2015_Disney_XD_logo.svg/960px-2015_Disney_XD_logo.svg.png
District of Columbia Network (1080p),https://video.oct.dc.gov/out/u/DCN.m3u8,网络源,https://i.imgur.com/GGZ8BQ8.png
Distrito Comedia (1080p),http://181.119.66.28:8081/DISTRITO-COMEDIA/index.m3u8,网络源,https://upload.wikimedia.org/wikipedia/commons/thumb/6/6b/DistritoComediaLOGO2018.png/960px-DistritoComediaLOGO2018.png
Distrito TV (1080p),https://nlb2-live.emitstream.com/hls/3mn7wpcv7hbmxmdzaxap/master.m3u8,网络源,https://i.imgur.com/AqGIoIt.png
Dit is Helmond (480p),http://ms2.mx-cd.net/tv/Omroep_Helmond.smil/chunklist.m3u8,网络源,https://i.imgur.com/fGAaBAs.png
DiviSport (1080p),http://stream.mcquack.net/457/index.m3u8,网络源,https://i.logos-download.com/114030/29915-s5120-904df224e4c030fefcc45adda448b6e8.png/DiviSport_Logo_2023-s5120.png
Divya Darshan TV (720p),http://live.divyadarshantv.com/hls/stream.m3u8,网络源,https://i.imgur.com/EwDQ12F.png
Divya Darshan TV HD (1080p),https://live.divyadarshantv.com/hls/0/stream.m3u8,网络源,https://i.imgur.com/EwDQ12F.png
Divyavani TV (576p),https://mumbai-edge.smartplaytv.in/Divyavani/index.m3u8,网络源,https://jiotvimages.cdn.jio.com/dare_images/images/Divya_Vani.png
Diya TV (1080p),https://stream.diyatvinc.com/diya.m3u8,网络源,https://i.imgur.com/1fC7tqH.png
Diyanet TV (1080p),https://eustr73.mediatriple.net/videoonlylive/mtikoimxnztxlive/broadcast_5e3bf95a47e07.smil/playlist.m3u8,网络源,https://upload.wikimedia.org/wikipedia/commons/thumb/4/43/Diyanet_TV_logo.svg/960px-Diyanet_TV_logo.svg.png
Diyar TV (720p),https://live.artidijitalmedya.com/artidijital_diyartv/diyartv/playlist.m3u8,网络源,https://i.imgur.com/qWkHjRA.png
DKN (1080p),https://video.oct.dc.gov/out/u/DKN.m3u8,网络源,https://i.imgur.com/DIau0GB.png
DLTV 1 (1080p),https://cdn-live.dltv.ac.th/dltv01.m3u8,网络源,https://i.imgur.com/nLzdGeX.png
DLTV 2 (1080p),https://cdn-live.dltv.ac.th/dltv02.m3u8,网络源,https://i.imgur.com/lDBSTfE.png
DLTV 3 (1080p),https://cdn-live.dltv.ac.th/dltv03.m3u8,网络源,https://i.imgur.com/wmrxerm.png
DLTV 4 (1080p),https://cdn-live.dltv.ac.th/dltv04.m3u8,网络源,https://i.imgur.com/WkpoQhU.png
DLTV 5 (1080p),https://cdn-live.dltv.ac.th/dltv05.m3u8,网络源,https://i.imgur.com/J1E89jX.png
DLTV 6 (1080p),https://cdn-live.dltv.ac.th/dltv06.m3u8,网络源,https://i.imgur.com/qeIHWC0.png
DLTV 7 (1080p),https://cdn-live.dltv.ac.th/dltv07.m3u8,网络源,https://i.imgur.com/OjYwMe3.png
DLTV 8 (1080p),https://cdn-live.dltv.ac.th/dltv08.m3u8,网络源,https://i.imgur.com/xIwn5Ha.png
DLTV 9 (1080p),https://cdn-live.dltv.ac.th/dltv09.m3u8,网络源,https://i.imgur.com/yPeSAry.png
DLTV 10 (1080p),https://cdn-live.dltv.ac.th/dltv10.m3u8,网络源,https://i.imgur.com/TgN81Zr.png
DLTV 11 (1080p),https://cdn-live.dltv.ac.th/dltv11.m3u8,网络源,https://i.imgur.com/hFk2b5s.png
DLTV 12 (1080p),https://cdn-live.dltv.ac.th/dltv12.m3u8,网络源,https://i.imgur.com/ITt6lY7.png
DLTV 13 (1080p),https://cdn-live.dltv.ac.th/dltv13.m3u8,网络源,https://i.imgur.com/asB5w3v.png
DLTV 14 (1080p),https://cdn-live.dltv.ac.th/dltv14.m3u8,网络源,https://i.imgur.com/HOjZRNS.png
DLTV 15 (1080p),https://cdn-live.dltv.ac.th/dltv15.m3u8,网络源,https://i.imgur.com/onJi2b6.png
DMF (1080p) [Not 24/7],https://d-m-f.iptv-playoutcenter.de/dmf/dmf1/playlist.m3u8,网络源,https://i.imgur.com/sJaBU7X.jpeg
DMI TV (576i),https://tvstreamcast.com/tawaftv.m3u8,网络源,https://static.promediateknologi.id/promedia/network/1167/desktop/images/logo.png
Dmoda Channel (1080p),https://master.tucableip.com/dmoda/index.m3u8,网络源,https://dmoda.com.bo/wp-content/uploads/2025/07/09-LOGO-EN-BLANCO-LIGHT-380-X-180-pixeles.png
DNews (720p),http://38.19.16.151:8000/play/a0a3,网络源,https://i.imgur.com/jF2BabI.png
Dnipro TV (1080p),http://vcdn1.produck.company:1935/out/dtv/playlist.m3u8,网络源,https://i.imgur.com/mbPTVh1.png
DNJ TV (720p),https://cloud2.streaminglivehd.com:1936/dnjv2/dnjv2/playlist.m3u8,网络源,https://i.imgur.com/YqTcGJZ.png
Doble C Television (720p),https://live20.bozztv.com/giatv/giatv-doblec1/doblec1/playlist.m3u8,网络源,https://i.imgur.com/2zCD4TB.png
Doc Martin (Sweden),https://jmp2.uk/plu-62b1e5e77d15410007f798c6.m3u8,网络源,https://images.pluto.tv/channels/62724ae034f5190007b63424/colorLogoPNG.png
Doc Martin (United States),https://jmp2.uk/plu-62e922f6675f71000736db3b.m3u8,网络源,https://images.pluto.tv/channels/62e922f6675f71000736db3b/colorLogoPNG.png
Docevision (720p),https://live20.bozztv.com/giatvplayout7/giatv-208729/playlist.m3u8,网络源,https://cdn.m3u.cl/logo/1759_Docevision.png
Doctor (1080p),http://31.148.48.15/Doktor/index.m3u8,网络源,https://i.imgur.com/VNirxxn.png
Doctor Who Classic (1080p),https://bbc-classicdrwho-1-us.roku.wurl.tv/playlist.m3u8,网络源,https://i.imgur.com/JIqJQQM.png
Docu. (1080p),http://45.162.193.35/DOCU/index.m3u8,网络源,https://i.imgur.com/7xvQ7jR.png
DocuBay TV (1080p),https://cc-mgr91yrk4pehy.akamaized.net/v1/master/3722c60a815c199d9c0ef36c5b73da68a62b09d1/cc-mgr91yrk4pehy/playlist.m3u8,网络源,https://i.imgur.com/OGyeLLR.png
DocuBox,https://dash3.antik.sk/live/test_docubox_medium_atk/playlist.m3u8,网络源,https://i.imgur.com/pX4U9OG.png
DocuBox Russia (1080p),http://str2.iptvhd.ru:8080/DocuBoxHD/index.m3u8,网络源,https://i.imgur.com/pX4U9OG.png
Documentary Humanities Channel (1080p),http://39.135.138.59:18890/PLTV/88888910/224/3221225655/index.m3u8,网络源,https://i.imgur.com/CEcNWsE.png
Documentary+ (1080p),https://ef79b15c8c7c46c7a9de9d33001dbd07.mediatailor.us-west-2.amazonaws.com/v1/master/ba62fe743df0fe93366eba3a257d792884136c7f/LINEAR-859-DOCUMENTARYPLUS-DOCUMENTARYPLUS/mt/documentaryplus/859/hls/master/playlist.m3u8,网络源,https://i.imgur.com/x57klfS.png
Documentary+ International (1080p),https://1d153317c8db4250b3789601274e2402.mediatailor.us-west-2.amazonaws.com/v1/master/ba62fe743df0fe93366eba3a257d792884136c7f/LINEAR-887-DOCUMENTARYINTERNATIONAL-DOCUMENTARYPLUS/mt/documentaryplus/887/hls/master/playlist.m3u8,网络源,https://i.imgur.com/x57klfS.png
Docurama (1080p),https://docurama-plex-ingest.cinedigm.com/playlist.m3u8,网络源,https://i.imgur.com/2248nxX.png
Dodoma TV (360p) [Not 24/7],https://goliveafrica.media:9998/live/625965017ed69/index.m3u8,网络源,https://i.imgur.com/bLq9eFa.png
Dog the Bounty Hunter (1080p),https://aegis-cloudfront-1.tubi.video/ff0ad399-75ed-42ba-8c60-75bb6cb8c929/playlist.m3u8,网络源,https://i.imgur.com/lMICupK.png
Dog the Bounty Hunter UK (1080p),https://amg00276-amg00276c11-rakuten-uk-3446.playouts.now.amagi.tv/playlist/amg00276-aetelevisionnetworksfast-dogthebountyhunterall-rakutenuk/playlist.m3u8,网络源,https://i.imgur.com/lMICupK.png
Dog Whisperer (1080p) [Geo-blocked],https://pb-ffpxvjshv4rxx.akamaized.net/Dog_Whisperer_with_Cesar_Millan.m3u8,网络源,https://i.imgur.com/tgWypVJ.png
Dokusat (1080p),https://muc3.iptv-playoutcenter.de/dokusat/dokusat1/playlist.m3u8,网络源,https://i.imgur.com/GadfTwF.png
Dom kino (576p),http://stream.mcquack.net/236/index.m3u8,网络源,https://upload.wikimedia.org/wikipedia/commons/thumb/5/53/%D0%9B%D0%BE%D0%B3%D0%BE%D1%82%D0%B8%D0%BF_%D0%BA%D0%B0%D0%BD%D0%B0%D0%BB%D0%B0_%D0%94%D0%BE%D0%BC_%D0%9A%D0%B8%D0%BD%D0%BE.png/960px-%D0%9B%D0%BE%D0%B3%D0%BE%D1%82%D0%B8%D0%BF_%D0%BA%D0%B0%D0%BD%D0%B0%D0%BB%D0%B0_%D0%94%D0%BE%D0%BC_%D0%9A%D0%B8%D0%BD%D0%BE.png
Dom kino International (576p),https://fs.uplink.kz/dom_kino/mono.m3u8?token=onlinetv,网络源,https://upload.wikimedia.org/wikipedia/commons/thumb/5/53/%D0%9B%D0%BE%D0%B3%D0%BE%D1%82%D0%B8%D0%BF_%D0%BA%D0%B0%D0%BD%D0%B0%D0%BB%D0%B0_%D0%94%D0%BE%D0%BC_%D0%9A%D0%B8%D0%BD%D0%BE.png/960px-%D0%9B%D0%BE%D0%B3%D0%BE%D1%82%D0%B8%D0%BF_%D0%BA%D0%B0%D0%BD%D0%B0%D0%BB%D0%B0_%D0%94%D0%BE%D0%BC_%D0%9A%D0%B8%D0%BD%D0%BE.png
Dom kino Premium (1080p),http://31.148.48.15/Dom_Kino_Premium_HD/index.m3u8,网络源,https://i.imgur.com/rJpQtvK.png
Dom kino Premium HD (1080p),http://stream.mcquack.net/108/index.m3u8,网络源,https://i.imgur.com/rJpQtvK.png
Domashnie Zhivotnye (576p),https://stream8.cinerama.uz/1426/tracks-v1a1/mono.m3u8,网络源,https://i.imgur.com/ISJzQGP.png
Domashniy (576p),http://stream.mcquack.net/227/index.m3u8,网络源,https://i.imgur.com/XVRwgom.png
Don 24 (1080p),https://donmedia.bonus-tv.ru/cdn/donmedia/playlist.m3u8,网络源,https://i.imgur.com/fW15la1.png
Don't Tell The Bride (1080p),https://amg00426-lds-amg00426c15-samsung-au-3684.playouts.now.amagi.tv/playlist.m3u8,网络源,https://i.imgur.com/h0bc3Fa.png
Donbass Online (1080p) [Not 24/7],http://176.110.1.30:1935/live/donbasonline/playlist.m3u8,网络源,https://i.imgur.com/8h3kOI1.png
Dong Nai TV 1 (720p),https://vtvgolive-ott3.vtvdigital.vn/live/dongnai1tv/chunklist_2.m3u8,网络源,https://i.imgur.com/oQyioVa.png
Dong Nai TV 2 (720p),https://vtvgolive-ott3.vtvdigital.vn/live/dongnai2tv/chunklist_2.m3u8,网络源,https://i.imgur.com/tNKPSkO.png
Dong Nai TV 3 (720p),https://dethich.pw/dongnai3/index.m3u8,网络源,https://i.imgur.com/6P39BiA.png
Dong Thap TV (720p),https://liveh34.vtvprime.vn/hls/DONGTHAPTV/index.m3u8,网络源,https://i.ibb.co/XFX7yw0/logo2-1.png
Donna TV (480p),https://streaming.softwarecreation.it/DonnaTv/DonnaTv/playlist.m3u8,网络源,https://i.imgur.com/39cSNHs.png
Dopa Channel,http://dopachannel.truegse.com/live/dopatv03.m3u8,网络源,https://i.imgur.com/Z9vxti4.png
Dora TV,https://jmp2.uk/plu-62e951258a26d40007b3034c.m3u8,网络源,https://i.imgur.com/zJuSbmU.png
Dorama (576p),https://fs.uplink.kz/dorama/mono.m3u8?token=onlinetv,网络源,https://i.imgur.com/ZH5LuXU.png
Dossiers FBI,https://jmp2.uk/plu-5f8edad922b10b000753bc37.m3u8,网络源,https://i.imgur.com/8Zx6dA7.png
Dost TV (576p),https://dost.stream.emsal.im/tv/live.m3u8,网络源,https://dosttv.com/wp-content/uploads/2022/02/dost_logo.png
Dotto TV (1080p),https://live.dottotv.ro/index.m3u8,网络源,https://i.imgur.com/pfs882Z.png
Dounia TV,https://live20.bozztv.com/dvrfl06/astv/astv-douniatv/index.m3u8,网络源,https://i.imgur.com/ENBCDaQ.png
Dove Channel (1080p),https://linear-896.frequency.stream/dist/cineverse/896/hls/master/playlist.m3u8,网络源,
Doyel TV,https://3d46w.doyeltv.com/memfs/aa3aa6f7-ec12-41a2-8183-a891e157bbf8.m3u8,网络源,https://i.imgur.com/8pR8Q4J.png
DR1 (1080p) [Geo-blocked],https://drlivedr1hls.akamaized.net/hls/live/2113625/drlivedr1/master.m3u8,网络源,https://i.imgur.com/OETzsOI.png
DR2 (1080p) [Geo-blocked],https://drlivedr2hls.akamaized.net/hls/live/2113623/drlivedr2/master.m3u8,网络源,https://i.imgur.com/7bYtukP.png
Dr G Medical Examiner,https://d39g1vxj2ef6in.cloudfront.net/v1/master/3fec3e5cac39a52b2132f9c66c83dae043dc17d4/prod-rakuten-stitched/master.m3u8?ads.xumo_channelId=88883008,网络源,
Dr Pal TV (720p),https://stream.cisk.tech/drpal/index.m3u8,网络源,https://raw.githubusercontent.com/songwenhui239/Songwenhui239/refs/heads/main/Dr%20Pal%20TV.jpeg
DR Ramasjang (720p) [Geo-blocked],https://drlive03hls.akamaized.net/hls/live/2014190/drlive03/master.m3u8,网络源,https://upload.wikimedia.org/wikipedia/en/thumb/8/82/DR_Ramasjang_2020.svg/960px-DR_Ramasjang_2020.svg.png
Dr. Gene Scott (1080p),https://wescottcc.piksel.tech/hls/live/2041478/adp/playlist.m3u8,网络源,https://i.imgur.com/Db3EI19.png
DraftKings Network (1080p),https://na.linear.zype.com/e0bd0e23-a958-4e43-8164-4f2fef8876a8/fd3614bd-90bf-4530-a277-65ae3a1720c8-zype/live.m3u8,网络源,https://i.imgur.com/SFYhgrt.png
Dragon TV International,https://restream.pdtvhd.com/memfs/0b1b95c9-3543-4af9-9fdb-cf45f1602f17.m3u8,网络源,https://i.imgur.com/WqM6xnF.png
Drake & Josh,https://jmp2.uk/plu-65a67c494a10d800085cab06.m3u8,网络源,https://images.pluto.tv/channels/65a67c494a10d800085cab06/colorLogoPNG.png
Drama Channel (1080p),https://lb1-live-mv.v2h-cdn.com/hls/fdee/mvmalldd/mvmalldd.m3u8,网络源,https://i.imgur.com/ill1Ux6.png
Dream Turk (720p),https://live.duhnet.tv/S2/HLS_LIVE/dreamturknp/playlist.m3u8,网络源,https://i.imgur.com/vJ8VaZi.png
Dream TV (480p),https://streamfi-dreamtv1.zettawiseroutes.com:8181/hls/stream.m3u8,网络源,https://i.imgur.com/XRUDhqQ.png
DreamTV (1080p),https://xykt-fix.github.io/play/a02j/index.m3u8,网络源,https://www.mongolsat.mn/assets/img/channel/701.png
DreamWorks Channel Asia (1080p),https://cdn12.178.indevs.in/163189/dreamworks,网络源,
Dreiko TV (720p) [Not 24/7],https://cloudvideo.servers10.com:8081/8020/index.m3u8,网络源,https://i.imgur.com/k8U0e0b.png
Drive (576i),https://stream8.cinerama.uz/1421/tracks-v1a1/mono.m3u8,网络源,https://i.imgur.com/FnuwfSC.png
DroneTV (1080p),https://airvuz-dronetv-1-us.ohlscdn.wurl.tv/playlist.m3u8,网络源,https://i.ibb.co/S71C9RJC/dronetv.webp
DRTV (1080p),https://drlivedrtvahls.akamaized.net/hls/live/2113613/drlivedrtva/master.m3u8,网络源,https://i.ibb.co/c6n2vbW/512px-DR-TV-logo-svg.png
DRTV International,https://vps122407.serveur-vps.net/hls/drtv.m3u8,网络源,https://i.imgur.com/rGbTvtZ.png
Dry Bar Comedy+ (720p),https://drybar-drybarcomedy-1-au.samsung.wurl.tv/playlist.m3u8,网络源,https://i.imgur.com/3N2C60N.png
DSports 2,http://138.121.113.175:8000/play/a0ca/index.m3u8,网络源,https://upload.wikimedia.org/wikipedia/commons/thumb/1/10/DIRECTV_Sports_2_Latin_America_%282018%29.svg/960px-DIRECTV_Sports_2_Latin_America_%282018%29.svg.png
DSports,http://138.121.113.175:8000/play/a0cj/index.m3u8,网络源,https://upload.wikimedia.org/wikipedia/commons/thumb/c/ca/DirecTV_Sports_Latin_America_%282018%29.png/960px-DirecTV_Sports_Latin_America_%282018%29.png
DSTV (Bulgaria) (614p) [Not 24/7],http://46.249.95.140:8081/hls/data.m3u8,网络源,https://i.imgur.com/YMgzzkf.png
DSTV (Hungary) (720p),http://79.120.178.90:1935/dstv/dstvlive/playlist.m3u8,网络源,https://i.imgur.com/xKJoN8L.png
DTV (Hungary) (720p) [Not 24/7],http://cloudfront44.lexanetwork.com:1732/hlsrelay003/hls/livestream.sdp.m3u8,网络源,https://i.imgur.com/YSpqmSO.png
DTV (Peru) (720p),https://live-evg7.tv360.bitel.com.pe/bitel/sabormixtvSRT/playlist.m3u8,网络源,https://i.imgur.com/OSvegAq.png
DTV Den Bosch (1080p),https://rrr.sz.xlcdn.com/?account=dtvmaasland&file=dtv2&output=playlist.m3u8&protocol=https&service=wowza&type=live,网络源,https://i.imgur.com/aFBNbsy.png
DTV Maashorst (1080p),https://rrr.sz.xlcdn.com/?account=dtvmaasland&file=dtv3&output=playlist.m3u8&protocol=https&service=wowza&type=live,网络源,https://i.imgur.com/5WaCCAC.png
DTV Oss & Bernheze (1080p),https://rrr.sz.xlcdn.com/?account=dtvmaasland&file=dtv1&output=playlist.m3u8&protocol=https&service=wowza&type=live,网络源,https://i.imgur.com/JL1f9Tx.png
DTV-8 [Geo-blocked],https://watch.davestv8.com/hls/stream.m3u8,网络源,https://i.imgur.com/A5r0aZA.png
dTVi,https://e.siar.us/live/dtvi.m3u8,网络源,https://upload.wikimedia.org/wikipedia/commons/9/90/Logo_DTVI.png
Dubai TV International (1080p),http://185.9.2.18/chid_139/index.m3u8,网络源,https://i.imgur.com/UMmbyHv.png
Duck Dynasty (1080p),https://amg00276-amg00276c2-rakuten-uk-3449.playouts.now.amagi.tv/playlist.m3u8,网络源,https://i.imgur.com/vMcSlwm.png
Duck Hunting TV (1080p),https://main.duckhunting.playout.vju.tv/duckhuntingtv/main.m3u8,网络源,https://image.roku.com/developer_channels/prod/b2a80f0a20fc338f22a8289f23d20d19d958470ff1b8df3845c57cbc54ec1245.png
ducktv (720p),https://jmp2.uk/stvp-ESBC4700001GR,网络源,https://i.imgur.com/gRFQ35W.png
ducktv HD,https://dash3.antik.sk/live/duck_tv/index.m3u8,网络源,https://i.imgur.com/gRFQ35W.png
ducktv PLUS,https://dash3.antik.sk/live/test_duck_plus/playlist.m3u8,网络源,https://i.imgur.com/RFhxfOx.png
Dudelange TV (720p),https://streamer20.multimedia.blue/Eltrona/DudelangeTV/playlist.m3u8,网络源,https://i.imgur.com/2dLYZsc.png
Duende Tv (720p) [Not 24/7],https://live.fansplay.tv/livestreams/21.GdPGZIRcwzZ9vgE5.m3u8,网络源,https://i.imgur.com/6125FPV.jpg
Dukh Nivaran (720p) [Not 24/7],http://cdn12.henico.net:8080/live/dncal/index.m3u8,网络源,https://i.imgur.com/Zh60l1x.png
Duma TV (720p),http://185.23.80.23:8080/DumaTV/index.m3u8,网络源,https://i.imgur.com/JvlO3PU.png
DumDum (720p),http://45.162.64.114/ZOOMOO_KIDS/index.m3u8,网络源,https://upload.wikimedia.org/wikipedia/commons/c/c0/DumDum_logo.svg
Dunamis TV (576p) [Not 24/7],https://atechgroupuk.site/DTV.m3u8,网络源,https://i.imgur.com/thGAXeM.png
Dungeon TV (720p),https://stream-us-east-1.getpublica.com/playlist.m3u8?network_id=2226,网络源,https://i.imgur.com/cwazXHb.png
Dunhuang TV (1080p),http://117.156.28.119/270000001111/1110000028/index.m3u8,网络源,https://i.imgur.com/RpGKOQd.jpg
Dunya Naw TV (576p),https://dunyanhls.wns.live/hls/stream.m3u8,网络源,https://i.ibb.co/nQkLgyn/dunya-naw-tv.png
Dunya News (720p) [Not 24/7],https://imob.dunyanews.tv/livehd/ngrp:dunyalivehd_2_all/playlist.m3u8,网络源,https://i.imgur.com/1PbtW0y.png
Dunya News UK (720p) [Not 24/7],https://ukintl.dunyanews.tv/liveuk/ngrp:dunyalive_all/playlist.m3u8,网络源,https://i.imgur.com/dtrTfZC.png
Dunyo bo'ylab (1080p),https://stream8.cinerama.uz/1006/tracks-v1a1/playlist.m3u8,网络源,https://i.imgur.com/KArB5U6.png
Duran TV (480p) [Not 24/7],https://cloudvideo.servers10.com:8081/8074/index.m3u8,网络源,https://i.imgur.com/8k8DsBL.png
Durangaldeko Telebista (576p),https://nlb2-live.emitstream.com/hls/5f9asjsehd7gmyxsdpzu/master.m3u8,网络源,https://i.imgur.com/qdlW6cg.png
Duronto TV (720p),https://tvsen6.aynaott.com/6xyZ3N4oHv2KBJdB6W4p/index.m3u8,网络源,https://i.imgur.com/gXsddRK.png
Dushanbe HD (1080p),https://live.teleradiocom.tj/7/3m.m3u8,网络源,https://i.imgur.com/WWPIziG.png
Dushevnoe HD (1080p),http://stream.mcquack.net/213/index.m3u8,网络源,https://i.imgur.com/vTRHAvD.png
DUST (1080p),https://dqi7ayt2o24fn.cloudfront.net/playlist.m3u8,网络源,https://i.imgur.com/FxYhME9.png
Duta TV (360p) [Not 24/7],https://dutatv.siar.us/dutatv/live/playlist.m3u8,网络源,https://i.imgur.com/B4JW54M.png
DVB TV (720p) [Geo-blocked],https://live-stream.dvb.no/hls/stream_src/index.m3u8,网络源,https://i.imgur.com/VdezHOv.png
DW Arabic (1080p),https://dwamdstream103.akamaized.net/hls/live/2015526/dwstream103/master.m3u8,网络源,https://i.imgur.com/8MRNFb9.png
DW English (1080p),https://amg01644-amg01644c1-amgplt0343.playout.now3.amagi.tv/ts-eu-w1-n2/playlist/amg01644-amg01644c1-amgplt0343/playlist.m3u8,网络源,https://i.imgur.com/8MRNFb9.png
DW Espanol (1080p),https://dwamdstream104.akamaized.net/hls/live/2015530/dwstream104/master.m3u8,网络源,https://i.imgur.com/8MRNFb9.png
DW Russian (1080p),https://dwamdstream110.akamaized.net/hls/live/2017971/dwstream110/master.m3u8,网络源,https://i.imgur.com/8MRNFb9.png
DY 365 (360p),https://cdn.smartstream.video/smartstream-us/dy365/dy365/playlist.m3u8,网络源,https://dtil.tmsimg.com/assets/s143015_ld_h15_aa.png?lock=720x540
Dynamic Gospel TV (480p) [Not 24/7],https://ssh101stream.ssh101.com/akamaissh101/ssh101/tvdynamicstream/playlist.m3u8,网络源,https://i.imgur.com/e36BNNK.jpg
Dynasty (Germany),https://jmp2.uk/plu-65cb76ea11ced70008206b66.m3u8,网络源,https://images.pluto.tv/channels/65cb76ea11ced70008206b66/colorLogoPNG.png
Dynasty (Germany) GB,https://jmp2.uk/plu-622f48de713e510007f85808.m3u8,网络源,https://images.pluto.tv/channels/65cb76ea11ced70008206b66/colorLogoPNG.png
Dynasty (United States),https://jmp2.uk/plu-64d1606b4c5ed80008e3b8b9.m3u8,网络源,https://images.pluto.tv/channels/62e919ca865c590007ecd0bd/colorLogoPNG.png
E 24 (576p),https://mumt04.tangotv.in/m18aqlK4E24/index.m3u8,网络源,https://xstreamcp-assets-msp.streamready.in/assets/LIVETV/LIVECHANNEL/LIVETV_LIVETVCHANNEL_E24/images/LOGO_HD/image.png
E International Asia (576p),https://gist.githubusercontent.com/iptvonlinetv/cf56ccf36d1c0827e4dc470db7b7912d/raw/066b1c9755b2496805575f16d413bd1207ca8117/udp315.520.789:8060.m3u8,网络源,https://hosting.renderforestsites.com/35126779/1659328/media/1058391c8059a0d092426e145d55951b.png
E International Europe (576p),https://gist.githubusercontent.com/iptvonlinetv/cf56ccf36d1c0827e4dc470db7b7912d/raw/066b1c9755b2496805575f16d413bd1207ca8117/udp120.510.450:6060.m3u8,网络源,https://hosting.renderforestsites.com/35126779/1659328/media/1058391c8059a0d092426e145d55951b.png
E! East (1080p),http://23.237.104.106:8080/USA_E/index.m3u8,网络源,https://i.imgur.com/TWFDkap.png
E! Keeping Up (1080p),https://xumo-xumoent-vc-117-a3ga4.fast.nbcuni.com/live/master.m3u8,网络源,https://i.imgur.com/9F7VYDM.png
E! Latin America (1080p),http://bantel-cdn1.iptvperu.tv:1935/btnscrtn/entertainment.stream/playlist.m3u8,网络源,https://upload.wikimedia.org/wikipedia/commons/thumb/9/96/E%21_Logo_2012.svg/500px-E%21_Logo_2012.svg.png
E! Latin America Mexico (720p),http://72.1.184.5:8089/play/a05d/index.m3u8,网络源,https://upload.wikimedia.org/wikipedia/commons/thumb/9/96/E%21_Logo_2012.svg/500px-E%21_Logo_2012.svg.png
E-Vidya 4 (576p),http://103.72.101.252:8080/live/406.m3u8,网络源,https://i.imgur.com/0sz6t9F.png
E-Vidya 5 (576p),http://103.72.101.252:8080/live/407.m3u8,网络源,https://i.imgur.com/0sz6t9F.png
E-Vidya 6 (576p),http://103.72.101.252:8080/live/408.m3u8,网络源,https://i.imgur.com/0sz6t9F.png
E-Vidya 7 (576p),http://103.72.101.252:8080/live/404.m3u8,网络源,https://i.imgur.com/0sz6t9F.png
E-Vidya 8 (576p),http://103.72.101.252:8080/live/409.m3u8,网络源,https://i.imgur.com/0sz6t9F.png
E-Vidya 9 (576p),http://103.72.101.252:8080/live/410.m3u8,网络源,https://i.imgur.com/0sz6t9F.png
E-Vidya 10 (576p),http://103.72.101.252:8080/live/411.m3u8,网络源,https://i.imgur.com/0sz6t9F.png
E-Vidya 11 (576p),http://103.72.101.252:8080/live/1410.m3u8,网络源,https://i.imgur.com/0sz6t9F.png
E-Vidya 12 (576p),http://103.72.101.252:8080/live/1532.m3u8,网络源,https://i.imgur.com/0sz6t9F.png
e.tv News & Sport (720p),https://origin2.afxp.telemedia.co.za/abr_kapang/enterepreneur/playlist.m3u8,网络源,https://i.imgur.com/lXMzsNM.png
EAC News TV,https://live.eac-news.com/LiveApp/streams/eacnews.m3u8,网络源,https://i.imgur.com/EuYhS9Z.png
Eawaz TV (720p) [Not 24/7],https://streamer12.vdn.dstreamone.net/saazoawaz/saazoawaz/playlist.m3u8,网络源,https://i.imgur.com/vB4yzen.png
EBC Financial News (1080p) [Not 24/7],http://seb.sason.top/sc/dscjxw_fhd.m3u8,网络源,https://i.imgur.com/uFDkOhV.png
EBC General Education (720p) [Not 24/7],https://iptv.ebc.edu.kh/iptv/channel/1.m3u8,网络源,https://elearning.ebc.edu.kh/pluginfile.php/1/theme_remui/logo/1770608989/ebc-logo.png
EBC News (1080p) [Not 24/7],http://seb.sason.top/sc/dsxw_fhd.m3u8,网络源,https://i.imgur.com/QFZs80p.png
Ebenezer TV (1080p),https://5e85d90130e77.streamlock.net/6010/ngrp:6010_all/playlist.m3u8,网络源,https://i.imgur.com/IC30j61.png
EBN TV (720p) [Not 24/7],https://goliveafrica.media:9998/live/65d8475d1e6cb/index.m3u8,网络源,https://i.imgur.com/NvxqoEn.png
Ebony TV by Lionsgate (1080p),https://aegis-cloudfront-1.tubi.video/a0ad4b53-ab3a-48dd-be12-bc7f533c372c/playlist.m3u8,网络源,https://provider-static.plex.tv/epg/cms/production/234d5377-ab07-41bf-acd6-34c17c1c051a/EbonyTV_Plex_Logo_Light_1500x1000.png
EBS 1TV (400p) [Not 24/7],https://ebsonair.ebs.co.kr/ebs1familypc/familypc1m/playlist.m3u8,网络源,https://upload.wikimedia.org/wikipedia/commons/thumb/e/e2/EBS_1TV_Logo.svg/960px-EBS_1TV_Logo.svg.png
EBS 2TV (400p) [Not 24/7],https://ebsonair.ebs.co.kr/ebs2familypc/familypc1m/playlist.m3u8,网络源,https://upload.wikimedia.org/wikipedia/commons/thumb/d/db/EBS_2TV_Logo.svg/960px-EBS_2TV_Logo.svg.png
EbS (1080p),https://streams.prd.commavservices.eu/live/ebs/index.m3u8,网络源,https://i.imgur.com/DIIRPNN.png
EBS HD (1080p),https://rpn.bozztv.com/ebstv/ebstv/index.m3u8,网络源,https://i.imgur.com/zqbK2IB.png
EBS Cinema (720p),https://rpn.bozztv.com/ebstv/ebscinema/index.m3u8,网络源,https://i.imgur.com/fewPTFE.png
EBS English (400p) [Not 24/7],https://ebsonair.ebs.co.kr/plus3familypc/familypc1m/playlist.m3u8,网络源,https://i.imgur.com/5wLJzb0.png
EBS Kids (400p) [Not 24/7],https://ebsonair.ebs.co.kr/ebsufamilypc/familypc1m/playlist.m3u8,网络源,https://i.imgur.com/62oo8Bx.png
EBS Musika (720p),https://rpn.bozztv.com/ebstv/ebsmusika/index.m3u8,网络源,https://i.imgur.com/lSpplhD.png
EBS Plus 1 (400p),https://ebsonair.ebs.co.kr/plus1familypc/familypc1m/playlist.m3u8,网络源,https://i.imgur.com/aCeuhon.png
EBS Plus 2 (400p),https://ebsonair.ebs.co.kr/plus2familypc/familypc1m/playlist.m3u8,网络源,https://i.imgur.com/pllIMGi.png
EbS+ (1080p),https://streams.prd.commavservices.eu/live/ebsplus/index.m3u8,网络源,https://i.imgur.com/7V012zQ.png
Ecclesia TV (Greece) (1080p),https://liveopen.siliconweb.com/openTvLive/openEcclessia/playlist.m3u8,网络源,https://i.imgur.com/QQSSMZx.png
Ecclesia TV (Ivory Coast),https://video1.getstreamhosting.com:1936/8294/8294/playlist.m3u8,网络源,https://i.imgur.com/mgabVFd.png
Echo24 (720p),https://echo24new.pl/LiveAppStreamECHO24/streams/GL0VksiIgQUS1672825288490.m3u8,网络源,https://i.imgur.com/KPogWAG.png
EchtJetzt TV (720p),https://bibeltv03.iptv-playoutcenter.de/bibeltv03/bibeltv03.stream_all/playlist.m3u8,网络源,https://i.ibb.co/ccNRGVj/download-10.png
Eclipse TV (720p),https://vdo6.instainternet.com:3272/live/jobetalborezlive.m3u8,网络源,https://i.imgur.com/GiDD8xG.jpg
ECO Television (720p),https://live-evg11.tv360.bitel.com.pe/bitel/ecotv/playlist.m3u8,网络源,https://i.imgur.com/ly1KU6w.png
Eco TV,https://stream.arcast.com.ar/ecotv/ngrp:ecotv_all/playlist.m3u8,网络源,https://i.imgur.com/V2ldYVd.jpg
Ecos Canal 57 (1080p) [Not 24/7],https://2-fss-2.streamhoster.com/pl_138/206532-6829872-1/playlist.m3u8,网络源,https://imgur.com/ccFwraQ.png
Ecotel TV (720p),https://ecoteltv.streamseguro.com:5443/LiveApp/streams/streaming.m3u8,网络源,https://i.imgur.com/pVlZUSV.png
Ecovision (720p),https://streaming.grupomediosdelnorte.com:19360/ecovision/ecovision.m3u8,网络源,https://imgur.com/Y4ahiYu.png
Ecuador TV (1080p),http://45.224.97.181:9999/EcuadorTV/index.m3u8,网络源,https://i.imgur.com/hj6EYwe.png
EcuaMundo Radio TV (720p) [Not 24/7],https://pacific.direcnode.com:3353/live/ecuamundotvlive.m3u8,网络源,https://i.imgur.com/EMe5oWn.jpg
Ecuavisa (1080p),http://45.171.108.253:8888/ECUAVISA/index.m3u8,网络源,https://i.imgur.com/Hl5wowk.png
Ecuavisa Guayaquil (1080p) [Not 24/7],https://dai.google.com/linear/hls/event/GyPkTVDZSXGhpOvxPK7m2g/master.m3u8,网络源,https://i.imgur.com/Hl5wowk.png
Eden TV (540p) [Not 24/7],https://rtmp.edentv.bj/hls/stream.m3u8,网络源,https://i.imgur.com/4ClnG0x.png
Edessa TV (1080p),https://canli.edessatv.com/hls/stream.m3u8,网络源,https://i.imgur.com/rhU6j9I.png
EDN TV (1080p) [Not 24/7],https://60417ddeaf0d9.streamlock.net/edntv/videoedntv/playlist.m3u8,网络源,https://i.imgur.com/5fPsYTz.png
EDU TV (576p) [Not 24/7],https://5aa64ca8b95b8.streamlock.net:4443/edutv/edutelevizija/playlist.m3u8,网络源,https://i.imgur.com/NE48DJb.png
Educa TV (720p) [Not 24/7],https://avm.ecuamedia.net/educatv/live/playlist.m3u8,网络源,https://i.imgur.com/nDRVsIc.png
Eduvision (1080p),https://stmv3.voxtvhd.com.br/conex2/conex2/playlist.m3u8,网络源,https://i.imgur.com/ppBdqel.png
EET TV (1080p) [Not 24/7],https://eu.streamjo.com/eetlive/eettv.m3u8,网络源,https://i.imgur.com/rntSEDZ.png
EGM Channel (480p),https://paneltv.online:1936/8186/8186/playlist.m3u8,网络源,https://i.imgur.com/RXRKPvs.png
Egnatia TV (576p),https://video.streams.ovh:1936/egnatiatv/egnatiatv/index.m3u8,网络源,https://i.imgur.com/zuyYIca.png
Egyker TV (1080p),https://iptv01.eurocable.co.hu/EC-EGYKERTVHD/index.m3u8,网络源,https://i.imgur.com/yhMhvPq.png
Ekamra Bharat Odia (400p),https://live.ekamraott.com/bharat/bharat/index.m3u8,网络源,https://jiotv.catchup.cdn.jio.com/dare_images/images/Ekamra_Bharat_Odia.png
Ekhon TV (1080p),https://tplay.live/out/bangladesh/ekhontv.index.m3u8,网络源,https://i.imgur.com/tRrDh6z.png
EKids (576p),http://78.108.244.134:8899/ekids,网络源,
Ekoturk (720p),https://cdn.ekoturk.net/hls/master.m3u8,网络源,https://www.dsmart.com.tr/epg/images/0x60/5ffc18c6cfef0b15933a8b65
Ekran Movies,https://ca-rt.onetv.app/EkranMovies/index-0.m3u8?token=onetv202,网络源,https://i.ibb.co/WNyssx28/Screenshot-2025-05-18-211143.png
Ekushey TV (480p),https://ekusheyserver.com/etvlivesn.m3u8,网络源,https://i.imgur.com/lRpkGHj.png
El 3 de Conce,https://5ff3d9babae13.streamlock.net/xedkektnqj/xedkektnqj/playlist.m3u8,网络源,https://i.imgur.com/KvsrWyE.png
El 15 TV (720p) [Not 24/7],https://streaming.grupocsanetwork.com:19360/canal15/canal15.m3u8,网络源,https://i.imgur.com/LsrCVy3.jpg
El 33 (1080p) [Geo-blocked],https://directes-tv-cat.3catdirectes.cat/live-content/c33-super3-hls/master.m3u8,网络源,https://i.imgur.com/frKCBTN.png
El 33 Originals (1080p) [Not 24/7],https://directes-tv-int.3catdirectes.cat/live-content/c33-super3-hls/master.m3u8,网络源,https://i.imgur.com/frKCBTN.png
El Camino TV (480p),https://5d32e2b9b7eed.streamlock.net:4443/ectv/ectv/playlist.m3u8,网络源,https://i.imgur.com/ZSktjGB.png
El Canal Feliz (720p),http://streaming.multicontenidos.cl:8081/live/canalfeliz/playlist.m3u8,网络源,https://i.imgur.com/UlmYraS.png
El Centro TV (720p),https://v1.tustreaming.cl/diarioelcentrotv/index.m3u8,网络源,https://i.imgur.com/2KqGHvA.png
El Chavo TV (720p),https://live20.bozztv.com/giatvplayout7/giatv-211465/playlist.m3u8,网络源,https://gia.tv/streams/pptv/211465.png
El Comisario,https://jmp2.uk/plu-60c343007bcabe0007242aa6.m3u8,网络源,https://i.imgur.com/XYt8utn.png
EL DEBER (1080p),https://master.tucableip.com/eldebertv/index.m3u8,网络源,https://www.trabajopolis.bo/attachment/images/cw600_ch315_sw585_sh300_clfff_q100_id618378_8e3aaf1db590f10.jpeg
El encantador de perros,https://jmp2.uk/plu-60e45687313c5f0007bc8e94.m3u8,网络源,https://i.imgur.com/hYqjQ1n.png
El Gourmet (1080p),http://15.204.246.24:8080/ElGourmetHD/index.m3u8,网络源,https://i.imgur.com/ByMyRI9.png
El Gourmet South (1080p),https://iptv.bitred.cl/ELGOURMET_HD/index.m3u8,网络源,https://i.imgur.com/ByMyRI9.png
El Mueble (720p),https://jmp2.uk/plu-690dd10a37b131228d76d5b1.m3u8,网络源,https://provider-static.plex.tv/epg/cms/production/d64983e2-55b1-410b-9599-98a28f7b94ba/Logo_ElMueble_1500x1000_AllWhite_-_Belen_Bruno.png
El Mundo del Campo (720p),https://movil.ejeserver.com/live/elmundodelcampo.m3u8,网络源,https://i.imgur.com/xG2apUG.jpeg
El Nueve (1080p),http://15.204.246.24:8080/elnueveHD/index.m3u8,网络源,https://i.imgur.com/cJHP7bU.png
El Pinguino TV (720p),https://redirector.dps.live/hls/pinguinotv/playlist.m3u8,网络源,https://i.imgur.com/ikEs9b8.png
El Pituco TV (720p),https://imagenuniversaltv.net:3439/live/elpitucolive.m3u8,网络源,https://elpituco.com/wp-content/uploads/2021/04/ElPituco.png
El Puerto TV (720p),https://5bf8041cb3fed.streamlock.net/PuertoTV/PuertoTV/playlist.m3u8,网络源,https://i.imgur.com/FnshExB.jpg
El Radar (720p),https://video.ipstream.cl:3459/hybrid/play.m3u8,网络源,https://cdn.m3u.cl/logo/1743_El_Radar.png
El Radio 9090 FM (480p),https://9090video.mobtada.com/hls/stream.m3u8,网络源,https://www.9090.fm/images/logo.png
El Rey,https://stream.ads.ottera.tv/playlist.m3u8?network_id=1544,网络源,https://i.imgur.com/u8hbbij.png
El Seis 6 (1080p) [Not 24/7],https://stream.elseis.do/canal6/live_1080.m3u8,网络源,https://elseis.do/wp-content/uploads/2025/02/logo-el-seis-horizontal.png
El Sembrador Nueva Evangelizacion ESNE,http://190.61.90.17:40000/play/a025/index.m3u8,网络源,https://i.imgur.com/APhSi1Y.jpg
El Siete (1080p),https://edgectc.com/CANAL7_MZA/index.m3u8,网络源,https://i.imgur.com/yKb7nfP.png
El Sol Network TV (1080p),https://tv.wracanal10.com:3025/live/elsoltvlive.m3u8,网络源,https://i.imgur.com/TIH3zlP.png
El Sonorense (1080p) [Not 24/7],https://s5.mexside.net:1936/elsonorense/elsonorense/playlist.m3u8,网络源,https://i.imgur.com/aKvPd4g.jpg
El Toro TV (720p),https://streaming-1.eltorotv.com/lb0/eltorotv-streaming-web/index.m3u8,网络源,https://upload.wikimedia.org/wikipedia/commons/9/93/Eltorotv.png
El Trece (1080p),http://15.204.246.24:8080/eltreceHD/index.m3u8,网络源,https://i.imgur.com/TrgBAdA.png
EL TV,https://live.eltv.az/live/eltv/playlist.m3u8,网络源,https://i.imgur.com/tTlokZ2.png
El Watania 1 (1080i),https://sw1.tanitweb.net/TunisiaTV/_definst_/watania1/chunklist.m3u8,网络源,https://i.imgur.com/gNr2V14.png
El Watania 2 (1080p),https://sw1.tanitweb.net/TunisiaTV/_definst_/watania2/playlist.m3u8?DVR,网络源,https://i.imgur.com/kgkrD3V.png
El-Heddaf TV (1080p),https://live.elheddaftv.com:8081/elheddaftv/index.m3u8,网络源,https://i.imgur.com/cDkIDIA.png
El-Roi TV (720p),https://cdn.streamhispanatv.net:3648/live/elroitvlive.m3u8,网络源,https://i.imgur.com/h8S0eA4.png
Elbeshara GTV (1080p) [Not 24/7],http://media3.smc-host.com:1935/elbesharagtv.com/gtv.smil/playlist.m3u8,网络源,https://i.imgur.com/b0Wx7pE.png
Elche 7 TV (576p),https://elche7tv.gestec-video.com/hls/canal2.m3u8,网络源,https://i.imgur.com/tjI0dLx.png
eldo.TV (1080p),https://stream.eldo.lu/data/live/tele/eldotv/1080p.m3u8,网络源,https://i.imgur.com/vCMQLlt.png
Electric Now (720p),https://amg01705-amg01705c1-amgplt0095.playout.now3.amagi.tv/playlist.m3u8,网络源,https://provider-static.plex.tv/epg/cms/production/7685b801-1ef6-4098-947a-4ccada912e33/Electric_Now_Logo_For_Dark_Background_EN.png
Elektrika TV (1080p),https://rtmp.elektrika.cz/live/myStream.sdp/playlist.m3u8,网络源,https://i.imgur.com/OLd5od5.png
Elemental Channel (1080p),https://5d82644094cc0.streamlock.net/8116/8116/playlist.m3u8,网络源,https://i.imgur.com/8upyApg.png
Elevate TV (720p) [Not 24/7],https://goliveafrica.media:9998/live/64a98a7eac12a/index.m3u8,网络源,https://i.imgur.com/M7xaQ7o.jpg
Elevation Church Network (1080p),https://linear-1066.frequency.stream/dist/stirr/1066/hls/master/playlist.m3u8,网络源,https://i.imgur.com/VosP75g.png
Elias Pina TV (720p) [Not 24/7],https://cloud2.streaminglivehd.com:1936/8078/8078/playlist.m3u8,网络源,https://i.imgur.com/VqxSsZD.png
Elim TV (480p) [Not 24/7],https://stream.soporteccrtv.xyz/hls/master-dveo.m3u8,网络源,https://i.imgur.com/payIg0N.png
Elive TV Brescia (720p) [Not 24/7],https://59d7d6f47d7fc.streamlock.net/elivebresciatv/elivebresciatv/playlist.m3u8,网络源,https://i.imgur.com/gZxjLph.png
Ellinikos FM (720p),https://rtmp.win:3603/live/ellinikosfmlive.m3u8,网络源,https://i.ibb.co/y0ydCNB/unnamed-4.png
Elrodi TV (576p),http://5.254.89.106/8718/index.m3u8,网络源,https://i.imgur.com/9oSm30W.png
Elsharq TV (1080p) [Not 24/7],https://mn-nl.mncdn.com/elsharq_live/live/playlist.m3u8,网络源,https://i.imgur.com/8vmfZb5.png
ElTR (480p) [Not 24/7],http://gohoski.fvds.ru:3000/mediabay/162/index.m3u8,网络源,https://i.ibb.co/r6czQwQ/365049798-774721644658455-5702658175909463406-n-2.png
Elwatania TV (1080i),https://livesstream.work.gd:5443/WebRTCApp/streams/stream.m3u8,网络源,https://i.imgur.com/NKR8WFq.png
ElyTV (360p),https://stmv1.srvsite.com/ely/ely/playlist.m3u8,网络源,https://i.imgur.com/1eHNe91.png
Eman Channel (576p),https://ap02.iqplay.tv:8082/iqb8002/3m9n/playlist.m3u8,网络源,https://i.imgur.com/ugn0DWe.png
EmanTv (1080p),https://avr.host247.net/live/emantv/playlist.m3u8,网络源,https://i.imgur.com/QmgaPSi.png
EMI TV,https://astra.emitv.ro/hls/emi/index.m3u8,网络源,https://i.imgur.com/B5zssCz.png
Emisora Comunitaria 104.1 FM,https://104florencia.co/wp-admin/admin-ajax.php?action=frp_hls_proxy&url=https://streamyes.alsolnet.com/comunitariafm/live/playlist.m3u8,网络源,https://i.imgur.com/SQ79Wsb.png
Emocion TV (720p),https://v1.tustreaming.cl/emociontv/index.m3u8,网络源,https://i.imgur.com/OJ3omla.jpeg
Emotion L (1080p),https://rakutenaa-zylo-emotional-rakuten-r1zkm.amagi.tv/playlist/rakutenAA-zylo-emotional-rakuten/playlist.m3u8,网络源,https://i.imgur.com/MP34aaj.png
Empenos a lo bestia,https://jmp2.uk/plu-60218baa464ef900073168c1.m3u8,网络源,https://i.imgur.com/EOttSdW.png
Emporda TV (1080p),https://video3.lhdserver.es/empordatv2/live.m3u8,网络源,https://i.imgur.com/jc0lUbX.png
En el punto de mira,https://jmp2.uk/plu-61922be835f3910007fc58f6.m3u8,网络源,https://i.imgur.com/E9grXd9.png
En Linea Maule (720p),https://v2.tustreaming.cl/enlineamauletv/index.m3u8,网络源,https://enlineamaule.cl/wp-content/uploads/2025/08/En-linea-Maule841351465.png
ENA Channel (1080p),https://cdn5.smart-tv-data.com/ena/ena_channel/playlist.m3u8,网络源,https://i.imgur.com/3g3yjAq.png
EnerGeek FAN (1080p),https://backend.energeek.cl/webtv/egfanweb/index.m3u8?token=ZZDemoIPTVGH,网络源,https://cdn.energeek.cl/logos/EG-Fan-2025_pfp.png
EnerGeek Radio (1080p),https://backend.energeek.cl/webtv/egradioweb/index.m3u8?token=ZZDemoIPTVGH,网络源,https://cdn.energeek.cl/logos/EG-Radio-2025_pfp.png
Energia TV (720p) [Not 24/7],https://sincerecloud.stream/loadbalancer/public/actMdyoE.m3u8,网络源,https://i.imgur.com/GVKjI5c.jpeg
Energy,https://ncdn.telewebion.ir/baenergy/live/playlist.m3u8,网络源,https://static.telewebion.com/channelsLogo/9c150d8a-c4ab-4f72-9fb6-4e3fb65fc5ee/default
Enfoque Digital TV,https://5eaccbab48461.streamlock.net:1936/8074/8074/playlist.m3u8,网络源,https://i.imgur.com/GaJzjt5.png
English Class (1080p),http://31.148.48.15/English_club_TV_HD/index.m3u8,网络源,https://i.imgur.com/gst7wW7.png
English Club TV (576i),https://stream8.cinerama.uz/1442/tracks-v1a1/mono.m3u8,网络源,https://i.imgur.com/9FMvaRK.png
Enisey (576p),http://tshift-1.telecoma.tv/enisei/index.m3u8,网络源,https://i.imgur.com/57deE7f.png
Enlace (1080p),http://138.121.15.230:9002/ENLACE/index.m3u8,网络源,https://i.imgur.com/YwUVTmS.png
Enlace Juvenil,https://livecdnusa.enlace.plus/ejtv/smil:ejtv-hd.smil/playlist.m3u8,网络源,https://i.imgur.com/GfpPQ5D.png
Enntivision (1080p) [Not 24/7],https://edge.essastream.com/enntivision/playlist.m3u8,网络源,https://i.imgur.com/nePOFZW.png
ENT Channel (720p),https://cdn.global.elektamedia.com/live/c7eds/ENT_Channel/SA_LIVE_hls_enc/master.m3u8,网络源,https://static.elektamedia.com/ch/entch.png
ENT Family (720p),https://cdn.global.elektamedia.com/live/c7eds/ENT_Family/SA_LIVE_hls_enc/master.m3u8,网络源,https://static.elektamedia.com/ch/entf.png
entelevision (1080p) [Not 24/7],https://stream.haislin.com/entelevision/index.m3u8,网络源,https://i.imgur.com/gVtLpMD.png
Entella TV (720p) [Not 24/7],https://5f22d76e220e1.streamlock.net/EntellaTV/EntellaTV/playlist.m3u8,网络源,https://i.imgur.com/pGJcMmB.png
Enterate RD [Not 24/7],https://5790d294af2dc.streamlock.net/enteraterd/enteraterd/playlist.m3u8,网络源,https://www.vivalivetv.com/public/files/shows/0/1/3508-294x165-FFFFFF.jpg
Enterr 10 Bangla (576p),https://mumt07.tangotv.in/zHjX9OFlENTERR10BANGLA/index.m3u8,网络源,https://xstreamcp-assets-msp.streamready.in/assets/LIVETV/LIVECHANNEL/LIVETV_LIVETVCHANNEL_ENTERR10_BANGLA/images/LOGO_HD/image.png
Entertainment Tonight (1080p),https://enterbcef94b.airspace-cdn.cbsivideo.com/master.m3u8,网络源,https://upload.wikimedia.org/wikipedia/commons/thumb/3/3f/Entertainment_Tonight_2021.svg/960px-Entertainment_Tonight_2021.svg.png
EntrepreneurTV (720p),https://stream-us-east-1.getpublica.com/playlist.m3u8?network_id=2506,网络源,https://i.imgur.com/isRfHYZ.png
Entuno TV (1080p) [Not 24/7],https://soportedvb.click:3442/live/entunotvlive.m3u8,网络源,https://imgur.com/U9OsybQ.jpg
EPA! TV (720p),https://live-evg10.tv360.bitel.com.pe/bitel/epatv/playlist.m3u8,网络源,https://cdn.m3u.cl/logo/1649_EPA__TV.png
Epic Bharat (576p),https://mumt06.tangotv.in/qYyB8fXVEPICTV/index.m3u8,网络源,https://dtil.tmsimg.com/assets/GNLZZGG0032BW6T.png?lock=720x540
Epic Bharat Digital (1080p),https://cc-p1izg43bk7sj5.akamaized.net/v1/master/3722c60a815c199d9c0ef36c5b73da68a62b09d1/cc-p1izg43bk7sj5/DIYC/PMSL/IN10/Nazara_IN_B/Nazara_IN_B.m3u8,网络源,https://dtil.tmsimg.com/assets/GNLZZGG0032BW6T.png?lock=720x540
Epic Bhojpuri (576p),https://mumt01.tangotv.in/O5aw8Zn3EPICBHOJPURI/index.m3u8,网络源,https://dtil.tmsimg.com/assets/GNLZZGG0032BVJ8.png?lock=720x540
Epic Bhojpuri Digital (1080p),https://cc-8hy4a26pz2uos.akamaized.net/v1/master/3722c60a815c199d9c0ef36c5b73da68a62b09d1/cc-8hy4a26pz2uos/playlist.m3u8,网络源,https://dtil.tmsimg.com/assets/GNLZZGG0032BVJ8.png?lock=720x540
Epic Crimes (1080p),https://cc-wsuyg2uxeak04.akamaized.net/v1/master/3722c60a815c199d9c0ef36c5b73da68a62b09d1/cc-wsuyg2uxeak04/master.m3u8,网络源,https://i.imgur.com/EFDsCkH.png
Epic Kids Digital (1080p),https://cc-t8lqe1o99pszu.akamaized.net/v1/master/3722c60a815c199d9c0ef36c5b73da68a62b09d1/cc-t8lqe1o99pszu/playlist.m3u8,网络源,https://xstreamcp-assets-msp.streamready.in/assets/LIVETV/LIVECHANNEL/LIVETV_LIVETVCHANNEL_GUBBARE/images/LOGO_HD/image.png
Epic Music (576p),https://mumt04.tangotv.in/m18aqlK4EPICMUSIC/index.m3u8,网络源,https://xstreamcp-assets-msp.streamready.in/assets/LIVETV/LIVECHANNEL/LIVETV_LIVETVCHANNEL_SHOWBOX/images/LOGO_HD/image.png
Epic Music Digital (1080p),https://cc-3cyxq80qusspd.akamaized.net/v1/master/3722c60a815c199d9c0ef36c5b73da68a62b09d1/cc-3cyxq80qusspd/playlist.m3u8,网络源,https://xstreamcp-assets-msp.streamready.in/assets/LIVETV/LIVECHANNEL/LIVETV_LIVETVCHANNEL_SHOWBOX/images/LOGO_HD/image.png
Epic TV Digital (1080p),https://cc-czbq30x55knit.akamaized.net/v1/master/3722c60a815c199d9c0ef36c5b73da68a62b09d1/cc-czbq30x55knit/DIYC/PMSL/IN10/Epic_TV_IN_B/Epic_TV_IN_B.m3u8,网络源,https://xstreamcp-assets-msp.streamready.in/assets/LIVETV/LIVECHANNEL/LIVETV_LIVETVCHANNEL_EPIC/images/LOGO_HD/image.png
Epiloges TV,https://gra1.crystalweb.net:1936/epilogestv/epilogestv/playlist.m3u8,网络源,https://i.imgur.com/3S4P7ob.png
Epirus TV1 (720p),https://rtmp.win:3929/live/epiruslive.m3u8,网络源,https://i.imgur.com/nYVqhu8.png
EPlanet TV,https://eplhls.wns.live/hls/stream.m3u8,网络源,
Equidia (1080p),https://raw.githubusercontent.com/Paradise-91/ParaTV/main/streams/equidia/live2.m3u8,网络源,https://i.imgur.com/QPpbRcZ.png
Erbol (720p),https://twitch-m3u8.bastypro112.workers.dev/erboldigital/index.m3u8,网络源,https://i.imgur.com/hn1KI7t.png
Erfan Halgheh TV (720p),https://hls.erfanhalgheh.live/hls/stream.m3u8,网络源,https://i.ibb.co/mGC5BMR/erfan-halgheh-tv-au.png
ERi-TV 1 (576p),https://jmc-live.ercdn.net/eritreatv/eritreatv.m3u8,网络源,https://i.imgur.com/bTR0Huw.png
ERT3 (1080p),https://ert-ucdn.broadpeak-aas.com/bpk-tv/ERT3/default/index.m3u8,网络源,https://i.imgur.com/f2l9bDR.png
ERT Cosmos (1080p),https://ert-ucdn.broadpeak-aas.com/bpk-tv/ERTCosmos/default/index.m3u8,网络源,https://upload.wikimedia.org/wikipedia/commons/thumb/b/b7/ERT_Cosmos_Logo_2026.svg/960px-ERT_Cosmos_Logo_2026.svg.png
ERT News HD (1080p),https://ert-ucdn.broadpeak-aas.com/bpk-tv/ERTNews/default/index.m3u8,网络源,https://i.imgur.com/HXbsPfB.png
ERT Sports 1 (1080p),http://hbbtvapp.ert.gr/stream.php/v/vid_ertsports_mpeg.2ts,网络源,https://i.imgur.com/EsczO2H.png
ERT Sports 2 (1080p),http://hbbtvapp.ert.gr/stream.php/v/vid_ertplay2_mpeg.2ts,网络源,https://i.imgur.com/b2SNQPi.png
Ertis (1080p) [Not 24/7],https://stream.kaztrk.kz/regional/pavlodartv/index.m3u8,网络源,https://i.imgur.com/tghMiwW.png
Ertsulovneba,https://stream.sstv.ge/live/sstv/playlist.m3u8,网络源,https://i.imgur.com/KuuODMM.png
ERTV (1080p) [Geo-blocked],https://live.artidijitalmedya.com/artidijital_ertv_new/ertv/playlist.m3u8,网络源,https://i.imgur.com/VDGEPrD.png
Erz-TV Stollberg (576p),https://5acade5fc0c29.streamlock.net/kabeljournal/live2020.stream/playlist.m3u8,网络源,https://i.imgur.com/6FHl9B1.png
Erzurum Web TV (720p),https://win29.yayin.com.tr/erzurumwebtv/erzurumwebtv/iptvdelisi.m3u8,网络源,https://i.imgur.com/HF7N4Li.png
ES TV (720p),https://live.artidijitalmedya.com/artidijital_estv/estv/playlist.m3u8,网络源,https://i.imgur.com/epAEBrp.png
Esaie 45 Tele,https://stream.berosat.live/hls/esaie45-tv/esaie45-tv.m3u8,网络源,https://i.imgur.com/nc9QBnD.png
Escambia County TV (720p),https://cpcdn.azureedge.net/ESCAMBIACOFLLIVE1/ESCAMBIACOFLLIVE1/playlist.m3u8,网络源,https://i.imgur.com/TAvJdpo.png
Escuchame Radio TV (720p) [Not 24/7],https://stmv1.transmissaodigital.com/pedro9800/pedro9800/playlist.m3u8,网络源,https://i.imgur.com/gt6UvG8.png
Eshragh Network,https://ncdn.telewebion.ir/eshragh/live/playlist.m3u8,网络源,https://encrypted-tbn0.gstatic.com/images?q=tbn:ANd9GcR3AM7W8mE877olzjDXmTN_Sxn_cmR_WAlDKPmE62G8E3cJPJwKdRnIa42quYie9z71Lwo&usqp=CAU
Eslah TV (720p),https://eslahtvhls.wns.live/hls/stream.m3u8,网络源,https://i.imgur.com/To7VnsA.png
Espace TV (1080p),https://edge11.vedge.infomaniak.com/livecast/ik:espacetv/manifest.m3u8,网络源,https://i.imgur.com/R5tbzFI.png
Espansione TV (576p),https://b53136fc0d724da78cac7754d601393d.msvdn.net/live/S13070333/lgUidxJCmpO3/playlist.m3u8,网络源,https://i.imgur.com/NZJi7mm.png
Esperia TV (480p),http://wms.shared.streamshow.it/esperiatv/esperiatv/playlist.m3u8,网络源,https://upload.wikimedia.org/wikipedia/commons/8/81/ESPERIATV18_verde.png
Espiritu Santo Y Fuego TV (480p),https://inliveserver.com:1936/8392/8392/playlist.m3u8,网络源,https://i.imgur.com/8mdSWO4.jpg
ESPN 3 (1080p),http://190.83.2.182:8090/ESPN3/index.m3u8,网络源,https://upload.wikimedia.org/wikipedia/commons/thumb/5/51/ESPN3_Logo.png/960px-ESPN3_Logo.png
ESPN 4 (1080p),http://181.78.197.59:8000/play/a07n/index.m3u8,网络源,https://upload.wikimedia.org/wikipedia/commons/thumb/7/78/ESPN_4_logo.svg/960px-ESPN_4_logo.svg.png
ESPN8: The Ocho (1080p),https://d3b6q2ou5kp8ke.cloudfront.net/ESPNTheOcho.m3u8,网络源,https://images.fubo.tv/channel-config-ui/station-logos/on-dark/espn_8_the_ocho_bw.png
ESPN (1080p),http://181.78.197.59:8000/play/a07z/index.m3u8,网络源,https://upload.wikimedia.org/wikipedia/commons/thumb/2/2f/ESPN_wordmark.svg/960px-ESPN_wordmark.svg.png
ESPN Deportes HD (720p),http://168.228.44.241:9998/play/a0dz/index.m3u8,网络源,https://imgx.fubo.tv/station_logos/espn-hd-deportes_c.png
ESPNews (720p),http://41.205.93.154/ESPNNEWS/index.m3u8,网络源,https://upload.wikimedia.org/wikipedia/commons/thumb/1/1b/ESPNews.svg/960px-ESPNews.svg.png
ESPNU (720p),http://23.237.104.106:8080/USA_ESPNU/index.m3u8,网络源,https://i.imgur.com/HiBrysh.png
ESPNU HD (720p),http://85.237.89.160:9590/usa-s/ESPN-U-HD/index.m3u8,网络源,https://i.imgur.com/HiBrysh.png
Esport3 (1080p) [Geo-blocked],https://directes-tv-cat.3catdirectes.cat/live-content/esport3-hls/master.m3u8,网络源,https://upload.wikimedia.org/wikipedia/commons/thumb/9/9a/Esport3.svg/960px-Esport3.svg.png
Esport3 Originals (1080p) [Not 24/7],https://directes-tv-int.3catdirectes.cat/live-content/esport3-hls/master.m3u8,网络源,https://upload.wikimedia.org/wikipedia/commons/thumb/9/9a/Esport3.svg/960px-Esport3.svg.png
eSports Max TV,https://cdnlive.klicgo.net/esportsmax/live/playlist_dvr.m3u8,网络源,https://i.imgur.com/OprRgQN.png
Espreso TV (1080p),https://api-tv.ipnet.ua/api/v1/manifest/2118742594.m3u8,网络源,https://i.imgur.com/xNatV8K.png
Estacion Limache TV (720p),https://v4.tustreaming.cl/limachemovil/index.m3u8,网络源,https://i.imgur.com/YAADx7P.png
Estacion TV (720p),https://unlimited1-cl-isp.dps.live/supersonikatv/supersonikatv.smil/playlist.m3u8,网络源,https://i.imgur.com/eICyrPP.png
Este Canal TV (576p),http://synclosdragos1.syncsolutions.es:8008/live3/emision/index.m3u8,网络源,https://i.imgur.com/jDT5XFs.jpg
Estepona Television (720p),https://cloudvideo.servers10.com:8081/8022/index.m3u8,网络源,https://i.imgur.com/rMAB720.png
Estrella Games (1080p),https://estrella-games-oando.amagi.tv/playlist.m3u8,网络源,https://i.imgur.com/Z52nEnH.png
Estrella News (1080p),https://estrella-news-oando.amagi.tv/playlist.m3u8,网络源,https://i.imgur.com/HRrkhLq.png
Estrella TV (1080p),https://estrellatv-oando.amagi.tv/playlist.m3u8,网络源,https://i.imgur.com/IZxjnyp.png
Estrella TV WMBC-TV (720p),http://d029dcec.kazmazpaz.ru/iptv/GVR4V8HYAGBS5V/1098/manifest.m3u8,网络源,https://i.imgur.com/IZxjnyp.png
ESTV (420p),https://cloudfront44.lexanetwork.com:1344/relay01/HDE032.sdp/playlist.m3u8,网络源,https://i.imgur.com/OCZ8CfK.png
ETB 1 (1080p) [Geo-blocked],https://cdn1.etbon.eus/etb1/index.m3u8,网络源,https://upload.wikimedia.org/wikipedia/commons/thumb/f/f4/ETB1_2022_logo.svg/960px-ETB1_2022_logo.svg.png
ETB1 On (1080p),https://cdn1.etbon.eus/etb1on/index.m3u8,网络源,https://upload.wikimedia.org/wikipedia/commons/5/52/Logo_ETB1_On_2026.svg
ETB 2 (1080p) [Geo-blocked],https://cdn1.etbon.eus/etb2/index.m3u8,网络源,https://upload.wikimedia.org/wikipedia/commons/thumb/c/c4/ETB2_2022_logo.svg/960px-ETB2_2022_logo.svg.png
ETB2 On (1080p),https://cdn1.etbon.eus/etb2on/index.m3u8,网络源,https://upload.wikimedia.org/wikipedia/commons/f/f5/Logo_ETB2_On_2026.svg
ETB Events 1 (1080p),https://cdn1.etbon.eus/oc1/index.m3u8,网络源,https://i.imgur.com/bVUEmx9.png
ETC TV (1080p),http://cdn1tlinkgo.tlink.cl/etc/mono.m3u8,网络源,https://i.postimg.cc/RVYgh7h9/ETC-Logo.png
Etna Espresso Channel (720p),https://5db313b643fd8.streamlock.net/Etnachannelponte/Etnachannelponte/playlist.m3u8,网络源,https://i.imgur.com/lSI5QgV.png
Etno TV,https://hls02ns.antenaplay.ro/hls/etno-tv-sd/index.m3u8,网络源,https://i.imgur.com/jzhZ8kl.png
ETV 2 (720p),https://sb.err.ee/live/etv2.m3u8,网络源,https://i.imgur.com/fUjGHDa.png
ETV (Estonia) (720p),https://sb.err.ee/live/etv.m3u8,网络源,https://i.imgur.com/5URjPgG.png
ETV (Guadeloupe) (1080p),https://edge12.vedge.infomaniak.com/livecast/ik:etvgp/manifest.m3u8,网络源,https://i.imgur.com/m5E2VP0.png
ETV (Thailand) (1080p),http://150.95.66.20:1935/live/livestream/playlist.m3u8,网络源,https://i.imgur.com/HTnQGcs.png
ETV Andhra Pradesh (1080p),https://d1g35elx8qnif3.cloudfront.net/v1/master/9d43eacaed199f8d5883927e7aef514a8a08e108/ETV_AP_H264_cloud_in/index.m3u8,网络源,https://i.imgur.com/pFNCRnf.png
ETV Bal Bharat (576p),http://103.185.24.134:3001/ETV-BAL-BHARAT/index.m3u8,网络源,https://i.imgur.com/zsTxPV9.png
ETV Beats (1080p),https://jmp2.uk/stvp-IN4900002RV,网络源,https://jiotvimages.cdn.jio.com/dare_images/images/ETVBeats1.png
ETV Cinema (396p),https://yupplivegcpusa.yuppcdn.net/100823/smil:etvcinema.smil/playlist.m3u8?hdnts=st=1735898689~exp=1835898688~acl=*~hmac=f5fe24724fe05481e3841f9eb5ab8efdee0a3dd83645ae9dcf45703f525bab7b,网络源,https://dtil.tmsimg.com/assets/s143026_ld_h15_aa.png?lock=720x540
ETV Cinema HD (1080p),https://d27zlkxhgwrfgo.cloudfront.net/v1/master/9d43eacaed199f8d5883927e7aef514a8a08e108/ETV_CINEMA_H264_cloud_in/index.m3u8,网络源,https://dtil.tmsimg.com/assets/s143026_ld_h15_aa.png?lock=720x540
ETV Comedy (1080p),https://cc-wie8j8y69d2uy.akamaized.net/WWBI/Amagi/ETV_Comedy_IN/playlist.m3u8,网络源,https://jiotvimages.cdn.jio.com/dare_images/images/ETV_Comedy.png
ETV Josh (1080p),https://cc-uyh1ow5zouoio.akamaized.net/WWBI/Amagi/ETV_Josh_IN/playlist.m3u8,网络源,https://jiotvimages.cdn.jio.com/dare_images/images/ETV_Josh.png
ETV Kayseri (720p),https://live.artidijitalmedya.com/artidijital_etv/etv/playlist.m3u8,网络源,https://yt3.googleusercontent.com/ytc/AIdro_msPtG6zfPKIJIIdvG4dehXLoVoXcHM2-2HL9YxsNYzGQ=s512-c-k-c0x00ffffff-no-rj
ETV Life (1080p),https://mumbai-edge.smartplaytv.in/ETVLIFE/index.m3u8,网络源,https://xstreamcp-assets-msp.streamready.in/assets/LIVETV/LIVECHANNEL/LIVETV_LIVETVCHANNEL_ETV_LIFE/images/LOGO_HD/image.png
ETV Manisa (1080p) [Not 24/7],https://edge1.socialsmart.tv/manisaetv/bant1/playlist.m3u8,网络源,https://i.ibb.co/QKXtdkz/sOd3INg.png
eTv Marche (720p),https://live.ipstream.it/etvmarche/etvmarche.stream/playlist.m3u8,网络源,https://i.imgur.com/U6OW577.png
ETV Music (1080p),https://mumbai-edge.smartplaytv.in/ETVABHIRUCHI/index.m3u8,网络源,https://jiotvimages.cdn.jio.com/dare_images/images/ETVMusic12.png
ETV News (1080p),https://cc-3448kp65yhc5w.akamaized.net/WWBI/Amagi/ETV_News_IN/playlist.m3u8,网络源,https://jiotvimages.cdn.jio.com/dare_images/images/ETV_News.png
ETV Plus (396p),https://yupplivegcpusa.yuppcdn.net/100823/smil:etvplus.smil/playlist.m3u8?hdnts=st=1735898689~exp=1835898688~acl=*~hmac=f5fe24724fe05481e3841f9eb5ab8efdee0a3dd83645ae9dcf45703f525bab7b,网络源,https://xstreamcp-assets-msp.streamready.in/assets/LIVETV/LIVECHANNEL/LIVETV_LIVETVCHANNEL_ETV_PLUS/images/LOGO_HD/image.png
ETV Plus HD (1080p),https://d12ee3o8yfkkhd.cloudfront.net/c6a4b411295f47f48c908d2ac0605bad/index.m3u8,网络源,https://xstreamcp-assets-msp.streamready.in/assets/LIVETV/LIVECHANNEL/LIVETV_LIVETVCHANNEL_ETV_PLUS/images/LOGO_HD/image.png
eTv Rete 7 (720p),https://live.ipstream.it/etv/etv.stream/playlist.m3u8,网络源,https://i.imgur.com/xYVI5OC.png
ETV Telangana (1080p),https://d37d7pfp7vjqhh.cloudfront.net/v1/master/9d43eacaed199f8d5883927e7aef514a8a08e108/ETV_TS_H264_cloud_in/index.m3u8,网络源,https://dtil.tmsimg.com/assets/s143032_ld_h15_aa.png?lock=720x540
ETV Telugu HD (1080p),https://d27zlkxhgwrfgo.cloudfront.net/v1/master/9d43eacaed199f8d5883927e7aef514a8a08e108/ETV_HD_H264_cloud_in/index.m3u8,网络源,https://xstreamcp-assets-msp.streamready.in/assets/LIVETV/LIVECHANNEL/LIVETV_LIVETVCHANNEL_ETV_HD/images/LOGO_HD/image.png
ETV+ (720p),https://sb.err.ee/live/etvpluss.m3u8,网络源,https://upload.wikimedia.org/wikipedia/commons/a/a2/ETV%2B_logo.png
EU Music (1080p),http://stream.mcquack.net/261/index.m3u8,网络源,https://i.imgur.com/fJdvyrG.png
Eurasia (720p),https://infochh.trkeurasia.ru/hlsinfoch/infochhd.m3u8,网络源,https://i.imgur.com/4JUHIVS.png
Eureka (1080p) [Geo-blocked],https://mdstrm.com/live-stream-playlist/6952e02d19eabace52e2885f.m3u8,网络源,https://i.imgur.com/WgnZPol.png
Euro D (720p),https://live.duhnet.tv/S2/HLS_LIVE/eurodnp/playlist.m3u8,网络源,https://i.imgur.com/x9kHsXo.png
Euro Indie Music Chart TV (360p),http://178.33.224.197:1935/euroindiemusic/euroindiemusic/playlist.m3u8,网络源,https://i.imgur.com/lF0iofX.png
Euro TV (Greece) (432p),https://lbgo.bozztv.com/ssh101/ssh101/eurotvlive/playlist.m3u8,网络源,https://www.eurotv.gr/wp-content/uploads/2018/03/ima-euro-channel-190-x-400.png
Euro TV (Italy) (720p) [Not 24/7],https://5f22d76e220e1.streamlock.net/eurotv/eurotv/playlist.m3u8,网络源,https://i.imgur.com/HFWWzKT.png
Eurochannel (1080p),https://cdn1tlinkgo.tlink.cl/eurochannel/index.m3u8,网络源,https://i.imgur.com/yXAtmI6.png
Eurocom (360p),https://live.ecomservice.bg/hls/stream.m3u8,网络源,
Euronews (720p),https://cdn-euronews.akamaized.net/live/eds/euronews-pl/26382/index.m3u8,网络源,https://images-2.rakuten.tv/storage/global-live-channel/translation/artwork/bc84c3b7-6008-4ee3-8f6a-e4bb4365f082-width200-quality90.jpeg
Euronews English (720p),https://jmp2.uk/plu-61de96114757070008d33cae.m3u8,网络源,https://jiotvimages.cdn.jio.com/dare_images/images/Euro_News.png
Euronews English HD,https://dash4.antik.sk/live/test_euronews/playlist.m3u8,网络源,https://jiotvimages.cdn.jio.com/dare_images/images/Euro_News.png
Euronews French (720p),https://2f6c5bf4.wurl.com/master/f36d25e7e52f1ba8d7e56eb859c636563214f541/UmxheHhUVi1ldV9FdXJvbmV3c0ZyYW5jYWlzX0hMUw/playlist.m3u8,网络源,https://i.imgur.com/8t9mdg9.png
Euronews Georgia,http://nue01-edge01.itdc.ge/euronewsgeorgia/mpegts,网络源,https://i.imgur.com/VNJ4soR.png
Euronews German (720p),https://jmp2.uk/plu-6639d7d4b18d700008da5316.m3u8,网络源,https://staticcyl.euronews.com/wp-content/uploads/2023/03/Logo_Euronews_white-on-neon_german_RGB.png
Euronews Greek (720p),https://cdn-euronews.akamaized.net/live/eds/euronews-el/25068/index.m3u8,网络源,https://i.imgur.com/8t9mdg9.png
Euronews Hungarian (720p),https://cdn-euronews.akamaized.net/live/eds/euronews-hu/25075/index.m3u8,网络源,https://i.imgur.com/8t9mdg9.png
Euronews Italian (720p),https://acb6ca89.wurl.com/master/f36d25e7e52f1ba8d7e56eb859c636563214f541/UmxheHhUVi1ldV9FdXJvbmV3c0l0YWxpYW5vX0hMUw/playlist.m3u8,网络源,https://i.imgur.com/8t9mdg9.png
Euronews Portuguese (720p),https://jmp2.uk/plu-619e6614c9d9650007a2b171.m3u8,网络源,https://i.imgur.com/8t9mdg9.png
Euronews Russian (1080p),http://str2.iptvhd.ru:8080/Euronews/index.m3u8,网络源,https://i.imgur.com/8t9mdg9.png
Euronews Spanish (1080p),https://cdn1tlinkgo.tlink.cl/euronews/index.m3u8,网络源,https://i.imgur.com/8t9mdg9.png
Europa Europa (1080p),https://iptv.bitred.cl/EUROPAEUROPA_HD/index.m3u8,网络源,https://i.imgur.com/w5SOfyJ.png
Europa Plus TV (1080p),http://31.148.48.15/Europa_Plus_HD/index.m3u8,网络源,https://i.imgur.com/GLc4qrc.png
EUTV (720p),https://cdn.jmvstream.com/w/LVW-8719/LVW8719_AcLVAxWy5J/playlist.m3u8,网络源,https://i.imgur.com/8PxpamC.png
Ev-tele (720p),https://playtv4k.live/live/EVTELE/index.m3u8,网络源,https://i.imgur.com/iBlXl2T.png
Evandis Gospel TV (1080p),https://evandis.streamakaci.tv/str_evandis_evandis/str_evandis_multi/playlist.m3u8,网络源,https://i.imgur.com/v8TiqhH.png
Evasion TV,https://kali.vdopanel.com:3788/hybrid/play.m3u8,网络源,https://i.imgur.com/TTWl2Iy.png
Evavision,https://stmv2.voxtvhd.com.br/evavision/evavision/playlist.m3u8,网络源,https://i.imgur.com/neJGp9C.png
Eventyrlig Oppussing,https://jmp2.uk/plu-61c1de93244e500007581d69.m3u8,网络源,https://images.pluto.tv/channels/61c1de93244e500007581d69/colorLogoPNG.png
Eveo (720p) [Not 24/7],https://live-fi.tvkaista.net/eveo/live.m3u8?hd=true,网络源,https://i.imgur.com/fFIq7tY.png
Everybody Hates Chris,https://jmp2.uk/plu-697b5be36dc3c71eb14d728a.m3u8,网络源,https://images.pluto.tv/channels/63a1cab19ab2df0007bf1c8b/colorLogoPNG.png
Everybody Hates Chris DK,https://jmp2.uk/plu-63a1cab19ab2df0007bf1c8b.m3u8,网络源,https://images.pluto.tv/channels/63a1cab19ab2df0007bf1c8b/colorLogoPNG.png
Everybody Hates Chris NO,https://jmp2.uk/plu-697b5a6c9567bf7b5f71a350.m3u8,网络源,https://images.pluto.tv/channels/63a1cab19ab2df0007bf1c8b/colorLogoPNG.png
EVI TV (720p),https://mistserver.evi-tv.com/hls/evi_tv_live/index.m3u8,网络源,https://i.imgur.com/fBc9JSM.png
Evolucion TV (576p),https://edgectc.com/CTC_SAN_RAFAEL/index.m3u8,网络源,https://i.imgur.com/OUsT530.jpeg
Evrokino (576p),https://fs.uplink.kz/eurokino/mono.m3u8?token=onlinetv,网络源,https://i.imgur.com/8LPtPf6.png
Evrokino HD (1080p),http://stream.mcquack.net/385/index.m3u8,网络源,https://i.imgur.com/8LPtPf6.png
EWTN (Germany) (720p),https://cdn3.wowza.com/1/ZUkxSDBrZHlMbjVn/ZkhNRFNZ/hls/live/playlist.m3u8,网络源,https://i.imgur.com/NXeygNk.png
EWTN (United States) (720p) [Geo-blocked],https://cdn3.wowza.com/1/QjRzVXJtVml5SUVx/WGJRSWxz/hls/live/playlist.m3u8,网络源,https://play-lh.googleusercontent.com/3716tvZCgzpIt-X1giV8jKwCdC8zwOI4eMUfO_ETWzNX6eGKIi2RiUK9a_fr6BCzjw
EWTN (United States) Africa-Asia (720p),https://cdn3.wowza.com/1/ZVBYYXFLLzE0c3NC/Qk1FMURC/hls/live/playlist.m3u8,网络源,https://play-lh.googleusercontent.com/3716tvZCgzpIt-X1giV8jKwCdC8zwOI4eMUfO_ETWzNX6eGKIi2RiUK9a_fr6BCzjw
EWTN (United States) Asia-Pacific (720p),https://cdn3.wowza.com/1/QmVNUVhTNTZSS3Uz/YWQ0aHpi/hls/live/playlist.m3u8,网络源,https://play-lh.googleusercontent.com/3716tvZCgzpIt-X1giV8jKwCdC8zwOI4eMUfO_ETWzNX6eGKIi2RiUK9a_fr6BCzjw
EWTN (United States) Canada (720p),https://cdn3.wowza.com/1/YW5wSWZiRGd2eFlU/bGV0aVBq/hls/live/playlist.m3u8,网络源,https://play-lh.googleusercontent.com/3716tvZCgzpIt-X1giV8jKwCdC8zwOI4eMUfO_ETWzNX6eGKIi2RiUK9a_fr6BCzjw
EWTN (United States) Europe (720p),https://cdn3.wowza.com/1/T2NXeHF6UGlGbHY3/WFluRldQ/hls/live/playlist.m3u8,网络源,https://play-lh.googleusercontent.com/3716tvZCgzpIt-X1giV8jKwCdC8zwOI4eMUfO_ETWzNX6eGKIi2RiUK9a_fr6BCzjw
EWTN (United States) Spain & Latin America (720p),https://cdn3.wowza.com/1/SmVrQmZCUXZhVDgz/b3J3MFJv/hls/live/playlist.m3u8,网络源,https://play-lh.googleusercontent.com/3716tvZCgzpIt-X1giV8jKwCdC8zwOI4eMUfO_ETWzNX6eGKIi2RiUK9a_fr6BCzjw
EWTN (United States) Spanish (720p) [Geo-blocked],https://cdn3.wowza.com/1/TUI5dU5ucnUxdGFD/ZFlVeGRl/hls/live/playlist.m3u8,网络源,https://play-lh.googleusercontent.com/3716tvZCgzpIt-X1giV8jKwCdC8zwOI4eMUfO_ETWzNX6eGKIi2RiUK9a_fr6BCzjw
EWTN Espana,https://cdn3.wowza.com/1/SmVrQmZCUXZhVDgz/b3J3MFJv/hls/q6xkg9py/480/chunklist.m3u8,网络源,https://i.imgur.com/KvpMbkd.png
EWTN Poland (1080p),https://cdn3.wowza.com/1/ZHdrMWt1NjlDSzFu/bzdDVG10/hls/live/playlist.m3u8,网络源,https://i.imgur.com/VtKYELf.png
EWTN Ukraine (1080p),https://cdn3.wowza.com/1/WjduMm1tYnlwNXQx/M01NV3Uz/hls/live/playlist.m3u8,网络源,
EWTN/Bonum TV,https://dash2.antik.sk/live/ewtn_bonum/index.m3u8,网络源,https://i.imgur.com/LdsRz2E.png
Exa TV,http://190.61.90.17:40000/play/a0hk/index.m3u8,网络源,https://i.imgur.com/JWOqr1a.png
EXC TV (720p) [Not 24/7],https://vcp.myplaytv.com/explosioncreativa/explosioncreativa/playlist.m3u8,网络源,https://i.imgur.com/Znd1Ml9.png
Exitosa TV (1080p),http://190.93.224.42/EXITOSA/index.m3u8,网络源,https://i.imgur.com/pu0BSB7.png
Exodus TV (720p),https://584943999.r.worldssl.net/584943999/_definst_/vzivo/playlist.m3u8,网络源,https://i.imgur.com/WKr5ncQ.png
Exploits TV,https://stream.berosat.live/hls/exploits-tv/exploits-tv.m3u8,网络源,https://i.imgur.com/3wC7tSG.jpeg
Expo Channel (360p),https://tvsnhlslivetest.akamaized.net/hls/live/2034711/EXPO-MSL4/master.m3u8,网络源,https://i.imgur.com/2KzCShW.png
Expresa TV (720p),https://5ca9af4645e15.streamlock.net/teleradio/smil:teleradio.smil/playlist.m3u8,网络源,https://i.imgur.com/kFVVGrg.png
Expresion TV (1080p),https://ssh101.bozztv.com/ssh101/expresiongrany/playlist.m3u8,网络源,https://i.imgur.com/lFek4Pj.png
Express Entertainment (1080p),https://ml-pull-dvc-myco.io:2096/EXPRESS_ENTERTAINMENT/index.m3u8,网络源,https://i.imgur.com/rgHbb8W.png
Expressen TV (1080p),https://cdn0-03837-liveedge0.dna.ip-only.net/03837-liveedge0/smil:03837-tx2/playlist.m3u8,网络源,https://i.imgur.com/ai0BIci.png
Extra 86 TV (720p) [Not 24/7],https://video-eu1.streamerr.co/hls/sb77f834a54/live.m3u8,网络源,https://www.vivalivetv.com/public/files/shows/0/1/3780-294x165-FFFFFF.jpg
Extra ProNews (576p),http://62.1.176.18:8888/extra/index.m3u8,网络源,https://i.imgur.com/VKW9xw6.png
Extra TV 42 (720p),https://d2n1wzrr0aogf5.cloudfront.net/ts:abr.m3u8,网络源,https://i.imgur.com/jjTodXj.png
Extrema Kids TV [Not 24/7],https://627bb251f23c7.streamlock.net:444/ExtremaKids/ExtremaKids/playlist.m3u8,网络源,https://www.vivalivetv.com/public/files/shows/0/1/3027-294x165-FFFFFF.jpg
Extrema TV (Costa Rica) (720p),https://627bb251f23c7.streamlock.net:444/ExtremaTV/ExtremaTV/playlist.m3u8,网络源,https://i.imgur.com/E9AuhOU.png
Extrema TV (United States) (720p),http://livestreamcdn.net:1935/ExtremaTV/ExtremaTV/playlist.m3u8,网络源,https://i.imgur.com/Z1QVkqu.png
Extreme Sports Channel (576p),http://46.32.176.50/extremesport/index.m3u8,网络源,https://upload.wikimedia.org/wikipedia/en/thumb/f/f0/Extreme_Sports_Channel.svg/960px-Extreme_Sports_Channel.svg.png
Extreme Sports Channel HD (1080p),http://str2.iptvhd.ru:8080/Extreme_Sports/index.m3u8,网络源,https://upload.wikimedia.org/wikipedia/en/thumb/f/f0/Extreme_Sports_Channel.svg/960px-Extreme_Sports_Channel.svg.png
F1 Channel (1080p) [Geo-blocked],https://amg12058-c15studio-amg12058c1-lg-us-5787.playouts.now.amagi.tv/playlist.m3u8,网络源,https://i.imgur.com/cjXzWsI.png
F10 HD (720p),http://15.204.246.24:8080/F10HD/index.m3u8,网络源,https://i.imgur.com/OEsT0KN.png
Fabulosa Estereo 100.5 FM (720p),https://www.streaming507.net:19360/videofabulosa/videofabulosa.m3u8,网络源,https://i.imgur.com/YFmzkOp.png
FailArmy (720p),https://failarmy-international-au.samsung.wurl.tv/playlist.m3u8,网络源,https://i.imgur.com/VIpQJxL.png
FailArmy Brazil,https://jmp2.uk/plu-5f5141c1605ddf000748eb1b.m3u8,网络源,https://i.imgur.com/VIpQJxL.png
FailArmy Italy,https://failarmy-international-it.samsung.wurl.tv/playlist.m3u8,网络源,https://i.imgur.com/VIpQJxL.png
FailArmy Poland (720p),https://bd93cfed.wurl.com/master/f36d25e7e52f1ba8d7e56eb859c636563214f541/UmFrdXRlblRWLWV1X0ZhaWxBcm15X0hMUw/playlist.m3u8,网络源,https://i.imgur.com/VIpQJxL.png
FailArmy UK (720p),https://failarmy-international-gb.samsung.wurl.tv/playlist.m3u8,网络源,https://i.imgur.com/VIpQJxL.png
Fairuz (1080p),https://shd-amg-fast.edgenextcdn.net/tx029/playlist.m3u8,网络源,https://shahid.mbc.net/mediaObject/f809d51c-e83d-43c9-8236-78731c2216ad?type=png
Faith Africa (1080p),https://faithnow-hls.secdn.net/faithnow-holland-channel/play/FaithAfrica.smil/playlist.m3u8,网络源,https://i.imgur.com/yAZE7aU.png
Faith TV (1080p),https://faithnow-hls.secdn.net/faithnow-holland-channel/play/FaithTV.smil/playlist.m3u8,网络源,https://i.imgur.com/lUBnKK1.png
Faith UK (1080p),https://faithnow-hls.secdn.net/faithnow-c-channel/play/FaithUK.smil/playlist.m3u8,网络源,https://i.imgur.com/mn8I2wt.png
Faith World TV (1080p),https://faithworldtv.abs.tv/1826926230/index.m3u8,网络源,https://i.imgur.com/RLHRjQ3.png
Fajar TV (720p) [Not 24/7],http://122.248.43.242:1935/FAJARTV/_definst_/myStream/playlist.m3u8,网络源,https://i.imgur.com/mkuXxRK.png
Fakt Marathi (576p),https://mumt07.tangotv.in/zHjX9OFlFAKTMARATHI/index.m3u8,网络源,https://dtil.tmsimg.com/assets/s143038_ld_h15_aa.png?lock=720x540
Fala Litoral (480p),https://5c483b9d1019c.streamlock.net/falalitoraltv/falalitoraltv/playlist.m3u8,网络源,https://i.imgur.com/NF6PL8O.png
Falastini TV (1080p),https://rp.tactivemedia.com/palestiniantv_source/live/playlist.m3u8,网络源,https://i.imgur.com/6B3Cims.png
Famatv (1080p) [Not 24/7],https://tv2.fastcast4u.com:3310/live/famatvlive.m3u8,网络源,https://i.ibb.co/tMmRp18/Fama-TV-cor-whitebg-hotizontal.jpg
Fame95 FM (480p),https://rjr-fame.akamaized.net/hls/live/2033820/RJR_FAME/master.m3u8,网络源,https://i.imgur.com/n3PUxes.png
Familia Vision HD [Not 24/7],https://584097344c1f0.streamlock.net/29/stream/playlist.m3u8,网络源,https://i.imgur.com/uqTH7m5.jpg
Familien fra Bryggen,https://jmp2.uk/plu-61c19c8c9863900007acaa57.m3u8,网络源,https://images.pluto.tv/channels/61c19c8c9863900007acaa57/colorLogoPNG.png
Family Ties (Sweden),https://jmp2.uk/plu-654a510d986ad20008a45874.m3u8,网络源,https://images.pluto.tv/channels/654a4a3ef91d250008ac089b/colorLogoPNG.png
Family Ties (Sweden) DK,https://jmp2.uk/plu-654a4a3ef91d250008ac089b.m3u8,网络源,https://images.pluto.tv/channels/654a4a3ef91d250008ac089b/colorLogoPNG.png
Family Ties (Sweden) NO,https://jmp2.uk/plu-654a4f7bf9cc8200086877d5.m3u8,网络源,https://images.pluto.tv/channels/654a4a3ef91d250008ac089b/colorLogoPNG.png
Family Ties (United States),https://jmp2.uk/plu-5f77939a630f530007dde654.m3u8,网络源,https://i.imgur.com/WJEkKCb.png
FAN (1080p),http://31.148.48.15/Fan/index.m3u8,网络源,https://i.imgur.com/mDeTbaF.png
Fano TV (1080p),https://5cbd3bc28341f.streamlock.net:444/fanotv_live/_definst_/43DA-3923-9C72-4E9F/playlist.m3u8,网络源,https://i.imgur.com/rN6h7XU.png
FAP TV (720p),https://edge.enhdtv.com/faptv/index.m3u8,网络源,https://i.imgur.com/jZ7g58e.png
Faraja Television (1080p) [Not 24/7],https://panel.freedomflixtv.org:3868/hybrid/play.m3u8,网络源,https://i.imgur.com/NmnOGHI.jpg
Farg'ona MTRK,https://stream8.cinerama.uz/1458/tracks-v1a1/mono.m3u8,网络源,https://i.imgur.com/RYjQOfo.jpeg
FarmodaTV (1080p),https://avr.host247.net/live/FarmodaTV/playlist.m3u8,网络源,https://i.imgur.com/x4KCQlH.png
Faro de Santidad TV (720p),https://5dbcd1053301e.streamlock.net:4443/farodesantidad/farodesantidad/playlist.m3u8,网络源,https://i.imgur.com/GoNBFzI.png
Faros TV2 (480p) [Geo-blocked],https://s1.cystream.net/live/faros2/playlist.m3u8,网络源,https://i.imgur.com/7xtz1Jo.png
Farovision (720p),https://streamtv.intervenhosting.net:3754/hybrid/play.m3u8,网络源,https://i.imgur.com/YtdOXWb.png
Farra Play (576p),https://stream.farra.com.py/live/farra_low.m3u8,网络源,https://i.imgur.com/bXWzstH.png
Fars TV,https://ncdn.telewebion.ir/fars/live/playlist.m3u8,网络源,https://upload.wikimedia.org/wikipedia/fa/7/7b/Iribfars.png
Farscape,https://jmp2.uk/plu-699c1b4c9c3b075ecd513139.m3u8,网络源,https://i.imgur.com/2WH4lSc.png
Fashion (1080p),http://stream.mcquack.net/288/index.m3u8,网络源,https://ukrtvr.org/images/%D1%82%D0%B5%D0%BB%D0%B5%D0%B2%D0%B5%D0%B6%D1%96/%D1%81%D1%82%D0%B0%D1%80%D1%96_%D0%BB%D0%BE%D0%B3%D0%BE/FASHION%20TV%20UKRAINE/FASHION%20TV%20UKRAINE.png
Fashion Finds (720p),https://qvc-amd-live.akamaized.net/hls/live/2034113/lsqvc5us/master.m3u8,网络源,https://i.imgur.com/GvDRZgq.png
Fashion TV (1080p),http://stream.mcquack.net/287/index.m3u8,网络源,https://i.imgur.com/Bk7W39G.png
Fashion&LifeStyle (1080p),http://stream.mcquack.net/119/index.m3u8,网络源,https://i.imgur.com/ETmpllL.png
FashionBox,https://dash2.antik.sk/live/test_fashionbox_medium_atk/playlist.m3u8,网络源,https://i.imgur.com/Taqj4yi.png
FashionTV (1080p),http://fashionlive.mediacdn.ru/cdn/fashiontv/playlist.m3u8,网络源,https://upload.wikimedia.org/wikipedia/commons/thumb/7/7a/Fashion_TV_logo.svg/960px-Fashion_TV_logo.svg.png
FashionTV Asia (720p),http://58.8.186.128:10006/bysid/2616,网络源,https://i.imgur.com/ucTh9tO.png
FashionTV Europe (1080p),https://68f1accef2154d2195cae87dec183843.mediatailor.us-east-1.amazonaws.com/v1/master/44f73ba4d03e9607dcd9bebdcb8494d86964f1d8/RakutenTV-eu_FashionTV/playlist.m3u8,网络源,https://upload.wikimedia.org/wikipedia/commons/thumb/7/7a/Fashion_TV_logo.svg/960px-Fashion_TV_logo.svg.png
FashionTV Paris L'Original (1080p),https://edge-fast3.evrideo.tv/bfdbb576-83f7-11f0-9f89-0200170e3e04_1000028043_HLS/manifest.m3u8,网络源,https://i.imgur.com/GFTAN5Q.png
FashionTV Secrets (1080p),https://ssai.aniview.com/api/v1/hls/stream.m3u8?AVS_SSAIID=67c0c39764ad6f7dab07aa0b&AV_APPNAME=[ADS.APP_NAME]&AV_APPPKGNAME=[ADS.APP_BUNDLE]&AV_APPSTOREURL=[ADS.APP_STORE_URL]&AV_CCPA=[ADS.US_PRIVACY]&AV_CLIENT_SECTION=ftv_secrets&AV_CONSENT=[ADS.GDPR_CONSENT]&AV_CONTENT_CAT=IAB7&AV_CONTENT_CHANNEL=&AV_CONTENT_CONTEXT=&AV_CONTENT_EPISODE=&AV_CONTENT_GENRE=fashion+and+lifestyle&AV_CONTENT_ID=[ADS.VIDAA_ADS_CONTENTID]&AV_CONTENT_KEYWORDS=&AV_CONTENT_LANGUAGE=en&AV_CONTENT_LENGTH=&AV_CONTENT_NETWORK=&AV_CONTENT_PROVIDER=FTV&AV_CONTENT_RATING=R&AV_CONTENT_SEASON=&AV_CONTENT_SERIES=&AV_CONTENT_TITLE=&AV_CONTENT_URL=&AV_DNT=[ADS.DNT]&AV_GDPR=[ADS.GDPR]&AV_HEIGHT=[ADS.H]&AV_IDFA=[ADS.IFA]&AV_IFA_TYPE=[ADS.IFA_TYPE]&AV_LANGUAGE=[ADS.DEVICE_LANGUAGE]&AV_OSVERS=[ADS.DEVICE_OSV]&AV_RTB_DEVICE_TYPE=[ADS.DEVICE_TYPE]&AV_VAUTH=[ADS.VAUTH]&AV_WIDTH=[ADS.W]&Content_Id=[ADS.ADS_CONTENTID]&ads.vidaa_ads_param=1191723366&cb=[CACHEBUSTER]&content_channel_name=ftv+-fashiontv+Secrets&content_livestream=1,网络源,https://i.ibb.co/fVGJyCC8/w512.png
Fast1 (576p),https://cdn.pishow.tv/ott/live/10008/master.m3u8,网络源,https://papaji.freetvindia.com/media/channels/fast1.png
Fast TV (720p),https://live-manifest.production-public.tubi.io/live/e7be5ad5-9044-4151-95d4-a9aae10ab0a5/playlist.m3u8,网络源,https://us1-prod-images.disco-api.com/2020/7/13/4f26aaf2-a993-480d-9675-0d501fb8d86f.png?bf=0&f=png&p=true&q=85&w=250
Fast&FunBox (Netherlands),https://dash3.antik.sk/live/test_fast_and_funbox_medium_atk/playlist.m3u8,网络源,https://i.imgur.com/a9ZtP17.png
Fast&FunBox (Russia) HD (1080p),http://str2.iptvhd.ru:8080/FastFunBoxHD/index.m3u8,网络源,https://spiintl.com/data/files/kcfinderUploadDir/images/logo/fastandfunbox-logo.png
Fateh TV (1080p) [Not 24/7],https://ott.livelegitpro.in/fatehtv/fatehtv/index.m3u8,网络源,https://i.imgur.com/c4ItNkB.png
Fazal TV (1080p),http://cdn9.live247stream.com/punjabitvcanada/tv/playlist.m3u8,网络源,https://i.imgur.com/c0fvKia.png
FB TV,http://1hskrdto.rocketcdn.com/fenerbahcetv.smil/playlist.m3u8,网络源,https://i.imgur.com/qBVqtYd.png
FBI Files,https://jmp2.uk/plu-62bdaa32a1b2fd00076693e8.m3u8,网络源,https://i.imgur.com/vzYDSLo.png
FBoy Island,https://jmp2.uk/plu-6790d6c7bc03978b9bfbfd44.m3u8,网络源,https://images.pluto.tv/channels/6790d6c7bc03978b9bfbfd44/colorLogoPNG.png
FC Public Media (1080p),https://reflect-fcpublicmedia.cablecast.tv/live-5/live/stream-1/live.m3u8,网络源,https://i.imgur.com/naLbZuo.png
FCK Lovinderne,https://jmp2.uk/plu-68ac5403de4a734954b5ab75.m3u8,网络源,https://images.pluto.tv/channels/68ac5403de4a734954b5ab75/colorLogoPNG_1756124331035.png
FCTV (1080p),https://reflect-vod-fcgov.cablecast.tv/live-9/live/stream-1/live.m3u8,网络源,https://i.imgur.com/N5Canf3.png
Fe Viviente (480p),https://stream.oursnetworktv.com/latin/feVivienteGtm/playlist.m3u8,网络源,https://i.imgur.com/PkW3cKR.png
Fear Factor (1080p),https://amg00627-banijaygroup-fearfactor-samsungau-9vdod.amagi.tv/playlist/amg00627-banijaygroup-fearfactor-samsungau/playlist.m3u8,网络源,https://i.imgur.com/CIYnLWz.png
Federalna televizija (720p),http://185.81.240.65:15000/udp/233.233.233.39:12000,网络源,https://i.imgur.com/astdRrE.png
Feel Good Drama,https://jmp2.uk/plu-65775af3b3801200084a3aa4.m3u8,网络源,https://images.pluto.tv/channels/65775af3b3801200084a3aa4/colorLogoPNG.png
Feel Good TV (720p) [Not 24/7],https://58c04fb1d143f.streamlock.net/feel_good_radio_1/feel_good_radio_1/playlist.m3u8,网络源,https://i.imgur.com/qvs1BKr.png
Fehervar TV (360p),https://cloudfront44.lexanetwork.com:1344/freerelay/fehervartv.sdp/playlist.m3u8,网络源,https://www.fehervartv.hu/css/img/icon-1-2.png
Femenina TV,https://streamunoapp.com:3511/live/femeninatvlive.m3u8,网络源,https://www.vivalivetv.com/public/files/shows/0/1/3802-294x165-FFFFFF.jpg
Fengshang Shopping Channel (1080p),http://183.207.248.71/cntv/live1/fengshanggw/fengshanggw,网络源,https://i.imgur.com/WNhfnUR.png
Feniks plus Kino (576p),http://31.148.48.15/Feniks_plus_kino/index.m3u8,网络源,https://i.imgur.com/S9OPMLE.png
Fernandina Beach Channel (720p) [Not 24/7],https://edge-f.swagit.com/live/fernandinabeachfl/live-1-a/playlist.m3u8,网络源,https://i.imgur.com/9UfyekJ.png
FGTV (South Korea) (720p),https://fgtvlive.fgtv.com/smil:fgtv.smil/playlist.m3u8,网络源,https://i.ibb.co/crxz0fd/yfgc-hearder-logo.png
FGTV (United States),https://securestream11.champds.com/LIVE/FultonCoGALIVE/FultonCoGALIVE.m3u8,网络源,https://i.imgur.com/RXFmzVY.png
Fibwi (1080p) [Not 24/7],https://hostcdn3.fibwi.com/fibwi_diario/index.fmp4.m3u8,网络源,https://i.imgur.com/4vcGzcC.png
Ficom Channel (720p),https://v3.siar.us/ficomchannel/live/playlist.m3u8,网络源,https://i.imgur.com/KMEf0Cc.png
Fides TV (720p),https://twitch-m3u8.bastypro112.workers.dev/radiofidesbolivia/index.m3u8,网络源,https://i.imgur.com/fsDdvXx.png
Fieri Tv (720p),http://valashop.online:8090/fieritv.m3u8,网络源,https://raw.githubusercontent.com/biptv/fieri-tv-logo/main/120.png
Fierro a Fondo TV (1080p),http://45.70.201.81:8000/play/a00x/index.m3u8,网络源,https://pbs.twimg.com/profile_images/1903618079696773120/maQJpd9__400x400.jpg
Fiesta TV,https://panelvideo1.intermediahost.co:3286/live/ruzfpkqklive.m3u8,网络源,https://i.imgur.com/42wImV2.png
FIFA+ (720p),https://jmp2.uk/plu-660c29b5aec9680008f5b4a4.m3u8,网络源,https://upload.wikimedia.org/wikipedia/commons/thumb/9/9c/FIFA%2B_(2025).svg/960px-FIFA%2B_(2025).svg.png
FIFA+ French (720p),https://37b4c228.wurl.com/master/f36d25e7e52f1ba8d7e56eb859c636563214f541/UmFrdXRlblRWLWZyX0ZJRkFQbHVzRnJlbmNoX0hMUw/playlist.m3u8,网络源,https://upload.wikimedia.org/wikipedia/commons/thumb/9/9c/FIFA%2B_(2025).svg/960px-FIFA%2B_(2025).svg.png
FIFA+ German (720p),https://4397879b.wurl.com/master/f36d25e7e52f1ba8d7e56eb859c636563214f541/UmFrdXRlblRWLWRlX0ZJRkFQbHVzR2VybWFuX0hMUw/playlist.m3u8,网络源,https://upload.wikimedia.org/wikipedia/commons/thumb/9/9c/FIFA%2B_(2025).svg/960px-FIFA%2B_(2025).svg.png
FIFA+ Hispanic America (720p),https://6c849fb3.wurl.com/master/f36d25e7e52f1ba8d7e56eb859c636563214f541/TEctbXhfRklGQVBsdXNTcGFuaXNoLTFfSExT/playlist.m3u8,网络源,https://upload.wikimedia.org/wikipedia/commons/thumb/9/9c/FIFA%2B_(2025).svg/960px-FIFA%2B_(2025).svg.png
FIFA+ Italy (720p),https://5d95f7d7.wurl.com/master/f36d25e7e52f1ba8d7e56eb859c636563214f541/UmFrdXRlblRWLWl0X0ZJRkFQbHVzSXRhbGlhbl9ITFM/playlist.m3u8,网络源,https://upload.wikimedia.org/wikipedia/commons/thumb/9/9c/FIFA%2B_(2025).svg/960px-FIFA%2B_(2025).svg.png
FIFA+ Portuguese (720p),https://e3be9ac5.wurl.com/master/f36d25e7e52f1ba8d7e56eb859c636563214f541/TEctYnJfRklGQVBsdXNQb3J0dWd1ZXNlX0hMUw/playlist.m3u8,网络源,https://upload.wikimedia.org/wikipedia/commons/thumb/9/9c/FIFA%2B_(2025).svg/960px-FIFA%2B_(2025).svg.png
FIFA+ Spain (720p),https://d63fabad.wurl.com/master/f36d25e7e52f1ba8d7e56eb859c636563214f541/UmFrdXRlblRWLWVzX0ZJRkFQbHVzU3BhbmlzaF9ITFM/playlist.m3u8,网络源,https://upload.wikimedia.org/wikipedia/commons/thumb/9/9c/FIFA%2B_(2025).svg/960px-FIFA%2B_(2025).svg.png
FIFA+ United States (720p),https://d2w9q46ikgrcwx.cloudfront.net/v1/master/3722c60a815c199d9c0ef36c5b73da68a62b09d1/cc-of5cbk3sav3w5/v1/sysdata_s_p_a_fifa_7/samsungheadend_us/latest/main/hls/playlist.m3u8,网络源,https://upload.wikimedia.org/wikipedia/commons/thumb/9/9c/FIFA%2B_(2025).svg/960px-FIFA%2B_(2025).svg.png
FIFA+ Women (720p),https://cffda8ff.wurl.com/master/f36d25e7e52f1ba8d7e56eb859c636563214f541/U2Ftc3VuZy1nYl9GSUZBUGx1c3dvbWVuX0hMUw/playlist.m3u8,网络源,https://i.imgur.com/xy9ZxVO.png
Fight Network (1080p),https://d12a2vxqkkh1bo.cloudfront.net/hls/main.m3u8,网络源,https://i.imgur.com/vlKPZHR.png
FightBox HD,https://nosignal1.antenaplay.ro/hls/fightbox-hd/index.m3u8,网络源,https://i.imgur.com/mRsnztA.png
FilAmTV Network (1080p),https://cdn.vegasplus.us/vegas/ftv/playlist.m3u8,网络源,https://i.imgur.com/nRiApdI.png
Filinfo TV (1080p),https://d2iqjnqfr8pv3b.cloudfront.net/out/v1/d09d2fc718404cd8bccd3eba2444dd70/index.m3u8,网络源,https://i.imgur.com/KG93Tvn.png
Film & Arts (1080p),http://15.204.246.24:8080/FilmArtsHD/index.m3u8,网络源,https://i.imgur.com/ukdmEKD.png
Filmax (576p),https://s3.ideationtec.live/Filmax/Filmax.m3u8,网络源,https://i.imgur.com/eLmdZ6k.png
Filmazia (576p),http://103.250.28.74:8000/play/a02k/index.m3u8,网络源,https://i.imgur.com/hpTCANa.png
FILMBOX+ Comedy Romania,https://nosignal1.antenaplay.ro/hls/fb-comedy-hd/index.m3u8,网络源,https://spiintl.com/data/files/kcfinderUploadDir/images/filmboxplus/filmbox%2Bcomedy.png
FILMBOX+ Festival,https://dash3.antik.sk/live/test_filmbox_arthouse_atk_1200/playlist.m3u8,网络源,https://spiintl.com/data/files/kcfinderUploadDir/images/filmboxplus/filmbox%2Bfestival.png
FILMBOX+ Festival HD (1080p),https://nosignal1.antenaplay.ro/hls/fb-festival-hd/index.m3u8,网络源,https://spiintl.com/data/files/kcfinderUploadDir/images/filmboxplus/filmbox%2Bfestival.png
FILMBOX+ Hits Romania (576p),https://nosignal1.antenaplay.ro/hls/fb-hits-sd/index.m3u8,网络源,https://spiintl.com/data/files/kcfinderUploadDir/images/filmboxplus/filmbox%2Bhits.png
FILMBOX+ Love & Crime Bulgaria (720p),http://hls127.freeott.top:8080/BG_FilmBox_Stars_HD/video.m3u8,网络源,https://spiintl.com/data/files/kcfinderUploadDir/images/filmboxplus/filmbox%2Blove-and-crime.png
FILMBOX+ Love & Crime Romania,https://nosignal1.antenaplay.ro/hls/fb-love-and-crime-sd/index.m3u8,网络源,https://spiintl.com/data/files/kcfinderUploadDir/images/filmboxplus/filmbox%2Blove-and-crime.png
FILMBOX+ One Bulgaria (576p),http://hls127.freeott.top:8080/BG_Filmbox/video.m3u8,网络源,https://spiintl.com/data/files/kcfinderUploadDir/images/filmboxplus/filmbox%2Bone.png
FILMBOX+ One Nederland,http://46.149.191.219:9100/play/a015,网络源,https://spiintl.com/data/files/kcfinderUploadDir/images/filmboxplus/filmbox%2Bone.png
FILMBOX+ One Ukraine & Baltics (450p) [Geo-blocked],https://s70378.cdn.ngenix.net/filmbox/index.m3u8,网络源,https://spiintl.com/data/files/kcfinderUploadDir/images/filmboxplus/filmbox%2Bone.png
Filmes Suspense,https://jmp2.uk/plu-5f171d3442a0500007362f22.m3u8,网络源,https://images.pluto.tv/channels/5f171d3442a0500007362f22/colorLogoPNG.png
Filmex (1080p) [Geo-blocked],https://filmex-filmex-xumo.amagi.tv/playlist.m3u8,网络源,https://i.imgur.com/Hiz2OyC.png
Filmex Clasico (1080p) [Geo-blocked],https://filmex-filmexclasico-xumo.amagi.tv/playlist.m3u8,网络源,https://i.imgur.com/D3dj4mv.png
FilmRise Forensic Files (720p) [Geo-blocked],https://pb-x9qsxrudiq9d2.akamaized.net/webvtt/v1/18584c3f3a2a4df8/88886014/master.m3u8,网络源,https://i.imgur.com/8j2npVc.png
FilmUA Live,https://dash2.antik.sk/live/test_film_life_atktv/playlist.m3u8,网络源,https://i.imgur.com/kizTBgS.png
Filstalwelle (1080p),https://h055.video-stream-hosting.de/filstalwelle-live/_definst_/mp4:livestream/playlist.m3u8,网络源,https://i.imgur.com/19iKLvf.png
Finans Turk TV (720p),https://yayin30.haber100.com/live/finansturk/playlist.m3u8,网络源,https://i.ibb.co/wBwmB1T/iY0osc7.png
Finest TV (288p) [Not 24/7],https://media.finest.tv/hls/live.m3u8,网络源,https://i.imgur.com/1uoP10V.png
First Channel (1080p),http://5.254.89.106/8717/index.m3u8,网络源,https://i.imgur.com/LchiPOr.png
First Channel News (1080p),https://amtvusdvr.tulix.tv/am3abr/index.m3u8,网络源,https://i.imgur.com/RlYJUH4.png
First India News (576p),https://mumt03.tangotv.in/Dsly5z3H1STINDIANEWS/index.m3u8,网络源,https://xstreamcp-assets-msp.streamready.in/assets/LIVETV/LIVECHANNEL/LIVETV_LIVETVCHANNEL_FIRST_INDIA_NEWS_RAJASTHAN/images/LOGO_HD/image.png
First Music Channel (1080p),http://rtmp.one.by:1300,网络源,https://i.imgur.com/YdyFJrl.png
First Music Channel Russia (1080p),http://hls127.freeott.top:8080/1muz_HD/video.m3u8,网络源,https://i.imgur.com/rEo7nR1.png
Firstlight (576p),https://uni01rtmp.tulix.tv/firstlight/firstlight.smil/playlist.m3u8,网络源,https://i.imgur.com/gtDROeT.png
Fish TV (720p),http://45.162.64.114/FISH_TV/index.m3u8,网络源,https://www.fishtv.com/public/site/images/logos/fishtv.svg
FITE 24/7 (1080p),https://d3d85c7qkywguj.cloudfront.net/scheduler/scheduleMaster/263.m3u8,网络源,https://i.imgur.com/ESV6qgH.png
FIX TV (720p) [Not 24/7],https://fixhd.tv:8082/fix/1080i/playlist.m3u8,网络源,https://i.imgur.com/PLhh0Ps.png
Flame TV (576p),https://viewmedia7219.bozztv.com/wmedia/viewmedia100/web_010/Stream/playlist.m3u8,网络源,https://i.imgur.com/ORKcnzr.png
Flash Haber TV,https://b01c02nl.mediatriple.net/videoonlylive/mtyycglqauzjhlive/broadcast_67c053c48829f.smil/playlist.m3u8,网络源,
Flex Studio Radio TV [Not 24/7],https://live20.bozztv.com/akamaissh101/ssh101/fsradiotv/playlist.m3u8,网络源,https://i.imgur.com/tZjqtxd.png
Flicks of Fury,https://jmp2.uk/plu-58e55b14ad8e9c364d55f717.m3u8,网络源,https://i.imgur.com/rtL5L81.png
FloHockey (1080p),https://amg02278-amg02278c2-flosports-worldwide-9916.playouts.now.amagi.tv/playlist.m3u8,网络源,https://images.fubo.tv/channel-config-ui/station-logos/on-dark/flohockey-white.png
FloRacing (1080p),https://amg02278-amg02278c1-flosports-worldwide-7592.playouts.now.amagi.tv/playlist.m3u8,网络源,https://images.fubo.tv/channel-config-ui/station-logos/on-dark/floracing-white.png
Flowers TV USA,https://yuppmedtaorire.akamaized.net/v1/master/a0d007312bfd99c47f76b77ae26b1ccdaae76cb1/flowers_nim_https/050522/flowers/playlist.m3u8,网络源,https://upload.wikimedia.org/wikipedia/ml/1/1c/Flowers-Onam.png
FM ITALIA (1080p),https://stream2.xdevel.com/video0s975817-1183/stream/playlist.m3u8,网络源,https://i.imgur.com/54CO2u9.png
FM Mundo (1080p),https://video2.makrodigital.com/fmmundo/fmmundo/playlist.m3u8,网络源,https://i.imgur.com/1nNnYQO.png
FM Plus TV (720p),https://v2.tustreaming.cl/fmplus/index.m3u8,网络源,https://i.imgur.com/1UokOyN.png
FMH Kids (1080p),https://cdn1tlinkgo.tlink.cl/fmhkidshd/index.m3u8,网络源,https://img-evg3.tv360.bitel.com.pe/peru-image/2024/12/31/22/1735657792230/b870c45f862d_480_270.png
FMH Movies (1080p),https://cdn1tlinkgo.tlink.cl/fmhmovies/index.m3u8,网络源,https://img-evg3.tv360.bitel.com.pe/peru-image/2024/12/24/23/1735058961578/eaf883fb926d_480_270.png
FMTV [Not 24/7],https://s2.tvdatta.com:3307/hybrid/play.m3u8,网络源,https://i.imgur.com/vPxvbVv.png
FNX (1080p),https://fnx.lls.pbs.org/index.m3u8,网络源,https://upload.wikimedia.org/wikipedia/commons/e/e8/FNX_Web_Logo.png
Folcloreando TV,https://stmvideo6.livecastv.com/radioactivasanjuan/radioactivasanjuan/playlist.m3u8,网络源,https://folcloreando.com/wp-content/uploads/elementor/thumbs/logo-qvcz16ulfxe7qqvftihvlcoku8l2hux59qcndiy3qo.png
Folk Klub TV (720p),http://tv1.intv.mk:1935/live2/folkklub/index.m3u8,网络源,https://i.imgur.com/Seq7Od7.png
Folk TV (1080p) [Not 24/7],https://stream.nasatv.com.mk/folktv/hls/folktv_live.m3u8,网络源,https://i.imgur.com/4b9aZ9P.png
Folklore TV (720p),https://play.folkloretv.pe/StreamSD/index.m3u8,网络源,https://i.imgur.com/QdOGJes.png
Folx Music Television,https://folxapp.b-cdn.net/1080p/index.m3u8,网络源,https://i.imgur.com/ze04puX.png
Folx Slovenija,https://folxsloapp.b-cdn.net/1080p/index.m3u8,网络源,https://i.imgur.com/RK1IASU.png
FON Music (576p),https://stream8.cinerama.uz/1272/tracks-v1a1/mono.m3u8,网络源,https://i.imgur.com/tXABQDE.png
Fonte TV,https://59fb88a1b1108.streamlock.net/fonte/_definst_/fontetv/chunklist_w1224511652.m3u8,网络源,https://i.imgur.com/7q2BmNc.png
Food Food (576p),https://mumt03.tangotv.in/Dsly5z3HFOODFOOD/index.m3u8,网络源,https://jiotvimages.cdn.jio.com/dare_images/images/Food_Food.png
FoodTime (1080p),http://str2.iptvhd.ru:8080/Eda/index.m3u8,网络源,https://i.imgur.com/gxCYAwH.png
Foot+,http://145.239.5.177/556a/index.m3u8,网络源,https://i.imgur.com/qsLLyn4.png
Football (720p),http://31.148.48.15/Futbol_HD/index.m3u8,网络源,https://i.imgur.com/pEuaZVx.png
For laekker til love,https://jmp2.uk/plu-6272511cb389bb0007b30b09.m3u8,网络源,https://images.pluto.tv/channels/6272511cb389bb0007b30b09/colorLogoPNG.png
For You TV,https://stream.az-multimedia.com:3325/live/foryoutvlive.m3u8,网络源,https://i.imgur.com/1oMboXL.png
Forensic Files,https://jmp2.uk/plu-62e92392a3e6270007f562e8.m3u8,网络源,https://i.imgur.com/V5vvuLK.png
Forever Kids,https://jmp2.uk/plu-56171fafada51f8004c4b40f.m3u8,网络源,https://i.imgur.com/deeQqYZ.png
Formula (1080p),https://c4635.cdn.xsg.ge/c4635/TVFormula/index.m3u8,网络源,https://i.imgur.com/fsqBn8G.png
Foro TV,https://mc.servidor.stream:19360/8274/8274.m3u8,网络源,https://encrypted-tbn0.gstatic.com/images?q=tbn:ANd9GcTarTiQHz2Pl0Bpx9g7JV_eaz4V4f61wtGyRw&s
Forsidefruer,https://jmp2.uk/plu-61c19dcefbb4b50007d242e1.m3u8,网络源,https://images.pluto.tv/channels/61c19dcefbb4b50007d242e1/colorLogoPNG.png
FORT TV (480p),https://fort.co-works.org/memfs/87017643-274a-4bc0-a786-7767a0d159c2.m3u8,网络源,https://i.ibb.co/4KN5zW9/fort-tv-logo-GENE.png
Fortaleza TV (1080p),https://multimedia.fortalezatv.cl/video/video.m3u8,网络源,https://i.imgur.com/BJpop5n.png
Fortaleza TV Cueto (720p),https://twitch-m3u8.bastypro112.workers.dev/tvfortalezacueto/index.m3u8,网络源,https://i.imgur.com/z4TfuxB.jpg
Fortis TV,https://stream.fortistv.com/hls/fortis-news/index.m3u8,网络源,https://i.imgur.com/HoO9Urd.jpg
Fortuna TV (720p),https://edge1.socialsmart.tv/ftvturk/bant1/playlist.m3u8,网络源,https://i.imgur.com/ZbUSlOC.png
Fortune TV (720p),http://103.215.194.93:8282/hls/fortunetv/vmix.m3u8,网络源,https://i.imgur.com/MM5evnD.png
Foursquare TV (360p) [Not 24/7],https://webstreaming-3.viewmedia.tv/web_033/Stream/playlist.m3u8,网络源,https://i.imgur.com/ORer9ag.png
Fox (Russia) (576p),http://stream.mcquack.net/182/index.m3u8,网络源,https://i.imgur.com/nr1Y67Z.png
Fox (United States) (720p),http://stream.cammonitorplus.net/1752/index.m3u8,网络源,https://upload.wikimedia.org/wikipedia/commons/thumb/f/f0/Fox_Networks_Group_US_logo.svg/960px-Fox_Networks_Group_US_logo.svg.png
Fox (United States) KBSI (720p) [Not 24/7],https://live.field59.com/kbsi/kbsi1/playlist.m3u8,网络源,https://static.wikia.nocookie.net/tvstations/images/8/8e/KBSIO6.png
Fox (United States) KCPQ (720p),https://aegis-cloudfront-1.tubi.video/cc394198-7bde-43e8-b186-875bc0eb3037/index.m3u8,网络源,https://upload.wikimedia.org/wikipedia/commons/thumb/f/f0/Fox_Networks_Group_US_logo.svg/960px-Fox_Networks_Group_US_logo.svg.png
Fox (United States) KDFW (1080p),https://cdn-uw2-prod.tsv2.amagi.tv/linear/amg00488-foxdigital-fox4dallaskdfw-vizious/playlist.m3u8,网络源,https://upload.wikimedia.org/wikipedia/commons/thumb/f/f0/Fox_Networks_Group_US_logo.svg/960px-Fox_Networks_Group_US_logo.svg.png
Fox (United States) KMPH-TV (1080p),https://linear-711.frequency.stream/dist/stirr/711/hls/master/playlist.m3u8,网络源,https://upload.wikimedia.org/wikipedia/commons/thumb/f/f0/Fox_Networks_Group_US_logo.svg/960px-Fox_Networks_Group_US_logo.svg.png
Fox (United States) KOKH-TV (1080p),https://linear-705.frequency.stream/dist/stirr/705/hls/master/playlist.m3u8,网络源,https://upload.wikimedia.org/wikipedia/commons/thumb/f/f0/Fox_Networks_Group_US_logo.svg/960px-Fox_Networks_Group_US_logo.svg.png
Fox (United States) KRIV (1080p),https://cdn-uw2-prod.tsv2.amagi.tv/linear/amg00488-foxdigital-kriv-lgus/playlist.m3u8,网络源,https://upload.wikimedia.org/wikipedia/commons/thumb/f/f0/Fox_Networks_Group_US_logo.svg/960px-Fox_Networks_Group_US_logo.svg.png
Fox (United States) KSAZ-TV (1080p),https://cdn-uw2-prod.tsv2.amagi.tv/linear/amg00488-foxdigital-ksaz-lgus/playlist.m3u8,网络源,https://upload.wikimedia.org/wikipedia/commons/thumb/f/f0/Fox_Networks_Group_US_logo.svg/960px-Fox_Networks_Group_US_logo.svg.png
Fox (United States) KTBC (1080p),https://cdn-uw2-prod.tsv2.amagi.tv/linear/amg00488-foxdigital-ktbc-lgus/playlist.m3u8,网络源,https://upload.wikimedia.org/wikipedia/commons/thumb/f/f0/Fox_Networks_Group_US_logo.svg/960px-Fox_Networks_Group_US_logo.svg.png
Fox (United States) KTTV (1080p),https://cdn-uw2-prod.tsv2.amagi.tv/linear/amg00488-foxdigital-fox11losangeleskttv-vizious/playlist.m3u8,网络源,https://upload.wikimedia.org/wikipedia/commons/thumb/f/f0/Fox_Networks_Group_US_logo.svg/960px-Fox_Networks_Group_US_logo.svg.png
Fox (United States) WBFF (1080p),https://linear-688.frequency.stream/dist/stirr/688/hls/master/playlist.m3u8,网络源,https://upload.wikimedia.org/wikipedia/commons/thumb/f/f0/Fox_Networks_Group_US_logo.svg/960px-Fox_Networks_Group_US_logo.svg.png
Fox (United States) West (720p),http://stream.cammonitorplus.net/1799/index.m3u8,网络源,https://upload.wikimedia.org/wikipedia/commons/thumb/f/f0/Fox_Networks_Group_US_logo.svg/960px-Fox_Networks_Group_US_logo.svg.png
Fox (United States) WFTX-TV (720p),https://content.uplynk.com/channel/8975f81e6efd4e609873c3e8e25c7756.m3u8,网络源,https://upload.wikimedia.org/wikipedia/commons/thumb/f/f0/Fox_Networks_Group_US_logo.svg/960px-Fox_Networks_Group_US_logo.svg.png
Fox (United States) WFXT (1080p) [Geo-blocked],https://pubads.g.doubleclick.net/ssai/event/1kItNgwtQUe54NjjBiiTGg/master.m3u8,网络源,https://upload.wikimedia.org/wikipedia/commons/thumb/f/f0/Fox_Networks_Group_US_logo.svg/960px-Fox_Networks_Group_US_logo.svg.png
Fox (United States) WHBQ-TV (1080p),https://cdn-uw2-prod.tsv2.amagi.tv/linear/amg02104-imagicommcommun-whbqbreaking-ono/playlist.m3u8,网络源,https://upload.wikimedia.org/wikipedia/commons/thumb/f/f0/Fox_Networks_Group_US_logo.svg/960px-Fox_Networks_Group_US_logo.svg.png
Fox (United States) WITI (1080p),https://cdn-uw2-prod.tsv2.amagi.tv/linear/amg00488-foxdigital-witi-lgus/playlist.m3u8,网络源,https://upload.wikimedia.org/wikipedia/commons/thumb/f/f0/Fox_Networks_Group_US_logo.svg/960px-Fox_Networks_Group_US_logo.svg.png
Fox (United States) WJBK (1080p),https://cdn-uw2-prod.tsv2.amagi.tv/linear/amg00488-foxdigital-fox2detroitwjbk-vizious/playlist.m3u8,网络源,https://i.imgur.com/EL9Bwtf.png
Fox (United States) WNYW (1080p),https://cdn-uw2-prod.tsv2.amagi.tv/linear/amg00488-foxdigital-wnyw-lgus/playlist.m3u8,网络源,https://upload.wikimedia.org/wikipedia/commons/thumb/f/f0/Fox_Networks_Group_US_logo.svg/960px-Fox_Networks_Group_US_logo.svg.png
Fox (United States) WTTG (1080p),https://cdn-uw2-prod.tsv2.amagi.tv/linear/amg00488-foxdigital-fox5dcwttg-vizious/playlist.m3u8,网络源,https://upload.wikimedia.org/wikipedia/commons/thumb/f/f0/Fox_Networks_Group_US_logo.svg/960px-Fox_Networks_Group_US_logo.svg.png
Fox (United States) WTVT (1080p),https://cdn-uw2-prod.tsv2.amagi.tv/linear/amg00488-foxdigital-fox13tampabaywtvt-vizious/playlist.m3u8,网络源,https://upload.wikimedia.org/wikipedia/commons/thumb/f/f0/Fox_Networks_Group_US_logo.svg/960px-Fox_Networks_Group_US_logo.svg.png
Fox (United States) WTXF-TV (1080p),https://cdn-uw2-prod.tsv2.amagi.tv/linear/amg00488-foxdigital-fox29philadelphiawtx-vizious/playlist.m3u8,网络源,https://i.imgur.com/fRjmk5r.png
Fox (United States) WXXV-TV (720p),https://townnews.g-mana.live/media/c8c354e0-672f-4368-a17d-a862ee98af4a/main.m3u8,网络源,https://upload.wikimedia.org/wikipedia/commons/thumb/f/f0/Fox_Networks_Group_US_logo.svg/960px-Fox_Networks_Group_US_logo.svg.png
Fox Business Network (720p),http://5.254.89.106/6187/index.m3u8,网络源,https://upload.wikimedia.org/wikipedia/commons/thumb/8/8a/Fox_Business.svg/960px-Fox_Business.svg.png
Fox Deportes (720p),http://23.237.104.106:8080/USA_FOX_DEPORTES/index.m3u8,网络源,https://upload.wikimedia.org/wikipedia/commons/thumb/3/3b/FOX_Deportes_logo.png/960px-FOX_Deportes_logo.png
Fox Life (576p),http://stream.mcquack.net/129/index.m3u8,网络源,https://i.imgur.com/O2miSLA.png
Fox News Channel (720p),http://138.121.15.230:9002/FOX-NEWS/index.m3u8,网络源,https://upload.wikimedia.org/wikipedia/commons/thumb/6/67/Fox_News_Channel_logo.svg/960px-Fox_News_Channel_logo.svg.png
Fox News Radio (720p),https://radiovid.foxnews.com/hls/live/661547/RADIOVID/index.m3u8,网络源,https://radio.foxnews.com/wp-content/uploads/2017/10/default_logo-150x150.png
Fox Soul (1080p),https://foxsoul-vizio.amagi.tv/playlist.m3u8,网络源,https://i.imgur.com/YIamDGn.png
Fox Sports 1 (720p),http://85.237.89.160:9590/usa-s/FOX-SPORTS-1/index.m3u8,网络源,https://i.imgur.com/O9BapV9.png
Fox Weather (720p),https://247wlive.foxweather.com/stream/index.m3u8,网络源,https://upload.wikimedia.org/wikipedia/commons/thumb/b/b9/Fox_Weather_logo.svg/960px-Fox_Weather_logo.svg.png
France 3 Cote d'Azur,http://89.187.185.76:8080/France3/index.m3u8,网络源,https://upload.wikimedia.org/wikipedia/commons/9/9c/France_3_Cote_d%27Azur_-_Logo_2018.svg
France 3 Lorraine (1080p),http://5.180.164.197:8080/FRANCE3/index.m3u8,网络源,https://upload.wikimedia.org/wikipedia/commons/6/61/France_3_Lorraine_-_Logo_2018.svg
France 4,http://176.65.146.100:8047/play/a074/index.m3u8,网络源,https://upload.wikimedia.org/wikipedia/commons/thumb/3/3b/France_4_2018.svg/960px-France_4_2018.svg.png
France 4 HD (1080p),https://sv1.data-stream.top/8c0a287e56a6e1843143904778be3775b4d3edd4fba4ffcc3f72638c7a71d4d4/hls/francetv4.m3u8,网络源,https://upload.wikimedia.org/wikipedia/commons/thumb/3/3b/France_4_2018.svg/960px-France_4_2018.svg.png
France 5 (720p),http://145.239.5.177/305/index.m3u8,网络源,https://upload.wikimedia.org/wikipedia/commons/thumb/5/50/France_5_2018.svg/960px-France_5_2018.svg.png
France 24 (1080p),https://live.france24.com/hls/live/2037179-b/F24_FR_HI_HLS/master_5000.m3u8,网络源,https://i.imgur.com/u8N6uoj.png
France 24 Arabic (1080p),https://live.france24.com/hls/live/2037222-b/F24_AR_HI_HLS/master_5000.m3u8,网络源,https://xstreamcp-assets-msp.streamready.in/assets/LIVETV/LIVECHANNEL/LIVETV_LIVETVCHANNEL_FRANCE_24/images/LOGO_HD/image.png
France 24 English (1080p),https://live.france24.com/hls/live/2037218-b/F24_EN_HI_HLS/master_5000.m3u8,网络源,https://xstreamcp-assets-msp.streamready.in/assets/LIVETV/LIVECHANNEL/LIVETV_LIVETVCHANNEL_FRANCE_24/images/LOGO_HD/image.png
France 24 English HD (1080p),http://nmk.ioapk.com:5050/4gtv-live146/index.m3u8,网络源,https://xstreamcp-assets-msp.streamready.in/assets/LIVETV/LIVECHANNEL/LIVETV_LIVETVCHANNEL_FRANCE_24/images/LOGO_HD/image.png
France 24 Spanish (1080p),https://live.france24.com/hls/live/2037220-b/F24_ES_HI_HLS/master_5000.m3u8,网络源,https://xstreamcp-assets-msp.streamready.in/assets/LIVETV/LIVECHANNEL/LIVETV_LIVETVCHANNEL_FRANCE_24/images/LOGO_HD/image.png
Franchs TV (720p),https://stream.oursnetworktv.com/latin/franchstv/playlist.m3u8,网络源,https://i.imgur.com/Rr9pKQh.png
Francophonie24 (1080p),https://5421175365ea3.streamlock.net/live/smil:switch.smil/playlist.m3u8,网络源,https://i.imgur.com/uM1v1sd.png
Franken Fernsehen (1080p) [Not 24/7],https://frankentv.iptv-playoutcenter.de/frankentv/frankentv.stream_1/playlist.m3u8,网络源,https://i.imgur.com/3pGGLLD.png
Frasier (Germany),https://jmp2.uk/plu-62cebf042ffc6d0007c4e59a.m3u8,网络源,https://images.pluto.tv/channels/62cebf042ffc6d0007c4e59a/colorLogoPNG.png
Frasier (Sweden),https://jmp2.uk/plu-6400c095498393000878a634.m3u8,网络源,https://images.pluto.tv/channels/6400c095498393000878a634/colorLogoPNG.png
Frasier (United States),https://jmp2.uk/plu-62f4f90e39183b000769f12b.m3u8,网络源,https://images.pluto.tv/channels/62f4f90e39183b000769f12b/colorLogoPNG.png
Frasier: Beruhmte Gaste,https://jmp2.uk/plu-6790fa9e1cfc4aa96dfadcef.m3u8,网络源,https://images.pluto.tv/channels/6790fa9e1cfc4aa96dfadcef/colorLogoPNG.png
FRATA TV (1080p) [Not 24/7],https://vdopanel.jlahozconsulting.com:3706/hybrid/play.m3u8,网络源,https://i.imgur.com/VxeTREd.png
Frecuencia 7 TV (720p),https://v2.tustreaming.cl/frecuencia7/index.m3u8,网络源,https://i.imgur.com/ZhwmWXD.png
Frecuencia Amazonica,https://vivatv.juanjuiserver.com:3349/live/frecuenciaamazonicalive.m3u8,网络源,https://i.imgur.com/jVkzHw0.png
Frecuencia F TV (1080p),https://tv.frecuenciaf.com/live/envivo_1080p4000kbs/index.m3u8,网络源,https://i.imgur.com/Cw5k96N.png
Free Speech TV (720p),https://na.linear.zype.com/f2f02a72-71d0-45f3-829f-4ae51f721102/86ef0177-697d-41c4-be57-c4d1a2b83cad-hls4/live.m3u8,网络源,https://i.imgur.com/Qq6heRq.png
Freebie TV (720p) [Not 24/7],https://d1h1d6qoy9vnra.cloudfront.net/v1/master/9d062541f2ff39b5c0f48b743c6411d25f62fc25/Freebie-Plex/187.m3u8,网络源,https://i.imgur.com/KbmXdjm.png
FREEDOM (1080p),https://dash4.antik.sk/live/test_uatv/playlist.m3u8,网络源,https://upload.wikimedia.org/wikipedia/commons/thumb/f/f2/FreeDOMUAlogo.svg/960px-FreeDOMUAlogo.svg.png
Freeform (720p),http://190.11.225.124:5000/live/freeform_hd/playlist.m3u8,网络源,https://i.imgur.com/BGAGeIf.png
Frequence Novelas (1080p),https://d20oth1416y9a1.cloudfront.net/playlist/amg00711-zylofast-frequencenovelas-rakutenus/playlist.m3u8,网络源,https://i.imgur.com/fEjNAps.png
Fresh News,http://streaming-android.freshnewsasia.tv:1935/live/ngrp:myStream_all/playlist.m3u8,网络源,https://i.imgur.com/bV6sawt.png
Friday! (576p),http://stream.mcquack.net/181/index.m3u8,网络源,https://i.imgur.com/UfmlXxe.png
Friday! International Kazakhstan (576p),https://fs.uplink.kz/bolshaya_pyatnica/mono.m3u8?token=onlinetv,网络源,https://i.imgur.com/N2z3EZC.png
Friends TV (1080p),https://server.playontv.in/friendstv/index.m3u8,网络源,https://jiotvimages.cdn.jio.com/dare_images/images/Friends_TV.png
FrightFlix (720p),https://stream-us-east-1.getpublica.com/playlist.m3u8?network_id=2229,网络源,https://i.imgur.com/rgNQYAl.png
Frikanalen (720p),https://frikanalen.no/stream/index.m3u8,网络源,https://i.imgur.com/rY3Owxl.png
Frusna Vagar,https://jmp2.uk/plu-61c19099bf8c520007a93cff.m3u8,网络源,https://images.pluto.tv/channels/61c19099bf8c520007a93cff/colorLogoPNG.png
FS1 Salzburg (720p) [Not 24/7],http://stream.fs1.tv:8080/hls/webstream.m3u8,网络源,https://i.imgur.com/74gMaPK.png
FTF Sports (720p),https://1593604785.rsc.cdn77.org/FTF/FTF_SCTE.m3u8,网络源,https://i.imgur.com/yvUjOI3.png
FTV (Bolivia) (720p),https://master.tucableip.com/ftvhd/index.m3u8,网络源,https://i.imgur.com/YOr1Oac.png
FTV (Taiwan) (720p) [Not 24/7],http://seb.sason.top/ptv/ftv.php?id=ms,网络源,https://i.imgur.com/q8ahtbT.png
FTV (Uzbekistan) (576p),https://stream8.cinerama.uz/1018/playlist.m3u8,网络源,https://i.imgur.com/7lpISyN.jpg
FTV One (720p) [Not 24/7],http://seb.sason.top/ptv/ftv.php?id=dy,网络源,https://i.imgur.com/HBT2o0I.png
FTV Taiwan (720p) [Not 24/7],http://seb.sason.top/ptv/ftv.php?id=tw,网络源,https://i.imgur.com/p108I5g.png
Fubo Sports Network (1080p),https://dnf08l6u6uxnz.cloudfront.net/master.m3u8,网络源,https://i.imgur.com/qFNRJLb.png
Fuego TV [Not 24/7],https://streamunoapp.com:3553/live/cromtvlive.m3u8,网络源,https://i.imgur.com/T9vWjeB.png
FUEL TV (1080p),https://amg01074-fueltv-fueltvemeaen-rakuten-b6j62.amagi.tv/hls/amagi_hls_data_rakutenAA-fueltvemeaen/CDN/master.m3u8,网络源,https://i.imgur.com/I8mviBy.png
FUEL TV AU (1080p),https://amg01074-fueltv-fueltvau-samsungau-g09kq.amagi.tv/playlist/amg01074-fueltv-fueltvau-samsungau/playlist.m3u8,网络源,https://i.imgur.com/I8mviBy.png
FUEL TV US (1080p) [Geo-blocked],https://amg01074-fueltv-amg01074c1-firetv-us-3150.playouts.now.amagi.tv/playlist.m3u8,网络源,https://i.imgur.com/I8mviBy.png
Fuerteventura TV (1080p),https://5c0956165db0b.streamlock.net/ftv/directo/.m3u8,网络源,https://i.ibb.co/MpvjCzC/Fuerteventura-tv-service-webtv-488969d1-1.png
Fujairah TV (720p),https://live.kwikmotion.com/fujairahlive/fujairah.smil/playlist.m3u8,网络源,https://i.imgur.com/D2tOhbE.png
Fujian Comprehensive Channel,http://120.39.52.202:5140/%E7%A6%8F%E5%BB%BA%E7%BB%BC%E5%90%88,网络源,https://i.imgur.com/rePTGa6.png
Fun Roads (720p),https://stream-us-east-1.getpublica.com/playlist.m3u8?network_id=978,网络源,https://i.imgur.com/2Q6TENm.png
Fun Vision,https://funradiovisionhd.vedge.infomaniak.com/livecast/ik:funradiovisionhd/manifest.m3u8,网络源,https://i.imgur.com/AhkKr7Y.png
FunBox,http://186.148.196.100:8000/play/a00d,网络源,https://i.imgur.com/9MXM6jD.png
Funny AF (Germany),https://jmp2.uk/plu-65a6a5e90c7ff50008cb9815.m3u8,网络源,https://images.pluto.tv/channels/65a6a5e90c7ff50008cb9815/colorLogoPNG.png
Funny AF (United States),https://jmp2.uk/plu-580e87ff497c73ba2f321dd3.m3u8,网络源,https://i.imgur.com/UCwjdtQ.png
Fuse (1080p),http://23.237.104.106:8080/USA_FUSE/index.m3u8,网络源,https://upload.wikimedia.org/wikipedia/commons/c/c2/Fuse_Black_Logo_2017.png
FUSION TV (1080p),https://edge20.vedge.infomaniak.com/livecast/ik:fusiontv/manifest.m3u8,网络源,https://i.imgur.com/WMrYEgH.png
Futbol (1080p),https://live.teleradiocom.tj/8/3m.m3u8,网络源,https://i.imgur.com/RngmCDn.png
Futbol TV (1080p),http://stream3.cinerama.uz/1010/tracks-v1a1/mono.m3u8,网络源,https://i.ibb.co/h1gQSkbB/Futbol-TV.png
Futura (720p),http://168.197.104.22/FUTURA/index.m3u8,网络源,https://upload.wikimedia.org/wikipedia/commons/thumb/8/8e/Canal_Futura.png/960px-Canal_Futura.png
Future TV (1080p),https://live.kwikmotion.com/futurelive/ftv.smil/playlist.m3u8,网络源,https://i.imgur.com/OaqEpwe.png
FUTV,http://190.61.90.17:40000/play/a03v/index.m3u8,网络源,https://i.imgur.com/f8BkLql.png
FX 1,https://fxtvhls.wns.live/hls/stream.m3u8,网络源,
FX 2,https://toonixhls.wns.live/hls/stream.m3u8,网络源,
FX (Russia) (1080p),http://str2.iptvhd.ru:8080/FOX_HD/index.m3u8,网络源,https://xml-epgservice.cdnvideo.ru/EPGService/hs/xmldata/852f4b92-cae5-463e-aad6-cd8844c5a49/logo/478.png
FX (United States) (1080p),http://23.237.104.106:8080/USA_FX/index.m3u8,网络源,https://upload.wikimedia.org/wikipedia/commons/thumb/4/4d/FX_International_logo.svg/960px-FX_International_logo.svg.png
FX (United States) East HD (720p),http://4.30.180.36:8420/fx/index.m3u8?token=test,网络源,https://upload.wikimedia.org/wikipedia/commons/thumb/4/4d/FX_International_logo.svg/960px-FX_International_logo.svg.png
FX Latin America (1080p),http://15.204.246.24:8080/FXHD/index.m3u8,网络源,https://upload.wikimedia.org/wikipedia/commons/thumb/4/4d/FX_International_logo.svg/960px-FX_International_logo.svg.png
FX Latin America South (720p),http://72.1.184.5:8089/play/a05i/index.m3u8,网络源,https://upload.wikimedia.org/wikipedia/commons/thumb/4/4d/FX_International_logo.svg/960px-FX_International_logo.svg.png
FX Life (576p),http://str2.iptvhd.ru:8080/Fox_Life_HD/index.m3u8,网络源,https://i.imgur.com/VLv4r50.png
G10TV (1080p),https://reflect-jacksonville.cablecast.tv/live-8/live/live.m3u8,网络源,https://i.imgur.com/5VPgAxB.jpg
Gagsnetwork (576p),http://hls127.freeott.top:8080/Gagsnetwork/video.m3u8,网络源,https://i.imgur.com/ENj5GIp.png
Galactica TV,https://stream.neux.site/memfs/e3f59eec-6b93-45e1-a2ab-c82381c2a9ec.m3u8,网络源,https://i.imgur.com/byL1zCV.jpeg
Galavision East HD (1080p) [Geo-blocked],https://streaming-live-fcdn.api.prd.univisionnow.com/galaeast/galaeast.isml/hls/galaeast.m3u8,网络源,https://upload.wikimedia.org/wikipedia/commons/thumb/a/af/Galavision_Logo_2024.svg/960px-Galavision_Logo_2024.svg.png
Galavision West (720p),http://200.115.120.1:8000/play/ca128/index.m3u8,网络源,https://upload.wikimedia.org/wikipedia/commons/thumb/a/af/Galavision_Logo_2024.svg/960px-Galavision_Logo_2024.svg.png
Galavision West HD (1080p) [Geo-blocked],https://streaming-live-fcdn.api.prd.univisionnow.com/galawest/galawest.isml/hls/galawest.m3u8,网络源,https://upload.wikimedia.org/wikipedia/commons/thumb/a/af/Galavision_Logo_2024.svg/960px-Galavision_Logo_2024.svg.png
GalaxiATeVe (360p),https://streaming.grupomediosdelnorte.com:19360/galaxiateve/galaxiateve.m3u8,网络源,https://grupomediosdelnorte.com/iptv/galaxia.png
Galaxy4,https://budapest-cache-1.antik.sk/live/test_galaxy_4_atk_1200/playlist.m3u8,网络源,https://i.imgur.com/fTG99xh.png
Galicia TV Europa (720p),https://crtvg-europa.flumotion.cloud/playlist.m3u8,网络源,https://i.imgur.com/dvkzH8n.png
Galveston County TV (720p) [Not 24/7],https://edge-f.swagit.com/live/galvestontx/smil:hd-16x9-1-a/playlist.m3u8,网络源,https://i.imgur.com/uzjuxdI.png
Galxy TV (720p),https://stream-us-east-1.getpublica.com/playlist.m3u8?network_id=2230,网络源,https://i.imgur.com/7gZlQDn.png
Gamavision (1080p),http://45.224.97.181:9999/Gamavision/index.m3u8,网络源,https://upload.wikimedia.org/wikipedia/commons/9/94/Gamavisi%C3%B3n2018new.png
Gambero Rosso Channel (720p),https://jmp2.uk/plu-6971fc07c945e6e4e5bc46bf.m3u8,网络源,https://i.imgur.com/x5cwb1q.png
Game Show Central (720p),https://jmp2.uk/plu-5e54187aae660e00093561d6.m3u8,网络源,https://i.imgur.com/Uuc5h1s.png
Game Show Network (720p) [Not 24/7],https://a-cdn.klowdtv.com/live2/gsn_720p/playlist.m3u8,网络源,https://upload.wikimedia.org/wikipedia/commons/thumb/c/c8/Game_Show_Network_2018.svg/960px-Game_Show_Network_2018.svg.png
Game+ (720p),https://a-cdn.klowdtv.com/live2/fntsy_720p/playlist.m3u8,网络源,https://i.imgur.com/Lj69WbR.png
GAMTV.cr (720p),https://v2.azulstream.com:8081/gamtv/gamtv/index.m3u8,网络源,https://i.ibb.co/xFCS7wM/GAMTVCR.png
Gangaur TV (1080p),https://pbgangaur.wiseplayout.com/Gangaur/master.m3u8,网络源,https://jiotvimages.cdn.jio.com/dare_images/images/Gangaur.png
Ganj e Hozour TV (1080p),https://media.parvizshahbazi.com/ganjehozour/Main_tv/playlist.m3u8,网络源,https://i.imgur.com/TnQYtKh.png
Garabito TV (720p),https://59ef525c24caa.streamlock.net/garabitoTV/garabitotv/playlist.m3u8,网络源,https://i.imgur.com/sAYNKJ8.png
Garage TV Latin America,https://stream1.sersat.com/hls/garagetv.m3u8,网络源,https://i.imgur.com/FqFxog1.png
Gardenias TV (720p) [Not 24/7],https://stream.oursnetworktv.com/latin/gardeniasTv/playlist.m3u8,网络源,https://i.ibb.co/YfVmfwV/83ff2da28cae14bc47bb07e976bef578.png
Garfield and Friends,https://jmp2.uk/plu-677f927554f43dad4b3258aa.m3u8,网络源,https://i.imgur.com/evzfe9C.png
Garshom TV (360p) [Not 24/7],https://og2qd3aal7an-hls-live.5centscdn.com/garshomtv/d0dbe915091d400bd8ee7f27f0791303.sdp/playlist.m3u8,网络源,https://i.imgur.com/KnbwUyb.png
Garuda TV (1080p),https://hgmtv.com:19360/garudatvlivestreaming/garudatvlivestreaming.m3u8,网络源,https://i.imgur.com/sXsAcZ3.png
Gaunda Punjab TV (720p),http://cdn6.live247stream.com/gaundapunjab/tv/playlist.m3u8,网络源,https://i.imgur.com/ArRZRM3.png
Gaviota TV [Not 24/7],https://gaviotatv.streamseguro.com:3195/live/gaviotatvlive.m3u8,网络源,https://i.imgur.com/1vlZA6O.png
Gazi TV (1080p),http://tvn1.chowdhury-shaheb.com/gazitv/index.m3u8,网络源,https://i.imgur.com/2Lzhiq6.png
GB News (1080p),https://amg01076-lightningintern-gbnewsau-samsungau-et7fz.amagi.tv/playlist/amg01076-lightningintern-gbnewsau-samsungau/playlist.m3u8,网络源,https://upload.wikimedia.org/wikipedia/en/thumb/3/35/GB_News_Logo.svg/960px-GB_News_Logo.svg.png
GB News HD (2160p),https://xemzi.short.gy/1000017,网络源,https://upload.wikimedia.org/wikipedia/en/thumb/3/35/GB_News_Logo.svg/960px-GB_News_Logo.svg.png
GBS TV (720p) [Not 24/7],https://goliveafrica.media:9998/live/647460ac1ddd6/index.m3u8,网络源,https://i.imgur.com/2AP1xVg.png
GCN (720p),http://liveko24-manminglobal3.ktcdn.co.kr/liveko24/gcnko_1300k.stream/playlist.m3u8,网络源,https://i.imgur.com/yzwtMOC.png
GCN America (720p),http://liveen24-manminglobal3.ktcdn.co.kr/liveen24/gcnus_1300k.stream/playlist.m3u8,网络源,https://i.imgur.com/DWSWrtV.png
GCO.tv (1080p),https://reflect-golden-co.cablecast.tv/live-3/live/live.m3u8,网络源,https://i.imgur.com/zHBR2zR.png
GDS TV,http://31.146.5.178:8087/play/a00a/index.m3u8,网络源,https://i.imgur.com/gv61tFf.png
ge Fast (1080p),https://amg00716-globo-amg00716c1-tcl-br-9495.playouts.now.amagi.tv/playlist.m3u8,网络源,https://i.ibb.co/WGXHDnF/logo-ge-fast.png
GEB Network KBPX-LD (1080p),https://edge1.lifestreamcdn.com/live/geb/playlist.m3u8,网络源,https://upload.wikimedia.org/wikipedia/commons/e/e8/GEB_logo_blue.png
Geekdot (720p),https://stream.ichibantv.com:3764/hybrid/play.m3u8,网络源,https://i.imgur.com/jML1u4O.png
GEM 24B,https://ca-rt.onetv.app/gem24b/index-0.m3u8?token=onetv202,网络源,https://i.imgur.com/8LgdPst.png
GEM Bollywood,https://ca-rt.onetv.app/gembollywood/index-0.m3u8?token=onetv202,网络源,https://i.imgur.com/2XASeBk.png
GEM Classic,https://ca-rt.onetv.app/gemclassic/index-0.m3u8?token=onetv202,网络源,https://i.imgur.com/25BhuOf.png
GEM Comedy,https://ca-rt.onetv.app/gemcomedy/index-0.m3u8?token=onetv202,网络源,https://i.imgur.com/FuscfJW.png
GEM Drama,https://ca-rt.onetv.app/gemdrama/index-0.m3u8?token=onetv202,网络源,https://i.imgur.com/k2pGyRH.png
GEM Drama +,https://ca-rt.onetv.app/gemdramaplus/index-0.m3u8?token=onetv202,网络源,https://gemgroup.tv/assets/images/channels/icon_7.png
GEM Entertainment,https://ca-rt.onetv.app/gementertainment/index-0.m3u8?token=onetv202,网络源,https://www.gemgroup.tv/assets/images/channels/icon_8.png
GEM Film,https://ca-rt.onetv.app/gemfilm/index-0.m3u8?token=onetv202,网络源,https://i.imgur.com/nrFz3LU.png
GEM Fit,https://ca-rt.onetv.app/gemfit/index-0.m3u8?token=onetv202,网络源,https://i.imgur.com/7FQxaII.png
GEM Food,https://ca-rt.onetv.app/gemfood/index-0.m3u8?token=onetv202,网络源,https://i.imgur.com/SMtSinK.png
GEM Junior,https://ca-rt.onetv.app/gemjunior/index-0.m3u8?token=onetv202,网络源,https://i.imgur.com/jK8yzj2.png
GEM Kids,https://ca-rt.onetv.app/gemkids/index-0.m3u8?token=onetv202,网络源,https://i.imgur.com/ArkjaFk.png
GEM Life,https://ca-rt.onetv.app/gemlife/index-0.m3u8?token=onetv202,网络源,https://i.imgur.com/gI8qePa.png
GEM Mifa,https://ca-rt.onetv.app/gemmifa/index-0.m3u8?token=onetv202,网络源,https://i.imgur.com/qlI7o7V.png
GEM Mifa +,https://ca-rt.onetv.app/gemmifaplus/index-0.m3u8?token=onetv202,网络源,https://i.imgur.com/8FIAqR5.png
GEM Nature,https://ca-rt.onetv.app/gemnature/index-0.m3u8?token=onetv202,网络源,https://i.imgur.com/ENvOMDQ.png
GEM Onyx,https://ca-rt.onetv.app/gemonyx/index-0.m3u8?token=onetv202,网络源,https://i.imgur.com/gXRIAw4.png
GEM Pixel,https://glserver1.tamashaland.com/live/aBCH96886YznRbGOiqTnnQ__/stream_0.m3u8,网络源,https://i.ibb.co/Q3tkbPrn/icon-27.png
GEM River,https://ca-rt.onetv.app/gemriver/index-0.m3u8?token=onetv202,网络源,https://i.imgur.com/yJ6f1B6.png
GEM River +,https://ca-rt.onetv.app/gemriverplus/index-0.m3u8?token=onetv202,网络源,https://gemgroup.tv/assets/images/channels/icon_29.png
GEM Rubix,https://ca-rt.onetv.app/gemrubix/index-0.m3u8?token=onetv202,网络源,https://i.imgur.com/cDjOj58.png
GEM Rubix +,https://ca-rt.onetv.app/gemrubixplus/index-0.m3u8?token=onetv202,网络源,https://gemgroup.tv/assets/images/channels/icon_31.png
GEM Series +,https://ca-rt.onetv.app/gemseriesplus/index-0.m3u8?token=onetv202,网络源,https://gemgroup.tv/assets/images/channels/icon_33.png
Gem Shopping Network (720p),https://amg01460-gemshoppingnetw-gem-ono-x662c.amagi.tv/playlist.m3u8,网络源,https://i.imgur.com/WlHEpAu.png
GEM Sport,https://steep-wildflower-284d.nhhwkiszzzvcuojxdo.workers.dev/?url=https://gg.hls2.xyz/live/IR+-+GEM+Sport/chunks.m3u8,网络源,https://www.gemgroup.tv/assets/images/channels/icon_34.png
GEM TV,https://ca-rt.onetv.app/gem/index-0.m3u8?token=onetv202,网络源,https://gemgroup.tv/assets/images/channels/icon_16.png
GEM TV +,https://ca-rt.onetv.app/gemtvplus/index-0.m3u8?token=onetv202,网络源,https://gemgroup.tv/assets/images/channels/icon_17.png
Gems TV (720p),https://lo3.gemporia.com/abrgemporiaukgfx/smil:livestream.smil/playlist.m3u8,网络源,https://i.imgur.com/WgaJufI.png
Generations TV (576p),https://event.vedge.infomaniak.com/livecast/ik:generation-tv/manifest.m3u8,网络源,https://i.imgur.com/NgBrDMe.png
Genesis Science Network (720p),https://2-fss-1.streamhoster.com/pl_122/amlst:206018-2645902/playlist.m3u8,网络源,https://i.imgur.com/CFAn996.png
Genial TV (720p),https://v1.tustreaming.cl/genialtv/index.m3u8,网络源,https://i.imgur.com/uBC8e96.png
Genios TV (1080p),https://sc3.wasidata.com/Genios2_1902/video.m3u8,网络源,https://i.imgur.com/iH2Lx6E.png
Geordie Shore (Germany),https://jmp2.uk/plu-619263ee9541940007d20d60.m3u8,网络源,https://images.pluto.tv/channels/619263ee9541940007d20d60/colorLogoPNG.png
Geordie Shore (Germany) GB,https://jmp2.uk/plu-65c4960d11ced7000812c433.m3u8,网络源,https://images.pluto.tv/channels/619263ee9541940007d20d60/colorLogoPNG.png
Geordie Shore (Sweden),https://jmp2.uk/plu-64424be3e94c380008d0a66d.m3u8,网络源,https://images.pluto.tv/channels/6442512cee6a2f0008d3351f/colorLogoPNG.png
Geordie Shore (Sweden) DK,https://jmp2.uk/plu-6442512cee6a2f0008d3351f.m3u8,网络源,https://images.pluto.tv/channels/6442512cee6a2f0008d3351f/colorLogoPNG.png
Geordie Shore (Sweden) NO,https://jmp2.uk/plu-64424a1d5a0cd500083ed27c.m3u8,网络源,https://images.pluto.tv/channels/6442512cee6a2f0008d3351f/colorLogoPNG.png
Germany Shore,https://jmp2.uk/plu-6447dea7e94c380008dba94c.m3u8,网络源,https://images.pluto.tv/channels/6447dea7e94c380008dba94c/colorLogoPNG.png
Get.factual (720p),https://d1nhni5l2n8hjt.cloudfront.net/gf.m3u8,网络源,https://i.imgur.com/4oVcjLd.png
Gex TV (1080p),https://live20.bozztv.com/akamaissh101/ssh101/gextvaccess/playlist.m3u8,网络源,https://gextv.com/LOGO-WHITE.png
GH Television (1080p) [Not 24/7],https://fox.hostlagarto.com:8081/ghtelevision/tracks-v1a1/mono.m3u8,网络源,https://i.imgur.com/xhkiiO3.png
Ghost Dimension,https://jmp2.uk/plu-619e1bb3e9af5a0007f235ad.m3u8,网络源,https://i.imgur.com/a0jOxez.png
Ghost Hunters (1080p),https://amg00353-amg00353c30-samsung-au-3440.playouts.now.amagi.tv/playlist.m3u8,网络源,https://i.imgur.com/KdBr6rG.png
Ghost TV (712p) [Not 24/7],https://stmv.video.expressolider.com.br/ghostv/ghostv/playlist.m3u8,网络源,https://i.imgur.com/ZVO8GVI.png
Gi Television (720p) [Not 24/7],https://canal.gitelevisionserver.com/live/DIEEFIh506fL8huspvl0f0c2PZF3/index.m3u8,网络源,https://i.imgur.com/br9TNG8.png
Gigant FM (720p),https://video.uitzending.tv:19360/gigantfm/gigantfm.m3u8,网络源,https://i.imgur.com/LwEHfjD.png
Giggle Mug (576p),https://tvsen6.aynaott.com/ytv/index.m3u8,网络源,https://i.imgur.com/NbNHJXo.png
GikTVMX (720p),https://pistream.ddns.net/hls/stream.m3u8,网络源,https://i.imgur.com/Gwz78jZ.png
Gillette Public Access Television Channel 189,https://securestream11.champds.com/LIVE/GilletteWYLIVE3/GilletteWYLIVE3.m3u8,网络源,https://yt3.googleusercontent.com/ytc/AGIKgqMoPQ32FU8R2lR71LXhYrC3tCHfjJEXcm6E9PEO=s176-c-k-c0x00ffffff-no-rj
Gillette Public Access Television Channel 190,https://securestream11.champds.com/LIVE/GilletteWYLIVE/GilletteWYLIVE.m3u8,网络源,https://yt3.googleusercontent.com/ytc/AGIKgqMoPQ32FU8R2lR71LXhYrC3tCHfjJEXcm6E9PEO=s176-c-k-c0x00ffffff-no-rj
Gillette Public Access Television Channel 192,https://securestream11.champds.com/LIVE/GilletteWYLIVE2/GilletteWYLIVE2.m3u8,网络源,https://yt3.googleusercontent.com/ytc/AGIKgqMoPQ32FU8R2lR71LXhYrC3tCHfjJEXcm6E9PEO=s176-c-k-c0x00ffffff-no-rj
Giornale Radio TV (720p),https://5f204aff97bee.streamlock.net/GR_tv/livestream/playlist.m3u8,网络源,https://i.imgur.com/2Y5qiao.png
Giovanni Paolo TV (1080p),https://media2021.rtvweb.com/giovannipaolotv/web/playlist.m3u8,网络源,
Girasol TV (1080i),https://s.emisoras.tv:8081/girasoltv/index.m3u8,网络源,https://i.imgur.com/2t7A2yg.png
Girlfriends Films,https://jmp2.uk/plu-66ba1e4446762a000855cd87.m3u8,网络源,https://i.imgur.com/hCcdrOv.png
GIT (720p),https://stream.uagit.tv/gittv.m3u8,网络源,https://i.imgur.com/b5K5Uwh.png
Glas (576p),http://85.238.112.69:8811/hls_sec/239.0.4.18-.m3u8,网络源,https://i.imgur.com/l5FEP9w.png
Glazami Turista (1080p),http://str2.iptvhd.ru:8080/Glazami_turista_HD/index.m3u8,网络源,https://i.imgur.com/GXJKWdy.png
Glendale 11 AZ (360p),https://edge-f.swagit.com/live/glendaleaz/live-1-a-1/playlist.m3u8,网络源,https://i.imgur.com/jehiyV7.png
Glendale TV (720p) [Geo-blocked],https://reflect-gtv6-glendale.cablecast.tv/live-2/live/live.m3u8,网络源,https://i.imgur.com/akbtQ33.png
Global Buddhist Network (1080p),https://github.com/BellezaEmporium/IPTV_Exception/raw/master/channels/us/gbnus.m3u8,网络源,https://i.imgur.com/fU0ZhKD.png
Global Fashion Channel (1080p),https://pubgfc.teleosmedia.com/linear/globalfashionchannel/globalfashionchannel/playlist.m3u8,网络源,https://i.imgur.com/s4eGYEP.jpg
Global Punjab (1080p),https://server.livelegitpro.in/globalpunjab/globalpunjab/index.m3u8,网络源,https://i.imgur.com/WDLqcWW.png
Global Trekker (720p),http://nmk.ioapk.com:5050/4gtv-live112/index.m3u8,网络源,https://i.imgur.com/5nlmJIw.png
Global TV (Dominican Republic) (720p),https://stmv4.voxtvhd.com.br/globaltv/globaltv/playlist.m3u8,网络源,https://i.imgur.com/1rQaROm.png
Global TV (Peru) (1080p),http://190.93.224.42/GLOBAL/index.m3u8,网络源,https://i.imgur.com/yuEou9C.png
GlobalTV (480p) [Not 24/7],https://streamtv.intervenhosting.net:3179/live/globaltvlive.m3u8,网络源,https://imgur.com/hzM9D9L.jpg
GlobalWorldTV (720p),https://media.streambrothers.com:1936/8052/8052/playlist.m3u8,网络源,https://i.imgur.com/2u33Ayy.jpeg
Globo TV (Honduras),https://stream.radiosmundiales.com/hls/globotvhonduras/globotvhonduras.m3u8,网络源,https://i.imgur.com/hxGvZ77.png
Globo TV (Hungary) (720p) [Geo-blocked],https://stream.streaming4u.hu/GloboTV/index.m3u8,网络源,https://i.imgur.com/PJ4c4jq.png
GloboNews (720p),http://177.52.24.163/GLOBO-NEWS-HD/index.m3u8,网络源,https://i.imgur.com/3yZyaCm.png
Globoplay Novelas (1080p),http://170.82.202.31/Viva/index.m3u8,网络源,https://i.ibb.co/m5TBCDL2/Globoplay-Novelas-1.png
Globovision (576p),http://181.78.8.199:8000/play/a09k/index.m3u8,网络源,https://i.imgur.com/v6nRdxQ.png
Gloob (576p),http://45.235.0.78/Gloob/playlist.m3u8,网络源,https://i.imgur.com/N1BUULh.png
Gloob Web [Not 24/7],https://vs20.live.opencaster.com/globiosat_73a904af/index.m3u8,网络源,https://i.ibb.co/wrQZXZ01/C-pia-de-Blue-Modern-Simple-Logo.png
Gloobinho (720p),http://177.52.24.163/GLOOBINHO-HD/index.m3u8,网络源,https://i.imgur.com/UWkHErt.png
Glory Kickboxing Poland (720p),https://6f972d29.wurl.com/master/f36d25e7e52f1ba8d7e56eb859c636563214f541/UmFrdXRlblRWLWV1X0dsb3J5S2lja2JveGluZ19ITFM/playlist.m3u8,网络源,https://i.imgur.com/tS7Ub7i.png
GM7 Digital [Not 24/7],https://s2.tvdatta.com:3858/live/gm7digitallive.m3u8,网络源,https://www.vivalivetv.com/public/files/shows/0/1/3708-294x165-FFFFFF.jpg
GMM 25 (720p),https://lb1-live-mv.v2h-cdn.com/hls/ffbf/ugvhgvh/ugvhgvh.m3u8,网络源,https://i.imgur.com/uARba6N.png
GMS TV (Georgia),http://158.101.222.193:88/georgia_play.php?id=gms,网络源,
GMS TV (Senegal),https://acasmedia6.acangroup.org/gmstv/gmstv_output/playlist.m3u8,网络源,https://i.imgur.com/Ue02CIH.png
GMTV (1080p),https://livechannel.mdc.akamaized.net/stitch/livechannel/1341/master1400000.m3u8;session=live_stream_1341,网络源,https://i.imgur.com/GJYb8c8.png
GNF TV (576p),https://oqgdrb8my4rm-hls-live.5centscdn.com/GNF02/bcea197d8b00f79cb716c6288a861000.sdp/playlist.m3u8,网络源,https://i.imgur.com/vCB7u0e.png
GNN TV (1080p),https://na.linear.zype.com/bf94f9f4-383c-40e0-9d49-279a4f33ab8d/f29b8836-d990-4c8d-b421-192a8f43edc4-zype/live.m3u8,网络源,https://i.imgur.com/itetPKw.png
Gnomi TV (1080p),https://live.streams.ovh:8081/gnomitv/index.m3u8,网络源,https://i.ibb.co/ZNCXr79/gnomi-logo.png
GNT (1080p),http://170.82.202.31/GNT/index.m3u8,网络源,https://i.imgur.com/XymcvMy.png
GO TV (720p),https://rds3.desdeparaguay.net/gotv/gotv/playlist.m3u8,网络源,https://i.ibb.co/jkvYVyz/Captura.png
GO-TV Canale 163 (720p),https://6zklxkbbdw9b-hls-live.mariatvcdn.it/msmotor/2f759512164fc6fe4acbed6a5648993a.sdp/playlist.m3u8,网络源,https://i.imgur.com/11V0QSp.png
God Stands Kids Club TV,https://online.godstands.tv:5443/WebRTCApp/streams/kidsenglish.m3u8,网络源,https://i.imgur.com/FxDBbpz.jpeg
God Stands Kids Club TV Arabic,https://online.godstands.tv:5443/WebRTCApp/streams/KidsArabic.m3u8,网络源,https://i.imgur.com/FxDBbpz.jpeg
God Stands Kids Club TV Chinese,https://online.godstands.tv:5443/WebRTCApp/streams/KidsChinese.m3u8,网络源,https://i.imgur.com/FxDBbpz.jpeg
God Stands Kids Club TV Urdu,https://online.godstands.tv:5443/WebRTCApp/streams/KidsUrdu.m3u8,网络源,https://i.imgur.com/FxDBbpz.jpeg
God Stands TV,https://online.godstands.tv:5443/WebRTCApp/streams/mainlive.m3u8,网络源,https://i.imgur.com/EO6cYUI.png
God Stands TV Arabic,https://online.godstands.tv:5443/WebRTCApp/streams/Arabic.m3u8,网络源,https://i.imgur.com/EO6cYUI.png
God Stands TV Chinese,https://online.godstands.tv:5443/WebRTCApp/streams/chineselive.m3u8,网络源,https://i.imgur.com/EO6cYUI.png
God Stands TV English,https://online.godstands.tv:5443/WebRTCApp/streams/EnglishStreaming.m3u8,网络源,https://i.imgur.com/EO6cYUI.png
God Stands TV Hindi,https://online.godstands.tv:5443/WebRTCApp/streams/HindiStreaming.m3u8,网络源,https://i.imgur.com/EO6cYUI.png
God Stands TV Punjabi,https://online.godstands.tv:5443/WebRTCApp/streams/PunjabiStreaming.m3u8,网络源,https://i.imgur.com/EO6cYUI.png
God Stands TV Tagalog,https://online.godstands.tv:5443/WebRTCApp/streams/Tagalog.m3u8,网络源,https://i.imgur.com/EO6cYUI.png
God Stands TV Urdu,https://online.godstands.tv:5443/WebRTCApp/streams/UrduStreaming.m3u8,网络源,https://i.imgur.com/EO6cYUI.png
GOD TV (576p),https://fl-dvr.iptvcdn.tv/chid_1/playlist.m3u8,网络源,https://i.imgur.com/hW4g2oe.png
God's Learning Channel KPCB-DT (480p),https://2-fss-1.streamhoster.com/pl_122/200562-1176456-1/playlist.m3u8,网络源,https://upload.wikimedia.org/wikipedia/en/f/f3/God%27s_Learning_Channel_logo_2022.png
Goiena Eus (720p),https://zuzenean.goienamedia.eus/goiena-telebista.m3u8,网络源,https://i.imgur.com/eaLIJzK.png
Golazo Network (720p),https://jmp2.uk/plu-63a0e33a45264d000850ed7e.m3u8,网络源,https://images.pluto.tv/channels/63a0e33a45264d000850ed7e/colorLogoPNG_1731835813404.png
Gold Star,https://moviethls.wns.live/hls/stream.m3u8,网络源,
Gold TV (576p),https://streaming.softwarecreation.it/GoldTv/GoldTv/playlist.m3u8,网络源,https://i.imgur.com/Yzc47k9.png
Gold TV Sat (576p),https://streaming.softwarecreation.it/GoldTvSat/GoldTvSat/playlist.m3u8,网络源,https://i.imgur.com/gQzNIg5.png
Golden (1080p),http://38.19.41.46:8081/MTV/index.m3u8,网络源,https://i.imgur.com/NNd1lYl.png
Golden Eagle Cartoon (576p),http://223.110.245.145/ott.js.chinamobile.com/PLTV/3/224/3221226303/index.m3u8,网络源,https://i.imgur.com/xfVHrKQ.png
Golden Edge (1080p),http://38.19.41.46:8081/GOLDENEDGE/index.m3u8,网络源,https://i.imgur.com/SlSbcp3.png
Golden Jade (1080p),http://103.172.187.30:12000/stream/mytv/null-12/master.m3u8,网络源,https://i.imgur.com/lPYxsUr.png
Golden Premier,https://xyktmobile00.s.gy/PPV902_GOLDENP1_HD,网络源,https://i.imgur.com/JMa7jws.png
Goldmines 2 (576p),https://mumt03.tangotv.in/Dsly5z3HGOLDMINES2/index.m3u8,网络源,
Goldmines (576p),https://streams.tangotv.in/GOLDMINES/ORIGIN/index.m3u8,网络源,https://xstreamcp-assets-msp.streamready.in/assets/LIVETV/LIVECHANNEL/LIVETV_LIVETVCHANNEL_GOLDMINES/images/LOGO_HD/image.png
Goldmines Action (576p),https://mumt03.tangotv.in/Dsly5z3HGOLDMINESACTION/index.m3u8,网络源,https://yt3.googleusercontent.com/_X6U6bMLF-pTu5wBMFwsSI6aubGrXk2B0kUKdGiLIMqFLyDIne4Ot4ro76BS1S8fX3pWcCwS=s900-c-k-c0x00ffffff-no-rj
Goldmines Bollywood (576p),https://mumt03.tangotv.in/Dsly5z3HGOLDMINESBOLLYWOOD/index.m3u8,网络源,https://i.imgur.com/6mNQ9mM.png
Golf Channel,https://dash4.antik.sk/live/test_golf_channel/playlist.m3u8,网络源,https://www.sms.cz/kategorie/televize/bmp/loga/velka/golfchannel.png
Golf Channel Latin America (1080p),http://15.204.246.24:8080/GolfChannelHD/index.m3u8,网络源,https://upload.wikimedia.org/wikipedia/commons/thumb/2/23/Golf_Channel_Logo_2018.png/960px-Golf_Channel_Logo_2018.png
Golkhane Tv,https://ncdn.telewebion.ir/golkhane/live/playlist.m3u8,网络源,https://static.telewebion.com/channelsLogo/686599d8-c1ee-4557-aa72-b1293a21906d/default
Golya TV (480p) [Geo-blocked],https://stream.streaming4u.hu/GolyaTV/index.m3u8,网络源,https://i.imgur.com/TeK6Pzb.png
Gong (1080p),https://amg01596-gongnetworks-gong-ono-vh5f2.amagi.tv/1080p-vtt/index.m3u8,网络源,https://i.imgur.com/lA9UFMG.png
Gongyoung Home Shopping (720p),https://etv.publichs.com/live5.stream/playlist.m3u8,网络源,https://i.imgur.com/YL3rpd7.png
Good 2 (720p),https://live.streamingfast.net/osmflivech2.m3u8,网络源,https://i.imgur.com/YxFRoft.png
Good Idea TV (720p) [Not 24/7],http://stream1.ai-net.net:1935/gtv1/_definst_/smil:gtv.smil/playlist.m3u8,网络源,https://i.imgur.com/ETgVyTy.png
Good News Today (720p),https://aajtaklive.vgcdn.net/v1/master/611d79b11b77e2f571934fd80ca1413453772ac7/3196cced-ce29-4219-9809-f07ccdaa02b9/vglive-sk-848805/master.m3u8,网络源,https://xstreamcp-assets-msp.streamready.in/assets/LIVETV/LIVECHANNEL/LIVETV_LIVETVCHANNEL_GOOD_NEWS_TODAY/images/LOGO_HD/image.png
Good TV (South Korea) (1080p),http://mobliestream.c3tv.com:1935/live/goodtv.sdp/playlist.m3u8,网络源,https://i.ibb.co/1v913gn/logo-goodtv.png
Good TV (Taiwan) (720p) [Not 24/7],https://live.streamingfast.net/osmflivech1.m3u8,网络源,https://i.imgur.com/k28Kc3o.png
GoodLife 45 (720p) [Not 24/7],https://2-fss-2.streamhoster.com/pl_118/201450-1248872-1/playlist.m3u8,网络源,https://i.imgur.com/AQfVNMK.png
Goodness TV (576p),https://mumt07.tangotv.in/zHjX9OFlGOODNESSTV/index.m3u8,网络源,https://dtil.tmsimg.com/assets/s143091_ld_h15_aa.png?lock=720x540
GoodNews TV (720p),https://bpgdlwwar3ze-hls-live.wmncdn.net/goodnews/live.stream/playlist.m3u8,网络源,https://xstreamcp-assets-msp.streamready.in/assets/LIVETV/LIVECHANNEL/LIVETV_LIVETVCHANNEL_GOODNEWS_TV/images/LOGO_HD/image.png
Gordon Ramsay's Hell's Kitchen (720p),https://aegis-cloudfront-1.tubi.video/c8364f36-c60b-4a39-8d86-0b92db4611c0/index.m3u8,网络源,https://i.imgur.com/WgN4T18.png
Gospel Cartoon (360p),https://stmv1.srvif.com/gospelcartoon/gospelcartoon/playlist.m3u8,网络源,https://i.imgur.com/yxjPno5.png
Gospel Movie TV (360p),https://stmv1.srvif.com/gospelf/gospelf/playlist.m3u8,网络源,https://i.imgur.com/cQN3nWt.png
Gospel Truth TV (1080p),https://na.linear.zype.com/bf94f9f4-383c-40e0-9d49-279a4f33ab8d/f29b8836-d990-4c8d-b421-192a8f43edc4-zype/manifest.m3u8,网络源,https://i.imgur.com/LI52X2q.png
Gospel TV India (576p),https://server.livelegitpro.in:9899/gospeltv/index.m3u8,网络源,https://i.ibb.co/xhbZvzt/cropped-final-logo-300x127.png
GoTraveler (720p) [Geo-blocked],https://amg09501-amg09501c1-klowdtv-us-2398.playouts.now.amagi.tv/playlist/amg09501-quester-gotraveler-klowdtvus/playlist.m3u8,网络源,https://i.imgur.com/IaRcN1G.png
GoUSA TV (720p),https://brandusa-gousa-1-be.samsung.wurl.tv/playlist.m3u8,网络源,https://i.imgur.com/x90ALip.png
Government TV 16 (720p),https://livestream.telvue.com/nashuanh3/f7b44cfafd5c52223d5498196c8a2e7b.sdp/playlist.m3u8,网络源,https://i.imgur.com/iv9Vfcb.png
Govorit Moskva (720p),https://video.govoritmoskva.ru/rufm/index.m3u8,网络源,https://i.imgur.com/z2mxf3E.png
Grace Network (720p),https://livecdn.live247stream.com/grace/tv/playlist.m3u8,网络源,https://i.imgur.com/QSaZPJ4.png
Gran TV (720p),https://stream.medialive.hu/gran/grantvlive/playlist.m3u8,网络源,https://i.ibb.co/qJN7Qh2/gran-kicsi.png
Grand Cinema,https://gcinemahls.wns.live/hls/stream.m3u8,网络源,
Grande TV,https://vs20.live.opencaster.com/grande41_0b593479/index.m3u8,网络源,https://i.imgur.com/jxCirrP.png
Gravitas Movies (1080p),https://d6dg3ebeih71x.cloudfront.net/Gravitas_Movies.m3u8,网络源,https://i.imgur.com/H2hD4vT.png
Great Commission TV,https://stream-server9-jupiter.muxlive.com/hls/gctvghana/index.m3u8,网络源,https://raw.githubusercontent.com/songwenhui239/Songwenhui239/refs/heads/main/Great%20Commission%20TV.jpeg
Great Entertainment Television (720p),https://a-cdn.klowdtv.com/live2/greattv_720p/playlist.m3u8,网络源,https://upload.wikimedia.org/wikipedia/commons/f/fb/Get_TV_2023.png
GREAT! movies (1080p),https://amg01753-narrativeuk-amg01753c3-lg-gb-1833.playouts.now.amagi.tv/playlist/amg01753-narrativeuk-greatmovies-lggb/playlist.m3u8,网络源,https://d2n0069hmnqmmx.cloudfront.net/epgdata/1.0/newchanlogos/512/512/skychb3709.png
GREAT! romance (1080p),https://amg01753-narrativeuk-amg01753c2-lg-gb-1832.playouts.now.amagi.tv/playlist/amg01753-narrativeuk-greatchristmas-lggb/playlist.m3u8,网络源,https://d2n0069hmnqmmx.cloudfront.net/epgdata/1.0/newchanlogos/512/512/skychb3643.png
Greater Love TV (720p),https://rpn.bozztv.com/dvrfl04/itv04019/index.m3u8,网络源,https://i.imgur.com/WE0cRXR.png
Green TV (1080p),https://app.ncare.live/c3VydmVyX8RpbEU9Mi8xNy8yMDE0GIDU6RgzQ6NTAgdEoaeFzbF92YWxIZTO0U0ezN1IzMyfvcGVMZEJCTEFWeVN3PTOmdFsaWRtaW51aiPhnPTI2/greentv.stream/live-orgin/greentv.stream/playlist.m3u8,网络源,https://www.jagobd.com/wp-content/uploads/2022/12/green-tv.jpg
Greensboro TV (720p),https://lin12.isilive.ca/live/greensboro/GTN/index.m3u8,网络源,
Grit Xtra (1080p),https://cdn-uw2-prod.tsv2.amagi.tv/linear/amg01438-ewscrippscompan-gritxtra-tablo/playlist.m3u8,网络源,https://provider-static.plex.tv/epg/cms/production/dbbb9bca-0b08-43b5-a0e7-715df9a6dbfd/_ChannelLogo_1500x1000.png
Grjngo,https://b6c7c7d1020a4588982ca7c2625f85d1.mediatailor.us-east-1.amazonaws.com/v1/master/0fb304b2320b25f067414d481a779b77db81760d/RakutenTV-eu_GrjngoWesterny/playlist.m3u8,网络源,https://images-2.rakuten.tv/storage/global-live-channel/translation/artwork/22c730ab-2e9f-47dc-b35a-ad8c081fec40-width200-quality90.jpeg
Grjngo Western Movies (720p),https://amogonetworx-grjngo-3-dk.samsung.wurl.tv/playlist.m3u8,网络源,https://i.imgur.com/wFqhK3p.png
Groovia Kanal (576p),https://gist.githubusercontent.com/iptvonlinetv/02d209207082846012c15305f7471c55/raw/4439b54b986e696e6fcfba7a53380d85b27bbbc1/udp450.500.723:6050.m3u8,网络源,https://hosting.renderforestsites.com/35126779/1657983/media/e1b4737ec68d96b27f713c034543d472.png
Groovia Kids (576p),https://gist.githubusercontent.com/iptvonlinetv/244b66c61f162a7c0c2b4fa59b528139/raw/2376b7ba1989ebbd383301ec7d645e222a6c9338/udp780.510.345:4545.m3u8,网络源,https://hosting.renderforestsites.com/35126779/1657983/media/37034d6b30d2c092aa6827a34fa145ab.png
Groovy TV (360p),http://web.onair-radio.eu:1935/groovytv/groovytv/playlist.m3u8,网络源,https://i.imgur.com/ZYNQuf1.png
Groznyj,https://balancer.facecast.io/evacoder_hls_hi/UUMLQVAYVlZyH14GRENQVV0G/2/720-3.m3u8,网络源,https://i.imgur.com/yrN0Vl6.png
GRP VERATV (576p),https://webstream.multistream.it/memfs/a3195c96-f884-4c74-924f-2648814fc0b5_output_0.m3u8,网络源,https://i.imgur.com/jasSHXJ.png
GS My Shop (1080p),https://gstv-myshop.gsshop.com/myshop_hd/myshop_hd.stream/playlist.m3u8,网络源,https://i.imgur.com/ETPQwui.png
GS Shop (1080p),https://gstv-gsshop.gsshop.com/gsshop_hd/gsshop_hd.stream/playlist.m3u8,网络源,https://i.imgur.com/F7QDbEy.png
GS TV (576p),https://mumt05.tangotv.in/87NeALx2GSTV/index.m3u8,网络源,https://jiotvimages.cdn.jio.com/dare_images/images/GS_TV.png
GSG TV (720p),https://schurch1.bozztv.com/livecdn69/live/playlist.m3u8,网络源,https://i.imgur.com/Naj8yUN.png
GSTV (720p),https://japaneast.av.mk.io/mediakindcdn-mediakind/ca01a143-f823-4432-b670-c22ff9643ce4/index.qfm/manifest(format=m3u8-cmaf),网络源,https://i.imgur.com/ECnVG5I.png
GTC News (1080p),https://vglivessai.akamaized.net/sg/v1/master/611d79b11b77e2f571934fd80ca1413453772ac7/921cca59-daee-4f89-8c38-7ffe8de44f4c/index.m3u8,网络源,https://www.thegtcnetwork.com/gtc-news.png
GTC Punjabi (1080p),https://gtc-yupp.vgcdn.net/vglive-sk-254807/index.m3u8,网络源,https://media.thegtcnetwork.com/uploads/gtc-pujabin-s.jpg
GTN Canada (1080i) [Geo-blocked],https://streamer12.vdn.dstreamone.net/carishowtime/showtime/chunks.m3u8,网络源,https://i.imgur.com/7bQPJOd.png
GTN TV (1080p) [Not 24/7],https://goliveafrica.media:9998/live/644e07abdc1d3/index.m3u8,网络源,https://i.imgur.com/CSCZW6L.png
GTV (Guatemala) (768p) [Not 24/7],https://cdn.streamhispanatv.net:3126/live/genesistvlive.m3u8,网络源,https://i.imgur.com/gUiIC8E.png
GTV (Indonesia) HD,https://mncmedia.malingtv.workers.dev/gtv.m3u8,网络源,https://i.imgur.com/jjuKnYs.png
Guada TV (720p) [Not 24/7],https://cloud.streamingconnect.tv/hls/guadatv/guadatv.m3u8,网络源,https://i.imgur.com/YaDNsYN.png
Guadalupe Media (720p),https://streamer1.nexgen.bz/GUADALUPE_MEDIA/index.m3u8,网络源,https://i.imgur.com/EfaOwRE.png
Guangdong Satellite TV,https://h5cul1yar48um3t.wcetv.com/hls/gdsatellite.m3u8,网络源,https://parco-zh.github.io/demo/guangdong.jpg
Guangdong TV America,https://h5cul1yar48um3t.wcetv.com/hls/gdtv.m3u8,网络源,https://i.imgur.com/7J4qGjA.png
Guangxi Variety & Travel Channel,http://111.59.24.227:8181/tsfile/live/1001_1.m3u8?key=txiptv&playlive=1&authid=0,网络源,https://www.tvchinese.net/uploads/tv/gxzypd.jpg
Guarantee News (1080p),https://guaranteenews.in:8443/live/gnews/index.m3u8,网络源,https://media.licdn.com/dms/image/v2/D560BAQHYZzbGJ7ViZA/company-logo_200_200/company-logo_200_200/0/1728031377890?e=2147483647&v=beta&t=bIsZgNUCcg0M_-Zqeu5wKYgBt_1-pI798X9lP5CxhTM
Guardian Talk Radio (1080p),https://cdn-edge1.streamcomedia.com/abr_tngr969fm/abr-tngr969fm_streams/playlist.m3u8,网络源,https://i.imgur.com/o3cWUwL.png
Guaro TV (720p),https://stream.guarotv.net:3592/hybrid/play.m3u8,网络源,https://i.ibb.co/LN92K6h/IMG-20230705-154347.jpg
Guatevision (720p),https://mdstrm.com/live-stream-playlist/69f8df22a762c9b1ab3eabca.m3u8,网络源,https://i.imgur.com/mbmHPnO.png
Guatuso TV,https://5cf4a2c2512a2.streamlock.net/8176/8176/playlist.m3u8,网络源,https://www.grupodgrajal.com/images/logoguatusochannel.png
Guayape TV,https://tv.bitstreaming.net:8443/live/guayapetv.m3u8,网络源,https://i.imgur.com/cteBdAJ.jpg
Guaymate TV (720p) [Not 24/7],https://live20.bozztv.com/akamaissh101/ssh101/guaymatetv/playlist.m3u8,网络源,https://i.imgur.com/PBgQi9a.png
