频道名,地址,来源,图标
[VGA]impacto television,https://t.freetv.fun/live/impacto-television-1.m3u8,网络源,https://epg.pw/media/images/channel/2019/01/06/large/20190106152133298331_44.png
[SD]monroe county television mctv (monroe county fl) (1080p),https://t.freetv.fun/live/monroe-county-television-mctv-monroe-county-fl-1080p.m3u8,网络源,https://epg.pw/media/images/channel/2019/01/06/large/20190106152133298331_44.png
[VGA]monte carlo digital television (1080p),https://t.freetv.fun/live/monte-carlo-digital-television-1080p.m3u8,网络源,https://epg.pw/media/images/channel/2019/01/06/large/20190106152133298331_44.png
[HD]vm latino,https://t.freetv.fun/live/vm-latino.m3u8,网络源,https://epg.pw/media/images/channel/2015/11/02/large/20151102184246042268_64.jpg
[HD]3abn latino,https://t.freetv.fun/live/3abn-latino.m3u8,网络源,https://epg.pw/media/images/channel/2015/11/02/large/20151102184246042268_64.jpg
[HD]cbs news miami,https://t.freetv.fun/live/cbs-news-miami.m3u8,网络源,https://epg.pw/media/images/channel/2022/09/21/large/20220921003134675689_79.png
[HD]cbs news,https://t.freetv.fun/live/cbs-news.m3u8,网络源,https://epg.pw/media/images/channel/2022/09/21/large/20220921003134675689_79.png
[HD]cbs news 24/7,https://t.freetv.fun/live/cbs-news-24-7.m3u8,网络源,https://epg.pw/media/images/channel/2022/09/21/large/20220921003134675689_79.png
[SD]cbs news miami (720p),https://t.freetv.fun/live/cbs-news-miami-720p.m3u8,网络源,https://epg.pw/media/images/channel/2022/09/21/large/20220921003134675689_79.png
[SD]cctv-8,https://t.freetv.fun/live/cctv-8.m3u8,网络源,https://epg.pw/media/images/channel/2025/01/28/large/20250128055557713287_44.png
[BD]cctv-8,https://t.freetv.fun/live/cctv-8-2.m3u8,网络源,https://epg.pw/media/images/channel/2025/01/28/large/20250128055557713287_44.png
[BD]cctv-8,https://t.freetv.fun/live/cctv-8-3.m3u8,网络源,https://epg.pw/media/images/channel/2025/01/28/large/20250128055557713287_44.png
[BD]cctv-8k超高清,https://t.freetv.fun/live/cctv-8kchao-gao-qing-2.m3u8,网络源,https://epg.pw/media/images/channel/2025/01/28/large/20250128055557713287_44.png
[BD]cctv-8k超高清,https://t.freetv.fun/live/cctv-8kchao-gao-qing-4.m3u8,网络源,https://epg.pw/media/images/channel/2025/01/28/large/20250128055557713287_44.png
[BD]cctv-11戏曲,https://t.freetv.fun/live/cctv-11xi-qu-7.m3u8,网络源,https://epg.pw/media/images/channel/2021/11/24/large/20211124001035147790_28.png
[SD]cctv1,https://t.freetv.fun/live/cctv1-1.m3u8,网络源,https://epg.pw/media/images/channel/2025/01/25/large/20250125001359645907_15.png
[SD]cctv1,https://t.freetv.fun/live/cctv1-2.m3u8,网络源,https://epg.pw/media/images/channel/2025/01/25/large/20250125001359645907_15.png
[SD]cctv1,https://t.freetv.fun/live/cctv1-6.m3u8,网络源,https://epg.pw/media/images/channel/2025/01/25/large/20250125001359645907_15.png
[BD]cctv1,https://t.freetv.fun/live/cctv1-7.m3u8,网络源,https://epg.pw/media/images/channel/2025/01/25/large/20250125001359645907_15.png
[VGA]cctv1,https://t.freetv.fun/live/cctv1.m3u8,网络源,https://epg.pw/media/images/channel/2025/01/25/large/20250125001359645907_15.png
[SD]cctv1,https://t.freetv.fun/live/cctv1-5.m3u8,网络源,https://epg.pw/media/images/channel/2025/01/25/large/20250125001359645907_15.png
[BD]cctv1,https://t.freetv.fun/live/cctv1-3.m3u8,网络源,https://epg.pw/media/images/channel/2024/05/16/large/20240516043525045887_55.png
[VGA]cctv1,https://t.freetv.fun/live/cctv1-4.m3u8,网络源,https://epg.pw/media/images/channel/2024/05/16/large/20240516043525045887_55.png
[BD]cctv1,https://t.freetv.fun/live/cctv1-8.m3u8,网络源,https://epg.pw/media/images/channel/2024/05/16/large/20240516043525045887_55.png
[SD]cctv1,https://t.freetv.fun/live/cctv1-10.m3u8,网络源,https://epg.pw/media/images/channel/2024/05/16/large/20240516043525045887_55.png
[BD]cctv1,https://t.freetv.fun/live/cctv1-12.m3u8,网络源,https://epg.pw/media/images/channel/2024/05/16/large/20240516043525045887_55.png
[BD]cctv-1,https://t.freetv.fun/live/cctv-1-2.m3u8,网络源,https://epg.pw/media/images/channel/2024/05/16/large/20240516043525045887_55.png
[BD]cctv-1,https://t.freetv.fun/live/cctv-1-3.m3u8,网络源,https://epg.pw/media/images/channel/2024/05/16/large/20240516043525045887_55.png
[BD]cctv-4k超高清,https://t.freetv.fun/live/cctv-4kchao-gao-qing-6.m3u8,网络源,https://epg.pw/media/images/channel/2024/05/16/large/20240516043525045887_55.png
[SD]cctv1-综合,https://t.freetv.fun/live/cctv1-zong-he-3.m3u8,网络源,https://epg.pw/media/images/channel/2024/05/16/large/20240516043525045887_55.png
[SD]cctv-1,https://t.freetv.fun/live/cctv-1-5.m3u8,网络源,https://epg.pw/media/images/channel/2024/05/16/large/20240516043525045887_55.png
[BD]cctv10,https://t.freetv.fun/live/cctv10.m3u8,网络源,https://epg.pw/media/images/channel/2025/01/25/large/20250125001612572151_13.png
[BD]cctv10,https://t.freetv.fun/live/cctv10-1.m3u8,网络源,https://epg.pw/media/images/channel/2025/01/25/large/20250125001612572151_13.png
[BD]cctv10,https://t.freetv.fun/live/cctv10-2.m3u8,网络源,https://epg.pw/media/images/channel/2025/01/25/large/20250125001612572151_13.png
[SD]cctv10,https://t.freetv.fun/live/cctv10-5.m3u8,网络源,https://epg.pw/media/images/channel/2025/01/25/large/20250125001612572151_13.png
[SD]cctv-10科教,https://t.freetv.fun/live/cctv-10ke-jiao-1.m3u8,网络源,https://epg.pw/media/images/channel/2025/01/25/large/20250125001612572151_13.png
[SD]cctv10,https://t.freetv.fun/live/cctv10-4.m3u8,网络源,https://epg.pw/media/images/channel/2025/01/25/large/20250125001612572151_13.png
[HD]cctv-10,https://t.freetv.fun/live/cctv-10.m3u8,网络源,https://epg.pw/media/images/channel/2025/01/25/large/20250125001612572151_13.png
[SD]cctv-10,https://t.freetv.fun/live/cctv-10-1.m3u8,网络源,https://epg.pw/media/images/channel/2025/01/25/large/20250125001612572151_13.png
[VGA]cctv10,https://t.freetv.fun/live/cctv10-28.m3u8,网络源,https://epg.pw/media/images/channel/2025/01/25/large/20250125001612572151_13.png
[BD]cctv-10,https://t.freetv.fun/live/cctv-10-2.m3u8,网络源,https://epg.pw/media/images/channel/2025/01/25/large/20250125001612572151_13.png
[BD]cctv-10,https://t.freetv.fun/live/cctv-10-3.m3u8,网络源,https://epg.pw/media/images/channel/2025/01/25/large/20250125001612572151_13.png
[BD]cctv-10科教,https://t.freetv.fun/live/cctv-10ke-jiao-9.m3u8,网络源,https://epg.pw/media/images/channel/2025/01/25/large/20250125001612572151_13.png
[BD]cctv-10,https://t.freetv.fun/live/cctv-10-7.m3u8,网络源,https://epg.pw/media/images/channel/2025/01/25/large/20250125001612572151_13.png
[SD]cctv11,https://t.freetv.fun/live/cctv11.m3u8,网络源,https://epg.pw/media/images/channel/2025/01/25/large/20250125001605278776_41.png
[BD]cctv11,https://t.freetv.fun/live/cctv11-2.m3u8,网络源,https://epg.pw/media/images/channel/2025/01/25/large/20250125001605278776_41.png
[BD]cctv11,https://t.freetv.fun/live/cctv11-5.m3u8,网络源,https://epg.pw/media/images/channel/2025/01/25/large/20250125001605278776_41.png
[SD]cctv11,https://t.freetv.fun/live/cctv11-6.m3u8,网络源,https://epg.pw/media/images/channel/2025/01/25/large/20250125001605278776_41.png
[VGA]cctv11,https://t.freetv.fun/live/cctv11-3.m3u8,网络源,https://epg.pw/media/images/channel/2025/01/25/large/20250125001605278776_41.png
[SD]cctv11,https://t.freetv.fun/live/cctv11-11.m3u8,网络源,https://epg.pw/media/images/channel/2025/01/25/large/20250125001605278776_41.png
[BD]cctv11,https://t.freetv.fun/live/cctv11-1.m3u8,网络源,https://epg.pw/media/images/channel/2025/01/25/large/20250125001605278776_41.png
[BD]cctv11,https://t.freetv.fun/live/cctv11-7.m3u8,网络源,https://epg.pw/media/images/channel/2025/01/25/large/20250125001605278776_41.png
[SD]cctv11,https://t.freetv.fun/live/cctv11-16.m3u8,网络源,https://epg.pw/media/images/channel/2025/01/25/large/20250125001605278776_41.png
[BD]cctv11-戏曲,https://t.freetv.fun/live/cctv11-xi-qu.m3u8,网络源,https://epg.pw/media/images/channel/2025/01/25/large/20250125001605278776_41.png
[SD]cctv-11,https://t.freetv.fun/live/cctv-11.m3u8,网络源,https://epg.pw/media/images/channel/2025/01/25/large/20250125001605278776_41.png
[VGA]cctv11-戏曲,https://t.freetv.fun/live/cctv11-xi-qu-1.m3u8,网络源,https://epg.pw/media/images/channel/2025/01/25/large/20250125001605278776_41.png
[BD]cctv-11,https://t.freetv.fun/live/cctv-11-2.m3u8,网络源,https://epg.pw/media/images/channel/2025/01/25/large/20250125001605278776_41.png
[BD]cctv-11,https://t.freetv.fun/live/cctv-11-4.m3u8,网络源,https://epg.pw/media/images/channel/2025/01/25/large/20250125001605278776_41.png
[VGA]cctv11-戏曲,https://t.freetv.fun/live/cctv11-xi-qu-3.m3u8,网络源,https://epg.pw/media/images/channel/2025/01/25/large/20250125001605278776_41.png
[BD]cctv-11,https://t.freetv.fun/live/cctv-11-6.m3u8,网络源,https://epg.pw/media/images/channel/2025/01/25/large/20250125001605278776_41.png
[SD]cctv12,https://t.freetv.fun/live/cctv12-1.m3u8,网络源,https://epg.pw/media/images/channel/2025/01/25/large/20250125001556307504_11.png
[BD]cctv12,https://t.freetv.fun/live/cctv12-2.m3u8,网络源,https://epg.pw/media/images/channel/2025/01/25/large/20250125001556307504_11.png
[BD]cctv12,https://t.freetv.fun/live/cctv12-3.m3u8,网络源,https://epg.pw/media/images/channel/2025/01/25/large/20250125001556307504_11.png
[SD]cctv12,https://t.freetv.fun/live/cctv12.m3u8,网络源,https://epg.pw/media/images/channel/2025/01/25/large/20250125001556307504_11.png
[BD]cctv12,https://t.freetv.fun/live/cctv12-4.m3u8,网络源,https://epg.pw/media/images/channel/2025/01/25/large/20250125001556307504_11.png
[BD]cctv12,https://t.freetv.fun/live/cctv12-5.m3u8,网络源,https://epg.pw/media/images/channel/2025/01/25/large/20250125001556307504_11.png
[BD]cctv12,https://t.freetv.fun/live/cctv12-6.m3u8,网络源,https://epg.pw/media/images/channel/2025/01/25/large/20250125001556307504_11.png
[BD]cctv-12,https://t.freetv.fun/live/cctv-12-1.m3u8,网络源,https://epg.pw/media/images/channel/2025/01/25/large/20250125001556307504_11.png
[BD]cctv-12,https://t.freetv.fun/live/cctv-12-3.m3u8,网络源,https://epg.pw/media/images/channel/2025/01/25/large/20250125001556307504_11.png
[SD]cctv13,https://t.freetv.fun/live/cctv13.m3u8,网络源,https://epg.pw/media/images/channel/2025/01/25/large/20250125001548035027_74.png
[HD]cctv13,https://t.freetv.fun/live/cctv13-4.m3u8,网络源,https://epg.pw/media/images/channel/2025/01/25/large/20250125001548035027_74.png
[BD]cctv13,https://t.freetv.fun/live/cctv13-21.m3u8,网络源,https://epg.pw/media/images/channel/2025/01/25/large/20250125001548035027_74.png
[BD]cctv13,https://t.freetv.fun/live/cctv13-1.m3u8,网络源,https://epg.pw/media/images/channel/2025/01/25/large/20250125001548035027_74.png
[VGA]cctv13,https://t.freetv.fun/live/cctv13-2.m3u8,网络源,https://epg.pw/media/images/channel/2025/01/25/large/20250125001548035027_74.png
[BD]cctv13,https://t.freetv.fun/live/cctv13-6.m3u8,网络源,https://epg.pw/media/images/channel/2025/01/25/large/20250125001548035027_74.png
[HD]cctv-13,https://t.freetv.fun/live/cctv-13.m3u8,网络源,https://epg.pw/media/images/channel/2025/01/25/large/20250125001548035027_74.png
[BD]cctv-13,https://t.freetv.fun/live/cctv-13-2.m3u8,网络源,https://epg.pw/media/images/channel/2025/01/25/large/20250125001548035027_74.png
[BD]cctv-13,https://t.freetv.fun/live/cctv-13-3.m3u8,网络源,https://epg.pw/media/images/channel/2025/01/25/large/20250125001548035027_74.png
[BD]cctv-13新闻,https://t.freetv.fun/live/cctv-13xin-wen-8.m3u8,网络源,https://epg.pw/media/images/channel/2025/01/25/large/20250125001548035027_74.png
[BD]cctv-13新闻,https://t.freetv.fun/live/cctv-13xin-wen-9.m3u8,网络源,https://epg.pw/media/images/channel/2025/01/25/large/20250125001548035027_74.png
[SD]cctv14,https://t.freetv.fun/live/cctv14.m3u8,网络源,https://epg.pw/media/images/channel/2025/01/25/large/20250125001539178535_27.png
[BD]cctv14,https://t.freetv.fun/live/cctv14-2.m3u8,网络源,https://epg.pw/media/images/channel/2025/01/25/large/20250125001539178535_27.png
[BD]cctv14,https://t.freetv.fun/live/cctv14-4.m3u8,网络源,https://epg.pw/media/images/channel/2025/01/25/large/20250125001539178535_27.png
[BD]cctv14,https://t.freetv.fun/live/cctv14-5.m3u8,网络源,https://epg.pw/media/images/channel/2025/01/25/large/20250125001539178535_27.png
[BD]cctv14,https://t.freetv.fun/live/cctv14-8.m3u8,网络源,https://epg.pw/media/images/channel/2025/01/25/large/20250125001539178535_27.png
[VGA]cctv14,https://t.freetv.fun/live/cctv14-3.m3u8,网络源,https://epg.pw/media/images/channel/2025/01/25/large/20250125001539178535_27.png
[BD]cctv-14少儿,https://t.freetv.fun/live/cctv-14shao-er.m3u8,网络源,https://epg.pw/media/images/channel/2025/01/25/large/20250125001539178535_27.png
[SD]cctv14,https://t.freetv.fun/live/cctv14-1.m3u8,网络源,https://epg.pw/media/images/channel/2025/01/25/large/20250125001539178535_27.png
[HD]cctv14少儿,https://t.freetv.fun/live/cctv14shao-er-1.m3u8,网络源,https://epg.pw/media/images/channel/2025/01/25/large/20250125001539178535_27.png
[BD]cctv14-少儿,https://t.freetv.fun/live/cctv14-shao-er-1.m3u8,网络源,https://epg.pw/media/images/channel/2025/01/25/large/20250125001539178535_27.png
[BD]cctv-14,https://t.freetv.fun/live/cctv-14-1.m3u8,网络源,https://epg.pw/media/images/channel/2025/01/25/large/20250125001539178535_27.png
[BD]cctv-14,https://t.freetv.fun/live/cctv-14-3.m3u8,网络源,https://epg.pw/media/images/channel/2025/01/25/large/20250125001539178535_27.png
[BD]cctv-14,https://t.freetv.fun/live/cctv-14-4.m3u8,网络源,https://epg.pw/media/images/channel/2025/01/25/large/20250125001539178535_27.png
[BD]cctv-14少儿,https://t.freetv.fun/live/cctv-14shao-er-8.m3u8,网络源,https://epg.pw/media/images/channel/2025/01/25/large/20250125001539178535_27.png
[VGA]cctv14-少儿,https://t.freetv.fun/live/cctv14-shao-er-4.m3u8,网络源,https://epg.pw/media/images/channel/2025/01/25/large/20250125001539178535_27.png
[SD]cctv15,https://t.freetv.fun/live/cctv15-1.m3u8,网络源,https://epg.pw/media/images/channel/2025/01/25/large/20250125001529466715_75.png
[SD]cctv15,https://t.freetv.fun/live/cctv15-2.m3u8,网络源,https://epg.pw/media/images/channel/2025/01/25/large/20250125001529466715_75.png
[BD]cctv15,https://t.freetv.fun/live/cctv15-4.m3u8,网络源,https://epg.pw/media/images/channel/2025/01/25/large/20250125001529466715_75.png
[BD]cctv15,https://t.freetv.fun/live/cctv15-6.m3u8,网络源,https://epg.pw/media/images/channel/2025/01/25/large/20250125001529466715_75.png
[VGA]cctv15,https://t.freetv.fun/live/cctv15.m3u8,网络源,https://epg.pw/media/images/channel/2025/01/25/large/20250125001529466715_75.png
[BD]cctv15,https://t.freetv.fun/live/cctv15-7.m3u8,网络源,https://epg.pw/media/images/channel/2025/01/25/large/20250125001529466715_75.png
[VGA]cctv15,https://t.freetv.fun/live/cctv15-3.m3u8,网络源,https://epg.pw/media/images/channel/2025/01/25/large/20250125001529466715_75.png
[BD]cctv15,https://t.freetv.fun/live/cctv15-5.m3u8,网络源,https://epg.pw/media/images/channel/2025/01/25/large/20250125001529466715_75.png
[BD]cctv15,https://t.freetv.fun/live/cctv15-8.m3u8,网络源,https://epg.pw/media/images/channel/2025/01/25/large/20250125001529466715_75.png
[BD]cctv15,https://t.freetv.fun/live/cctv15-10.m3u8,网络源,https://epg.pw/media/images/channel/2025/01/25/large/20250125001529466715_75.png
[BD]cctv-15,https://t.freetv.fun/live/cctv-15-1.m3u8,网络源,https://epg.pw/media/images/channel/2025/01/25/large/20250125001529466715_75.png
[SD]cctv15-音乐,https://t.freetv.fun/live/cctv15-yin-le-1.m3u8,网络源,https://epg.pw/media/images/channel/2025/01/25/large/20250125001529466715_75.png
[BD]cctv-15,https://t.freetv.fun/live/cctv-15-3.m3u8,网络源,https://epg.pw/media/images/channel/2025/01/25/large/20250125001529466715_75.png
[BD]cctv-15音乐,https://t.freetv.fun/live/cctv-15yin-le-9.m3u8,网络源,https://epg.pw/media/images/channel/2025/01/25/large/20250125001529466715_75.png
[BD]cctv-15音乐,https://t.freetv.fun/live/cctv-15yin-le-10.m3u8,网络源,https://epg.pw/media/images/channel/2025/01/25/large/20250125001529466715_75.png
[HD]cctv-15音乐,https://t.freetv.fun/live/cctv-15yin-le-11.m3u8,网络源,https://epg.pw/media/images/channel/2025/01/25/large/20250125001529466715_75.png
[BD]cctv16,https://t.freetv.fun/live/cctv16-1.m3u8,网络源,https://epg.pw/media/images/channel/2025/01/25/large/20250125001520864227_20.jpg
[BD]cctv16,https://t.freetv.fun/live/cctv16-3.m3u8,网络源,https://epg.pw/media/images/channel/2025/01/25/large/20250125001520864227_20.jpg
[VGA]cctv16,https://t.freetv.fun/live/cctv16.m3u8,网络源,https://epg.pw/media/images/channel/2025/01/25/large/20250125001520864227_20.jpg
[BD]cctv-16,https://t.freetv.fun/live/cctv-16.m3u8,网络源,https://epg.pw/media/images/channel/2025/01/25/large/20250125001520864227_20.jpg
[BD]cctv-16,https://t.freetv.fun/live/cctv-16-4.m3u8,网络源,https://epg.pw/media/images/channel/2025/01/25/large/20250125001520864227_20.jpg
[BD]cctv-16,https://t.freetv.fun/live/cctv-16-5.m3u8,网络源,https://epg.pw/media/images/channel/2025/01/25/large/20250125001520864227_20.jpg
[SD]cctv17,https://t.freetv.fun/live/cctv17-4.m3u8,网络源,https://epg.pw/media/images/channel/2025/01/25/large/20250125001508671387_16.jpg
[BD]cctv17,https://t.freetv.fun/live/cctv17-1.m3u8,网络源,https://epg.pw/media/images/channel/2025/01/25/large/20250125001508671387_16.jpg
[BD]cctv17,https://t.freetv.fun/live/cctv17-2.m3u8,网络源,https://epg.pw/media/images/channel/2025/01/25/large/20250125001508671387_16.jpg
[SD]cctv17,https://t.freetv.fun/live/cctv17-15.m3u8,网络源,https://epg.pw/media/images/channel/2025/01/25/large/20250125001508671387_16.jpg
[SD]cctv17,https://t.freetv.fun/live/cctv17-16.m3u8,网络源,https://epg.pw/media/images/channel/2025/01/25/large/20250125001508671387_16.jpg
[BD]cctv-17,https://t.freetv.fun/live/cctv-17-1.m3u8,网络源,https://epg.pw/media/images/channel/2025/01/25/large/20250125001508671387_16.jpg
[BD]cctv-17,https://t.freetv.fun/live/cctv-17-2.m3u8,网络源,https://epg.pw/media/images/channel/2025/01/25/large/20250125001508671387_16.jpg
[BD]cctv-17,https://t.freetv.fun/live/cctv-17-4.m3u8,网络源,https://epg.pw/media/images/channel/2025/01/25/large/20250125001508671387_16.jpg
[BD]cctv2,https://t.freetv.fun/live/cctv2.m3u8,网络源,https://epg.pw/media/images/channel/2025/01/25/large/20250125001945876001_87.png
[BD]cctv2,https://t.freetv.fun/live/cctv2-1.m3u8,网络源,https://epg.pw/media/images/channel/2025/01/25/large/20250125001945876001_87.png
[SD]cctv2,https://t.freetv.fun/live/cctv2-2.m3u8,网络源,https://epg.pw/media/images/channel/2025/01/25/large/20250125001945876001_87.png
[BD]cctv2,https://t.freetv.fun/live/cctv2-4.m3u8,网络源,https://epg.pw/media/images/channel/2025/01/25/large/20250125001945876001_87.png
[BD]cctv2,https://t.freetv.fun/live/cctv2-7.m3u8,网络源,https://epg.pw/media/images/channel/2025/01/25/large/20250125001945876001_87.png
[BD]cctv22,https://t.freetv.fun/live/cctv22.m3u8,网络源,https://epg.pw/media/images/channel/2025/01/25/large/20250125001945876001_87.png
[BD]cctv2-财经,https://t.freetv.fun/live/cctv2-cai-jing.m3u8,网络源,https://epg.pw/media/images/channel/2025/01/25/large/20250125001945876001_87.png
[BD]cctv2,https://t.freetv.fun/live/cctv2-25.m3u8,网络源,https://epg.pw/media/images/channel/2025/01/25/large/20250125001945876001_87.png
[BD]cctv2,https://t.freetv.fun/live/cctv2-26.m3u8,网络源,https://epg.pw/media/images/channel/2025/01/25/large/20250125001945876001_87.png
[VGA]cctv2-财经,https://t.freetv.fun/live/cctv2-cai-jing-1.m3u8,网络源,https://epg.pw/media/images/channel/2025/01/25/large/20250125001945876001_87.png
[VGA]cctv2-财经,https://t.freetv.fun/live/cctv2-cai-jing-4.m3u8,网络源,https://epg.pw/media/images/channel/2025/01/25/large/20250125001945876001_87.png
[SD]cctv3,https://t.freetv.fun/live/cctv3.m3u8,网络源,https://epg.pw/media/images/channel/2025/01/25/large/20250125001936710108_56.png
[SD]cctv3,https://t.freetv.fun/live/cctv3-1.m3u8,网络源,https://epg.pw/media/images/channel/2025/01/25/large/20250125001936710108_56.png
[BD]cctv3,https://t.freetv.fun/live/cctv3-2.m3u8,网络源,https://epg.pw/media/images/channel/2025/01/25/large/20250125001936710108_56.png
[BD]cctv3,https://t.freetv.fun/live/cctv3-3.m3u8,网络源,https://epg.pw/media/images/channel/2025/01/25/large/20250125001936710108_56.png
[BD]cctv3,https://t.freetv.fun/live/cctv3-6.m3u8,网络源,https://epg.pw/media/images/channel/2025/01/25/large/20250125001936710108_56.png
[BD]cctv3,https://t.freetv.fun/live/cctv3-12.m3u8,网络源,https://epg.pw/media/images/channel/2025/01/25/large/20250125001936710108_56.png
[BD]cctv3,https://t.freetv.fun/live/cctv3-7.m3u8,网络源,https://epg.pw/media/images/channel/2025/01/25/large/20250125001936710108_56.png
[VGA]cctv3,https://t.freetv.fun/live/cctv3-4.m3u8,网络源,https://epg.pw/media/images/channel/2025/01/25/large/20250125001936710108_56.png
[VGA]cctv3,https://t.freetv.fun/live/cctv3-5.m3u8,网络源,https://epg.pw/media/images/channel/2025/01/25/large/20250125001936710108_56.png
[BD]cctv3,https://t.freetv.fun/live/cctv3-8.m3u8,网络源,https://epg.pw/media/images/channel/2025/01/25/large/20250125001936710108_56.png
[BD]cctv3,https://t.freetv.fun/live/cctv3-9.m3u8,网络源,https://epg.pw/media/images/channel/2025/01/25/large/20250125001936710108_56.png
[BD]cctv3,https://t.freetv.fun/live/cctv3-10.m3u8,网络源,https://epg.pw/media/images/channel/2025/01/25/large/20250125001936710108_56.png
[BD]cctv-3,https://t.freetv.fun/live/cctv-3.m3u8,网络源,https://epg.pw/media/images/channel/2025/01/25/large/20250125001936710108_56.png
[BD]cctv-3,https://t.freetv.fun/live/cctv-3-2.m3u8,网络源,https://epg.pw/media/images/channel/2025/01/25/large/20250125001936710108_56.png
[BD]cctv-3,https://t.freetv.fun/live/cctv-3-3.m3u8,网络源,https://epg.pw/media/images/channel/2025/01/25/large/20250125001936710108_56.png
[BD]cctv-3,https://t.freetv.fun/live/cctv-3-4.m3u8,网络源,https://epg.pw/media/images/channel/2025/01/25/large/20250125001936710108_56.png
[BD]cctv4,https://t.freetv.fun/live/cctv4-1.m3u8,网络源,https://epg.pw/media/images/channel/2025/01/25/large/20250125001925822086_33.png
[SD]cctv4,https://t.freetv.fun/live/cctv4-3.m3u8,网络源,https://epg.pw/media/images/channel/2025/01/25/large/20250125001925822086_33.png
[SD]cctv4,https://t.freetv.fun/live/cctv4-4.m3u8,网络源,https://epg.pw/media/images/channel/2025/01/25/large/20250125001925822086_33.png
[BD]cctv4,https://t.freetv.fun/live/cctv4-5.m3u8,网络源,https://epg.pw/media/images/channel/2025/01/25/large/20250125001925822086_33.png
[VGA]cctv4,https://t.freetv.fun/live/cctv4.m3u8,网络源,https://epg.pw/media/images/channel/2025/01/25/large/20250125001925822086_33.png
[HD]cctv4欧洲,https://t.freetv.fun/live/cctv4ou-zhou.m3u8,网络源,https://epg.pw/media/images/channel/2025/01/25/large/20250125001925822086_33.png
[SD]cctv4,https://t.freetv.fun/live/cctv4-12.m3u8,网络源,https://epg.pw/media/images/channel/2025/01/25/large/20250125001925822086_33.png
[BD]cctv4,https://t.freetv.fun/live/cctv4-37.m3u8,网络源,https://epg.pw/media/images/channel/2025/01/25/large/20250125001925822086_33.png
[BD]cctv4,https://t.freetv.fun/live/cctv4-42.m3u8,网络源,https://epg.pw/media/images/channel/2025/01/25/large/20250125001925822086_33.png
[BD]cctv4,https://t.freetv.fun/live/cctv4-2.m3u8,网络源,https://epg.pw/media/images/channel/2025/01/25/large/20250125001917639668_91.png
[BD]cctv4k,https://t.freetv.fun/live/cctv4k.m3u8,网络源,https://epg.pw/media/images/channel/2025/01/25/large/20250125001917639668_91.png
[SD]cctv-4,https://t.freetv.fun/live/cctv-4.m3u8,网络源,https://epg.pw/media/images/channel/2025/01/25/large/20250125001917639668_91.png
[BD]cctv4,https://t.freetv.fun/live/cctv4-33.m3u8,网络源,https://epg.pw/media/images/channel/2025/01/25/large/20250125001917639668_91.png
[BD]cctv-4,https://t.freetv.fun/live/cctv-4-2.m3u8,网络源,https://epg.pw/media/images/channel/2025/01/25/large/20250125001917639668_91.png
[BD]cctv-4,https://t.freetv.fun/live/cctv-4-3.m3u8,网络源,https://epg.pw/media/images/channel/2025/01/25/large/20250125001917639668_91.png
[HD]cctv4k,https://t.freetv.fun/live/cctv4k-1.m3u8,网络源,https://epg.pw/media/images/channel/2025/01/25/large/20250125001917639668_91.png
[BD]cctv4k,https://t.freetv.fun/live/cctv4k-2.m3u8,网络源,https://epg.pw/media/images/channel/2025/01/25/large/20250125001917639668_91.png
[HD]cctv4k,https://t.freetv.fun/live/cctv4k-3.m3u8,网络源,https://epg.pw/media/images/channel/2025/01/25/large/20250125001917639668_91.png
[BD]cctv-4k高清,https://t.freetv.fun/live/cctv-4kgao-qing-1.m3u8,网络源,https://epg.pw/media/images/channel/2026/02/16/large/20260216173959654419_73.png
[BD]cctv-4k高清,https://t.freetv.fun/live/cctv-4kgao-qing-3.m3u8,网络源,https://epg.pw/media/images/channel/2026/02/16/large/20260216173959654419_73.png
[BD]cctv-4k高清,https://t.freetv.fun/live/cctv-4kgao-qing-7.m3u8,网络源,https://epg.pw/media/images/channel/2026/02/16/large/20260216173959654419_73.png
[BD]cctv-4k高清,https://t.freetv.fun/live/cctv-4kgao-qing-8.m3u8,网络源,https://epg.pw/media/images/channel/2026/02/16/large/20260216173959654419_73.png
[BD]cctv-4k高清,https://t.freetv.fun/live/cctv-4kgao-qing-9.m3u8,网络源,https://epg.pw/media/images/channel/2026/02/16/large/20260216173959654419_73.png
[BD]cctv-4中文国际,https://t.freetv.fun/live/cctv-4zhong-wen-guo-ji-8.m3u8,网络源,https://epg.pw/media/images/channel/2025/01/25/large/20250125001905740569_14.jpg
[BD]cctv-4中文国际,https://t.freetv.fun/live/cctv-4zhong-wen-guo-ji-9.m3u8,网络源,https://epg.pw/media/images/channel/2025/01/25/large/20250125001905740569_14.jpg
[BD]cctv-4 中文国际,https://t.freetv.fun/live/cctv-4-zhong-wen-guo-ji.m3u8,网络源,https://epg.pw/media/images/channel/2025/01/25/large/20250125055001229701_29.jpg
[HD]cctv-4 中文国际,https://t.freetv.fun/live/cctv-4-zhong-wen-guo-ji-1.m3u8,网络源,https://epg.pw/media/images/channel/2025/01/25/large/20250125055001229701_29.jpg
[BD]cctv-4 中文国际,https://t.freetv.fun/live/cctv-4-zhong-wen-guo-ji-2.m3u8,网络源,https://epg.pw/media/images/channel/2025/01/25/large/20250125055001229701_29.jpg
[BD]cctv-4 中文国际,https://t.freetv.fun/live/cctv-4-zhong-wen-guo-ji-3.m3u8,网络源,https://epg.pw/media/images/channel/2025/01/25/large/20250125055001229701_29.jpg
[BD]cctv-4 中文国际,https://t.freetv.fun/live/cctv-4-zhong-wen-guo-ji-4.m3u8,网络源,https://epg.pw/media/images/channel/2025/01/25/large/20250125055001229701_29.jpg
[BD]cctv-4 中文国际,https://t.freetv.fun/live/cctv-4-zhong-wen-guo-ji-5.m3u8,网络源,https://epg.pw/media/images/channel/2025/01/25/large/20250125055001229701_29.jpg
[BD]cctv5,https://t.freetv.fun/live/cctv5.m3u8,网络源,https://epg.pw/media/images/channel/2025/01/25/large/20250125001827124534_66.png
[SD]cctv5,https://t.freetv.fun/live/cctv5-1.m3u8,网络源,https://epg.pw/media/images/channel/2025/01/25/large/20250125001827124534_66.png
[VGA]cctv5,https://t.freetv.fun/live/cctv5-4.m3u8,网络源,https://epg.pw/media/images/channel/2025/01/25/large/20250125001827124534_66.png
[BD]cctv5,https://t.freetv.fun/live/cctv5-7.m3u8,网络源,https://epg.pw/media/images/channel/2025/01/25/large/20250125001827124534_66.png
[BD]cctv5,https://t.freetv.fun/live/cctv5-8.m3u8,网络源,https://epg.pw/media/images/channel/2025/01/25/large/20250125001827124534_66.png
[BD]cctv5,https://t.freetv.fun/live/cctv5-12.m3u8,网络源,https://epg.pw/media/images/channel/2025/01/25/large/20250125001827124534_66.png
[BD]cctv5 plus 2,https://t.freetv.fun/live/cctv5-plus-2-1.m3u8,网络源,https://epg.pw/media/images/channel/2025/01/25/large/20250125001808321738_22.jpg
[BD]cctv52,https://t.freetv.fun/live/cctv52.m3u8,网络源,https://epg.pw/media/images/channel/2025/01/25/large/20250125001808321738_22.jpg
[BD]cctv5,https://t.freetv.fun/live/cctv5-2.m3u8,网络源,https://epg.pw/media/images/channel/2025/01/25/large/20250125001808321738_22.jpg
[BD]cctv5,https://t.freetv.fun/live/cctv5-3.m3u8,网络源,https://epg.pw/media/images/channel/2025/01/25/large/20250125001808321738_22.jpg
[SD]cctv5,https://t.freetv.fun/live/cctv5-5.m3u8,网络源,https://epg.pw/media/images/channel/2025/01/25/large/20250125001808321738_22.jpg
[BD]cctv5,https://t.freetv.fun/live/cctv5-6.m3u8,网络源,https://epg.pw/media/images/channel/2025/01/25/large/20250125001808321738_22.jpg
[BD]cctv5,https://t.freetv.fun/live/cctv5-9.m3u8,网络源,https://epg.pw/media/images/channel/2025/01/25/large/20250125001808321738_22.jpg
[BD]cctv5,https://t.freetv.fun/live/cctv5-10.m3u8,网络源,https://epg.pw/media/images/channel/2025/01/25/large/20250125001808321738_22.jpg
[HD]cctv-5,https://t.freetv.fun/live/cctv-5.m3u8,网络源,https://epg.pw/media/images/channel/2025/01/25/large/20250125001808321738_22.jpg
[VGA]cctv5,https://t.freetv.fun/live/cctv5-21.m3u8,网络源,https://epg.pw/media/images/channel/2025/01/25/large/20250125001808321738_22.jpg
[BD]cctv5,https://t.freetv.fun/live/cctv5-26.m3u8,网络源,https://epg.pw/media/images/channel/2025/01/25/large/20250125001808321738_22.jpg
[BD]cctv-5,https://t.freetv.fun/live/cctv-5-2.m3u8,网络源,https://epg.pw/media/images/channel/2025/01/25/large/20250125001808321738_22.jpg
[SD]cctv-5,https://t.freetv.fun/live/cctv-5-4.m3u8,网络源,https://epg.pw/media/images/channel/2025/01/25/large/20250125001808321738_22.jpg
[HD]cctv-5,https://t.freetv.fun/live/cctv-5-5.m3u8,网络源,https://epg.pw/media/images/channel/2025/01/25/large/20250125001808321738_22.jpg
[BD]cctv5 plus,https://t.freetv.fun/live/cctv5-plus.m3u8,网络源,https://epg.pw/media/images/channel/2025/01/25/large/20250125001757126121_81.png
[BD]cctv5 plus,https://t.freetv.fun/live/cctv5-plus-2.m3u8,网络源,https://epg.pw/media/images/channel/2025/01/25/large/20250125001757126121_81.png
[BD]cctv5 plus,https://t.freetv.fun/live/cctv5-plus-6.m3u8,网络源,https://epg.pw/media/images/channel/2025/01/25/large/20250125001757126121_81.png
[BD]cctv5 plus,https://t.freetv.fun/live/cctv5-plus-8.m3u8,网络源,https://epg.pw/media/images/channel/2025/01/25/large/20250125001757126121_81.png
[BD]cctv-5 plus体育赛事,https://t.freetv.fun/live/cctv-5-plusti-yu-sai-shi.php,网络源,https://epg.pw/media/images/channel/2025/01/25/large/20250125001746078420_25.png
[BD]cctv5 plus,https://t.freetv.fun/live/cctv5-plus-1.m3u8,网络源,https://epg.pw/media/images/channel/2025/01/25/large/20250125001746078420_25.png
[BD]cctv5 plus,https://t.freetv.fun/live/cctv5-plus-5.m3u8,网络源,https://epg.pw/media/images/channel/2025/01/25/large/20250125001746078420_25.png
[SD]cctv6,https://t.freetv.fun/live/cctv6.m3u8,网络源,https://epg.pw/media/images/channel/2025/01/25/large/20250125001735955364_69.png
[BD]cctv6,https://t.freetv.fun/live/cctv6-1.m3u8,网络源,https://epg.pw/media/images/channel/2025/01/25/large/20250125001735955364_69.png
[SD]cctv6,https://t.freetv.fun/live/cctv6-4.m3u8,网络源,https://epg.pw/media/images/channel/2025/01/25/large/20250125001735955364_69.png
[BD]cctv6,https://t.freetv.fun/live/cctv6-5.m3u8,网络源,https://epg.pw/media/images/channel/2025/01/25/large/20250125001735955364_69.png
[BD]cctv6,https://t.freetv.fun/live/cctv6-6.m3u8,网络源,https://epg.pw/media/images/channel/2025/01/25/large/20250125001735955364_69.png
[BD]cctv6,https://t.freetv.fun/live/cctv6-7.m3u8,网络源,https://epg.pw/media/images/channel/2025/01/25/large/20250125001735955364_69.png
[BD]cctv6,https://t.freetv.fun/live/cctv6-9.m3u8,网络源,https://epg.pw/media/images/channel/2025/01/25/large/20250125001735955364_69.png
[SD]cctv6,https://t.freetv.fun/live/cctv6-33.m3u8,网络源,https://epg.pw/media/images/channel/2025/01/25/large/20250125001735955364_69.png
[BD]cctv6,https://t.freetv.fun/live/cctv6-2.m3u8,网络源,https://epg.pw/media/images/channel/2025/01/25/large/20250125001735955364_69.png
[BD]cctv6,https://t.freetv.fun/live/cctv6-3.m3u8,网络源,https://epg.pw/media/images/channel/2025/01/25/large/20250125001735955364_69.png
[BD]cctv6,https://t.freetv.fun/live/cctv6-8.m3u8,网络源,https://epg.pw/media/images/channel/2025/01/25/large/20250125001735955364_69.png
[BD]cctv-6,https://t.freetv.fun/live/cctv-6.m3u8,网络源,https://epg.pw/media/images/channel/2025/01/25/large/20250125001735955364_69.png
[BD]cctv6-电影,https://t.freetv.fun/live/cctv6-dian-ying-1.m3u8,网络源,https://epg.pw/media/images/channel/2025/01/25/large/20250125001735955364_69.png
[VGA]cctv6-电影,https://t.freetv.fun/live/cctv6-dian-ying-2.m3u8,网络源,https://epg.pw/media/images/channel/2025/01/25/large/20250125001735955364_69.png
[SD]cctv-6,https://t.freetv.fun/live/cctv-6-4.m3u8,网络源,https://epg.pw/media/images/channel/2025/01/25/large/20250125001735955364_69.png
[SD]cctv-6,https://t.freetv.fun/live/cctv-6-5.m3u8,网络源,https://epg.pw/media/images/channel/2025/01/25/large/20250125001735955364_69.png
[SD]cctv7,https://t.freetv.fun/live/cctv7-2.m3u8,网络源,https://epg.pw/media/images/channel/2025/01/25/large/20250125001726519561_49.png
[HD]cctv7,https://t.freetv.fun/live/cctv7-15.m3u8,网络源,https://epg.pw/media/images/channel/2025/01/25/large/20250125001726519561_49.png
[SD]cctv7,https://t.freetv.fun/live/cctv7-1.m3u8,网络源,https://epg.pw/media/images/channel/2025/01/25/large/20250125001726519561_49.png
[BD]cctv7,https://t.freetv.fun/live/cctv7-18.m3u8,网络源,https://epg.pw/media/images/channel/2025/01/25/large/20250125001726519561_49.png
[BD]cctv7,https://t.freetv.fun/live/cctv7-3.m3u8,网络源,https://epg.pw/media/images/channel/2025/01/25/large/20250125001726519561_49.png
[BD]cctv7,https://t.freetv.fun/live/cctv7-4.m3u8,网络源,https://epg.pw/media/images/channel/2025/01/25/large/20250125001726519561_49.png
[BD]cctv7,https://t.freetv.fun/live/cctv7-6.m3u8,网络源,https://epg.pw/media/images/channel/2025/01/25/large/20250125001726519561_49.png
[SD]cctv7,https://t.freetv.fun/live/cctv7-24.m3u8,网络源,https://epg.pw/media/images/channel/2025/01/25/large/20250125001726519561_49.png
[BD]cctv-7,https://t.freetv.fun/live/cctv-7.m3u8,网络源,https://epg.pw/media/images/channel/2025/01/25/large/20250125001726519561_49.png
[BD]cctv-7,https://t.freetv.fun/live/cctv-7-3.m3u8,网络源,https://epg.pw/media/images/channel/2025/01/25/large/20250125001726519561_49.png
[VGA]cctv-7hd,https://t.freetv.fun/live/cctv-7hd.m3u8,网络源,https://epg.pw/media/images/channel/2025/01/25/large/20250125001726519561_49.png
[SD]cctv-7,https://t.freetv.fun/live/cctv-7-5.m3u8,网络源,https://epg.pw/media/images/channel/2025/01/25/large/20250125001726519561_49.png
[BD]cctv-7,https://t.freetv.fun/live/cctv-7-6.m3u8,网络源,https://epg.pw/media/images/channel/2025/01/25/large/20250125001726519561_49.png
[BD]cctv8,https://t.freetv.fun/live/cctv8.m3u8,网络源,https://epg.pw/media/images/channel/2025/01/25/large/20250125001717964200_12.png
[BD]cctv8,https://t.freetv.fun/live/cctv8-2.m3u8,网络源,https://epg.pw/media/images/channel/2025/01/25/large/20250125001717964200_12.png
[SD]cctv8,https://t.freetv.fun/live/cctv8-4.m3u8,网络源,https://epg.pw/media/images/channel/2025/01/25/large/20250125001717964200_12.png
[BD]cctv8,https://t.freetv.fun/live/cctv8-7.m3u8,网络源,https://epg.pw/media/images/channel/2025/01/25/large/20250125001717964200_12.png
[SD]cctv8,https://t.freetv.fun/live/cctv8-34.m3u8,网络源,https://epg.pw/media/images/channel/2025/01/25/large/20250125001717964200_12.png
[SD]cctv8,https://t.freetv.fun/live/cctv8-9.m3u8,网络源,https://epg.pw/media/images/channel/2025/01/25/large/20250125001717964200_12.png
[VGA]cctv8,https://t.freetv.fun/live/cctv8-1.m3u8,网络源,https://epg.pw/media/images/channel/2025/01/25/large/20250125001717964200_12.png
[BD]cctv8,https://t.freetv.fun/live/cctv8-5.m3u8,网络源,https://epg.pw/media/images/channel/2025/01/25/large/20250125001717964200_12.png
[BD]cctv8,https://t.freetv.fun/live/cctv8-6.m3u8,网络源,https://epg.pw/media/images/channel/2025/01/25/large/20250125001717964200_12.png
[BD]cctv8,https://t.freetv.fun/live/cctv8-8.m3u8,网络源,https://epg.pw/media/images/channel/2025/01/25/large/20250125001717964200_12.png
[SD]cctv8-电视剧,https://t.freetv.fun/live/cctv8-dian-shi-ju-1.m3u8,网络源,https://epg.pw/media/images/channel/2025/01/25/large/20250125001717964200_12.png
[SD]cctv9,https://t.freetv.fun/live/cctv9.m3u8,网络源,https://epg.pw/media/images/channel/2025/01/25/large/20250125001710136564_30.png
[VGA]cctv9,https://t.freetv.fun/live/cctv9-1.m3u8,网络源,https://epg.pw/media/images/channel/2025/01/25/large/20250125001710136564_30.png
[VGA]cctv9,https://t.freetv.fun/live/cctv9-3.m3u8,网络源,https://epg.pw/media/images/channel/2025/01/25/large/20250125001710136564_30.png
[BD]cctv9,https://t.freetv.fun/live/cctv9-4.m3u8,网络源,https://epg.pw/media/images/channel/2025/01/25/large/20250125001710136564_30.png
[SD]cctv9,https://t.freetv.fun/live/cctv9-5.m3u8,网络源,https://epg.pw/media/images/channel/2025/01/25/large/20250125001710136564_30.png
[BD]cctv9,https://t.freetv.fun/live/cctv9-6.m3u8,网络源,https://epg.pw/media/images/channel/2025/01/25/large/20250125001710136564_30.png
[BD]cctv9,https://t.freetv.fun/live/cctv9-8.m3u8,网络源,https://epg.pw/media/images/channel/2025/01/25/large/20250125001710136564_30.png
[BD]cctv9,https://t.freetv.fun/live/cctv9-9.m3u8,网络源,https://epg.pw/media/images/channel/2025/01/25/large/20250125001710136564_30.png
[BD]cctv9,https://t.freetv.fun/live/cctv9-2.m3u8,网络源,https://epg.pw/media/images/channel/2025/01/25/large/20250125001710136564_30.png
[SD]cctv9,https://t.freetv.fun/live/cctv9-7.m3u8,网络源,https://epg.pw/media/images/channel/2025/01/25/large/20250125001710136564_30.png
[SD]cctv-9,https://t.freetv.fun/live/cctv-9.m3u8,网络源,https://epg.pw/media/images/channel/2025/01/25/large/20250125001710136564_30.png
[BD]cctv-9,https://t.freetv.fun/live/cctv-9-3.m3u8,网络源,https://epg.pw/media/images/channel/2025/01/25/large/20250125001710136564_30.png
[SD]cctv-9,https://t.freetv.fun/live/cctv-9-5.m3u8,网络源,https://epg.pw/media/images/channel/2025/01/25/large/20250125001710136564_30.png
[BD]cctv第一剧场,https://t.freetv.fun/live/cctvdi-yi-ju-chang-2.m3u8,网络源,https://epg.pw/media/images/channel/2022/09/07/large/20220907150153591598_13.jpg
[VGA]cctv-第一剧场,https://t.freetv.fun/live/cctv-di-yi-ju-chang-3.m3u8,网络源,https://epg.pw/media/images/channel/2022/09/07/large/20220907150153591598_13.jpg
[BD]cctv-第一剧场,https://t.freetv.fun/live/cctv-di-yi-ju-chang-5.m3u8,网络源,https://epg.pw/media/images/channel/2022/09/07/large/20220907150153591598_13.jpg
[BD]cctv风云足球,https://t.freetv.fun/live/cctvfeng-yun-zu-qiu.m3u8,网络源,https://epg.pw/media/images/channel/2022/05/10/large/20220510165533742367_97.jpg
[BD]cctv-风云音乐,https://t.freetv.fun/live/cctv-feng-yun-yin-le-2.m3u8,网络源,https://epg.pw/media/images/channel/2024/07/28/large/20240728222635985513_51.png
[HD]cetv1,https://t.freetv.fun/live/cetv1-1.m3u8,网络源,https://epg.pw/media/images/channel/2020/03/22/large/20200322212610371208_90.png
[BD]cgntv japan,https://t.freetv.fun/live/cgntv-japan.m3u8,网络源,https://epg.pw/media/images/channel/2023/07/19/large/20230719182810808946_76.png
[HD]cgtn,https://t.freetv.fun/live/cgtn-1.m3u8,网络源,https://epg.pw/media/images/channel/2020/03/22/large/20200322211010158445_97.png
[BD]rt documentary,https://t.freetv.fun/live/rt-documentary-3.m3u8,网络源,https://epg.pw/media/images/channel/2022/04/29/large/20220429020115798784_73.png
[HD]cgtn纪录,https://t.freetv.fun/live/cgtnji-lu-1.m3u8,网络源,https://epg.pw/media/images/channel/2022/04/29/large/20220429020115798784_73.png
[BD]cgtn documentary,https://t.freetv.fun/live/cgtn-documentary.m3u8,网络源,https://epg.pw/media/images/channel/2022/04/29/large/20220429020115798784_73.png
[BD]cgtn documentary,https://t.freetv.fun/live/cgtn-documentary-1.m3u8,网络源,https://epg.pw/media/images/channel/2022/04/29/large/20220429020115798784_73.png
[BD]cgtn documentary,https://t.freetv.fun/live/cgtn-documentary-2.m3u8,网络源,https://epg.pw/media/images/channel/2022/04/29/large/20220429020115798784_73.png
[BD]documentary plus,https://t.freetv.fun/live/documentary-plus.m3u8,网络源,https://epg.pw/media/images/channel/2022/04/29/large/20220429020115798784_73.png
[SD]cgtn documentary (1080p),https://t.freetv.fun/live/cgtn-documentary-1080p.m3u8,网络源,https://epg.pw/media/images/channel/2022/04/29/large/20220429020115798784_73.png
[BD]cgtn-español,https://t.freetv.fun/live/cgtn-espanol.m3u8,网络源,https://epg.pw/media/images/channel/2022/05/20/large/20220520002125587039_56.jpg
[BD]cgtn français,https://t.freetv.fun/live/cgtn-francais.m3u8,网络源,https://epg.pw/media/images/channel/2022/05/20/large/20220520002319040251_53.jpg
[BD]cgtn français,https://t.freetv.fun/live/cgtn-francais-1.m3u8,网络源,https://epg.pw/media/images/channel/2022/05/20/large/20220520002319040251_53.jpg
[VGA]cgtn français,https://t.freetv.fun/live/cgtn-francais-2.m3u8,网络源,https://epg.pw/media/images/channel/2022/05/20/large/20220520002319040251_53.jpg
[BD]cgtn俄语,https://t.freetv.fun/live/cgtne-yu-1.m3u8,网络源,https://epg.pw/media/images/channel/2022/05/20/large/20220520002527861002_28.jpg
[HD]cgtn русский,https://t.freetv.fun/live/cgtn-russkii.m3u8,网络源,https://epg.pw/media/images/channel/2022/05/20/large/20220520002527861002_28.jpg
[BD]cgtn русский,https://t.freetv.fun/live/cgtn-russkii-1.m3u8,网络源,https://epg.pw/media/images/channel/2022/05/20/large/20220520002527861002_28.jpg
[BD]cgtn法语,https://t.freetv.fun/live/cgtnfa-yu.m3u8,网络源,https://epg.pw/media/uploads/tmp_logo/2018/05/16/20180516070123835480_63.jpg
[BD]cgtn西语,https://t.freetv.fun/live/cgtnxi-yu-1.m3u8,网络源,https://epg.pw/media/uploads/tmp_logo/2018/05/16/20180516070123835480_63.jpg
[BD]cgtn阿语,https://t.freetv.fun/live/cgtna-yu-1.m3u8,网络源,https://epg.pw/media/uploads/tmp_logo/2018/05/16/20180516070123835480_63.jpg
[BD]cgtn法语,https://t.freetv.fun/live/cgtnfa-yu-1.m3u8,网络源,https://epg.pw/media/uploads/tmp_logo/2018/05/16/20180516070123835480_63.jpg
[HD]cgtn,https://t.freetv.fun/live/cgtn-1-1.m3u8,网络源,https://epg.pw/media/uploads/tmp_logo/2018/05/16/20180516070123835480_63.jpg
[HD]cgtn,https://t.freetv.fun/live/cgtn-2.m3u8,网络源,https://epg.pw/media/uploads/tmp_logo/2018/05/16/20180516070123835480_63.jpg
[HD]cgtn,https://t.freetv.fun/live/cgtn-3.m3u8,网络源,https://epg.pw/media/uploads/tmp_logo/2018/05/16/20180516070123835480_63.jpg
[BD]cgtn,https://t.freetv.fun/live/cgtn-4.php,网络源,https://epg.pw/media/uploads/tmp_logo/2018/05/16/20180516070123835480_63.jpg
[HD]cgtn纪录,https://t.freetv.fun/live/cgtnji-lu-2.m3u8,网络源,https://epg.pw/media/uploads/tmp_logo/2018/05/16/20180516070123835480_63.jpg
[HD]cgtn,https://t.freetv.fun/live/cgtn-5.m3u8,网络源,https://epg.pw/media/uploads/tmp_logo/2018/05/16/20180516070123835480_63.jpg
[BD]cgtn俄语,https://t.freetv.fun/live/cgtne-yu-2.m3u8,网络源,https://epg.pw/media/uploads/tmp_logo/2018/05/16/20180516070123835480_63.jpg
[BD]cgtn,https://t.freetv.fun/live/cgtn-6.m3u8,网络源,https://epg.pw/media/uploads/tmp_logo/2018/05/16/20180516070123835480_63.jpg
[BD]cgtn,https://t.freetv.fun/live/cgtn-7.m3u8,网络源,https://epg.pw/media/uploads/tmp_logo/2018/05/16/20180516070123835480_63.jpg
[BD]cgtn,https://t.freetv.fun/live/cgtn-8.m3u8,网络源,https://epg.pw/media/uploads/tmp_logo/2018/05/16/20180516070123835480_63.jpg
[BD]cgtn法语,https://t.freetv.fun/live/cgtnfa-yu-3.m3u8,网络源,https://epg.pw/media/uploads/tmp_logo/2018/05/16/20180516070123835480_63.jpg
[HD]cgtn,https://t.freetv.fun/live/cgtn-9.m3u8,网络源,https://epg.pw/media/uploads/tmp_logo/2018/05/16/20180516070123835480_63.jpg
[HD]cgtn,https://t.freetv.fun/live/cgtn-15.m3u8,网络源,https://epg.pw/media/uploads/tmp_logo/2018/05/16/20180516070123835480_63.jpg
[BD]white channel,https://t.freetv.fun/live/white-channel-1.m3u8,网络源,https://epg.pw/media/images/channel/2022/08/06/large/20220806161730161952_53.jpg
[BD]test channel 3,https://t.freetv.fun/live/test-channel-3.m3u8,网络源,https://epg.pw/media/images/channel/2022/08/06/large/20220806161730161952_53.jpg
[BD]kartoon channel,https://t.freetv.fun/live/kartoon-channel.m3u8,网络源,https://epg.pw/media/images/channel/2022/08/06/large/20220806161730161952_53.jpg
[VGA]light channel,https://t.freetv.fun/live/light-channel.m3u8,网络源,https://epg.pw/media/images/channel/2022/08/06/large/20220806161730161952_53.jpg
[HD]ficom channel,https://t.freetv.fun/live/ficom-channel.m3u8,网络源,https://epg.pw/media/images/channel/2022/08/06/large/20220806161730161952_53.jpg
[HD]tempe channel 11,https://t.freetv.fun/live/tempe-channel-11-2.m3u8,网络源,https://epg.pw/media/images/channel/2022/08/06/large/20220806161730161952_53.jpg
[VGA]light channel,https://t.freetv.fun/live/light-channel-2.m3u8,网络源,https://epg.pw/media/images/channel/2022/08/06/large/20220806161730161952_53.jpg
[HD]chile channel,https://t.freetv.fun/live/chile-channel.m3u8,网络源,https://epg.pw/media/images/channel/2022/08/06/large/20220806161730161952_53.jpg
[BD]channel y,https://t.freetv.fun/live/channel-y.m3u8,网络源,https://epg.pw/media/images/channel/2022/08/06/large/20220806161730161952_53.jpg
[BD]lego channel,https://t.freetv.fun/live/lego-channel.m3u8,网络源,https://epg.pw/media/images/channel/2022/08/06/large/20220806161730161952_53.jpg
[HD]mo channel,https://t.freetv.fun/live/mo-channel.m3u8,网络源,https://epg.pw/media/images/channel/2022/08/06/large/20220806161730161952_53.jpg
[BD]super channel 12,https://t.freetv.fun/live/super-channel-12.m3u8,网络源,https://epg.pw/media/images/channel/2022/08/06/large/20220806161730161952_53.jpg
[HD]xplore channel,https://t.freetv.fun/live/xplore-channel.m3u8,网络源,https://epg.pw/media/images/channel/2022/08/06/large/20220806161730161952_53.jpg
[BD]gs channel,https://t.freetv.fun/live/gs-channel.m3u8,网络源,https://epg.pw/media/images/channel/2022/08/06/large/20220806161730161952_53.jpg
[HD]bom channel,https://t.freetv.fun/live/bom-channel.m3u8,网络源,https://epg.pw/media/images/channel/2022/08/06/large/20220806161730161952_53.jpg
[HD]kurd channel,https://t.freetv.fun/live/kurd-channel.m3u8,网络源,https://epg.pw/media/images/channel/2022/08/06/large/20220806161730161952_53.jpg
[HD]xtremo channel,https://t.freetv.fun/live/xtremo-channel.m3u8,网络源,https://epg.pw/media/images/channel/2022/08/06/large/20220806161730161952_53.jpg
[SD]chile channel (720p),https://t.freetv.fun/live/chile-channel-720p-1.m3u8,网络源,https://epg.pw/media/images/channel/2022/08/06/large/20220806161730161952_53.jpg
[SD]lego channel (1080p),https://t.freetv.fun/live/lego-channel-1080p.m3u8,网络源,https://epg.pw/media/images/channel/2022/08/06/large/20220806161730161952_53.jpg
[BD]chc动作电影,https://t.freetv.fun/live/chcdong-zuo-dian-ying.m3u8,网络源,https://epg.pw/media/images/channel/2023/07/20/large/20230720204146046493_74.png
[BD]chc动作电影,https://t.freetv.fun/live/chcdong-zuo-dian-ying-2.m3u8,网络源,https://epg.pw/media/images/channel/2023/07/20/large/20230720204146046493_74.png
[BD]chc动作电影,https://t.freetv.fun/live/chcdong-zuo-dian-ying-3.m3u8,网络源,https://epg.pw/media/images/channel/2023/07/20/large/20230720204146046493_74.png
[BD]chc动作电影,https://t.freetv.fun/live/chcdong-zuo-dian-ying-6.m3u8,网络源,https://epg.pw/media/images/channel/2023/07/20/large/20230720204146046493_74.png
[BD]chc动作电影,https://t.freetv.fun/live/chcdong-zuo-dian-ying-7.m3u8,网络源,https://epg.pw/media/images/channel/2023/07/20/large/20230720204146046493_74.png
[BD]chc动作电影,https://t.freetv.fun/live/chcdong-zuo-dian-ying-1.m3u8,网络源,https://epg.pw/media/images/channel/2023/07/20/large/20230720204146046493_74.png
[BD]chc家庭影院,https://t.freetv.fun/live/chcjia-ting-ying-yuan-1.m3u8,网络源,https://epg.pw/media/images/channel/2023/07/20/large/20230720204118595367_23.png
[BD]chc家庭影院,https://t.freetv.fun/live/chcjia-ting-ying-yuan-2.m3u8,网络源,https://epg.pw/media/images/channel/2023/07/20/large/20230720204118595367_23.png
[BD]chc家庭影院,https://t.freetv.fun/live/chcjia-ting-ying-yuan-4.m3u8,网络源,https://epg.pw/media/images/channel/2023/07/20/large/20230720204118595367_23.png
[BD]chc家庭影院,https://t.freetv.fun/live/chcjia-ting-ying-yuan-5.m3u8,网络源,https://epg.pw/media/images/channel/2023/07/20/large/20230720204118595367_23.png
[BD]chc家庭影院,https://t.freetv.fun/live/chcjia-ting-ying-yuan-8.m3u8,网络源,https://epg.pw/media/images/channel/2023/07/20/large/20230720204118595367_23.png
[BD]chc家庭影院,https://t.freetv.fun/live/chcjia-ting-ying-yuan.m3u8,网络源,https://epg.pw/media/images/channel/2023/07/20/large/20230720204118595367_23.png
[HD]chc家庭影院,https://t.freetv.fun/live/chcjia-ting-ying-yuan-7.php,网络源,https://epg.pw/media/images/channel/2023/07/20/large/20230720204118595367_23.png
[BD]chc影迷电影,https://t.freetv.fun/live/chcying-mi-dian-ying.m3u8,网络源,https://epg.pw/media/images/channel/2026/02/26/large/20260226032425495400_69.jpg
[BD]chc影迷电影,https://t.freetv.fun/live/chcying-mi-dian-ying-2.m3u8,网络源,https://epg.pw/media/images/channel/2026/02/26/large/20260226032425495400_69.jpg
[BD]chc影迷电影,https://t.freetv.fun/live/chcying-mi-dian-ying-6.m3u8,网络源,https://epg.pw/media/images/channel/2026/02/26/large/20260226032425495400_69.jpg
[VGA]chc影迷电影,https://t.freetv.fun/live/chcying-mi-dian-ying-1.php,网络源,https://epg.pw/media/images/channel/2026/02/26/large/20260226032425495400_69.jpg
[BD]chc影迷电影,https://t.freetv.fun/live/chcying-mi-dian-ying-3.m3u8,网络源,https://epg.pw/media/images/channel/2026/02/26/large/20260226032425495400_69.jpg
[BD]chc影迷电影,https://t.freetv.fun/live/chcying-mi-dian-ying-4.m3u8,网络源,https://epg.pw/media/images/channel/2026/02/26/large/20260226032425495400_69.jpg
[BD]chc影迷电影,https://t.freetv.fun/live/chcying-mi-dian-ying-5.m3u8,网络源,https://epg.pw/media/images/channel/2026/02/26/large/20260226032425495400_69.jpg
[VGA]chc影迷电影,https://t.freetv.fun/live/chcying-mi-dian-ying-9.m3u8,网络源,https://epg.pw/media/images/channel/2026/02/26/large/20260226032425495400_69.jpg
[HD]韩国sbs cjb,https://t.freetv.fun/live/han-guo-sbs-cjb-1.m3u8,网络源,https://epg.pw/media/uploads/tmp_logo/2017/01/13/20170113051654517417_42.jpg
[BD]cjb,https://t.freetv.fun/live/cjb.m3u8,网络源,https://epg.pw/media/uploads/tmp_logo/2017/01/13/20170113051654517417_42.jpg
[BD]stingray classica,https://t.freetv.fun/live/stingray-classica.m3u8,网络源,https://epg.pw/media/images/channel/2017/11/23/large/20171123202358057725_47.png
[SD]stingray classica (1080p),https://t.freetv.fun/live/stingray-classica-1080p.m3u8,网络源,https://epg.pw/media/images/channel/2017/11/23/large/20171123202358057725_47.png
[BD]cmc,https://t.freetv.fun/live/cmc.m3u8,网络源,https://epg.pw/media/uploads/tmp_logo/2014/05/30/20140530201707423147_98.png
[HD]4music,https://t.freetv.fun/live/4music.m3u8,网络源,https://epg.pw/media/images/channel/2022/03/18/large/20220318090457244729_96.png
[BD]rc music,https://t.freetv.fun/live/rc-music.m3u8,网络源,https://epg.pw/media/images/channel/2022/03/18/large/20220318090457244729_96.png
[HD]cnn brasil,https://t.freetv.fun/live/cnn-brasil.m3u8,网络源,https://epg.pw/media/images/channel/2022/05/27/large/20220527020654244584_90.png
[BD]cnn brasil,https://t.freetv.fun/live/cnn-brasil-2.m3u8,网络源,https://epg.pw/media/images/channel/2022/05/27/large/20220527020654244584_90.png
[SD]cnt,https://t.freetv.fun/live/cnt.m3u8,网络源,https://epg.pw/media/images/channel/2022/07/02/large/20220702141008275477_19.jpg
[VGA]cna,https://t.freetv.fun/live/cna-1-1.m3u8,网络源,https://epg.pw/media/images/channel/2023/01/14/large/20230114191550513154_10.png
[BD]cna,https://t.freetv.fun/live/cna-2.m3u8,网络源,https://epg.pw/media/images/channel/2023/01/14/large/20230114191550513154_10.png
[BD]cgtn arabic,https://t.freetv.fun/live/cgtn-arabic.m3u8,网络源,https://epg.pw/media/images/channel/2015/11/28/large/20151128115803085876_46.jpg
[BD]cgtn arabic,https://t.freetv.fun/live/cgtn-arabic-1.m3u8,网络源,https://epg.pw/media/images/channel/2015/11/28/large/20151128115803085876_46.jpg
[BD]cnbc arabia,https://t.freetv.fun/live/cnbc-arabia.m3u8,网络源,https://epg.pw/media/images/channel/2015/11/28/large/20151128115803085876_46.jpg
[VGA]cnbc arabiya,https://t.freetv.fun/live/cnbc-arabiya.m3u8,网络源,https://epg.pw/media/images/channel/2015/11/28/large/20151128115803085876_46.jpg
[BD]cnbc,https://t.freetv.fun/live/cnbc.m3u8,网络源,https://epg.pw/media/images/channel/2022/03/10/large/20220310182519775139_27.png
[SD]cnn,https://t.freetv.fun/live/cnn.m3u8,网络源,https://epg.pw/media/images/channel/2019/01/13/large/20190113215800701920_63.jpg
[HD]cnn,https://t.freetv.fun/live/cnn-1.m3u8,网络源,https://epg.pw/media/images/channel/2019/01/13/large/20190113215800701920_63.jpg
[BD]cnn,https://t.freetv.fun/live/cnn-6.m3u8,网络源,https://epg.pw/media/images/channel/2019/01/13/large/20190113215800701920_63.jpg
[HD]cnbc indonesia (720p),https://t.freetv.fun/live/cnbc-indonesia-720p.m3u8,网络源,https://epg.pw/media/images/channel/2022/05/06/large/20220506173712756710_20.png
[HD]cnn indonesia (720p) [geo-blocked],https://t.freetv.fun/live/cnn-indonesia-720p-geo-blocked.m3u8,网络源,https://epg.pw/media/images/channel/2022/05/06/large/20220506173712756710_20.png
[HD]cnbc indonesia,https://t.freetv.fun/live/cnbc-indonesia-4.m3u8,网络源,https://epg.pw/media/images/channel/2022/05/06/large/20220506173712756710_20.png
[HD]cnn indonesia,https://t.freetv.fun/live/cnn-indonesia.m3u8,网络源,https://epg.pw/media/images/channel/2022/05/06/large/20220506173712756710_20.png
[HD]cnbc indonesia,https://t.freetv.fun/live/cnbc-indonesia-1.m3u8,网络源,https://epg.pw/media/images/channel/2022/05/06/large/20220506173712756710_20.png
[HD]cnbc indonesia,https://t.freetv.fun/live/cnbc-indonesia-2.m3u8,网络源,https://epg.pw/media/images/channel/2022/05/06/large/20220506173712756710_20.png
[HD]cnn indonesia,https://t.freetv.fun/live/cnn-indonesia-2.m3u8,网络源,https://epg.pw/media/images/channel/2022/05/06/large/20220506173712756710_20.png
[VGA]cnbc indonesia,https://t.freetv.fun/live/cnbc-indonesia-3.m3u8,网络源,https://epg.pw/media/images/channel/2022/05/06/large/20220506173712756710_20.png
[HD]cnn indonesia,https://t.freetv.fun/live/cnn-indonesia-3.m3u8,网络源,https://epg.pw/media/images/channel/2022/05/06/large/20220506173712756710_20.png
[BD]cna international,https://t.freetv.fun/live/cna-international.m3u8,网络源,https://epg.pw/media/images/channel/2019/01/12/large/20190112195825903374_64.png
[SD]cna international (1080p),https://t.freetv.fun/live/cna-international-1080p.m3u8,网络源,https://epg.pw/media/images/channel/2019/01/12/large/20190112195825903374_64.png
[HD]cnn usa (720p) [geo-blocked],https://t.freetv.fun/live/cnn-usa-720p-geo-blocked.m3u8,网络源,https://epg.pw/media/images/channel/2025/01/28/large/20250128060427745058_97.jpg
[BD]rt en español,https://t.freetv.fun/live/rt-en-espanol.m3u8,网络源,https://epg.pw/media/images/channel/2022/05/06/large/20220506174411879285_41.png
[BD]beyblade en español,https://t.freetv.fun/live/beyblade-en-espanol.m3u8,网络源,https://epg.pw/media/images/channel/2022/05/06/large/20220506174411879285_41.png
[VGA]crtv,https://t.freetv.fun/live/crtv-1.m3u8,网络源,https://epg.pw/media/
[VGA]haiti news channel,https://t.freetv.fun/live/haiti-news-channel-1.m3u8,网络源,https://epg.pw/media/images/channel/2022/03/04/large/20220304182551139789_85.png
[VGA]cbn news channel,https://t.freetv.fun/live/cbn-news-channel.m3u8,网络源,https://epg.pw/media/images/channel/2022/03/04/large/20220304182551139789_85.png
[BD]ponte internacional da amizade,https://t.freetv.fun/live/ponte-internacional-da-amizade.m3u8,网络源,https://epg.pw/media/images/channel/2023/07/19/large/20230719182854580022_58.png
[VGA]impacto televisión,https://t.freetv.fun/live/impacto-television.m3u8,网络源,https://epg.pw/media/images/channel/2021/11/02/large/20211102205533259530_93.png
[HD]vía televisión,https://t.freetv.fun/live/via-television.m3u8,网络源,https://epg.pw/media/images/channel/2021/11/02/large/20211102205533259530_93.png
[HD]ucv televisión,https://t.freetv.fun/live/ucv-television.m3u8,网络源,https://epg.pw/media/images/channel/2021/11/02/large/20211102205533259530_93.png
[BD]can tv,https://t.freetv.fun/live/can-tv.m3u8,网络源,https://epg.pw/media/
[HD]canale 10,https://t.freetv.fun/live/canale-10.m3u8,网络源,https://epg.pw/media/images/channel/2022/05/06/large/20220506175049459722_82.png
[BD]canal 17,https://t.freetv.fun/live/canal-17.m3u8,网络源,https://epg.pw/media/images/channel/2022/05/06/large/20220506175049459722_82.png
[HD]canal 12,https://t.freetv.fun/live/canal-12.m3u8,网络源,https://epg.pw/media/images/channel/2022/05/06/large/20220506175049459722_82.png
[BD]canale 21,https://t.freetv.fun/live/canale-21.m3u8,网络源,https://epg.pw/media/images/channel/2022/05/06/large/20220506175049459722_82.png
[BD]canal 26,https://t.freetv.fun/live/canal-26.m3u8,网络源,https://epg.pw/media/images/channel/2022/05/06/large/20220506174553884913_72.png
[VGA]canal 26,https://t.freetv.fun/live/canal-26-1.m3u8,网络源,https://epg.pw/media/images/channel/2022/05/06/large/20220506174553884913_72.png
[HD]canal motor (720p),https://t.freetv.fun/live/canal-motor-720p-1.m3u8,网络源,https://epg.pw/media/images/channel/2022/05/06/large/20220506174522009953_10.png
[HD]canal 8 (720p),https://t.freetv.fun/live/canal-8-720p-1.m3u8,网络源,https://epg.pw/media/images/channel/2022/05/06/large/20220506174522009953_10.png
[HD]canal 38,https://t.freetv.fun/live/canal-38.m3u8,网络源,https://epg.pw/media/images/channel/2022/05/06/large/20220506174522009953_10.png
[BD]canal 32,https://t.freetv.fun/live/canal-32-1.m3u8,网络源,https://epg.pw/media/images/channel/2022/05/06/large/20220506174522009953_10.png
[VGA]canal 17 rtvd,https://t.freetv.fun/live/canal-17-rtvd.m3u8,网络源,https://epg.pw/media/images/channel/2022/05/06/large/20220506174522009953_10.png
[BD]canal 3 pinamar,https://t.freetv.fun/live/canal-3-pinamar.m3u8,网络源,https://epg.pw/media/images/channel/2022/05/06/large/20220506174522009953_10.png
[BD]canal 3 tacural,https://t.freetv.fun/live/canal-3-tacural.m3u8,网络源,https://epg.pw/media/images/channel/2022/05/06/large/20220506174522009953_10.png
[HD]canal 4 posadas,https://t.freetv.fun/live/canal-4-posadas.m3u8,网络源,https://epg.pw/media/images/channel/2021/11/02/large/20211102205537119999_50.png
[BD]canal 4 teleaire,https://t.freetv.fun/live/canal-4-teleaire.m3u8,网络源,https://epg.pw/media/images/channel/2021/11/02/large/20211102205537119999_50.png
[HD]canal 8,https://t.freetv.fun/live/canal-8.m3u8,网络源,https://epg.pw/media/images/channel/2022/05/06/large/20220506174853139444_50.png
[HD]canal 6 posadas,https://t.freetv.fun/live/canal-6-posadas.m3u8,网络源,https://epg.pw/media/images/channel/2022/05/06/large/20220506174853139444_50.png
[VGA]canal 14 codazzi,https://t.freetv.fun/live/canal-14-codazzi.m3u8,网络源,https://epg.pw/media/images/channel/2022/05/06/large/20220506174853139444_50.png
[HD]canal isb,https://t.freetv.fun/live/canal-isb.m3u8,网络源,https://epg.pw/media/images/channel/2022/05/06/large/20220506174853139444_50.png
[BD]canal san roque,https://t.freetv.fun/live/canal-san-roque.m3u8,网络源,https://epg.pw/media/images/channel/2022/05/06/large/20220506174853139444_50.png
[HD]canal 56,https://t.freetv.fun/live/canal-56.m3u8,网络源,https://epg.pw/media/images/channel/2022/05/06/large/20220506174853139444_50.png
[BD]canal alpha jura,https://t.freetv.fun/live/canal-alpha-jura.m3u8,网络源,https://epg.pw/media/images/channel/2022/05/06/large/20220506174853139444_50.png
[SD]canal 79 puan,https://t.freetv.fun/live/canal-79-puan.m3u8,网络源,https://epg.pw/media/images/channel/2022/05/06/large/20220506174853139444_50.png
[HD]canal gov,https://t.freetv.fun/live/canal-gov.m3u8,网络源,https://epg.pw/media/images/channel/2022/05/06/large/20220506174853139444_50.png
[BD]canal terrassa,https://t.freetv.fun/live/canal-terrassa.m3u8,网络源,https://epg.pw/media/images/channel/2022/05/06/large/20220506174853139444_50.png
[HD]canal motor,https://t.freetv.fun/live/canal-motor-1.m3u8,网络源,https://epg.pw/media/images/channel/2022/05/06/large/20220506174853139444_50.png
[HD]canal málaga,https://t.freetv.fun/live/canal-malaga.m3u8,网络源,https://epg.pw/media/images/channel/2022/05/06/large/20220506174853139444_50.png
[BD]canal dtv,https://t.freetv.fun/live/canal-dtv.m3u8,网络源,https://epg.pw/media/images/channel/2021/10/16/large/20211016152129145817_55.png
[VGA]canal e,https://t.freetv.fun/live/canal-e-1.m3u8,网络源,https://epg.pw/media/images/channel/2021/10/16/large/20211016152150055294_79.png
[HD]ar parlamento,https://t.freetv.fun/live/ar-parlamento.m3u8,网络源,https://epg.pw/media/
[HD]canal rural,https://t.freetv.fun/live/canal-rural.m3u8,网络源,https://epg.pw/media/
[BD]trece,https://t.freetv.fun/live/trece.m3u8,网络源,https://epg.pw/media/uploads/tmp_logo/2015/07/30/20150730231804405793_22.png
[BD]eduvision (1080p),https://t.freetv.fun/live/eduvision-1080p.m3u8,网络源,https://epg.pw/media/images/channel/2022/05/06/large/20220506174048197950_43.png
[BD]eduvision,https://t.freetv.fun/live/eduvision.m3u8,网络源,https://epg.pw/media/images/channel/2022/05/06/large/20220506174048197950_43.png
[HD]canal multivision,https://t.freetv.fun/live/canal-multivision.m3u8,网络源,https://epg.pw/media/images/channel/2022/05/06/large/20220506174048197950_43.png
[BD]futbol,https://t.freetv.fun/live/futbol.m3u8,网络源,https://epg.pw/media/
[VGA]italia 2,https://t.freetv.fun/live/italia-2.m3u8,网络源,https://epg.pw/media/images/channel/2022/05/06/large/20220506174632453514_44.png
[VGA]canale 8,https://t.freetv.fun/live/canale-8.m3u8,网络源,https://epg.pw/media/images/channel/2022/05/06/large/20220506173902257431_55.png
[VGA]canale 8,https://t.freetv.fun/live/canale-8-1.m3u8,网络源,https://epg.pw/media/images/channel/2022/05/06/large/20220506173902257431_55.png
[HD]canale 7 (480p),https://t.freetv.fun/live/canale-7-480p-2.m3u8,网络源,https://epg.pw/media/images/channel/2022/05/06/large/20220506174259130222_15.png
[HD]canale 7 (480p),https://t.freetv.fun/live/canale-7-480p-1-1.m3u8,网络源,https://epg.pw/media/images/channel/2022/05/06/large/20220506174259130222_15.png
[HD]canale 7,https://t.freetv.fun/live/canale-7-1.m3u8,网络源,https://epg.pw/media/images/channel/2022/05/06/large/20220506174259130222_15.png
[VGA]canale 8 (480p),https://t.freetv.fun/live/canale-8-480p-2.m3u8,网络源,https://epg.pw/media/uploads/tmp_logo/2014/06/01/20140601215729709688_89.png
[VGA]canale 8 (480p),https://t.freetv.fun/live/canale-8-480p-1-1.m3u8,网络源,https://epg.pw/media/uploads/tmp_logo/2014/06/01/20140601215729709688_89.png
[VGA]campus tv,https://t.freetv.fun/live/campus-tv.m3u8,网络源,https://epg.pw/media/uploads/tmp_logo/2014/05/23/20140523220041863275_32.jpg
[HD]cartoon network,https://t.freetv.fun/live/cartoon-network.m3u8,网络源,https://epg.pw/media/images/channel/2025/01/28/large/20250128060650320978_43.jpg
[BD]cartoon network,https://t.freetv.fun/live/cartoon-network-1.m3u8,网络源,https://epg.pw/media/images/channel/2025/01/28/large/20250128060650320978_43.jpg
[HD]cartoon network,https://t.freetv.fun/live/cartoon-network-2.m3u8,网络源,https://epg.pw/media/images/channel/2025/01/28/large/20250128060650320978_43.jpg
[SD]cartoon network,https://t.freetv.fun/live/cartoon-network-3.m3u8,网络源,https://epg.pw/media/images/channel/2025/01/28/large/20250128060650320978_43.jpg
[HD]cartoonito,https://t.freetv.fun/live/cartoonito-1.m3u8,网络源,https://epg.pw/media/images/channel/2022/01/19/large/20220119215706220661_57.png
[HD]central tv,https://t.freetv.fun/live/central-tv.m3u8,网络源,https://epg.pw/media/uploads/tmp_logo/2014/06/13/20140613203316248595_93.png
[VGA]cetelmón tv,https://t.freetv.fun/live/cetelmon-tv.m3u8,网络源,https://epg.pw/media/images/channel/2022/01/19/large/20220119215721214198_65.png
[BD]arutz 10,https://t.freetv.fun/live/arutz-10.m3u8,网络源,https://epg.pw/media/
[HD]reshet 13,https://t.freetv.fun/live/reshet-13-1.m3u8,网络源,https://epg.pw/media/uploads/tmp_logo/2017/11/02/20171102113459482072_96.jpg
[BD]channel 5,https://t.freetv.fun/live/channel-5.m3u8,网络源,https://epg.pw/media/images/channel/2023/11/05/large/20231105214953871334_68.png
[BD]channel 5,https://t.freetv.fun/live/channel-5-1.m3u8,网络源,https://epg.pw/media/images/channel/2023/11/05/large/20231105214953871334_68.png
[BD]channel 5,https://t.freetv.fun/live/channel-5-2.m3u8,网络源,https://epg.pw/media/images/channel/2023/11/05/large/20231105214953871334_68.png
[BD]channel 5,https://t.freetv.fun/live/channel-5-3.m3u8,网络源,https://epg.pw/media/images/channel/2023/11/05/large/20231105214953871334_68.png
[BD]泰国-white channel[1920*1080],https://t.freetv.fun/live/tai-guo-white-channel-1920-1080.m3u8,网络源,https://epg.pw/media/images/channel/2023/09/22/large/20230922164216308037_71.png
[HD]希腊ionian channel,https://t.freetv.fun/live/xi-la-ionian-channel-1.m3u8,网络源,https://epg.pw/media/images/channel/2023/09/22/large/20230922164216308037_71.png
[BD]bso channel[1920*1080],https://t.freetv.fun/live/bso-channel-1920-1080-1.m3u8,网络源,https://epg.pw/media/images/channel/2023/09/22/large/20230922164216308037_71.png
[BD]channel 8,https://t.freetv.fun/live/channel-8-1.m3u8,网络源,https://epg.pw/media/images/channel/2023/09/22/large/20230922164216308037_71.png
[BD]channel 8,https://t.freetv.fun/live/channel-8-2.m3u8,网络源,https://epg.pw/media/images/channel/2023/09/22/large/20230922164216308037_71.png
[BD]channel 9,https://t.freetv.fun/live/channel-9.m3u8,网络源,https://epg.pw/media/images/channel/2021/05/04/large/20210504041103410366_26.png
[BD]one channel,https://t.freetv.fun/live/one-channel.m3u8,网络源,https://epg.pw/media/images/channel/2022/04/19/large/20220419003815815386_62.jpg
[HD]chandel tv,https://t.freetv.fun/live/chandel-tv.m3u8,网络源,https://epg.pw/media/images/channel/2022/02/10/large/20220210222742976801_49.png
[HD]ficom channel (720p),https://t.freetv.fun/live/ficom-channel-720p.m3u8,网络源,https://epg.pw/media/images/channel/2021/10/16/large/20211016152121888863_44.png
[HD]st europe channel (720p),https://t.freetv.fun/live/st-europe-channel-720p.m3u8,网络源,https://epg.pw/media/images/channel/2021/10/16/large/20211016152121888863_44.png
[BD]christian youth channel (cyc) (1080p),https://t.freetv.fun/live/christian-youth-channel-cyc-1080p-1.m3u8,网络源,https://epg.pw/media/images/channel/2022/05/06/large/20220506174038918186_33.png
[BD][美国]christian youth channel (cyc) (720p),https://t.freetv.fun/live/mei-guo-christian-youth-channel-cyc-720p-1.m3u8,网络源,https://epg.pw/media/images/channel/2022/05/06/large/20220506174038918186_33.png
[BD]christian youth channel,https://t.freetv.fun/live/christian-youth-channel.m3u8,网络源,https://epg.pw/media/images/channel/2022/05/06/large/20220506174038918186_33.png
[BD]christian youth channel,https://t.freetv.fun/live/christian-youth-channel-1.m3u8,网络源,https://epg.pw/media/images/channel/2022/05/06/large/20220506174038918186_33.png
[BD]can tv (720p),https://t.freetv.fun/live/can-tv-720p-1.m3u8,网络源,https://epg.pw/media/images/channel/2022/05/06/large/20220506175033520459_95.png
[VGA]can tv,https://t.freetv.fun/live/can-tv-1.m3u8,网络源,https://epg.pw/media/images/channel/2022/05/06/large/20220506175033520459_95.png
[VGA]classic cinema,https://t.freetv.fun/live/classic-cinema.m3u8,网络源,https://epg.pw/media/uploads/tmp_logo/2017/02/23/20170223014334664873_51.png
[SD]classic cinema (240p) [not 24/7],https://t.freetv.fun/live/classic-cinema-240p-not-24-7.m3u8,网络源,https://epg.pw/media/uploads/tmp_logo/2017/02/23/20170223014334664873_51.png
[SD]citytv,https://t.freetv.fun/live/citytv.m3u8,网络源,https://epg.pw/media/images/channel/2022/04/14/large/20220414154904496870_95.png
[VGA]tvs classic movies,https://t.freetv.fun/live/tvs-classic-movies.m3u8,网络源,https://epg.pw/media/uploads/tmp_logo/2014/05/19/20140519075921354843_41.png
[SD]tvs classic movies (288p),https://t.freetv.fun/live/tvs-classic-movies-288p.m3u8,网络源,https://epg.pw/media/uploads/tmp_logo/2014/05/19/20140519075921354843_41.png
[BD]coco tv,https://t.freetv.fun/live/coco-tv.m3u8,网络源,https://epg.pw/media/images/channel/2022/01/19/large/20220119220023717248_81.png
[BD]comedy central,https://t.freetv.fun/live/comedy-central.m3u8,网络源,https://epg.pw/media/uploads/tmp_logo/2015/08/21/20150821160657487535_90.jpg
[BD]comedy central,https://t.freetv.fun/live/comedy-central-1.m3u8,网络源,https://epg.pw/media/uploads/tmp_logo/2015/08/21/20150821160657487535_90.jpg
[BD]comedy central,https://t.freetv.fun/live/comedy-central-2.m3u8,网络源,https://epg.pw/media/uploads/tmp_logo/2015/08/21/20150821160657487535_90.jpg
[HD]ortb tv,https://t.freetv.fun/live/ortb-tv.m3u8,网络源,https://epg.pw/media/images/channel/2023/08/23/large/20230823111358729586_56.png
[BD]court tv,https://t.freetv.fun/live/court-tv.m3u8,网络源,https://epg.pw/media/images/channel/2023/08/23/large/20230823111358729586_56.png
[HD]cali tv (santiago de cali | valle del cauca) (540p) [not 24/7],https://t.freetv.fun/live/cali-tv-santiago-de-cali-valle-del-cauca-540p-not-24-7-1.m3u8,网络源,https://epg.pw/media/images/channel/2024/08/15/large/20240815083953207719_21.png
[HD]cali tv,https://t.freetv.fun/live/cali-tv.m3u8,网络源,https://epg.pw/media/images/channel/2024/08/15/large/20240815083953207719_21.png
[BD]dazn ringside,https://t.freetv.fun/live/dazn-ringside.m3u8,网络源,https://epg.pw/media/images/channel/2024/04/24/large/20240424024936868909_61.png
[BD]deejay tv,https://t.freetv.fun/live/deejay-tv.m3u8,网络源,https://epg.pw/media/uploads/tmp_logo/2014/08/27/20140827032242429447_24.jpg
[HD]dieu tv,https://t.freetv.fun/live/dieu-tv.m3u8,网络源,https://epg.pw/media/images/channel/2022/05/06/large/20220506173820438012_69.png
[VGA]Discovery Channel,https://t.freetv.fun/live/discovery-channel-1-1.m3u8,网络源,https://epg.pw/media/img/logo/1_197.jpg
[HD]ning tv,https://t.freetv.fun/live/ning-tv.m3u8,网络源,https://epg.pw/media/uploads/tmp_logo/2015/09/25/20150925155650329558_72.png
[SD]dmax,https://t.freetv.fun/live/dmax.m3u8,网络源,https://epg.pw/media/images/channel/2022/06/27/large/20220627220620803027_25.png
[BD]dstv,https://t.freetv.fun/live/dstv.m3u8,网络源,https://epg.pw/media/images/channel/2022/05/06/large/20220506174153925161_29.png
[HD]dunya news (uk feed) (720p) [not 24/7],https://t.freetv.fun/live/dunya-news-uk-feed-720p-not-24-7-1.m3u8,网络源,https://epg.pw/media/img/logo/DUNYA_NEWS.PNG
[HD]dunya news,https://t.freetv.fun/live/dunya-news.m3u8,网络源,https://epg.pw/media/img/logo/DUNYA_NEWS.PNG
[HD]3abn english,https://t.freetv.fun/live/3abn-english-1.m3u8,网络源,https://epg.pw/media/images/channel/2024/02/05/large/20240205014234637777_71.png
[BD]telesur english,https://t.freetv.fun/live/telesur-english.m3u8,网络源,https://epg.pw/media/images/channel/2024/02/05/large/20240205014234637777_71.png
[VGA]telesur english,https://t.freetv.fun/live/telesur-english-2.m3u8,网络源,https://epg.pw/media/images/channel/2024/02/05/large/20240205014234637777_71.png
[HD]das erste,https://t.freetv.fun/live/das-erste-1.m3u8,网络源,https://epg.pw/media/images/channel/2024/02/28/large/20240228003050819704_92.png
[BD]daystar tv,https://t.freetv.fun/live/daystar-tv.m3u8,网络源,https://epg.pw/media/images/channel/2022/05/27/large/20220527020642287859_78.png
[HD]ideaal tv,https://t.freetv.fun/live/ideaal-tv.m3u8,网络源,https://epg.pw/media/images/channel/2022/05/06/large/20220506174812899119_44.png
[HD]deluxe music winter time,https://t.freetv.fun/live/deluxe-music-winter-time.m3u8,网络源,https://epg.pw/media/uploads/tmp_logo/2014/06/13/20140613202258799759_56.png
[BD]diario tv,https://t.freetv.fun/live/diario-tv.m3u8,网络源,https://epg.pw/media/images/channel/2021/11/02/large/20211102205544091000_20.png
[BD]discovery channel,https://t.freetv.fun/live/discovery-channel.m3u8,网络源,https://epg.pw/media/uploads/tmp_logo/2015/08/21/20150821140212144035_97.png
[BD]discovery channel,https://t.freetv.fun/live/discovery-channel-1.m3u8,网络源,https://epg.pw/media/uploads/tmp_logo/2015/08/21/20150821140212144035_97.png
[HD]discovery channel,https://t.freetv.fun/live/discovery-channel-2.m3u8,网络源,https://epg.pw/media/uploads/tmp_logo/2015/08/21/20150821140212144035_97.png
[HD]discovery kids,https://t.freetv.fun/live/discovery-kids.m3u8,网络源,https://epg.pw/media/images/channel/2022/05/12/large/20220512210531766962_16.jpg
[BD]discovery,https://t.freetv.fun/live/discovery.m3u8,网络源,https://epg.pw/media/images/channel/2023/08/05/large/20230805000246427864_44.png
[HD]discovery id,https://t.freetv.fun/live/discovery-id.m3u8,网络源,https://epg.pw/media/images/channel/2023/08/05/large/20230805000246427864_44.png
[BD]disney channel,https://t.freetv.fun/live/disney-channel.m3u8,网络源,https://epg.pw/media/images/channel/2022/05/10/large/20220510162628655897_28.jpg
[BD]doma,https://t.freetv.fun/live/doma.m3u8,网络源,https://epg.pw/media/uploads/tmp_logo/2014/09/14/20140914035901192437_94.jpg
[SD]ducktv,https://t.freetv.fun/live/ducktv.m3u8,网络源,https://epg.pw/media/images/channel/2021/06/24/large/20210624004119858371_65.png
[HD]air tv,https://t.freetv.fun/live/air-tv-1.m3u8,网络源,https://epg.pw/media/images/channel/2022/05/06/large/20220506175032496990_91.png
[VGA]ebs 2,https://t.freetv.fun/live/ebs-2.m3u8,网络源,https://epg.pw/media/images/channel/2022/09/30/large/20220930173328314305_74.jpg
[VGA]ebse,https://t.freetv.fun/live/ebse.m3u8,网络源,https://epg.pw/media/images/channel/2022/12/24/large/20221224164727683631_93.jpeg
[VGA]ebs1,https://t.freetv.fun/live/ebs1.m3u8,网络源,https://epg.pw/media/images/channel/2022/09/30/large/20220930173234951785_34.jpg
[HD]eet tv,https://t.freetv.fun/live/eet-tv.m3u8,网络源,https://epg.pw/media/
[HD]eet tv,https://t.freetv.fun/live/eet-tv-1.m3u8,网络源,https://epg.pw/media/
[SD]eet tv (1080p) [not 24/7],https://t.freetv.fun/live/eet-tv-1080p-not-24-7-1.m3u8,网络源,https://epg.pw/media/
[VGA]eitb 2,https://t.freetv.fun/live/eitb-2.m3u8,网络源,https://epg.pw/media/images/channel/2015/10/31/large/20151031204733584528_65.jpg
[VGA]tele8 tv,https://t.freetv.fun/live/tele8-tv.m3u8,网络源,https://epg.pw/media/uploads/tmp_logo/2017/12/31/20171231171545521317_81.jpg
[HD]cctv4美洲,https://t.freetv.fun/live/cctv4mei-zhou.m3u8,网络源,https://epg.pw/media/images/channel/2025/01/25/large/20250125055335647139_92.png
[BD]delta tv,https://t.freetv.fun/live/delta-tv.m3u8,网络源,https://epg.pw/media/images/channel/2025/01/25/large/20250125055529748409_19.png
[VGA]delta tv,https://t.freetv.fun/live/delta-tv-2.m3u8,网络源,https://epg.pw/media/images/channel/2025/01/25/large/20250125055529748409_19.png
[HD]espn brasil 2,https://t.freetv.fun/live/espn-brasil-2.m3u8,网络源,https://epg.pw/media/images/channel/2020/11/14/large/20201114212523756889_54.png
[HD]espn,https://t.freetv.fun/live/espn.m3u8,网络源,https://epg.pw/media/images/channel/2014/11/25/large/20141125170114178278_47.jpg
[BD]etv,https://t.freetv.fun/live/etv.m3u8,网络源,https://epg.pw/media/images/channel/2022/05/06/large/20220506164603528342_17.png
[HD]etv ⓖ,https://t.freetv.fun/live/etv-g.m3u8,网络源,https://epg.pw/media/images/channel/2022/05/06/large/20220506164603528342_17.png
[BD]metv,https://t.freetv.fun/live/metv.m3u8,网络源,https://epg.pw/media/images/channel/2022/05/06/large/20220506164603528342_17.png
[BD]metv,https://t.freetv.fun/live/metv-1.m3u8,网络源,https://epg.pw/media/images/channel/2022/05/06/large/20220506164603528342_17.png
[HD]eagle news,https://t.freetv.fun/live/eagle-news.m3u8,网络源,https://epg.pw/media/uploads/tmp_logo/2016/08/12/20160812130456509365_46.png
[HD]el pingüino tv,https://t.freetv.fun/live/el-pinguino-tv-1.m3u8,网络源,https://epg.pw/media/uploads/tmp_logo/2017/06/25/20170625145526166324_78.jpg
[VGA]el pingüino tv,https://t.freetv.fun/live/el-pinguino-tv-2.m3u8,网络源,https://epg.pw/media/uploads/tmp_logo/2017/06/25/20170625145526166324_78.jpg
[HD]el sharq,https://t.freetv.fun/live/el-sharq.m3u8,网络源,https://epg.pw/media/uploads/tmp_logo/2015/07/01/20150701105049706385_94.jpg
[HD][埃及]elsharqtv,https://t.freetv.fun/live/ai-ji-elsharqtv.m3u8,网络源,https://epg.pw/media/images/channel/2022/05/06/large/20220506174507828797_28.png
[HD][埃及]elsharqtv(1080p),https://t.freetv.fun/live/ai-ji-elsharqtv-1080p.m3u8,网络源,https://epg.pw/media/images/channel/2022/05/06/large/20220506174507828797_28.png
[HD]elsharq tv,https://t.freetv.fun/live/elsharq-tv.m3u8,网络源,https://epg.pw/media/images/channel/2022/05/06/large/20220506174507828797_28.png
[BD]epic drama ukraine,https://t.freetv.fun/live/epic-drama-ukraine.m3u8,网络源,https://epg.pw/media/images/channel/2021/06/24/large/20210624003655329914_31.png
[HD]entella tv,https://t.freetv.fun/live/entella-tv.m3u8,网络源,https://epg.pw/media/images/channel/2024/04/04/large/20240404163520450680_81.png
[HD]entella tv,https://t.freetv.fun/live/entella-tv-1.m3u8,网络源,https://epg.pw/media/images/channel/2024/04/04/large/20240404163520450680_81.png
[HD]ewtn tv,https://t.freetv.fun/live/ewtn-tv.m3u8,网络源,https://epg.pw/media/uploads/tmp_logo/2016/02/01/20160201064922524939_57.png
[SD]euronews,https://t.freetv.fun/live/euronews.m3u8,网络源,https://epg.pw/media/uploads/tmp_logo/2015/02/20/20150220165831768637_33.jpg
[BD]euronews,https://t.freetv.fun/live/euronews-1.m3u8,网络源,https://epg.pw/media/uploads/tmp_logo/2015/02/20/20150220165831768637_33.jpg
[BD]euronews,https://t.freetv.fun/live/euronews-2.m3u8,网络源,https://epg.pw/media/uploads/tmp_logo/2015/02/20/20150220165831768637_33.jpg
[SD]euronews,https://t.freetv.fun/live/euronews-5.m3u8,网络源,https://epg.pw/media/images/channel/2022/04/18/large/20220418232530274489_44.png
[BD]euronews german,https://t.freetv.fun/live/euronews-german.m3u8,网络源,https://epg.pw/media/images/channel/2022/04/15/large/20220415222143362947_72.png
[BD]eurosport 2,https://t.freetv.fun/live/eurosport-2.m3u8,网络源,https://epg.pw/media/images/channel/2022/05/25/large/20220525022137116147_53.png
[BD]eurosport 2,https://t.freetv.fun/live/eurosport-2-1.php,网络源,https://epg.pw/media/images/channel/2022/05/25/large/20220525022137116147_53.png
[SD]extreme sports,https://t.freetv.fun/live/extreme-sports.m3u8,网络源,https://epg.pw/media/images/channel/2022/05/25/large/20220525022220569148_32.png
[HD]the fishing and hunting,https://t.freetv.fun/live/the-fishing-and-hunting.m3u8,网络源,https://epg.pw/media/images/channel/2022/02/10/large/20220210222052971725_56.png
[BD]fox sports,https://t.freetv.fun/live/fox-sports-1-1.m3u8,网络源,https://epg.pw/media/images/channel/2024/03/14/large/20240314005216219785_15.png
[BD]fox sports 2,https://t.freetv.fun/live/fox-sports-2.ts,网络源,https://epg.pw/media/images/channel/2023/07/20/large/20230720210021959688_47.png
[BD]ftv,https://t.freetv.fun/live/ftv.m3u8,网络源,https://epg.pw/media/uploads/tmp_logo/2014/09/19/20140919034234983587_72.jpg
[HD]fx tv,https://t.freetv.fun/live/fx-tv.m3u8,网络源,https://epg.pw/media/images/channel/2020/02/29/large/20200229001608560661_60.png
[SD]fnx [geo-blocked],https://t.freetv.fun/live/fnx-geo-blocked.m3u8,网络源,https://epg.pw/media/images/channel/2020/02/29/large/20200229001608560661_60.png
[HD]fashion tv,https://t.freetv.fun/live/fashion-tv.m3u8,网络源,https://epg.pw/media/images/channel/2022/04/25/large/20220425141945869569_85.jpg
[BD]fashion tv,https://t.freetv.fun/live/fashion-tv-1.m3u8,网络源,https://epg.pw/media/images/channel/2022/04/25/large/20220425141945869569_85.jpg
[HD]fashion tv,https://t.freetv.fun/live/fashion-tv-2.m3u8,网络源,https://epg.pw/media/images/channel/2022/04/25/large/20220425141945869569_85.jpg
[BD]world fashion channel en,https://t.freetv.fun/live/world-fashion-channel-en.m3u8,网络源,https://epg.pw/media/images/channel/2020/03/03/large/20200303232008412011_84.png
[SD]fast funbox,https://t.freetv.fun/live/fast-funbox.m3u8,网络源,https://epg.pw/media/uploads/tmp_logo/2014/05/19/20140519011009554067_49.png
[HD]fenerbahçe tv,https://t.freetv.fun/live/fenerbahce-tv-1.m3u8,网络源,https://epg.pw/media/
[VGA][罗马尼亚]lightchannel[854*480][854*480],https://t.freetv.fun/live/luo-ma-ni-ya-lightchannel-854-480-854-480-2.m3u8,网络源,https://epg.pw/media/images/channel/2019/09/07/large/20190907140148323115_96.png
[BD]channel fight,https://t.freetv.fun/live/channel-fight.m3u8,网络源,https://epg.pw/media/images/channel/2019/09/07/large/20190907140148323115_96.png
[BD]sports first,https://t.freetv.fun/live/sports-first.m3u8,网络源,https://epg.pw/media/images/channel/2017/07/29/large/20170729150636104384_95.jpg
[HD]premiere 5,https://t.freetv.fun/live/premiere-5.m3u8,网络源,https://epg.pw/media/
[HD]premiere 6,https://t.freetv.fun/live/premiere-6.m3u8,网络源,https://epg.pw/media/
[SD]filmbox arthouse,https://t.freetv.fun/live/filmbox-arthouse.m3u8,网络源,https://epg.pw/media/
[BD]first music,https://t.freetv.fun/live/first-music.m3u8,网络源,https://epg.pw/media/images/channel/2022/05/06/large/20220506174903138662_14.png
[SD]food network,https://t.freetv.fun/live/food-network.m3u8,网络源,https://epg.pw/media/images/channel/2022/08/27/large/20220827225917116348_71.png
[HD]food network,https://t.freetv.fun/live/food-network-1.m3u8,网络源,https://epg.pw/media/images/channel/2022/08/27/large/20220827225917116348_71.png
[HD]food network,https://t.freetv.fun/live/food-network-2.m3u8,网络源,https://epg.pw/media/images/channel/2022/08/27/large/20220827225917116348_71.png
[VGA]football,https://t.freetv.fun/live/football.m3u8,网络源,https://epg.pw/media/images/channel/2020/11/14/large/20201114203553929017_16.png
[BD]gfn football,https://t.freetv.fun/live/gfn-football.m3u8,网络源,https://epg.pw/media/images/channel/2020/11/14/large/20201114203553929017_16.png
[BD]formula,https://t.freetv.fun/live/formula.m3u8,网络源,https://epg.pw/media/images/channel/2020/04/23/large/20200423204734305666_79.png
[HD]fortuna tv,https://t.freetv.fun/live/fortuna-tv-1.m3u8,网络源,https://epg.pw/media/images/channel/2020/04/23/large/20200423204734305666_79.png
[VGA]fox kids,https://t.freetv.fun/live/fox-kids.m3u8,网络源,https://epg.pw/media/images/channel/2021/10/26/large/20211026185403399854_34.png
[BD]fox life,https://t.freetv.fun/live/fox-life.php,网络源,https://epg.pw/media/uploads/tmp_logo/2015/08/21/20150821144949279292_25.png
[HD]fox news,https://t.freetv.fun/live/fox-news.m3u8,网络源,https://epg.pw/media/images/channel/2022/05/17/large/20220517053232753908_86.png
[VGA]fox news channel,https://t.freetv.fun/live/fox-news-channel-1.m3u8,网络源,https://epg.pw/media/img/logo/1_208.jpg
[HD]fox news channel,https://t.freetv.fun/live/fox-news-channel-1-1.m3u8,网络源,https://epg.pw/media/img/logo/1_208.jpg
[BD]fox sports 1,https://t.freetv.fun/live/fox-sports-1.ts,网络源,https://epg.pw/media/images/channel/2019/05/05/large/20190505202745477845_94.jpg
[BD]action hollywood movies,https://t.freetv.fun/live/action-hollywood-movies.m3u8,网络源,https://epg.pw/media/images/channel/2024/04/17/large/20240417173126365437_36.jpg
[VGA]city of oakland,https://t.freetv.fun/live/city-of-oakland-1.m3u8,网络源,https://epg.pw/media/images/channel/2024/04/17/large/20240417173126365437_36.jpg
[HD]citynews,https://t.freetv.fun/live/citynews.m3u8,网络源,https://epg.pw/media/images/channel/2024/04/17/large/20240417173126365437_36.jpg
[BD]palestine satellite channel,https://t.freetv.fun/live/palestine-satellite-channel-1.m3u8,网络源,https://epg.pw/media/images/channel/2024/04/17/large/20240417173126365437_36.jpg
[BD]oun,https://t.freetv.fun/live/oun-1.m3u8,网络源,https://epg.pw/media/images/channel/2024/04/17/large/20240417173126365437_36.jpg
[BD]mqtv,https://t.freetv.fun/live/mqtv-3.m3u8,网络源,https://epg.pw/media/images/channel/2024/04/17/large/20240417173126365437_36.jpg
[VGA]tvcom maceió,https://t.freetv.fun/live/tvcom-maceio-2.m3u8,网络源,https://epg.pw/media/images/channel/2024/04/17/large/20240417173126365437_36.jpg
[VGA]kalaignar murasu,https://t.freetv.fun/live/kalaignar-murasu.m3u8,网络源,https://epg.pw/media/images/channel/2024/04/17/large/20240417173126365437_36.jpg
[HD]boktv,https://t.freetv.fun/live/boktv-2.m3u8,网络源,https://epg.pw/media/images/channel/2024/04/17/large/20240417173126365437_36.jpg
[BD]of-tv offenbach,https://t.freetv.fun/live/of-tv-offenbach-2.m3u8,网络源,https://epg.pw/media/images/channel/2024/04/17/large/20240417173126365437_36.jpg
[BD]master tv,https://t.freetv.fun/live/master-tv-1.m3u8,网络源,https://epg.pw/media/images/channel/2024/04/17/large/20240417173126365437_36.jpg
[HD]vive tv colombia,https://t.freetv.fun/live/vive-tv-colombia-2.m3u8,网络源,https://epg.pw/media/images/channel/2024/04/17/large/20240417173126365437_36.jpg
[HD]atacama tv,https://t.freetv.fun/live/atacama-tv-1.m3u8,网络源,https://epg.pw/media/images/channel/2024/04/17/large/20240417173126365437_36.jpg
[SD]五號特工組,https://t.freetv.fun/live/wu-hao-te-gong-zu.m3u8,网络源,https://epg.pw/media/images/channel/2024/04/17/large/20240417173126365437_36.jpg
[BD]more than sports tv,https://t.freetv.fun/live/more-than-sports-tv-1.m3u8,网络源,https://epg.pw/media/images/channel/2024/04/17/large/20240417173126365437_36.jpg
[VGA]twenty four news,https://t.freetv.fun/live/twenty-four-news-1.m3u8,网络源,https://epg.pw/media/images/channel/2024/04/17/large/20240417173126365437_36.jpg
[HD]living faith tv,https://t.freetv.fun/live/living-faith-tv-1.m3u8,网络源,https://epg.pw/media/images/channel/2024/04/17/large/20240417173126365437_36.jpg
[BD]imam hussein tv 2 arabic,https://t.freetv.fun/live/imam-hussein-tv-2-arabic.m3u8,网络源,https://epg.pw/media/images/channel/2024/04/17/large/20240417173126365437_36.jpg
[VGA]village of hastings-on-hudson ny,https://t.freetv.fun/live/village-of-hastings-on-hudson-ny-2.m3u8,网络源,https://epg.pw/media/images/channel/2024/04/17/large/20240417173126365437_36.jpg
[VGA]atn news,https://t.freetv.fun/live/atn-news-1-1.m3u8,网络源,https://epg.pw/media/images/channel/2024/04/17/large/20240417173126365437_36.jpg
[HD]fox weather,https://t.freetv.fun/live/fox-weather-1.m3u8,网络源,https://epg.pw/media/images/channel/2022/03/18/large/20220318085622677897_24.png
[BD]france 24 español,https://t.freetv.fun/live/france-24-espanol.m3u8,网络源,https://epg.pw/media/uploads/tmp_logo/2015/08/21/20150821104841185612_92.png
[BD]france 24 français,https://t.freetv.fun/live/france-24-francais.m3u8,网络源,https://epg.pw/media/uploads/tmp_logo/2015/08/21/20150821104841185612_92.png
[BD]france 24 english,https://t.freetv.fun/live/france-24-english.m3u8,网络源,https://epg.pw/media/images/channel/2022/05/06/large/20220506164742433382_52.png
[HD]france 5,https://t.freetv.fun/live/france-5.m3u8,网络源,https://epg.pw/media/uploads/tmp_logo/2015/08/21/20150821110119954511_52.jpg
[SD]freedom,https://t.freetv.fun/live/freedom-1.m3u8,网络源,https://epg.pw/media/uploads/tmp_logo/2017/08/09/20170809054534300734_65.jpg
[BD]future lbn,https://t.freetv.fun/live/future-lbn.m3u8,网络源,https://epg.pw/media/uploads/tmp_logo/2015/08/21/20150821084437951735_39.jpg
[VGA]future tv,https://t.freetv.fun/live/future-tv.m3u8,网络源,https://epg.pw/media/uploads/tmp_logo/2015/08/21/20150821084437951735_39.jpg
[VGA]iraq future,https://t.freetv.fun/live/iraq-future.m3u8,网络源,https://epg.pw/media/uploads/tmp_logo/2015/08/21/20150821084437951735_39.jpg
[HD]usa,https://t.freetv.fun/live/usa.ts,网络源,https://epg.pw/media/uploads/tmp_logo/2015/06/19/20150619231551947730_29.jpg
[SD]usa,https://t.freetv.fun/live/usa-1.m3u8,网络源,https://epg.pw/media/uploads/tmp_logo/2015/06/19/20150619231551947730_29.jpg
[VGA]geo kahani (360p),https://t.freetv.fun/live/geo-kahani-360p.m3u8,网络源,https://epg.pw/media/uploads/tmp_logo/2015/09/28/20150928064508597465_26.png
[VGA]global tv,https://t.freetv.fun/live/global-tv.m3u8,网络源,https://epg.pw/media/images/channel/2022/05/27/large/20220527005653870303_72.png
[HD]global tv,https://t.freetv.fun/live/global-tv-1.m3u8,网络源,https://epg.pw/media/images/channel/2022/05/27/large/20220527005653870303_72.png
[HD]global tv,https://t.freetv.fun/live/global-tv-2.m3u8,网络源,https://epg.pw/media/images/channel/2022/05/27/large/20220527005653870303_72.png
[BD]bfm grand lille,https://t.freetv.fun/live/bfm-grand-lille.m3u8,网络源,https://epg.pw/media/uploads/tmp_logo/2014/09/02/20140902043153389194_79.jpg
[BD]bfm grand lille,https://t.freetv.fun/live/bfm-grand-lille-1.m3u8,网络源,https://epg.pw/media/uploads/tmp_logo/2014/09/02/20140902043153389194_79.jpg
[HD]gs shop,https://t.freetv.fun/live/gs-shop-1.m3u8,网络源,https://epg.pw/media/images/channel/2022/12/24/large/20221224164616877855_38.jpeg
[SD]gs shop (1080p),https://t.freetv.fun/live/gs-shop-1080p.m3u8,网络源,https://epg.pw/media/images/channel/2022/12/20/large/20221220152740511900_68.jpg
[HD]ugtv,https://t.freetv.fun/live/ugtv.m3u8,网络源,https://epg.pw/media/uploads/tmp_logo/2015/10/19/20151019150514143371_66.jpg
[VGA]ibn tv africa (720p),https://t.freetv.fun/live/ibn-tv-africa-720p.m3u8,网络源,https://epg.pw/media/
[SD]galaxy,https://t.freetv.fun/live/galaxy.m3u8,网络源,https://epg.pw/media/images/channel/2023/07/19/large/20230719190955307327_19.png
[HD]tvg galicia eu,https://t.freetv.fun/live/tvg-galicia-eu.m3u8,网络源,https://epg.pw/media/uploads/tmp_logo/2014/05/30/20140530194512880766_62.png
[VGA]tv galicia,https://t.freetv.fun/live/tv-galicia.m3u8,网络源,https://epg.pw/media/uploads/tmp_logo/2014/05/30/20140530194512880766_62.png
[HD]global news,https://t.freetv.fun/live/global-news-1.m3u8,网络源,https://epg.pw/media/images/channel/2022/05/06/large/20220506173852898976_67.png
[HD]haber global,https://t.freetv.fun/live/haber-global-1.m3u8,网络源,https://epg.pw/media/images/channel/2022/05/06/large/20220506173852898976_67.png
[HD]globo news,https://t.freetv.fun/live/globo-news.m3u8,网络源,https://epg.pw/media/images/channel/2024/04/22/large/20240422035430526505_15.png
[HD]global news,https://t.freetv.fun/live/global-news-1-1.m3u8,网络源,https://epg.pw/media/images/channel/2024/04/22/large/20240422035430526505_15.png
[HD]mytime movie network mexico,https://t.freetv.fun/live/mytime-movie-network-mexico-1.m3u8,网络源,https://epg.pw/media/images/channel/2020/06/12/large/20200612211423017235_89.png
[HD]good idea tv (720p) [not 24/7],https://t.freetv.fun/live/good-idea-tv-720p-not-24-7.m3u8,网络源,https://epg.pw/media/images/channel/2022/12/24/large/20221224182510955186_74.jpeg
[HD]good idea tv,https://t.freetv.fun/live/good-idea-tv.m3u8,网络源,https://epg.pw/media/images/channel/2022/12/24/large/20221224182510955186_74.jpeg
[HD]feel good tv,https://t.freetv.fun/live/feel-good-tv.m3u8,网络源,https://epg.pw/media/images/channel/2022/12/24/large/20221224182510955186_74.jpeg
[VGA]goodtv,https://t.freetv.fun/live/goodtv.m3u8,网络源,https://epg.pw/media/images/channel/2022/12/24/large/20221224182510955186_74.jpeg
[BD]uma tv,https://t.freetv.fun/live/uma-tv.m3u8,网络源,https://epg.pw/media/images/channel/2021/12/12/large/20211212021050569119_37.png
[BD]h1,https://t.freetv.fun/live/h1.m3u8,网络源,https://epg.pw/media/images/channel/2022/05/06/large/20220506174636823772_47.png
[VGA]hbo 2,https://t.freetv.fun/live/hbo-2-2.m3u8,网络源,https://epg.pw/media/images/channel/2016/06/18/large/20160618150034715461_79.jpg
[BD]cbn family,https://t.freetv.fun/live/cbn-family.m3u8,网络源,https://epg.pw/media/images/channel/2026/03/23/large/20260323012859080388_91.jpg
[BD]hbo zone,https://t.freetv.fun/live/hbo-zone.m3u8,网络源,https://epg.pw/media/images/channel/2024/04/11/large/20240411180058847905_35.png
[BD]hbo,https://t.freetv.fun/live/hbo.m3u8,网络源,https://epg.pw/media/images/channel/2024/06/10/large/20240610185422140004_63.png
[HD]hbo,https://t.freetv.fun/live/hbo-1.ts,网络源,https://epg.pw/media/images/channel/2024/06/10/large/20240610185422140004_63.png
[BD]hbo2,https://t.freetv.fun/live/hbo2.m3u8,网络源,https://epg.pw/media/images/channel/2015/10/21/large/20151021120721309481_57.jpg
[SD]hgtv,https://t.freetv.fun/live/hgtv.m3u8,网络源,https://epg.pw/media/images/channel/2017/08/20/large/20170820230629325523_98.png
[BD]punktum fernsehen,https://t.freetv.fun/live/punktum-fernsehen.m3u8,网络源,https://epg.pw/media/uploads/tmp_logo/2014/06/13/20140613201750103685_33.png
[HD]saarland fernsehen 2,https://t.freetv.fun/live/saarland-fernsehen-2.m3u8,网络源,https://epg.pw/media/uploads/tmp_logo/2014/06/13/20140613201750103685_33.png
[BD]dresden fernsehen,https://t.freetv.fun/live/dresden-fernsehen.m3u8,网络源,https://epg.pw/media/uploads/tmp_logo/2014/06/13/20140613201750103685_33.png
[SD]rtv hb,https://t.freetv.fun/live/rtv-hb.m3u8,网络源,https://epg.pw/media/images/channel/2022/05/06/large/20220506174129325492_73.png
[BD]htv thể thao,https://t.freetv.fun/live/htv-the-thao.m3u8,网络源,https://epg.pw/media/images/channel/2022/05/06/large/20220506164656441367_25.png
[SD]vouli,https://t.freetv.fun/live/vouli.m3u8,网络源,https://epg.pw/media/
[HD]hallo movies,https://t.freetv.fun/live/hallo-movies.m3u8,网络源,https://epg.pw/media/images/channel/2023/10/10/large/20231010183832198739_23.png
[VGA]shalom tv,https://t.freetv.fun/live/shalom-tv.m3u8,网络源,https://epg.pw/media/images/channel/2022/05/06/large/20220506174701559053_21.png
[HD]shalom tv,https://t.freetv.fun/live/shalom-tv-1.m3u8,网络源,https://epg.pw/media/images/channel/2022/05/06/large/20220506174701559053_21.png
[BD]noa 4 hamburg,https://t.freetv.fun/live/noa-4-hamburg.m3u8,网络源,https://epg.pw/media/images/channel/2022/05/06/large/20220506174159147164_26.png
[BD]life tv,https://t.freetv.fun/live/life-tv-1.m3u8,网络源,https://epg.pw/media/images/channel/2022/05/06/large/20220506174200364717_15.png
[HD]ava series,https://t.freetv.fun/live/ava-series.m3u8,网络源,https://epg.pw/media/uploads/tmp_logo/2015/07/20/20150720032812390388_82.jpg
[BD]hi-yah!,https://t.freetv.fun/live/hi-yah.m3u8,网络源,https://epg.pw/media/images/channel/2024/10/19/large/20241019182600245171_70.png
[BD]hi-yah! (1080p),https://t.freetv.fun/live/hi-yah-1080p.m3u8,网络源,https://epg.pw/media/images/channel/2024/10/19/large/20241019182600245171_70.png
[VGA]hiru tv,https://t.freetv.fun/live/hiru-tv.m3u8,网络源,https://epg.pw/media/
[HD]true history (720p),https://t.freetv.fun/live/true-history-720p-1.m3u8,网络源,https://epg.pw/media/images/channel/2017/03/05/large/20170305001849546787_30.jpg
[HD]storychannel tv,https://t.freetv.fun/live/storychannel-tv.m3u8,网络源,https://epg.pw/media/uploads/tmp_logo/2015/08/21/20150821140116021644_94.png
[VGA]storychannel tv (720p),https://t.freetv.fun/live/storychannel-tv-720p.m3u8,网络源,https://epg.pw/media/uploads/tmp_logo/2015/08/21/20150821140116021644_94.png
[BD]history,https://t.freetv.fun/live/history.m3u8,网络源,https://epg.pw/media/images/channel/2022/05/23/large/20220523014634644875_63.jpg
[BD]history hunters,https://t.freetv.fun/live/history-hunters.m3u8,网络源,https://epg.pw/media/images/channel/2022/05/23/large/20220523014634644875_63.jpg
[SD]history,https://t.freetv.fun/live/history-1.m3u8,网络源,https://epg.pw/media/images/channel/2022/05/23/large/20220523014634644875_63.jpg
[HD]history 1,https://t.freetv.fun/live/history-1-1.m3u8,网络源,https://epg.pw/media/images/channel/2022/05/23/large/20220523014634644875_63.jpg
[HD]true history,https://t.freetv.fun/live/true-history-1.m3u8,网络源,https://epg.pw/media/images/channel/2022/05/23/large/20220523014634644875_63.jpg
[BD]xite hits,https://t.freetv.fun/live/xite-hits-1.m3u8,网络源,https://epg.pw/media/images/channel/2024/06/11/large/20240611010918611570_10.jpg
[HD]hollywire (720p),https://t.freetv.fun/live/hollywire-720p-1.m3u8,网络源,https://epg.pw/media/images/channel/2022/03/18/large/20220318090416418842_22.png
[HD]hollywire,https://t.freetv.fun/live/hollywire-1.m3u8,网络源,https://epg.pw/media/images/channel/2022/03/18/large/20220318090416418842_22.png
[BD]young hollywood,https://t.freetv.fun/live/young-hollywood.m3u8,网络源,https://epg.pw/media/images/channel/2023/03/05/large/20230305234858603161_67.png
[HD]horse and country,https://t.freetv.fun/live/horse-and-country-1.m3u8,网络源,https://epg.pw/media/uploads/tmp_logo/2015/04/19/20150419153713628730_64.jpg
[HD]hosanna vision,https://t.freetv.fun/live/hosanna-vision.m3u8,网络源,https://epg.pw/media/images/channel/2022/05/06/large/20220506173813571454_94.png
[BD]ictv,https://t.freetv.fun/live/ictv.m3u8,网络源,https://epg.pw/media/images/channel/2022/11/24/large/20221124234759643697_22.png
[BD]ictv,https://t.freetv.fun/live/ictv-1.m3u8,网络源,https://epg.pw/media/images/channel/2022/11/24/large/20221124234759643697_22.png
[HD]IIPC TV,https://t.freetv.fun/live/iipc-tv.m3u8,网络源,https://epg.pw/media/images/channel/2022/05/06/large/20220506174024167905_38.png
[HD]iipc tv,https://t.freetv.fun/live/iipc-tv-1.m3u8,网络源,https://epg.pw/media/images/channel/2022/05/06/large/20220506174024167905_38.png
[BD]iipc tv,https://t.freetv.fun/live/iipc-tv-1-1.m3u8,网络源,https://epg.pw/media/images/channel/2022/05/06/large/20220506174024167905_38.png
[VGA]iipc tv (480p) [geo-blocked],https://t.freetv.fun/live/iipc-tv-480p-geo-blocked.m3u8,网络源,https://epg.pw/media/uploads/tmp_logo/2015/01/09/20150109160911679587_33.jpg
[BD]imam hussein tv 1,https://t.freetv.fun/live/imam-hussein-tv-1.m3u8,网络源,https://epg.pw/media/
[BD]imam hussein tv 4,https://t.freetv.fun/live/imam-hussein-tv-4.m3u8,网络源,https://epg.pw/media/
[VGA]imam hussein tv 2,https://t.freetv.fun/live/imam-hussein-tv-2-1.m3u8,网络源,https://epg.pw/media/
[BD]imam hussein tv 4,https://t.freetv.fun/live/imam-hussein-tv-4-1.m3u8,网络源,https://epg.pw/media/
[HD]tin tv,https://t.freetv.fun/live/tin-tv.m3u8,网络源,https://epg.pw/media/images/channel/2022/05/06/large/20220506174656380862_19.png
[HD]ibn tv,https://t.freetv.fun/live/ibn-tv.m3u8,网络源,https://epg.pw/media/images/channel/2022/05/06/large/20220506174656380862_19.png
[HD]tin tv,https://t.freetv.fun/live/tin-tv-1.m3u8,网络源,https://epg.pw/media/images/channel/2022/05/06/large/20220506174656380862_19.png
[BD]insighttv,https://t.freetv.fun/live/insighttv.m3u8,网络源,https://epg.pw/media/images/channel/2024/08/16/large/20240816032119028184_96.png
[BD]wion,https://t.freetv.fun/live/wion.m3u8,网络源,https://epg.pw/media/uploads/tmp_logo/2015/04/04/20150404015929608784_86.jpg
[BD]omid,https://t.freetv.fun/live/omid.m3u8,网络源,https://epg.pw/media/images/channel/2021/10/16/large/20211016152151748445_89.png
[BD]istv,https://t.freetv.fun/live/istv.m3u8,网络源,https://epg.pw/media/images/channel/2023/07/19/large/20230719183008642095_72.png
[BD]istv,https://t.freetv.fun/live/istv-1.m3u8,网络源,https://epg.pw/media/images/channel/2023/07/19/large/20230719183008642095_72.png
[VGA]itv,https://t.freetv.fun/live/itv-1.m3u8,网络源,https://epg.pw/media/images/channel/2017/05/21/large/20170521223910040532_53.jpg
[SD]itv1,https://t.freetv.fun/live/itv1.m3u8,网络源,https://epg.pw/media/uploads/tmp_logo/2015/08/21/20150821125256316413_29.jpg
[BD]itv 4,https://t.freetv.fun/live/itv-4.m3u8,网络源,https://epg.pw/media/images/channel/2020/03/01/large/20200301202658183535_73.png
[HD]itv patagonia,https://t.freetv.fun/live/itv-patagonia.m3u8,网络源,https://epg.pw/media/images/channel/2022/05/06/large/20220506174452911770_68.png
[SD]itv2,https://t.freetv.fun/live/itv2.m3u8,网络源,https://epg.pw/media/images/channel/2023/10/10/large/20231010182927183581_38.jpg
[SD]itv3,https://t.freetv.fun/live/itv3.m3u8,网络源,https://epg.pw/media/uploads/tmp_logo/2017/02/20/20170220232610058890_16.jpg
[SD]itv4,https://t.freetv.fun/live/itv4.m3u8,网络源,https://epg.pw/media/images/channel/2020/03/01/large/20200301200220305550_11.png
[HD]vc online,https://t.freetv.fun/live/vc-online.m3u8,网络源,https://epg.pw/media/
[BD]cindie tv,https://t.freetv.fun/live/cindie-tv.m3u8,网络源,https://epg.pw/media/images/channel/2022/05/06/large/20220506163757283506_37.png
[HD]ionian channel,https://t.freetv.fun/live/ionian-channel.m3u8,网络源,https://epg.pw/media/images/channel/2022/05/06/large/20220506174840723263_73.png
[VGA]isfahan,https://t.freetv.fun/live/isfahan.m3u8,网络源,https://epg.pw/media/
[HD]ert sports 1,https://t.freetv.fun/live/ert-sports-1.2ts,网络源,https://epg.pw/media/images/channel/2022/05/14/large/20220514165726980841_51.jpg
[HD]ert sports 3,https://t.freetv.fun/live/ert-sports-3.2ts,网络源,https://epg.pw/media/images/channel/2022/05/13/large/20220513162738908092_15.jpg
[HD]ert sports 4,https://t.freetv.fun/live/ert-sports-4.2ts,网络源,https://epg.pw/media/images/channel/2022/05/13/large/20220513162616728241_88.jpg
[HD]jaya tv (360p) [geo-blocked],https://t.freetv.fun/live/jaya-tv-360p-geo-blocked.m3u8,网络源,https://epg.pw/media/img/logo/JAYA_tv.PNG
[VGA]jtv tv,https://t.freetv.fun/live/jtv-tv.m3u8,网络源,https://epg.pw/media/img/logo/1_102.jpg
[HD]jitv,https://t.freetv.fun/live/jitv.m3u8,网络源,https://epg.pw/media/img/logo/1_102.jpg
[HD]dim tv,https://t.freetv.fun/live/dim-tv.m3u8,网络源,https://epg.pw/media/images/channel/2021/11/13/large/20211113231038323218_89.png
[HD]1 plus 1 марафон,https://t.freetv.fun/live/1-plus-1-marafon-1.m3u8,网络源,https://epg.pw/media/img/logo/K1_1.png
[BD]1 plus 1 марафон,https://t.freetv.fun/live/1-plus-1-marafon-2.m3u8,网络源,https://epg.pw/media/img/logo/K1_1.png
[BD]1 plus 1 марафон,https://t.freetv.fun/live/1-plus-1-marafon-3.m3u8,网络源,https://epg.pw/media/img/logo/K1_1.png
[BD]anal,https://t.freetv.fun/live/anal.m3u8,网络源,https://epg.pw/media/uploads/tmp_logo/2015/08/21/20150821154544493037_43.jpg
[HD]kctv,https://t.freetv.fun/live/kctv.m3u8,网络源,https://epg.pw/media/images/channel/2022/12/20/large/20221220162448157210_12.jpg
[HD]ert kids,https://t.freetv.fun/live/ert-kids-1.2ts,网络源,https://epg.pw/media/uploads/tmp_logo/2017/11/05/20171105153412849440_29.jpg
[HD]xtrema kids tv,https://t.freetv.fun/live/xtrema-kids-tv.m3u8,网络源,https://epg.pw/media/uploads/tmp_logo/2017/11/05/20171105153412849440_29.jpg
[VGA]extrema kids tv,https://t.freetv.fun/live/extrema-kids-tv.m3u8,网络源,https://epg.pw/media/uploads/tmp_logo/2017/11/05/20171105153412849440_29.jpg
[BD]ktv 1,https://t.freetv.fun/live/ktv-1.m3u8,网络源,https://epg.pw/media/images/channel/2022/05/06/large/20220506174430182357_32.png
[BD]kohavision,https://t.freetv.fun/live/kohavision-1.m3u8,网络源,https://epg.pw/media/
[BD]kuriakos tv,https://t.freetv.fun/live/kuriakos-tv-1.m3u8,网络源,https://epg.pw/media/uploads/tmp_logo/2014/09/12/20140912070016984213_26.jpg
[BD]kabel eins,https://t.freetv.fun/live/kabel-eins.m3u8,网络源,https://epg.pw/media/images/channel/2017/07/17/large/20170717225712204039_95.png
[HD]kanal 23,https://t.freetv.fun/live/kanal-23.m3u8,网络源,https://epg.pw/media/images/channel/2022/05/25/large/20220525022131258156_36.png
[VGA]24 kanal,https://t.freetv.fun/live/24-kanal-1.m3u8,网络源,https://epg.pw/media/images/channel/2022/05/25/large/20220525022131258156_36.png
[SD]kanal d,https://t.freetv.fun/live/kanal-d.m3u8,网络源,https://epg.pw/media/images/channel/2022/05/06/large/20220506175021665970_15.png
[HD]kanal v antalya,https://t.freetv.fun/live/kanal-v-antalya.m3u8,网络源,https://epg.pw/media/images/channel/2022/05/06/large/20220506175021665970_15.png
[BD]kanal 23 elaziğ,https://t.freetv.fun/live/kanal-23-elazig.m3u8,网络源,https://epg.pw/media/images/channel/2022/05/06/large/20220506175021665970_15.png
[VGA]kanal v,https://t.freetv.fun/live/kanal-v.m3u8,网络源,https://epg.pw/media/images/channel/2022/05/06/large/20220506175021665970_15.png
[HD]kanal 58,https://t.freetv.fun/live/kanal-58.m3u8,网络源,https://epg.pw/media/images/channel/2022/05/06/large/20220506175021665970_15.png
[HD]kanal 15 burdur,https://t.freetv.fun/live/kanal-15-burdur.m3u8,网络源,https://epg.pw/media/images/channel/2022/05/06/large/20220506175021665970_15.png
[VGA]kanal 58 sivas,https://t.freetv.fun/live/kanal-58-sivas.m3u8,网络源,https://epg.pw/media/images/channel/2022/05/06/large/20220506175021665970_15.png
[HD]kanal firat,https://t.freetv.fun/live/kanal-firat.m3u8,网络源,https://epg.pw/media/images/channel/2022/05/06/large/20220506175021665970_15.png
[VGA]kanal 58,https://t.freetv.fun/live/kanal-58-1.m3u8,网络源,https://epg.pw/media/images/channel/2022/05/06/large/20220506175021665970_15.png
[VGA]kanal 15,https://t.freetv.fun/live/kanal-15.m3u8,网络源,https://epg.pw/media/images/channel/2022/05/06/large/20220506175021665970_15.png
[HD]kanshi tv (720p) [not 24/7],https://t.freetv.fun/live/kanshi-tv-720p-not-24-7.m3u8,网络源,https://epg.pw/media/images/channel/2022/05/06/large/20220506164105061198_82.png
[HD]kanshi tv,https://t.freetv.fun/live/kanshi-tv.m3u8,网络源,https://epg.pw/media/images/channel/2022/05/06/large/20220506164105061198_82.png
[BD]karbala tv channel,https://t.freetv.fun/live/karbala-tv-channel.ts,网络源,https://epg.pw/media/uploads/tmp_logo/2015/07/01/20150701112530242519_68.jpg
[BD]qazsport,https://t.freetv.fun/live/qazsport.m3u8,网络源,https://epg.pw/media/images/channel/2015/10/22/large/20151022190834093720_92.jpg
[HD]kika,https://t.freetv.fun/live/kika.m3u8,网络源,https://epg.pw/media/images/channel/2017/07/17/large/20170717220340396292_28.png
[BD]cielo tv,https://t.freetv.fun/live/cielo-tv.m3u8,网络源,https://epg.pw/media/images/channel/2022/05/06/large/20220506174715636653_39.png
[HD]miel tv,https://t.freetv.fun/live/miel-tv.m3u8,网络源,https://epg.pw/media/images/channel/2022/05/06/large/20220506174715636653_39.png
[SD]kino tv,https://t.freetv.fun/live/kino-tv-1.m3u8,网络源,https://epg.pw/media/uploads/tmp_logo/2014/09/19/20140919015135923329_94.jpg
[BD]kiss tv,https://t.freetv.fun/live/kiss-tv.m3u8,网络源,https://epg.pw/media/images/channel/2022/04/18/large/20220418225055874230_29.png
[HD]kiss kiss tv,https://t.freetv.fun/live/kiss-kiss-tv-1.m3u8,网络源,https://epg.pw/media/images/channel/2022/04/18/large/20220418225055874230_29.png
[VGA]kiss tv,https://t.freetv.fun/live/kiss-tv-1.m3u8,网络源,https://epg.pw/media/images/channel/2022/04/18/large/20220418225055874230_29.png
[BD]korea tv,https://t.freetv.fun/live/korea-tv-1.m3u8,网络源,https://epg.pw/media/images/channel/2022/12/24/large/20221224163751893962_97.jpeg
[HD]music pop,https://t.freetv.fun/live/music-pop.m3u8,网络源,https://epg.pw/media/uploads/tmp_logo/2015/02/20/20150220204308565025_88.jpg
[HD]Kurdistan B,https://t.freetv.fun/live/kurdistan-b.m3u8,网络源,https://epg.pw/media/images/channel/2022/05/06/large/20220506174847019187_75.png
[HD]Kurdistan,https://t.freetv.fun/live/kurdistan-1.m3u8,网络源,https://epg.pw/media/images/channel/2022/05/06/large/20220506174847019187_75.png
[HD]kurdistan tv,https://t.freetv.fun/live/kurdistan-tv.m3u8,网络源,https://epg.pw/media/images/channel/2022/05/06/large/20220506174847019187_75.png
[BD]kuriakos kids,https://t.freetv.fun/live/kuriakos-kids.m3u8,网络源,https://epg.pw/media/images/channel/2022/01/19/large/20220119220034946726_98.png
[BD]kuriakos kids,https://t.freetv.fun/live/kuriakos-kids-1.m3u8,网络源,https://epg.pw/media/images/channel/2022/01/19/large/20220119220034946726_98.png
[BD]kuwait tv ethraa,https://t.freetv.fun/live/kuwait-tv-ethraa.m3u8,网络源,https://epg.pw/media/uploads/tmp_logo/2017/03/06/20170306122525602025_49.jpg
[BD]kuwait tv sport plus,https://t.freetv.fun/live/kuwait-tv-sport-plus.m3u8,网络源,https://epg.pw/media/uploads/tmp_logo/2015/06/23/20150623205922489012_25.jpg
[BD]kuwait tv sports,https://t.freetv.fun/live/kuwait-tv-sports.m3u8,网络源,https://epg.pw/media/uploads/tmp_logo/2016/01/21/20160121133938446464_48.png
[VGA]kuwait tv 1,https://t.freetv.fun/live/kuwait-tv-1.m3u8,网络源,https://epg.pw/media/uploads/tmp_logo/2015/07/20/20150720042746549850_95.jpg
[SD]1 plus 1 international,https://t.freetv.fun/live/1-plus-1-international.m3u8,网络源,https://epg.pw/media/images/channel/2022/05/06/large/20220506174912035196_59.png
[VGA]музыка 2 international,https://t.freetv.fun/live/muzyka-2-international.m3u8,网络源,https://epg.pw/media/images/channel/2022/05/06/large/20220506174912035196_59.png
[HD]afghanistan international,https://t.freetv.fun/live/afghanistan-international.m3u8,网络源,https://epg.pw/media/images/channel/2022/05/06/large/20220506174912035196_59.png
[HD]iran international,https://t.freetv.fun/live/iran-international.m3u8,网络源,https://epg.pw/media/images/channel/2022/05/06/large/20220506174912035196_59.png
[VGA]детское кино international,https://t.freetv.fun/live/detskoe-kino-international.m3u8,网络源,https://epg.pw/media/images/channel/2022/05/06/large/20220506174912035196_59.png
[HD]3abn international,https://t.freetv.fun/live/3abn-international-1.m3u8,网络源,https://epg.pw/media/images/channel/2022/05/06/large/20220506174912035196_59.png
[VGA]музыка кино international,https://t.freetv.fun/live/muzyka-kino-international-1.m3u8,网络源,https://epg.pw/media/images/channel/2022/05/06/large/20220506174912035196_59.png
[VGA]kino 1 international,https://t.freetv.fun/live/kino-1-international.m3u8,网络源,https://epg.pw/media/images/channel/2022/05/06/large/20220506174912035196_59.png
[BD]3abn international network,https://t.freetv.fun/live/3abn-international-network.m3u8,网络源,https://epg.pw/media/images/channel/2022/05/06/large/20220506174912035196_59.png
[SD]biznet lifestyle (480p),https://t.freetv.fun/live/biznet-lifestyle-480p.m3u8,网络源,https://epg.pw/media/img/logo/2013/10/30/5425b87220701edbe87a6faa8d50a4e9.png
[SD]biznet lifestyle,https://t.freetv.fun/live/biznet-lifestyle.m3u8,网络源,https://epg.pw/media/img/logo/2013/10/30/5425b87220701edbe87a6faa8d50a4e9.png
[HD]la nuova tv,https://t.freetv.fun/live/la-nuova-tv.m3u8,网络源,https://epg.pw/media/uploads/tmp_logo/2014/08/25/20140825025954546258_80.jpg
[BD]tele elx,https://t.freetv.fun/live/tele-elx.m3u8,网络源,https://epg.pw/media/uploads/tmp_logo/2014/06/13/20140613203431030504_29.png
[BD]leipzig fernsehen,https://t.freetv.fun/live/leipzig-fernsehen.m3u8,网络源,https://epg.pw/media/images/channel/2022/05/06/large/20220506173901214890_36.png
[HD]time line,https://t.freetv.fun/live/time-line.m3u8,网络源,https://epg.pw/media/images/channel/2024/04/28/large/20240428174927817268_88.png
[BD]lider tv,https://t.freetv.fun/live/lider-tv.m3u8,网络源,https://epg.pw/media/uploads/tmp_logo/2015/08/21/20150821025454902386_25.png
[BD]logos tv,https://t.freetv.fun/live/logos-tv-1.m3u8,网络源,https://epg.pw/media/uploads/tmp_logo/2017/02/15/20170215103339055124_29.jpg
[BD]nghe an tv,https://t.freetv.fun/live/nghe-an-tv.m3u8,网络源,https://epg.pw/media/images/channel/2022/05/06/large/20220506174546634867_10.png
[BD]love nature,https://t.freetv.fun/live/love-nature.m3u8,网络源,https://epg.pw/media/images/channel/2023/02/05/large/20230205151332194260_50.jpg
[BD]love nature,https://t.freetv.fun/live/love-nature-1.m3u8,网络源,https://epg.pw/media/images/channel/2023/02/05/large/20230205151332194260_50.jpg
[HD]love nature,https://t.freetv.fun/live/love-nature-2.m3u8,网络源,https://epg.pw/media/images/channel/2023/02/05/large/20230205151332194260_50.jpg
[HD]music black,https://t.freetv.fun/live/music-black.m3u8,网络源,https://epg.pw/media/uploads/tmp_logo/2015/02/20/20150220163656171346_26.jpg
[HD]music hits,https://t.freetv.fun/live/music-hits.m3u8,网络源,https://epg.pw/media/uploads/tmp_logo/2015/02/20/20150220164147765237_80.jpg
[VGA]makkal tv,https://t.freetv.fun/live/makkal-tv.m3u8,网络源,https://epg.pw/media/
[HD]mas23 tv,https://t.freetv.fun/live/mas23-tv.m3u8,网络源,https://epg.pw/media/uploads/tmp_logo/2017/02/10/20170210215635417696_10.png
[HD]tv max,https://t.freetv.fun/live/tv-max.m3u8,网络源,https://epg.pw/media/images/channel/2024/03/13/large/20240313151936372579_37.png
[HD]netmax tv,https://t.freetv.fun/live/netmax-tv.m3u8,网络源,https://epg.pw/media/uploads/tmp_logo/2017/01/03/20170103081452608866_48.jpg
[BD]mbc masr 2,https://t.freetv.fun/live/mbc-masr-2.m3u8,网络源,https://epg.pw/media/images/channel/2022/12/17/large/20221217223933265568_25.jpg
[HD]2 plus 2 sd,https://t.freetv.fun/live/2-plus-2-sd.m3u8,网络源,https://epg.pw/media/images/channel/2022/12/17/large/20221217133953423188_22.jpg
[HD]2 plus 2,https://t.freetv.fun/live/2-plus-2.m3u8,网络源,https://epg.pw/media/images/channel/2022/12/17/large/20221217133953423188_22.jpg
[SD]mcm top,https://t.freetv.fun/live/mcm-top-1.m3u8,网络源,https://epg.pw/media/uploads/tmp_logo/2015/02/20/20150220194951434842_52.jpg
[HD]sun rtv mersin,https://t.freetv.fun/live/sun-rtv-mersin.m3u8,网络源,https://epg.pw/media/images/channel/2022/05/27/large/20220527020658062812_14.png
[HD]metro tv,https://t.freetv.fun/live/metro-tv-1.m3u8,网络源,https://epg.pw/media/images/channel/2025/01/30/large/20250130005640435069_22.jpg
[BD]metro tv,https://t.freetv.fun/live/metro-tv-2.m3u8,网络源,https://epg.pw/media/images/channel/2025/01/30/large/20250130005640435069_22.jpg
[HD]metro tv,https://t.freetv.fun/live/metro-tv-3.m3u8,网络源,https://epg.pw/media/images/channel/2025/01/30/large/20250130005640435069_22.jpg
[BD]moldova 1,https://t.freetv.fun/live/moldova-1.m3u8,网络源,https://epg.pw/media/uploads/tmp_logo/2015/08/15/20150815214954768297_45.jpg
[SD]moldova 1 (1080p),https://t.freetv.fun/live/moldova-1-1080p.m3u8,网络源,https://epg.pw/media/uploads/tmp_logo/2015/08/15/20150815214954768297_45.jpg
[VGA]tvs drive in movie,https://t.freetv.fun/live/tvs-drive-in-movie.m3u8,网络源,https://epg.pw/media/images/channel/2024/04/15/large/20240415121455440051_22.png
[BD]mytime movie network,https://t.freetv.fun/live/mytime-movie-network-2.m3u8,网络源,https://epg.pw/media/images/channel/2024/04/15/large/20240415121455440051_22.png
[BD]悬疑movie,https://t.freetv.fun/live/xuan-yi-movie.m3u8,网络源,https://epg.pw/media/images/channel/2024/04/15/large/20240415121455440051_22.png
[SD]tvs drive in movie (360p),https://t.freetv.fun/live/tvs-drive-in-movie-360p.m3u8,网络源,https://epg.pw/media/images/channel/2024/04/15/large/20240415121455440051_22.png
[BD]new k.movies,https://t.freetv.fun/live/new-k-movies.m3u8,网络源,https://epg.pw/media/img/logo/2013/10/30/c2f5a97a8fb9e11f9332b220626f2488.jpg
[BD]new kmovies,https://t.freetv.fun/live/new-kmovies.m3u8,网络源,https://epg.pw/media/img/logo/2013/10/30/c2f5a97a8fb9e11f9332b220626f2488.jpg
[VGA]rmtv,https://t.freetv.fun/live/rmtv.m3u8,网络源,https://epg.pw/media/images/channel/2017/11/12/large/20171112002356623871_27.png
[HD]mtv,https://t.freetv.fun/live/mtv-1.m3u8,网络源,https://epg.pw/media/images/channel/2017/11/12/large/20171112002356623871_27.png
[BD]pulse,https://t.freetv.fun/live/pulse.m3u8,网络源,https://epg.pw/media/images/channel/2022/05/27/large/20220527020523632541_62.png
[BD]mutv,https://t.freetv.fun/live/mutv.m3u8,网络源,https://epg.pw/media/images/channel/2024/07/15/large/20240715153321877236_20.png
[HD]my tv,https://t.freetv.fun/live/my-tv.m3u8,网络源,https://epg.pw/media/images/channel/2022/05/27/large/20220527020608557074_23.png
[HD]maah tv (720p) [not 24/7],https://t.freetv.fun/live/maah-tv-720p-not-24-7-1.m3u8,网络源,https://epg.pw/media/images/channel/2022/03/18/large/20220318085339314482_56.png
[HD]maah tv,https://t.freetv.fun/live/maah-tv.m3u8,网络源,https://epg.pw/media/images/channel/2022/03/18/large/20220318085339314482_56.png
[BD]nw magazine (576p),https://t.freetv.fun/live/nw-magazine-576p.m3u8,网络源,https://epg.pw/media/uploads/tmp_logo/2015/07/01/20150701230116306043_67.jpg
[BD]nw magazine,https://t.freetv.fun/live/nw-magazine.m3u8,网络源,https://epg.pw/media/uploads/tmp_logo/2015/07/01/20150701230116306043_67.jpg
[VGA]nw magazine,https://t.freetv.fun/live/nw-magazine-1.m3u8,网络源,https://epg.pw/media/uploads/tmp_logo/2015/07/01/20150701230116306043_67.jpg
[HD]magic tv,https://t.freetv.fun/live/magic-tv.m3u8,网络源,https://epg.pw/media/images/channel/2021/06/24/large/20210624004025127408_48.png
[VGA]magna tv,https://t.freetv.fun/live/magna-tv.m3u8,网络源,https://epg.pw/media/uploads/tmp_logo/2015/07/22/20150722093236034526_79.png
[HD]karcag tv,https://t.freetv.fun/live/karcag-tv.m3u8,网络源,https://epg.pw/media/images/channel/2021/11/13/large/20211113231457756792_31.png
[BD]mega,https://t.freetv.fun/live/mega-2.m3u8,网络源,https://epg.pw/media/
[BD]magna vision,https://t.freetv.fun/live/magna-vision.m3u8,网络源,https://epg.pw/media/uploads/tmp_logo/2016/05/19/20160519113244795760_92.jpg
[BD]megavision canal 43,https://t.freetv.fun/live/megavision-canal-43.m3u8,网络源,https://epg.pw/media/uploads/tmp_logo/2016/05/19/20160519113244795760_92.jpg
[BD]megavisión,https://t.freetv.fun/live/megavision.m3u8,网络源,https://epg.pw/media/uploads/tmp_logo/2016/05/19/20160519113244795760_92.jpg
[BD][埃及]mekameleentv(720p),https://t.freetv.fun/live/ai-ji-mekameleentv-720p.m3u8,网络源,https://epg.pw/media/images/channel/2022/05/06/large/20220506174703714115_78.png
[BD][埃及]mekameleentv(720p),https://t.freetv.fun/live/ai-ji-mekameleentv-720p-1.m3u8,网络源,https://epg.pw/media/images/channel/2022/05/06/large/20220506174703714115_78.png
[BD][埃及]mekameleentv(720p),https://t.freetv.fun/live/ai-ji-mekameleentv-720p-2.m3u8,网络源,https://epg.pw/media/images/channel/2022/05/06/large/20220506174703714115_78.png
[BD]mekameleen tv,https://t.freetv.fun/live/mekameleen-tv.m3u8,网络源,https://epg.pw/media/images/channel/2022/05/06/large/20220506174703714115_78.png
[VGA]minika çocuk,https://t.freetv.fun/live/minika-cocuk-1.m3u8,网络源,https://epg.pw/media/images/channel/2021/10/16/large/20211016152155254946_76.png
[VGA]mir 24,https://t.freetv.fun/live/mir-24-1.m3u8,网络源,https://epg.pw/media/uploads/tmp_logo/2014/05/23/20140523214433156406_46.jpg
[SD]mien tay tv,https://t.freetv.fun/live/mien-tay-tv-1.m3u8,网络源,https://epg.pw/media/
[VGA]mor tv,https://t.freetv.fun/live/mor-tv.m3u8,网络源,https://epg.pw/media/uploads/tmp_logo/2017/03/25/20170325214101699502_65.jpg
[HD]motori tv,https://t.freetv.fun/live/motori-tv.m3u8,网络源,https://epg.pw/media/uploads/tmp_logo/2015/05/13/20150513070301580726_30.png
[HD]moviebox (1080p),https://t.freetv.fun/live/moviebox-1080p.m3u8,网络源,https://epg.pw/media/images/channel/2022/05/27/large/20220527020309660331_78.png
[HD]24 hour free movies,https://t.freetv.fun/live/24-hour-free-movies.m3u8,网络源,https://epg.pw/media/
[BD]musawa,https://t.freetv.fun/live/musawa.m3u8,网络源,https://epg.pw/media/images/channel/2022/05/27/large/20220527020621264443_37.png
[HD]music reload tv hd,https://t.freetv.fun/live/music-reload-tv-hd-1.m3u8,网络源,https://epg.pw/media/uploads/tmp_logo/2015/06/02/20150602170136873196_31.png
[HD]ert music,https://t.freetv.fun/live/ert-music.2ts,网络源,https://epg.pw/media/uploads/tmp_logo/2015/06/02/20150602170136873196_31.png
[HD]zerouno tv music,https://t.freetv.fun/live/zerouno-tv-music.m3u8,网络源,https://epg.pw/media/uploads/tmp_logo/2015/06/02/20150602170136873196_31.png
[BD]myzen fit,https://t.freetv.fun/live/myzen-fit.m3u8,网络源,https://epg.pw/media/uploads/tmp_logo/2015/04/03/20150403222251317649_98.jpg
[BD]myzen wellbeing tv,https://t.freetv.fun/live/myzen-wellbeing-tv.m3u8,网络源,https://epg.pw/media/uploads/tmp_logo/2015/04/03/20150403222251317649_98.jpg
[BD]美国 mystery science theater 3000,https://t.freetv.fun/live/mei-guo-mystery-science-theater-3000-1.m3u8,网络源,https://epg.pw/media/images/channel/2022/05/06/large/20220506174619598286_85.png
[SD]nat geo wild,https://t.freetv.fun/live/nat-geo-wild.m3u8,网络源,https://epg.pw/media/images/channel/2025/01/28/large/20250128055811930970_35.png
[HD]nat geo wild,https://t.freetv.fun/live/nat-geo-wild-1.m3u8,网络源,https://epg.pw/media/images/channel/2025/01/28/large/20250128055811930970_35.png
[HD]nat geo wild,https://t.freetv.fun/live/nat-geo-wild-2.m3u8,网络源,https://epg.pw/media/images/channel/2025/01/28/large/20250128055811930970_35.png
[HD]nrb tv (480p),https://t.freetv.fun/live/nrb-tv-480p-1.m3u8,网络源,https://epg.pw/media/images/channel/2017/03/31/large/20170331001240076889_34.png
[BD]nbc news now,https://t.freetv.fun/live/nbc-news-now.m3u8,网络源,https://epg.pw/media/images/channel/2022/05/10/large/20220510220350576788_58.png
[BD]nbc news now,https://t.freetv.fun/live/nbc-news-now-1.m3u8,网络源,https://epg.pw/media/images/channel/2022/05/10/large/20220510220350576788_58.png
[BD]nbt,https://t.freetv.fun/live/nbt.m3u8,网络源,https://epg.pw/media/images/channel/2022/11/25/large/20221125164258717461_57.png
[HD]ndtv,https://t.freetv.fun/live/ndtv.m3u8,网络源,https://epg.pw/media/uploads/tmp_logo/2015/08/21/20150821094537706602_21.jpg
[VGA]nea tv,https://t.freetv.fun/live/nea-tv-1.m3u8,网络源,https://epg.pw/media/images/channel/2022/05/06/large/20220506174759361234_36.png
[BD]eko tv,https://t.freetv.fun/live/eko-tv-1.m3u8,网络源,https://epg.pw/media/images/channel/2022/05/06/large/20220506174708907557_96.png
[SD]南方卫视,https://t.freetv.fun/live/nan-fang-wei-shi.m3u8,网络源,https://epg.pw/media/images/channel/2024/03/08/large/20240308225304127322_57.png
[SD]ntd tv,https://t.freetv.fun/live/ntd-tv-1.m3u8,网络源,https://epg.pw/media/images/channel/2022/05/06/large/20220506173945800787_75.png
[BD]anadolu net tv,https://t.freetv.fun/live/anadolu-net-tv.m3u8,网络源,https://epg.pw/media/images/channel/2022/05/06/large/20220506173945800787_75.png
[SD]nieta tv,https://t.freetv.fun/live/nieta-tv.m3u8,网络源,https://epg.pw/media/images/channel/2022/05/06/large/20220506173945800787_75.png
[HD]lao net tv,https://t.freetv.fun/live/lao-net-tv.m3u8,网络源,https://epg.pw/media/images/channel/2022/05/06/large/20220506173945800787_75.png
[SD]móra-net tv,https://t.freetv.fun/live/mora-net-tv.m3u8,网络源,https://epg.pw/media/images/channel/2022/05/06/large/20220506173945800787_75.png
[BD]nhk world,https://t.freetv.fun/live/nhk-world-2.m3u8,网络源,https://epg.pw/media/images/channel/2022/05/13/large/20220513225311089225_30.jpg
[BD]unife tv,https://t.freetv.fun/live/unife-tv.m3u8,网络源,https://epg.pw/media/images/channel/2020/10/01/large/20201001123754394603_13.png
[SD][黎巴嫩]noursat(576p),https://t.freetv.fun/live/li-ba-nen-noursat-576p.m3u8,网络源,https://epg.pw/media/images/channel/2022/05/06/large/20220506174257288016_34.png
[SD]noursat,https://t.freetv.fun/live/noursat.m3u8,网络源,https://epg.pw/media/images/channel/2022/05/06/large/20220506174257288016_34.png
[HD]nhtv,https://t.freetv.fun/live/nhtv.m3u8,网络源,https://epg.pw/media/uploads/tmp_logo/2017/03/25/20170325213913711970_32.jpg
[SD]natgeo japan,https://t.freetv.fun/live/natgeo-japan.m3u8,网络源,https://epg.pw/media/images/channel/2023/06/01/large/20230601220556736344_25.png
[BD]national geographic,https://t.freetv.fun/live/national-geographic.m3u8,网络源,https://epg.pw/media/images/channel/2022/05/06/large/20220506163824809340_39.png
[SD]national geographic,https://t.freetv.fun/live/national-geographic-2.m3u8,网络源,https://epg.pw/media/images/channel/2022/05/06/large/20220506163824809340_39.png
[HD]latina tv,https://t.freetv.fun/live/latina-tv.m3u8,网络源,https://epg.pw/media/uploads/tmp_logo/2016/02/01/20160201055651175436_93.jpg
[VGA]latina tv,https://t.freetv.fun/live/latina-tv-1.m3u8,网络源,https://epg.pw/media/uploads/tmp_logo/2016/02/01/20160201055651175436_93.jpg
[BD]cnanews-hd（新加坡）,https://t.freetv.fun/live/cnanews-hd-xin-jia-po-1.m3u8,网络源,https://epg.pw/media/images/channel/2020/04/29/large/20200429223545383179_83.png
[BD]channel newsasia,https://t.freetv.fun/live/channel-newsasia.m3u8,网络源,https://epg.pw/media/images/channel/2020/04/29/large/20200429223545383179_83.png
[BD]newsmaxtv,https://t.freetv.fun/live/newsmaxtv-1.m3u8,网络源,https://epg.pw/media/images/channel/2021/01/21/large/20210121205319348415_63.png
[BD]newsmax 2,https://t.freetv.fun/live/newsmax-2.m3u8,网络源,https://epg.pw/media/images/channel/2021/01/21/large/20210121205319348415_63.png
[SD]newsmax 2 (720p),https://t.freetv.fun/live/newsmax-2-720p.m3u8,网络源,https://epg.pw/media/images/channel/2021/01/21/large/20210121205319348415_63.png
[HD]nick jr,https://t.freetv.fun/live/nick-jr.m3u8,网络源,https://epg.pw/media/images/channel/2023/07/20/large/20230720002406264182_29.jpg
[HD]nick jr,https://t.freetv.fun/live/nick-jr-1.m3u8,网络源,https://epg.pw/media/images/channel/2023/07/20/large/20230720002406264182_29.jpg
[BD]nickelodeon,https://t.freetv.fun/live/nickelodeon.m3u8,网络源,https://epg.pw/media/
[BD]nickelodeon,https://t.freetv.fun/live/nickelodeon-4.m3u8,网络源,https://epg.pw/media/
[HD]niaga tv (360p) [geo-blocked],https://t.freetv.fun/live/niaga-tv-360p-geo-blocked.m3u8,网络源,https://epg.pw/media/uploads/tmp_logo/2016/12/06/20161206040449772891_30.jpg
[HD]bx culture,https://t.freetv.fun/live/bx-culture.m3u8,网络源,https://epg.pw/media/uploads/tmp_logo/2014/06/13/20140613191324084312_33.png
[VGA]life tv,https://t.freetv.fun/live/life-tv-3.m3u8,网络源,https://epg.pw/media/uploads/tmp_logo/2015/07/20/20150720233328292550_95.jpg
[BD]action hollywood movies,https://t.freetv.fun/live/action-hollywood-movies-2.m3u8,网络源,https://epg.pw/media/uploads/tmp_logo/2015/05/12/20150512032555403445_94.png
[HD]noor tv,https://t.freetv.fun/live/noor-tv.m3u8,网络源,https://epg.pw/media/uploads/tmp_logo/2015/06/21/20150621112447455088_59.png
[VGA]noor tv,https://t.freetv.fun/live/noor-tv-1.m3u8,网络源,https://epg.pw/media/uploads/tmp_logo/2015/06/21/20150621112447455088_59.png
[SD]noor tv (720p),https://t.freetv.fun/live/noor-tv-720p.m3u8,网络源,https://epg.pw/media/uploads/tmp_logo/2015/06/21/20150621112447455088_59.png
[BD]nour tv,https://t.freetv.fun/live/nour-tv.m3u8,网络源,https://epg.pw/media/uploads/tmp_logo/2014/05/23/20140523214556425073_52.jpg
[VGA]nour tv,https://t.freetv.fun/live/nour-tv-1.m3u8,网络源,https://epg.pw/media/uploads/tmp_logo/2014/05/23/20140523214556425073_52.jpg
[HD]tv nova,https://t.freetv.fun/live/tv-nova.m3u8,网络源,https://epg.pw/media/images/channel/2022/05/27/large/20220527020656023544_31.png
[VGA]tv nova,https://t.freetv.fun/live/tv-nova-1.m3u8,网络源,https://epg.pw/media/images/channel/2022/05/27/large/20220527020656023544_31.png
[BD]nova,https://t.freetv.fun/live/nova.m3u8,网络源,https://epg.pw/media/images/channel/2022/05/27/large/20220527020656023544_31.png
[BD]nova,https://t.freetv.fun/live/nova-1.m3u8,网络源,https://epg.pw/media/images/channel/2022/05/27/large/20220527020656023544_31.png
[BD]ocn tv,https://t.freetv.fun/live/ocn-tv-1.m3u8,网络源,https://epg.pw/media/img/logo/1_112.jpg
[HD]sony movies,https://t.freetv.fun/live/sony-movies.m3u8,网络源,https://epg.pw/media/images/channel/2022/12/24/large/20221224163513788494_84.jpeg
[BD]德国 ok dessau,https://t.freetv.fun/live/de-guo-ok-dessau-1.m3u8,网络源,https://epg.pw/media/
[BD]ok dessau,https://t.freetv.fun/live/ok-dessau.m3u8,网络源,https://epg.pw/media/
[BD][德国]okmagdeburg(1080p),https://t.freetv.fun/live/de-guo-okmagdeburg-1080p.m3u8,网络源,https://epg.pw/media/
[SD]德国 ok magdeburg,https://t.freetv.fun/live/de-guo-ok-magdeburg-1.m3u8,网络源,https://epg.pw/media/
[BD]ok magdeburg,https://t.freetv.fun/live/ok-magdeburg.m3u8,网络源,https://epg.pw/media/
[BD][德国]okwernigerode(1080p),https://t.freetv.fun/live/de-guo-okwernigerode-1080p.m3u8,网络源,https://epg.pw/media/
[BD][德国]okwernigerode(1080p),https://t.freetv.fun/live/de-guo-okwernigerode-1080p-1.m3u8,网络源,https://epg.pw/media/
[BD]德国 ok wernigerode,https://t.freetv.fun/live/de-guo-ok-wernigerode-1.m3u8,网络源,https://epg.pw/media/
[BD]ok wernigerode,https://t.freetv.fun/live/ok-wernigerode.m3u8,网络源,https://epg.pw/media/
[SD]komsan tv,https://t.freetv.fun/live/komsan-tv.m3u8,网络源,https://epg.pw/media/images/channel/2024/03/13/large/20240313150229044538_15.png
[HD]company tv,https://t.freetv.fun/live/company-tv-1.m3u8,网络源,https://epg.pw/media/images/channel/2024/03/13/large/20240313150229044538_15.png
[HD]onni tv,https://t.freetv.fun/live/onni-tv.m3u8,网络源,https://epg.pw/media/uploads/tmp_logo/2014/06/13/20140613190857893129_31.png
[BD]one,https://t.freetv.fun/live/one.m3u8,网络源,https://epg.pw/media/img/logo/1_240.jpg
[HD]premiere 2,https://t.freetv.fun/live/premiere-2.m3u8,网络源,https://epg.pw/media/uploads/tmp_logo/2016/12/29/20161229071349512275_53.jpg
[BD]otv lbn,https://t.freetv.fun/live/otv-lbn.m3u8,网络源,https://epg.pw/media/uploads/tmp_logo/2015/04/24/20150424231848703885_68.png
[BD]votv,https://t.freetv.fun/live/votv.m3u8,网络源,https://epg.pw/media/uploads/tmp_logo/2015/04/24/20150424231848703885_68.png
[BD]otv,https://t.freetv.fun/live/otv.m3u8,网络源,https://epg.pw/media/uploads/tmp_logo/2015/04/24/20150424231848703885_68.png
[BD][德国]okstendal(1080p),https://t.freetv.fun/live/de-guo-okstendal-1080p.m3u8,网络源,https://epg.pw/media/
[BD][德国]okstendal(1080p),https://t.freetv.fun/live/de-guo-okstendal-1080p-1.m3u8,网络源,https://epg.pw/media/
[SD]德国 ok stendal,https://t.freetv.fun/live/de-guo-ok-stendal-1.m3u8,网络源,https://epg.pw/media/
[BD]ok stendal,https://t.freetv.fun/live/ok-stendal.m3u8,网络源,https://epg.pw/media/
[VGA]ok stendal,https://t.freetv.fun/live/ok-stendal-1.m3u8,网络源,https://epg.pw/media/
[BD]okey rtm [geo-blocked],https://t.freetv.fun/live/okey-rtm-geo-blocked-1.m3u8,网络源,https://epg.pw/media/images/channel/2022/09/21/large/20220921223037870739_89.jpg
[BD]okey rtm (malaysia),https://t.freetv.fun/live/okey-rtm-malaysia.m3u8,网络源,https://epg.pw/media/images/channel/2022/09/21/large/20220921223037870739_89.jpg
[BD]okey,https://t.freetv.fun/live/okey.m3u8,网络源,https://epg.pw/media/images/channel/2022/09/21/large/20220921223037870739_89.jpg
[SD]okey [geo-blocked],https://t.freetv.fun/live/okey-geo-blocked.m3u8,网络源,https://epg.pw/media/images/channel/2022/09/21/large/20220921223037870739_89.jpg
[VGA]rlive tv,https://t.freetv.fun/live/rlive-tv.m3u8,网络源,https://epg.pw/media/images/channel/2021/11/16/large/20211116002541816388_88.png
[HD]tv one,https://t.freetv.fun/live/tv-one.m3u8,网络源,https://epg.pw/media/images/channel/2021/11/13/large/20211113231053033929_49.png
[HD]tv one,https://t.freetv.fun/live/tv-one-1.m3u8,网络源,https://epg.pw/media/images/channel/2021/11/13/large/20211113231053033929_49.png
[HD]ortm 2,https://t.freetv.fun/live/ortm-2.m3u8,网络源,https://epg.pw/media/images/channel/2022/05/06/large/20220506174955319209_30.png
[VGA]ortm2,https://t.freetv.fun/live/ortm2.m3u8,网络源,https://epg.pw/media/images/channel/2022/05/06/large/20220506174955319209_30.png
[BD]tide tv,https://t.freetv.fun/live/tide-tv-1.m3u8,网络源,https://epg.pw/media/images/channel/2023/11/06/large/20231106225502381880_50.png
[HD]music,https://t.freetv.fun/live/music.m3u8,网络源,https://epg.pw/media/uploads/tmp_logo/2016/09/29/20160929025736599943_81.png
[BD]pbs kids,https://t.freetv.fun/live/pbs-kids.m3u8,网络源,https://epg.pw/media/uploads/tmp_logo/2018/09/15/20180915122746104734_93.png
[VGA]ace tv (kcks-ld3) (480p),https://t.freetv.fun/live/ace-tv-kcks-ld3-480p.m3u8,网络源,https://epg.pw/media/img/logo/Peace_TV.png
[BD]pet club tv,https://t.freetv.fun/live/pet-club-tv.m3u8,网络源,https://epg.pw/media/images/channel/2022/02/10/large/20220210221839864411_20.png
[HD]pmc,https://t.freetv.fun/live/pmc.m3u8,网络源,https://epg.pw/media/
[HD]canal 1,https://t.freetv.fun/live/canal-1.m3u8,网络源,https://epg.pw/media/uploads/tmp_logo/2015/04/15/20150415003313598873_56.png
[SD]press tv,https://t.freetv.fun/live/press-tv.m3u8,网络源,https://epg.pw/media/images/channel/2024/03/13/large/20240313145821448664_31.png
[SD]iran press (720p),https://t.freetv.fun/live/iran-press-720p.m3u8,网络源,https://epg.pw/media/images/channel/2024/03/13/large/20240313145821448664_31.png
[VGA]iran press,https://t.freetv.fun/live/iran-press.m3u8,网络源,https://epg.pw/media/images/channel/2024/03/13/large/20240313145821448664_31.png
[VGA]tvs sports,https://t.freetv.fun/live/tvs-sports.m3u8,网络源,https://epg.pw/media/images/channel/2022/05/06/large/20220506174328971374_64.png
[SD]tvs sports (720p) [not 24/7],https://t.freetv.fun/live/tvs-sports-720p-not-24-7.m3u8,网络源,https://epg.pw/media/images/channel/2022/05/06/large/20220506174328971374_64.png
[BD]tvp world,https://t.freetv.fun/live/tvp-world.m3u8,网络源,https://epg.pw/media/uploads/tmp_logo/2016/01/22/20160122193747231587_42.png
[BD]republic tv,https://t.freetv.fun/live/republic-tv.m3u8,网络源,https://epg.pw/media/images/channel/2022/05/06/large/20220506175017403710_81.png
[VGA]kcat public media tv (1080p),https://t.freetv.fun/live/kcat-public-media-tv-1080p.m3u8,网络源,https://epg.pw/media/images/channel/2022/05/06/large/20220506175017403710_81.png
[BD]palestine edu,https://t.freetv.fun/live/palestine-edu.m3u8,网络源,https://epg.pw/media/uploads/tmp_logo/2014/08/25/20140825101959902543_83.jpg
[VGA]palestine tv pbc,https://t.freetv.fun/live/palestine-tv-pbc.m3u8,网络源,https://epg.pw/media/uploads/tmp_logo/2014/08/25/20140825101959902543_83.jpg
[HD]pars,https://t.freetv.fun/live/pars.m3u8,网络源,https://epg.pw/media/uploads/tmp_logo/2017/09/01/20170901015600147261_11.png
[BD]tvr parlemen,https://t.freetv.fun/live/tvr-parlemen.m3u8,网络源,https://epg.pw/media/images/channel/2022/05/06/large/20220506174535846051_22.png
[BD]big planet,https://t.freetv.fun/live/big-planet.m3u8,网络源,https://epg.pw/media/uploads/tmp_logo/2015/08/21/20150821114521284614_38.png
[BD]premier sports 1,https://t.freetv.fun/live/premier-sports-1.ts,网络源,https://epg.pw/media/images/channel/2022/06/09/large/20220609233720370622_81.png
[BD]premier sports 2,https://t.freetv.fun/live/premier-sports-2-1.ts,网络源,https://epg.pw/media/images/channel/2022/06/09/large/20220609233720370622_81.png
[BD][德国]punktum(1080p),https://t.freetv.fun/live/de-guo-punktum-1080p.m3u8,网络源,https://epg.pw/media/uploads/tmp_logo/2014/06/13/20140613195501241651_98.png
[BD]welat tv,https://t.freetv.fun/live/welat-tv.m3u8,网络源,https://epg.pw/media/uploads/tmp_logo/2016/01/06/20160106003011896954_68.png
[BD]rtc quarta rete,https://t.freetv.fun/live/rtc-quarta-rete.m3u8,网络源,https://epg.pw/media/
[HD]uranio tv,https://t.freetv.fun/live/uranio-tv.m3u8,网络源,https://epg.pw/media/uploads/tmp_logo/2015/07/22/20150722095254463635_91.png
[HD]radio 51 tv,https://t.freetv.fun/live/radio-51-tv.m3u8,网络源,https://epg.pw/media/img/logo/1_121.jpg
[BD]radio monte kronio tv,https://t.freetv.fun/live/radio-monte-kronio-tv.m3u8,网络源,https://epg.pw/media/img/logo/1_115.jpg
[HD]rb tv (360p) [geo-blocked],https://t.freetv.fun/live/rb-tv-360p-geo-blocked.m3u8,网络源,https://epg.pw/media/uploads/tmp_logo/2014/05/23/20140523214811494393_30.jpg
[BD]nrb tv,https://t.freetv.fun/live/nrb-tv.m3u8,网络源,https://epg.pw/media/uploads/tmp_logo/2014/05/23/20140523214811494393_30.jpg
[HD]nrb tv,https://t.freetv.fun/live/nrb-tv-1.m3u8,网络源,https://epg.pw/media/uploads/tmp_logo/2014/05/23/20140523214811494393_30.jpg
[BD][德国]rbw(1080p),https://t.freetv.fun/live/de-guo-rbw-1080p.m3u8,网络源,https://epg.pw/media/images/channel/2022/05/06/large/20220506173751090775_60.png
[BD]rbw,https://t.freetv.fun/live/rbw.m3u8,网络源,https://epg.pw/media/images/channel/2022/05/06/large/20220506173751090775_60.png
[VGA]retro tv (kcks-ld9) (480p),https://t.freetv.fun/live/retro-tv-kcks-ld9-480p.m3u8,网络源,https://epg.pw/media/img/logo/1_118.jpg
[SD]retro tv,https://t.freetv.fun/live/retro-tv-1.m3u8,网络源,https://epg.pw/media/img/logo/1_118.jpg
[BD]retrox tv,https://t.freetv.fun/live/retrox-tv.m3u8,网络源,https://epg.pw/media/img/logo/1_118.jpg
[VGA]retro palmares tv,https://t.freetv.fun/live/retro-palmares-tv.m3u8,网络源,https://epg.pw/media/img/logo/1_118.jpg
[BD][德国]rfhtv(1080p),https://t.freetv.fun/live/de-guo-rfhtv-1080p.m3u8,网络源,https://epg.pw/media/images/channel/2022/05/06/large/20220506174644918689_32.png
[BD]rfh,https://t.freetv.fun/live/rfh.m3u8,网络源,https://epg.pw/media/images/channel/2022/05/06/large/20220506174644918689_32.png
[BD]rouge tv,https://t.freetv.fun/live/rouge-tv.m3u8,网络源,https://epg.pw/media/img/logo/2013/10/30/c238851ba7450ae83e38b198b8056ca5.png
[BD]rt,https://t.freetv.fun/live/rt.php,网络源,https://epg.pw/media/img/logo/PUNLAND.PNG
[VGA]abn africa,https://t.freetv.fun/live/abn-africa.m3u8,网络源,https://epg.pw/media/images/channel/2022/05/07/large/20220507001546506887_78.png
[VGA]abn africa (480p),https://t.freetv.fun/live/abn-africa-480p.m3u8,网络源,https://epg.pw/media/images/channel/2022/05/07/large/20220507001546506887_78.png
[BD]rtb sukmaindera,https://t.freetv.fun/live/rtb-sukmaindera-1.m3u8,网络源,https://epg.pw/media/images/channel/2020/07/26/large/20200726144349728969_43.png
[SD]rtb sukmaindera (720p),https://t.freetv.fun/live/rtb-sukmaindera-720p.m3u8,网络源,https://epg.pw/media/images/channel/2020/07/26/large/20200726144349728969_43.png
[SD]rtg tv,https://t.freetv.fun/live/rtg-tv.m3u8,网络源,https://epg.pw/media/images/channel/2022/05/06/large/20220506164557683738_64.png
[BD]RTHK31,https://t.freetv.fun/live/rthk31.m3u8,网络源,https://epg.pw/media/images/channel/2023/07/19/large/20230719083758215404_92.png
[BD]rt news(俄罗斯),https://t.freetv.fun/live/rt-news-e-luo-si-1.m3u8,网络源,https://epg.pw/media/uploads/tmp_logo/2018/10/24/20181024155943280116_76.png
[SD]rte news,https://t.freetv.fun/live/rte-news.m3u8,网络源,https://epg.pw/media/uploads/tmp_logo/2018/10/24/20181024155943280116_76.png
[BD]rtm parlimen (dewan rakyat) [geo-blocked],https://t.freetv.fun/live/rtm-parlimen-dewan-rakyat-geo-blocked-1.m3u8,网络源,https://epg.pw/media/uploads/tmp_logo/2018/10/24/20181024151806518779_13.png
[BD]rtm parlimen (dewan negara) [geo-blocked],https://t.freetv.fun/live/rtm-parlimen-dewan-negara-geo-blocked-1.m3u8,网络源,https://epg.pw/media/uploads/tmp_logo/2018/10/24/20181024151806518779_13.png
[BD]rtm parlimen,https://t.freetv.fun/live/rtm-parlimen.m3u8,网络源,https://epg.pw/media/uploads/tmp_logo/2018/10/24/20181024151806518779_13.png
[VGA]rtm parlimen,https://t.freetv.fun/live/rtm-parlimen-1.m3u8,网络源,https://epg.pw/media/uploads/tmp_logo/2018/10/24/20181024151806518779_13.png
[VGA]tm1,https://t.freetv.fun/live/tm1.m3u8,网络源,https://epg.pw/media/uploads/tmp_logo/2014/06/30/20140630001539145178_34.png
[SD]rtnc,https://t.freetv.fun/live/rtnc.m3u8,网络源,https://epg.pw/media/
[SD]rtp açores,https://t.freetv.fun/live/rtp-acores.m3u8,网络源,https://epg.pw/media/uploads/tmp_logo/2014/06/13/20140613180645462298_93.png
[HD]rtp açores,https://t.freetv.fun/live/rtp-acores-1.m3u8,网络源,https://epg.pw/media/uploads/tmp_logo/2014/06/13/20140613180645462298_93.png
[BD]azteca internacional,https://t.freetv.fun/live/azteca-internacional-1.m3u8,网络源,https://epg.pw/media/images/channel/2022/05/06/large/20220506173750013761_42.png
[BD]tvi internacional,https://t.freetv.fun/live/tvi-internacional.m3u8,网络源,https://epg.pw/media/images/channel/2022/05/06/large/20220506173750013761_42.png
[BD]madeira,https://t.freetv.fun/live/madeira.m3u8,网络源,https://epg.pw/media/uploads/tmp_logo/2015/04/15/20150415004218716129_92.png
[SD]rtp madeira,https://t.freetv.fun/live/rtp-madeira.m3u8,网络源,https://epg.pw/media/images/channel/2022/05/06/large/20220506174651663639_63.png
[SD]rtp madeira,https://t.freetv.fun/live/rtp-madeira-1.m3u8,网络源,https://epg.pw/media/images/channel/2022/05/06/large/20220506174651663639_63.png
[HD]rtp memória,https://t.freetv.fun/live/rtp-memoria.m3u8,网络源,https://epg.pw/media/uploads/tmp_logo/2014/06/13/20140613180716169864_32.png
[SD]rts 2,https://t.freetv.fun/live/rts-2.m3u8,网络源,https://epg.pw/media/
[HD]rtv 21 albania,https://t.freetv.fun/live/rtv-21-albania.m3u8,网络源,https://epg.pw/media/
[SD]afghanistan international (720p),https://t.freetv.fun/live/afghanistan-international-720p.m3u8,网络源,https://epg.pw/media/uploads/tmp_logo/2014/05/23/20140523214937210461_54.jpg
[BD]rtv rijnmond,https://t.freetv.fun/live/rtv-rijnmond.m3u8,网络源,https://epg.pw/media/images/channel/2022/05/06/large/20220506174456614926_32.png
[VGA]rtvi,https://t.freetv.fun/live/rtvi.m3u8,网络源,https://epg.pw/media/uploads/tmp_logo/2017/02/18/20170218022902068072_16.png
[BD]cruz tv,https://t.freetv.fun/live/cruz-tv-1.m3u8,网络源,https://epg.pw/media/uploads/tmp_logo/2014/05/23/20140523215106359917_70.jpg
[BD]usa today,https://t.freetv.fun/live/usa-today.m3u8,网络源,https://epg.pw/media/img/logo/2013/10/30/d626799cf2e4bf98042678da1de2e284.png
[BD]radio weser tv bremen,https://t.freetv.fun/live/radio-weser-tv-bremen.m3u8,网络源,https://epg.pw/media/uploads/tmp_logo/2015/04/14/20150414070511901309_47.png
[HD]radio karolina tv,https://t.freetv.fun/live/radio-karolina-tv.m3u8,网络源,https://epg.pw/media/images/channel/2022/05/06/large/20220506174238449874_96.png
[BD]radio norba tv,https://t.freetv.fun/live/radio-norba-tv.m3u8,网络源,https://epg.pw/media/images/channel/2022/05/06/large/20220506174923764585_39.png
[BD]rhema tv,https://t.freetv.fun/live/rhema-tv.m3u8,网络源,https://epg.pw/media/uploads/tmp_logo/2015/07/22/20150722095419296564_46.jpg
[VGA]rhema tv,https://t.freetv.fun/live/rhema-tv-1.m3u8,网络源,https://epg.pw/media/uploads/tmp_logo/2015/07/22/20150722095419296564_46.jpg
[VGA]real madrid tv,https://t.freetv.fun/live/real-madrid-tv.m3u8,网络源,https://epg.pw/media/images/channel/2022/05/25/large/20220525022323308714_51.png
[BD]record news,https://t.freetv.fun/live/record-news.m3u8,网络源,https://epg.pw/media/uploads/tmp_logo/2017/07/22/20170722213113233424_81.png
[BD]red bull tv,https://t.freetv.fun/live/red-bull-tv-1.m3u8,网络源,https://epg.pw/media/images/channel/2022/05/16/large/20220516155835221115_90.jpg
[BD]red bull tv hd,https://t.freetv.fun/live/red-bull-tv-hd.m3u8,网络源,https://epg.pw/media/images/channel/2022/05/16/large/20220516155835221115_90.jpg
[BD]red bull tv hd,https://t.freetv.fun/live/red-bull-tv-hd-1.m3u8,网络源,https://epg.pw/media/images/channel/2022/05/16/large/20220516155835221115_90.jpg
[SD]red bull tv hd,https://t.freetv.fun/live/red-bull-tv-hd-2.m3u8,网络源,https://epg.pw/media/images/channel/2022/05/16/large/20220516155835221115_90.jpg
[HD]red bull tv hd,https://t.freetv.fun/live/red-bull-tv-hd-3.m3u8,网络源,https://epg.pw/media/images/channel/2022/05/16/large/20220516155835221115_90.jpg
[HD]red bull tv hd,https://t.freetv.fun/live/red-bull-tv-hd-4.m3u8,网络源,https://epg.pw/media/images/channel/2022/05/16/large/20220516155835221115_90.jpg
[BD]red bull tv hd,https://t.freetv.fun/live/red-bull-tv-hd-5.m3u8,网络源,https://epg.pw/media/images/channel/2022/05/16/large/20220516155835221115_90.jpg
[SD]redbulltv,https://t.freetv.fun/live/redbulltv.m3u8,网络源,https://epg.pw/media/images/channel/2022/05/16/large/20220516155835221115_90.jpg
[SD]redbull tv,https://t.freetv.fun/live/redbull-tv-1.m3u8,网络源,https://epg.pw/media/images/channel/2022/05/16/large/20220516155835221115_90.jpg
[HD]红牛redbull tv,https://t.freetv.fun/live/hong-niu-redbull-tv.m3u8,网络源,https://epg.pw/media/images/channel/2022/05/16/large/20220516155835221115_90.jpg
[BD]red bull tv,https://t.freetv.fun/live/red-bull-tv-3.m3u8,网络源,https://epg.pw/media/images/channel/2022/05/16/large/20220516155835221115_90.jpg
[BD]ช่อง red bull tv,https://t.freetv.fun/live/ch-ng-red-bull-tv.m3u8,网络源,https://epg.pw/media/images/channel/2022/05/16/large/20220516155835221115_90.jpg
[HD]rede minas,https://t.freetv.fun/live/rede-minas.m3u8,网络源,https://epg.pw/media/images/channel/2023/07/19/large/20230719190917366076_88.png
[HD]super!,https://t.freetv.fun/live/super.m3u8,网络源,https://epg.pw/media/images/channel/2023/07/19/large/20230719183051244235_21.png
[BD]rete tv,https://t.freetv.fun/live/rete-tv.m3u8,网络源,https://epg.pw/media/uploads/tmp_logo/2014/09/09/20140909014859531100_61.jpg
[HD]reggiotv,https://t.freetv.fun/live/reggiotv.m3u8,网络源,https://epg.pw/media/uploads/tmp_logo/2014/06/13/20140613200719649628_15.png
[BD]tvc-rio,https://t.freetv.fun/live/tvc-rio.m3u8,网络源,https://epg.pw/media/uploads/tmp_logo/2014/06/13/20140613200719649628_15.png
[VGA]reggio tv,https://t.freetv.fun/live/reggio-tv.m3u8,网络源,https://epg.pw/media/uploads/tmp_logo/2014/06/13/20140613200719649628_15.png
[VGA]rete tv italia,https://t.freetv.fun/live/rete-tv-italia.m3u8,网络源,https://epg.pw/media/uploads/tmp_logo/2014/05/22/20140522182005301468_59.jpg
[BD]rete 8 sport,https://t.freetv.fun/live/rete-8-sport.m3u8,网络源,https://epg.pw/media/
[VGA]rete 8 sport,https://t.freetv.fun/live/rete-8-sport-1.m3u8,网络源,https://epg.pw/media/
[VGA]retrô cartoon 1,https://t.freetv.fun/live/retro-cartoon-1.m3u8,网络源,https://epg.pw/media/images/channel/2022/09/22/large/20220922235633713760_49.jpg
[HD]ribera tv,https://t.freetv.fun/live/ribera-tv.m3u8,网络源,https://epg.pw/media/images/channel/2021/10/16/large/20211016152213746564_77.png
[BD]rock action,https://t.freetv.fun/live/rock-action.m3u8,网络源,https://epg.pw/media/images/channel/2024/01/01/large/20240101221854465363_64.jpg
[HD]rock tv,https://t.freetv.fun/live/rock-tv.m3u8,网络源,https://epg.pw/media/images/channel/2021/06/24/large/20210624004051287373_44.png
