频道名,地址,来源,图标
Imperial Television (720p),https://live-evg5.tv360.bitel.com.pe/bitel/imperialSRT/playlist.m3u8,网络源,https://i.imgur.com/eYXqkyN.png
Imperial TV (720p),https://tv.centaurychile.com/imperial/streams/EnCyCiwNLsqEQ2kv2852222720686498.m3u8,网络源,https://i.ibb.co/8XHSVWY/IMG-20210613-153444.png
Imperio TV Canal 6 (720p),https://live21.bozztv.com/akamaissh101/ssh101/imperiotvcanal6/playlist.m3u8,网络源,https://i.imgur.com/NrsNljx.png
Impossible Quiz Show (1080p),https://bbc-impossible-1-us.roku.wurl.tv/playlist.m3u8,网络源,https://i.imgur.com/9EWffqx.png
In the kitchen (720p),https://qvc-amd-live.akamaized.net/hls/live/2034113/lsqvc4us/master.m3u8,网络源,https://i.imgur.com/HrRUd6r.png
In Touch+ (1080p) [Geo-blocked],https://amg01540-amg01540c1-amgplt0095.playout.now3.amagi.tv/playlist.m3u8,网络源,https://upload.wikimedia.org/wikipedia/en/5/50/Jewelry_television_logo.png
Inazuma Eleven,https://jmp2.uk/plu-632c6df43d2bc5000751f621.m3u8,网络源,https://i.imgur.com/pLv0T3D.png
INC Radio (1080p),https://stream-243529.castr.net/6842a712b68c56f675d988f1/live_b60a96e056fc11f084c05f5d0649296b/rewind-1800.m3u8,网络源,https://i.imgur.com/y2Nrr68.png
INC TV (1080p),https://stream-243529.castr.net/6842a712b68c56f675d988f1/live_f5ac22b0566511f0805217b960326aaa/rewind-1800.m3u8,网络源,https://i.imgur.com/JGSLqA6.png
Ind 24 (576p),https://mumt06.tangotv.in/qYyB8fXVIND24/index.m3u8,网络源,https://i.imgur.com/exRpVmL.png
India (576p),https://fs.uplink.kz/india/mono.m3u8?token=onlinetv,网络源,https://i.imgur.com/xDVcDOc.png
India Ahead (576p),https://mumt05.tangotv.in/87NeALx2INDIAAHEAD/index.m3u8,网络源,https://i.imgur.com/hBkTmf9.png
India Daily Live (1080p),https://indiadaily.ottlive.co.in/indiadailylive/index.m3u8,网络源,https://jiotvimages.cdn.jio.com/dare_images/images/India_Daily_24x7.png
India Today (720p),https://d1rc86nwwc9fag.cloudfront.net/vglive-sk-293160/master.m3u8,网络源,https://xstreamcp-assets-msp.streamready.in/assets/LIVETV/LIVECHANNEL/LIVETV_LIVETVCHANNEL_INDIA_TODAY/images/LOGO_HD/image.png
India TV (720p),https://pl-indiatvnews.akamaized.net/out/v1/db79179b608641ceaa5a4d0dd0dca8da/index.m3u8,网络源,https://xstreamcp-assets-msp.streamready.in/assets/LIVETV/LIVECHANNEL/LIVETV_LIVETVCHANNEL_INDIA_TV/images/LOGO_HD/image.png
India TV Aap Ki Adalat (1080p) [Geo-blocked],https://amg01550-amg01550c6-samsung-in-4679.playouts.now.amagi.tv/playlist/amg01550-indiatvfast-indiatvakasamsung-samsungin/playlist.m3u8,网络源,https://play-lh.googleusercontent.com/2IlBX3IQHna8g4g-56vwGWb14K38spcviIh3i7uJCJ32ydfhcKZdOsacgijPkPeerEA
India TV Speed News (1080p),https://cc-lyf4c0hwzg5dd.akamaized.net/v1/master/3722c60a815c199d9c0ef36c5b73da68a62b09d1/cc-lyf4c0hwzg5dd/v1/vglive-sk-479089/main.m3u8,网络源,https://xstreamcp-assets-msp.streamready.in/assets/LIVETV/LIVECHANNEL/LIVETV_LIVETVCHANNEL_INDIA_TV_SPEED_NEWS/images/LOGO_HD/image.png
India Voice (576p),https://d1msejlow1t3l4.cloudfront.net/fta/indiavoice/playlist.m3u8,网络源,https://jiotvimages.cdn.jio.com/dare_images/images/India_Voice.png
Indigenous Television (720p),https://np.truestreamz.com/broadcaster/INDIGENOUSmob.stream/playlist.m3u8,网络源,https://i.ibb.co/2MByL1X/indigenous-television.png
Indiyskoye Kino (576p),http://188.113.190.12/329/index.m3u8,网络源,https://i.imgur.com/LL8GyCh.png
Indywood TV (720p),https://43wrzjnpqoxe-hls-live.wmncdn.net/indywood/indywoodtv/index.m3u8,网络源,https://i.ibb.co/jT3NCPp/logo-tv.png
INews (720p),https://cdn-1.pishow.tv/live/411/master.m3u8,网络源,https://jiotvimages.cdn.jio.com/dare_images/images/I_News.png
iNews HD (720p),https://mncmedia.malingtv.workers.dev/inews.m3u8,网络源,https://i.imgur.com/M2R3lfg.png
iNEWS TV (1080p),https://live.i-news.tv/hls/stream.m3u8,网络源,https://i.imgur.com/9lOuzHQ.png
INFAST (1080p),https://amg00861-terninternation-lifestyle-samsungau-kdlyy.amagi.tv/playlist/amg00861-terninternation-lifestyle-samsungau/playlist.m3u8,网络源,https://i.imgur.com/VwAMqA7.png
Infinita TV (1080p),https://s2.tvdatta.com:3753/hybrid/play.m3u8,网络源,https://i.imgur.com/1nHxdkR.png
Informatia TV,https://informatia.streamnet.ro/mobile_tv/informatiatv.m3u8,网络源,https://i.imgur.com/P1ZbVRg.png
Informe TV (1080p) [Not 24/7],https://edge.essastream.com/informetv/tracks-v1a1/mono.m3u8,网络源,https://imgur.com/TmJaXrO.jpg
InfoWars Network (1080p),https://freespeech.akamaized.net/hls/live/2016712/live1/playlist.m3u8,网络源,https://i.imgur.com/a7h9epj.png
Ingenio TV (720p) [Geo-blocked],https://aprende-usea.streaming.media.azure.net/9317ea3f-03a0-4266-9292-ac97a0e41c4d/output-20230609-123537-manifest.ism/manifest(format=m3u8-cmaf).m3u8,网络源,https://i.imgur.com/pAppH1M.png
INH 24x7 (396p),https://d1msejlow1t3l4.cloudfront.net/fta/inh24x7/playlist.m3u8,网络源,https://xstreamcp-assets-msp.streamready.in/assets/LIVETV/LIVECHANNEL/LIVETV_LIVETVCHANNEL_INH_24X7/images/LOGO_HD/image.png
Ink Master,https://jmp2.uk/plu-655f2d713944b60008bc7e90.m3u8,网络源,https://images.pluto.tv/channels/655f2d713944b60008bc7e90/colorLogoPNG.png
Ink Master,https://jmp2.uk/plu-60807fd5db701400078219c2.m3u8,网络源,https://images.pluto.tv/channels/655f2d713944b60008bc7e90/colorLogoPNG.png
Inmaculada TV (720p) [Not 24/7],https://live20.bozztv.com/akamaissh101/ssh101/radiotvcholy/playlist.m3u8,网络源,https://i.imgur.com/2lisFJV.png
Inooro TV,https://live-onesignal.royalmedia.co.ke/live/T-MxRsFebq6zx7k2QFMbLw.m3u8,网络源,https://i.imgur.com/5qFJtmo.png
Insayt TV (2160p),https://stream8.cinerama.uz/1416/tracks-v1a1/mono.m3u8,网络源,https://i.imgur.com/slLuRel.png
Inside Crime (1080p),https://aenetworks-insidecrime-rakuten.amagi.tv/playlist.m3u8,网络源,https://i.imgur.com/wvQYWsj.png
Instant Saga,https://jmp2.uk/plu-60549e98061b5f000776866a.m3u8,网络源,https://i.imgur.com/PMpwaQN.png
Insync (576p),https://mumt04.tangotv.in/m18aqlK4INSYNC/index.m3u8,网络源,https://jiotvimages.cdn.jio.com/dare_images/images/Insync.png
Inter TV (1080p),https://d3k8wzt41aflvx.cloudfront.net/INTERTV/Live.m3u8,网络源,https://i.imgur.com/FUTqh2L.png
Inter+ (720p),https://cdn15.live-tv.cloud/ua_infinitas_tv/inter-abr/playlist.m3u8,网络源,https://i.imgur.com/Y392Hh4.png
Interactiva TV (720p),https://unlimited2-cl-isp.dps.live/radiointeractiva/radiointeractiva.smil/playlist.m3u8,网络源,https://i.imgur.com/RcjwlX4.png
Interactivo Television (720p),https://mist01.homestream.fun/hls/interactivotv2/index.m3u8,网络源,https://i.imgur.com/sGOSDo2.jpeg
Interalmeria TV (1080p),https://interalmeria.tv/directo/live.m3u8,网络源,https://i.imgur.com/ulSkAjZ.png
Intercomarcal TV (576p) [Not 24/7],https://streamingtvi.gestec-video.com/hls/tvixa.m3u8,网络源,https://i.imgur.com/KLPSnAT.png
Interradio TV,https://tv.arkeo.cl:1936/8002/8002/playlist.m3u8,网络源,https://i.imgur.com/3875n4G.png
interTV (1080p),https://streamtv.intervenhosting.net:3439/hybrid/play.m3u8,网络源,https://i.ibb.co/HG2DM8G/IMG-20230705-153952.jpg
Inti TV (1080p) [Not 24/7],https://5e2f36bc1c433.streamlock.net/inti/inti-network.stream/.m3u8,网络源,https://i.imgur.com/2WirGqb.png
InTravel (1080p),https://amg00861-amg00861c10-rakuten-uk-3152.playouts.now.amagi.tv/playlist.m3u8,网络源,https://jiotvimages.cdn.jio.com/dare_images/images/Intravel.png
INTROUBLE (1080p),https://amg00861-amg00861c6-stirr-us-8229.playouts.now.amagi.tv/playlist.m3u8,网络源,https://i.imgur.com/a40chFI.png
Intuitiva TV (720p),https://video2.lhdserver.es/cableperu/live.m3u8,网络源,https://i.imgur.com/zcehR4M.png
INTV Australia (720p),http://tv1.intv.mk:1935/live/intv/index.m3u8,网络源,https://i.imgur.com/1nJl0Pv.png
Invasiva TV (720p),https://tv-omega-nine.vercel.app/hls/live.m3u8,网络源,https://i.imgur.com/R9E6jEC.png
Investiga,https://jmp2.uk/plu-5cf96b8f4f1ca3f0629f4bf1.m3u8,网络源,https://images.pluto.tv/channels/5cf96b8f4f1ca3f0629f4bf1/colorLogoPNG.png
Investigation by Pluto TV,https://jmp2.uk/plu-6683cd2fca74680008772545.m3u8,网络源,https://images.pluto.tv/channels/6683cd2fca74680008772545/colorLogoPNG_1747399523793.png
INWILD (1080p),https://amg00861-terninternation-inwild-samsunguk-w5wic.amagi.tv/playlist/amg00861-terninternation-inwild-samsunguk/playlist.m3u8,网络源,https://cdn.uc.assets.prezly.com/92770c71-9d6f-400f-8311-38e9cfec52c2/InWild_landscape-green.png
InWonder (1080p),https://amg00861-terninternation-inwonder-samsungau-1k63k.amagi.tv/playlist/amg00861-terninternation-inwonder-samsungau/playlist.m3u8,网络源,https://cdn.uc.assets.prezly.com/f12e798d-6da4-46e1-8ec5-e391d6762659/InWonder_portrait-purple.png
ION Plus (1080p),https://cdn-uw2-prod.tsv2.amagi.tv/linear/amg01438-ewscrippscompan-ionplus-tablo/playlist.m3u8,网络源,https://upload.wikimedia.org/wikipedia/en/b/bf/Court_TV_2019.png
iON TV (576p),https://ap02.iqplay.tv:8082/iqb8002/i09/playlist.m3u8,网络源,https://i.imgur.com/E8VwnK7.png
ION TV (720p),http://23.237.104.106:8080/USA_ION/index.m3u8,网络源,https://i.imgur.com/ocs2DeU.png
Ionian Channel (1080p) [Not 24/7],http://stream.ioniantv.gr:8081/ionian/live/playlist.m3u8,网络源,https://i.imgur.com/JILN3kS.png
IP Noticias (720p),https://twitch-m3u8.bastypro112.workers.dev/argentina_12tw/index.m3u8,网络源,https://i.imgur.com/dbu9nx4.png
IQ Channel (720p),https://rtmp.info/iqtv/envivo/playlist.m3u8,网络源,https://i.imgur.com/hwuaomt.png
Iqra Bangla (576p),https://tvsen3.aynaott.com/EuEy5mBW/index.m3u8,网络源,https://i.imgur.com/BZBZAeC.png
Iqra TV,https://cdn149.anystream.uk:8082/app/iq53la/playlist.m3u8,网络源,https://iqra.tv/wp-content/uploads/2019/12/IQ-logo-light-120px.png
Iqraa Africa & Europe (1080p),https://playlist.fasttvcdn.com/pl/dlkqw1ftuvuuzkcb4pxdcg/Iqraafasttv1/playlist.m3u8,网络源,https://i.imgur.com/nUlZvSe.png
Iqraa Arabic (1080p) [Not 24/7],https://playlist.fasttvcdn.com/pl/dlkqw1ftuvuuzkcb4pxdcg/Iqraafasttv3/playlist.m3u8,网络源,https://i.imgur.com/HPVsIa4.png
Iqraa Quran (1080p),https://playlist.fasttvcdn.com/pl/dlkqw1ftuvuuzkcb4pxdcg/Iqraafasttv2/playlist.m3u8,网络源,https://i.imgur.com/HPVsIa4.png
Iquique TV (1080p),https://origin.skarnetchile.com:8081/iquiquetv-hd/index.m3u8,网络源,https://i.imgur.com/ZpXXLox.png
Iran International (1080p),https://hlspackager.akamaized.net/live/DB/IRAN_INTERNATIONAL/HLS/IRAN_INTERNATIONAL.m3u8,网络源,https://i.imgur.com/55RpaF3.png
Iran Jewish TV,http://iran620.com:1935/live/IranJewishTv/playlist.m3u8,网络源,https://i.ibb.co/JWXs7csN/en.png
Iran Nama,https://iran613hls.wns.live/hls/stream.m3u8,网络源,
Iran National Revolution TV,https://hls.irannrtv.live/hls/stream.m3u8,网络源,
Iran Press,https://live.presstv.ir/hls/presstv_5_482/index.m3u8,网络源,https://upload.wikimedia.org/wikipedia/commons/thumb/d/d7/%D9%84%D9%88%DA%AF%D9%88_%D8%A7%DB%8C%D8%B1%D8%A7%D9%86_%D9%BE%D8%B1%D8%B3.jpg/960px-%D9%84%D9%88%DA%AF%D9%88_%D8%A7%DB%8C%D8%B1%D8%A7%D9%86_%D9%BE%D8%B1%D8%B3.jpg
IraneFarda TV,https://iranefardalive.com/stream/live.m3u8,网络源,https://i.imgur.com/ixgcgZY.png
Iraq Future (480p),https://viewmedia7219.bozztv.com/wmedia/viewmedia100/web_040/Stream/playlist.m3u8,网络源,https://i.imgur.com/Z7woTe5.png
IRIB1,https://ncdn.telewebion.ir/tv1/live/playlist.m3u8,网络源,https://upload.wikimedia.org/wikipedia/commons/thumb/d/d7/IRIBTV1.svg/960px-IRIBTV1.svg.png
IRIB2,https://ncdn.telewebion.ir/tv2/live/playlist.m3u8,网络源,https://upload.wikimedia.org/wikipedia/commons/thumb/1/16/IRIB_TV2_logo.svg/960px-IRIB_TV2_logo.svg.png
IRIB3,https://ncdn.telewebion.ir/tv3/live/playlist.m3u8,网络源,https://upload.wikimedia.org/wikipedia/commons/thumb/6/6d/IRIB_TV3_LOGO.svg/960px-IRIB_TV3_LOGO.svg.png
IRIB4,https://ncdn.telewebion.ir/tv4/live/playlist.m3u8,网络源,https://upload.wikimedia.org/wikipedia/commons/thumb/f/fd/IRIB_TV4_logo.svg/960px-IRIB_TV4_logo.svg.png
IRIB UHD (2160p),https://ncdn.telewebion.ir/faratar/live/playlist.m3u8,网络源,https://upload.wikimedia.org/wikipedia/commons/thumb/f/fd/IRIB_FARATAR_UHD.png/960px-IRIB_FARATAR_UHD.png
IRINN (576p),http://185.9.2.18/chid_926/index.m3u8,网络源,https://i.imgur.com/8tzsC9h.png
IRINN2 Live Farsi News,https://ncdn.telewebion.ir/irinn2/live/playlist.m3u8,网络源,https://i.imgur.com/8tzsC9h.png
Iris [Geo-blocked],https://live3-mediaset-it.akamaized.net/Content/hls_h0_clr_vos/live/channel(ki)/index.m3u8,网络源,https://i.imgur.com/ZLnSLh4.png
Iris HD (1080p),https://live02-seg.msf.cdn.mediaset.net/live/ch-ki/ki-clr.isml/index.m3u8,网络源,https://i.imgur.com/ZLnSLh4.png
Iron Chef,https://jmp2.uk/plu-6582f8dadfed030008e5a93d.m3u8,网络源,https://i.imgur.com/rk7fMNe.png
IRT (720p),https://stream.irt.ua/memfs/8fac7cbb-3356-4a03-bb77-4439b727ebd2.m3u8,网络源,https://i.imgur.com/tDTUIRm.png
ISA TV,https://scl.edge.grupoz.cl/isatv/live/playlist.m3u8,网络源,https://i.imgur.com/24qGdyn.jpeg
Isaac TV (720p),https://livecdn.live247stream.com/isaac/tv/playlist.m3u8,网络源,https://i.imgur.com/RHDbsiO.png
Isai Aruvi (396p),https://segment.yuppcdn.net/140622/isaiaruvi/playlist.m3u8,网络源,https://xstreamcp-assets-msp.streamready.in/assets/LIVETV/LIVECHANNEL/LIVETV_LIVETVCHANNEL_ISAI_ARUVI/images/LOGO_HD/image.png
Isango TV (480p) [Not 24/7],http://80.241.215.175:1935/isangostar/isangostar/playlist.m3u8,网络源,https://i.imgur.com/EfsHaMQ.png
Isfahan,https://ncdn.telewebion.ir/esfahan/live/playlist.m3u8,网络源,https://upload.wikimedia.org/wikipedia/commons/thumb/e/e9/IsfahanTV.svg/960px-IsfahanTV.svg.png
Ishtar TV (1080p),https://stream.ishtartv.com/live/iShtarHD/playlist.m3u8,网络源,https://i.imgur.com/qzApokm.png
Ishwar Bhakti TV (720p),https://6n3yow8pl9ok-hls-live.5centscdn.com/ishwartvlive/tv.stream/playlist.m3u8,网络源,https://xstreamcp-assets-msp.streamready.in/assets/LIVETV/LIVECHANNEL/LIVETV_LIVETVCHANNEL_ISHWAR_TV/images/LOGO_HD/image.png
Isibo TV,https://5c46fa289c89f.streamlock.net/pub2live/myStream/playlist.m3u8,网络源,https://i.imgur.com/bXhEeTC.png
Isla TV (480p),https://59d39900ebfb8.streamlock.net/islatv/islatv/playlist.m3u8,网络源,https://i.imgur.com/l11Ixhi.jpeg
Islam Channel (576p) [Not 24/7],https://live.islamchannel.tv/live11/islamtv_english/bitrate1.isml/live.m3u8,网络源,https://i.imgur.com/bJdFH7x.png
Island Luck TV,https://cdn3.wowza.com/5/dFA0TmRpeFdNVXhT/NetUp/ILTV.stream/playlist.m3u8,网络源,https://i.imgur.com/P0gDN5n.png
Islandia (720p),https://cdn15.live-tv.cloud/ua_infinitas_tv/islandiya-abr/playlist.m3u8,网络源,https://i.imgur.com/9ql4jXv.png
Islita TV (1080p),https://tv.arkeo.cl:1936/unetev/unetev/playlist.m3u8,网络源,https://i.imgur.com/YGLbCeC.png
Istoki (1080p),https://istoki.tv/live/stream1/playlist.m3u8,网络源,https://istoki.tv/local/templates/istoki_new/img/logo.png
Istoriya (576p),http://hls127.freeott.top:8080/Istoriya/video.m3u8,网络源,https://i.imgur.com/eEjPail.png
iSTUFF (720p) [Not 24/7],https://relay2.cdn.fem-net.de/hls/loop/istuff_live/istuff_live-720p.m3u8,网络源,https://i.imgur.com/1V3UXVb.jpg
ISTV (720p) [Not 24/7],https://stmv1.srvstm.com/sistema7933/sistema7933/playlist.m3u8,网络源,https://i.imgur.com/RUKVrOH.png
ISTV (480p),https://livefta.malimarcdn.com/ftaedge00/ichannel.sdp/playlist.m3u8,网络源,https://i.imgur.com/TGAKFcV.jpg
It Is Written TV (1080p),https://itiswrittentv.akamaized.net/xR8gyATuHMVx69u9G79DXnpNRL/playlist.m3u8,网络源,https://i.imgur.com/0jgzoSF.png
It's Supernatural! Network (1080p),https://content.uplynk.com/channel/b880a791bf95426d917a509e0c44796a.m3u8,网络源,https://i.imgur.com/JWrdL9a.png
Itage TV (480p),https://viewmedia7219.bozztv.com/wmedia/viewmedia100/web_011/Stream/playlist.m3u8,网络源,https://i.imgur.com/FP1aUPw.jpg
Italia 1 [Geo-blocked],https://live3-mediaset-it.akamaized.net/Content/hls_h0_clr_vos/live/channel(i1)/index.m3u8,网络源,https://upload.wikimedia.org/wikipedia/commons/thumb/c/cc/Italia_1_logo.svg/500px-Italia_1_logo.svg.png
Italia 2 (480p) [Geo-blocked],https://59d7d6f47d7fc.streamlock.net/italia2/italia2/playlist.m3u8,网络源,https://upload.wikimedia.org/wikipedia/commons/thumb/c/c5/Logo_Italia2.svg/960px-Logo_Italia2.svg.png
Italia 2 TV (480p) [Geo-blocked],http://wms.shared.streamshow.it/italia2/mp4:italia2/playlist.m3u8,网络源,https://i.imgur.com/TDSgG28.png
Italia 7 (576p),http://151.0.207.99:1935/italia7/italia7/playlist.m3u8,网络源,https://i.imgur.com/xc0kUHk.png
Italian Fishing TV (1080p),https://fms.premio.link/fishingtv/playlist.m3u8,网络源,https://i.imgur.com/qrn6tUO.png
Italianissimo (360p) [Not 24/7],https://vcp.myplaytv.com/italianissimo/italianissimo/playlist.m3u8,网络源,https://i.imgur.com/JCpbUZB.png
Itel TV Canal 2,https://proxystream.iteltv.com.ar/output/iteltv/playlist.m3u8,网络源,https://i.imgur.com/OxmpRDx.png
ITV (480p),https://cdn10.live-tv.cloud/itvrv/abr-lq/playlist.m3u8,网络源,https://i.imgur.com/NZdT9yJ.png
ITV2 HD (1080p),https://xemzi.short.gy/1000012,网络源,https://i.imgur.com/2BpUK0W.png
ITV Deportes (720p),https://thm-it-roku.otteravision.com/thm/it/it.m3u8,网络源,https://iili.io/J1kV1Bn.png
iTV HD,https://ip.pdtvhd.com/Khmer/streams/ITVHD.m3u8,网络源,https://i.imgur.com/qIPvw8N.jpg
ITV Patagonia (720p),https://redirector.dps.live/hls/itv/playlist.m3u8,网络源,https://rhk91h.infiniteuploads.cloud/2025/08/Logo-ITV-Patagonia.jpg
Iunior TV (1080p),https://5f22d76e220e1.streamlock.net/iuniortv/iuniortv/chunklist_w774879328.m3u8,网络源,https://i.imgur.com/FBOJnfT.png
Ivoire Channel (720p),https://video1.getstreamhosting.com:1936/8244/8244/playlist.m3u8,网络源,https://i.imgur.com/gKbNqQv.png
Izmail TV (384p),https://cdn10.live-tv.cloud/izod/izod-abr-lq/playlist.m3u8,网络源,https://i.imgur.com/CxsUpGz.png
J3NEWS TV,https://video01.brascast.com/d92ebb4f/d92ebb4f/playlist.m3u8,网络源,https://i.imgur.com/lezIQyL.png
Jacal Canal 5 (720p) [Not 24/7],https://stream.oursnetworktv.com/latin/jacaltv/playlist.m3u8,网络源,https://i.imgur.com/k1oW0C6.png
Jacksonville Onslow Government Television (G10TV) (Jacksonville NC) (1080p),https://reflect-jacksonville.cablecast.tv/live-8/live/live.m3u8,网络源,https://i.imgur.com/5VPgAxB.jpg
Jade (1080p),http://103.172.187.30:12000/stream/mytv/null-1/master.m3u8,网络源,https://raw.githubusercontent.com/wanglindl/TVlogo/main/img/TVB1.png
JAG,https://jmp2.uk/plu-65ccd26060eb870008db95fc.m3u8,网络源,https://images.pluto.tv/channels/65ccd26060eb870008db95fc/colorLogoPNG.png
JAG,https://jmp2.uk/plu-660e5dc60cd4630008f6198a.m3u8,网络源,https://images.pluto.tv/channels/65ccd26060eb870008db95fc/colorLogoPNG.png
JAG,https://jmp2.uk/plu-654a4ab92c1d330008657ae5.m3u8,网络源,https://images.pluto.tv/channels/654a4ab92c1d330008657ae5/colorLogoPNG.png
JAG,https://jmp2.uk/plu-654a4fc753fc9700083ae79f.m3u8,网络源,https://images.pluto.tv/channels/654a4ab92c1d330008657ae5/colorLogoPNG.png
JAG,https://jmp2.uk/plu-654a515f986ad20008a4593b.m3u8,网络源,https://images.pluto.tv/channels/654a4ab92c1d330008657ae5/colorLogoPNG.png
JAG,https://jmp2.uk/plu-66a105f4a79dea0008aa5e0f.m3u8,网络源,https://images.pluto.tv/channels/66a105f4a79dea0008aa5e0f/colorLogoPNG.png
Jahanbin,https://ncdn.telewebion.ir/jahanbin/live/playlist.m3u8,网络源,https://upload.wikimedia.org/wikipedia/fa/thumb/4/4a/Shahrekord_Jahanbin.svg/960px-Shahrekord_Jahanbin.svg.png
Jahonnamo (1080p),https://live.teleradiocom.tj/4/3m.m3u8,网络源,https://i.imgur.com/ffqdD8W.png
Jai Maharashtra (576p),https://d1msejlow1t3l4.cloudfront.net/fta/jaimaharashtra/playlist.m3u8,网络源,https://jiotvimages.cdn.jio.com/dare_images/images/Jai_Maharashtra.png
Jaihind TV (576p),https://mumt03.tangotv.in/Dsly5z3HJAIHIND/index.m3u8,网络源,https://i.imgur.com/NaiA73p.png
Jail,https://e85541db4ae943d9b5a09477d6b1d8ab.mediatailor.us-east-1.amazonaws.com/v1/master/44f73ba4d03e9607dcd9bebdcb8494d86964f1d8/RakutenTV-eu_Jail/playlist.m3u8,网络源,https://provider-static.plex.tv/epg/cms/production/08872b9b-a4a7-4533-a19b-d2c24a7bf2f1/JAIL_-_channel_logo_-_light_-_dark_-_1500x1000.png_James_Roebuck.png
Jalisco TV (720p),https://video0.rogohosting.com:19360/sisjalisciense/sisjalisciense.m3u8,网络源,https://i.imgur.com/N4meE8I.png
Jalwa TV,http://119.156.228.231:9983/stream/channelid/1893273325?profile=pass&ticket=B3DB50D5930411D593B973B8404789C46D3559B8,网络源,https://i.imgur.com/HWb5Iat.png
Jamaica Online TV (1080p) [Not 24/7],https://tvsw7-hls.secdn.net/tvsw7-chorigin/play/prod-bb11dd0e11ca45229a3f58aeff5213d8/playlist.m3u8,网络源,https://i.imgur.com/Aw9u4Ax.png
Jamaica Travel Channel (720p),https://stream-207076.castr.net/651b2d8bde8119abf5dabf19/live_2e935360c78c11eea7a2615e1a7388f3/index.m3u8,网络源,https://i.imgur.com/ewdPTh8.png
Jambi TV,https://jambitv.globaldigitalcore.com/hls/sah5tu7Eiveepohyieyie3OoteL2anga.m3u8,网络源,https://static.wikia.nocookie.net/logopedia/images/1/15/Jambi_TV.png
Jambyl (360p) [Not 24/7],https://stream.kaztrk.kz/regional/taraztv/index.m3u8,网络源,https://i.imgur.com/X7N3JK4.png
Jan TV (576p),https://d1msejlow1t3l4.cloudfront.net/fta/jantv/playlist.m3u8,网络源,https://xstreamcp-assets-msp.streamready.in/assets/LIVETV/LIVECHANNEL/LIVETV_LIVETVCHANNEL_JAN_TV/images/LOGO_HD/image.png
Janam TV (576p),https://mumt03.tangotv.in/Dsly5z3HJANAMTV/index.m3u8,网络源,https://dtil.tmsimg.com/assets/s143221_ld_h15_aa.png?lock=720x540
Janapriyam TV (480p),http://103.72.101.252:8080/live/1455.m3u8,网络源,https://jiotvimages.cdn.jio.com/dare_images/images/Janapriyam_News.png
Janta TV (1080p),https://live.jswk.online/IK_RTPM/live/index.m3u8,网络源,https://xstreamcp-assets-msp.streamready.in/assets/LIVETV/LIVECHANNEL/LIVETV_LIVETVCHANNEL_JANTA_TV/images/LOGO_HD/image.png
Jantantra TV (576p),https://mumt05.tangotv.in/87NeALx2JANTANTRA/index.m3u8,网络源,https://jiotvimages.cdn.jio.com/dare_images/images/Jantantra.png
Japanim TV (1080p),https://foxkidstv.be:3369/stream/play.m3u8,网络源,https://static-cdn.jtvnw.net/jtv_user_pictures/6b97e19f-4243-4d48-b794-ff8cf54d795f-profile_image-300x300.png
JARABACOA TV (1080p) [Not 24/7],https://streaming.jarabacoatv.com/Jarabacoa_tv/playlist.m3u8,网络源,https://imgur.com/m9WCrlw.jpg
Jászsági Térségi TV (440p),https://cloudfront44.lexanetwork.com:1344/relay01/broadcast007.sdp/playlist.m3u8,网络源,https://i.imgur.com/bsDN0lH.png
Jawa Pos TV Jakarta (720p),http://122.248.43.242:1935/JAWAPOSTVJKT/_definst_/myStream/playlist.m3u8,网络源,https://upload.wikimedia.org/wikipedia/commons/thumb/7/77/Jawa_Pos_TV_2024.svg/960px-Jawa_Pos_TV_2024.svg.png
Jawhara TV (720p) [Not 24/7],http://streaming.toutech.net:1935/live/mp4:jawharafm.sdp/playlist.m3u8,网络源,https://i.imgur.com/mRSQ5bP.png
Jaya Max (576p),http://103.72.101.252:8080/live/420.m3u8,网络源,https://xstreamcp-assets-msp.streamready.in/assets/LIVETV/LIVECHANNEL/LIVETV_LIVETVCHANNEL_JAYA_MAX/images/LOGO_HD/image.png
Jaya TV (1080p),http://103.72.101.252:8080/live/419.m3u8,网络源,https://xstreamcp-assets-msp.streamready.in/assets/LIVETV/LIVECHANNEL/LIVETV_LIVETVCHANNEL_JAYA_TV/images/LOGO_HD/image.png
Jaya TV (480p),https://edge3-moblive.yuppcdn.net/drm/smil:jayamagatvdrm.smil/index.m3u8,网络源,https://i.imgur.com/J8NA1i9.jpeg
Jazz TV (1080p) [Not 24/7],https://stream.nasatv.com.mk/jazztv/hls/jazztv_live.m3u8,网络源,https://i.imgur.com/CbQlSFX.png
JBN Canal 39 (720p) [Not 24/7],https://hdbox.chunklistv.com/live?stream=jbn39,网络源,https://i.imgur.com/vFi0FMZ.png
JBN TV (1080p),https://tv.webmedialive.com/jbn_live/enlace/playlist.m3u8,网络源,https://i.imgur.com/4EbHIvf.png
JBS (720p),https://rpn3.bozztv.com/jbstv-srt/srt-push/jbstv/playlist.m3u8,网络源,https://yt3.googleusercontent.com/ytc/AIdro_lDWY-W9dD7UvLlp1NuWLJs1wV6t_KjeOT-1iVVIGuLZ8U=s512-c-k-c0x00ffffff-no-rj
JČ1 (1080p),https://stream.jc1.cz/hls/jc1.m3u8,网络源,https://i.imgur.com/AM8YtcV.png
JCM TV (720p) [Not 24/7],https://goliveafrica.media:9998/live/646c92d07b16c/index.m3u8,网络源,https://i.imgur.com/28YB7dD.jpg
Jeddah Radio (1080p),https://live.kwikmotion.com/sbrksajeddahradiolive/srpksajeddahradio/chunks.m3u8,网络源,https://aloula.faulio.com/storage/mediagallery/bd/f5/fullhd_527bf54a5adb56ac17f572ac2cd0801304db3baf.png
Jednotka,http://88.212.15.19/live/test_jednotka_25p/playlist.m3u8,网络源,https://i.imgur.com/aqVki9i.png
Jeevan TV (576p),https://cdn-3.pishow.tv/live/1467/master.m3u8,网络源,https://jiotvimages.cdn.jio.com/dare_images/images/Jeevan_TV.png
Jehová Nissi (720p),https://stream.oursnetworktv.com/latin/nissiGtmH/playlist.m3u8,网络源,https://i.imgur.com/2BkL4wq.png
Jehova TV,https://mp.panelchs.com:1936/8038/8038/playlist.m3u8,网络源,https://i.imgur.com/ylZKG57.png
Jeremiah TV,https://x.streamablecloud.com/stream/hls/jeremiahtv/index.m3u8,网络源,https://raw.githubusercontent.com/songwenhui239/Songwenhui239/refs/heads/main/Jeremiah%20TV.jpeg
Jersey Shore,https://jmp2.uk/plu-6442508e5a0cd500083edd3c.m3u8,网络源,https://images.pluto.tv/channels/6442508e5a0cd500083edd3c/colorLogoPNG.png
Jersey Shore,https://jmp2.uk/plu-64424b21e1979c0008379681.m3u8,网络源,https://images.pluto.tv/channels/6442508e5a0cd500083edd3c/colorLogoPNG.png
Jersey Shore,https://jmp2.uk/plu-64424c1be94c380008d0a98c.m3u8,网络源,https://images.pluto.tv/channels/6442508e5a0cd500083edd3c/colorLogoPNG.png
Jersey Shore,https://jmp2.uk/plu-609bfa51fbecc1000733152e.m3u8,网络源,https://i.imgur.com/SssCaj1.png
Jersey Shore Family Vacation,https://jmp2.uk/plu-6728c831c7626f0008b28127.m3u8,网络源,https://images.pluto.tv/channels/6728c831c7626f0008b28127/colorLogoPNG.png
Jersey Shore Family Vacation,https://jmp2.uk/plu-6728c87cc7626f0008b28149.m3u8,网络源,https://images.pluto.tv/channels/6728c831c7626f0008b28127/colorLogoPNG.png
Jersey Shore Family Vacation,https://jmp2.uk/plu-6728c8b45534bb0008b31f35.m3u8,网络源,https://images.pluto.tv/channels/6728c831c7626f0008b28127/colorLogoPNG.png
Jewelry Television (720p),https://content.jwplatform.com/live/broadcast/oe7UD7Ag.m3u8,网络源,https://upload.wikimedia.org/wikipedia/en/5/50/Jewelry_television_logo.png
Jewelry TV 2 (720p),https://cdn.jwplayer.com/live/broadcast/0rrJ3kkM.m3u8,网络源,
Jewish Life Television (1080p),https://jlt-jltv-strimm.otteravision.com/jlt/jltv/jltv.m3u8,网络源,https://yt3.googleusercontent.com/i6ETvgNzA8vvGCo-Ih6eo2XZUwz2VVMnstLyNZVXBlwa4uOeUIEl-3tzphB8phJaibe-FPQ5Fw=s512-c-k-c0x00ffffff-no-rj
JFV TV (720p),https://2nbyj587d53k-hls-live.5centscdn.com/09/25b94ec89b2aa708c3c4ad0014b09845.sdp/playlist.m3u8,网络源,https://i.imgur.com/SrmI6nU.jpeg
Jiangxi Children's Channel,https://play-live-hls.jxtvcn.com.cn/live-city/tv_jxtv6.m3u8,网络源,https://www.tvchinese.net/uploads/tv/jxtv6.jpg
Jiangxi City Channel,https://play-live-hls.jxtvcn.com.cn/live-city/tv_jxtv2.m3u8,网络源,https://www.tvchinese.net/uploads/tv/jxds.jpg
Jiangxi Economy & Life Channel,https://play-live-hls.jxtvcn.com.cn/live-city/tv_jxtv3.m3u8,网络源,https://www.tvchinese.net/uploads/tv/jxtv3.jpg
Jiangxi Movie Channel,https://play-live-hls.jxtvcn.com.cn/live-city/tv_jxtv4.m3u8,网络源,https://www.tvchinese.net/uploads/tv/jiangxi.jpg
Jiangxi Public & Agriculture Channel,https://play-live-hls.jxtvcn.com.cn/live-city/tv_jxtv5.m3u8,网络源,https://www.tvchinese.net/uploads/tv/jxgg.jpg
Jibek Joly HD (1080p),https://stream.qazcdn.net/ex6r514/jjtv/playlist.m3u8,网络源,https://i.imgur.com/SqyXtgK.png
Jihočeská televize (1080p),https://vysilani.zaktv.cz/broadcast/hls/jtv/index.m3u8,网络源,https://i.imgur.com/Hi8hZzl.png
Jilin City Channel,https://lsfb.avap.jilintv.cn/zqvk7vpj/channel/7e8474e6daea44ccaa5aa2300191439e/index.m3u8,网络源,https://www.tvchinese.net/uploads/tv/jldspd.jpg
Jilin Lifestyle Channel,https://lsfb.avap.jilintv.cn/zqvk7vpj/channel/0a76740c72b74fabae611845aa21e06a/index.m3u8,网络源,https://www.tvchinese.net/uploads/tv/jlshpd.jpg
Jilin Movie Channel,https://lsfb.avap.jilintv.cn/zqvk7vpj/channel/906341e6f19b4c4bacdc89941eb85d12/index.m3u8,网络源,https://www.tvchinese.net/uploads/tv/jlyspd.jpg
Jilin Rural Channel,https://lsfb.avap.jilintv.cn/zqvk7vpj/channel/3ffc4824dce54b92be185555923ce382/index.m3u8,网络源,https://www.tvchinese.net/uploads/tv/jlxcpd.jpg
Jim (720p),https://live-fi.tvkaista.net/jim/live.m3u8?hd=true,网络源,https://i.imgur.com/PkMgY0K.png
Jimani TV (360p) [Geo-blocked],https://cloud2.streaminglivehd.com:1936/8246/8246/playlist.m3u8,网络源,https://imgur.com/EPYHUSc.jpeg
JimJam Europe (720p),http://212.5.144.156:8080/jimjam/index.m3u8,网络源,https://i.imgur.com/ODhkYyx.png
Jin TV,https://live.jintv.org/medialive/jintv.m3u8,网络源,https://i.imgur.com/37ajg2j.png
Jinvani Channel (720p),https://cdn-2.pishow.tv/live/989/master.m3u8,网络源,https://dtil.tmsimg.com/assets/s143230_ld_h15_aa.png?lock=720x540
JK 24x7 News (720p) [Not 24/7],https://live.gulistannews.in/hls/jk.m3u8,网络源,https://dtil.tmsimg.com/assets/s143237_ld_h9_aa.png?lock=720x540
JKN 18 (1080p),https://lb1-live-mv.v2h-cdn.com/hls/ffda/jkn18/jkn18.m3u8,网络源,https://i.imgur.com/m4nPR2L.png
JN 19 (720p),http://187.102.210.46/JN19/index.m3u8,网络源,https://i.imgur.com/dudxyqk.png
JNE TV (720p),https://lbgo.bozztv.com/ssh101/ssh101/jnetv/playlist.m3u8,网络源,https://i.imgur.com/b25XfCj.png
JOAX-DTV,https://ntv5.mov3.co/hls/ntv.m3u8,网络源,https://i.imgur.com/IxD8V5X.png
JOB TV (1080p),https://jobtvserver.eu/hls/stream.m3u8,网络源,https://i.imgur.com/UzcZNe3.png
JOCX-DTV,https://fujitv4.mov3.co/hls/fujitv.m3u8,网络源,https://i.imgur.com/sEWDmMD.png
Joe FM (720p) [Not 24/7],https://dpp-streamlive-plain.medialaancdn.be/joe_kijklive/plain/hls_hd.m3u8,网络源,https://i.ibb.co/k9KJWzN/320px-Joe-radio-logo-2016-svg.png
Joel Osteen Network (1080p),https://linear-860.frequency.stream/dist/xumo/860/hls/master/playlist.m3u8,网络源,https://www.tablotv.com/wp-content/uploads/2025/05/Osteen_black.png
JOEX-DTV (540p),https://tvasahi.mov3.co/hls/tvasahi.m3u8,网络源,https://i.imgur.com/YCqB5Kj.png
Jogja Istimewa TV (720p),http://103.255.15.222:1935/tv/jitv_720p/playlist.m3u8,网络源,https://i.imgur.com/VEqQfTu.png
Jogja TV (720p) [Not 24/7],https://stream.jogjatv.co.id/jtvlive/stream/index.m3u8,网络源,https://static.wikia.nocookie.net/logopedia/images/4/40/Jogjatvnew.png
JOJG-DTV (1080p),https://tv-stream-test.daydreamer-json.cc/fe8bf835820fb530467f75a9cb761504/hevc/playlist.m3u8,网络源,https://i.imgur.com/fAZ2BEZ.png
JonmoBhumi TV (720p),https://jtvs.ncare.live/Gznr84Woj7UEye3OPVeWq2ForboWAgdV/jonmobhumitv.stream/playlist.m3u8,网络源,https://i.imgur.com/2snahLk.png
JooMusic (720p),https://livecdn.live247stream.com/joomusic/tv/playlist.m3u8,网络源,https://i.imgur.com/KHuKQQL.png
Jordan Archive (1080p),https://playlist.fasttvcdn.com/pl/cc0blorawy1ibohhrupraa/Archive/playlist.m3u8,网络源,https://i.imgur.com/8UrCl4k.png
Jordan Comedy (1080p),https://playlist.fasttvcdn.com/pl/cc0blorawy1ibohhrupraa/Comedy/playlist.m3u8,网络源,https://i.imgur.com/DuwwoO2.png
Jordan Drama (1080p),https://playlist.fasttvcdn.com/pl/cc0blorawy1ibohhrupraa/Drama/playlist.m3u8,网络源,https://i.imgur.com/gvIAEsJ.png
Jordan Kitchen (1080p),https://playlist.fasttvcdn.com/pl/cc0blorawy1ibohhrupraa/cooking/playlist.m3u8,网络源,https://i.imgur.com/B45qcQX.png
Jordan Satellite Channel (1080p),https://jrtv-live.ercdn.net/jordanhd/jordanhd.m3u8,网络源,https://i.imgur.com/0XozB5N.png
Jordan Songs (1080p),https://playlist.fasttvcdn.com/pl/cc0blorawy1ibohhrupraa/Song/playlist.m3u8,网络源,https://i.imgur.com/1DE7Gmw.png
Jordan Sport (1080p),http://93.184.10.248/JordanSport/index.m3u8,网络源,https://i.imgur.com/2EmrZPQ.png
Jordan Tourism (1080p),https://playlist.fasttvcdn.com/pl/cc0blorawy1ibohhrupraa/Tourism/playlist.m3u8,网络源,https://i.imgur.com/gpeIoU9.png
Jornada nas Estrelas A Nova Geração,https://jmp2.uk/plu-69162ad79505d0f3b1ebf07d.m3u8,网络源,https://images.pluto.tv/channels/69162ad79505d0f3b1ebf07d/colorLogoPNG_1766066212478.png
Jornada nas Estrelas Deep Space Nine,https://jmp2.uk/plu-69162af591700f4c4c135c95.m3u8,网络源,https://images.pluto.tv/channels/69162af591700f4c4c135c95/colorLogoPNG_1766066526851.png
Jornada nas Estrelas Voyager,https://jmp2.uk/plu-69162b1ef189e235142b17ab.m3u8,网络源,https://images.pluto.tv/channels/69162b1ef189e235142b17ab/colorLogoPNG_1766150123044.png
JORX-DTV,https://tbs5.mov3.co/hls/tbs.m3u8,网络源,https://i.imgur.com/dUn2GRn.png
Joshua TV (720p),https://livecdn.live247stream.com/joshua/tv/playlist.m3u8,网络源,https://i.imgur.com/x9xPR2h.png
Josué TV (1080p),https://videoserver.tmcreativos.com:19360/abbftuhxxs/abbftuhxxs.m3u8,网络源,https://i.imgur.com/LNWGe1D.jpg
Jothi TV (1080p),http://103.154.3.101:5001/live/2768.m3u8,网络源,https://xstreamcp-assets-msp.streamready.in/assets/LIVETV/LIVECHANNEL/LIVETV_LIVETVCHANNEL_JOTHI_TV/images/LOGO_HD/image.png
JOTX-DTV,https://tvtokyo.mov3.co/hls/tvtokyo.m3u8,网络源,https://upload.wikimedia.org/wikipedia/commons/thumb/c/c1/TV_Tokyo_%28Japanese%29_2023.svg/960px-TV_Tokyo_%28Japanese%29_2023.svg.png
JOURNY TV (720p),https://d3s3a5c7f101eb.cloudfront.net/playlist.m3u8,网络源,https://i.imgur.com/1JNrLxq.png
Jovem Pan News (720p),http://45.190.28.50/JP_NEWS/index.m3u8,网络源,https://upload.wikimedia.org/wikipedia/commons/thumb/2/26/Jovem_Pan_logo_2018.svg/960px-Jovem_Pan_logo_2018.svg.png
Joy TV (1080p),https://ktismaservers.in:3412/live/joytvlive.m3u8,网络源,https://joytvchennai.org/wp-content/uploads/2026/04/cropped-512.png
JPD TV [Not 24/7],https://imagenuniversaltv.net:3026/live/juanpabloduartetvlive.m3u8,网络源,https://i0.wp.com/juanpabloduartetv.com/wp-content/uploads/2024/08/logo-JPDTV-100-x-100.png
JRTV Järviradio (720p),https://streamer.radiotaajuus.fi/memfs/47f113bf-04ea-493b-a9d4-52945fd9db31.m3u8,网络源,https://jarviradio.fi/jrtv2/wp-content/uploads/2022/01/jrtv1.jpg
JTBS Classic,https://jtbsclassic.dpdns.org/live.m3u8,网络源,https://jtbsclassic.dpdns.org/logo.png
JTV (720p),http://122.248.43.242:1935/JTVSURABAYA/_definst_/myStream/playlist.m3u8,网络源,https://i.imgur.com/mIDWIQk.png
JTV Kediri (1080p) [Not 24/7],http://122.248.43.242:1935/JTVKEDIRI/_definst_/myStream/playlist.m3u8,网络源,https://i.imgur.com/mIDWIQk.png
JTV Madiun,http://122.248.43.242:1935/JTVMADIUN/_definst_/myStream/playlist.m3u8,网络源,https://i.imgur.com/mIDWIQk.png
JTV Madura (480p) [Not 24/7],http://122.248.43.242:1935/JTVMADURA/_definst_/myStream/playlist.m3u8,网络源,https://i.imgur.com/mIDWIQk.png
JTV Malang,http://122.248.43.242:1935/JTVMALANG/_definst_/myStream/playlist.m3u8,网络源,https://i.imgur.com/mIDWIQk.png
Júbilo TV (720p),http://173.249.60.54/hls/jubilotv.m3u8,网络源,https://i.ibb.co/R4QSfYd/Ba073d3280959c5ba7d25d40052a7349.png
Judge Judy,https://jmp2.uk/plu-622f498d119b4c000719c0b7.m3u8,网络源,https://images.pluto.tv/channels/622f498d119b4c000719c0b7/colorLogoPNG.png
Judge Judy,https://jmp2.uk/plu-6380c36389eccc000858c50f.m3u8,网络源,https://images.pluto.tv/channels/6380c36389eccc000858c50f/colorLogoPNG.png
Judge Judy,https://jmp2.uk/plu-6380c428dd0f47000799907c.m3u8,网络源,https://images.pluto.tv/channels/6380c36389eccc000858c50f/colorLogoPNG.png
Judge Judy,https://jmp2.uk/plu-6380c4ab81c8d2000790fbf3.m3u8,网络源,https://images.pluto.tv/channels/6380c36389eccc000858c50f/colorLogoPNG.png
Judge Nosey (1080p),https://amg00514-noseybaxterllc-realnosey-cineverse-tqbpv.amagi.tv/playlist/amg00514-noseybaxterllc-realnosey-cineverse/playlist.m3u8,网络源,https://i.imgur.com/S4r98AB.png
Juice TV (1080p) [Not 24/7],https://juicex.nz/hls/mystream.m3u8,网络源,https://i.imgur.com/WaaaW0w.png
Junior Technologia TV (1080p) [Not 24/7],https://streamunoapp.com:3616/live/juniorrodrigueztvlive.m3u8,网络源,https://www.vivalivetv.com/public/files/shows/0/1/3812-294x165-FFFFFF.jpg
Juntos TV (720p),https://video.juntostvchile.cl:8879/hls/web-jntv.m3u8,网络源,https://i.imgur.com/U62q2eM.png
Jus Hindi (1080p),http://103.154.3.101:5001/live/960.m3u8,网络源,https://i.imgur.com/5GI7Nh7.png
Jus One (1080p),http://103.154.3.101:5001/live/961.m3u8,网络源,https://i.imgur.com/8NutGr2.png
Jus Punjabi (1080p),http://103.154.3.101:5001/live/959.m3u8,网络源,https://jiotvimages.cdn.jio.com/dare_images/images/JUSPunjabi.png
Just for Laughs Gags (1080p),https://streams2.sofast.tv/ptnr-yupptv/title-JUST_FOR_LAUGHS_GAGS_YUPPTV/v1/master/611d79b11b77e2f571934fd80ca1413453772ac7/2790d143-5874-4146-bf91-9063c52b2f15/manifest.m3u8,网络源,https://i.imgur.com/HjVEVMJ.png
Justicia TV (720p),https://live-scjn.ovp-vivaro.digital/ovp-origin/638a22b47746d/playlist.m3u8,网络源,https://i.imgur.com/zyAS1hk.png
Justicia TV (1080p),http://190.93.224.42/JUSTICIA-TV/index.m3u8,网络源,https://i.imgur.com/VOjLXJd.png
Juwelo (720p),https://sdn-global-live-streaming-packager-cache.3qsdn.com/7441/7441_264_live.m3u8,网络源,https://i.imgur.com/vmX8Qin.png
Juwelo Italia (480p),https://sdn-global-live-streaming-packager-cache.3qsdn.com/7841/7841_264_live.m3u8,网络源,https://i.imgur.com/T3r1khc.png
K2 (1080p),http://stream.mcquack.net/324/index.m3u8,网络源,https://i.imgur.com/NMhydr5.png
K19,https://1853185335.rsc.cdn77.org/K192/tv/playlist.m3u8,网络源,https://i.imgur.com/l4atkvs.png
K24 (1080p),https://livecdn.premiumfree.tv/afxpstr/K24Backup/index.m3u8,网络源,https://i.imgur.com/SUjo6Bm.png
K100 (1080p),https://k100streymi.mbl.is/beint/k100/index.m3u8,网络源,https://i.imgur.com/tv60ogG.png
K Content by CJ ENM (1080p),https://d2q0mzb9bm4w5z.cloudfront.net/68fee8e1_605a_437b_b968_244c3c0d5f24/hls/playlist.m3u8,网络源,https://i.imgur.com/lRy231d.png
K News India (576p),https://mumt07.tangotv.in/zHjX9OFlKNEWSINDIA/index.m3u8,网络源,https://jiotvimages.cdn.jio.com/dare_images/images/K_News_India.png
K-TV (720p),https://d1pz8zear993v8.cloudfront.net/hlsme/kathtv.m3u8,网络源,https://i.imgur.com/RYbR4Sf.png
Kabaddi 24x7 (576p),http://180.188.254.253/live/KABADDI24X7.m3u8,网络源,https://papaji.freetvindia.com/media/kabaddi_24x7.png
Kabbalah for the People (Israel) (504p) [Not 24/7],https://edge3.uk.kab.tv/live/tv66-heb-high/playlist.m3u8,网络源,https://i.imgur.com/VxAHOgr.png
kabel eins,https://dash4.antik.sk/live/test_kabel_eins_tizen/playlist.m3u8,网络源,https://i.imgur.com/6pulSHZ.png
Kaifa TV (576p),http://82.212.74.2:8000/live/7311.m3u8,网络源,https://i.imgur.com/zGGeSQg.png
Kairali Arabia (576p),https://mumt03.tangotv.in/Dsly5z3HKAIRALIARABIA/index.m3u8,网络源,https://i.imgur.com/BBEfplL.png
Kairali News (720p),https://cdn-3.pishow.tv/live/1469/master.m3u8,网络源,https://dtil.tmsimg.com/assets/s143246_ld_h15_aa.png?lock=720x540
Kairali TV (576p),https://mumt01.tangotv.in/O5aw8Zn3KAIRALI/index.m3u8,网络源,https://upload.wikimedia.org/wikipedia/en/thumb/6/6e/Kairali_TV.svg/500px-Kairali_TV.svg.png
Kairali We (576p),https://streams.tangotv.in/WETV/ORIGIN/index.m3u8,网络源,https://xstreamcp-assets-msp.streamready.in/assets/LIVETV/LIVECHANNEL/LIVETV_LIVETVCHANNEL_KAIRALI_WE/images/LOGO_HD/image.png
Kajou TV (720p) [Not 24/7],https://video1.getstreamhosting.com:1936/8055/8055/playlist.m3u8,网络源,https://i.imgur.com/2XzghdT.png
Kalac TV (1080p),https://edge13.vedge.infomaniak.com/livecast/ik:kalactv/chunklist_w280736538.m3u8,网络源,https://i.imgur.com/FgKJiHZ.png
Kalaignar Murasu (396p),https://yuppmedtaorire.akamaized.net/v1/master/a0d007312bfd99c47f76b77ae26b1ccdaae76cb1/murasu_nim_https/050522/murasu/playlist.m3u8,网络源,https://dtil.tmsimg.com/assets/s143561_ld_h15_aa.png?lock=720x540
Kalaignar TV (576p),http://103.72.101.252:8080/live/1209.m3u8,网络源,https://ltsk-cdn.s3.eu-west-1.amazonaws.com/jumpstart/Temp_Live/cdn/HLS/Channel/transparentImages/Kalaignar%20TV.png
Kalemeh TV,https://klmhls.wns.live/hls/stream.m3u8,网络源,https://i.imgur.com/RsKKULI.png
Kalemeh TV,https://kalemeh.tv/live/hls/gate.php?p=/live/ngrp:kalemeh_all/playlist.m3u8,网络源,https://i.imgur.com/RsKKULI.png
Kalika TV (576p),http://server.applelive.in/kalikatv/kalikatv.m3u8,网络源,https://i.imgur.com/XWXFoJA.png
Kalinga TV (576p),https://mumt01.tangotv.in/O5aw8Zn3KALINGATV/index.m3u8,网络源,https://xstreamcp-assets-msp.streamready.in/assets/LIVETV/LIVECHANNEL/LIVETV_LIVETVCHANNEL_KALINGA_TV/images/LOGO_HD/image.png
Kaloopy TV (1080p),https://streamingserver000.viewtv.cloud/VIEWTVNETWORK-KALOOPY/index.m3u8,网络源,https://vcz-kapang-tv.b-cdn.net/files/thumbs/2026/05/06/1778037346ayAfpsWIMj-300x300-square.png
Kalsan TV (576p),https://ap02.iqplay.tv:8082/iqb8002/ka1s0n/playlist.m3u8,网络源,https://i.imgur.com/AqyY1bR.png
Kalu TV (1080p),https://tv.kaludecolombia.com/memfs/d71c0104-4752-4690-bdbf-19aa849da6c4.m3u8,网络源,https://i.imgur.com/MO4w3OT.jpeg
Kan 11 (1080p),https://kancdn.medonecdn.net/livehls/oil/kancdn-live/live/kan11/live.livx/playlist.m3u8,网络源,https://upload.wikimedia.org/wikipedia/commons/thumb/c/c8/Kan11Logo.svg/960px-Kan11Logo.svg.png
Kan Educational (720p),http://stream.mcquack.net/378/index.m3u8,网络源,https://upload.wikimedia.org/wikipedia/commons/thumb/6/6b/KanHinuchit.svg/960px-KanHinuchit.svg.png
Kanal 3 (1080p) [Not 24/7],https://live.artidijitalmedya.com/artidijital_kanal3/kanal3/playlist.m3u8,网络源,https://i.imgur.com/eXErSv0.png
Kanal 5 (360p),https://s2.teve.mk/tvstanici/2/playlist.m3u8,网络源,https://i.imgur.com/Qw7N3S2.png
Kanal 6 (288p),https://restreamer1.tnt.ba/hls/kanal6.m3u8,网络源,https://i.imgur.com/GGhvR0l.png
Kanal 7 (720p),https://kanal7.blutv.com/blutv_kanal7_live/live.m3u8,网络源,https://i.imgur.com/0gq9xOm.png
Kanal 7 Avrupa (720p) [Not 24/7],https://livetv.radyotvonline.net/kanal7live/kanal7avr/playlist.m3u8,网络源,https://i.imgur.com/wlfyj5l.png
Kanal 10 Asia (540p),http://cdn-kanal10.crossnet.net:1935/kanal10/kanal10asia/playlist.m3u8,网络源,https://i.imgur.com/tY7IJva.png
Kanal 12 (720p),https://live.artidijitalmedya.com/artidijital_kanal12/kanal12/playlist.m3u8,网络源,https://i.imgur.com/51xCkXG.png
Kanal12 Spremberg TV (404p) [Not 24/7],https://58de7a369a9c4.streamlock.net/sprembergtv/live/playlist.m3u8,网络源,https://i.ibb.co/1LzJz7Y/Channels4-profile-7.jpg
Kanal 15 (720p) [Not 24/7],https://live.artidijitalmedya.com/artidijital_kanal15/kanal15/playlist.m3u8,网络源,https://i.imgur.com/wb1Cdc9.png
Kanal 23 (1080p),https://cdn-kanal23.yayin.com.tr/kanal23/index.m3u8,网络源,https://i.imgur.com/3br8RCq.png
Kanal 26 (720p) [Not 24/7],https://live.artidijitalmedya.com/artidijital_kanal26/kanal26/playlist.m3u8,网络源,https://i.imgur.com/Mr7XPii.png
Kanal 32 (720p) [Not 24/7],https://edge1.socialsmart.tv/kanal32/bant1/playlist.m3u8,网络源,
Kanal 33 (720p) [Not 24/7],https://edge1.socialsmart.tv/kanal33/bant1/playlist.m3u8,网络源,https://i.imgur.com/5WYaoFZ.png
Kanal 34 (720p) [Not 24/7],https://vdo.digitalbox.xyz:3266/live/kanal34tvlive.m3u8,网络源,https://i.imgur.com/SIaI6Sj.png
Kanal 35 (720p),https://str2.yodacdn.net/kanal35/index.m3u8,网络源,https://live.ntv.az/kanal35.png
KANAL 58 (720p) [Not 24/7],https://live.artidijitalmedya.com/artidijital_kanal58/kanal58/playlist.m3u8,网络源,https://i.imgur.com/Rgc66sv.png
Kanal A,https://streamer01.xploretv.si/__cl/cg:prod/__c/A1_SI_AKANALHD_ott/__op/dash-default/__dci/__f/index.m3u8?admin=xploreTv_test_user&redirect=true,网络源,https://i.imgur.com/JHNpcqF.png
Kanal D (480p),https://stream1.kanald.ro/iphone/knd-live.m3u8,网络源,https://i.imgur.com/15ILp0P.png
Kanal D (1080p),https://demiroren.daioncdn.net/kanald/kanald.m3u8?app=kanald_web&ce=3,网络源,https://i.imgur.com/9o1atM6.png
Kanal D2 (1080i),https://stream2.kanald.ro/iphone/knd2-live.m3u8,网络源,https://i.imgur.com/0SMSIm9.png
Kanal D Drama (1080p),http://190.93.224.42/KANAL-D-DRAMA/index.m3u8,网络源,https://i.imgur.com/WIeZMKT.png
Kanal Firat (720p) [Not 24/7],https://live.artidijitalmedya.com/artidijital_kanalfirat/kanalfirat/playlist.m3u8,网络源,https://i.imgur.com/3o8Rokp.png
Kanal Hayat (1080p),https://tbn02a.ltnschedule.com/hls/nx21i.m3u8,网络源,https://i.imgur.com/eikZj19.png
Kanal Hovedstaden (720p) [Not 24/7],http://khkbh.dk:8080/hls/livestream/index.m3u8,网络源,https://i.imgur.com/afujBQs.jpeg
Kanal Jadid,https://kjhls.wns.live/hls/stream.m3u8,网络源,https://i.imgur.com/7oGGgfD.png
Kanal S,https://lives.atv.az:5443/KANAL-S/streams/kanals.m3u8,网络源,https://raw.githubusercontent.com/songwenhui239/Songwenhui239/refs/heads/main/Kanal%20S.png
Kanal V (720p) [Not 24/7],https://live.artidijitalmedya.com/artidijital_kanalv/kanalv/playlist.m3u8,网络源,https://i.imgur.com/7RNjTno.png
KandelaTV (480p),https://streamtv.intervenhosting.net:3718/live/kandelamedioslive.m3u8,网络源,https://i.imgur.com/cCFxyIp.jpg
Kangba TV,http://110.185.237.164:8888/hls/30/index.m3u8,网络源,https://www.tvchinese.net/uploads/tv/kangbatv.jpg
Kanizsa TV (400p),https://cloudfront44.lexanetwork.com:1344/freerelay/kanizsavtv.sdp/playlist.m3u8,网络源,https://i.imgur.com/l02znlE.png
Kanshi TV (720p) [Not 24/7],https://live.kanshitv.co.uk/mobile/kanshitvkey.m3u8,网络源,https://i.imgur.com/w6uXMrK.png
Kantipur Max [Geo-blocked],https://ktvhdsg.ekantipur.com:8443/ktvmax2025/match2/playlist.m3u8,网络源,https://i.imgur.com/EZUyzhG.jpg
Kantipur TV,https://ktvhdsg.ekantipur.com:8443/high_quality_85840165/hd/kantipurtv/hd_1080/chunks.m3u8,网络源,https://i.imgur.com/HEVo2Gc.png
Kantipur TV (1080p),https://ktvhdsg.ekantipur.com:8443/high_quality_85840165/hd/playlist.m3u8,网络源,https://i.imgur.com/HEVo2Gc.png
Kapaz TV,http://85.132.78.122:8050/hls/stream/index.m3u8,网络源,https://upload.wikimedia.org/wikipedia/az/thumb/3/3e/K%C9%99p%C9%99z_TV_%282019-h.h.%29.png/500px-K%C9%99p%C9%99z_TV_%282019-h.h.%29.png
Kapitan Fantastika (1080p),http://stream.mcquack.net/144/index.m3u8,网络源,https://i.imgur.com/K3PSHiT.png
Kapos TV (1080p),https://cloudfront63.lexanetwork.com:1344/relay01/livestream004.sdp/playlist.m3u8,网络源,https://i.imgur.com/ZMrj2C5.png
Kappa TV (576p),https://mumt03.tangotv.in/Dsly5z3HKAPPATV/index.m3u8,网络源,https://jiotvimages.cdn.jio.com/dare_images/images/Kappa_TV.png
Karaoke por Stingray (720p),https://jmp2.uk/plu-5f85cf621d6d2200079f1de0.m3u8,网络源,https://images.pluto.tv/channels/5f85cf621d6d2200079f1de0/colorLogoPNG.png
Karbala Documentary,https://ktvlive.online/stream/hls/ch3.m3u8,网络源,https://www.karbala-tv.iq/documentary/static/img/logo.png
Karcag TV (720p),https://cloudfront41.lexanetwork.com:1344/relay03/livestream003.sdp/playlist.m3u8,网络源,https://i.imgur.com/QcrVj3Q.png
Karibena (720p),http://187.102.210.46/KARIBENA/index.m3u8,网络源,https://i.imgur.com/cgHjg1e.png
Kartoon Channel (1080p),https://lightning-fnf-samsungaus.amagi.tv/playlist.m3u8,网络源,https://i.imgur.com/1luzP3T.png
Kashish News (720p),https://server.thelegitpro.in/kashishnews/kashishnews/index.m3u8,网络源,https://i.imgur.com/qfINs2r.png
Kass TV (720p) [Not 24/7],https://goliveafrica.media:9998/live/62f643cdca8cf/index.m3u8,网络源,https://i.imgur.com/MW8wZ5v.png
KassouaTV (720p),https://playtv4k.live/live/kassouatv/index.m3u8,网络源,https://i.imgur.com/EfX3HNG.png
KATC 3.1 (1080p),http://stream.cammonitorplus.net/1753/index.m3u8,网络源,https://i.ibb.co/WWTH9xV9/IMG-2278.png
KaufBei TV (576p),https://api.alpaca.t62a.com/hls/9103/index.m3u8,网络源,https://i.imgur.com/CVJWiM0.png
Kaumudy TV (720p),https://oqgdrkxby4rm-hls-live.5centscdn.com/kaumudytv/live.stream/playlist.m3u8,网络源,https://dtil.tmsimg.com/assets/s143259_ld_h15_aa.png?lock=720x540
Kawanua TV (720p),http://122.248.43.242:1935/KAWANUATV/_definst_/myStream/playlist.m3u8,网络源,https://upload.wikimedia.org/wikipedia/commons/5/5f/Logo_kawanua_tv.png
Kay2 HD (1080p),http://103.250.28.74:8000/play/a027/index.m3u8,网络源,https://i.imgur.com/CRKk0iP.png
Kay TV (576p) [Geo-blocked],https://live.artidijitalmedya.com/artidijital_kaytv/kaytv/playlist.m3u8,网络源,https://i.imgur.com/MymuDJ1.png
Kayhan TV (720p),https://playout395.livestreamingcdn.com/live/Stream1/playlist.m3u8,网络源,https://i.imgur.com/2MDjU7x.png
KBEV Spectrum Channel 6 [Beverly Hills] (1080p),https://s3-us-west-2.amazonaws.com/beverly-hills-high-school.castus-vod/live/ch1/video.m3u8,网络源,https://i.imgur.com/YFVrphZ.png
KBRI Brighton Channel 8 (Brighton CO) (720p),https://brightonco.cablecast.tv/live-4/live/live.m3u8,网络源,https://i.imgur.com/r8lLsyh.png
KBS Joy [Not 24/7],https://xykt-fix.github.io/flv/KJ_W.m3u8,网络源,https://upload.wikimedia.org/wikipedia/commons/thumb/6/6b/KBS_JOY.svg/960px-KBS_JOY.svg.png
KC2 (720p) [Not 24/7],http://197.243.19.131:1935/kc2/kc2/chunklist.m3u8,网络源,https://i.imgur.com/PsYPzNc.png
KCAT Public Media TV (1080p),https://reflect-kcat-live.cablecast.tv/live-2/live/live.m3u8,网络源,https://i.imgur.com/ZAypRkk.png
KCHTV (1080p),http://iptv.kchtv.video.makrodigital.com:8081/kchtv/iptv/playlist.m3u8,网络源,https://i.imgur.com/CwQmZm7.jpeg
KCKS-LD 25.3 (720p),https://2-fss-1.streamhoster.com/pl_154/amlst:205432-2055980/playlist.m3u8,网络源,https://i.imgur.com/KtXQeeZ.png
KCL TV (720p),https://kcltv.livebox.co.in/kclhls/live.m3u8,网络源,https://i.imgur.com/bkp9dIm.png
KCM (1080p) [Geo-blocked],https://amg02159-amg02159c7-samsung-in-4001.playouts.now.amagi.tv/playlist/amg02159-kcglobal-kcm-samsungin/playlist.m3u8,网络源,https://jiotvimages.cdn.jio.com/dare_images/images/KCM.png
KCTV 광주 CH05 (720p) [Not 24/7],http://119.77.96.184:1935/chn05/chn05/playlist.m3u8,网络源,https://i.imgur.com/IHkZpaI.png
KDFW-DT1 (1080p),https://cdn-uw2-prod.tsv2.amagi.tv/linear/amg00488-foxdigital-fox4dallaskdfw-vizious/playlist.m3u8,网络源,https://upload.wikimedia.org/wikipedia/commons/2/27/WWAY_logo.png
Kecskemeti TV (416p) [Not 24/7],http://rtmp1.40e.hu:8000/live/ktv.m3u8,网络源,https://i.imgur.com/yxwrX2N.png
Kemet TV,https://kemettv.cm/memfs/4e7fb105-9f92-4e8d-a7cd-09923f17a577.m3u8,网络源,https://i.imgur.com/NZ0YqOb.jpeg
KempenTV (480p),http://ms7.mx-cd.net/tv/Omroep_de_Kempen.smil/playlist.m3u8,网络源,https://i.imgur.com/ZiPL9ar.png
Kenan & Kel,https://jmp2.uk/plu-5ffcc5130fd98c0007f2e216.m3u8,网络源,https://images.pluto.tv/channels/5ffcc5130fd98c0007f2e216/colorLogoPNG.png
Kenan y Kel,https://jmp2.uk/plu-5fcea93ffcf94500071c4b2f.m3u8,网络源,https://images.pluto.tv/channels/5ffcc5130fd98c0007f2e216/colorLogoPNG.png
Kent Türk TV (1080p) [Not 24/7],https://live.artidijitalmedya.com/artidijital_kentturktv/kentturktv/playlist.m3u8,网络源,https://i.imgur.com/FQKPjsm.png
Kerman,https://ncdn.telewebion.ir/kerman/live/playlist.m3u8,网络源,https://upload.wikimedia.org/wikipedia/commons/thumb/9/9b/Kerman_irib_logo_%28blue_version%29.png/960px-Kerman_irib_logo_%28blue_version%29.png
Kern County Television,https://cdn3.wowza.com/5/dk84U1p2UUdoMGxT/kern/G0169_003/playlist.m3u8,网络源,https://i.imgur.com/AJcuBCF.png
Kerusso TV (720p),https://s.emisoras.tv:8081/kerussotv/index.m3u8,网络源,https://i.imgur.com/S79uof0.png
Ketchup TV (720p),https://d24p9tv2w5yorn.cloudfront.net/vod.m3u8,网络源,https://i.imgur.com/XRGioQX.png
Key & Peele,https://jmp2.uk/plu-65cba715dc10a40008034917.m3u8,网络源,https://images.pluto.tv/channels/65cba715dc10a40008034917/colorLogoPNG.png
Key & Peele,https://jmp2.uk/plu-65cba7573ba51e00084d76e1.m3u8,网络源,https://images.pluto.tv/channels/65cba715dc10a40008034917/colorLogoPNG.png
Key & Peele,https://jmp2.uk/plu-65cba798d77d450008d056e5.m3u8,网络源,https://images.pluto.tv/channels/65cba715dc10a40008034917/colorLogoPNG.png
KFTR-DT1 [Geo-blocked],https://streaming-live-fcdn.api.prd.univisionnow.com/kftr/kftr.isml/hls/kftr.m3u8,网络源,https://upload.wikimedia.org/wikipedia/commons/thumb/3/34/Logo_UniM%C3%A1s_2021.svg/960px-Logo_UniM%C3%A1s_2021.svg.png
Khabar (576p),https://fs.uplink.kz/habar/mono.m3u8?token=onlinetv,网络源,https://i.imgur.com/xG3HxId.png
Khabar Fast (576p),https://mumt04.tangotv.in/m18aqlK4KHABARFAST/index.m3u8,网络源,https://jiotvimages.cdn.jio.com/dare_images/images/Khabar_Fast.png
Khabrain Abhi Tak (576p),https://mumt05.tangotv.in/87NeALx2KHABRAINABHITAK/index.m3u8,网络源,https://dtil.tmsimg.com/assets/s143262_ld_h15_aa.png?lock=720x540
Khalij TV,https://khalijhls.wns.live/hls/stream.m3u8,网络源,
Khalij-e Fars,https://ncdn.telewebion.ir/khalijefars/live/playlist.m3u8,网络源,https://upload.wikimedia.org/wikipedia/fa/thumb/7/7c/Bandar_KHALI_J_e_FARS_TV.svg/960px-Bandar_KHALI_J_e_FARS_TV.svg.png
Khanh Hoa TV (1080p),https://cdnbaokhanhhoa.com/live/1332e3a79e27.m3u8?vhost=video,网络源,https://i.imgur.com/qLMcGPT.png
Khatlon (576p),https://live.teleradiocom.tj/10/3m.m3u8,网络源,https://i.imgur.com/X4xVpBj.png
Khavaran,https://ncdn.telewebion.ir/khavaran/live/playlist.m3u8,网络源,https://upload.wikimedia.org/wikipedia/fa/8/86/KHAVARAN_tv.png
KHL (720p),http://31.148.48.15/KHL_TV/index.m3u8,网络源,https://i.imgur.com/RgdHdOV.png
KHL Prime (1080p),http://stream.mcquack.net/178/index.m3u8,网络源,https://i.imgur.com/pwxT0ON.png
Khorasan Razavi,https://ncdn.telewebion.ir/khorasanrazavi/live/playlist.m3u8,网络源,https://upload.wikimedia.org/wikipedia/fa/b/bd/%D9%84%D9%88%DA%AF%D9%88_%D8%B4%D8%A8%DA%A9%D9%87_%D8%AE%D8%B1%D8%A7%D8%B3%D8%A7%D9%86_%D8%B1%D8%B6%D9%88%DB%8C.png
Khozestan,https://ncdn.telewebion.ir/khoozestan/live/playlist.m3u8,网络源,https://upload.wikimedia.org/wikipedia/fa/thumb/9/9a/Ahwaz_TV.svg/960px-Ahwaz_TV.svg.png
Khushboo Bangla (720p),https://cdn-4.pishow.tv/live/1473/master.m3u8,网络源,https://xstreamcp-assets-msp.streamready.in/assets/LIVETV/LIVECHANNEL/LIVETV_LIVETVCHANNEL_KHUSHBOO_BANGLA/images/LOGO_HD/image.png
KidOO (1080p) [Geo-blocked],http://15.204.246.24:8080/KidooHD/index.m3u8,网络源,https://digitaltv.prensariozone.com/wp-content/uploads/2022/11/Logo-KidOO.png
Kidoodle.TV (1080p),https://amg07653-apmc-amg07653c9-samsung-us-8740.playouts.now.amagi.tv/playlist.m3u8,网络源,https://i.imgur.com/MaFtbM5.png
Kids Movie Club,https://jmp2.uk/plu-5db0ad56edc89300090d2ebb.m3u8,网络源,https://i.imgur.com/avFk0Tt.png
Kids TV,http://origin5.mediacdn.ru/live/kidstv/index.m3u8,网络源,https://i.imgur.com/B5YiUIP.png
Kids Zone (720p),http://103.250.28.74:8000/play/a04m/index.m3u8,网络源,https://i.imgur.com/mJWBVH1.png
KidsFlix (1080p) [Not 24/7],https://stream-us-east-1.getpublica.com/playlist.m3u8?network_id=50,网络源,https://i.imgur.com/4Pn0ADQ.png
KIIO-LD 10.1,http://livestream.usatv.com/hls/master-iUSATVLIVENET.m3u8,网络源,https://i.imgur.com/wkzwXFO.png
KiKA (1080p) [Not 24/7],https://kikahls.akamaized.net/hls/live/2022690/livetvkika_ww/master.m3u8,网络源,https://i.imgur.com/vZdNp5S.png
KiKA HD,https://dash4.antik.sk/live/test_kika_tizen/playlist.m3u8,网络源,https://i.imgur.com/vZdNp5S.png
Kilisuci TV,https://5bf7b725107e5.streamlock.net/kstv/kstv/playlist.m3u8,网络源,https://upload.wikimedia.org/wikipedia/id/e/e4/Kilisuci_TV_NEW_LOGO_2016.png
Kin24,http://51.254.199.122:8080/kin24/index.m3u8,网络源,https://i.imgur.com/Lak10Wo.png
King TV (720p) [Not 24/7],https://streamer12.vdn.dstreamone.net/kingtv/kingtv/playlist.m3u8,网络源,https://i.imgur.com/dujrwRE.png
Kingsview TV (1080p),https://j78dp6reyq5r-hls-live.5centscdn.com/4896_push_1963_001/00cb1f2e4ff89048f2e77e26940c00e6.sdp/playlist.m3u8,网络源,https://i.imgur.com/py1XOXX.png
Kino 24 (720p),http://sirius.greenhosting.ru/Kino24Ru/video.m3u8,网络源,https://i.imgur.com/QAdDARF.png
Kino TV HD (1080p),http://176.118.197.101/KinoTvHD/playlist.m3u8,网络源,https://i.imgur.com/sMpamNO.png
KinoHit (576p),http://stream.mcquack.net/126/index.m3u8,网络源,https://i.imgur.com/Ge8vkQM.png
Kinokomedija (576p),http://stream.mcquack.net/265/index.m3u8,网络源,https://i.imgur.com/dVjtth0.png
Kinomix (576p),http://93.170.254.17/Kinomiks/index.m3u8,网络源,https://i.imgur.com/D4q2XUT.png
Kinopokaz (576p),http://stream.mcquack.net/64/index.m3u8,网络源,https://i.imgur.com/nNjMyAq.png
Kinopokaz HD (1080p),http://hls127.freeott.top:8080/Kinopokaz_HD/video.m3u8,网络源,https://i.imgur.com/nNjMyAq.png
Kinopremyera (1080p),http://5.188.159.128:8070/KINOPREMIERA/index.m3u8,网络源,https://i.imgur.com/s0UYT8T.png
Kinopremyera HD (1080p),https://fs.uplink.kz/kinopremiera_hd/mono.m3u8?token=onlinetv,网络源,https://i.imgur.com/s0UYT8T.png
Kinosemja (576p),http://stream.mcquack.net/170/index.m3u8,网络源,https://i.imgur.com/4BF5VeK.png
Kinoseriya (1080p),http://hls127.freeott.top:8080/Kinoseriya_HD/video.m3u8,网络源,https://i.imgur.com/iao7zLZ.png
Kinosvidanie (576p),http://5.188.159.128:8070/kinosvidanie/index.m3u8,网络源,https://i.imgur.com/ZRaWqxj.png
Kinoteatr (1080p),https://stream8.cinerama.uz/1009/tracks-v1a1/playlist.m3u8,网络源,https://i.imgur.com/emH1BgC.png
Kinouzhas (576p),http://stream.mcquack.net/278/index.m3u8,网络源,https://i.imgur.com/mAcAAQF.png
KIRO-DT1 (1080p),https://cdn-ue1-prod.tsv2.amagi.tv/linear/amg00327-coxmediagroup-kirobreaking-ono/playlist.m3u8,网络源,https://upload.wikimedia.org/wikipedia/commons/thumb/f/f0/Fox_Networks_Group_US_logo.svg/960px-Fox_Networks_Group_US_logo.svg.png
Kish,https://ncdn.telewebion.ir/kish/live/playlist.m3u8,网络源,https://upload.wikimedia.org/wikipedia/fa/thumb/1/14/Kish_tv.svg/960px-Kish_tv.svg.png
Kiskőrös TV (720p),https://5cd03f21c7193.streamlock.net/kiskorostv/korostvlive/playlist.m3u8,网络源,https://i.imgur.com/Y74Mve1.png
Kiss Kiss Napoli TV (720p),https://58f12ffd2447a.streamlock.net/KKTVNapoli/livestream/playlist.m3u8,网络源,https://i.imgur.com/RsGiBwE.png
Kiss Kiss TV (1080p),https://58f12ffd2447a.streamlock.net/KKMulti/livestream/playlist.m3u8,网络源,https://i.imgur.com/ja6c2YZ.png
Kiss TV (1080p),https://tv.broadcasting.ro/kisstv/a629c031-2170-4ee9-a36d-87a891aa3131.m3u8,网络源,https://i.imgur.com/NKfVymH.png
KIT-TV (720p),https://everest.pa-hosting.de:3591/live/joseflive.m3u8,网络源,https://i.imgur.com/5rDo1Za.png
KITE Victers (Kerala) (720p) [Not 24/7],https://932y4x26ljv8-hls-live.5centscdn.com/victers/tv.stream/playlist.m3u8,网络源,https://i.imgur.com/kj4OEsb.png
KITV 4 Island News (720p),https://fuel-streaming-prod01.fuelmedia.io/v1/sem/c4067ddc-0e67-4928-b7ec-624481f721a6.m3u8,网络源,https://i.imgur.com/pj0O5nu.png
KIX,https://liveh34.vtvprime.vn/hls/KIX/04.m3u8,网络源,https://i.imgur.com/zWcUAdb.png
KK TV Angola (1080p),https://w1.manasat.com/ktv-angola/smil:ktv-angola.smil/playlist.m3u8,网络源,https://i.imgur.com/jWOB0oU.png
KKRtv (720p) [Not 24/7],http://stream.kkr.dk/live/kkr/playlist.m3u8,网络源,https://i.imgur.com/TbtjWHI.png
Klan Kosova (720p),http://5.254.89.106/8706/index.m3u8,网络源,https://i.imgur.com/pQjSsNQ.png
Klape i Tambure TV (1080p),https://stream.cmctv.hr:49998/kit/live.m3u8,网络源,https://i.imgur.com/sKj3dgc.png
Klara (720p),https://live.vrtcdn.be/groupb/live/9c429b62-e160-417a-b438-cdf985bcd352/live.isml/.m3u8,网络源,https://i.ibb.co/YdDkSJW/VRT-Klara-2020-svg.png
Klasik TV (576p) [Not 24/7],https://178.253.194.105/klasiktv/playlist.m3u8,网络源,https://i.imgur.com/C90BYlb.png
Klovn,https://jmp2.uk/plu-65a63ff00d9ab400080b101c.m3u8,网络源,https://images.pluto.tv/channels/65a63ff00d9ab400080b101c/colorLogoPNG.png
Kluch (576p),http://hls127.freeott.top:8080/Kluch/video.m3u8,网络源,https://i.imgur.com/WA9TOPi.png
KMCT-TV 39.1,https://wggstv16.ddns.net:9953/hls/KMCT1.m3u8,网络源,https://upload.wikimedia.org/wikipedia/en/d/d9/KMCT_Monroe%27s_Christian_Television_logo.png
KMEX-DT1 [Geo-blocked],https://streaming-live-fcdn.api.prd.univisionnow.com/kmex/kmex.isml/hls/kmex.m3u8,网络源,https://upload.wikimedia.org/wikipedia/commons/thumb/3/38/MyNetworkTV_2D_Logo.svg/960px-MyNetworkTV_2D_Logo.svg.png
KMSP-DT1 (1080p),https://cdn-uw2-prod.tsv2.amagi.tv/linear/amg00488-foxdigital-kmsp-lgus/playlist.m3u8,网络源,
KN Music TV,https://cdn4.yayin.com.tr/kntv/tracks-v1a1/mono.m3u8,网络源,https://www.knmusictv.com/wp-content/uploads/2026/01/LOGO2112.png
Knal 4 Quiché (720p) [Not 24/7],https://cdn.streamhispanatv.net:3482/live/knal4gtlive.m3u8,网络源,https://i.imgur.com/YRSv2Tf.png
Knowledge Network (720p) [Geo-blocked],https://d1wal6k3d7ssin.cloudfront.net/out/v1/ea91db0906c847a4931b46a9ec36e77b/index.m3u8,网络源,https://i.imgur.com/VfofmZZ.png
KNTV-DT1 (1080p),https://d368vp0qqzvkid.cloudfront.net/11603/88889711/hls/master.m3u8?ads.xumo_channelId=88889711a&ads.xumo_ifaType=&ads.xumo_providerId=3822&ads.xumo_providerName=NBCNBA,网络源,https://upload.wikimedia.org/wikipedia/commons/2/27/WWAY_logo.png
Kocaeli TV (1080p),https://edge.taksimbilisim.com/kocaelitv/bant1/playlist.m3u8,网络源,https://i.imgur.com/LeTP4zq.png
Koch'en på toppen,https://jmp2.uk/plu-660d667519ca71000849a1e1.m3u8,网络源,https://images.pluto.tv/channels/660d667519ca71000849a1e1/colorLogoPNG.png
Kohavision (720p),http://5.254.89.106/8705/index.m3u8,网络源,https://i.imgur.com/LOi9yma.png
Kohenoor News (576p),http://103.250.28.74:8000/play/a00r/index.m3u8,网络源,https://i.imgur.com/cD3Ogdh.png
KOKI-DT1 (1080p),https://cdn-uw2-prod.tsv2.amagi.tv/linear/amg02104-imagicommcommun-kokibreaking-ono/playlist.m3u8,网络源,https://upload.wikimedia.org/wikipedia/commons/2/27/WWAY_logo.png
Kókshe (720p) [Not 24/7],https://stream.kaztrk.kz/regional/kokshetautv/index.m3u8,网络源,https://i.imgur.com/pOR3FSR.png
Kolalnas TV,https://htvint.mada.ps/kolalnas/index.m3u8,网络源,https://i.imgur.com/OyMxcRG.png
Kolkata TV (1080p),https://cdn.ottlive.co.in/kolkatatv/index.m3u8,网络源,https://dtil.tmsimg.com/assets/s143271_ld_h15_aa.png?lock=720x540
Komala TV,https://komhls.wns.live/hls/stream.m3u8,网络源,https://i.imgur.com/D6KBLB8.png
Komáromi Televízió (400p),https://cloudfront44.lexanetwork.com:1344/relay01/HDE017.sdp/playlist.m3u8,网络源,https://i.imgur.com/DifVZkz.png
Komedia (576p),http://stream.mcquack.net/68/index.m3u8,网络源,https://i.imgur.com/VRC5juh.png
Komediynoe HD (1080p),http://stream.mcquack.net/74/index.m3u8,网络源,https://i.imgur.com/cEKe8XC.png
Komlós TV (1080p) [Not 24/7],https://stream.streaming4u.hu/KomlosTV/tracks-v1a1/mono.m3u8,网络源,https://i.imgur.com/dnITSUz.png
Komsan TV [Not 24/7],http://tv.cootel.com.kh:8077/streams/d/Komsan/playlist.m3u8,网络源,https://i.imgur.com/SNTf2r3.png
Kongress TV (1080p),https://live-3.otcnet.ru/congresstv/index.m3u8,网络源,https://tvcongress.ru/bitrix/templates/mbntheme/img/logo_tvc.svg
Kontra Channel (1080p),https://kontralive.siliconweb.com/live/kontratv/playlist.m3u8,网络源,https://kontrachannel.gr/images/kontrachannel24.png
Konya Olay TV (720p),https://live.artidijitalmedya.com/artidijital_konyaolaytv/konyaolaytv/playlist.m3u8,网络源,https://www.konyaolaytv.com/upload/tema/20230307__5154687762.jpg
Koogi TV (1080p),https://5d658d7e9f562.streamlock.net/koogi.tv/koogi.smil/playlist.m3u8,网络源,https://i.imgur.com/zojMTP9.png
Kool TV (720p),https://twitch-m3u8.bastypro112.workers.dev/kooltvlive/index.m3u8,网络源,https://yt3.googleusercontent.com/opqPJfc0Ptd9ohl4R-2hPjaquIAdWuqvRb0T_LBCmfyGznIvfGN0HOlcWZk6Lj2jk11s2Zlk=s1200-c-k-c0x00ffffff-no-rj
Kora TV,https://s3.tvdatta.com:3700/live/jjrtvlive.m3u8,网络源,https://i.imgur.com/ahBYv4x.png
Kordestan,https://ncdn.telewebion.ir/kordestan/live/playlist.m3u8,网络源,https://upload.wikimedia.org/wikipedia/fa/thumb/2/2c/Sanandaj_KORDESTAN.svg/960px-Sanandaj_KORDESTAN.svg.png
Kordia TV (1080p),https://ptvlive.kordia.net.nz/out/v1/3fc2254c865a457c8d7fbbce227a2aae/index.m3u8,网络源,https://i.imgur.com/BQ0qWzX.png
Korea TV (1080p),https://hlive.ktv.go.kr/live/klive_h.stream/playlist.m3u8,网络源,https://i.ibb.co/WkrLDJW/Screenshot-20230714-135036-removebg-preview.png
Korean Central Television (1080p),https://kctv.koryofront.org/stream/index.m3u8,网络源,https://i.imgur.com/p02AEOF.png
Kos TV (720p),https://eu1.streams.gr:8081/kostv/index.m3u8,网络源,https://i.imgur.com/bdJnQ1W.png
Kozoom TV (1080p),https://streams2.sofast.tv/v1/master/611d79b11b77e2f571934fd80ca1413453772ac7/fdd6f243-f971-4a1a-9510-97ac01d6b37f/manifest.m3u8,网络源,https://i.imgur.com/M1Ee79b.png
Kpop Mix (720p),https://cloud.tvomix.com/KPOPMIX/index.m3u8,网络源,https://tvomix.com/Logos/Kpopmix.png
KpopTV Play (576p),https://giatv.bozztv.com/giatv/giatv-kpoptvplay/kpoptvplay/playlist.m3u8,网络源,https://i.imgur.com/Tf0vweF.png
KPVM AWE Plus,https://2-fss-2.streamhoster.com/pl_120/206858-4404552-1/playlist.m3u8,网络源,https://i.imgur.com/hL8i7Ar.png
KPVM Newsmax 2,https://2-fss-2.streamhoster.com/pl_120/206858-4404556-1/playlist.m3u8,网络源,https://i.imgur.com/iE1izWq.png
KPVM Prime TV25,https://2-fss-1.streamhoster.com/pl_122/206858-4405346-1/playlist.m3u8,网络源,https://i.imgur.com/dGoQ88j.png
KQED-DT2 (1080p),https://kqeddt2.lls.pbs.org/kqeddt2-hls.m3u8,网络源,https://upload.wikimedia.org/wikipedia/commons/2/27/WWAY_logo.png
KQSL Channel 8 (720p),https://uni01rtmp.tulix.tv/kqsltv/kqsltv/playlist.m3u8,网络源,https://upload.wikimedia.org/wikipedia/commons/thumb/7/7e/TLN_2015.png/500px-TLN_2015.png
KRAL Pop TV (720p),https://dogus-live.daioncdn.net/kralpoptv/playlist.m3u8,网络源,https://i.imgur.com/ch365lh.png
KRC TV,https://channels.ad-ug.com/live/ch03/index.m3u8,网络源,https://i.imgur.com/8c9Uqks.jpeg
KRCA-TV Estrella Los Angeles (720p),https://content.uplynk.com/channel/829a8c85f9e840c6bed963856c231428.m3u8,网络源,https://i.ibb.co/WWTH9xV9/IMG-2278.png
KRGV-DT2 [Geo-blocked],https://d3svnrf3rmq619.cloudfront.net/krgv-live/smil:krgv-somos.smil/playlist.m3u8,网络源,https://i.imgur.com/kTh2jgF.png
KRIS-DT1 (1080p),https://content.uplynk.com/channel/e72660594b7a4182982af1690609683d.m3u8,网络源,https://upload.wikimedia.org/wikipedia/commons/2/27/WWAY_logo.png
Kriti TV (1080p),https://cretetvlive.siliconweb.com/cretetv/liveabr/playlist.m3u8,网络源,https://i.imgur.com/X7jKwYl.png
KRIV-DT1 (1080p),https://cdn-uw2-prod.tsv2.amagi.tv/linear/amg00488-foxdigital-kriv-lgus/playlist.m3u8,网络源,https://upload.wikimedia.org/wikipedia/commons/2/27/WWAY_logo.png
Kronehit (1080p),https://bitcdn-kronehit.bitmovin.com/v2/hls/playlist.m3u8,网络源,https://i.imgur.com/dQJQv1X.png
KSAZ-DT1 (1080p),https://cdn-uw2-prod.tsv2.amagi.tv/linear/amg00488-foxdigital-ksaz-lgus/playlist.m3u8,网络源,https://upload.wikimedia.org/wikipedia/commons/2/27/WWAY_logo.png
KSCE Vida Cristiana (360p),https://2-fss-2.streamhoster.com/pl_120/200226-1449024-1/playlist.m3u8,网络源,https://i.imgur.com/970zAEn.png
KSHB 41 (Kansas City MO) (720p),https://content.uplynk.com/channel/50d0fa1b042945a3a4f550f9b8412c83.m3u8,网络源,https://upload.wikimedia.org/wikipedia/commons/2/27/WWAY_logo.png
KShopping (1080p),https://fhs8036.bd-61.ktcdn.co.kr/klive/smil:klive.smil/playlist.m3u8,网络源,https://i.imgur.com/Tmb3xK8.png
KSTV Uganda,https://live.esteem.africa/kstv/hls/0/stream.m3u8,网络源,https://i.imgur.com/MMPzPSl.png
KTBC-DT1 (1080p),https://cdn-uw2-prod.tsv2.amagi.tv/linear/amg00488-foxdigital-ktbc-lgus/playlist.m3u8,网络源,https://upload.wikimedia.org/wikipedia/commons/2/27/WWAY_logo.png
KTK (576p),http://stream.mcquack.net/26/index.m3u8,网络源,https://i.imgur.com/BurrNTo.png
KTK HD (720p) [Not 24/7],http://89.218.30.37/ktklive/live.hq/playlist.m3u8,网络源,https://i.imgur.com/BurrNTo.png
KTN News (360p),https://vodzong.mjunoon.tv:8087/streamtest/KTNNews-151/playlist.m3u8,网络源,https://i.imgur.com/RtEzpPQ.png
KTO (504p),http://145.239.5.177/354/index.m3u8,网络源,https://i.imgur.com/EY6TsdV.png
KTOO 360TV 3 (FNX),https://api.v3.invintus.com/StreamURI/persis/2147483647/KTOO360TV.stream/media.m3u8,网络源,https://i.imgur.com/fufIFwd.png
KTTV-DT1 (1080p),https://cdn-uw2-prod.tsv2.amagi.tv/linear/amg00488-foxdigital-fox11losangeleskttv-vizious/playlist.m3u8,网络源,https://upload.wikimedia.org/wikipedia/commons/2/27/WWAY_logo.png
KTV 1 (1080p),https://kwtktv1ta.cdn.mangomolo.com/ktv1/smil:ktv1.stream.smil/chunklist.m3u8,网络源,https://i.imgur.com/kG0d8Ay.png
KTV 2 (1080p),https://kwtktv2ta.cdn.mangomolo.com/ktv2/smil:ktv2.stream.smil/chunklist.m3u8,网络源,https://i.imgur.com/hB57mNh.png
KTV Al Qurain (1080p),https://kwtktvaqta.cdn.mangomolo.com/ktvaq/smil:tktvaq.stream.smil/chunklist.m3u8,网络源,https://i.imgur.com/naVEZtj.png
KTV Arabe (1080p),https://kwtktvata.cdn.mangomolo.com/ktva/smil:tktva.stream.smil/chunklist.m3u8,网络源,https://i.imgur.com/jg3VAxO.png
KTV Bangla (720p),https://server.livelegitpro.in:9899/tribetv/tribetv/index.m3u8,网络源,https://jiotvimages.cdn.jio.com/dare_images/images/channel/2f8e3b371c660faa2f43a7f0942948a4.png
KTV Ethraa (1080p),https://kwtethta.cdn.mangomolo.com/eth/smil:eth.stream.smil/chunklist.m3u8,网络源,https://i.imgur.com/hqEbc49.png
KTV News (1080p),https://kwtkbta.cdn.mangomolo.com/kb/smil:kb.stream.smil/chunklist.m3u8,网络源,https://i.imgur.com/erZ0Ol1.png
KTV Sport (1080p),https://kwtspta.cdn.mangomolo.com/sp/smil:sp.stream.smil/chunklist.m3u8,网络源,https://i.imgur.com/R1hGX1d.png
KTV Sport Plus (1080p),https://kwtsplta.cdn.mangomolo.com/spl/smil:spl.stream.smil/chunklist.m3u8,网络源,https://i.imgur.com/l4oX0gf.png
Kuhnya (576p),http://stream.mcquack.net/179/index.m3u8,网络源,https://i.imgur.com/7jxZnuS.png
Kulinar TV (576p),https://api.alpaca.t62a.com/hls/9110/stream0.m3u8,网络源,https://smotret.tv/images/kulinar-tv.webp
KulturMD (1080p),http://58bd5b7a98e04.streamlock.net/medienasa-live/kulturmd_high/playlist.m3u8,网络源,https://i.imgur.com/io7cJ1Z.png
Kunskapskanalen (1080p) [Geo-blocked],https://svt-live-channel.akamaized.net/l6/se/svtk/master-fmp4.m3u8?defaultSubLang=1&format=hls,网络源,https://upload.wikimedia.org/wikipedia/commons/thumb/3/37/Kunskapskanalen_2017.svg/960px-Kunskapskanalen_2017.svg.png
Kurd Channel,https://kurdchhls.wns.live/hls/stream.m3u8,网络源,https://i.imgur.com/xPwzad9.png
Kurdistan 24 (1080p),https://hlspackager.akamaized.net/live/DB/K24/HLS/K24.m3u8,网络源,https://i.imgur.com/9QWs2ms.png
Kurdistan TV (720p) [Not 24/7],https://5a3ed7a72ed4b.streamlock.net/live/SMIL:myStream.smil/playlist.m3u8,网络源,https://i.imgur.com/mjQptpc.png
Kurdsat (1080p),https://hlspackager.akamaized.net/live/DB/KURDSAT_HD/HLS/KURDSAT_HD.m3u8,网络源,https://i.imgur.com/UAbSwYA.png
Kurdsat News (1080p),https://hlspackager.akamaized.net/live/DB/KURDSAT_NEWS/HLS/KURDSAT_NEWS.m3u8,网络源,https://i.imgur.com/F3XRwkt.png
Kuriakos Cine (1080p),https://w2.manasat.com/kcine/smil:kcine.smil/playlist.m3u8,网络源,https://i.imgur.com/CZViCwB.jpg
Kuriakos Kids (1080p),https://w2.manasat.com/kkids/smil:kkids.smil/playlist.m3u8,网络源,https://i.imgur.com/SRX6EPY.png
Kuriakos Music (1080p),http://195.23.211.179:1935/kmusic/smil:kmusic.smil/playlist.m3u8,网络源,https://i.imgur.com/Zl40NYi.jpg
Kuriakos TV (1080p),https://w1.manasat.com/ktv/smil:ktv.smil/playlist.m3u8,网络源,https://i.imgur.com/xdAW0D5.png
Kus-Kus,https://dash2.antik.sk/live/test_kuskus_tv_atktv/playlist.m3u8,网络源,https://i.imgur.com/4a4qX0P.png
KUVN-DT1,https://streaming-live-fcdn.api.prd.univisionnow.com/kuvn/kuvn.isml/hls/kuvn.m3u8,网络源,https://upload.wikimedia.org/wikipedia/commons/thumb/3/34/Logo_UniM%C3%A1s_2021.svg/960px-Logo_UniM%C3%A1s_2021.svg.png
KVF (720p) [Not 24/7],https://w-live-edge1.kringvarp.fo/uttanlands/_definst_/smil:uttanlands.smil/playlist.m3u8,网络源,
KVIE-DT2 (1080p),https://kviedt2.lls.pbs.org/kviedt2-hls.m3u8,网络源,https://upload.wikimedia.org/wikipedia/commons/2/27/WWAY_logo.png
KVN TV (576p),http://178.124.179.122:8080/KVN-TV/index.m3u8,网络源,https://i.imgur.com/Vw3LFLX.png
KVVB-TV 33 Victor Valley (1080p) [Not 24/7],https://2-fss-2.streamhoster.com/pl_138/amlst:201950-1309230/playlist.m3u8,网络源,https://i.imgur.com/IXC8PXf.png
KXAS-DT1 (1080p),https://d368vp0qqzvkid.cloudfront.net/11603/88889706/hls/master.m3u8?ads.xumo_channelId=88889706a&ads.xumo_ifaType=&ads.xumo_providerId=3831&ads.xumo_providerName=NBCNDAL,网络源,https://upload.wikimedia.org/wikipedia/commons/2/27/WWAY_logo.png
Kyiv (1080p),https://api-tv.ipnet.ua/api/v1/manifest/1293296300.m3u8,网络源,https://i.imgur.com/TVuCY4N.png
KZTV-DT1 (720p),https://content.uplynk.com/channel/d1f868588ae5476dadaeff450170a183.m3u8,网络源,https://upload.wikimedia.org/wikipedia/commons/thumb/f/f0/Fox_Networks_Group_US_logo.svg/960px-Fox_Networks_Group_US_logo.svg.png
L1 (1080p),http://45.4.1.201:8000/play/a1ai/index.m3u8,网络源,https://i.imgur.com/eRmXneK.png
L1 Max (1080p),http://190.93.224.42/LIGA-1-MAX/index.m3u8,网络源,https://i.imgur.com/2fziU2B.png
L1mburg TV (720p) [Not 24/7],https://d34pj260kw1xmk.cloudfront.net/live/l1/tv/index.m3u8,网络源,https://i.imgur.com/SDD5KS5.png
L!ke (1080p),https://cnl-cl.otteravision.com/cnl/cl_h265/cl_h265.m3u8,网络源,https://i.imgur.com/chHsCzB.png
L'altro Corriere TV,https://52ee6512fee4427889eba89957975fa0.msvdn.net/live/S24350460/BEj8ZmQiQ9UG/playlist.m3u8,网络源,https://i.imgur.com/05YWVCq.png
La 1 Canarias (720p),https://ztnr.rtve.es/ztnr/5190066.m3u8,网络源,https://i.ibb.co/MxJNPHsn/La-1.png
La 1 Catalunya (720p),https://ztnr.rtve.es/ztnr/3293681.m3u8,网络源,https://i.ibb.co/MxJNPHsn/La-1.png
La 1 UHD (2160p),http://185.47.212.25:8080/tdp_HD/index.m3u8,网络源,https://i.ibb.co/MxJNPHsn/La-1.png
La 2,https://rtvelivestream.rtve.es/rtvesec/la2/la2_main.m3u8,网络源,https://i.ibb.co/rfsr9PSh/La-2.png
La 2 Canarias (720p),https://ztnr.rtve.es/ztnr/5468585.m3u8,网络源,https://upload.wikimedia.org/wikipedia/commons/thumb/4/43/Logo_La_2_Canarias.png/960px-Logo_La_2_Canarias.png
La 2 Catalunya (720p),https://ztnr.rtve.es/ztnr/3987218.m3u8,网络源,https://i.ibb.co/Lztt9rgr/La-2-Catalunya.png
La5 [Geo-blocked],https://live3-mediaset-it.akamaized.net/Content/hls_h0_clr_vos/live/channel(ka)/index.m3u8,网络源,https://upload.wikimedia.org/wikipedia/commons/thumb/d/da/La5_Mediaset.svg/960px-La5_Mediaset.svg.png
LA7d (720p),https://d15umi5iaezxgx.cloudfront.net/LA7D/CLN/HLS-B/Live.m3u8,网络源,https://i.imgur.com/sM0A3GD.png
La 8 Mediterraneo (1080p),https://newscript.gestec-video.com/hls/8TVEVENTOS.m3u8,网络源,https://tbsfibra.es/wp-content/uploads/2022/07/17-8-MEDITERRANEO.png
La 98.1 TV (720p) [Not 24/7],https://6019dcac4147f.streamlock.net:9443/la98/Invosa/playlist.m3u8,网络源,https://i.imgur.com/7380kTN.png
La 100 (1080p),https://mdstrm.com/live-stream-playlist/68b74fd1d6512526f1f7c75a.m3u8,网络源,https://cloudfront-us-east-1.images.arcpublishing.com/radiomitre/CZJMM4BJVRFANO4VGMMYWSTEVE.png
La C TV (720p),https://f5842579ff984c1c98d63b8d789673eb.msvdn.net/live/S47282891/JWjL3xqPf4bX/playlist.m3u8,网络源,https://i.imgur.com/TF4LKp0.png
La Caleta TV (720p) [Not 24/7],https://edge.essastream.com/lacaletatv/playlist.m3u8,网络源,https://i.imgur.com/EfMtOja.png
La Chilena TV,https://vdochile.com:3134/stream/play.m3u8,网络源,https://i.imgur.com/GHJkxaB.png
LA CityView 35 (1080p),https://reflect-losangeles.cablecast.tv/live-3/live/live.m3u8,网络源,https://i.imgur.com/3PnD83G.png
La Clave (720p),https://unlimited1-cl-isp.dps.live/laclavetv/laclavetv.smil/playlist.m3u8,网络源,https://cdn.m3u.cl/logo/1270_La_Clave.png
La Comarca TV (720p),https://v2.tustreaming.cl/lcomarcatv/index.m3u8,网络源,https://cdn.m3u.cl/logo/1698_La_Comarca_TV.png
La Descarga TV [Geo-blocked],https://video.udwn.net:19360/ladescargatv/ladescargatv.m3u8,网络源,https://imgur.com/kq1CrDE.png
La Fabulosa Radio y TV (720p),https://eu1.servers10.com:8081/8004/index.m3u8,网络源,https://i.imgur.com/GjME5H0.png
La Granja TV,https://oracle.streaminghd.cl/8126/8126/playlist.m3u8,网络源,https://i.imgur.com/90luGab.png
La Hermandad Salsera (1080p) [Not 24/7],https://streamlov.alsolnet.com/hermandadsalsera/live/playlist.m3u8,网络源,https://i.imgur.com/7Wlt6bc.png
La Hora TV (720p) [Not 24/7],https://edge.enhdtv.com/8206/index.m3u8,网络源,https://lahoratv.org/imagen/lahora.jpeg
La Kalle (720p),https://mdstrm.com/live-stream-playlist/58d191f07290fbb058025843.m3u8,网络源,https://www.tdtparatodos.tv/sites/default/files/la_kalle.png
La Melinkana TV (720p),https://v1.tustreaming.cl/melinkana/index.m3u8,网络源,https://i.imgur.com/I0nzI1y.png
La Metro TV (1080p),https://jireh-8-hls-video-us-isp.dps.live/hls-video/931b584451fa6dd1313ee66efbfd5802e3f3bcea/metropolitanatv/metropolitanatv.smil/playlist.m3u8,网络源,https://i.imgur.com/0aoI5Zd.jpeg
La Morada Radio TV (720p),https://movil.ejeserver.com/live/lamoradatv.m3u8,网络源,https://i.imgur.com/E3wDEX5.png
La Nuestra (1080p),https://redirector.rudo.video/hls-video/339f69c6122f6d8f4574732c235f09b7683e31a5/ln/ln.smil/playlist.m3u8,网络源,https://i.imgur.com/WExojSG.png
La Nueva Radio TV 97.7 (1080p),https://sv72.ecuaradiotv.net/lanuevatv/live/playlist.m3u8,网络源,https://i.imgur.com/19FN4Lp.png
La Nuova TV,https://5dcabf026b188.streamlock.net/lanuovatvbas/livestream/playlist.m3u8,网络源,https://i.imgur.com/OHMv86A.png
La Perla Radio TV (720p) [Not 24/7],https://eu1.servers10.com:8081/8068/index.m3u8,网络源,https://i.imgur.com/8wDMgmB.jpg
La Popular TV,https://tv.arkeo.cl:1936/enlacetv1/enlacetv1/playlist.m3u8,网络源,https://i.imgur.com/AWdgMCC.png
La Potente Radio TV,https://latamvdo.com:3626/hybrid/play.m3u8,网络源,https://i.imgur.com/ti5Fg5D.png
La Que Buena Atlanta,https://streamyes.alsolnet.com/quebuenaatlanta/live/index.m3u8,网络源,https://iili.io/JysD2a4.png
La Red (1080p),http://cdn1tlinkgo.tlink.cl/laredhd/mono.m3u8,网络源,https://i.imgur.com/nJOVM6e.png
La Reina TV [Geo-blocked],https://cloud2.streaminglivehd.com:1936/lareinatv/lareinatv/playlist.m3u8,网络源,https://www.vivalivetv.com/public/files/shows/0/1/3386-294x165-FFFFFF.jpg
La Rosa de Guadalupe (360p),https://app.viloud.tv/hls/channel/9c88161fe675b59d4b008c776f033960.m3u8,网络源,https://i.imgur.com/tK9zOgo.png
La Ruta TV,https://streamunoapp.com:3983/live/larutatvlive.m3u8,网络源,https://www.vivalivetv.com/public/files/shows/0/1/2896-294x165-FFFFFF.jpg
La Sultana del Este TV (720p) [Not 24/7],https://micanal.ovh/livestreams/544.EP3QGO4KPL66.m3u8,网络源,https://i.imgur.com/UNiyOvd.png
La Tele (1080p),http://190.93.224.42/LA-TELE/index.m3u8,网络源,https://upload.wikimedia.org/wikipedia/commons/thumb/8/80/LaTele_Per%C3%BA_2018_Logo.png/960px-LaTele_Per%C3%BA_2018_Logo.png
La Tele Tuya (576p),http://181.78.8.199:8000/play/a0fs/index.m3u8,网络源,https://i.ibb.co/vvqk2hw/LOGO-HORIZONTAL-text.png
La Top 102.9 (720p),https://59d39900ebfb8.streamlock.net/top102/top102/playlist.m3u8,网络源,https://i.imgur.com/ZqwLPag.jpg
La Top 107.7 (720p),https://59d39900ebfb8.streamlock.net/top107/top107/playlist.m3u8,网络源,https://i.imgur.com/vgHhh1W.jpg
La TR3 Marsala (720p),https://tsw.streamingwebtv24.it:1936/eslife1/eslife1/playlist.m3u8,网络源,https://i.imgur.com/R4sqZQu.png
La Trois (1080p),http://145.239.5.177/330/index.m3u8,网络源,https://i.imgur.com/jMs4h9F.png
La Une (720p),http://145.239.5.177/329/index.m3u8,网络源,https://i.imgur.com/jMwZp7z.png
La Urban TV (1080p) [Not 24/7],https://urbanrevolution.es:8443/live/TV/playlist.m3u8,网络源,https://i.imgur.com/hythjEn.png
La Voz de Jesus HD (720p),https://live20.bozztv.com/giatvplayout7/giatv-208429/playlist.m3u8,网络源,https://gia.tv/streams/pstream/208429.png
La Voz de Maria (720p),https://live.lavozdemaria.com:3436/live/lavozdemarialive.m3u8,网络源,https://i.imgur.com/Zv8CxZX.png
La Voz del Tropico (480p) [Geo-blocked],https://ss2.tvrdomi.com:1936/lavozdeltropico/lavozdeltropico/playlist.m3u8,网络源,https://i.imgur.com/DKDFpHt.png
La-X (720p),https://stream.eleden.com/livelax/ngrp:livelax_all/playlist.m3u8,网络源,https://i.imgur.com/i2GnQTq.png
Labbayk TV,https://ncdn.telewebion.ir/labbayk/live/playlist.m3u8,网络源,https://static.telewebion.com/channelsLogo/ZDVlODRiYjI3NWUyOTFmOGJmYjIwOTQyMDAyMzRkMmUzYjVmOGUyMTBhNTE0MGI5ZDAyOTMzZDdmZDQyNDM5OA/default
labor14 (720p),https://5acade5fc0c29.streamlock.net/OKGera/tmbz_live_high.stream/playlist.m3u8,网络源,https://www.tlm.de/assets/uploads/general/Sonstiges/LogoExt/_500xAUTO_crop_center-center_none/21labor14.jpg
Laboral TV (360p),https://tv.laboralsst.com.br/hls/stream.m3u8,网络源,https://tv.laboralsst.com.br/logo.png
LaC News 24 (720p),https://f5842579ff984c1c98d63b8d789673eb.msvdn.net/live/S27391994/HVvPMzy/playlist.m3u8,网络源,https://www.omnys.com/media/news/lac-news24-icona.png
Lacrosse TV (720p),https://a-cdn.klowdtv.com/live2/lsn_720p/playlist.m3u8,网络源,https://yt3.googleusercontent.com/ytc/AIdro_m_xSJFydxZ9QBU-85OuchjmzS0Bo0_Tukmk7to8hBfyl8=s512-c-k-c0x00ffffff-no-rj
Laff (576p),http://tvsen7.aynascope.net/laff/index.m3u8,网络源,https://upload.wikimedia.org/wikipedia/en/b/bf/Court_TV_2019.png
Laguna TV (1080p) [Not 24/7],https://cnn.hostlagarto.com/lagutv/playlist.m3u8,网络源,https://dominicanchannels.com/wp-content/uploads/lagunatv.jpg
Lahore News (720p) [Not 24/7],https://vcdn.dunyanews.tv/lahorelive/ngrp:lnews_1_all/playlist.m3u8,网络源,https://i.imgur.com/bQfQeEA.jpeg
Lahore Rang (1080p),http://103.250.28.74:8000/play/a01q/index.m3u8,网络源,https://i.imgur.com/hglxHTa.png
Lakewood Channel 8 (Lakewood CO) (720p),https://live8fd.lakewood.org/live-2/live/live.m3u8,网络源,https://i.imgur.com/5ibsRhM.png
Lakewood CityTV (720p),https://dlttx48mxf9m3.cloudfront.net/vod_clients/lakewood/live/ch1/video.m3u8,网络源,https://i.imgur.com/e1shzv9.png
Lalegul TV (1080p),https://lbl.netmedya.net/hls/lalegultv.m3u8,网络源,https://i.imgur.com/wwCysFs.png
Lâm Đồng TV (480p),http://118.107.85.5:1935/live/smil:LTV.smil/chunklist.m3u8,网络源,https://i.imgur.com/lSMoGlv.png
LAMIL35 TV,https://vd01.streaminghd.net.ar:3349/live/bzuctkgnlive.m3u8,网络源,https://www.appcreator24.com/srv/imgs/gen/3544498_ico.png
Lamore Rock Show WebTV (720p),https://a.cdni.live/rodrigo2364/rodrigo2364/playlist.m3u8,网络源,https://www.lamorerockshowwebtv.com.br/wp-content/uploads/2024/11/logo_rockshow.avif
Lana TV (576p),https://cdn.streamlane.tv/hls/ltv/master.m3u8,网络源,https://i.imgur.com/xPoycVY.png
Lancelot TV (404p),https://5c0956165db0b.streamlock.net:8090/directo/_definst_/lancelot.television/master.m3u8,网络源,https://i.imgur.com/RlzVIJP.png
Ländle TV (1080p) [Not 24/7],https://streaming13.huberwebmedia.at/LiveApp/streams/985585225397790082777809.m3u8,网络源,https://i.imgur.com/omLVQ4r.png
Langstraat TV (720p),https://d1qpgfi3ivud4k.cloudfront.net/nlpo/clr-nlpo/langstraat/index.m3u8,网络源,https://i.imgur.com/xchUfks.png
Langt fra Bryggen,https://jmp2.uk/plu-654a3fe6986ad20008a42add.m3u8,网络源,https://images.pluto.tv/channels/654a3fe6986ad20008a42add/colorLogoPNG.png
Lansingerland TV (720p),https://ms7.mx-cd.net/tv/278-3414514/RTV_Lansingerland.smil/playlist.m3u8,网络源,https://i.imgur.com/1r7IZ7Q.png
Lanthung TV,https://live-us1.thaimomo.com/live-as/chlantung-2/playlist.m3u8,网络源,
Lanzhou Comprehensive News Channel,https://liveplus.lzr.com.cn/xwzh/HD/live.m3u8,网络源,https://p3-pc.douyinpic.com/img/aweme-avatar/tos-cn-avt-0015_c2a13a952c0111b21f081d672798c8ed~c5_300x300.jpeg?from=2956013662
Lanzhou Culture & Tourism Channel,https://liveplus.lzr.com.cn/wlpd/HD/live.m3u8,网络源,https://www.tvchinese.net/uploads/tv/lanzhou.jpg
Lào Cai TV (1080p),https://live.baolaocai.vn/channel2/stream.m3u8,网络源,https://i.imgur.com/TLvrDHa.png
Lao Net TV (720p),https://livefta.malimarcdn.com/ftaedge00/laonet.sdp/playlist.m3u8,网络源,https://i.imgur.com/ohbRT05.png
Lao SV TV (480p),https://livefta.malimarcdn.com/ftaedge00/laosvtv.stream/playlist.m3u8,网络源,https://i.imgur.com/ZIXtazI.png
Lao-Thai TV (720p),https://livefta.malimarcdn.com/ftaedge00/laothaius.sdp/playlist.m3u8,网络源,https://i.imgur.com/q6cQzbv.png
Lapki Live (576p),http://45.145.32.13:20440/unikum/index.m3u8?token=test,网络源,https://lapki.live/lapki_og.png
LaPuraCrema Television,https://streamlov.alsolnet.com/lapuracrema/live/playlist.m3u8,网络源,https://i.imgur.com/EJf1eRt.png
Lara en Redes,https://streamtv.laraenredes.com:3020/hybrid/play.m3u8,网络源,https://laraenredes.com/wp-content/uploads/elementor/thumbs/LOGO-LARA-EN-REDES-2025-r768xu4o4gvkigl9v1lorc3aq3n35710u0g7cah8e0.jpg
Larivision TV,https://cloud5.larivision.net/hls/live.m3u8,网络源,https://www.larivision.com/web/wp-content/uploads/2025/07/logow.png
Las Estrellas (1080p),https://channel01-onlymex.akamaized.net/hls/live/2022749/event01/index.m3u8,网络源,https://i.imgur.com/g5ShxZ7.png
Las Estrellas Latin America (1080p),http://15.204.246.24:8080/LasEstrellasHD/index.m3u8,网络源,https://i.imgur.com/g5ShxZ7.png
Las Tortugas Ninja (720p),https://jmp2.uk/plu-61373f1a12dd9f00077dcd6f.m3u8,网络源,https://images.pluto.tv/channels/61373f1a12dd9f00077dcd6f/colorLogoPNG.png
Las Tortugas Ninja (720p),https://jmp2.uk/plu-63dd5d7a4e83e700088fbca8.m3u8,网络源,https://i.imgur.com/urJdNc9.png
Las Vegas Tonight with Dale Davidson (1080p),https://cdn.vegasplus.us/vegas/lasvegastonight/playlist.m3u8,网络源,https://i.imgur.com/05Xdqa6.png
Latacunga TV (360p),https://stmv1.voxtvhd.com.br/latacungatv/latacungatv/playlist.m3u8,网络源,https://i.imgur.com/YjgYYH3.png
Latest TV (480p),https://5a0e89631aa14.streamlock.net/live/LatestTelevision/playlist.m3u8,网络源,https://i.imgur.com/Cl1iGEb.jpeg
Latina (1080p),http://190.93.224.42/LATINA/index.m3u8,网络源,https://i.imgur.com/MOsWriY.png
Latina Clasicos (1080p),http://45.171.108.253:8888/LATINA/index.m3u8,网络源,https://i.imgur.com/q0dAWyj.png
Latina Noticias 24/7 (1080p),https://dai.google.com/linear/hls/event/oYQGDqEGTmGdHE_fz9oLlg/master.m3u8,网络源,https://assets.rudo.video/assets/latina/live/logoApi_4b43aad719f5bbf7aa2813c2199e6e3e1755620584.png
Latina Podcast (720p),https://redirector.rudo.video/hls-video/plus226/latina4/latina4.smil/playlist.m3u8,网络源,https://assets.rudo.video/assets/latina/live/backgroundApi_347d1f0b8f6b597bc08abeb60c975c471769447202.png
Latina TV (1080p),https://streamtv.latinamedios.com:3413/live/latinatvlive.m3u8,网络源,https://i0.wp.com/latinamedios.com/wp-content/uploads/2023/03/LOGO-LATINA-TV-H-500.png?w=500&ssl=1
Latina TV Internacional (720p),https://5790d294af2dc.streamlock.net/latinatv/latinatv/chunklist.m3u8,网络源,https://i.imgur.com/UAfyeYT.png
Latino Channel TV (1080p),https://cdn.vegasplus.us/vegas/latch/playlist.m3u8,网络源,https://i.imgur.com/FcLIOGp.png
LATV (1080p) [Geo-blocked],https://amg00779-latv-amg00779c1-cineverse-us-1746.playouts.now.amagi.tv/playlist/amg00779-latvnetworkllc-latv-cineverseus/playlist.m3u8,网络源,https://i.imgur.com/fJxySUg.png
Laura Dave Media TV (720p),https://streaming.lauradavemedia.com/ldm/index.m3u8,网络源,https://i.imgur.com/zzG1S2n.png
Lausitzwelle (1080p),https://h056.video-stream-hosting.de/easycast11-live/_definst_/mp4:livestreamhd2/playlist.m3u8?ref=,网络源,https://i.imgur.com/4kYF4bK.png
Law & Crime (720p),https://a-cdn.klowdtv.com/live3/law_720p/playlist.m3u8,网络源,https://upload.wikimedia.org/wikipedia/en/thumb/8/85/Quest_logo.png/960px-Quest_logo.png
LaXitosa Panamá (360p) [Not 24/7],https://stmvideo2.livecastv.com/lax953/lax953/playlist.m3u8,网络源,https://i.imgur.com/Pt4F9Xz.png
Lazio Style Channel HD (720p),https://distribution.sportitalialive.it/origin/laziostyle_abr/playlist.m3u8,网络源,https://i.imgur.com/vDB8HFq.png
Lazio TV (576p),http://151.0.207.99:1935/live/LAZIOTV12/playlist.m3u8,网络源,https://i.imgur.com/TNLD9yD.png
LBC (576p),http://185.9.2.18/chid_327/index.m3u8,网络源,https://s3.eu-central-1.amazonaws.com/rotana.website/channels/1688402500.webp
LBC International (1080p),http://185.9.2.18/chid_521/index.m3u8,网络源,https://i.imgur.com/h26xtUv.png
LBFD RTV (1080p),https://tnt-television.com/LBFD_RTV/index.m3u8,网络源,https://i.imgur.com/buMvLJc.jpeg
LCI HD (1080p),http://145.239.5.177/368/index.m3u8,网络源,https://i.imgur.com/DED8EXs.png
LCN [Geo-blocked],https://tvalive.akamaized.net/hls/live/2014213/tvan01/tvan01.m3u8,网络源,https://i.imgur.com/iKDLgOG.png
Le Cronache TV (720p),http://77.68.40.210:8888/hls/cronache.m3u8,网络源,https://i.imgur.com/d8ziiEJ.png
Le Figaro IDF (1080p),https://figarotv-live.freecaster.com/live/freecaster/figarotv.m3u8,网络源,https://i.imgur.com/a8RuRUQ.png
Le miracle de l'amour,https://jmp2.uk/plu-60549c238c3f21000753d3e0.m3u8,网络源,https://i.imgur.com/3Xz4hjD.png
Le Monde en 24h,https://stream.berosat.live/hls/monde24h-tv-index/monde24h-tv-index.m3u8,网络源,https://i.imgur.com/2igwi7g.png
Le Nouveau Manager TV,https://lnmlive.com/live/lnmtv.m3u8,网络源,https://i.imgur.com/pEoOtEf.jpeg
Le sorelle McLeod,https://jmp2.uk/plu-60a2837f8154ab0007c4dcdf.m3u8,网络源,https://i.imgur.com/OkGiH9a.png
Leesburg Lakefront TV (Leesburg FL) (720p),https://reflect-lakefront-leesburgflorida.cablecast.tv/live-6/live/live.m3u8,网络源,https://i.imgur.com/ROb1BNG.png
Legislative Assembly of British Columbia,https://cdn3.wowza.com/5/YldIU1hsTlljRWZF/hbs-prim-house-httpo/HouseP.smil/playlist.m3u8,网络源,https://i.imgur.com/5QGxHhh.png
Legislative Assembly of British Columbia Committee A,https://cdn3.wowza.com/5/YldIU1hsTlljRWZF/hbs-prim-dougfir-httpo/DougFirP.smil/playlist.m3u8,网络源,
Legislative Assembly of El Salvador (1080p) [Not 24/7],https://streaming.asamblea.gob.sv/hls/plenariahd.m3u8,网络源,https://i.imgur.com/OBuiCyb.png
Legislative Assembly of Ontario,https://temp3.isilive.ca/live/_definst_/ontla/house-en/playlist.m3u8,网络源,https://i.imgur.com/n24MrsX.png
Legislative Assembly TV Nunavut,http://temp2.isilive.ca/live/nunavut/live-eng/index.m3u8,网络源,https://i.imgur.com/wY9WhYS.png
LEGO Kids TV,https://jmp2.uk/plu-60fb01a24795a6000762fe83.m3u8,网络源,https://i.imgur.com/tMfEsVr.png
Leipzig Fernsehen (1080p),https://leipzig.iptv-playoutcenter.de/leipzig/leipzigfernsehen.stream_1/playlist.m3u8,网络源,https://i.imgur.com/easmJUw.png
Léman Bleu (1080p),http://livevideo.infomaniak.com/streaming/livecast/naxoo/playlist.m3u8,网络源,https://i.imgur.com/6ijbSTr.png
Lemar TV (720p),https://tgn.bozztv.com/eshgtv-dvrfl05/gin-lemar/index.m3u8,网络源,https://upload.wikimedia.org/wikipedia/en/5/5b/Lemar_logo_2016.png
Lena TV [Not 24/7],https://5790d294af2dc.streamlock.net/lenaratv/lenaratv/playlist.m3u8,网络源,https://www.vivalivetv.com/public/files/shows/0/1/3232-294x165-FFFFFF.jpg
Lenca Television Canal 40 (720p) [Not 24/7],https://lencatelevision.com/hls/stream.m3u8,网络源,https://i.imgur.com/fc5IHSy.png
LEO Middelsé TV (480p),https://ms7.mx-cd.net/tv/238-2061506/Omroep_LEO_TV.smil/playlist.m3u8,网络源,https://i.imgur.com/wF3FFZv.png
Leomax 24 (1080p),https://tvshops.bonus-tv.ru/cdn/shop24/playlist.m3u8,网络源,https://i.imgur.com/qU9ohQu.png
Leominster TV Educational (720p),https://livestream.telvue.com/leominster2/f7b44cfafd5c52223d5498196c8a2e7b.sdp/playlist.m3u8,网络源,https://i.imgur.com/Cy94oLl.png
Leominster TV Government (720p),https://livestream.telvue.com/leominster3/f7b44cfafd5c52223d5498196c8a2e7b.sdp/playlist.m3u8,网络源,https://i.imgur.com/aHkRDQw.png
Leominster TV Public (720p) [Not 24/7],https://livestream.telvue.com/leominster1/f7b44cfafd5c52223d5498196c8a2e7b.sdp/playlist.m3u8,网络源,https://i.imgur.com/lTzoshf.png
Lepanto TV,https://fr.crystalweb.net:1936/lepantotv/lepantotv/playlist.m3u8,网络源,https://static-media.streema.com/media/cache/52/5e/525e3ae49d881cb702f2d4156b3c14a3.jpg
Les Années fac,https://jmp2.uk/plu-60afae68a7fc50000737186d.m3u8,网络源,https://i.imgur.com/M1OjaB0.png
Les filles d'à côté,https://jmp2.uk/plu-60549d97cd7b090007c73314.m3u8,网络源,https://i.imgur.com/dxipSaQ.png
Les Nouveaux Detectives,https://jmp2.uk/plu-5f8edb6df1ebb800072edf10.m3u8,网络源,https://i.imgur.com/ego8ozn.png
Lex TV (720p),https://cdn3.wowza.com/5/M0lyamVmM2JWcjhQ/lfucg/G0264_005/playlist.m3u8,网络源,https://i.imgur.com/a36SPo6.png
LGD Television (720p),https://streamtv.intervenhosting.net:3403/hybrid/play.m3u8,网络源,https://i.imgur.com/a9E0DTY.jpeg
LGTV (1080p),https://livestream.telvue.com/lexmedia3/f7b44cfafd5c52223d5498196c8a2e7b.sdp/lexmedia3/stream1/playlist.m3u8,网络源,https://i.imgur.com/d5w2pT4.png
LHCAZTV,https://cdn3.wowza.com/5/cHYzekYzM2kvTVFH/lakehavasucity/G0643_003/playlist.m3u8,网络源,https://yt3.googleusercontent.com/ytc/AIdro_lQ_vy6By43AoSdSQbFUzQePU0NWWIM-uzsAqnbbQXAql4=s512
Liangshan TV [Not 24/7],http://118.122.2.29:9999/hls/47/index.m3u8,网络源,https://www.tvchinese.net/uploads/tv/liangshantv.jpg
Libertas TV (1080p),https://stream.luci.xyz/hls/LTV.m3u8,网络源,https://i.imgur.com/4R4fhbd.png
Libya Al Wataniya (360p),https://cdn-globecast.akamaized.net/live/eds/libya_al_watanya/hls_roku/index.m3u8,网络源,https://i.imgur.com/KSUny9D.jpeg
Liceum TV (576p),http://193.225.32.62:8890/live.m3u8,网络源,https://i.imgur.com/Hf122ZD.png
Lider TV (720p),https://cdn-tiva-video08-logicahost-com-br.smartbit.co/lidertvssp/lidertvssp/playlist.m3u8,网络源,https://i0.wp.com/lidertv.com.br/wp-content/uploads/2024/11/cropped-cropped-LOGO-LIDER-EM-BAIXA.png?fit=512%2C228&ssl=1
Lider TV (720p),https://chankillo.agenciastreaming.com/lidertv/index.m3u8,网络源,https://i.imgur.com/naZXUdR.jpeg
Lietuvos Rytas TV (1080p),https://live.lietuvosryto.tv/live/hls/eteris.m3u8,网络源,https://i.imgur.com/5wpxVI0.png
Life TV (432p) [Not 24/7],http://lifetv.bitflip.ee/live/stream1_1/index.m3u8,网络源,https://i.imgur.com/JhrTB82.png
Life TV (720p),https://lifetv.livebox.co.in/lifetvhls/lifetv.m3u8,网络源,https://i.ibb.co/v1C0bdR/logo-1.png
Life TV (720p) [Not 24/7],https://live.artidijitalmedya.com/artidijital_lifetv/lifetv/playlist.m3u8,网络源,https://i.imgur.com/lWeJxm0.png
Life! Christian Broadcasting Network (360p),https://2-fss-2.streamhoster.com/pl_138/200226-1359204-1/playlist.m3u8,网络源,https://i.imgur.com/FioxUa3.png
LIFE! End Times TV (360p),https://2-fss-1.streamhoster.com/pl_122/200226-1427780-1/playlist.m3u8,网络源,https://i.imgur.com/P0vZXU0.png
Lifetime (576p),https://tvsen7.aynaott.com/lifetime/index.m3u8,网络源,https://upload.wikimedia.org/wikipedia/commons/thumb/9/9c/Logo_Lifetime_2020.svg/960px-Logo_Lifetime_2020.svg.png
Lifetime Asia (1080p),http://nmk.ioapk.com:5050/4gtv-live029/index.m3u8,网络源,https://upload.wikimedia.org/wikipedia/commons/thumb/9/9c/Logo_Lifetime_2020.svg/960px-Logo_Lifetime_2020.svg.png
Lifetime Latin America (1080p),http://138.121.15.230:9002/LIFETIME/index.m3u8,网络源,https://upload.wikimedia.org/wikipedia/commons/thumb/9/9c/Logo_Lifetime_2020.svg/960px-Logo_Lifetime_2020.svg.png
Lifetime Latin America Brazil (720p),http://138.255.2.6:8084/LIFETIME/index.m3u8,网络源,https://upload.wikimedia.org/wikipedia/commons/thumb/9/9c/Logo_Lifetime_2020.svg/960px-Logo_Lifetime_2020.svg.png
Lifetime Movies (1080p),http://23.237.104.106:8080/USA_LMN/index.m3u8,网络源,https://i.imgur.com/BWmqYTO.png
LifeTv (1080p),https://lifetv.mpks.sk/s.m3u8,网络源,https://i.imgur.com/jO8kAY2.png
LifevisionTV (406p) [Not 24/7],https://tgn.bozztv.com/lifevision/lifevision/index.m3u8,网络源,
Light Channel (480p) [Not 24/7],https://streamer1.streamhost.org/salive/GMIlcbgM/playlist.m3u8,网络源,https://i.imgur.com/S3Fbf8T.png
Light Channel (576p) [Not 24/7],http://streamer1.streamhost.org:1935/salive/lctvde/playlist.m3u8,网络源,https://i.imgur.com/0OmBlfE.png
Light Channel (480p) [Not 24/7],http://streamer1.streamhost.org:1935/salive/GMIlcbgM/playlist.m3u8,网络源,https://i.imgur.com/S3Fbf8T.png
Lighting Lives Blessing Nations His Light (LLBN) (720p),https://brightstar-hislight-pull-secure.akamaized.net/brightstarhislight/stream.m3u8,网络源,https://i.imgur.com/YkLZjRw.png
Lighting Lives Blessing Nations His Word (LLBN) (720p),https://brightstar-hisword-pull-secure.akamaized.net/brightstarhisword/stream.m3u8,网络源,https://i.imgur.com/GbyHlS2.png
Lighting Lives Blessing Nations Smart Life Style TV (LLBN) (720p),https://brightstar-sls-pull-secure.akamaized.net/brightstarsls/stream.m3u8,网络源,https://i.imgur.com/kHFlTEy.png
Lighting Lives Blessing Nations TV Arabic (LLBN) (480p),https://brightstar-arabic-pull-secure.akamaized.net/brightstararabic/stream.m3u8,网络源,https://i.imgur.com/fbrQpC4.png
Lighting Lives Blessing Nations TV Chinese (LLBN) (480p),https://brightstar-chinese-pull-secure.akamaized.net/brightstarchinese/stream.m3u8,网络源,https://i.imgur.com/C0jUDMn.png
Lighting Lives Blessing Nations TV Korean (LLBN) (480p),https://brightstar-korean-pull-secure.akamaized.net/brightstarkorean/stream.m3u8,网络源,https://i.imgur.com/WsOfy19.png
Lighting Lives Blessing Nations TV Latino (LLBN) (480p),https://brightstar-latino-pull-secure.akamaized.net/brightstarlatino/stream.m3u8,网络源,https://i.imgur.com/WsOfy19.png
Lighting Lives Blessing Nations TV Romanian (LLBN) (480p),https://brightstar-romanian-pull-secure.akamaized.net/brightstarromanian/stream.m3u8,网络源,https://i.imgur.com/WsOfy19.png
Lighting Lives Blessing Nations TV South Asia (LLBN) (480p),https://brightstar-southasia-pull-secure.akamaized.net/brightstarsouthasia/stream.m3u8,网络源,https://i.imgur.com/WsOfy19.png
Lila TV Pencahue,https://tv.arkeo.cl:1936/radiolila/radiolila/playlist.m3u8,网络源,https://i.imgur.com/widaSu3.png
Limón TV (1080p) [Not 24/7],http://k4.usastreams.com/limontv1/limontv1/playlist.m3u8,网络源,https://i.ibb.co/rdpcv7C/1689421727166.jpg
Lindell TV (720p),https://rumble.com/live-hls/6v67mu/playlist.m3u8,网络源,https://ml.globenewswire.com/Resource/Download/93a3878f-0cee-4b51-b851-bd519049af8d
Line TV (720p) [Not 24/7],https://edge1.socialsmart.tv/linetv/bant1/playlist.m3u8,网络源,https://i.imgur.com/6GNp7f8.png
Lingkar TV,https://lingkartv.my.id/hls/lingkartv.m3u8,网络源,https://lingkartv.com/assets/img/logo-square.png
Linieros TV (480p) [Not 24/7],https://soportedvb.click:3017/live/linierostvlive.m3u8,网络源,https://i.imgur.com/bLutjkf.png
LINQ TV (480p),https://ms7.mx-cd.net/dtv-09/246-2090022/Linq_Media_TV.smil/playlist.m3u8,网络源,https://i.imgur.com/0DgP3vu.png
Lira TV,https://a928c0678d284da5b383f29ecc5dfeec.msvdn.net/live/S57315730/8kTBWibNteJA/playlist.m3u8,网络源,https://i.imgur.com/sC9ELuY.jpg
LiraTV (720p),https://cloud2.streaminglivehd.com:1936/liratv/liratv/playlist.m3u8,网络源,https://i.imgur.com/hBswXYZ.png
Litoral Atlántico HD (720p),https://cdn4.streamgato.us:3595/live/litoralhdlive.m3u8,网络源,https://i.imgur.com/UXsgEPX.png
Little Guyana TV (1080p),https://video1.getstreamhosting.com:1936/8122/8122/playlist.m3u8,网络源,https://i.imgur.com/b475xOT.jpg
Little Stars Universe,https://jmp2.uk/plu-51c75f7bb6f26ba1cd00002f.m3u8,网络源,https://i.imgur.com/RasrA0s.png
Littleton 8 TV (Littleton CO) (1080p),https://ch8.littletongov.org/live-2/live/live.m3u8,网络源,https://i.imgur.com/7Qxih9P.png
Littoral FM (720p),https://live.creacast.com/littoralfm-ch1/stream/playlist.m3u8,网络源,https://i.imgur.com/DCZKAQ1.png
Liv (720p),https://live-fi.tvkaista.net/liv/live.m3u8?hd=true,网络源,https://i.imgur.com/k6NsXBj.png
Live99FM (1080p),https://media.streambrothers.com:1936/8014/8014/playlist.m3u8,网络源,https://i.imgur.com/U43UrQT.png
Live India (576p),http://ptuf.ridsys.in/riptv/live/GEMINI_TV/index.m3u8,网络源,https://i.imgur.com/z5pkRDU.png
Live Music,https://jmp2.uk/plu-5873fc21cad696fb37aa9054.m3u8,网络源,https://images.pluto.tv/channels/5873fc21cad696fb37aa9054/colorLogoPNG.png
LiveNOW from FOX (720p),https://fox-foxnewsnow-vizio.amagi.tv/playlist.m3u8,网络源,https://i.imgur.com/1JnyzHv.png
LiveXLive (1080p),https://livestream.liveone.com/lc1/p1.m3u8,网络源,https://i.imgur.com/KFzEoed.png
Living Asia Channel (1080p),https://cdn.vegasplus.us/vegas/lac/playlist.m3u8,网络源,https://i.imgur.com/q3UToRM.png
Living Faith TV (540p),https://cdn-unified-hls.streamspot.com/ingest1/0b5c0f18e9/playlist.m3u8?origin=1,网络源,https://i.imgur.com/FuNpesJ.png
Living India News (1080p),https://stream.ottlive.co.in/livingindia/index.m3u8,网络源,https://i.imgur.com/YikaJvd.png
LMTV French (720p) [Not 24/7],https://video1.getstreamhosting.com:1936/8282/8282/playlist.m3u8,网络源,https://i.imgur.com/FVnq2cQ.png
LN24SA (1080p),https://cdnstack.internetmultimediaonline.org/ln24/ln24.stream/playlist.m3u8,网络源,https://i.imgur.com/Hg5YTwu.png
LN247 (1080p),https://go5lmb6oyawb-hls-live.5centscdn.com/station/3dfd3752af3d7aec5c53992c2da3a316.sdp/playlist.m3u8,网络源,https://i.imgur.com/s6PUehQ.jpg
Loading (720p),https://stmv1.srvif.com/loadingtv/loadingtv/playlist.m3u8,网络源,https://i.imgur.com/R0aflu1.png
Lobo TV (720p),https://5ca3e84a76d30.streamlock.net/tvlobo/videotvlobo/playlist.m3u8,网络源,https://i.imgur.com/3fA50RJ.png
Localish (1080p),https://dnmfq3sh1jipj.cloudfront.net/DisneyLocalish.m3u8,网络源,https://i.imgur.com/ACEbGD5.png
LOE TV (720p),https://58c04fb1d143f.streamlock.net/loemedia/loemedia/playlist.m3u8,网络源,https://i.imgur.com/8i6OwaS.png
Logo Pluto TV,https://jmp2.uk/plu-5ce5a8954311f992edbe1da2.m3u8,网络源,https://i.imgur.com/GtNgJ28.png
Logos TV (1080p) [Not 24/7],https://streamer1.streamhost.org/salive/logosH/master.m3u8,网络源,https://i.imgur.com/Kr3U3Ub.png
Logos TV (1080p) [Not 24/7],https://5a8308add0b31.streamlock.net/logoschannel.com/logostv.smil/playlist.m3u8,网络源,https://i.imgur.com/h8DioXU.png
Logos TV English (1080p) [Not 24/7],https://5aafcc5de91f1.streamlock.net/logoschannel.com/logoseng/playlist.m3u8,网络源,https://i.imgur.com/LDfEK81.png
Logos TV Estudio (720p) [Not 24/7],https://streamer1.streamhost.org/salive/logosdirectaH/playlist.m3u8,网络源,https://i.imgur.com/qkHrttj.png
Logos TV Kids (720p) [Not 24/7],https://streamer1.streamhost.org/salive/logoskidsH/playlist.m3u8,网络源,https://i.imgur.com/Kr3U3Ub.png
Logos TV Salud (720p) [Not 24/7],https://streamer1.streamhost.org/salive/logossaludH/playlist.m3u8,网络源,https://i.imgur.com/qkHrttj.png
Lokshahi News (1080p),https://see.lokshahi.live/live/index.m3u8,网络源,https://xstreamcp-assets-msp.streamready.in/assets/LIVETV/LIVECHANNEL/LIVETV_LIVETVCHANNEL_LOKSHAHI/images/LOGO_HD/image.png
LOL! Network (720p),https://d1kt53vrikzr5o.cloudfront.net/v1/lol_lolnetwork_5/samsungheadend_us/latest/main/hls/playlist.m3u8,网络源,https://i.imgur.com/Tiy3Ur2.png
Lollywood HD TV,https://stream.berosat.live/hls/lollywood-hd/lollywood-hd.m3u8,网络源,https://i.imgur.com/fQhrsdr.png
Lolwe TV (576p) [Not 24/7],https://goliveafrica.media:9998/live/62580e144eb43/index.m3u8,网络源,https://i.imgur.com/tjZ1cOP.png
Lombardia TV,https://5db313b643fd8.streamlock.net/lmbiatv/lmbiatv/playlist.m3u8,网络源,https://i.imgur.com/frVhm9q.png
Lompoc TAP TV Channel 23 (720p),https://livestream.telvue.com/lompoccmttv1/f7b44cfafd5c52223d5498196c8a2e7b.sdp/playlist.m3u8,网络源,https://i.imgur.com/5mhYHtD.png
Lompoc TAP TV Channel 24 (720p),https://livestream.telvue.com/lompoccmttv2/f7b44cfafd5c52223d5498196c8a2e7b.sdp/playlist.m3u8,网络源,https://i.imgur.com/5mhYHtD.png
Lompoc TAP TV Channel 25 (720p),https://livestream.telvue.com/lompoccmttv3/f7b44cfafd5c52223d5498196c8a2e7b.sdp/playlist.m3u8,网络源,https://i.imgur.com/5mhYHtD.png
LON TV (720p),https://streamingserver02.omroepnuenen.nl/lon/lonweb/chunklist_w1463772894.m3u8,网络源,https://i.imgur.com/bH4XSGw.png
Lone Star (720p),https://6b88cde9.wurl.com/master/f36d25e7e52f1ba8d7e56eb859c636563214f541/UmFrdXRlblRWLWV1X0xvbmVTdGFyX0hMUw/playlist.m3u8,网络源,https://xstreamcp-assets-msp.streamready.in/assets/DISTROTV/LIVECHANNEL/666988e3bac4421ebc533621/images/logo_20231219_215208_70.png
Lone Star (1080p),https://lonestar-rakuten.amagi.tv/playlist.m3u8,网络源,https://xstreamcp-assets-msp.streamready.in/assets/DISTROTV/LIVECHANNEL/666988e3bac4421ebc533621/images/logo_20231219_215208_70.png
Lone Star (1080p),https://cineverse.g-mana.live/media/901011e7-9149-48cb-aabc-9218760e54fe/master.m3u8,网络源,https://xstreamcp-assets-msp.streamready.in/assets/DISTROTV/LIVECHANNEL/666988e3bac4421ebc533621/images/logo_20231219_215208_70.png
Look Thoong TV (720p) [Not 24/7],https://livefta.malimarcdn.com/ftaedge00/lookthoongtv.sdp/playlist.m3u8,网络源,https://i.imgur.com/eT7iE34.png
Loreto TV (720p),https://loretotv.moxapps.shop/live/QFM7KYOlxWd47ybXB3Z1u2P13Py1/index.m3u8,网络源,https://i.imgur.com/3qGSAT3.png
Los Angeles Local Television Channel 36 (1080p),https://reflect-channel36-la.cablecast.tv/live-3/live/stream-1/live.m3u8,网络源,https://i.imgur.com/JxTzUEq.png
Los Angeles TV Radio,https://stmv6.voxtvhd.com.br/losangeles/losangeles/playlist.m3u8,网络源,https://i.imgur.com/CaNdkpJ.jpeg
Los archivos del FBI,https://jmp2.uk/plu-5f1acbed25948a0007ffbe65.m3u8,网络源,https://i.imgur.com/eDCdJO2.png
Los Asesinatos de Midsomer,https://jmp2.uk/plu-5f1aca8310a30e00074fab92.m3u8,网络源,https://i.imgur.com/JIbupT1.png
Los nuevos detectives,https://jmp2.uk/plu-5f1acba0d1f6340007db8843.m3u8,网络源,https://i.imgur.com/Iru8tqj.png
LotPlus TV (720p),https://ontvcable.streamottmas.workers.dev/ontvcable.m3u8,网络源,https://i.imgur.com/gBbCDCL.png
Lotte Home Shopping (720p),https://pchlslivesw.lotteimall.com/live/livestream/lotteimalllive_mp4.m3u8,网络源,https://i.imgur.com/dJeNehc.png
Lotte OneTV (720p),https://onetvhlslive.lotteimall.com/lotteonetvlive/lotteonetvlive.mp4.m3u8,网络源,https://i.imgur.com/bXe7tYE.png
Louga TV (480p),https://stream.sen-gt.com/Mbacke/myStream/playlist.m3u8,网络源,https://i.ibb.co/xXZ5kFy/unnamed.jpg
Louis La Brocante,https://jmp2.uk/plu-5f8ed6d569d2d4000864a976.m3u8,网络源,https://i.imgur.com/I1w7rFb.png
Love & Hip Hop,https://jmp2.uk/plu-5d51ddf0369acdb278dfb05e.m3u8,网络源,https://i.imgur.com/rhGyebf.png
Love Nature (1080p),https://aegis-cloudfront-1.tubi.video/6d6d0f24-8445-4b4c-bdf6-44f9e38beaa4/playlist.m3u8,网络源,https://tv.lovenature.com/wp-content/uploads/2024/10/LoveNature2024_Logo_full_colour-copy.png
Love Nature 4K (2160p) [Geo-blocked],https://pb-ehs1glsha1juy.akamaized.net/Love_Nature_4K.m3u8,网络源,https://tv.lovenature.com/wp-content/uploads/2024/10/LoveNature2024_Logo_full_colour-copy.png
Love Nature en Espanol (1080p) [Geo-blocked],https://amg01515-amg01515c17-xumo-us-2489.playouts.now.amagi.tv/bamus-lovenaturespanish-roku/playlist.m3u8,网络源,https://i.imgur.com/7uNdcWB.png
Love Pets (1080p),https://amg01576-blueskyeenterta-lovepetsemea-samsungse-ctamh.amagi.tv/playlist/amg01576-blueskyeenterta-lovepetsemea-samsungse/playlist.m3u8,网络源,https://lovepetstv.com/wp-content/uploads/2022/12/LovePets_Logo_SecondaryColor.png
Love Television (720p),https://streamer2.nexgen.bz/01-LOVE/index.m3u8,网络源,https://i.imgur.com/nT3Wxr6.png
Love the Planet (1080p),https://amg01821-lovetvchannels-lovetheplanetuksamsung-samsunguk-apopw.amagi.tv/playlist/amg01821-lovetvchannels-lovetheplanetuksamsung-samsunguk/playlist.m3u8,网络源,https://i.imgur.com/RBcD49X.png
Love The Planet DE (1080p) [Geo-blocked],https://amg01821-amg01821c12-rlaxx-gb-10461.playouts.now.amagi.tv/playlist.m3u8,网络源,https://i.imgur.com/RBcD49X.png
Love The Planet ES (1080p) [Geo-blocked],https://amg01821-lovetv-amg01821c9-rlaxx-gb-10458.playouts.now.amagi.tv/playlist.m3u8,网络源,https://i.imgur.com/RBcD49X.png
Love The Planet IT (1080p) [Geo-blocked],https://amg01821-amg01821c11-rlaxx-gb-10459.playouts.now.amagi.tv/playlist.m3u8,网络源,https://i.imgur.com/RBcD49X.png
Love TV (1080p) [Not 24/7],https://stream.nasatv.com.mk/lovetv/hls/lovetv_live.m3u8,网络源,https://i.imgur.com/B8iaejQ.png
Loveland TV (Loveland CO) (1080p),https://reflect-cityofloveland-co.cablecast.tv/live-3/live/live.m3u8,网络源,https://i.imgur.com/K9eCdXD.png
Lóverseny közvetítés (420p),http://87.229.103.60:1935/liverelay/loverseny2.sdp/playlist.m3u8,网络源,https://i.imgur.com/IGajR6G.png
LoveWorld Arabic (360p),https://go5lm6a6dawb-hls-live.5centscdn.com/lwarabic/53132d996b4263ec0d7b602292c46eaf.sdp/playlist.m3u8,网络源,https://i.imgur.com/KYMjRjK.png
LoveWorld Persia (720p),https://cdn3.wowza.com/5/aVJETlF0UFdmYTFu/LWPP/ngrp:persia.stream_all/playlist.m3u8,网络源,https://i.imgur.com/Vd2xPxh.png
Loveworld UK (1080p) [Not 24/7],https://cdn3.wowza.com/5/L1Uzd2FrbVlLRG1W/live/smil:lwukweb.smil/playlist.m3u8,网络源,https://i.imgur.com/JgHbDmF.png
LoveWorld USA (720p),https://cdn3.wowza.com/5/RGtVZkFxL3FOQkxX/LWU/ngrp:lwu.stream_all/playlist.m3u8,网络源,
LoveworldSAT (1080p),https://cdnstack.internetmultimediaonline.org/lwsat/lwsat.stream/index.m3u8,网络源,https://i.imgur.com/Fg65XCS.png
LOZ (Lokale Omroep Zeewolde) (720p),https://5e2b3e3114872.streamlock.net:1443/lozlive/smil:lozlive/playlist.m3u8,网络源,https://i.imgur.com/Dw4u9wT.png
LRT Klasika (1080p),https://stream-live.lrt.lt/klasika/master.m3u8,网络源,https://i.imgur.com/Fa8Vhu0.png
LRT Lituanica (1080p) [Geo-blocked],https://stream-live.lrt.lt/lituanica/master.m3u8,网络源,https://upload.wikimedia.org/wikipedia/commons/thumb/d/d2/LRT_Lituanica_Logo_2022.svg/960px-LRT_Lituanica_Logo_2022.svg.png
LRT Opus (1080p),https://stream-live.lrt.lt/opus/master.m3u8,网络源,https://i.imgur.com/oLuZTMH.png
LRT Plius (1080p),http://stream.mcquack.net/353/index.m3u8,网络源,https://upload.wikimedia.org/wikipedia/commons/thumb/6/61/LRT_Plius_Logo_2022.svg/960px-LRT_Plius_Logo_2022.svg.png
LRT Radijas (1080p),https://stream-live.lrt.lt/radijas/master.m3u8,网络源,https://i.imgur.com/gYoaqju.png
LS TV (480p),https://livefta.malimarcdn.com/ftaedge00/laostv.sdp/playlist.m3u8,网络源,https://i.imgur.com/fs3dQ6J.png
LTN Family (576p),http://103.250.28.74:8000/play/a02j/index.m3u8,网络源,https://i.imgur.com/n4CenYn.png
LTV (2160p) [Not 24/7],https://live.cdnlivecdn.com/live/c9fe062eed2978749aa00df6485940d298449f5e.m3u8,网络源,https://i.imgur.com/XHs06BX.png
LTV (720p) [Not 24/7],https://5e85d90130e77.streamlock.net/6022/6022/playlist.m3u8,网络源,https://i.imgur.com/KBYUOcP.png
LTV1 (720p),https://ltvlive3167.bstrm.net/ltvlive/_definst_/ltvlive_ltv06_ltv1_g_x44_43186_default_1326_hls.smil/chunklist.m3u8,网络源,https://upload.wikimedia.org/wikipedia/commons/thumb/4/4a/LTV1_%282022%29.svg/960px-LTV1_%282022%29.svg.png
LTV7 (720p),https://ltvlive3167.bstrm.net/ltvlive/_definst_/ltvlive_ltv07_ltv7_g_eb0_43187_default_1327_hls.smil/chunklist.m3u8,网络源,https://upload.wikimedia.org/wikipedia/commons/thumb/f/f2/LTV7_Logo_2021.svg/960px-LTV7_Logo_2021.svg.png
Lucky Dog (720p),https://d3j95sejv6mybj.cloudfront.net/Lucky_Dog.m3u8,网络源,https://i.imgur.com/1j4gwL3.png
Luksusfælden,https://jmp2.uk/plu-61c19b7785706b00072d421a.m3u8,网络源,https://images.pluto.tv/channels/61c19b7785706b00072d421a/colorLogoPNG.png
Luksusfellen,https://jmp2.uk/plu-61c1e060197fe600073c1ffb.m3u8,网络源,https://images.pluto.tv/channels/61c1e060197fe600073c1ffb/colorLogoPNG.png
Luksusfellen Sverige,https://jmp2.uk/plu-61c1e0f1d6d97900076ea16f.m3u8,网络源,https://images.pluto.tv/channels/61c1e0f1d6d97900076ea16f/colorLogoPNG.png
Luna TV Canal 53 (720p),https://tv.wracanal10.com:3671/live/lunatvcanal53live.m3u8,网络源,https://i.imgur.com/EvX5aqI.png
Luxe TV (1080p),http://103.154.3.101:5001/live/1736.m3u8,网络源,https://i.imgur.com/24ehonx.png
Luyaa TV (480p) [Not 24/7],https://goliveafrica.media:9998/live/659e7c6432815/index.m3u8,网络源,https://i.imgur.com/bnq7DNt.jpg
Luys TV (1080p),https://b01c02nl.mediatriple.net/videoonlylive/mtpayqrfkgirxelive/broadcast_5e91c5ac96898.smil/playlist.m3u8,网络源,https://i.imgur.com/9EruWIQ.png
Luz Divina TV [Not 24/7],https://tv.wracanal10.com:3776/live/luzdivinatvlive.m3u8,网络源,https://imgur.com/BHZw3PK.jpeg
Luz Naciente TV,https://streeming.protoscr.com:3858/live/streeminglive.m3u8,网络源,https://i.imgur.com/GC2lubh.png
Lyxfällan,https://jmp2.uk/plu-61c18f62f5acaf0007f83135.m3u8,网络源,https://images.pluto.tv/channels/61c18f62f5acaf0007f83135/colorLogoPNG.png
Lyxfällan Danmark,https://jmp2.uk/plu-61c19165decece0007e9b2f3.m3u8,网络源,https://images.pluto.tv/channels/61c19165decece0007e9b2f3/colorLogoPNG.png
Lyxfällan Norge,https://jmp2.uk/plu-67f7d328efc5473b6b4ac5f4.m3u8,网络源,https://images.pluto.tv/channels/67f7d328efc5473b6b4ac5f4/colorLogoPNG_1745915912635.png
M2 (1080p),http://88.212.15.19/live/m2_hun/index.m3u8,网络源,https://i.imgur.com/B0nYT0l.png
m2o TV (1080p),https://4c4b867c89244861ac216426883d1ad0.msvdn.net/live/S62628868/uhdWBlkC1AoO/playlist.m3u8,网络源,https://upload.wikimedia.org/wikipedia/commons/thumb/3/34/Radio_m2o_-_Logo_2019.svg/500px-Radio_m2o_-_Logo_2019.svg.png
M5 (1080p),http://88.212.15.19/live/test_m_5_hun_atk_1200/playlist.m3u8,网络源,https://i.imgur.com/y21wFd0.png
M6 Music (720p),http://145.239.5.177/320/index.m3u8,网络源,https://upload.wikimedia.org/wikipedia/en/c/c9/M6_Music_%282012%29.png
M95 Televisión Marbella (1080p) [Not 24/7],https://limited2.todostreaming.es/live/m95-livestream.m3u8,网络源,https://i.imgur.com/RzAkP1V.png
M Entertainment Channel (720p),https://mmtvs.exliatycl.online/mchannel/stream.m3u8,网络源,https://i.imgur.com/6PcdTZ2.png
M News (1080p),https://cdn.rabta.stream/M-News/index.m3u8,网络源,https://mnews.pk/wp-content/uploads/2025/10/mnews-logo-news.png
M Sign Media (720p) [Not 24/7],http://rtmp2.logicwebs.in:1935/msign/msignmedia/playlist.m3u8,网络源,https://i.imgur.com/8fdUkOl.png
M Sports (1080p),https://cdn.rabta.stream/M-Sports/index.m3u8,网络源,https://msports.pk/wp-content/uploads/2026/02/m-sports-300.png
M-1 (480p),https://m-1.data.lt/m-1/smil:m-1.smil/playlist.m3u8,网络源,https://i.ibb.co/gb4NmNHT/M1-2025.png
M-Net HD (720p),http://ares.mnet.mk/hls/mnet.m3u8,网络源,https://i.imgur.com/HDYqWuR.png
M-Net Info,https://live.mnet.mk/hls/mnet-info.m3u8,网络源,https://i.ibb.co/0fnY2cj/IMG-20230419-161527.jpg
M-Net Kids (720p),http://ares.mnet.mk/hls/mnet-kids.m3u8,网络源,https://i.imgur.com/SbKkpuH.png
M-Net Sport (720p),http://ares.mnet.mk/hls/mnet-sport.m3u8,网络源,https://i.imgur.com/7k8ar1Z.png
Ma'an TV (720p),https://htvmada.mada.ps:4443/maannews/index.m3u8,网络源,https://i.imgur.com/hRFa03k.png
Maah TV (720p),https://hls.maahtv.live/hls/stream.m3u8,网络源,https://i.imgur.com/FkyueH6.png
Maasranga TV (720p),http://tvsen5.aynascope.net/maasrangatv/index.m3u8,网络源,https://i.imgur.com/uVZJMed.png
MacGyver,https://jmp2.uk/plu-6245ccd0c6cdb800074632e4.m3u8,网络源,https://images.pluto.tv/channels/6245ccd0c6cdb800074632e4/colorLogoPNG.png
MacGyver,https://jmp2.uk/plu-68503d585965a2fd49fc2f0b.m3u8,网络源,https://images.pluto.tv/channels/6245ccd0c6cdb800074632e4/colorLogoPNG.png
MacGyver,https://jmp2.uk/plu-654a59742c1d33000865a797.m3u8,网络源,https://images.pluto.tv/channels/654a59742c1d33000865a797/colorLogoPNG.png
MacGyver,https://jmp2.uk/plu-654a59d483595c0008187514.m3u8,网络源,https://images.pluto.tv/channels/654a59742c1d33000865a797/colorLogoPNG.png
MacGyver,https://jmp2.uk/plu-63a19eceb3d0eb0007439c34.m3u8,网络源,https://images.pluto.tv/channels/654a59742c1d33000865a797/colorLogoPNG.png
MacGyver,https://jmp2.uk/plu-63eb9dc84e83e70008abea92.m3u8,网络源,https://images.pluto.tv/channels/63eb9dc84e83e70008abea92/colorLogoPNG.png
MacGyver,https://jmp2.uk/plu-63eb95baa99571000898a078.m3u8,网络源,https://images.pluto.tv/channels/63eb9dc84e83e70008abea92/colorLogoPNG.png
Mad Dog and Merrill (540p) [Not 24/7],https://rpn.bozztv.com/gusa/gusa-mwg/index.m3u8,网络源,https://i.imgur.com/5QQy3aW.png
Madani Channel Bangla (1080p),https://streaming.madanichannel.tv/static/streaming-playlists/hls/d3e49b76-ac06-4689-a641-9200445b647f/master.m3u8,网络源,https://i.imgur.com/vIJTVia.png
Madani Channel English (720p),http://tvsen7.aynascope.net/MadaniTV/index.m3u8,网络源,https://i.imgur.com/Abi9j0A.png
Madani Channel Urdu (720p),https://streaming.madanichannel.tv/static/streaming-playlists/hls/b9790f10-cb0d-4e30-82bf-84a756234e58/master.m3u8,网络源,https://i.imgur.com/MitLeCJ.png
Madani TV (720p),https://stream.asianastream.com/madani/madanitv.smil/playlist.m3u8,网络源,https://i.imgur.com/8aonQ0v.png
Madaniyat va ma'rifat (576p),https://stream8.cinerama.uz/1005/tracks-v1a1/playlist.m3u8,网络源,https://i.imgur.com/eeNLXCP.png
Made in Hollywood,https://connection3-ent-nz.samsung.wurl.tv/playlist.m3u8,网络源,https://i.imgur.com/p16HNIM.png
MadeinBO TV (1080p),https://srvx1.selftv.video/dmchannel/live/playlist.m3u8,网络源,https://i.imgur.com/47X44DD.png
Madha TV (576p),https://mumt07.tangotv.in/zHjX9OFlMADHATV/index.m3u8,网络源,https://dtil.tmsimg.com/assets/s143287_ld_h15_aa.png?lock=720x540
Madhimugam TV (576p),https://mumt01.tangotv.in/O5aw8Zn3MATHIMUGAMTV/index.m3u8,网络源,https://jiotvimages.cdn.jio.com/dare_images/images/Madhimugam_TV.png
Madras FM TV (1080p),https://edge12.vedge.infomaniak.com/livecast/ik:madrasfmtv/manifest.m3u8,网络源,https://i.imgur.com/spGg1CZ.png
Maestrat TV (1080p),https://stream.maestrat.tv/hls/stream.m3u8,网络源,https://i.imgur.com/9gOS1ts.png
MagellanTV Now (1080p),https://amg00376-magellan-amg00376c5-samsung-au-1708.playouts.now.amagi.tv/playlist/amg00376-magellantv-magellantvnowww-samsungau/playlist.m3u8,网络源,https://i.imgur.com/gEraSp5.png
Magenta Musik 360 (1080p),https://streaming.magentamusik.de/csm/573870/magentamusik1/index.m3u8,网络源,https://i.imgur.com/R74gG7U.png
Magic PowerRadio (288p) [Not 24/7],https://server-23.stream-server.nl:1936/Magic-PowerRadio/Magic-PowerRadio/playlist.m3u8,网络源,https://i.imgur.com/sWcwIte.png
Magic TV (720p),https://bss1.neterra.tv/magictv/magictv.m3u8,网络源,https://i.imgur.com/n7bcrrp.png
Magic TV (720p),https://tv.broadcasting.ro/magictv/925f90db-5c88-4190-a53d-5163cdffe6f4.m3u8,网络源,https://i.imgur.com/9izrr4d.png
Magna Channel (1080p) [Not 24/7],https://edge.medcom.id/live-edge/smil:magna.smil/playlist.m3u8,网络源,https://i.imgur.com/tfJo0SO.png
Magna Vision (1080p),https://j78dpa3edq5r-hls-live.5centscdn.com/abr/0864028584026e6ad9cdf922473177a4/playlist.m3u8,网络源,https://i.imgur.com/mUHixbi.png
Magnificent Movies Network,https://mmn1-301f.kxcdn.com/hls/MMN-HLS.m3u8,网络源,https://i.imgur.com/CXjo8kn.png
Maha Movie (576p),https://cdn-6.pishow.tv/live/10007/master.m3u8,网络源,https://jiotvimages.cdn.jio.com/dare_images/images/Maha_Movies.png
Maha Punjabi,https://cdn-4.pishow.tv/live/1521/master.m3u8,网络源,https://i.imgur.com/AWUcSb8.png
Mahaa Bhakti (1080p),https://mumbai-edge.smartplaytv.in/MahaBhakthi/index.m3u8,网络源,https://yt3.googleusercontent.com/OWECRvCVJh-dXU2MTRZhMRIDvFvcWan0YMoWWfXsM5_WEHobQy2QoHQbGr7AZUXzMOByTMAXbg=s900-c-k-c0x00ffffff-no-rj
Mahaa Max (576p),https://mumt03.tangotv.in/Dsly5z3HMAHAAMAX/index.m3u8,网络源,https://objectstorage.ap-mumbai-1.oraclecloud.com/p/7Eg7LPw1gBcncVDrfwf__7yyrg13awaU6DmMk4gutavGYZgoAuAziv8e0aSEdU4G/n/bmaqqlwez184/b/GTPL_CHANNEL_LOGO/o/gtpl/MAHAA+MAX+LOGO.png
Mahaa News (576p),https://mumt07.tangotv.in/zHjX9OFlMAHAANEWS/index.m3u8,网络源,https://i.imgur.com/buT76vR.png
Mahaasin TV,https://mahaasintv.livebox.co.in/mahaasintvhls/mahaasintv.m3u8,网络源,https://i.imgur.com/wdfdKvC.png
Mahabad,https://ncdn.telewebion.ir/mahabad/live/playlist.m3u8,网络源,https://upload.wikimedia.org/wikipedia/fa/c/cb/Mahabad_tv.png
Mahalla (576p),https://stream8.cinerama.uz/1013/tracks-v1a1/playlist.m3u8,网络源,https://i.imgur.com/GtABiJI.png
Maidan (720p),https://live-maidantv.cdnvideo.ru/maidantv/maidantv.smil/playlist.m3u8,网络源,https://i.imgur.com/C8CCjZK.png
Maimon TV Canal 3 (720p) [Not 24/7],https://tele-stream.telecasa.net/live/st3/maimontv-hd/index.m3u8,网络源,https://i.imgur.com/twldaaC.png
Maincast Cybersport (1080p),http://stream.mcquack.net/487/index.m3u8,网络源,https://upload.wikimedia.org/wikipedia/commons/5/57/Maincast_%28HD_Logo%29_2024.png
Maincast Sport (1080p),http://stream.mcquack.net/490/index.m3u8,网络源,https://upload.wikimedia.org/wikipedia/commons/5/57/Maincast_%28HD_Logo%29_2024.png
Majestad Televisión (720p),https://videoserver.tmcreativos.com:19360/majestadtv/majestadtv.m3u8,网络源,https://i.imgur.com/d1GWRnm.png
Majestad Televisión (480p) [Not 24/7],https://livetv.305streamhd.com:3667/live/majestadtvlive.m3u8,网络源,https://i.imgur.com/BJhrvtL.png
Majid Al Mohandis (1080p),https://shd-amg-fast.edgenextcdn.net/tx019/playlist.m3u8,网络源,https://i.discogs.com/Fk9Bm8gTYJYeVXIJKX-EOGmYQ90sVQPtkIW5ZK4fydo/rs:fit/g:sm/q:90/h:372/w:412/czM6Ly9kaXNjb2dz/LWRhdGFiYXNlLWlt/YWdlcy9MLTE2OTY4/MzMtMTU2ODk0NjI5/MC01Njk2LmpwZWc.jpeg
Makan 33 (1080p),https://kancdn.medonecdn.net/livehls/oil/kancdn-live/live/makan/live.livx/playlist.m3u8,网络源,https://i.imgur.com/RVtQTed.png
Makao TV (1080i),https://live.obslivestream.com/makaomux/index.m3u8,网络源,https://i.imgur.com/asD5y7i.png
Makina TV (720p) [Not 24/7],https://vdopanel.jlahozconsulting.com:3303/live/makinalive.m3u8,网络源,https://www.vivalivetv.com/public/files/shows/0/1/2951-294x165-FFFFFF.jpg
Makkah TV (576p),https://media2.streambrothers.com:1936/8122/8122/playlist.m3u8,网络源,https://i.ibb.co/r2k71w5N/download.png
Makkal TV (576i),https://5k8q87azdy4v-hls-live.wmncdn.net/MAKKAL/271ddf829afeece44d8732757fba1a66.sdp/playlist.m3u8,网络源,https://xstreamcp-assets-msp.streamready.in/assets/LIVETV/LIVECHANNEL/LIVETV_LIVETVCHANNEL_MAKKAL_TV/images/LOGO_HD/image.png
Makói Városi (576p),http://makomedia.mikrohalo.hu/hls/makotv.m3u8,网络源,https://i.imgur.com/PF3BP4X.png
Makon TV (576i),https://stream8.cinerama.uz/1497/tracks-v1a1/mono.m3u8,网络源,https://i.imgur.com/vCc0ED1.png
Malabar News (720p) [Not 24/7],http://cloud.logicwebs.in:1935/live/malabarnews/playlist.m3u8,网络源,https://i.imgur.com/Un2gxt4.png
Malai Murasu TV (576p),https://streams.tangotv.in/MALAIMURASUSEITHIGAL/ORIGIN/index.m3u8,网络源,https://i.imgur.com/OC5TQxp.png
Malar TV (720p) [Not 24/7],https://cdn-3.pishow.tv/live/473/master.m3u8,网络源,
Maldives TV (720p),https://lana.psm.mv/live/mtv.m3u8,网络源,https://i.imgur.com/Zl2FmFC.png
Mama (576p),http://stream.mcquack.net/79/index.m3u8,网络源,https://i.imgur.com/kmMIjjf.png
Man with a Plan,https://jmp2.uk/plu-678f88bb272ded16b1558c5e.m3u8,网络源,https://images.pluto.tv/channels/678f88bb272ded16b1558c5e/colorLogoPNG.png
Man with a Plan,https://jmp2.uk/plu-6825eeeeb19ce6d4a34ebb2a.m3u8,网络源,https://images.pluto.tv/channels/678f88bb272ded16b1558c5e/colorLogoPNG.png
Man with a Plan,https://jmp2.uk/plu-6825efbb9eed174f7ffbe5b0.m3u8,网络源,https://images.pluto.tv/channels/678f88bb272ded16b1558c5e/colorLogoPNG.png
Maná Church Online (1080p) [Not 24/7],https://w2.manasat.com/church-online/smil:church-online.smil/playlist.m3u8,网络源,https://i.imgur.com/FRDJSim.png
Maná Cirkev Online (1080p) [Not 24/7],https://w2.manasat.com/cirkev-online/smil:cirkev-online.smil/playlist.m3u8,网络源,https://i.imgur.com/tYhXeRq.png
Maná Église Online (1080p) [Not 24/7],https://w2.manasat.com/eglise-online/smil:eglise-online.smil/playlist.m3u8,网络源,https://i.imgur.com/xQYly8O.png
Maná Iglesia Online (1080p) [Not 24/7],https://w2.manasat.com/iglesia-online/smil:iglesia-online.smil/playlist.m3u8,网络源,https://i.imgur.com/0IUvfcJ.png
Maná Igreja Online (1080p) [Not 24/7],https://w1.manasat.com/igrejaonline/smil:igrejaonline.smil/playlist.m3u8,网络源,https://i.imgur.com/0IUvfcJ.png
Maná Tserkov' Onlayn (1080p) [Not 24/7],https://w2.manasat.com/tserkov-online/smil:tserkov-online.smil/playlist.m3u8,网络源,https://i.imgur.com/PruXLqS.png
Manaclar Television [Not 24/7],https://5790d294af2dc.streamlock.net/manaclar/manaclar/playlist.m3u8,网络源,https://www.vivalivetv.com/public/files/shows/0/1/3445-294x165-FFFFFF.jpg
Manas TV (1080p),http://212.42.111.152:8080/hls/manas.m3u8,网络源,https://i.ibb.co/2Kvcj5Q/manas.jpg
Manatee Schools Television MSTV (Manatee County FL) (1080p),https://reflect-mcsb-vod.cablecast.tv/live-16/live/live.m3u8,网络源,https://i.imgur.com/x0lJqSp.png
Manavisión (480p),https://play.once.net.ec/play/Ily2oYdd3E1fi9wK2zORoRovFU9P5xM0g3CNVK2MT0M/.m3u8,网络源,https://i.imgur.com/mZkW342.png
Mango (576p),https://stmv6.voxtvhd.com.br/cinehindi/cinehindi/playlist.m3u8,网络源,https://i.imgur.com/neZm4CY.png
Mango (1080p) [Geo-blocked],https://lb2.pluscdn.pl/ch/1580235/3496/hls/a149fc4b/masterlist.m3u8,网络源,https://upload.wikimedia.org/wikipedia/commons/7/73/NewLogoMango.svg
Mango Mobile TV (1080p),https://amg01911-mangotv-amg01911c1-xiaomi-in-1270.playouts.now.amagi.tv/playlist/amg01911-mangomassmedia-mangotv-xiaomiin/playlist.m3u8,网络源,https://dvvlqr1rtlak3.cloudfront.net/Mango/MANGOTVLOGO.jpg
Mangorn (720p),http://49.0.87.24:1936/HDDragon/Dragon/playlist.m3u8,网络源,
Mańǵystaý (540p) [Not 24/7],https://stream.kaztrk.kz/regional/mangystautv/index.m3u8,网络源,https://i.imgur.com/9JfLseu.png
Maniel TV (720p) [Not 24/7],https://mp.panelchs.com/hls/8024/8024.m3u8,网络源,https://www.vivalivetv.com/public/files/shows/0/1/4060-294x165-FFFFFF.jpg
Manorama News (1080p),https://mmtvnews1.akamaized.net/v1/master/673630b269b766886555eebfddd4f27f3de3ab50/mmtvNewsCampaign1/index.m3u8,网络源,https://i.imgur.com/adjRrVx.png
Manoranjan Grand (720p),https://cdn-1.pishow.tv/live/1011/master.m3u8,网络源,https://dtil.tmsimg.com/assets/s143302_ld_h15_aa.png?lock=720x540
Manoranjan Movies (720p),http://103.213.31.109:90/ManoranjanMovies/playlist.m3u8,网络源,https://dtil.tmsimg.com/assets/s143303_ld_h15_aa.png?lock=720x540
Manoranjan Prime (576p),https://mumt06.tangotv.in/qYyB8fXVMANORANJANPRIME/index.m3u8,网络源,
Manoranjan TV (720p),http://103.213.31.109:90/ManoranjanTv/playlist.m3u8,网络源,https://xstreamcp-assets-msp.streamready.in/assets/LIVETV/LIVECHANNEL/LIVETV_LIVETVCHANNEL_MANORANJAN_TV/images/LOGO_HD/image.png
Manoto TV,https://ca-rt.onetv.app/manototv/index-0.m3u8?token=onetv202,网络源,https://i.imgur.com/8wE1Lbp.png
Mantavya News (576p),https://mumt02.tangotv.in/MANTAVYA24X7NEWS/index.m3u8,网络源,https://jiotvimages.cdn.jio.com/dare_images/images/Mantavya_News.png
Manu Chat,https://vmi747311.contaboserver.net/hls/livetv.m3u8,网络源,https://i.imgur.com/voyoljW.png
Maqui TV,https://streamyes.alsolnet.com/maquiradio/live/playlist.m3u8,网络源,https://i.imgur.com/U849xvX.png
Maray TV,https://5eaccbab48461.streamlock.net:1936/8242/ngrp:8242_all/playlist.m3u8,网络源,https://i.imgur.com/YinMA8c.png
Maraya (1080p),https://shd-amg-fast.edgenextcdn.net/tx008/playlist.m3u8,网络源,https://shahid.mbc.net/mediaObject/d089a559-4f41-4def-a786-f98fcfbf0464?height=auto&width=288&croppingPoint=&version=1&type=png
Marca TV (1080p),http://200.7.219.221:8088/live/livetv/index.m3u8,网络源,https://i.imgur.com/ez1NxwJ.jpg
Marga Marga TV (720p),https://v1.tustreaming.cl/margamargatv/index.m3u8,网络源,https://i.imgur.com/4cg51eE.png
Maria Vision (1080p),https://1601580044.rsc.cdn77.org/live/_jcn_/amlst:CHANNEL_2/playlist.m3u8,网络源,https://i.imgur.com/gP3XAlV.jpeg
María Visión Mexico (360p) [Not 24/7],https://1601580044.rsc.cdn77.org/live/_jcn_/amlst:Mariavision/master.m3u8,网络源,https://i.imgur.com/GylOPxE.png
Maria Vision USA (1080p),https://1601580044.rsc.cdn77.org/live/_jcn_/amls:PALMIAMI/playlist.m3u8,网络源,https://i.imgur.com/eaVt8R1.png
María+Visión Medjugorje (720p),https://1601580044.rsc.cdn77.org/live/_jcn_/amlst:Italiasette/playlist.m3u8,网络源,https://i.imgur.com/xUOspBx.png
Marina TV (1080p),https://ffs.gulfsat.com/Marina-TV-HD/index.m3u8,网络源,https://i.imgur.com/F2PzEaw.png
Mario Pinto TV (720p) [Not 24/7],https://eu1.servers10.com:8081/8028/index.m3u8,网络源,https://i.imgur.com/9rU6yWo.jpg
Marjaeyat TV Arabic (1080p),https://livefa.marjaeyattv.com/mtv_ar/playlist.m3u8,网络源,https://i.imgur.com/LsYYkUI.png
Marjaeyat TV English (1080p),https://livefa.marjaeyattv.com/mtv_en/playlist.m3u8,网络源,https://i.imgur.com/Dvf61Jp.png
Marjaeyat TV Persian (240p) [Not 24/7],https://livefa.marjaeyattv.com/mtv_fa/playlist.m3u8,网络源,https://i.imgur.com/fCj05f0.png
Marka TV (720p) [Not 24/7],https://5790d294af2dc.streamlock.net/markatv/markatv/playlist.m3u8,网络源,https://www.vivalivetv.com/public/files/shows/0/1/3355-294x165-FFFFFF.jpg
Marla Vision (576p) [Not 24/7],https://soportedvb.click:3877/live/merlavisionlive.m3u8,网络源,https://www.vivalivetv.com/public/files/shows/0/1/3738-294x165-FFFFFF.jpg
Married... with Children,https://jmp2.uk/plu-66bb3212fe11e5000883ea6b.m3u8,网络源,https://i.imgur.com/L9Epmtf.png
Marsella TV,https://stmv2.voxtvhd.com.br/marsella/marsella/playlist.m3u8,网络源,https://i.imgur.com/wwYOa00.png
Marsh TV (720p) [Not 24/7],http://cdn.dovecher.tv:8081/live/marsh/playlist.m3u8,网络源,https://i.imgur.com/Dt1mPyX.png
Martin County MCTV (Martin County FL) (720p),https://cdn3.wowza.com/5/UWpORHhLSEs5SkJs/martin/G0074_002/playlist.m3u8,网络源,https://i.imgur.com/7VzlbLp.png
Mas23 TV,https://movil.ejeserver.com/live/mas23tv.m3u8,网络源,https://i.imgur.com/y0h8dlX.png
Más adrenalina,https://jmp2.uk/plu-687fea9a4fa995eff284a1c8.m3u8,网络源,https://images.pluto.tv/channels/687fea9a4fa995eff284a1c8/colorLogoPNG_1755151031497.png
Más FM 95.9 (720p),https://vivo.solumedia.com:19360/masfm/masfm.m3u8,网络源,https://i.imgur.com/TJ4gWQM.png
Mas Norte TV [Not 24/7],https://live.arnoproducciones.com/hls/norte.m3u8,网络源,https://i.imgur.com/NmsWlj6.jpeg
Más Noticias Televisión (720p),https://www.amixtv.com:8081/mntvh/index.m3u8,网络源,https://i.imgur.com/FG4nfRX.jpg
Más Talk (1080p),https://vod2live.univtec.com/manifest/89290956-94ab-4950-accb-a54bbd7e176f.m3u8,网络源,https://i.imgur.com/unE2LGz.jpg
MAS TV,https://cdn.streamhispanatv.net:3011/live/mastvgtlive.m3u8,网络源,https://i.imgur.com/3XuwlkQ.jpg
Masala TV (576p),http://103.250.28.74:8000/play/a02x/index.m3u8,网络源,https://upload.wikimedia.org/wikipedia/id/0/06/Logo_Hum_Masala.jpeg
Mashariki TV (720p) [Not 24/7],https://goliveafrica.media:9998/live/634adc0806f2b/index.m3u8,网络源,https://i.imgur.com/5Qcwpg5.jpg
Mashriq TV (576p),http://103.250.28.74:8000/play/a02s/index.m3u8,网络源,https://i.imgur.com/8pMiqcp.png
MasMusica FM (720p),https://movil.ejeserver.com/live/masmusica.m3u8,网络源,https://i.imgur.com/tCg7owd.png
Master Chefs Academy TV (720p),https://platform-iuoamc.uk/iptv/mca-tv/index.m3u8,网络源,https://platform-iuoamc.uk/storage/tv/branding/mca-tv-official-logo.png
Master TV (720p),https://live-evg5.tv360.bitel.com.pe/bitel/mastertvSRT/playlist.m3u8,网络源,https://i.imgur.com/K2ZimRv.png
Master's TV (720p),https://mn-nl.mncdn.com/commectv_live/masterstv/index.m3u8,网络源,
MasterChef,https://jmp2.uk/plu-6077045b6031bd00078de127.m3u8,网络源,https://i.imgur.com/lOuySbz.png
MasterChef Danmarks største madtalenter,https://jmp2.uk/plu-61c19edbf535220007075c4e.m3u8,网络源,https://images.pluto.tv/channels/61c19edbf535220007075c4e/colorLogoPNG.png
Match! Boets (576p),http://stream.mcquack.net/112/index.m3u8,网络源,https://i.imgur.com/DogOkA4.png
Match! Planeta (576p),https://fs.uplink.kz/match_planeta/mono.m3u8?token=onlinetv,网络源,https://i.imgur.com/vhyMb9D.png
Match! Strana (720p),http://31.148.48.15/Match_Strana/index.m3u8,网络源,https://i.imgur.com/X02s2UE.png
Match! Ultra (720p),http://stream.mcquack.net/169/index.m3u8,网络源,https://www.kartina.tv/media/news/images/News/SEO/kanal-match-ultra.jpg
MaTele (1080p) [Not 24/7],https://live.matele.be/hls/live.m3u8,网络源,https://i.imgur.com/rw72POr.png
Mathrubhumi News (576p),https://streams.tangotv.in/MATHRUBHUMINEWS/ORIGIN/index.m3u8,网络源,https://i.imgur.com/diQftzP.png
Matlock,https://jmp2.uk/plu-6850426e53d981d1fdb0d966.m3u8,网络源,https://images.pluto.tv/channels/6850426e53d981d1fdb0d966/colorLogoPNG_1750165804146.png
Matlock,https://jmp2.uk/plu-66290a779e68c20008a18cf3.m3u8,网络源,https://images.pluto.tv/channels/66290a779e68c20008a18cf3/colorLogoPNG.png
Matlock,https://jmp2.uk/plu-66290b7523e24f000832cc17.m3u8,网络源,https://images.pluto.tv/channels/66290a779e68c20008a18cf3/colorLogoPNG.png
Matlock,https://jmp2.uk/plu-66290c12801af8000850c1a9.m3u8,网络源,https://images.pluto.tv/channels/66290a779e68c20008a18cf3/colorLogoPNG.png
Matlock,https://jmp2.uk/plu-63da365f60bc8f0008a50f44.m3u8,网络源,https://images.pluto.tv/channels/63da365f60bc8f0008a50f44/colorLogoPNG.png
Matlock,https://jmp2.uk/plu-60f754f98185580007eb0754.m3u8,网络源,https://images.pluto.tv/channels/63da365f60bc8f0008a50f44/colorLogoPNG.png
Maverick Black Cinema (1080p),https://maverick-maverick-black-cinema-3-us.roku.wurl.tv/playlist.m3u8,网络源,https://images.fubo.tv/station_logos/maverick_black_cinema_c.png
MaviKaradeniz (1080p) [Not 24/7],https://live.artidijitalmedya.com/artidijital_mavikaradeniz/mavikaradeniz/playlist.m3u8,网络源,https://i.imgur.com/wyWappU.png
Max (576p),http://5.254.89.106:80/8882/index.m3u8,网络源,https://i.imgur.com/bJ13Rmt.png
MAX Anime (1080p),https://cdnlive.klicgo.net/maxanime/live/playlist.m3u8,网络源,https://i.imgur.com/Oj3hEBh.jpg
Max TV (1080p),https://streamer2.nexgen.bz/14-MAX/index.m3u8,网络源,https://i.imgur.com/TF4snV6.jpeg
Maxima TV,https://maximatv.net/hls/stream.m3u8,网络源,https://i.imgur.com/HMZRVL5.jpeg
Maxivisión TV (720p),https://video03.logicahost.com.br/maxivisiontv/maxivisiontv/playlist.m3u8,网络源,https://i.imgur.com/UC8WrEN.jpg
MaxTV [Not 24/7],https://inliveserver.com:1936/8078/8078/playlist.m3u8,网络源,https://gia.tv/streams/pstream/209851.png
MaxTV/Dieu TV (1080p),https://cdn.katapy.io/cache/stream/katapytv/dieu/playlist.m3u8,网络源,https://i.imgur.com/13PjEk8.png
Maya Channel,http://146.88.62.69:1935/Transcoder/มายาHD.stream_576p/playlist.m3u8,网络源,https://i.imgur.com/UropueN.png
Maya TV,https://media.streambrothers.com:19360/8036/8036.m3u8,网络源,https://upload.wikimedia.org/wikipedia/commons/thumb/7/77/Maya_TV_logo.png/960px-Maya_TV_logo.png
Mayyazhi (720p) [Not 24/7],http://131.153.22.8:1935/MAYYAZHI/live/playlist.m3u8,网络源,https://i.imgur.com/E3WYWF5.jpg
Mazhavil Manorama (576p),https://mumt03.tangotv.in/Dsly5z3HMAZHAVILMANORAMAINT/index.m3u8,网络源,https://i.imgur.com/fjgzW20.png
Mazzika (576p),http://149.100.11.235:8080/Mazzika/index.m3u8,网络源,https://i.imgur.com/P7PUHIx.png
MBC (1080p),https://cdn8.fntvchannel.com/v1/master/02eeb1726c343dc9c30c32e93dee82013e157021/FNTV-CHANNEL_CDN77/index.m3u8,网络源,https://mybingechannel.co.uk/wp-content/uploads/2023/02/mbc-logo-for-website.png
MBC 1 (1080p),https://shd-gcp-live.edgenextcdn.net/live/bitmovin-mbc-1/15cf99af5de54063fdabfefe66adc075/index.m3u8,网络源,https://i.imgur.com/CiA3plN.png
MBC 1 Egypt (1080p),https://shd-gcp-live.edgenextcdn.net/live/bitmovin-mbc-1-na/eec141533c90dd34722c503a296dd0d8/index.m3u8,网络源,https://i.imgur.com/CiA3plN.png
MBC 1 USA (1080p) [Geo-blocked],https://shd-gcp-live.edgenextcdn.net/live/bitmovin-mbc-1-usa/fdac3a4fc0473f1f56e07ec1d63a4b7b/index.m3u8,网络源,https://i.imgur.com/CiA3plN.png
MBC 3 USA (1080p) [Geo-blocked],https://shd-gcp-live.edgenextcdn.net/live/bitmovin-mbc-3-usa/5d58265a862a476dc7f97694addb5ded/index.m3u8,网络源,https://i.imgur.com/PVt8OPN.png
MBC 4 (1080p),https://shd-gcp-live.edgenextcdn.net/live/bitmovin-mbc-4/24f134f1cd63db9346439e96b86ca6ed/index.m3u8,网络源,https://i.imgur.com/BcXASJp.png
MBC 5 (1080p),https://shd-gcp-live.edgenextcdn.net/live/bitmovin-mbc-5/ee6b000cee0629411b666ab26cb13e9b/index.m3u8,网络源,https://i.imgur.com/fRWaDyF.png
MBC America (1080p),https://cdn-us-east-prod-ingest-infra-dacast-com.akamaized.net/624ff8f9-db18-da92-4d42-896fa2ff3eb3/source/index.m3u8,网络源,https://i.imgur.com/RRc23ra.png
MBC Andong (안동 MBC) (360p) [Not 24/7],http://andong.webcasting.co.kr/live/mbc/playlist.m3u8,网络源,https://i.imgur.com/nqRWpUu.png
MBC Bollywood (1080p) [Geo-blocked],https://shd-gcp-live.edgenextcdn.net/live/bitmovin-mbc-bollywood/546eb40d7dcf9a209255dd2496903764/index.m3u8,网络源,https://i.imgur.com/TTAGFHG.png
MBC Brasil TV,https://play.mbcbrasil.tv.br/playlist.m3u8,网络源,https://eswqkrogupaisirwcsys.supabase.co/storage/v1/object/public/mbc-media/canais/1775702325773-d10vtu076za.png
MBC Busan (부산MBC) (360p) [Not 24/7],https://stream.bsmbc.com/livetv/BusanMBC_TV_onairstream/playlist.m3u8,网络源,https://i.imgur.com/jiFOYi5.png
MBC Chuncheon (춘천 MBC) (480p) [Not 24/7],https://stream.chmbc.co.kr/TV/myStream/playlist.m3u8,网络源,https://i.imgur.com/lthyx2P.png
MBC Chungbuk (MBC 충북) (720p) [Not 24/7],http://211.33.246.4:32954/cj_live/myStream.sdp/playlist.m3u8,网络源,https://i.imgur.com/uR0gScb.png
MBC Daegu (대구 MBC) (480p) [Not 24/7],https://5ee1ec6f32118.streamlock.net/live/livetv/playlist.m3u8,网络源,https://i.imgur.com/LlYQR8m.png
MBC Daejeon (대전 MBC) (720p) [Not 24/7],https://ns1.tjmbc.co.kr/live/myStream.sdp/playlist.m3u8,网络源,https://i.imgur.com/HCbvAiM.png
MBC Drama (1080p),https://shd-gcp-live.edgenextcdn.net/live/bitmovin-mbc-drama/2c28a458e2f3253e678b07ac7d13fe71/index.m3u8,网络源,https://i.imgur.com/g5PWnqp.png
MBC Drama (480p) [Geo-blocked],http://mytv.dothome.co.kr/ch/catv/26.php,网络源,https://i.imgur.com/Q20rqnX.png
MBC Drama USA (1080p),https://shd-gcp-live.edgenextcdn.net/live/bitmovin-mbc-drama-usa/ea2f5db904aff224b7066e59c7f585a2/index.m3u8,网络源,https://i.imgur.com/g5PWnqp.png
MBC FM (1080p),https://dbbv9umqcd7cs.cloudfront.net/out/v1/db15b75c3cc0400c91961468d6a232ac/index.m3u8,网络源,https://i.imgur.com/lF8UxvR.png
MBC Gangwon (MBC 강원영동) (1080p) [Not 24/7],http://123.254.93.7:1935/tvlive/livestream2/playlist.m3u8,网络源,https://i.imgur.com/FGsKCH3.png
MBC Gwangju (광주 MBC) (1080p),https://media.kjmbc.co.kr/hls/live/stream/playlist.m3u8,网络源,https://i.imgur.com/wmGJgYh.png
MBC Gyeongnam (경남 MBC) (1080p) [Not 24/7],https://624a79c87201d.streamlock.net/MBCTV/TV1.stream/playlist.m3u8,网络源,https://i.imgur.com/Ronb1JP.png
MBC Iraq (1080p),https://shd-gcp-live.edgenextcdn.net/live/bitmovin-mbc-iraq/e38c44b1b43474e1c39cb5b90203691e/index.m3u8,网络源,https://i.imgur.com/D0LxiPE.png
MBC Jeju (제주 MBC) (352p) [Not 24/7],https://wowza.jejumbc.com/live/tv_jejumbc/playlist.m3u8,网络源,https://i.imgur.com/JM4rxGU.png
MBC Jeonju (450p),https://5ee9633b25727.streamlock.net/jmbc_tv/_definst_/jmbc_tv.stream/playlist.m3u8,网络源,https://i.imgur.com/3C57SwN.png
MBC Loud,https://radio-loud-fm.mbc.net/radio-loud-fm_1.m3u8,网络源,https://i.imgur.com/mptwwLs.png
MBC Masr (1080p),https://shd-gcp-live.edgenextcdn.net/live/bitmovin-mbc-masr/956eac069c78a35d47245db6cdbb1575/index.m3u8,网络源,https://i.imgur.com/o2elx0u.png
MBC Masr 2 (1080p),https://shd-gcp-live.edgenextcdn.net/live/bitmovin-mbc-masr-2/754931856515075b0aabf0e583495c68/index.m3u8,网络源,https://i.imgur.com/KHo7Gtn.png
MBC Masr Drama (1080p),https://shd-gcp-live.edgenextcdn.net/live/bitmovin-mbc-masr-drama/567b703c19ede6598222de81b0e4508b/index.m3u8,网络源,https://media0070.elcinema.com/tvguide/1399_1.png
MBC Masr USA (1080p),https://shd-gcp-live.edgenextcdn.net/live/bitmovin-mbc-masr-usa/cd8d40acdab28aac0582faa3bd3983f1/index.m3u8,网络源,https://i.imgur.com/o2elx0u.png
MBC Mokpo (목포 MBC) (720p) [Not 24/7],http://vod.mpmbc.co.kr:1935/live/encoder-tv/playlist.m3u8,网络源,https://i.imgur.com/5oraHc0.png
MBC Mood (1080p),https://shd-gcp-live.edgenextcdn.net/live/bitmovin-mbc-mood/78367bf48ccdba501d0d014a10c21031/index.m3u8,网络源,https://shahid.mbc.net/mediaObject/c2b6a882-458b-446e-b0fe-f97f7992149a?height=auto&width=144&croppingPoint=&version=1&type=png
MBC Mood (1080p),https://shd-gcp-live.edgenextcdn.net/live/bitmovin-wanasah/13e82ea6232fa647c43b26e8a41f173d/index.m3u8,网络源,https://shahid.mbc.net/mediaObject/c2b6a882-458b-446e-b0fe-f97f7992149a?height=auto&width=144&croppingPoint=&version=1&type=png
MBC Net (480p) [Geo-blocked],http://mytv.dothome.co.kr/ch/catv/28.php,网络源,https://upload.wikimedia.org/wikipedia/commons/thumb/9/91/MBCNET_%EB%A1%9C%EA%B3%A0.svg/960px-MBCNET_%EB%A1%9C%EA%B3%A0.svg.png
MBC Persia (1080p),https://shd-gcp-live.edgenextcdn.net/live/bitmovin-mbc-persia/818ee8e4b592dc497608f066d825bfb4/index.m3u8,网络源,https://i.imgur.com/4FXiyjn.png
MBC Yeosu (여수 MBC) (1080p) [Not 24/7],https://5c3639aa99149.streamlock.net/live_TV/tv/playlist.m3u8,网络源,https://i.imgur.com/3VSuYsn.png
MBC+ Drama (1080p),https://shd-gcp-live.edgenextcdn.net/live/bitmovin-mbc-plus-drama/e37251ec2aac8f6c98f75cd0fa37cd28/index.m3u8,网络源,https://i.imgur.com/lxWdjXG.png
MBG TV (1080p),https://stream.convergen.co/mbg_stream/smil:mbStream.smil/playlist.m3u8,网络源,https://i.imgur.com/t7GsFJN.jpeg
MC TV (720p),https://rrr.sz.xlcdn.com/?account=mceutv&file=mc2&output=playlist.m3u8&protocol=https&service=wowza&type=live,网络源,https://upload.wikimedia.org/wikipedia/tr/c/ca/MC_TV_logosu.png
MCI Televisión (1080p),https://video.ejeserver.com/live/mcitelevision.m3u8,网络源,https://pbs.twimg.com/profile_images/1836009952420274177/FfYonU6r_400x400.jpg
Mcleod's Daughters (1080p),https://amg00627-amg00627c5-samsung-nz-2807.playouts.now.amagi.tv/playlist/amg00627-banijayfast-mcleodsdaughters-samsungnz/playlist.m3u8,网络源,https://i.imgur.com/q4BBDzw.png
McLeods Töchter,https://jmp2.uk/plu-66c6fcfc6838ee00085beb1a.m3u8,网络源,https://images.pluto.tv/channels/66c6fcfc6838ee00085beb1a/colorLogoPNG.png
MCM Top (1080p),http://89.33.29.118/MCM/index.m3u8,网络源,https://i.imgur.com/EVtWQLd.png
MCM Top (576p),http://46.32.176.50/mcmtop/index.m3u8,网络源,https://i.imgur.com/EVtWQLd.png
MCN6 (1080p) [Not 24/7],https://d18fcxaqfnwjhj.cloudfront.net/CDN_Ingest/MCN6_MAIN.smil/Playlist.m3u8,网络源,https://i.imgur.com/j6IiysJ.png
MCN6 Arts Channel (1080p) [Not 24/7],https://d18fcxaqfnwjhj.cloudfront.net/CDN_Ingest/MCN6_COMEDY.smil/Playlist.m3u8,网络源,https://i.imgur.com/j6IiysJ.png
MCN6 Music Channel (1080p) [Not 24/7],https://d18fcxaqfnwjhj.cloudfront.net/CDN_Ingest/MCN6_MUSIC.smil/Playlist.m3u8,网络源,https://i.imgur.com/j6IiysJ.png
MCN Television (720p),https://eu1.servers10.com:8081/8338/index.m3u8,网络源,https://i.imgur.com/SNUaCCw.png
MCOT HD,https://mcothd-streaming-edge-cdn.mcot.net/tencentmcot/smil:tencentmcot.smil/playlist.m3u8,网络源,https://i.imgur.com/ejPxGmU.png
MCOT HD,https://lb1-live-mv.v2h-cdn.com/hls/ffbb/gdhk/gdhk.m3u8,网络源,https://i.imgur.com/ejPxGmU.png
