频道名,地址,来源,图标
[BD]山东卫视,https://t.freetv.fun/live/shan-dong-wei-shi-12.m3u8,网络源,https://epg.pw/media/images/channel/2023/07/19/large/20230719112946432101_81.jpg
[BD]山东卫视,https://t.freetv.fun/live/shan-dong-wei-shi-14.m3u8,网络源,https://epg.pw/media/images/channel/2023/07/19/large/20230719112946432101_81.jpg
[BD]山东卫视,https://t.freetv.fun/live/shan-dong-wei-shi-16.m3u8,网络源,https://epg.pw/media/images/channel/2023/07/19/large/20230719112946432101_81.jpg
[BD]山东卫视,https://t.freetv.fun/live/shan-dong-wei-shi-17.php,网络源,https://epg.pw/media/images/channel/2023/07/19/large/20230719112946432101_81.jpg
[BD]山东卫视,https://t.freetv.fun/live/shan-dong-wei-shi-19.php,网络源,https://epg.pw/media/images/channel/2023/07/19/large/20230719112946432101_81.jpg
[VGA]山东卫视,https://t.freetv.fun/live/shan-dong-wei-shi-20.m3u8,网络源,https://epg.pw/media/images/channel/2023/07/19/large/20230719112946432101_81.jpg
[BD]山东卫视,https://t.freetv.fun/live/shan-dong-wei-shi-22.m3u8,网络源,https://epg.pw/media/images/channel/2023/07/19/large/20230719112946432101_81.jpg
[BD]山东卫视,https://t.freetv.fun/live/shan-dong-wei-shi-23.m3u8,网络源,https://epg.pw/media/images/channel/2023/07/19/large/20230719112946432101_81.jpg
[VGA]山东卫视,https://t.freetv.fun/live/shan-dong-wei-shi-24.m3u8,网络源,https://epg.pw/media/images/channel/2023/07/19/large/20230719112946432101_81.jpg
[BD]山东卫视,https://t.freetv.fun/live/shan-dong-wei-shi-25.m3u8,网络源,https://epg.pw/media/images/channel/2023/07/19/large/20230719112946432101_81.jpg
[BD]山东卫视,https://t.freetv.fun/live/shan-dong-wei-shi-26.m3u8,网络源,https://epg.pw/media/images/channel/2023/07/19/large/20230719112946432101_81.jpg
[BD]山东卫视,https://t.freetv.fun/live/shan-dong-wei-shi-27.m3u8,网络源,https://epg.pw/media/images/channel/2023/07/19/large/20230719112946432101_81.jpg
[BD]山东卫视,https://t.freetv.fun/live/shan-dong-wei-shi-29.m3u8,网络源,https://epg.pw/media/images/channel/2023/07/19/large/20230719112946432101_81.jpg
[BD]山东卫视,https://t.freetv.fun/live/shan-dong-wei-shi-30.m3u8,网络源,https://epg.pw/media/images/channel/2023/07/19/large/20230719112946432101_81.jpg
[BD]山西卫视,https://t.freetv.fun/live/shan-xi-wei-shi-10.m3u8,网络源,https://epg.pw/media/images/channel/2023/08/04/large/20230804221555254122_47.jpg
[BD]山西卫视,https://t.freetv.fun/live/shan-xi-wei-shi-12.m3u8,网络源,https://epg.pw/media/images/channel/2023/08/04/large/20230804221555254122_47.jpg
[BD]山西卫视,https://t.freetv.fun/live/shan-xi-wei-shi-8-1.m3u8,网络源,https://epg.pw/media/images/channel/2023/08/04/large/20230804221555254122_47.jpg
[SD]山西卫视,https://t.freetv.fun/live/shan-xi-wei-shi-9.m3u8,网络源,https://epg.pw/media/images/channel/2023/08/04/large/20230804221555254122_47.jpg
[BD]山西卫视,https://t.freetv.fun/live/shan-xi-wei-shi-13.m3u8,网络源,https://epg.pw/media/images/channel/2023/08/04/large/20230804221555254122_47.jpg
[SD]山西卫视,https://t.freetv.fun/live/shan-xi-wei-shi-36.m3u8,网络源,https://epg.pw/media/images/channel/2023/08/04/large/20230804221555254122_47.jpg
[BD]山西卫视,https://t.freetv.fun/live/shan-xi-wei-shi-19.php,网络源,https://epg.pw/media/images/channel/2023/08/04/large/20230804221555254122_47.jpg
[SD]岭南戏曲,https://t.freetv.fun/live/ling-nan-xi-qu-1.m3u8,网络源,https://epg.pw/media/images/channel/2024/01/14/large/20240114131157979340_60.png
[BD]岭南戏曲,https://t.freetv.fun/live/ling-nan-xi-qu-2.m3u8,网络源,https://epg.pw/media/images/channel/2024/01/14/large/20240114131157979340_60.png
[SD]岭南戏曲,https://t.freetv.fun/live/ling-nan-xi-qu-3.m3u8,网络源,https://epg.pw/media/images/channel/2024/01/14/large/20240114131157979340_60.png
[SD]岭南戏曲,https://t.freetv.fun/live/ling-nan-xi-qu-5.m3u8,网络源,https://epg.pw/media/images/channel/2024/01/14/large/20240114131157979340_60.png
[SD]岭南戏曲,https://t.freetv.fun/live/ling-nan-xi-qu-6.m3u8,网络源,https://epg.pw/media/images/channel/2024/01/14/large/20240114131157979340_60.png
[BD]岭南戏曲,https://t.freetv.fun/live/ling-nan-xi-qu-7.m3u8,网络源,https://epg.pw/media/images/channel/2024/01/14/large/20240114131157979340_60.png
[BD]岭南戏曲,https://t.freetv.fun/live/ling-nan-xi-qu-14.m3u8,网络源,https://epg.pw/media/images/channel/2024/01/14/large/20240114131157979340_60.png
[SD]常山新闻综合,https://t.freetv.fun/live/chang-shan-xin-wen-zong-he.m3u8,网络源,https://epg.pw/media/img/logo/3_308.jpg
[BD]幸福空間居家,https://t.freetv.fun/live/xing-fu-kong-jian-ju-jia.m3u8,网络源,https://epg.pw/media/images/channel/2022/11/27/large/20221127190415675062_41.jpg
[SD]厦门卫视,https://t.freetv.fun/live/sha-men-wei-shi.m3u8,网络源,https://epg.pw/media/images/channel/2022/04/27/large/20220427145557789544_92.jpg
[SD]厦门卫视,https://t.freetv.fun/live/sha-men-wei-shi-5.m3u8,网络源,https://epg.pw/media/images/channel/2022/04/27/large/20220427145557789544_92.jpg
[SD]厦门卫视,https://t.freetv.fun/live/sha-men-wei-shi-2.m3u8,网络源,https://epg.pw/media/images/channel/2022/04/27/large/20220427145557789544_92.jpg
[SD]厦门卫视,https://t.freetv.fun/live/sha-men-wei-shi-3.m3u8,网络源,https://epg.pw/media/images/channel/2022/04/27/large/20220427145557789544_92.jpg
[SD]厦门卫视,https://t.freetv.fun/live/sha-men-wei-shi-7.m3u8,网络源,https://epg.pw/media/images/channel/2022/04/27/large/20220427145557789544_92.jpg
[SD]厦门卫视,https://t.freetv.fun/live/sha-men-wei-shi-8.m3u8,网络源,https://epg.pw/media/images/channel/2022/04/27/large/20220427145557789544_92.jpg
[BD]广州影视,https://t.freetv.fun/live/yan-zhou-ying-shi.m3u8,网络源,https://epg.pw/media/images/channel/2023/07/21/large/20230721135446196276_41.png
[BD]经济科教高清,https://t.freetv.fun/live/jing-ji-ke-jiao-gao-qing-23.m3u8,网络源,https://epg.pw/media/images/channel/2020/05/22/large/20200522213230539870_96.png
[BD]经济科教高清,https://t.freetv.fun/live/jing-ji-ke-jiao-gao-qing-24.m3u8,网络源,https://epg.pw/media/images/channel/2020/05/22/large/20200522213230539870_96.png
[BD]经济科教高清,https://t.freetv.fun/live/jing-ji-ke-jiao-gao-qing-25.m3u8,网络源,https://epg.pw/media/images/channel/2020/05/22/large/20200522213230539870_96.png
[BD]经济科教高清,https://t.freetv.fun/live/jing-ji-ke-jiao-gao-qing-26.m3u8,网络源,https://epg.pw/media/images/channel/2020/05/22/large/20200522213230539870_96.png
[BD]经济科教高清,https://t.freetv.fun/live/jing-ji-ke-jiao-gao-qing-27.m3u8,网络源,https://epg.pw/media/images/channel/2020/05/22/large/20200522213230539870_96.png
[BD]经济科教高清,https://t.freetv.fun/live/jing-ji-ke-jiao-gao-qing-28.m3u8,网络源,https://epg.pw/media/images/channel/2020/05/22/large/20200522213230539870_96.png
[BD]经济科教高清,https://t.freetv.fun/live/jing-ji-ke-jiao-gao-qing-29.m3u8,网络源,https://epg.pw/media/images/channel/2020/05/22/large/20200522213230539870_96.png
[BD]经济科教高清,https://t.freetv.fun/live/jing-ji-ke-jiao-gao-qing-30.m3u8,网络源,https://epg.pw/media/images/channel/2020/05/22/large/20200522213230539870_96.png
[HD]广州综合,https://t.freetv.fun/live/yan-zhou-zong-he.php,网络源,https://epg.pw/media/images/channel/2023/07/21/large/20230721135738882605_91.png
[HD]广东4k超高清,https://t.freetv.fun/live/yan-dong-4kchao-gao-qing.m3u8,网络源,https://epg.pw/media/images/channel/2024/01/14/large/20240114131048893907_89.png
[HD]广东4k超高清,https://t.freetv.fun/live/yan-dong-4kchao-gao-qing-1.m3u8,网络源,https://epg.pw/media/images/channel/2024/01/14/large/20240114131048893907_89.png
[HD]广东4k超高清,https://t.freetv.fun/live/yan-dong-4kchao-gao-qing-2.m3u8,网络源,https://epg.pw/media/images/channel/2024/01/14/large/20240114131048893907_89.png
[SD]广东公共,https://t.freetv.fun/live/yan-dong-gong-gong.m3u8,网络源,https://epg.pw/media/images/channel/2023/12/26/large/20231226205441024635_70.png
[BD]广东少儿,https://t.freetv.fun/live/yan-dong-shao-er.m3u8,网络源,https://epg.pw/media/images/channel/2023/07/21/large/20230721133553685102_74.png
[BD]广东少儿,https://t.freetv.fun/live/yan-dong-shao-er-1.m3u8,网络源,https://epg.pw/media/images/channel/2023/07/21/large/20230721133553685102_74.png
[BD]广东少儿,https://t.freetv.fun/live/yan-dong-shao-er-2.m3u8,网络源,https://epg.pw/media/images/channel/2023/07/21/large/20230721133553685102_74.png
[HD]广东少儿,https://t.freetv.fun/live/yan-dong-shao-er-3.m3u8,网络源,https://epg.pw/media/images/channel/2023/07/21/large/20230721133553685102_74.png
[BD]广东少儿,https://t.freetv.fun/live/yan-dong-shao-er-4.m3u8,网络源,https://epg.pw/media/images/channel/2023/07/21/large/20230721133553685102_74.png
[BD]广东少儿,https://t.freetv.fun/live/yan-dong-shao-er-5.m3u8,网络源,https://epg.pw/media/images/channel/2023/07/21/large/20230721133553685102_74.png
[BD]广东少儿,https://t.freetv.fun/live/yan-dong-shao-er-7.m3u8,网络源,https://epg.pw/media/images/channel/2023/07/21/large/20230721133553685102_74.png
[BD]广东少儿,https://t.freetv.fun/live/yan-dong-shao-er-8.m3u8,网络源,https://epg.pw/media/images/channel/2023/07/21/large/20230721133553685102_74.png
[VGA]广东少儿,https://t.freetv.fun/live/yan-dong-shao-er-9.m3u8,网络源,https://epg.pw/media/images/channel/2023/07/21/large/20230721133553685102_74.png
[VGA]广东少儿,https://t.freetv.fun/live/yan-dong-shao-er-10.m3u8,网络源,https://epg.pw/media/images/channel/2023/07/21/large/20230721133553685102_74.png
[VGA]广东少儿,https://t.freetv.fun/live/yan-dong-shao-er-14.m3u8,网络源,https://epg.pw/media/images/channel/2023/07/21/large/20230721133553685102_74.png
[VGA]广东少儿,https://t.freetv.fun/live/yan-dong-shao-er-24.m3u8,网络源,https://epg.pw/media/images/channel/2023/07/21/large/20230721133553685102_74.png
[BD]广东少儿高清,https://t.freetv.fun/live/yan-dong-shao-er-gao-qing-22.m3u8,网络源,https://epg.pw/media/images/channel/2023/07/21/large/20230721133553685102_74.png
[BD]广东少儿高清,https://t.freetv.fun/live/yan-dong-shao-er-gao-qing-24.m3u8,网络源,https://epg.pw/media/images/channel/2023/07/21/large/20230721133553685102_74.png
[BD]广东少儿高清,https://t.freetv.fun/live/yan-dong-shao-er-gao-qing-27.m3u8,网络源,https://epg.pw/media/images/channel/2023/07/21/large/20230721133553685102_74.png
[BD]广东少儿高清,https://t.freetv.fun/live/yan-dong-shao-er-gao-qing-28.m3u8,网络源,https://epg.pw/media/images/channel/2023/07/21/large/20230721133553685102_74.png
[HD]广东少儿,https://t.freetv.fun/live/yan-dong-shao-er-26.m3u8,网络源,https://epg.pw/media/images/channel/2023/07/21/large/20230721133553685102_74.png
[HD]广东少儿,https://t.freetv.fun/live/yan-dong-shao-er-27.m3u8,网络源,https://epg.pw/media/images/channel/2023/07/21/large/20230721133553685102_74.png
[HD]广东少儿,https://t.freetv.fun/live/yan-dong-shao-er-28.m3u8,网络源,https://epg.pw/media/images/channel/2023/07/21/large/20230721133553685102_74.png
[BD]广东少儿高清,https://t.freetv.fun/live/yan-dong-shao-er-gao-qing-31.m3u8,网络源,https://epg.pw/media/images/channel/2023/07/21/large/20230721133553685102_74.png
[BD]广东少儿高清,https://t.freetv.fun/live/yan-dong-shao-er-gao-qing.m3u8,网络源,https://epg.pw/media/images/channel/2023/12/26/large/20231226205555048307_40.png
[BD]广东少儿高清,https://t.freetv.fun/live/yan-dong-shao-er-gao-qing-1.m3u8,网络源,https://epg.pw/media/images/channel/2023/12/26/large/20231226205555048307_40.png
[BD]广东少儿高清,https://t.freetv.fun/live/yan-dong-shao-er-gao-qing-2.m3u8,网络源,https://epg.pw/media/images/channel/2023/12/26/large/20231226205555048307_40.png
[BD]广东少儿高清,https://t.freetv.fun/live/yan-dong-shao-er-gao-qing-3.m3u8,网络源,https://epg.pw/media/images/channel/2023/12/26/large/20231226205555048307_40.png
[BD]广东少儿高清,https://t.freetv.fun/live/yan-dong-shao-er-gao-qing-4.m3u8,网络源,https://epg.pw/media/images/channel/2023/12/26/large/20231226205555048307_40.png
[BD]广东少儿高清,https://t.freetv.fun/live/yan-dong-shao-er-gao-qing-5.m3u8,网络源,https://epg.pw/media/images/channel/2023/12/26/large/20231226205555048307_40.png
[BD]广东少儿高清,https://t.freetv.fun/live/yan-dong-shao-er-gao-qing-6.m3u8,网络源,https://epg.pw/media/images/channel/2023/12/26/large/20231226205555048307_40.png
[BD]广东少儿高清,https://t.freetv.fun/live/yan-dong-shao-er-gao-qing-7.m3u8,网络源,https://epg.pw/media/images/channel/2023/12/26/large/20231226205555048307_40.png
[BD]广东少儿高清,https://t.freetv.fun/live/yan-dong-shao-er-gao-qing-8.m3u8,网络源,https://epg.pw/media/images/channel/2023/12/26/large/20231226205555048307_40.png
[BD]广东少儿高清,https://t.freetv.fun/live/yan-dong-shao-er-gao-qing-9.m3u8,网络源,https://epg.pw/media/images/channel/2023/12/26/large/20231226205555048307_40.png
[VGA]广东少儿高清,https://t.freetv.fun/live/yan-dong-shao-er-gao-qing-10.m3u8,网络源,https://epg.pw/media/images/channel/2023/12/26/large/20231226205555048307_40.png
[BD]广东少儿高清,https://t.freetv.fun/live/yan-dong-shao-er-gao-qing-11.m3u8,网络源,https://epg.pw/media/images/channel/2023/12/26/large/20231226205555048307_40.png
[VGA]广东少儿高清,https://t.freetv.fun/live/yan-dong-shao-er-gao-qing-12.m3u8,网络源,https://epg.pw/media/images/channel/2023/12/26/large/20231226205555048307_40.png
[BD]广东少儿高清,https://t.freetv.fun/live/yan-dong-shao-er-gao-qing-13.m3u8,网络源,https://epg.pw/media/images/channel/2023/12/26/large/20231226205555048307_40.png
[VGA]广东少儿高清,https://t.freetv.fun/live/yan-dong-shao-er-gao-qing-14.m3u8,网络源,https://epg.pw/media/images/channel/2023/12/26/large/20231226205555048307_40.png
[VGA]广东少儿高清,https://t.freetv.fun/live/yan-dong-shao-er-gao-qing-15.m3u8,网络源,https://epg.pw/media/images/channel/2023/12/26/large/20231226205555048307_40.png
[BD]广东少儿高清,https://t.freetv.fun/live/yan-dong-shao-er-gao-qing-16.m3u8,网络源,https://epg.pw/media/images/channel/2023/12/26/large/20231226205555048307_40.png
[VGA]广东少儿高清,https://t.freetv.fun/live/yan-dong-shao-er-gao-qing-17.m3u8,网络源,https://epg.pw/media/images/channel/2023/12/26/large/20231226205555048307_40.png
[BD]广东少儿高清,https://t.freetv.fun/live/yan-dong-shao-er-gao-qing-18.m3u8,网络源,https://epg.pw/media/images/channel/2023/12/26/large/20231226205555048307_40.png
[VGA]广东少儿高清,https://t.freetv.fun/live/yan-dong-shao-er-gao-qing-21.m3u8,网络源,https://epg.pw/media/images/channel/2023/12/26/large/20231226205555048307_40.png
[BD]广东影视,https://t.freetv.fun/live/yan-dong-ying-shi-5.m3u8,网络源,https://epg.pw/media/images/channel/2024/01/14/large/20240114130217262909_90.png
[VGA]广东影视,https://t.freetv.fun/live/yan-dong-ying-shi.m3u8,网络源,https://epg.pw/media/images/channel/2024/01/14/large/20240114130217262909_90.png
[BD]广东影视,https://t.freetv.fun/live/yan-dong-ying-shi-1.m3u8,网络源,https://epg.pw/media/images/channel/2024/01/14/large/20240114130217262909_90.png
[BD]广东影视,https://t.freetv.fun/live/yan-dong-ying-shi-2.m3u8,网络源,https://epg.pw/media/images/channel/2024/01/14/large/20240114130217262909_90.png
[BD]广东影视,https://t.freetv.fun/live/yan-dong-ying-shi-3.m3u8,网络源,https://epg.pw/media/images/channel/2024/01/14/large/20240114130217262909_90.png
[VGA]广东影视,https://t.freetv.fun/live/yan-dong-ying-shi-4.m3u8,网络源,https://epg.pw/media/images/channel/2024/01/14/large/20240114130217262909_90.png
[BD]广东影视,https://t.freetv.fun/live/yan-dong-ying-shi-8.m3u8,网络源,https://epg.pw/media/images/channel/2024/01/14/large/20240114130217262909_90.png
[BD]广东影视,https://t.freetv.fun/live/yan-dong-ying-shi-20.m3u8,网络源,https://epg.pw/media/images/channel/2024/01/14/large/20240114130217262909_90.png
[BD]广东影视高清,https://t.freetv.fun/live/yan-dong-ying-shi-gao-qing.m3u8,网络源,https://epg.pw/media/images/channel/2023/12/26/large/20231226205507462932_79.png
[BD]广东影视高清,https://t.freetv.fun/live/yan-dong-ying-shi-gao-qing-1.m3u8,网络源,https://epg.pw/media/images/channel/2023/12/26/large/20231226205507462932_79.png
[BD]广东影视高清,https://t.freetv.fun/live/yan-dong-ying-shi-gao-qing-2.m3u8,网络源,https://epg.pw/media/images/channel/2023/12/26/large/20231226205507462932_79.png
[BD]广东影视高清,https://t.freetv.fun/live/yan-dong-ying-shi-gao-qing-3.m3u8,网络源,https://epg.pw/media/images/channel/2023/12/26/large/20231226205507462932_79.png
[BD]广东影视高清,https://t.freetv.fun/live/yan-dong-ying-shi-gao-qing-4.m3u8,网络源,https://epg.pw/media/images/channel/2023/12/26/large/20231226205507462932_79.png
[BD]广东影视高清,https://t.freetv.fun/live/yan-dong-ying-shi-gao-qing-5.m3u8,网络源,https://epg.pw/media/images/channel/2023/12/26/large/20231226205507462932_79.png
[BD]广东影视高清,https://t.freetv.fun/live/yan-dong-ying-shi-gao-qing-6.m3u8,网络源,https://epg.pw/media/images/channel/2023/12/26/large/20231226205507462932_79.png
[BD]广东影视高清,https://t.freetv.fun/live/yan-dong-ying-shi-gao-qing-7.m3u8,网络源,https://epg.pw/media/images/channel/2023/12/26/large/20231226205507462932_79.png
[BD]广东影视高清,https://t.freetv.fun/live/yan-dong-ying-shi-gao-qing-8.m3u8,网络源,https://epg.pw/media/images/channel/2023/12/26/large/20231226205507462932_79.png
[BD]广东影视高清,https://t.freetv.fun/live/yan-dong-ying-shi-gao-qing-10.m3u8,网络源,https://epg.pw/media/images/channel/2023/12/26/large/20231226205507462932_79.png
[BD]广东影视高清,https://t.freetv.fun/live/yan-dong-ying-shi-gao-qing-11.m3u8,网络源,https://epg.pw/media/images/channel/2023/12/26/large/20231226205507462932_79.png
[BD]广东影视高清,https://t.freetv.fun/live/yan-dong-ying-shi-gao-qing-12.m3u8,网络源,https://epg.pw/media/images/channel/2023/12/26/large/20231226205507462932_79.png
[BD]广东影视高清,https://t.freetv.fun/live/yan-dong-ying-shi-gao-qing-13.m3u8,网络源,https://epg.pw/media/images/channel/2023/12/26/large/20231226205507462932_79.png
[VGA]广东影视高清,https://t.freetv.fun/live/yan-dong-ying-shi-gao-qing-14.m3u8,网络源,https://epg.pw/media/images/channel/2023/12/26/large/20231226205507462932_79.png
[VGA]广东影视高清,https://t.freetv.fun/live/yan-dong-ying-shi-gao-qing-15.m3u8,网络源,https://epg.pw/media/images/channel/2023/12/26/large/20231226205507462932_79.png
[VGA]广东影视高清,https://t.freetv.fun/live/yan-dong-ying-shi-gao-qing-17.m3u8,网络源,https://epg.pw/media/images/channel/2023/12/26/large/20231226205507462932_79.png
[VGA]广东影视高清,https://t.freetv.fun/live/yan-dong-ying-shi-gao-qing-21.m3u8,网络源,https://epg.pw/media/images/channel/2023/12/26/large/20231226205507462932_79.png
[VGA]广东影视高清,https://t.freetv.fun/live/yan-dong-ying-shi-gao-qing-24.m3u8,网络源,https://epg.pw/media/images/channel/2023/12/26/large/20231226205507462932_79.png
[BD]广东影视高清,https://t.freetv.fun/live/yan-dong-ying-shi-gao-qing-25.m3u8,网络源,https://epg.pw/media/images/channel/2023/12/26/large/20231226205507462932_79.png
[BD]广东影视高清,https://t.freetv.fun/live/yan-dong-ying-shi-gao-qing-26.m3u8,网络源,https://epg.pw/media/images/channel/2023/12/26/large/20231226205507462932_79.png
[BD]广东影视高清,https://t.freetv.fun/live/yan-dong-ying-shi-gao-qing-27.m3u8,网络源,https://epg.pw/media/images/channel/2023/12/26/large/20231226205507462932_79.png
[BD]广东影视高清,https://t.freetv.fun/live/yan-dong-ying-shi-gao-qing-29.m3u8,网络源,https://epg.pw/media/images/channel/2023/12/26/large/20231226205507462932_79.png
[BD]广东影视高清,https://t.freetv.fun/live/yan-dong-ying-shi-gao-qing-30.m3u8,网络源,https://epg.pw/media/images/channel/2023/12/26/large/20231226205507462932_79.png
[BD]广东影视高清,https://t.freetv.fun/live/yan-dong-ying-shi-gao-qing-32.m3u8,网络源,https://epg.pw/media/images/channel/2023/12/26/large/20231226205507462932_79.png
[BD]广东新闻,https://t.freetv.fun/live/yan-dong-xin-wen.m3u8,网络源,https://epg.pw/media/images/channel/2024/01/14/large/20240114131740840005_79.png
[HD]广东新闻,https://t.freetv.fun/live/yan-dong-xin-wen-10.m3u8,网络源,https://epg.pw/media/images/channel/2024/01/14/large/20240114131740840005_79.png
[HD]广东新闻,https://t.freetv.fun/live/yan-dong-xin-wen-28.m3u8,网络源,https://epg.pw/media/images/channel/2024/01/14/large/20240114131740840005_79.png
[BD]广东新闻,https://t.freetv.fun/live/yan-dong-xin-wen-1.m3u8,网络源,https://epg.pw/media/images/channel/2024/01/14/large/20240114131740840005_79.png
[SD]广东新闻,https://t.freetv.fun/live/yan-dong-xin-wen-3.m3u8,网络源,https://epg.pw/media/images/channel/2024/01/14/large/20240114131740840005_79.png
[HD]广东新闻,https://t.freetv.fun/live/yan-dong-xin-wen-7.m3u8,网络源,https://epg.pw/media/images/channel/2024/01/14/large/20240114131740840005_79.png
[VGA]广东新闻,https://t.freetv.fun/live/yan-dong-xin-wen-11.m3u8,网络源,https://epg.pw/media/images/channel/2024/01/14/large/20240114131740840005_79.png
[BD]广东新闻,https://t.freetv.fun/live/yan-dong-xin-wen-13.m3u8,网络源,https://epg.pw/media/images/channel/2024/01/14/large/20240114131740840005_79.png
[BD]广东新闻,https://t.freetv.fun/live/yan-dong-xin-wen-26.m3u8,网络源,https://epg.pw/media/images/channel/2024/01/14/large/20240114131740840005_79.png
[HD]广东新闻,https://t.freetv.fun/live/yan-dong-xin-wen-27.m3u8,网络源,https://epg.pw/media/images/channel/2024/01/14/large/20240114131740840005_79.png
[BD]广东新闻高清,https://t.freetv.fun/live/yan-dong-xin-wen-gao-qing.m3u8,网络源,https://epg.pw/media/images/channel/2023/12/26/large/20231226205535927295_17.png
[BD]广东新闻高清,https://t.freetv.fun/live/yan-dong-xin-wen-gao-qing-2.m3u8,网络源,https://epg.pw/media/images/channel/2023/12/26/large/20231226205535927295_17.png
[BD]广东新闻高清,https://t.freetv.fun/live/yan-dong-xin-wen-gao-qing-8.m3u8,网络源,https://epg.pw/media/images/channel/2023/12/26/large/20231226205535927295_17.png
[BD]广东新闻高清,https://t.freetv.fun/live/yan-dong-xin-wen-gao-qing-9.m3u8,网络源,https://epg.pw/media/images/channel/2023/12/26/large/20231226205535927295_17.png
[BD]广东新闻高清,https://t.freetv.fun/live/yan-dong-xin-wen-gao-qing-10.m3u8,网络源,https://epg.pw/media/images/channel/2023/12/26/large/20231226205535927295_17.png
[VGA]广东新闻高清,https://t.freetv.fun/live/yan-dong-xin-wen-gao-qing-14.m3u8,网络源,https://epg.pw/media/images/channel/2023/12/26/large/20231226205535927295_17.png
[VGA]广东新闻高清,https://t.freetv.fun/live/yan-dong-xin-wen-gao-qing-16.m3u8,网络源,https://epg.pw/media/images/channel/2023/12/26/large/20231226205535927295_17.png
[VGA]广东新闻高清,https://t.freetv.fun/live/yan-dong-xin-wen-gao-qing-20.m3u8,网络源,https://epg.pw/media/images/channel/2023/12/26/large/20231226205535927295_17.png
[BD]广东新闻高清,https://t.freetv.fun/live/yan-dong-xin-wen-gao-qing-23.m3u8,网络源,https://epg.pw/media/images/channel/2023/12/26/large/20231226205535927295_17.png
[BD]广东新闻高清,https://t.freetv.fun/live/yan-dong-xin-wen-gao-qing-28.m3u8,网络源,https://epg.pw/media/images/channel/2023/12/26/large/20231226205535927295_17.png
[VGA]广东民生,https://t.freetv.fun/live/yan-dong-min-sheng-9.m3u8,网络源,https://epg.pw/media/images/channel/2024/01/14/large/20240114130544678105_94.png
[BD]广东民生高清,https://t.freetv.fun/live/yan-dong-min-sheng-gao-qing.m3u8,网络源,https://epg.pw/media/images/channel/2024/01/14/large/20240114130544678105_94.png
[BD]广东民生高清,https://t.freetv.fun/live/yan-dong-min-sheng-gao-qing-1.m3u8,网络源,https://epg.pw/media/images/channel/2024/01/14/large/20240114130544678105_94.png
[BD]广东民生高清,https://t.freetv.fun/live/yan-dong-min-sheng-gao-qing-3.m3u8,网络源,https://epg.pw/media/images/channel/2024/01/14/large/20240114130544678105_94.png
[BD]广东民生高清,https://t.freetv.fun/live/yan-dong-min-sheng-gao-qing-4.m3u8,网络源,https://epg.pw/media/images/channel/2024/01/14/large/20240114130544678105_94.png
[BD]广东民生高清,https://t.freetv.fun/live/yan-dong-min-sheng-gao-qing-5.m3u8,网络源,https://epg.pw/media/images/channel/2024/01/14/large/20240114130544678105_94.png
[BD]广东民生高清,https://t.freetv.fun/live/yan-dong-min-sheng-gao-qing-6.m3u8,网络源,https://epg.pw/media/images/channel/2024/01/14/large/20240114130544678105_94.png
[BD]广东民生高清,https://t.freetv.fun/live/yan-dong-min-sheng-gao-qing-7.m3u8,网络源,https://epg.pw/media/images/channel/2024/01/14/large/20240114130544678105_94.png
[BD]广东民生高清,https://t.freetv.fun/live/yan-dong-min-sheng-gao-qing-8.m3u8,网络源,https://epg.pw/media/images/channel/2024/01/14/large/20240114130544678105_94.png
[VGA]广东民生高清,https://t.freetv.fun/live/yan-dong-min-sheng-gao-qing-9.m3u8,网络源,https://epg.pw/media/images/channel/2024/01/14/large/20240114130544678105_94.png
[BD]广东民生高清,https://t.freetv.fun/live/yan-dong-min-sheng-gao-qing-10.m3u8,网络源,https://epg.pw/media/images/channel/2024/01/14/large/20240114130544678105_94.png
[VGA]广东民生高清,https://t.freetv.fun/live/yan-dong-min-sheng-gao-qing-12.m3u8,网络源,https://epg.pw/media/images/channel/2024/01/14/large/20240114130544678105_94.png
[BD]广东民生高清,https://t.freetv.fun/live/yan-dong-min-sheng-gao-qing-14.m3u8,网络源,https://epg.pw/media/images/channel/2024/01/14/large/20240114130544678105_94.png
[VGA]广东民生高清,https://t.freetv.fun/live/yan-dong-min-sheng-gao-qing-17.m3u8,网络源,https://epg.pw/media/images/channel/2024/01/14/large/20240114130544678105_94.png
[VGA]广东民生高清,https://t.freetv.fun/live/yan-dong-min-sheng-gao-qing-18.m3u8,网络源,https://epg.pw/media/images/channel/2024/01/14/large/20240114130544678105_94.png
[VGA]广东民生高清,https://t.freetv.fun/live/yan-dong-min-sheng-gao-qing-19.m3u8,网络源,https://epg.pw/media/images/channel/2024/01/14/large/20240114130544678105_94.png
[VGA]广东民生高清,https://t.freetv.fun/live/yan-dong-min-sheng-gao-qing-22.m3u8,网络源,https://epg.pw/media/images/channel/2024/01/14/large/20240114130544678105_94.png
[BD]广东民生高清,https://t.freetv.fun/live/yan-dong-min-sheng-gao-qing-25.m3u8,网络源,https://epg.pw/media/images/channel/2024/01/14/large/20240114130544678105_94.png
[BD]广东民生高清,https://t.freetv.fun/live/yan-dong-min-sheng-gao-qing-27.m3u8,网络源,https://epg.pw/media/images/channel/2024/01/14/large/20240114130544678105_94.png
[HD]广东民生,https://t.freetv.fun/live/yan-dong-min-sheng-25.m3u8,网络源,https://epg.pw/media/images/channel/2024/01/14/large/20240114130544678105_94.png
[SD]广东珠江,https://t.freetv.fun/live/yan-dong-zhu-jiang-1.m3u8,网络源,https://epg.pw/media/images/channel/2025/01/28/large/20250128060916282738_90.png
[BD]广东珠江,https://t.freetv.fun/live/yan-dong-zhu-jiang-6.m3u8,网络源,https://epg.pw/media/images/channel/2025/01/28/large/20250128060916282738_90.png
[BD]广东珠江,https://t.freetv.fun/live/yan-dong-zhu-jiang-19.m3u8,网络源,https://epg.pw/media/images/channel/2024/02/04/large/20240204144739284792_38.png
[BD]广东珠江,https://t.freetv.fun/live/yan-dong-zhu-jiang-3.m3u8,网络源,https://epg.pw/media/images/channel/2024/02/04/large/20240204144739284792_38.png
[VGA]广东珠江,https://t.freetv.fun/live/yan-dong-zhu-jiang-4.m3u8,网络源,https://epg.pw/media/images/channel/2024/02/04/large/20240204144739284792_38.png
[BD]广东珠江,https://t.freetv.fun/live/yan-dong-zhu-jiang-5.m3u8,网络源,https://epg.pw/media/images/channel/2024/02/04/large/20240204144739284792_38.png
[HD]广东珠江,https://t.freetv.fun/live/yan-dong-zhu-jiang-7.m3u8,网络源,https://epg.pw/media/images/channel/2024/02/04/large/20240204144739284792_38.png
[HD]广东珠江,https://t.freetv.fun/live/yan-dong-zhu-jiang-10.m3u8,网络源,https://epg.pw/media/images/channel/2024/02/04/large/20240204144739284792_38.png
[VGA]广东珠江,https://t.freetv.fun/live/yan-dong-zhu-jiang-11.m3u8,网络源,https://epg.pw/media/images/channel/2024/02/04/large/20240204144739284792_38.png
[BD]广东珠江,https://t.freetv.fun/live/yan-dong-zhu-jiang-12.m3u8,网络源,https://epg.pw/media/images/channel/2024/02/04/large/20240204144739284792_38.png
[HD]广东珠江,https://t.freetv.fun/live/yan-dong-zhu-jiang-13.m3u8,网络源,https://epg.pw/media/images/channel/2024/02/04/large/20240204144739284792_38.png
[VGA]广东珠江,https://t.freetv.fun/live/yan-dong-zhu-jiang-15.m3u8,网络源,https://epg.pw/media/images/channel/2024/02/04/large/20240204144739284792_38.png
[VGA]广东珠江,https://t.freetv.fun/live/yan-dong-zhu-jiang-16.m3u8,网络源,https://epg.pw/media/images/channel/2024/02/04/large/20240204144739284792_38.png
[VGA]广东珠江,https://t.freetv.fun/live/yan-dong-zhu-jiang-18.m3u8,网络源,https://epg.pw/media/images/channel/2024/02/04/large/20240204144739284792_38.png
[BD]广东珠江高清,https://t.freetv.fun/live/yan-dong-zhu-jiang-gao-qing.m3u8,网络源,https://epg.pw/media/images/channel/2024/02/04/large/20240204144739284792_38.png
[BD]广东珠江高清,https://t.freetv.fun/live/yan-dong-zhu-jiang-gao-qing-2.m3u8,网络源,https://epg.pw/media/images/channel/2024/02/04/large/20240204144739284792_38.png
[BD]广东珠江高清,https://t.freetv.fun/live/yan-dong-zhu-jiang-gao-qing-3.m3u8,网络源,https://epg.pw/media/images/channel/2024/02/04/large/20240204144739284792_38.png
[BD]广东珠江高清,https://t.freetv.fun/live/yan-dong-zhu-jiang-gao-qing-4.m3u8,网络源,https://epg.pw/media/images/channel/2024/02/04/large/20240204144739284792_38.png
[BD]广东珠江高清,https://t.freetv.fun/live/yan-dong-zhu-jiang-gao-qing-6.m3u8,网络源,https://epg.pw/media/images/channel/2024/02/04/large/20240204144739284792_38.png
[BD]广东珠江高清,https://t.freetv.fun/live/yan-dong-zhu-jiang-gao-qing-8.m3u8,网络源,https://epg.pw/media/images/channel/2024/02/04/large/20240204144739284792_38.png
[BD]广东珠江高清,https://t.freetv.fun/live/yan-dong-zhu-jiang-gao-qing-9.m3u8,网络源,https://epg.pw/media/images/channel/2024/02/04/large/20240204144739284792_38.png
[BD]广东珠江高清,https://t.freetv.fun/live/yan-dong-zhu-jiang-gao-qing-10.m3u8,网络源,https://epg.pw/media/images/channel/2024/02/04/large/20240204144739284792_38.png
[BD]广东珠江高清,https://t.freetv.fun/live/yan-dong-zhu-jiang-gao-qing-12.m3u8,网络源,https://epg.pw/media/images/channel/2024/02/04/large/20240204144739284792_38.png
[BD]广东珠江高清,https://t.freetv.fun/live/yan-dong-zhu-jiang-gao-qing-13.m3u8,网络源,https://epg.pw/media/images/channel/2024/02/04/large/20240204144739284792_38.png
[BD]广东珠江高清,https://t.freetv.fun/live/yan-dong-zhu-jiang-gao-qing-14.m3u8,网络源,https://epg.pw/media/images/channel/2024/02/04/large/20240204144739284792_38.png
[VGA]广东珠江高清,https://t.freetv.fun/live/yan-dong-zhu-jiang-gao-qing-16.m3u8,网络源,https://epg.pw/media/images/channel/2024/02/04/large/20240204144739284792_38.png
[VGA]广东珠江高清,https://t.freetv.fun/live/yan-dong-zhu-jiang-gao-qing-17.m3u8,网络源,https://epg.pw/media/images/channel/2024/02/04/large/20240204144739284792_38.png
[VGA]广东珠江高清,https://t.freetv.fun/live/yan-dong-zhu-jiang-gao-qing-18.m3u8,网络源,https://epg.pw/media/images/channel/2024/02/04/large/20240204144739284792_38.png
[BD]广东珠江高清,https://t.freetv.fun/live/yan-dong-zhu-jiang-gao-qing-22.m3u8,网络源,https://epg.pw/media/images/channel/2024/02/04/large/20240204144739284792_38.png
[BD]广东珠江高清,https://t.freetv.fun/live/yan-dong-zhu-jiang-gao-qing-24.m3u8,网络源,https://epg.pw/media/images/channel/2024/02/04/large/20240204144739284792_38.png
[BD]广东珠江高清,https://t.freetv.fun/live/yan-dong-zhu-jiang-gao-qing-25.m3u8,网络源,https://epg.pw/media/images/channel/2024/02/04/large/20240204144739284792_38.png
[BD]广东珠江高清,https://t.freetv.fun/live/yan-dong-zhu-jiang-gao-qing-26.m3u8,网络源,https://epg.pw/media/images/channel/2024/02/04/large/20240204144739284792_38.png
[HD]广东珠江,https://t.freetv.fun/live/yan-dong-zhu-jiang-24.m3u8,网络源,https://epg.pw/media/images/channel/2024/02/04/large/20240204144739284792_38.png
[HD]广东珠江,https://t.freetv.fun/live/yan-dong-zhu-jiang-25.m3u8,网络源,https://epg.pw/media/images/channel/2024/02/04/large/20240204144739284792_38.png
[HD]广东移动,https://t.freetv.fun/live/yan-dong-yi-dong.m3u8,网络源,https://epg.pw/media/images/channel/2023/07/21/large/20230721133240810400_64.png
[HD]广东移动,https://t.freetv.fun/live/yan-dong-yi-dong-1.m3u8,网络源,https://epg.pw/media/images/channel/2023/07/21/large/20230721133240810400_64.png
[HD]广东移动,https://t.freetv.fun/live/yan-dong-yi-dong-2.m3u8,网络源,https://epg.pw/media/images/channel/2023/07/21/large/20230721133240810400_64.png
[HD]广东移动,https://t.freetv.fun/live/yan-dong-yi-dong-3.m3u8,网络源,https://epg.pw/media/images/channel/2023/07/21/large/20230721133240810400_64.png
[BD]广东经济科教,https://t.freetv.fun/live/yan-dong-jing-ji-ke-jiao-14.m3u8,网络源,https://epg.pw/media/images/channel/2024/01/11/large/20240111224501741507_16.png
[BD]广东综艺,https://t.freetv.fun/live/yan-dong-zong-yi-2.m3u8,网络源,https://epg.pw/media/images/channel/2023/07/19/large/20230719064646595865_81.jpg
[VGA]广东综艺,https://t.freetv.fun/live/yan-dong-zong-yi-3.m3u8,网络源,https://epg.pw/media/images/channel/2023/07/19/large/20230719064646595865_81.jpg
[BD]广东卫视,https://t.freetv.fun/live/yan-dong-wei-shi.m3u8,网络源,https://epg.pw/media/images/channel/2024/01/11/large/20240111225144968877_94.png
[BD]广东卫视,https://t.freetv.fun/live/yan-dong-wei-shi-7.m3u8,网络源,https://epg.pw/media/images/channel/2024/01/11/large/20240111225144968877_94.png
[BD]广东卫视,https://t.freetv.fun/live/yan-dong-wei-shi-8.m3u8,网络源,https://epg.pw/media/images/channel/2024/01/11/large/20240111225144968877_94.png
[BD]广东卫视,https://t.freetv.fun/live/yan-dong-wei-shi-16.m3u8,网络源,https://epg.pw/media/images/channel/2024/01/11/large/20240111225144968877_94.png
[BD]广东卫视,https://t.freetv.fun/live/yan-dong-wei-shi-20.m3u8,网络源,https://epg.pw/media/images/channel/2024/01/11/large/20240111225144968877_94.png
[SD]广东卫视,https://t.freetv.fun/live/yan-dong-wei-shi-15.m3u8,网络源,https://epg.pw/media/images/channel/2024/01/11/large/20240111225144968877_94.png
[BD]广东卫视,https://t.freetv.fun/live/yan-dong-wei-shi-6.m3u8,网络源,https://epg.pw/media/images/channel/2024/01/11/large/20240111225144968877_94.png
[BD]广东卫视,https://t.freetv.fun/live/yan-dong-wei-shi-9.m3u8,网络源,https://epg.pw/media/images/channel/2024/01/11/large/20240111225144968877_94.png
[BD]广东卫视,https://t.freetv.fun/live/yan-dong-wei-shi-36.m3u8,网络源,https://epg.pw/media/images/channel/2024/01/11/large/20240111225144968877_94.png
[HD]广东卫视,https://t.freetv.fun/live/yan-dong-wei-shi-18.m3u8,网络源,https://epg.pw/media/images/channel/2024/01/11/large/20240111225144968877_94.png
[BD]广东卫视,https://t.freetv.fun/live/yan-dong-wei-shi-22.m3u8,网络源,https://epg.pw/media/images/channel/2024/01/11/large/20240111225144968877_94.png
[BD]广东卫视,https://t.freetv.fun/live/yan-dong-wei-shi-1.m3u8,网络源,https://epg.pw/media/images/channel/2024/01/11/large/20240111225144968877_94.png
[VGA]广东卫视,https://t.freetv.fun/live/yan-dong-wei-shi-2.m3u8,网络源,https://epg.pw/media/images/channel/2024/01/11/large/20240111225144968877_94.png
[BD]广东卫视,https://t.freetv.fun/live/yan-dong-wei-shi-3.m3u8,网络源,https://epg.pw/media/images/channel/2024/01/11/large/20240111225144968877_94.png
[BD]广东卫视,https://t.freetv.fun/live/yan-dong-wei-shi-4.m3u8,网络源,https://epg.pw/media/images/channel/2024/01/11/large/20240111225144968877_94.png
[VGA]广东卫视,https://t.freetv.fun/live/yan-dong-wei-shi-5.m3u8,网络源,https://epg.pw/media/images/channel/2024/01/11/large/20240111225144968877_94.png
[BD]广东卫视,https://t.freetv.fun/live/yan-dong-wei-shi-10.m3u8,网络源,https://epg.pw/media/images/channel/2024/01/11/large/20240111225144968877_94.png
[BD]广东卫视,https://t.freetv.fun/live/yan-dong-wei-shi-11.m3u8,网络源,https://epg.pw/media/images/channel/2024/01/11/large/20240111225144968877_94.png
[BD]广东卫视,https://t.freetv.fun/live/yan-dong-wei-shi-12.m3u8,网络源,https://epg.pw/media/images/channel/2024/01/11/large/20240111225144968877_94.png
[BD]广东卫视,https://t.freetv.fun/live/yan-dong-wei-shi-13.m3u8,网络源,https://epg.pw/media/images/channel/2024/01/11/large/20240111225144968877_94.png
[SD]广东卫视,https://t.freetv.fun/live/yan-dong-wei-shi-14.m3u8,网络源,https://epg.pw/media/images/channel/2024/01/11/large/20240111225144968877_94.png
[SD]广东卫视,https://t.freetv.fun/live/yan-dong-wei-shi-17.m3u8,网络源,https://epg.pw/media/images/channel/2024/01/11/large/20240111225144968877_94.png
[VGA]广东卫视,https://t.freetv.fun/live/yan-dong-wei-shi-19.m3u8,网络源,https://epg.pw/media/images/channel/2024/01/11/large/20240111225144968877_94.png
[VGA]广东卫视,https://t.freetv.fun/live/yan-dong-wei-shi-23.m3u8,网络源,https://epg.pw/media/images/channel/2024/01/11/large/20240111225144968877_94.png
[BD]广东卫视,https://t.freetv.fun/live/yan-dong-wei-shi-24.m3u8,网络源,https://epg.pw/media/images/channel/2024/01/11/large/20240111225144968877_94.png
[VGA]广东卫视,https://t.freetv.fun/live/yan-dong-wei-shi-26.m3u8,网络源,https://epg.pw/media/images/channel/2024/01/11/large/20240111225144968877_94.png
[BD]广东卫视,https://t.freetv.fun/live/yan-dong-wei-shi-27.m3u8,网络源,https://epg.pw/media/images/channel/2024/01/11/large/20240111225144968877_94.png
[BD]广东卫视,https://t.freetv.fun/live/yan-dong-wei-shi-30.m3u8,网络源,https://epg.pw/media/images/channel/2024/01/11/large/20240111225144968877_94.png
[VGA]广东卫视,https://t.freetv.fun/live/yan-dong-wei-shi-31.m3u8,网络源,https://epg.pw/media/images/channel/2024/01/11/large/20240111225144968877_94.png
[BD]广东卫视,https://t.freetv.fun/live/yan-dong-wei-shi-32.m3u8,网络源,https://epg.pw/media/images/channel/2024/01/11/large/20240111225144968877_94.png
[BD]广东卫视,https://t.freetv.fun/live/yan-dong-wei-shi-33.m3u8,网络源,https://epg.pw/media/images/channel/2024/01/11/large/20240111225144968877_94.png
[BD]广东卫视,https://t.freetv.fun/live/yan-dong-wei-shi-34.php,网络源,https://epg.pw/media/images/channel/2024/01/11/large/20240111225144968877_94.png
[BD]广东卫视,https://t.freetv.fun/live/yan-dong-wei-shi-35.m3u8,网络源,https://epg.pw/media/images/channel/2024/01/11/large/20240111225144968877_94.png
[BD]广东卫视高清,https://t.freetv.fun/live/yan-dong-wei-shi-gao-qing-1.m3u8,网络源,https://epg.pw/media/images/channel/2024/01/11/large/20240111225144968877_94.png
[BD]广东卫视高清,https://t.freetv.fun/live/yan-dong-wei-shi-gao-qing-25.m3u8,网络源,https://epg.pw/media/images/channel/2024/01/11/large/20240111225144968877_94.png
[BD]广东卫视高清,https://t.freetv.fun/live/yan-dong-wei-shi-gao-qing-27.m3u8,网络源,https://epg.pw/media/images/channel/2024/01/11/large/20240111225144968877_94.png
[BD]广东卫视高清,https://t.freetv.fun/live/yan-dong-wei-shi-gao-qing-28.m3u8,网络源,https://epg.pw/media/images/channel/2024/01/11/large/20240111225144968877_94.png
[BD]广东卫视,https://t.freetv.fun/live/yan-dong-wei-shi-40.m3u8,网络源,https://epg.pw/media/images/channel/2024/01/11/large/20240111225144968877_94.png
[BD]广东卫视,https://t.freetv.fun/live/yan-dong-wei-shi-41.m3u8,网络源,https://epg.pw/media/images/channel/2024/01/11/large/20240111225144968877_94.png
[BD]广东卫视高清,https://t.freetv.fun/live/yan-dong-wei-shi-gao-qing-32.m3u8,网络源,https://epg.pw/media/images/channel/2024/01/11/large/20240111225144968877_94.png
[BD]广东卫视高清,https://t.freetv.fun/live/yan-dong-wei-shi-gao-qing.m3u8,网络源,https://epg.pw/media/images/channel/2023/12/26/large/20231226204115695252_96.png
[BD]广东卫视高清,https://t.freetv.fun/live/yan-dong-wei-shi-gao-qing-2.m3u8,网络源,https://epg.pw/media/images/channel/2023/12/26/large/20231226204115695252_96.png
[BD]广东卫视高清,https://t.freetv.fun/live/yan-dong-wei-shi-gao-qing-3.m3u8,网络源,https://epg.pw/media/images/channel/2023/12/26/large/20231226204115695252_96.png
[BD]广东卫视高清,https://t.freetv.fun/live/yan-dong-wei-shi-gao-qing-4.m3u8,网络源,https://epg.pw/media/images/channel/2023/12/26/large/20231226204115695252_96.png
[BD]广东卫视高清,https://t.freetv.fun/live/yan-dong-wei-shi-gao-qing-5.m3u8,网络源,https://epg.pw/media/images/channel/2023/12/26/large/20231226204115695252_96.png
[BD]广东卫视高清,https://t.freetv.fun/live/yan-dong-wei-shi-gao-qing-8.m3u8,网络源,https://epg.pw/media/images/channel/2023/12/26/large/20231226204115695252_96.png
[BD]广东卫视高清,https://t.freetv.fun/live/yan-dong-wei-shi-gao-qing-9.m3u8,网络源,https://epg.pw/media/images/channel/2023/12/26/large/20231226204115695252_96.png
[BD]广东卫视高清,https://t.freetv.fun/live/yan-dong-wei-shi-gao-qing-10.m3u8,网络源,https://epg.pw/media/images/channel/2023/12/26/large/20231226204115695252_96.png
[BD]广东卫视高清,https://t.freetv.fun/live/yan-dong-wei-shi-gao-qing-11.m3u8,网络源,https://epg.pw/media/images/channel/2023/12/26/large/20231226204115695252_96.png
[BD]广东卫视高清,https://t.freetv.fun/live/yan-dong-wei-shi-gao-qing-12.m3u8,网络源,https://epg.pw/media/images/channel/2023/12/26/large/20231226204115695252_96.png
[BD]广东卫视高清,https://t.freetv.fun/live/yan-dong-wei-shi-gao-qing-13.m3u8,网络源,https://epg.pw/media/images/channel/2023/12/26/large/20231226204115695252_96.png
[BD]广东卫视高清,https://t.freetv.fun/live/yan-dong-wei-shi-gao-qing-14.m3u8,网络源,https://epg.pw/media/images/channel/2023/12/26/large/20231226204115695252_96.png
[VGA]广东卫视高清,https://t.freetv.fun/live/yan-dong-wei-shi-gao-qing-15.m3u8,网络源,https://epg.pw/media/images/channel/2023/12/26/large/20231226204115695252_96.png
[VGA]广东卫视高清,https://t.freetv.fun/live/yan-dong-wei-shi-gao-qing-16.m3u8,网络源,https://epg.pw/media/images/channel/2023/12/26/large/20231226204115695252_96.png
[VGA]广东卫视高清,https://t.freetv.fun/live/yan-dong-wei-shi-gao-qing-17.m3u8,网络源,https://epg.pw/media/images/channel/2023/12/26/large/20231226204115695252_96.png
[VGA]广东卫视高清,https://t.freetv.fun/live/yan-dong-wei-shi-gao-qing-18.m3u8,网络源,https://epg.pw/media/images/channel/2023/12/26/large/20231226204115695252_96.png
[BD]广东卫视高清,https://t.freetv.fun/live/yan-dong-wei-shi-gao-qing-19.m3u8,网络源,https://epg.pw/media/images/channel/2023/12/26/large/20231226204115695252_96.png
[VGA]广东卫视高清,https://t.freetv.fun/live/yan-dong-wei-shi-gao-qing-20.m3u8,网络源,https://epg.pw/media/images/channel/2023/12/26/large/20231226204115695252_96.png
[VGA]广东卫视高清,https://t.freetv.fun/live/yan-dong-wei-shi-gao-qing-23.m3u8,网络源,https://epg.pw/media/images/channel/2023/12/26/large/20231226204115695252_96.png
[BD]广东体育,https://t.freetv.fun/live/yan-dong-ti-yu-3.m3u8,网络源,https://epg.pw/media/images/channel/2024/01/14/large/20240114130318634112_23.png
[BD]广东体育,https://t.freetv.fun/live/yan-dong-ti-yu-6.m3u8,网络源,https://epg.pw/media/images/channel/2024/01/14/large/20240114130318634112_23.png
[HD]广东体育,https://t.freetv.fun/live/yan-dong-ti-yu-16.m3u8,网络源,https://epg.pw/media/images/channel/2024/01/14/large/20240114130358843013_66.png
[BD]广东体育,https://t.freetv.fun/live/yan-dong-ti-yu-7.m3u8,网络源,https://epg.pw/media/images/channel/2024/01/14/large/20240114130358843013_66.png
[BD]广东体育,https://t.freetv.fun/live/yan-dong-ti-yu-8.m3u8,网络源,https://epg.pw/media/images/channel/2024/01/14/large/20240114130358843013_66.png
[VGA]广东体育,https://t.freetv.fun/live/yan-dong-ti-yu-14.m3u8,网络源,https://epg.pw/media/images/channel/2024/01/14/large/20240114130358843013_66.png
[HD]广东体育,https://t.freetv.fun/live/yan-dong-ti-yu-18.m3u8,网络源,https://epg.pw/media/images/channel/2024/01/14/large/20240114130358843013_66.png
[BD]广东体育高清,https://t.freetv.fun/live/yan-dong-ti-yu-gao-qing-2.m3u8,网络源,https://epg.pw/media/images/channel/2024/01/14/large/20240114130358843013_66.png
[BD]广东体育高清,https://t.freetv.fun/live/yan-dong-ti-yu-gao-qing-3.m3u8,网络源,https://epg.pw/media/images/channel/2024/01/14/large/20240114130358843013_66.png
[BD]广东体育高清,https://t.freetv.fun/live/yan-dong-ti-yu-gao-qing-4.m3u8,网络源,https://epg.pw/media/images/channel/2024/01/14/large/20240114130358843013_66.png
[BD]广东体育高清,https://t.freetv.fun/live/yan-dong-ti-yu-gao-qing-5.m3u8,网络源,https://epg.pw/media/images/channel/2024/01/14/large/20240114130358843013_66.png
[BD]广东体育高清,https://t.freetv.fun/live/yan-dong-ti-yu-gao-qing-6.m3u8,网络源,https://epg.pw/media/images/channel/2024/01/14/large/20240114130358843013_66.png
[BD]广东体育高清,https://t.freetv.fun/live/yan-dong-ti-yu-gao-qing-7.m3u8,网络源,https://epg.pw/media/images/channel/2024/01/14/large/20240114130358843013_66.png
[BD]广东体育高清,https://t.freetv.fun/live/yan-dong-ti-yu-gao-qing-8.m3u8,网络源,https://epg.pw/media/images/channel/2024/01/14/large/20240114130358843013_66.png
[BD]广东体育高清,https://t.freetv.fun/live/yan-dong-ti-yu-gao-qing-10.m3u8,网络源,https://epg.pw/media/images/channel/2024/01/14/large/20240114130358843013_66.png
[VGA]广东体育高清,https://t.freetv.fun/live/yan-dong-ti-yu-gao-qing-11.m3u8,网络源,https://epg.pw/media/images/channel/2024/01/14/large/20240114130358843013_66.png
[BD]广东体育高清,https://t.freetv.fun/live/yan-dong-ti-yu-gao-qing-12.m3u8,网络源,https://epg.pw/media/images/channel/2024/01/14/large/20240114130358843013_66.png
[BD]广东体育高清,https://t.freetv.fun/live/yan-dong-ti-yu-gao-qing-13.m3u8,网络源,https://epg.pw/media/images/channel/2024/01/14/large/20240114130358843013_66.png
[BD]广东体育高清,https://t.freetv.fun/live/yan-dong-ti-yu-gao-qing-14.m3u8,网络源,https://epg.pw/media/images/channel/2024/01/14/large/20240114130358843013_66.png
[VGA]广东体育高清,https://t.freetv.fun/live/yan-dong-ti-yu-gao-qing-15.m3u8,网络源,https://epg.pw/media/images/channel/2024/01/14/large/20240114130358843013_66.png
[VGA]广东体育高清,https://t.freetv.fun/live/yan-dong-ti-yu-gao-qing-17.m3u8,网络源,https://epg.pw/media/images/channel/2024/01/14/large/20240114130358843013_66.png
[VGA]广东体育高清,https://t.freetv.fun/live/yan-dong-ti-yu-gao-qing-19.m3u8,网络源,https://epg.pw/media/images/channel/2024/01/14/large/20240114130358843013_66.png
[VGA]广东体育高清,https://t.freetv.fun/live/yan-dong-ti-yu-gao-qing-22.m3u8,网络源,https://epg.pw/media/images/channel/2024/01/14/large/20240114130358843013_66.png
[BD]广东体育高清,https://t.freetv.fun/live/yan-dong-ti-yu-gao-qing-24.m3u8,网络源,https://epg.pw/media/images/channel/2024/01/14/large/20240114130358843013_66.png
[BD]广东体育高清,https://t.freetv.fun/live/yan-dong-ti-yu-gao-qing-27.m3u8,网络源,https://epg.pw/media/images/channel/2024/01/14/large/20240114130358843013_66.png
[BD]广东体育高清,https://t.freetv.fun/live/yan-dong-ti-yu-gao-qing-29.m3u8,网络源,https://epg.pw/media/images/channel/2024/01/14/large/20240114130358843013_66.png
[BD]广西综艺旅游,https://t.freetv.fun/live/yan-xi-zong-yi-lu-you.m3u8,网络源,https://epg.pw/media/images/channel/2022/05/27/large/20220527161053042728_73.jpg
[BD]广西综艺旅游,https://t.freetv.fun/live/yan-xi-zong-yi-lu-you-1.m3u8,网络源,https://epg.pw/media/images/channel/2022/05/27/large/20220527161053042728_73.jpg
[BD]广西综艺旅游,https://t.freetv.fun/live/yan-xi-zong-yi-lu-you-2.m3u8,网络源,https://epg.pw/media/images/channel/2022/05/27/large/20220527161053042728_73.jpg
[BD]广西综艺旅游,https://t.freetv.fun/live/yan-xi-zong-yi-lu-you-3.m3u8,网络源,https://epg.pw/media/images/channel/2022/05/27/large/20220527161053042728_73.jpg
[BD]广西卫视,https://t.freetv.fun/live/yan-xi-wei-shi.m3u8,网络源,https://epg.pw/media/images/channel/2025/01/28/large/20250128055652623222_35.jpg
[HD]广西卫视,https://t.freetv.fun/live/yan-xi-wei-shi-1.m3u8,网络源,https://epg.pw/media/images/channel/2025/01/28/large/20250128055652623222_35.jpg
[SD]广西卫视,https://t.freetv.fun/live/yan-xi-wei-shi-9.m3u8,网络源,https://epg.pw/media/images/channel/2025/01/28/large/20250128055652623222_35.jpg
[HD]广西卫视,https://t.freetv.fun/live/yan-xi-wei-shi-8.m3u8,网络源,https://epg.pw/media/images/channel/2025/01/28/large/20250128055652623222_35.jpg
[BD]广西卫视,https://t.freetv.fun/live/yan-xi-wei-shi-15.m3u8,网络源,https://epg.pw/media/images/channel/2025/01/28/large/20250128055652623222_35.jpg
[SD]广西卫视,https://t.freetv.fun/live/yan-xi-wei-shi-11.m3u8,网络源,https://epg.pw/media/images/channel/2025/01/28/large/20250128055652623222_35.jpg
[BD]广西卫视,https://t.freetv.fun/live/yan-xi-wei-shi-3.m3u8,网络源,https://epg.pw/media/images/channel/2025/01/28/large/20250128055652623222_35.jpg
[BD]广西卫视,https://t.freetv.fun/live/yan-xi-wei-shi-7.m3u8,网络源,https://epg.pw/media/images/channel/2025/01/28/large/20250128055652623222_35.jpg
[VGA]广西卫视,https://t.freetv.fun/live/yan-xi-wei-shi-16.m3u8,网络源,https://epg.pw/media/images/channel/2025/01/28/large/20250128055652623222_35.jpg
[BD]广西卫视,https://t.freetv.fun/live/yan-xi-wei-shi-18.m3u8,网络源,https://epg.pw/media/images/channel/2025/01/28/large/20250128055652623222_35.jpg
[SD]广西卫视,https://t.freetv.fun/live/yan-xi-wei-shi-24.m3u8,网络源,https://epg.pw/media/images/channel/2025/01/28/large/20250128055652623222_35.jpg
[SD]广西卫视,https://t.freetv.fun/live/yan-xi-wei-shi-28.m3u8,网络源,https://epg.pw/media/images/channel/2025/01/28/large/20250128055652623222_35.jpg
[BD]广西卫视,https://t.freetv.fun/live/yan-xi-wei-shi-29.m3u8,网络源,https://epg.pw/media/images/channel/2025/01/28/large/20250128055652623222_35.jpg
[SD]广西卫视,https://t.freetv.fun/live/yan-xi-wei-shi-37.m3u8,网络源,https://epg.pw/media/images/channel/2025/01/28/large/20250128055652623222_35.jpg
[BD]广西卫视,https://t.freetv.fun/live/yan-xi-wei-shi-20.m3u8,网络源,https://epg.pw/media/images/channel/2025/01/28/large/20250128055652623222_35.jpg
[BD]广西卫视,https://t.freetv.fun/live/yan-xi-wei-shi-2.m3u8,网络源,https://epg.pw/media/images/channel/2025/01/28/large/20250128055652623222_35.jpg
[BD]广西卫视,https://t.freetv.fun/live/yan-xi-wei-shi-4.m3u8,网络源,https://epg.pw/media/images/channel/2025/01/28/large/20250128055652623222_35.jpg
[VGA]广西卫视,https://t.freetv.fun/live/yan-xi-wei-shi-5.m3u8,网络源,https://epg.pw/media/images/channel/2025/01/28/large/20250128055652623222_35.jpg
[BD]广西卫视,https://t.freetv.fun/live/yan-xi-wei-shi-6.m3u8,网络源,https://epg.pw/media/images/channel/2025/01/28/large/20250128055652623222_35.jpg
[BD]广西卫视,https://t.freetv.fun/live/yan-xi-wei-shi-10.m3u8,网络源,https://epg.pw/media/images/channel/2025/01/28/large/20250128055652623222_35.jpg
[SD]广西卫视,https://t.freetv.fun/live/yan-xi-wei-shi-13.m3u8,网络源,https://epg.pw/media/images/channel/2025/01/28/large/20250128055652623222_35.jpg
[VGA]广西卫视,https://t.freetv.fun/live/yan-xi-wei-shi-17.m3u8,网络源,https://epg.pw/media/images/channel/2025/01/28/large/20250128055652623222_35.jpg
[BD]广西卫视,https://t.freetv.fun/live/yan-xi-wei-shi-19.m3u8,网络源,https://epg.pw/media/images/channel/2025/01/28/large/20250128055652623222_35.jpg
[SD]广西卫视,https://t.freetv.fun/live/yan-xi-wei-shi-22.m3u8,网络源,https://epg.pw/media/images/channel/2025/01/28/large/20250128055652623222_35.jpg
[SD]广西卫视,https://t.freetv.fun/live/yan-xi-wei-shi-23.m3u8,网络源,https://epg.pw/media/images/channel/2025/01/28/large/20250128055652623222_35.jpg
[BD]广西卫视,https://t.freetv.fun/live/yan-xi-wei-shi-25.m3u8,网络源,https://epg.pw/media/images/channel/2025/01/28/large/20250128055652623222_35.jpg
[SD]广西卫视,https://t.freetv.fun/live/yan-xi-wei-shi-26.m3u8,网络源,https://epg.pw/media/images/channel/2025/01/28/large/20250128055652623222_35.jpg
[SD]广西卫视,https://t.freetv.fun/live/yan-xi-wei-shi-27.m3u8,网络源,https://epg.pw/media/images/channel/2025/01/28/large/20250128055652623222_35.jpg
[BD]广西卫视,https://t.freetv.fun/live/yan-xi-wei-shi-30.php,网络源,https://epg.pw/media/images/channel/2025/01/28/large/20250128055652623222_35.jpg
[BD]广西卫视,https://t.freetv.fun/live/yan-xi-wei-shi-31.m3u8,网络源,https://epg.pw/media/images/channel/2025/01/28/large/20250128055652623222_35.jpg
[BD]广西卫视,https://t.freetv.fun/live/yan-xi-wei-shi-32.m3u8,网络源,https://epg.pw/media/images/channel/2025/01/28/large/20250128055652623222_35.jpg
[HD]广西卫视,https://t.freetv.fun/live/yan-xi-wei-shi-33.m3u8,网络源,https://epg.pw/media/images/channel/2025/01/28/large/20250128055652623222_35.jpg
[HD]广西卫视,https://t.freetv.fun/live/yan-xi-wei-shi-34.m3u8,网络源,https://epg.pw/media/images/channel/2025/01/28/large/20250128055652623222_35.jpg
[BD]广西卫视编码,https://t.freetv.fun/live/yan-xi-wei-shi-bian-ma.php,网络源,https://epg.pw/media/images/channel/2022/12/06/large/20221206010809065685_61.jpg
[BD]dw德國之聲,https://t.freetv.fun/live/dwde-guo-zhi-sheng.m3u8,网络源,https://epg.pw/media/img/logo/1_203.jpg
[BD]dw德國之聲,https://t.freetv.fun/live/dwde-guo-zhi-sheng-6.m3u8,网络源,https://epg.pw/media/img/logo/1_203.jpg
[HD]恐怖电影,https://t.freetv.fun/live/kong-bu-dian-ying.m3u8,网络源,https://epg.pw/media/img/logo/2013/10/30/1dac9c985c376b0155f0f81c2dbcb781.png
[BD]爱奇艺 *b,https://t.freetv.fun/live/ai-qi-yi-b.m3u8,网络源,https://epg.pw/media/images/channel/2024/01/03/large/20240103202710753007_26.jpg
[HD]成都简阳新闻综合,https://t.freetv.fun/live/cheng-du-jian-yang-xin-wen-zong-he.m3u8,网络源,https://epg.pw/media/images/channel/2022/05/28/large/20220528222017532327_58.jpg
[BD]戲曲,https://t.freetv.fun/live/xi-qu.m3u8,网络源,https://epg.pw/media/images/channel/2020/02/21/large/20200221054106656063_82.png
[HD]溧阳新闻综合,https://t.freetv.fun/live/li-yang-xin-wen-zong-he.flv,网络源,https://epg.pw/media/uploads/tmp_logo/2014/06/05/20140605225331495365_87.jpg
[VGA]溧阳新闻综合,https://t.freetv.fun/live/li-yang-xin-wen-zong-he-1.flv,网络源,https://epg.pw/media/uploads/tmp_logo/2014/06/05/20140605225331495365_87.jpg
[HD]东阳新闻综合,https://t.freetv.fun/live/dong-yang-xin-wen-zong-he.m3u8,网络源,https://epg.pw/media/uploads/tmp_logo/2014/06/05/20140605225331495365_87.jpg
[HD]简阳新闻综合,https://t.freetv.fun/live/jian-yang-xin-wen-zong-he.flv,网络源,https://epg.pw/media/uploads/tmp_logo/2014/06/05/20140605225331495365_87.jpg
[BD]揭阳综合高清,https://t.freetv.fun/live/jie-yang-zong-he-gao-qing.m3u8,网络源,https://epg.pw/media/uploads/tmp_logo/2014/06/05/20140605225331495365_87.jpg
[BD]揭阳综合高清,https://t.freetv.fun/live/jie-yang-zong-he-gao-qing-1.m3u8,网络源,https://epg.pw/media/uploads/tmp_logo/2014/06/05/20140605225331495365_87.jpg
[BD]揭阳综合高清,https://t.freetv.fun/live/jie-yang-zong-he-gao-qing-2.m3u8,网络源,https://epg.pw/media/uploads/tmp_logo/2014/06/05/20140605225331495365_87.jpg
[BD]揭阳综合高清,https://t.freetv.fun/live/jie-yang-zong-he-gao-qing-3.m3u8,网络源,https://epg.pw/media/uploads/tmp_logo/2014/06/05/20140605225331495365_87.jpg
[BD]揭阳综合高清,https://t.freetv.fun/live/jie-yang-zong-he-gao-qing-4.m3u8,网络源,https://epg.pw/media/uploads/tmp_logo/2014/06/05/20140605225331495365_87.jpg
[BD]揭阳综合高清,https://t.freetv.fun/live/jie-yang-zong-he-gao-qing-5.m3u8,网络源,https://epg.pw/media/uploads/tmp_logo/2014/06/05/20140605225331495365_87.jpg
[BD]揭阳综合高清,https://t.freetv.fun/live/jie-yang-zong-he-gao-qing-6.m3u8,网络源,https://epg.pw/media/uploads/tmp_logo/2014/06/05/20140605225331495365_87.jpg
[BD]揭阳综合高清,https://t.freetv.fun/live/jie-yang-zong-he-gao-qing-7.m3u8,网络源,https://epg.pw/media/uploads/tmp_logo/2014/06/05/20140605225331495365_87.jpg
[BD]揭阳综合高清,https://t.freetv.fun/live/jie-yang-zong-he-gao-qing-8.m3u8,网络源,https://epg.pw/media/uploads/tmp_logo/2014/06/05/20140605225331495365_87.jpg
[BD]揭阳综合高清,https://t.freetv.fun/live/jie-yang-zong-he-gao-qing-9.m3u8,网络源,https://epg.pw/media/uploads/tmp_logo/2014/06/05/20140605225331495365_87.jpg
[BD]揭阳综合高清,https://t.freetv.fun/live/jie-yang-zong-he-gao-qing-10.m3u8,网络源,https://epg.pw/media/uploads/tmp_logo/2014/06/05/20140605225331495365_87.jpg
[VGA]揭阳综合高清,https://t.freetv.fun/live/jie-yang-zong-he-gao-qing-11.m3u8,网络源,https://epg.pw/media/uploads/tmp_logo/2014/06/05/20140605225331495365_87.jpg
[VGA]揭阳综合高清,https://t.freetv.fun/live/jie-yang-zong-he-gao-qing-13.m3u8,网络源,https://epg.pw/media/uploads/tmp_logo/2014/06/05/20140605225331495365_87.jpg
[BD]揭阳综合高清,https://t.freetv.fun/live/jie-yang-zong-he-gao-qing-14.m3u8,网络源,https://epg.pw/media/uploads/tmp_logo/2014/06/05/20140605225331495365_87.jpg
[VGA]揭阳综合高清,https://t.freetv.fun/live/jie-yang-zong-he-gao-qing-16.m3u8,网络源,https://epg.pw/media/uploads/tmp_logo/2014/06/05/20140605225331495365_87.jpg
[VGA]揭阳综合高清,https://t.freetv.fun/live/jie-yang-zong-he-gao-qing-18.m3u8,网络源,https://epg.pw/media/uploads/tmp_logo/2014/06/05/20140605225331495365_87.jpg
[VGA]揭阳综合高清,https://t.freetv.fun/live/jie-yang-zong-he-gao-qing-21.m3u8,网络源,https://epg.pw/media/uploads/tmp_logo/2014/06/05/20140605225331495365_87.jpg
[BD]揭阳综合高清,https://t.freetv.fun/live/jie-yang-zong-he-gao-qing-22.m3u8,网络源,https://epg.pw/media/uploads/tmp_logo/2014/06/05/20140605225331495365_87.jpg
[BD]揭阳综合高清,https://t.freetv.fun/live/jie-yang-zong-he-gao-qing-23.m3u8,网络源,https://epg.pw/media/uploads/tmp_logo/2014/06/05/20140605225331495365_87.jpg
[BD]揭阳综合高清,https://t.freetv.fun/live/jie-yang-zong-he-gao-qing-24.m3u8,网络源,https://epg.pw/media/uploads/tmp_logo/2014/06/05/20140605225331495365_87.jpg
[BD]揭阳综合高清,https://t.freetv.fun/live/jie-yang-zong-he-gao-qing-27.m3u8,网络源,https://epg.pw/media/uploads/tmp_logo/2014/06/05/20140605225331495365_87.jpg
[BD]揭阳综合高清,https://t.freetv.fun/live/jie-yang-zong-he-gao-qing-29.m3u8,网络源,https://epg.pw/media/uploads/tmp_logo/2014/06/05/20140605225331495365_87.jpg
[BD]揭阳综合高清,https://t.freetv.fun/live/jie-yang-zong-he-gao-qing-30.m3u8,网络源,https://epg.pw/media/uploads/tmp_logo/2014/06/05/20140605225331495365_87.jpg
[SD]新疆卫视,https://t.freetv.fun/live/xin-jiang-wei-shi.m3u8,网络源,https://epg.pw/media/images/channel/2022/05/31/large/20220531160954230977_59.jpg
[BD]新疆卫视,https://t.freetv.fun/live/xin-jiang-wei-shi-1.m3u8,网络源,https://epg.pw/media/images/channel/2022/05/31/large/20220531160954230977_59.jpg
[BD]新疆卫视,https://t.freetv.fun/live/xin-jiang-wei-shi-2.php,网络源,https://epg.pw/media/images/channel/2022/05/31/large/20220531160954230977_59.jpg
[SD]新疆卫视,https://t.freetv.fun/live/xin-jiang-wei-shi-6.m3u8,网络源,https://epg.pw/media/images/channel/2022/05/31/large/20220531160954230977_59.jpg
[BD]新疆卫视,https://t.freetv.fun/live/xin-jiang-wei-shi-7.m3u8,网络源,https://epg.pw/media/images/channel/2022/05/31/large/20220531160954230977_59.jpg
[BD]新疆卫视,https://t.freetv.fun/live/xin-jiang-wei-shi-11.m3u8,网络源,https://epg.pw/media/images/channel/2022/05/31/large/20220531160954230977_59.jpg
[BD]新疆卫视,https://t.freetv.fun/live/xin-jiang-wei-shi-8.m3u8,网络源,https://epg.pw/media/images/channel/2022/05/31/large/20220531160954230977_59.jpg
[BD]新疆卫视,https://t.freetv.fun/live/xin-jiang-wei-shi-15.m3u8,网络源,https://epg.pw/media/images/channel/2022/05/31/large/20220531160954230977_59.jpg
[BD]新疆卫视,https://t.freetv.fun/live/xin-jiang-wei-shi-16.m3u8,网络源,https://epg.pw/media/images/channel/2022/05/31/large/20220531160954230977_59.jpg
[SD]新疆卫视,https://t.freetv.fun/live/xin-jiang-wei-shi-41.m3u8,网络源,https://epg.pw/media/images/channel/2022/05/31/large/20220531160954230977_59.jpg
[BD]新疆卫视,https://t.freetv.fun/live/xin-jiang-wei-shi-5.m3u8,网络源,https://epg.pw/media/images/channel/2022/05/31/large/20220531160954230977_59.jpg
[BD]新疆卫视,https://t.freetv.fun/live/xin-jiang-wei-shi-10.m3u8,网络源,https://epg.pw/media/images/channel/2022/05/31/large/20220531160954230977_59.jpg
[VGA]新疆卫视,https://t.freetv.fun/live/xin-jiang-wei-shi-4.m3u8,网络源,https://epg.pw/media/images/channel/2022/05/31/large/20220531160954230977_59.jpg
[VGA]新疆卫视,https://t.freetv.fun/live/xin-jiang-wei-shi-9.m3u8,网络源,https://epg.pw/media/images/channel/2022/05/31/large/20220531160954230977_59.jpg
[SD]新疆卫视,https://t.freetv.fun/live/xin-jiang-wei-shi-12.m3u8,网络源,https://epg.pw/media/images/channel/2022/05/31/large/20220531160954230977_59.jpg
[BD]新疆卫视,https://t.freetv.fun/live/xin-jiang-wei-shi-13.m3u8,网络源,https://epg.pw/media/images/channel/2022/05/31/large/20220531160954230977_59.jpg
[BD]新疆卫视,https://t.freetv.fun/live/xin-jiang-wei-shi-17.m3u8,网络源,https://epg.pw/media/images/channel/2022/05/31/large/20220531160954230977_59.jpg
[BD]新疆卫视,https://t.freetv.fun/live/xin-jiang-wei-shi-18.m3u8,网络源,https://epg.pw/media/images/channel/2022/05/31/large/20220531160954230977_59.jpg
[BD]新疆卫视,https://t.freetv.fun/live/xin-jiang-wei-shi-19.m3u8,网络源,https://epg.pw/media/images/channel/2022/05/31/large/20220531160954230977_59.jpg
[BD]新疆卫视,https://t.freetv.fun/live/xin-jiang-wei-shi-20.m3u8,网络源,https://epg.pw/media/images/channel/2022/05/31/large/20220531160954230977_59.jpg
[HD]98.1 pearl fm,https://t.freetv.fun/live/98-1-pearl-fm.m3u8,网络源,https://epg.pw/media/images/channel/2024/12/26/large/20241226141232820122_81.png
[BD]明珠,https://t.freetv.fun/live/ming-zhu-4.php,网络源,https://epg.pw/media/images/channel/2024/12/26/large/20241226141232820122_81.png
[BD]明珠,https://t.freetv.fun/live/ming-zhu-6.m3u8,网络源,https://epg.pw/media/images/channel/2024/12/26/large/20241226141312380293_76.png
[BD]明珠,https://t.freetv.fun/live/ming-zhu-2.m3u8,网络源,https://epg.pw/media/images/channel/2024/12/26/large/20241226141312380293_76.png
[BD]明珠,https://t.freetv.fun/live/ming-zhu-3.m3u8,网络源,https://epg.pw/media/images/channel/2024/12/26/large/20241226141312380293_76.png
[BD]晋城公共,https://t.freetv.fun/live/jin-cheng-gong-gong-1.m3u8,网络源,https://epg.pw/media/images/channel/2022/11/01/large/20221101013917651923_84.jpg
[BD]晋城公共,https://t.freetv.fun/live/jin-cheng-gong-gong-1-1.m3u8,网络源,https://epg.pw/media/images/channel/2022/11/01/large/20221101013917651923_84.jpg
[BD]晋城新闻,https://t.freetv.fun/live/jin-cheng-xin-wen-1.m3u8,网络源,https://epg.pw/media/img/logo/3_246.jpg
[BD]晋城新闻,https://t.freetv.fun/live/jin-cheng-xin-wen-1-1.m3u8,网络源,https://epg.pw/media/img/logo/3_246.jpg
[BD]晋城新闻,https://t.freetv.fun/live/jin-cheng-xin-wen-2.m3u8,网络源,https://epg.pw/media/img/logo/3_246.jpg
[SD]白城新闻综合,https://t.freetv.fun/live/bai-cheng-xin-wen-zong-he.m3u8,网络源,https://epg.pw/media/images/channel/2022/11/01/large/20221101013959508413_44.jpg
[BD]郸城新闻综合,https://t.freetv.fun/live/dan-cheng-xin-wen-zong-he-1.m3u8,网络源,https://epg.pw/media/images/channel/2022/11/01/large/20221101013959508413_44.jpg
[HD]有线新闻台,https://t.freetv.fun/live/you-xian-xin-wen-tai-1.m3u8,网络源,https://epg.pw/media/images/channel/2020/07/14/large/20200714005324551300_94.png
[HD]有线新闻台,https://t.freetv.fun/live/you-xian-xin-wen-tai-1-1.m3u8,网络源,https://epg.pw/media/images/channel/2020/07/14/large/20200714005324551300_94.png
[HD]有线新闻台,https://t.freetv.fun/live/you-xian-xin-wen-tai-2.m3u8,网络源,https://epg.pw/media/images/channel/2020/07/14/large/20200714005324551300_94.png
[HD]有线新闻台,https://t.freetv.fun/live/you-xian-xin-wen-tai-3.m3u8,网络源,https://epg.pw/media/images/channel/2020/07/14/large/20200714005324551300_94.png
[HD]有线财经信息台,https://t.freetv.fun/live/you-xian-cai-jing-xin-xi-tai.m3u8,网络源,https://epg.pw/media/images/channel/2020/06/25/large/20200625232336807856_57.png
[BD]东南卫视,https://t.freetv.fun/live/dong-nan-wei-shi-2.m3u8,网络源,https://epg.pw/media/images/channel/2025/01/28/large/20250128055858539901_84.jpg
[BD]东南卫视,https://t.freetv.fun/live/dong-nan-wei-shi-8.m3u8,网络源,https://epg.pw/media/images/channel/2025/01/28/large/20250128055858539901_84.jpg
[BD]东南卫视,https://t.freetv.fun/live/dong-nan-wei-shi-13.php,网络源,https://epg.pw/media/images/channel/2025/01/28/large/20250128055858539901_84.jpg
[BD]东南卫视,https://t.freetv.fun/live/dong-nan-wei-shi-11.m3u8,网络源,https://epg.pw/media/images/channel/2025/01/28/large/20250128055858539901_84.jpg
[SD]东南卫视,https://t.freetv.fun/live/dong-nan-wei-shi-14.m3u8,网络源,https://epg.pw/media/images/channel/2025/01/28/large/20250128055858539901_84.jpg
[BD]东南卫视,https://t.freetv.fun/live/dong-nan-wei-shi-1.m3u8,网络源,https://epg.pw/media/images/channel/2025/01/28/large/20250128055858539901_84.jpg
[VGA]东南卫视,https://t.freetv.fun/live/dong-nan-wei-shi-6.m3u8,网络源,https://epg.pw/media/images/channel/2025/01/28/large/20250128055858539901_84.jpg
[BD]东南卫视,https://t.freetv.fun/live/dong-nan-wei-shi-12.m3u8,网络源,https://epg.pw/media/images/channel/2025/01/28/large/20250128055858539901_84.jpg
[SD]东南卫视,https://t.freetv.fun/live/dong-nan-wei-shi-17.m3u8,网络源,https://epg.pw/media/images/channel/2025/01/28/large/20250128055858539901_84.jpg
[VGA]东南卫视,https://t.freetv.fun/live/dong-nan-wei-shi-18.m3u8,网络源,https://epg.pw/media/images/channel/2025/01/28/large/20250128055858539901_84.jpg
[BD]东南卫视,https://t.freetv.fun/live/dong-nan-wei-shi-19.php,网络源,https://epg.pw/media/images/channel/2025/01/28/large/20250128055858539901_84.jpg
[BD]东南卫视,https://t.freetv.fun/live/dong-nan-wei-shi-20.m3u8,网络源,https://epg.pw/media/images/channel/2025/01/28/large/20250128055858539901_84.jpg
[HD]东南卫视,https://t.freetv.fun/live/dong-nan-wei-shi-22.m3u8,网络源,https://epg.pw/media/images/channel/2025/01/28/large/20250128055858539901_84.jpg
[SD]东南卫视,https://t.freetv.fun/live/dong-nan-wei-shi-23.m3u8,网络源,https://epg.pw/media/images/channel/2025/01/28/large/20250128055858539901_84.jpg
[HD]东南卫视,https://t.freetv.fun/live/dong-nan-wei-shi-24.m3u8,网络源,https://epg.pw/media/images/channel/2025/01/28/large/20250128055858539901_84.jpg
[BD]东方影视,https://t.freetv.fun/live/dong-fang-ying-shi-3.m3u8,网络源,https://epg.pw/media/images/channel/2024/07/28/large/20240728224839286048_21.jpg
[BD]东方影视,https://t.freetv.fun/live/dong-fang-ying-shi-5.m3u8,网络源,https://epg.pw/media/images/channel/2024/07/28/large/20240728224839286048_21.jpg
[HD]东方卫视,https://t.freetv.fun/live/dong-fang-wei-shi-9.m3u8,网络源,https://epg.pw/media/images/channel/2023/06/05/large/20230605010227137581_33.jpg
[BD]东方卫视,https://t.freetv.fun/live/dong-fang-wei-shi-20.m3u8,网络源,https://epg.pw/media/images/channel/2023/06/05/large/20230605010227137581_33.jpg
[BD]东方卫视,https://t.freetv.fun/live/dong-fang-wei-shi-17.m3u8,网络源,https://epg.pw/media/images/channel/2023/06/05/large/20230605010227137581_33.jpg
[VGA]东方卫视,https://t.freetv.fun/live/dong-fang-wei-shi.m3u8,网络源,https://epg.pw/media/images/channel/2023/06/05/large/20230605010227137581_33.jpg
[HD]东方卫视,https://t.freetv.fun/live/dong-fang-wei-shi-2.m3u8,网络源,https://epg.pw/media/images/channel/2023/06/05/large/20230605010227137581_33.jpg
[BD]东方卫视,https://t.freetv.fun/live/dong-fang-wei-shi-5.m3u8,网络源,https://epg.pw/media/images/channel/2023/06/05/large/20230605010227137581_33.jpg
[BD]东方卫视,https://t.freetv.fun/live/dong-fang-wei-shi-6.m3u8,网络源,https://epg.pw/media/images/channel/2023/06/05/large/20230605010227137581_33.jpg
[BD]东方卫视,https://t.freetv.fun/live/dong-fang-wei-shi-10.m3u8,网络源,https://epg.pw/media/images/channel/2023/06/05/large/20230605010227137581_33.jpg
[BD]东方卫视,https://t.freetv.fun/live/dong-fang-wei-shi-11.m3u8,网络源,https://epg.pw/media/images/channel/2023/06/05/large/20230605010227137581_33.jpg
[BD]东方卫视,https://t.freetv.fun/live/dong-fang-wei-shi-14.m3u8,网络源,https://epg.pw/media/images/channel/2023/06/05/large/20230605010227137581_33.jpg
[BD]东方卫视,https://t.freetv.fun/live/dong-fang-wei-shi-15.m3u8,网络源,https://epg.pw/media/images/channel/2023/06/05/large/20230605010227137581_33.jpg
[BD]东方卫视,https://t.freetv.fun/live/dong-fang-wei-shi-16.m3u8,网络源,https://epg.pw/media/images/channel/2023/06/05/large/20230605010227137581_33.jpg
[BD]东方卫视,https://t.freetv.fun/live/dong-fang-wei-shi-18.php,网络源,https://epg.pw/media/images/channel/2023/06/05/large/20230605010227137581_33.jpg
[BD]东方卫视,https://t.freetv.fun/live/dong-fang-wei-shi-19.m3u8,网络源,https://epg.pw/media/images/channel/2023/06/05/large/20230605010227137581_33.jpg
[HD]东方卫视,https://t.freetv.fun/live/dong-fang-wei-shi-21.m3u8,网络源,https://epg.pw/media/images/channel/2023/06/05/large/20230605010227137581_33.jpg
[VGA]东方卫视,https://t.freetv.fun/live/dong-fang-wei-shi-22.m3u8,网络源,https://epg.pw/media/images/channel/2023/06/05/large/20230605010227137581_33.jpg
[HD]东方卫视,https://t.freetv.fun/live/dong-fang-wei-shi-23.m3u8,网络源,https://epg.pw/media/images/channel/2023/06/05/large/20230605010227137581_33.jpg
[HD]东方卫视,https://t.freetv.fun/live/dong-fang-wei-shi-24.m3u8,网络源,https://epg.pw/media/images/channel/2023/06/05/large/20230605010227137581_33.jpg
[HD]东方卫视,https://t.freetv.fun/live/dong-fang-wei-shi-25.m3u8,网络源,https://epg.pw/media/images/channel/2023/06/05/large/20230605010227137581_33.jpg
[BD]东方卫视,https://t.freetv.fun/live/dong-fang-wei-shi-26.m3u8,网络源,https://epg.pw/media/images/channel/2023/06/05/large/20230605010227137581_33.jpg
[BD]东方卫视 *b,https://t.freetv.fun/live/dong-fang-wei-shi-b.m3u8,网络源,https://epg.pw/media/images/channel/2023/06/05/large/20230605010227137581_33.jpg
[BD]东方卫视,https://t.freetv.fun/live/dong-fang-wei-shi-36.m3u8,网络源,https://epg.pw/media/images/channel/2023/06/05/large/20230605010227137581_33.jpg
[SD]東森电影国,https://t.freetv.fun/live/dong-sen-dian-ying-guo.php,网络源,https://epg.pw/media/images/channel/2023/07/22/large/20230722105858673463_13.png
[HD]东莞新闻综合,https://t.freetv.fun/live/dong-wan-xin-wen-zong-he-1-1.m3u8,网络源,https://epg.pw/media/images/channel/2023/07/20/large/20230720202619100011_24.png
[VGA]东莞综合,https://t.freetv.fun/live/dong-wan-zong-he.m3u8,网络源,https://epg.pw/media/images/channel/2022/05/27/large/20220527164828443441_80.jpg
[BD]歷史,https://t.freetv.fun/live/li-shi-4.m3u8,网络源,https://epg.pw/media/images/channel/2016/01/14/large/20160114185500574121_94.jpg
[BD]影视娱乐,https://t.freetv.fun/live/ying-shi-yu-le.m3u8,网络源,https://epg.pw/media/img/logo/1_334.jpg
[BD]-汕尾综合,https://t.freetv.fun/live/shan-wei-zong-he.m3u8,网络源,https://epg.pw/media/uploads/tmp_logo/2018/10/18/20181018000557428409_85.jpg
[BD]汕尾综合高清,https://t.freetv.fun/live/shan-wei-zong-he-gao-qing.m3u8,网络源,https://epg.pw/media/uploads/tmp_logo/2018/10/18/20181018000557428409_85.jpg
[BD]汕尾综合高清,https://t.freetv.fun/live/shan-wei-zong-he-gao-qing-1.m3u8,网络源,https://epg.pw/media/uploads/tmp_logo/2018/10/18/20181018000557428409_85.jpg
[BD]汕尾综合高清,https://t.freetv.fun/live/shan-wei-zong-he-gao-qing-2.m3u8,网络源,https://epg.pw/media/uploads/tmp_logo/2018/10/18/20181018000557428409_85.jpg
[BD]汕尾综合高清,https://t.freetv.fun/live/shan-wei-zong-he-gao-qing-3.m3u8,网络源,https://epg.pw/media/uploads/tmp_logo/2018/10/18/20181018000557428409_85.jpg
[BD]汕尾综合高清,https://t.freetv.fun/live/shan-wei-zong-he-gao-qing-4.m3u8,网络源,https://epg.pw/media/uploads/tmp_logo/2018/10/18/20181018000557428409_85.jpg
[BD]汕尾综合高清,https://t.freetv.fun/live/shan-wei-zong-he-gao-qing-5.m3u8,网络源,https://epg.pw/media/uploads/tmp_logo/2018/10/18/20181018000557428409_85.jpg
[BD]汕尾综合高清,https://t.freetv.fun/live/shan-wei-zong-he-gao-qing-7.m3u8,网络源,https://epg.pw/media/uploads/tmp_logo/2018/10/18/20181018000557428409_85.jpg
[BD]汕尾综合高清,https://t.freetv.fun/live/shan-wei-zong-he-gao-qing-8.m3u8,网络源,https://epg.pw/media/uploads/tmp_logo/2018/10/18/20181018000557428409_85.jpg
[BD]汕尾综合高清,https://t.freetv.fun/live/shan-wei-zong-he-gao-qing-9.m3u8,网络源,https://epg.pw/media/uploads/tmp_logo/2018/10/18/20181018000557428409_85.jpg
[VGA]汕尾综合高清,https://t.freetv.fun/live/shan-wei-zong-he-gao-qing-11.m3u8,网络源,https://epg.pw/media/uploads/tmp_logo/2018/10/18/20181018000557428409_85.jpg
[BD]汕尾综合高清,https://t.freetv.fun/live/shan-wei-zong-he-gao-qing-12.m3u8,网络源,https://epg.pw/media/uploads/tmp_logo/2018/10/18/20181018000557428409_85.jpg
[BD]汕尾综合高清,https://t.freetv.fun/live/shan-wei-zong-he-gao-qing-14.m3u8,网络源,https://epg.pw/media/uploads/tmp_logo/2018/10/18/20181018000557428409_85.jpg
[VGA]汕尾综合高清,https://t.freetv.fun/live/shan-wei-zong-he-gao-qing-15.m3u8,网络源,https://epg.pw/media/uploads/tmp_logo/2018/10/18/20181018000557428409_85.jpg
[VGA]汕尾综合高清,https://t.freetv.fun/live/shan-wei-zong-he-gao-qing-17.m3u8,网络源,https://epg.pw/media/uploads/tmp_logo/2018/10/18/20181018000557428409_85.jpg
[VGA]汕尾综合高清,https://t.freetv.fun/live/shan-wei-zong-he-gao-qing-22.m3u8,网络源,https://epg.pw/media/uploads/tmp_logo/2018/10/18/20181018000557428409_85.jpg
[BD]汕尾综合高清,https://t.freetv.fun/live/shan-wei-zong-he-gao-qing-23.m3u8,网络源,https://epg.pw/media/uploads/tmp_logo/2018/10/18/20181018000557428409_85.jpg
[BD]汕尾综合高清,https://t.freetv.fun/live/shan-wei-zong-he-gao-qing-25.m3u8,网络源,https://epg.pw/media/uploads/tmp_logo/2018/10/18/20181018000557428409_85.jpg
[BD]汕尾综合高清,https://t.freetv.fun/live/shan-wei-zong-he-gao-qing-26.m3u8,网络源,https://epg.pw/media/uploads/tmp_logo/2018/10/18/20181018000557428409_85.jpg
[BD]汕尾综合高清,https://t.freetv.fun/live/shan-wei-zong-he-gao-qing-27.m3u8,网络源,https://epg.pw/media/uploads/tmp_logo/2018/10/18/20181018000557428409_85.jpg
[BD]汕尾综合高清,https://t.freetv.fun/live/shan-wei-zong-he-gao-qing-28.m3u8,网络源,https://epg.pw/media/uploads/tmp_logo/2018/10/18/20181018000557428409_85.jpg
[BD]汕尾综合高清,https://t.freetv.fun/live/shan-wei-zong-he-gao-qing-29.m3u8,网络源,https://epg.pw/media/uploads/tmp_logo/2018/10/18/20181018000557428409_85.jpg
[BD]汕尾综合高清,https://t.freetv.fun/live/shan-wei-zong-he-gao-qing-30.m3u8,网络源,https://epg.pw/media/uploads/tmp_logo/2018/10/18/20181018000557428409_85.jpg
[BD]汕头生活高清,https://t.freetv.fun/live/shan-tou-sheng-huo-gao-qing-6.m3u8,网络源,https://epg.pw/media/images/channel/2023/10/07/large/20231007180745847184_87.jpg
[VGA]汕头生活高清,https://t.freetv.fun/live/shan-tou-sheng-huo-gao-qing-18.m3u8,网络源,https://epg.pw/media/images/channel/2023/10/07/large/20231007180745847184_87.jpg
[BD]汕头综合高清,https://t.freetv.fun/live/shan-tou-zong-he-gao-qing.m3u8,网络源,https://epg.pw/media/images/channel/2023/11/01/large/20231101223003485086_27.jpg
[BD]汕头综合高清,https://t.freetv.fun/live/shan-tou-zong-he-gao-qing-4.m3u8,网络源,https://epg.pw/media/images/channel/2023/11/01/large/20231101223003485086_27.jpg
[BD]汕头综合高清,https://t.freetv.fun/live/shan-tou-zong-he-gao-qing-15.m3u8,网络源,https://epg.pw/media/images/channel/2023/11/01/large/20231101223003485086_27.jpg
[BD]汕头综合高清,https://t.freetv.fun/live/shan-tou-zong-he-gao-qing-23.m3u8,网络源,https://epg.pw/media/images/channel/2023/11/01/large/20231101223003485086_27.jpg
[VGA]公共新闻,https://t.freetv.fun/live/gong-gong-xin-wen.m3u8,网络源,https://epg.pw/media/images/channel/2022/05/30/large/20220530230145240280_53.jpg
[VGA]江苏城市,https://t.freetv.fun/live/jiang-su-cheng-shi.m3u8,网络源,https://epg.pw/media/images/channel/2022/05/30/large/20220530230012040614_78.jpg
[VGA]江苏影视,https://t.freetv.fun/live/jiang-su-ying-shi.m3u8,网络源,https://epg.pw/media/images/channel/2022/05/30/large/20220530230645676753_16.jpg
[BD]江苏影视,https://t.freetv.fun/live/jiang-su-ying-shi-1.m3u8,网络源,https://epg.pw/media/images/channel/2022/05/30/large/20220530230645676753_16.jpg
[VGA]江苏教育,https://t.freetv.fun/live/jiang-su-jiao-yu.m3u8,网络源,https://epg.pw/media/images/channel/2022/05/30/large/20220530230411135215_95.jpg
[VGA]江苏综艺,https://t.freetv.fun/live/jiang-su-zong-yi.m3u8,网络源,https://epg.pw/media/images/channel/2022/05/30/large/20220530230738460353_80.jpg
[BD]江苏卫视,https://t.freetv.fun/live/jiang-su-wei-shi-4.m3u8,网络源,https://epg.pw/media/images/channel/2022/05/30/large/20220530225651709500_84.jpg
[BD]江苏卫视,https://t.freetv.fun/live/jiang-su-wei-shi-7.m3u8,网络源,https://epg.pw/media/images/channel/2022/05/30/large/20220530225651709500_84.jpg
[BD]江苏卫视,https://t.freetv.fun/live/jiang-su-wei-shi-16.m3u8,网络源,https://epg.pw/media/images/channel/2022/05/30/large/20220530225651709500_84.jpg
[BD]江苏卫视,https://t.freetv.fun/live/jiang-su-wei-shi-17.php,网络源,https://epg.pw/media/images/channel/2022/05/30/large/20220530225651709500_84.jpg
[BD]江苏卫视,https://t.freetv.fun/live/jiang-su-wei-shi-11.m3u8,网络源,https://epg.pw/media/images/channel/2022/05/30/large/20220530225651709500_84.jpg
[BD]江苏卫视,https://t.freetv.fun/live/jiang-su-wei-shi-13.m3u8,网络源,https://epg.pw/media/images/channel/2022/05/30/large/20220530225651709500_84.jpg
[SD]江苏卫视,https://t.freetv.fun/live/jiang-su-wei-shi-10.m3u8,网络源,https://epg.pw/media/images/channel/2022/05/30/large/20220530225651709500_84.jpg
[BD]江苏卫视,https://t.freetv.fun/live/jiang-su-wei-shi-3.php,网络源,https://epg.pw/media/images/channel/2022/05/30/large/20220530225651709500_84.jpg
[BD]江苏卫视,https://t.freetv.fun/live/jiang-su-wei-shi-30.m3u8,网络源,https://epg.pw/media/images/channel/2022/05/30/large/20220530225651709500_84.jpg
[BD]江苏卫视,https://t.freetv.fun/live/jiang-su-wei-shi-1.m3u8,网络源,https://epg.pw/media/images/channel/2022/05/30/large/20220530225651709500_84.jpg
[BD]江苏卫视,https://t.freetv.fun/live/jiang-su-wei-shi-2.m3u8,网络源,https://epg.pw/media/images/channel/2022/05/30/large/20220530225651709500_84.jpg
[BD]江苏卫视,https://t.freetv.fun/live/jiang-su-wei-shi-8.m3u8,网络源,https://epg.pw/media/images/channel/2022/05/30/large/20220530225651709500_84.jpg
[BD]江苏卫视,https://t.freetv.fun/live/jiang-su-wei-shi-9.m3u8,网络源,https://epg.pw/media/images/channel/2022/05/30/large/20220530225651709500_84.jpg
[BD]江苏卫视,https://t.freetv.fun/live/jiang-su-wei-shi-18.m3u8,网络源,https://epg.pw/media/images/channel/2022/05/30/large/20220530225651709500_84.jpg
[BD]江苏卫视,https://t.freetv.fun/live/jiang-su-wei-shi-23.m3u8,网络源,https://epg.pw/media/images/channel/2022/05/30/large/20220530225651709500_84.jpg
[BD]江苏卫视,https://t.freetv.fun/live/jiang-su-wei-shi-24.m3u8,网络源,https://epg.pw/media/images/channel/2022/05/30/large/20220530225651709500_84.jpg
[BD]江苏卫视,https://t.freetv.fun/live/jiang-su-wei-shi-26.m3u8,网络源,https://epg.pw/media/images/channel/2022/05/30/large/20220530225651709500_84.jpg
[BD]江苏卫视,https://t.freetv.fun/live/jiang-su-wei-shi-27.m3u8,网络源,https://epg.pw/media/images/channel/2022/05/30/large/20220530225651709500_84.jpg
[BD]江西卫视,https://t.freetv.fun/live/jiang-xi-wei-shi-4.m3u8,网络源,https://epg.pw/media/images/channel/2022/05/31/large/20220531144408646863_42.jpg
[BD]江西卫视,https://t.freetv.fun/live/jiang-xi-wei-shi-13.m3u8,网络源,https://epg.pw/media/images/channel/2022/05/31/large/20220531144408646863_42.jpg
[BD]江西卫视,https://t.freetv.fun/live/jiang-xi-wei-shi-14.m3u8,网络源,https://epg.pw/media/images/channel/2022/05/31/large/20220531144408646863_42.jpg
[BD]江西卫视,https://t.freetv.fun/live/jiang-xi-wei-shi-1.m3u8,网络源,https://epg.pw/media/images/channel/2022/05/31/large/20220531144408646863_42.jpg
[BD]江西卫视,https://t.freetv.fun/live/jiang-xi-wei-shi-6.m3u8,网络源,https://epg.pw/media/images/channel/2022/05/31/large/20220531144408646863_42.jpg
[HD]江西卫视,https://t.freetv.fun/live/jiang-xi-wei-shi-22.m3u8,网络源,https://epg.pw/media/images/channel/2022/05/31/large/20220531144408646863_42.jpg
[BD]江西卫视,https://t.freetv.fun/live/jiang-xi-wei-shi-24.php,网络源,https://epg.pw/media/images/channel/2022/05/31/large/20220531144408646863_42.jpg
[BD]江西卫视,https://t.freetv.fun/live/jiang-xi-wei-shi-26.m3u8,网络源,https://epg.pw/media/images/channel/2022/05/31/large/20220531144408646863_42.jpg
[BD]江西卫视,https://t.freetv.fun/live/jiang-xi-wei-shi-27.m3u8,网络源,https://epg.pw/media/images/channel/2022/05/31/large/20220531144408646863_42.jpg
[BD]江西卫视,https://t.freetv.fun/live/jiang-xi-wei-shi-29.m3u8,网络源,https://epg.pw/media/images/channel/2022/05/31/large/20220531144408646863_42.jpg
[BD]江西卫视,https://t.freetv.fun/live/jiang-xi-wei-shi-30.m3u8,网络源,https://epg.pw/media/images/channel/2022/05/31/large/20220531144408646863_42.jpg
[BD]江西卫视,https://t.freetv.fun/live/jiang-xi-wei-shi-31.m3u8,网络源,https://epg.pw/media/images/channel/2022/05/31/large/20220531144408646863_42.jpg
[HD]江西卫视,https://t.freetv.fun/live/jiang-xi-wei-shi-32.m3u8,网络源,https://epg.pw/media/images/channel/2022/05/31/large/20220531144408646863_42.jpg
[BD]江西卫视,https://t.freetv.fun/live/jiang-xi-wei-shi-33.php,网络源,https://epg.pw/media/images/channel/2022/05/31/large/20220531144408646863_42.jpg
[SD]江西卫视,https://t.freetv.fun/live/jiang-xi-wei-shi-16.m3u8,网络源,https://epg.pw/media/images/channel/2022/05/31/large/20220531144408646863_42.jpg
[BD]江西卫视,https://t.freetv.fun/live/jiang-xi-wei-shi-28.m3u8,网络源,https://epg.pw/media/images/channel/2022/05/31/large/20220531144408646863_42.jpg
[BD]江西卫视,https://t.freetv.fun/live/jiang-xi-wei-shi-9.m3u8,网络源,https://epg.pw/media/images/channel/2022/05/31/large/20220531144408646863_42.jpg
[BD]江西卫视,https://t.freetv.fun/live/jiang-xi-wei-shi-10.m3u8,网络源,https://epg.pw/media/images/channel/2022/05/31/large/20220531144408646863_42.jpg
[HD]淮北经济生活,https://t.freetv.fun/live/huai-bei-jing-ji-sheng-huo-1.flv,网络源,https://epg.pw/media/images/channel/2022/05/31/large/20220531150116203512_52.jpg
[BD]河北卫视,https://t.freetv.fun/live/he-bei-wei-shi-12.m3u8,网络源,https://epg.pw/media/images/channel/2022/05/31/large/20220531145616881844_72.jpg
[BD]河北卫视,https://t.freetv.fun/live/he-bei-wei-shi-3.php,网络源,https://epg.pw/media/images/channel/2022/05/31/large/20220531145616881844_72.jpg
[BD]河北卫视,https://t.freetv.fun/live/he-bei-wei-shi-21.m3u8,网络源,https://epg.pw/media/images/channel/2022/05/31/large/20220531145616881844_72.jpg
[BD]河北卫视,https://t.freetv.fun/live/he-bei-wei-shi-2.m3u8,网络源,https://epg.pw/media/images/channel/2022/05/31/large/20220531145616881844_72.jpg
[BD]河北卫视,https://t.freetv.fun/live/he-bei-wei-shi-4.m3u8,网络源,https://epg.pw/media/images/channel/2022/05/31/large/20220531145616881844_72.jpg
[SD]河北卫视,https://t.freetv.fun/live/he-bei-wei-shi-6.m3u8,网络源,https://epg.pw/media/images/channel/2022/05/31/large/20220531145616881844_72.jpg
[BD]河北卫视,https://t.freetv.fun/live/he-bei-wei-shi-7.m3u8,网络源,https://epg.pw/media/images/channel/2022/05/31/large/20220531145616881844_72.jpg
[VGA]河北卫视,https://t.freetv.fun/live/he-bei-wei-shi-8.m3u8,网络源,https://epg.pw/media/images/channel/2022/05/31/large/20220531145616881844_72.jpg
[BD]河北卫视,https://t.freetv.fun/live/he-bei-wei-shi-9.m3u8,网络源,https://epg.pw/media/images/channel/2022/05/31/large/20220531145616881844_72.jpg
[BD]河北卫视,https://t.freetv.fun/live/he-bei-wei-shi-11.m3u8,网络源,https://epg.pw/media/images/channel/2022/05/31/large/20220531145616881844_72.jpg
[HD]河北卫视,https://t.freetv.fun/live/he-bei-wei-shi-14.m3u8,网络源,https://epg.pw/media/images/channel/2022/05/31/large/20220531145616881844_72.jpg
[BD]河北卫视,https://t.freetv.fun/live/he-bei-wei-shi-18.m3u8,网络源,https://epg.pw/media/images/channel/2022/05/31/large/20220531145616881844_72.jpg
[SD]河北卫视,https://t.freetv.fun/live/he-bei-wei-shi-20.m3u8,网络源,https://epg.pw/media/images/channel/2022/05/31/large/20220531145616881844_72.jpg
[SD]河北卫视,https://t.freetv.fun/live/he-bei-wei-shi-22.m3u8,网络源,https://epg.pw/media/images/channel/2022/05/31/large/20220531145616881844_72.jpg
[SD]河北卫视,https://t.freetv.fun/live/he-bei-wei-shi-23.m3u8,网络源,https://epg.pw/media/images/channel/2022/05/31/large/20220531145616881844_72.jpg
[SD]河北卫视,https://t.freetv.fun/live/he-bei-wei-shi-24.m3u8,网络源,https://epg.pw/media/images/channel/2022/05/31/large/20220531145616881844_72.jpg
[SD]河北卫视,https://t.freetv.fun/live/he-bei-wei-shi-25.m3u8,网络源,https://epg.pw/media/images/channel/2022/05/31/large/20220531145616881844_72.jpg
[BD]河北卫视,https://t.freetv.fun/live/he-bei-wei-shi-27.php,网络源,https://epg.pw/media/images/channel/2022/05/31/large/20220531145616881844_72.jpg
[BD]河北卫视,https://t.freetv.fun/live/he-bei-wei-shi-28.m3u8,网络源,https://epg.pw/media/images/channel/2022/05/31/large/20220531145616881844_72.jpg
[HD]河北卫视,https://t.freetv.fun/live/he-bei-wei-shi-29.m3u8,网络源,https://epg.pw/media/images/channel/2022/05/31/large/20220531145616881844_72.jpg
[HD]河北卫视,https://t.freetv.fun/live/he-bei-wei-shi-30.m3u8,网络源,https://epg.pw/media/images/channel/2022/05/31/large/20220531145616881844_72.jpg
[SD]河北 *b,https://t.freetv.fun/live/he-bei-b.m3u8,网络源,https://epg.pw/media/images/channel/2022/05/31/large/20220531145616881844_72.jpg
[BD]河南公共,https://t.freetv.fun/live/he-nan-gong-gong.m3u8,网络源,https://epg.pw/media/images/channel/2022/05/31/large/20220531143142546670_12.jpg
[BD]河南卫视,https://t.freetv.fun/live/he-nan-wei-shi.m3u8,网络源,https://epg.pw/media/images/channel/2022/05/30/large/20220530233814283449_10.jpg
[SD]河南卫视,https://t.freetv.fun/live/he-nan-wei-shi-1.m3u8,网络源,https://epg.pw/media/images/channel/2022/05/30/large/20220530233814283449_10.jpg
[BD]河南卫视,https://t.freetv.fun/live/he-nan-wei-shi-2.m3u8,网络源,https://epg.pw/media/images/channel/2022/05/30/large/20220530233814283449_10.jpg
[BD]河南卫视,https://t.freetv.fun/live/he-nan-wei-shi-3.m3u8,网络源,https://epg.pw/media/images/channel/2022/05/30/large/20220530233814283449_10.jpg
[BD]河南卫视,https://t.freetv.fun/live/he-nan-wei-shi-11.m3u8,网络源,https://epg.pw/media/images/channel/2022/05/30/large/20220530233814283449_10.jpg
[SD]河南卫视,https://t.freetv.fun/live/he-nan-wei-shi-14.m3u8,网络源,https://epg.pw/media/images/channel/2022/05/30/large/20220530233814283449_10.jpg
[BD]河南卫视,https://t.freetv.fun/live/he-nan-wei-shi-25.m3u8,网络源,https://epg.pw/media/images/channel/2022/05/30/large/20220530233814283449_10.jpg
[BD]河南卫视,https://t.freetv.fun/live/he-nan-wei-shi-28.m3u8,网络源,https://epg.pw/media/images/channel/2022/05/30/large/20220530233814283449_10.jpg
[BD]河南卫视,https://t.freetv.fun/live/he-nan-wei-shi-36.m3u8,网络源,https://epg.pw/media/images/channel/2022/05/30/large/20220530233814283449_10.jpg
[SD]河南卫视,https://t.freetv.fun/live/he-nan-wei-shi-42.m3u8,网络源,https://epg.pw/media/images/channel/2022/05/30/large/20220530233814283449_10.jpg
[BD]河南卫视,https://t.freetv.fun/live/he-nan-wei-shi-4.m3u8,网络源,https://epg.pw/media/images/channel/2022/05/30/large/20220530233814283449_10.jpg
[BD]河南卫视,https://t.freetv.fun/live/he-nan-wei-shi-5.m3u8,网络源,https://epg.pw/media/images/channel/2022/05/30/large/20220530233814283449_10.jpg
[BD]河南卫视,https://t.freetv.fun/live/he-nan-wei-shi-6.m3u8,网络源,https://epg.pw/media/images/channel/2022/05/30/large/20220530233814283449_10.jpg
[BD]河南卫视,https://t.freetv.fun/live/he-nan-wei-shi-7.m3u8,网络源,https://epg.pw/media/images/channel/2022/05/30/large/20220530233814283449_10.jpg
[BD]河南卫视,https://t.freetv.fun/live/he-nan-wei-shi-12.m3u8,网络源,https://epg.pw/media/images/channel/2022/05/30/large/20220530233814283449_10.jpg
[BD]河南卫视,https://t.freetv.fun/live/he-nan-wei-shi-13.php,网络源,https://epg.pw/media/images/channel/2022/05/30/large/20220530233814283449_10.jpg
[SD]河南卫视,https://t.freetv.fun/live/he-nan-wei-shi-17.m3u8,网络源,https://epg.pw/media/images/channel/2022/05/30/large/20220530233814283449_10.jpg
[BD]河南卫视,https://t.freetv.fun/live/he-nan-wei-shi-18.m3u8,网络源,https://epg.pw/media/images/channel/2022/05/30/large/20220530233814283449_10.jpg
[BD]河南卫视,https://t.freetv.fun/live/he-nan-wei-shi-20.m3u8,网络源,https://epg.pw/media/images/channel/2022/05/30/large/20220530233814283449_10.jpg
[SD]河南卫视,https://t.freetv.fun/live/he-nan-wei-shi-27.m3u8,网络源,https://epg.pw/media/images/channel/2022/05/30/large/20220530233814283449_10.jpg
[SD]河南卫视,https://t.freetv.fun/live/he-nan-wei-shi-29.m3u8,网络源,https://epg.pw/media/images/channel/2022/05/30/large/20220530233814283449_10.jpg
[BD]河南卫视,https://t.freetv.fun/live/he-nan-wei-shi-31.m3u8,网络源,https://epg.pw/media/images/channel/2022/05/30/large/20220530233814283449_10.jpg
[BD]河南卫视,https://t.freetv.fun/live/he-nan-wei-shi-33.php,网络源,https://epg.pw/media/images/channel/2022/05/30/large/20220530233814283449_10.jpg
[BD]河南卫视,https://t.freetv.fun/live/he-nan-wei-shi-39.m3u8,网络源,https://epg.pw/media/images/channel/2022/05/30/large/20220530233814283449_10.jpg
[SD]河南卫视,https://t.freetv.fun/live/he-nan-wei-shi-43.m3u8,网络源,https://epg.pw/media/images/channel/2022/05/30/large/20220530233814283449_10.jpg
[VGA]河南卫视,https://t.freetv.fun/live/he-nan-wei-shi-52.m3u8,网络源,https://epg.pw/media/images/channel/2022/05/30/large/20220530233814283449_10.jpg
[BD]泰州经济生活,https://t.freetv.fun/live/tai-zhou-jing-ji-sheng-huo.m3u8,网络源,https://epg.pw/media/images/channel/2024/03/13/large/20240313193437771214_23.png
[VGA]泰州新闻综合,https://t.freetv.fun/live/tai-zhou-xin-wen-zong-he-1.m3u8,网络源,https://epg.pw/media/images/channel/2024/03/13/large/20240313193123214948_88.png
[VGA]浙江国际频道,https://t.freetv.fun/live/zhe-jiang-guo-ji-pin-dao.m3u8,网络源,https://epg.pw/media/images/channel/2022/05/01/large/20220501233500757287_70.png
[BD]浙江少儿,https://t.freetv.fun/live/zhe-jiang-shao-er-1.m3u8,网络源,https://epg.pw/media/images/channel/2022/05/30/large/20220530221145480622_53.jpg
[BD]浙江少儿,https://t.freetv.fun/live/zhe-jiang-shao-er-12.m3u8,网络源,https://epg.pw/media/images/channel/2023/07/19/large/20230719123643125638_97.jpg
[HD]浙江休闲,https://t.freetv.fun/live/zhe-jiang-xiu-xian.m3u8,网络源,https://epg.pw/media/images/channel/2022/05/30/large/20220530221028154749_27.jpg
[VGA]浙江｜平湖民生休闲,https://t.freetv.fun/live/zhe-jiang-ping-hu-min-sheng-xiu-xian.m3u8,网络源,https://epg.pw/media/images/channel/2022/05/30/large/20220530221028154749_27.jpg
[VGA]浙江休闲,https://t.freetv.fun/live/zhe-jiang-xiu-xian-1.m3u8,网络源,https://epg.pw/media/images/channel/2022/05/30/large/20220530221028154749_27.jpg
[HD]浙江卫视,https://t.freetv.fun/live/zhe-jiang-wei-shi-3.m3u8,网络源,https://epg.pw/media/images/channel/2024/03/11/large/20240311112431672505_47.png
[BD]浙江卫视,https://t.freetv.fun/live/zhe-jiang-wei-shi-4.m3u8,网络源,https://epg.pw/media/images/channel/2024/03/11/large/20240311112431672505_47.png
[BD]浙江卫视,https://t.freetv.fun/live/zhe-jiang-wei-shi-5.m3u8,网络源,https://epg.pw/media/images/channel/2024/03/11/large/20240311112431672505_47.png
[BD]浙江卫视,https://t.freetv.fun/live/zhe-jiang-wei-shi-11.m3u8,网络源,https://epg.pw/media/images/channel/2024/03/11/large/20240311112431672505_47.png
[BD]浙江卫视,https://t.freetv.fun/live/zhe-jiang-wei-shi-14.m3u8,网络源,https://epg.pw/media/images/channel/2024/03/11/large/20240311112431672505_47.png
[SD]浙江卫视,https://t.freetv.fun/live/zhe-jiang-wei-shi-16.m3u8,网络源,https://epg.pw/media/images/channel/2024/03/11/large/20240311112431672505_47.png
[BD]浙江卫视,https://t.freetv.fun/live/zhe-jiang-wei-shi-21.m3u8,网络源,https://epg.pw/media/images/channel/2024/03/11/large/20240311112431672505_47.png
[BD]浙江卫视,https://t.freetv.fun/live/zhe-jiang-wei-shi-2-1.m3u8,网络源,https://epg.pw/media/images/channel/2024/03/11/large/20240311112431672505_47.png
[BD]浙江卫视,https://t.freetv.fun/live/zhe-jiang-wei-shi-15-1.m3u8,网络源,https://epg.pw/media/images/channel/2024/03/11/large/20240311112431672505_47.png
[BD]浙江卫视,https://t.freetv.fun/live/zhe-jiang-wei-shi-12.m3u8,网络源,https://epg.pw/media/images/channel/2024/03/11/large/20240311112431672505_47.png
[BD]浙江卫视,https://t.freetv.fun/live/zhe-jiang-wei-shi.m3u8,网络源,https://epg.pw/media/images/channel/2024/03/11/large/20240311112431672505_47.png
[BD]浙江卫视,https://t.freetv.fun/live/zhe-jiang-wei-shi-30.m3u8,网络源,https://epg.pw/media/images/channel/2024/03/11/large/20240311112431672505_47.png
[VGA]浙江卫视,https://t.freetv.fun/live/zhe-jiang-wei-shi-31.m3u8,网络源,https://epg.pw/media/images/channel/2024/03/11/large/20240311112431672505_47.png
[BD]浙江卫视,https://t.freetv.fun/live/zhe-jiang-wei-shi-40.m3u8,网络源,https://epg.pw/media/images/channel/2024/03/11/large/20240311112431672505_47.png
[BD]浙江卫视,https://t.freetv.fun/live/zhe-jiang-wei-shi-18.m3u8,网络源,https://epg.pw/media/images/channel/2024/03/11/large/20240311112431672505_47.png
[VGA]浙江卫视,https://t.freetv.fun/live/zhe-jiang-wei-shi-23.m3u8,网络源,https://epg.pw/media/images/channel/2024/03/11/large/20240311112431672505_47.png
[BD]浙江卫视,https://t.freetv.fun/live/zhe-jiang-wei-shi-7.m3u8,网络源,https://epg.pw/media/images/channel/2024/03/11/large/20240311112431672505_47.png
[BD]浙江卫视,https://t.freetv.fun/live/zhe-jiang-wei-shi-9.m3u8,网络源,https://epg.pw/media/images/channel/2024/03/11/large/20240311112431672505_47.png
[BD]浙江卫视,https://t.freetv.fun/live/zhe-jiang-wei-shi-10.m3u8,网络源,https://epg.pw/media/images/channel/2024/03/11/large/20240311112431672505_47.png
[BD]浙江卫视,https://t.freetv.fun/live/zhe-jiang-wei-shi-13.m3u8,网络源,https://epg.pw/media/images/channel/2024/03/11/large/20240311112431672505_47.png
[BD]浙江卫视,https://t.freetv.fun/live/zhe-jiang-wei-shi-19.m3u8,网络源,https://epg.pw/media/images/channel/2024/03/11/large/20240311112431672505_47.png
[BD]浙江卫视,https://t.freetv.fun/live/zhe-jiang-wei-shi-24.m3u8,网络源,https://epg.pw/media/images/channel/2024/03/11/large/20240311112431672505_47.png
[BD]浙江卫视,https://t.freetv.fun/live/zhe-jiang-wei-shi-25.m3u8,网络源,https://epg.pw/media/images/channel/2024/03/11/large/20240311112431672505_47.png
[VGA]浙江卫视,https://t.freetv.fun/live/zhe-jiang-wei-shi-26.m3u8,网络源,https://epg.pw/media/images/channel/2024/03/11/large/20240311112431672505_47.png
[SD]浙江卫视,https://t.freetv.fun/live/zhe-jiang-wei-shi-27.m3u8,网络源,https://epg.pw/media/images/channel/2024/03/11/large/20240311112431672505_47.png
[SD]浙江卫视,https://t.freetv.fun/live/zhe-jiang-wei-shi-28.m3u8,网络源,https://epg.pw/media/images/channel/2024/03/11/large/20240311112431672505_47.png
[SD]浙江卫视,https://t.freetv.fun/live/zhe-jiang-wei-shi-32.m3u8,网络源,https://epg.pw/media/images/channel/2024/03/11/large/20240311112431672505_47.png
[VGA]浙江钱江,https://t.freetv.fun/live/zhe-jiang-qian-jiang-5.m3u8,网络源,https://epg.pw/media/images/channel/2023/07/19/large/20230719123520355179_33.jpg
[BD]海南卫视,https://t.freetv.fun/live/hai-nan-wei-shi.m3u8,网络源,https://epg.pw/media/images/channel/2021/09/13/large/20210913004059839717_73.png
[BD]海南卫视,https://t.freetv.fun/live/hai-nan-wei-shi-1.m3u8,网络源,https://epg.pw/media/images/channel/2021/09/13/large/20210913004059839717_73.png
[BD]海南卫视,https://t.freetv.fun/live/hai-nan-wei-shi-6.m3u8,网络源,https://epg.pw/media/images/channel/2021/09/13/large/20210913004059839717_73.png
[SD]海南卫视,https://t.freetv.fun/live/hai-nan-wei-shi-8.m3u8,网络源,https://epg.pw/media/images/channel/2021/09/13/large/20210913004059839717_73.png
[SD]海南卫视,https://t.freetv.fun/live/hai-nan-wei-shi-12.m3u8,网络源,https://epg.pw/media/images/channel/2021/09/13/large/20210913004059839717_73.png
[BD]海南卫视,https://t.freetv.fun/live/hai-nan-wei-shi-5.m3u8,网络源,https://epg.pw/media/images/channel/2021/09/13/large/20210913004059839717_73.png
[SD]海南卫视,https://t.freetv.fun/live/hai-nan-wei-shi-4.m3u8,网络源,https://epg.pw/media/images/channel/2021/09/13/large/20210913004059839717_73.png
[BD]海南卫视,https://t.freetv.fun/live/hai-nan-wei-shi-9.m3u8,网络源,https://epg.pw/media/images/channel/2021/09/13/large/20210913004059839717_73.png
[SD]海南卫视,https://t.freetv.fun/live/hai-nan-wei-shi-10.m3u8,网络源,https://epg.pw/media/images/channel/2021/09/13/large/20210913004059839717_73.png
[BD]海南卫视,https://t.freetv.fun/live/hai-nan-wei-shi-13.m3u8,网络源,https://epg.pw/media/images/channel/2021/09/13/large/20210913004059839717_73.png
[SD]海南卫视,https://t.freetv.fun/live/hai-nan-wei-shi-14.m3u8,网络源,https://epg.pw/media/images/channel/2021/09/13/large/20210913004059839717_73.png
[VGA]海南卫视,https://t.freetv.fun/live/hai-nan-wei-shi-16.m3u8,网络源,https://epg.pw/media/images/channel/2021/09/13/large/20210913004059839717_73.png
[HD]海南卫视,https://t.freetv.fun/live/hai-nan-wei-shi-17.m3u8,网络源,https://epg.pw/media/images/channel/2021/09/13/large/20210913004059839717_73.png
[SD]海南卫视,https://t.freetv.fun/live/hai-nan-wei-shi-18.m3u8,网络源,https://epg.pw/media/images/channel/2021/09/13/large/20210913004059839717_73.png
[BD]海南卫视,https://t.freetv.fun/live/hai-nan-wei-shi-19.php,网络源,https://epg.pw/media/images/channel/2021/09/13/large/20210913004059839717_73.png
[BD]乌海新闻综合,https://t.freetv.fun/live/wu-hai-xin-wen-zong-he-1.m3u8,网络源,https://epg.pw/media/images/channel/2022/10/24/large/20221024210537367215_35.jpg
[VGA]海峡卫视,https://t.freetv.fun/live/hai-xia-wei-shi-2.m3u8,网络源,https://epg.pw/media/images/channel/2025/01/28/large/20250128060839855238_81.jpg
[BD]淮北矿业新闻综合,https://t.freetv.fun/live/huai-bei-kuang-ye-xin-wen-zong-he.m3u8,网络源,https://epg.pw/media/images/channel/2023/07/20/large/20230720194141586054_69.png
[BD]深圳卫视,https://t.freetv.fun/live/shen-zhen-wei-shi-9.m3u8,网络源,https://epg.pw/media/images/channel/2024/03/11/large/20240311112310613998_63.png
[BD]深圳卫视,https://t.freetv.fun/live/shen-zhen-wei-shi-20.m3u8,网络源,https://epg.pw/media/images/channel/2024/03/11/large/20240311112310613998_63.png
[BD]深圳卫视,https://t.freetv.fun/live/shen-zhen-wei-shi-26.m3u8,网络源,https://epg.pw/media/images/channel/2024/03/11/large/20240311112310613998_63.png
[BD]深圳卫视,https://t.freetv.fun/live/shen-zhen-wei-shi-19.php,网络源,https://epg.pw/media/images/channel/2024/03/11/large/20240311112310613998_63.png
[BD]深圳卫视,https://t.freetv.fun/live/shen-zhen-wei-shi-2.m3u8,网络源,https://epg.pw/media/images/channel/2024/03/11/large/20240311112310613998_63.png
[HD]深圳卫视,https://t.freetv.fun/live/shen-zhen-wei-shi-3.m3u8,网络源,https://epg.pw/media/images/channel/2024/03/11/large/20240311112310613998_63.png
[SD]深圳卫视,https://t.freetv.fun/live/shen-zhen-wei-shi-4.m3u8,网络源,https://epg.pw/media/images/channel/2024/03/11/large/20240311112310613998_63.png
[VGA]深圳卫视,https://t.freetv.fun/live/shen-zhen-wei-shi-10.m3u8,网络源,https://epg.pw/media/images/channel/2024/03/11/large/20240311112310613998_63.png
[BD]深圳卫视,https://t.freetv.fun/live/shen-zhen-wei-shi-12.m3u8,网络源,https://epg.pw/media/images/channel/2024/03/11/large/20240311112310613998_63.png
[BD]深圳卫视,https://t.freetv.fun/live/shen-zhen-wei-shi-13.m3u8,网络源,https://epg.pw/media/images/channel/2024/03/11/large/20240311112310613998_63.png
[BD]深圳卫视,https://t.freetv.fun/live/shen-zhen-wei-shi-15.m3u8,网络源,https://epg.pw/media/images/channel/2024/03/11/large/20240311112310613998_63.png
[BD]深圳卫视,https://t.freetv.fun/live/shen-zhen-wei-shi-21.m3u8,网络源,https://epg.pw/media/images/channel/2024/03/11/large/20240311112310613998_63.png
[BD]深圳卫视,https://t.freetv.fun/live/shen-zhen-wei-shi-22.m3u8,网络源,https://epg.pw/media/images/channel/2024/03/11/large/20240311112310613998_63.png
[BD]深圳卫视,https://t.freetv.fun/live/shen-zhen-wei-shi-23.m3u8,网络源,https://epg.pw/media/images/channel/2024/03/11/large/20240311112310613998_63.png
[BD]深圳卫视,https://t.freetv.fun/live/shen-zhen-wei-shi-24.m3u8,网络源,https://epg.pw/media/images/channel/2024/03/11/large/20240311112310613998_63.png
[BD]深圳卫视,https://t.freetv.fun/live/shen-zhen-wei-shi-25.m3u8,网络源,https://epg.pw/media/images/channel/2024/03/11/large/20240311112310613998_63.png
[BD]深圳卫视,https://t.freetv.fun/live/shen-zhen-wei-shi-30.m3u8,网络源,https://epg.pw/media/images/channel/2024/03/11/large/20240311112310613998_63.png
[BD]深圳卫视,https://t.freetv.fun/live/shen-zhen-wei-shi-31.php,网络源,https://epg.pw/media/images/channel/2024/03/11/large/20240311112310613998_63.png
[BD]深圳卫视,https://t.freetv.fun/live/shen-zhen-wei-shi-32.m3u8,网络源,https://epg.pw/media/images/channel/2024/03/11/large/20240311112310613998_63.png
[BD]深圳卫视,https://t.freetv.fun/live/shen-zhen-wei-shi-33.m3u8,网络源,https://epg.pw/media/images/channel/2024/03/11/large/20240311112310613998_63.png
[BD]深圳卫视,https://t.freetv.fun/live/shen-zhen-wei-shi-34.m3u8,网络源,https://epg.pw/media/images/channel/2024/03/11/large/20240311112310613998_63.png
[BD]深圳卫视,https://t.freetv.fun/live/shen-zhen-wei-shi-35.m3u8,网络源,https://epg.pw/media/images/channel/2024/03/11/large/20240311112310613998_63.png
[BD]深圳卫视,https://t.freetv.fun/live/shen-zhen-wei-shi-37.m3u8,网络源,https://epg.pw/media/images/channel/2024/03/11/large/20240311112310613998_63.png
[BD]深圳卫视,https://t.freetv.fun/live/shen-zhen-wei-shi-38.m3u8,网络源,https://epg.pw/media/images/channel/2024/03/11/large/20240311112310613998_63.png
[BD]深圳卫视,https://t.freetv.fun/live/shen-zhen-wei-shi-39.m3u8,网络源,https://epg.pw/media/images/channel/2024/03/11/large/20240311112310613998_63.png
[BD]深圳都市,https://t.freetv.fun/live/shen-zhen-du-shi.m3u8,网络源,https://epg.pw/media/images/channel/2022/05/19/large/20220519234446820820_32.jpg
[BD]深圳都市,https://t.freetv.fun/live/shen-zhen-du-shi-1.m3u8,网络源,https://epg.pw/media/images/channel/2022/05/19/large/20220519234446820820_32.jpg
[VGA]深圳电视,https://t.freetv.fun/live/shen-zhen-dian-shi.m3u8,网络源,https://epg.pw/media/images/channel/2022/05/19/large/20220519234321215989_39.jpg
[HD]深圳电视剧,https://t.freetv.fun/live/shen-zhen-dian-shi-ju.m3u8,网络源,https://epg.pw/media/images/channel/2022/05/19/large/20220519234321215989_39.jpg
[BD]湖北影视,https://t.freetv.fun/live/hu-bei-ying-shi-1.m3u8,网络源,https://epg.pw/media/images/channel/2022/05/30/large/20220530222641595873_44.jpg
[BD]湖北影视,https://t.freetv.fun/live/hu-bei-ying-shi.m3u8,网络源,https://epg.pw/media/images/channel/2022/05/30/large/20220530222641595873_44.jpg
[BD]湖北卫视,https://t.freetv.fun/live/hu-bei-wei-shi-15.php,网络源,https://epg.pw/media/images/channel/2017/01/08/large/20170108220858481970_23.jpg
[BD]湖北卫视,https://t.freetv.fun/live/hu-bei-wei-shi-17.php,网络源,https://epg.pw/media/images/channel/2017/01/08/large/20170108220858481970_23.jpg
[BD]湖北卫视,https://t.freetv.fun/live/hu-bei-wei-shi-18.m3u8,网络源,https://epg.pw/media/images/channel/2017/01/08/large/20170108220858481970_23.jpg
[VGA]湖北卫视,https://t.freetv.fun/live/hu-bei-wei-shi-7.m3u8,网络源,https://epg.pw/media/images/channel/2017/01/08/large/20170108220858481970_23.jpg
[BD]湖北卫视,https://t.freetv.fun/live/hu-bei-wei-shi-5.m3u8,网络源,https://epg.pw/media/images/channel/2017/01/08/large/20170108220858481970_23.jpg
[SD]湖北卫视,https://t.freetv.fun/live/hu-bei-wei-shi-9.m3u8,网络源,https://epg.pw/media/images/channel/2017/01/08/large/20170108220858481970_23.jpg
[BD]湖北卫视,https://t.freetv.fun/live/hu-bei-wei-shi-11.m3u8,网络源,https://epg.pw/media/images/channel/2017/01/08/large/20170108220858481970_23.jpg
[VGA]湖北卫视,https://t.freetv.fun/live/hu-bei-wei-shi-12.m3u8,网络源,https://epg.pw/media/images/channel/2017/01/08/large/20170108220858481970_23.jpg
[BD]湖北卫视,https://t.freetv.fun/live/hu-bei-wei-shi-14.m3u8,网络源,https://epg.pw/media/images/channel/2017/01/08/large/20170108220858481970_23.jpg
[HD]湖北卫视,https://t.freetv.fun/live/hu-bei-wei-shi-21.m3u8,网络源,https://epg.pw/media/images/channel/2017/01/08/large/20170108220858481970_23.jpg
[BD]湖北卫视,https://t.freetv.fun/live/hu-bei-wei-shi-23.m3u8,网络源,https://epg.pw/media/images/channel/2017/01/08/large/20170108220858481970_23.jpg
[BD]湖北卫视,https://t.freetv.fun/live/hu-bei-wei-shi-24.m3u8,网络源,https://epg.pw/media/images/channel/2017/01/08/large/20170108220858481970_23.jpg
[BD]湖北卫视,https://t.freetv.fun/live/hu-bei-wei-shi-25.m3u8,网络源,https://epg.pw/media/images/channel/2017/01/08/large/20170108220858481970_23.jpg
[BD]湖北卫视,https://t.freetv.fun/live/hu-bei-wei-shi-26.m3u8,网络源,https://epg.pw/media/images/channel/2017/01/08/large/20170108220858481970_23.jpg
[BD]湖北卫视,https://t.freetv.fun/live/hu-bei-wei-shi-27.m3u8,网络源,https://epg.pw/media/images/channel/2017/01/08/large/20170108220858481970_23.jpg
[BD]湖北卫视,https://t.freetv.fun/live/hu-bei-wei-shi-28.m3u8,网络源,https://epg.pw/media/images/channel/2017/01/08/large/20170108220858481970_23.jpg
[VGA]湖北卫视,https://t.freetv.fun/live/hu-bei-wei-shi-29.m3u8,网络源,https://epg.pw/media/images/channel/2017/01/08/large/20170108220858481970_23.jpg
[BD]湖北卫视,https://t.freetv.fun/live/hu-bei-wei-shi-32.m3u8,网络源,https://epg.pw/media/images/channel/2017/01/08/large/20170108220858481970_23.jpg
[BD]湖南卫视,https://t.freetv.fun/live/hu-nan-wei-shi-1.m3u8,网络源,https://epg.pw/media/images/channel/2024/03/11/large/20240311111749846409_90.png
[BD]湖南卫视,https://t.freetv.fun/live/hu-nan-wei-shi-3.m3u8,网络源,https://epg.pw/media/images/channel/2024/03/11/large/20240311111749846409_90.png
[BD]湖南卫视,https://t.freetv.fun/live/hu-nan-wei-shi-5.m3u8,网络源,https://epg.pw/media/images/channel/2024/03/11/large/20240311111749846409_90.png
[SD]湖南卫视,https://t.freetv.fun/live/hu-nan-wei-shi-6.m3u8,网络源,https://epg.pw/media/images/channel/2024/03/11/large/20240311111749846409_90.png
[BD]湖南卫视,https://t.freetv.fun/live/hu-nan-wei-shi-8.m3u8,网络源,https://epg.pw/media/images/channel/2024/03/11/large/20240311111749846409_90.png
[BD]湖南卫视,https://t.freetv.fun/live/hu-nan-wei-shi-11.m3u8,网络源,https://epg.pw/media/images/channel/2024/03/11/large/20240311111749846409_90.png
[BD]湖南卫视,https://t.freetv.fun/live/hu-nan-wei-shi-12.m3u8,网络源,https://epg.pw/media/images/channel/2024/03/11/large/20240311111749846409_90.png
[BD]湖南卫视,https://t.freetv.fun/live/hu-nan-wei-shi-2.m3u8,网络源,https://epg.pw/media/images/channel/2024/03/11/large/20240311111749846409_90.png
[BD]湖南卫视,https://t.freetv.fun/live/hu-nan-wei-shi-19.m3u8,网络源,https://epg.pw/media/images/channel/2024/03/11/large/20240311111749846409_90.png
[BD]湖南卫视,https://t.freetv.fun/live/hu-nan-wei-shi-14.m3u8,网络源,https://epg.pw/media/images/channel/2024/03/11/large/20240311111749846409_90.png
[HD]湖南卫视,https://t.freetv.fun/live/hu-nan-wei-shi.m3u8,网络源,https://epg.pw/media/images/channel/2024/03/11/large/20240311111749846409_90.png
[BD]湖南卫视,https://t.freetv.fun/live/hu-nan-wei-shi-4.m3u8,网络源,https://epg.pw/media/images/channel/2024/03/11/large/20240311111749846409_90.png
[BD]湖南卫视,https://t.freetv.fun/live/hu-nan-wei-shi-7.m3u8,网络源,https://epg.pw/media/images/channel/2024/03/11/large/20240311111749846409_90.png
[SD]湖南卫视,https://t.freetv.fun/live/hu-nan-wei-shi-9.m3u8,网络源,https://epg.pw/media/images/channel/2024/03/11/large/20240311111749846409_90.png
[VGA]湖南卫视,https://t.freetv.fun/live/hu-nan-wei-shi-10.m3u8,网络源,https://epg.pw/media/images/channel/2024/03/11/large/20240311111749846409_90.png
[HD]湖南卫视,https://t.freetv.fun/live/hu-nan-wei-shi-13.m3u8,网络源,https://epg.pw/media/images/channel/2024/03/11/large/20240311111749846409_90.png
[BD]湖南卫视,https://t.freetv.fun/live/hu-nan-wei-shi-15.m3u8,网络源,https://epg.pw/media/images/channel/2024/03/11/large/20240311111749846409_90.png
[BD]湖南卫视,https://t.freetv.fun/live/hu-nan-wei-shi-16.m3u8,网络源,https://epg.pw/media/images/channel/2024/03/11/large/20240311111749846409_90.png
[HD]湖南卫视,https://t.freetv.fun/live/hu-nan-wei-shi-18.m3u8,网络源,https://epg.pw/media/images/channel/2024/03/11/large/20240311111749846409_90.png
[VGA]湖南卫视,https://t.freetv.fun/live/hu-nan-wei-shi-21.m3u8,网络源,https://epg.pw/media/images/channel/2024/03/11/large/20240311111749846409_90.png
[VGA]湖南卫视,https://t.freetv.fun/live/hu-nan-wei-shi-22.m3u8,网络源,https://epg.pw/media/images/channel/2024/03/11/large/20240311111749846409_90.png
[BD]湖南卫视,https://t.freetv.fun/live/hu-nan-wei-shi-23.m3u8,网络源,https://epg.pw/media/images/channel/2024/03/11/large/20240311111749846409_90.png
[BD]湖南卫视,https://t.freetv.fun/live/hu-nan-wei-shi-24.php,网络源,https://epg.pw/media/images/channel/2024/03/11/large/20240311111749846409_90.png
[VGA]湖南卫视,https://t.freetv.fun/live/hu-nan-wei-shi-25.m3u8,网络源,https://epg.pw/media/images/channel/2024/03/11/large/20240311111749846409_90.png
[BD]湖南卫视,https://t.freetv.fun/live/hu-nan-wei-shi-26.m3u8,网络源,https://epg.pw/media/images/channel/2024/03/11/large/20240311111749846409_90.png
[BD]湖南卫视,https://t.freetv.fun/live/hu-nan-wei-shi-27.m3u8,网络源,https://epg.pw/media/images/channel/2024/03/11/large/20240311111749846409_90.png
[BD]湖南卫视,https://t.freetv.fun/live/hu-nan-wei-shi-28.php,网络源,https://epg.pw/media/images/channel/2024/03/11/large/20240311111749846409_90.png
[BD]湖南卫视,https://t.freetv.fun/live/hu-nan-wei-shi-29.m3u8,网络源,https://epg.pw/media/images/channel/2024/03/11/large/20240311111749846409_90.png
[BD]湖南卫视,https://t.freetv.fun/live/hu-nan-wei-shi-30.m3u8,网络源,https://epg.pw/media/images/channel/2024/03/11/large/20240311111749846409_90.png
[BD]湖南卫视,https://t.freetv.fun/live/hu-nan-wei-shi-31.m3u8,网络源,https://epg.pw/media/images/channel/2024/03/11/large/20240311111749846409_90.png
[BD]湖南卫视,https://t.freetv.fun/live/hu-nan-wei-shi-32.m3u8,网络源,https://epg.pw/media/images/channel/2024/03/11/large/20240311111749846409_90.png
[BD]湖南卫视,https://t.freetv.fun/live/hu-nan-wei-shi-33.m3u8,网络源,https://epg.pw/media/images/channel/2024/03/11/large/20240311111749846409_90.png
[HD]湖州娱乐,https://t.freetv.fun/live/hu-zhou-yu-le.m3u8,网络源,https://epg.pw/media/img/logo/3_108.jpg
[BD]重庆|江津新闻综合,https://t.freetv.fun/live/zhong-qing-jiang-jin-xin-wen-zong-he.m3u8,网络源,https://epg.pw/media/images/channel/2022/11/01/large/20221101000354616391_13.jpg
[HD]吴江新闻综合,https://t.freetv.fun/live/wu-jiang-xin-wen-zong-he-1.m3u8,网络源,https://epg.pw/media/images/channel/2022/11/01/large/20221101000354616391_13.jpg
[HD]江阴新闻综合,https://t.freetv.fun/live/jiang-yin-xin-wen-zong-he-1.m3u8,网络源,https://epg.pw/media/images/channel/2022/11/01/large/20221101000354616391_13.jpg
[BD]经济科教高清,https://t.freetv.fun/live/jing-ji-ke-jiao-gao-qing.m3u8,网络源,https://epg.pw/media/images/channel/2022/11/01/large/20221101015212417692_86.jpg
[BD]潮州综合高清,https://t.freetv.fun/live/chao-zhou-zong-he-gao-qing.m3u8,网络源,https://epg.pw/media/images/channel/2023/10/07/large/20231007174220816419_38.jpg
[BD]潮州综合高清,https://t.freetv.fun/live/chao-zhou-zong-he-gao-qing-1.m3u8,网络源,https://epg.pw/media/images/channel/2023/10/07/large/20231007174220816419_38.jpg
[BD]潮州综合高清,https://t.freetv.fun/live/chao-zhou-zong-he-gao-qing-2.m3u8,网络源,https://epg.pw/media/images/channel/2023/10/07/large/20231007174220816419_38.jpg
[BD]潮州综合高清,https://t.freetv.fun/live/chao-zhou-zong-he-gao-qing-3.m3u8,网络源,https://epg.pw/media/images/channel/2023/10/07/large/20231007174220816419_38.jpg
[BD]潮州综合高清,https://t.freetv.fun/live/chao-zhou-zong-he-gao-qing-4.m3u8,网络源,https://epg.pw/media/images/channel/2023/10/07/large/20231007174220816419_38.jpg
[BD]潮州综合高清,https://t.freetv.fun/live/chao-zhou-zong-he-gao-qing-5.m3u8,网络源,https://epg.pw/media/images/channel/2023/10/07/large/20231007174220816419_38.jpg
[BD]潮州综合高清,https://t.freetv.fun/live/chao-zhou-zong-he-gao-qing-6.m3u8,网络源,https://epg.pw/media/images/channel/2023/10/07/large/20231007174220816419_38.jpg
[BD]潮州综合高清,https://t.freetv.fun/live/chao-zhou-zong-he-gao-qing-7.m3u8,网络源,https://epg.pw/media/images/channel/2023/10/07/large/20231007174220816419_38.jpg
[BD]潮州综合高清,https://t.freetv.fun/live/chao-zhou-zong-he-gao-qing-9.m3u8,网络源,https://epg.pw/media/images/channel/2023/10/07/large/20231007174220816419_38.jpg
[BD]潮州综合高清,https://t.freetv.fun/live/chao-zhou-zong-he-gao-qing-11.m3u8,网络源,https://epg.pw/media/images/channel/2023/10/07/large/20231007174220816419_38.jpg
[BD]潮州综合高清,https://t.freetv.fun/live/chao-zhou-zong-he-gao-qing-12.m3u8,网络源,https://epg.pw/media/images/channel/2023/10/07/large/20231007174220816419_38.jpg
[BD]潮州综合高清,https://t.freetv.fun/live/chao-zhou-zong-he-gao-qing-13.m3u8,网络源,https://epg.pw/media/images/channel/2023/10/07/large/20231007174220816419_38.jpg
[VGA]潮州综合高清,https://t.freetv.fun/live/chao-zhou-zong-he-gao-qing-14.m3u8,网络源,https://epg.pw/media/images/channel/2023/10/07/large/20231007174220816419_38.jpg
[BD]潮州综合高清,https://t.freetv.fun/live/chao-zhou-zong-he-gao-qing-17.m3u8,网络源,https://epg.pw/media/images/channel/2023/10/07/large/20231007174220816419_38.jpg
[VGA]潮州综合高清,https://t.freetv.fun/live/chao-zhou-zong-he-gao-qing-18.m3u8,网络源,https://epg.pw/media/images/channel/2023/10/07/large/20231007174220816419_38.jpg
[VGA]潮州综合高清,https://t.freetv.fun/live/chao-zhou-zong-he-gao-qing-22.m3u8,网络源,https://epg.pw/media/images/channel/2023/10/07/large/20231007174220816419_38.jpg
[VGA]潮州综合高清,https://t.freetv.fun/live/chao-zhou-zong-he-gao-qing-23.m3u8,网络源,https://epg.pw/media/images/channel/2023/10/07/large/20231007174220816419_38.jpg
[BD]潮州综合高清,https://t.freetv.fun/live/chao-zhou-zong-he-gao-qing-25.m3u8,网络源,https://epg.pw/media/images/channel/2023/10/07/large/20231007174220816419_38.jpg
[BD]潮州综合高清,https://t.freetv.fun/live/chao-zhou-zong-he-gao-qing-26.m3u8,网络源,https://epg.pw/media/images/channel/2023/10/07/large/20231007174220816419_38.jpg
[BD]潮州综合高清,https://t.freetv.fun/live/chao-zhou-zong-he-gao-qing-27.m3u8,网络源,https://epg.pw/media/images/channel/2023/10/07/large/20231007174220816419_38.jpg
[BD]潮州综合高清,https://t.freetv.fun/live/chao-zhou-zong-he-gao-qing-29.m3u8,网络源,https://epg.pw/media/images/channel/2023/10/07/large/20231007174220816419_38.jpg
[BD]潮州综合高清,https://t.freetv.fun/live/chao-zhou-zong-he-gao-qing-30.m3u8,网络源,https://epg.pw/media/images/channel/2023/10/07/large/20231007174220816419_38.jpg
[BD]桂阳新闻综合,https://t.freetv.fun/live/gui-yang-xin-wen-zong-he.m3u8,网络源,https://epg.pw/media/images/channel/2022/10/24/large/20221024220739905235_98.jpg
[BD]無綫新聞,https://t.freetv.fun/live/wu-xian-xin-wen-1-1.m3u8,网络源,https://epg.pw/media/images/channel/2023/07/20/large/20230720192239085500_67.png
[BD]无锡教育,https://t.freetv.fun/live/wu-xi-jiao-yu.m3u8,网络源,https://epg.pw/media/img/logo/3_300.jpg
[HD]无锡经济,https://t.freetv.fun/live/wu-xi-jing-ji.m3u8,网络源,https://epg.pw/media/img/logo/2_111.jpg
[BD]玉林公共 高清,https://t.freetv.fun/live/yu-lin-gong-gong-gao-qing.php,网络源,https://epg.pw/media/images/channel/2022/05/27/large/20220527162307973680_42.jpg
[BD]玉林综合 高清,https://t.freetv.fun/live/yu-lin-zong-he-gao-qing.php,网络源,https://epg.pw/media/images/channel/2022/05/27/large/20220527162205528949_87.jpg
[SD]吉林新闻综合,https://t.freetv.fun/live/ji-lin-xin-wen-zong-he.m3u8,网络源,https://epg.pw/media/images/channel/2022/05/27/large/20220527162205528949_87.jpg
[BD]现代教育,https://t.freetv.fun/live/xian-dai-jiao-yu-2.m3u8,网络源,https://epg.pw/media/images/channel/2022/05/07/large/20220507213333756088_57.jpg
[HD]环球电视,https://t.freetv.fun/live/huan-qiu-dian-shi.m3u8,网络源,https://epg.pw/media/images/channel/2022/03/18/large/20220318090803853591_56.png
[BD]甘肃卫视,https://t.freetv.fun/live/gan-su-wei-shi-1.m3u8,网络源,https://epg.pw/media/images/channel/2022/05/31/large/20220531224357857126_28.jpg
[SD]甘肃卫视,https://t.freetv.fun/live/gan-su-wei-shi-9.m3u8,网络源,https://epg.pw/media/images/channel/2022/05/31/large/20220531224357857126_28.jpg
[BD]甘肃卫视,https://t.freetv.fun/live/gan-su-wei-shi.m3u8,网络源,https://epg.pw/media/images/channel/2022/05/31/large/20220531224357857126_28.jpg
[BD]甘肃卫视,https://t.freetv.fun/live/gan-su-wei-shi-6.m3u8,网络源,https://epg.pw/media/images/channel/2022/05/31/large/20220531224357857126_28.jpg
[BD]甘肃卫视,https://t.freetv.fun/live/gan-su-wei-shi-12.m3u8,网络源,https://epg.pw/media/images/channel/2022/05/31/large/20220531224357857126_28.jpg
[BD]甘肃卫视,https://t.freetv.fun/live/gan-su-wei-shi-14.m3u8,网络源,https://epg.pw/media/images/channel/2022/05/31/large/20220531224357857126_28.jpg
[SD]甘肃卫视,https://t.freetv.fun/live/gan-su-wei-shi-18.m3u8,网络源,https://epg.pw/media/images/channel/2022/05/31/large/20220531224357857126_28.jpg
[BD]甘肃卫视,https://t.freetv.fun/live/gan-su-wei-shi-5.m3u8,网络源,https://epg.pw/media/images/channel/2022/05/31/large/20220531224357857126_28.jpg
[BD]甘肃卫视,https://t.freetv.fun/live/gan-su-wei-shi-2.m3u8,网络源,https://epg.pw/media/images/channel/2022/05/31/large/20220531224357857126_28.jpg
[BD]甘肃卫视,https://t.freetv.fun/live/gan-su-wei-shi-4.m3u8,网络源,https://epg.pw/media/images/channel/2022/05/31/large/20220531224357857126_28.jpg
[BD]甘肃卫视,https://t.freetv.fun/live/gan-su-wei-shi-7.m3u8,网络源,https://epg.pw/media/images/channel/2022/05/31/large/20220531224357857126_28.jpg
[SD]甘肃卫视,https://t.freetv.fun/live/gan-su-wei-shi-8.m3u8,网络源,https://epg.pw/media/images/channel/2022/05/31/large/20220531224357857126_28.jpg
[BD]甘肃卫视,https://t.freetv.fun/live/gan-su-wei-shi-10.m3u8,网络源,https://epg.pw/media/images/channel/2022/05/31/large/20220531224357857126_28.jpg
[BD]甘肃卫视,https://t.freetv.fun/live/gan-su-wei-shi-19.php,网络源,https://epg.pw/media/images/channel/2022/05/31/large/20220531224357857126_28.jpg
[BD]甘肃卫视,https://t.freetv.fun/live/gan-su-wei-shi-20.m3u8,网络源,https://epg.pw/media/images/channel/2022/05/31/large/20220531224357857126_28.jpg
[HD]甘肃卫视,https://t.freetv.fun/live/gan-su-wei-shi-21.m3u8,网络源,https://epg.pw/media/images/channel/2022/05/31/large/20220531224357857126_28.jpg
[HD]甘肃卫视,https://t.freetv.fun/live/gan-su-wei-shi-24.m3u8,网络源,https://epg.pw/media/images/channel/2022/05/31/large/20220531224357857126_28.jpg
[HD]眉山丹棱综合,https://t.freetv.fun/live/mei-shan-dan-leng-zong-he.m3u8,网络源,https://epg.pw/media/images/channel/2023/07/22/large/20230722142014558122_43.png
[VGA]信阳新闻综合,https://t.freetv.fun/live/xin-yang-xin-wen-zong-he.flv,网络源,https://epg.pw/media/images/channel/2022/10/23/large/20221023013611466346_16.jpg
[SD]tvb翡翠台,https://t.freetv.fun/live/tvbfei-cui-tai.m3u8,网络源,https://epg.pw/media/images/channel/2024/08/01/large/20240801061214542052_55.png
[BD]翡翠,https://t.freetv.fun/live/fei-cui-1.php,网络源,https://epg.pw/media/images/channel/2023/07/20/large/20230720173151124119_90.png
[BD]翡翠,https://t.freetv.fun/live/fei-cui-2.m3u8,网络源,https://epg.pw/media/images/channel/2023/07/20/large/20230720173151124119_90.png
[VGA]翡翠台2,https://t.freetv.fun/live/fei-cui-tai-2.m3u8,网络源,https://epg.pw/media/images/channel/2023/08/11/large/20230811204705073159_58.png
[SD]耀才财经,https://t.freetv.fun/live/yao-cai-cai-jing-2.m3u8,网络源,https://epg.pw/media/images/channel/2022/08/06/large/20220806003654467692_44.jpg
[VGA]耀才财经,https://t.freetv.fun/live/yao-cai-cai-jing-1-1.m3u8,网络源,https://epg.pw/media/images/channel/2022/08/06/large/20220806003654467692_44.jpg
[SD]耀才财经,https://t.freetv.fun/live/yao-cai-cai-jing-2-1.m3u8,网络源,https://epg.pw/media/images/channel/2022/08/06/large/20220806003654467692_44.jpg
[SD]耀才财经频道,https://t.freetv.fun/live/yao-cai-cai-jing-pin-dao.m3u8,网络源,https://epg.pw/media/images/channel/2022/08/06/large/20220806003654467692_44.jpg
[VGA]自贡综合,https://t.freetv.fun/live/zi-gong-zong-he-3.m3u8,网络源,https://epg.pw/media/uploads/tmp_logo/2017/03/15/20170315180040859436_26.jpg
[VGA]苏州 *b,https://t.freetv.fun/live/su-zhou-b.m3u8,网络源,https://epg.pw/media/images/channel/2023/07/02/large/20230702014734392249_44.jpeg
[VGA]衡阳县电视,https://t.freetv.fun/live/heng-yang-xian-dian-shi.m3u8,网络源,https://epg.pw/media/img/logo/3_322.jpg
[BD]西安影视,https://t.freetv.fun/live/xi-an-ying-shi.m3u8,网络源,https://epg.pw/media/images/channel/2022/06/11/large/20220611231249490826_24.jpg
[BD]西安戏剧影视,https://t.freetv.fun/live/xi-an-xi-ju-ying-shi.flv,网络源,https://epg.pw/media/images/channel/2022/06/11/large/20220611231249490826_24.jpg
[BD]西安新闻综合,https://t.freetv.fun/live/xi-an-xin-wen-zong-he.m3u8,网络源,https://epg.pw/media/images/channel/2022/06/11/large/20220611224649720469_86.jpg
[SD]西安新闻综合,https://t.freetv.fun/live/xi-an-xin-wen-zong-he-1.m3u8,网络源,https://epg.pw/media/images/channel/2022/06/11/large/20220611224649720469_86.jpg
[SD]西安新闻,https://t.freetv.fun/live/xi-an-xin-wen.m3u8,网络源,https://epg.pw/media/images/channel/2022/06/11/large/20220611224649720469_86.jpg
[SD]西安都市,https://t.freetv.fun/live/xi-an-du-shi.m3u8,网络源,https://epg.pw/media/img/logo/3_56.jpg
[VGA]西安都市,https://t.freetv.fun/live/xi-an-du-shi-2.m3u8,网络源,https://epg.pw/media/img/logo/3_56.jpg
[BD]西藏卫视,https://t.freetv.fun/live/xi-cang-wei-shi-5.php,网络源,https://epg.pw/media/images/channel/2022/05/31/large/20220531231110733151_44.jpg
[BD]西藏卫视,https://t.freetv.fun/live/xi-cang-wei-shi-6.m3u8,网络源,https://epg.pw/media/images/channel/2022/05/31/large/20220531231110733151_44.jpg
[BD]西藏卫视,https://t.freetv.fun/live/xi-cang-wei-shi-10.m3u8,网络源,https://epg.pw/media/images/channel/2022/05/31/large/20220531231110733151_44.jpg
[SD]西藏卫视,https://t.freetv.fun/live/xi-cang-wei-shi-2.m3u8,网络源,https://epg.pw/media/images/channel/2022/05/31/large/20220531231110733151_44.jpg
[SD]西藏卫视,https://t.freetv.fun/live/xi-cang-wei-shi-4.m3u8,网络源,https://epg.pw/media/images/channel/2022/05/31/large/20220531231110733151_44.jpg
[BD]西藏卫视,https://t.freetv.fun/live/xi-cang-wei-shi-7.m3u8,网络源,https://epg.pw/media/images/channel/2022/05/31/large/20220531231110733151_44.jpg
[BD]西藏卫视,https://t.freetv.fun/live/xi-cang-wei-shi-12.m3u8,网络源,https://epg.pw/media/images/channel/2022/05/31/large/20220531231110733151_44.jpg
[SD]西藏卫视,https://t.freetv.fun/live/xi-cang-wei-shi-26.m3u8,网络源,https://epg.pw/media/images/channel/2022/05/31/large/20220531231110733151_44.jpg
[VGA]西藏卫视,https://t.freetv.fun/live/xi-cang-wei-shi-39.m3u8,网络源,https://epg.pw/media/images/channel/2022/05/31/large/20220531231110733151_44.jpg
[BD]西藏卫视,https://t.freetv.fun/live/xi-cang-wei-shi-11.m3u8,网络源,https://epg.pw/media/images/channel/2022/05/31/large/20220531231110733151_44.jpg
[BD]西藏卫视,https://t.freetv.fun/live/xi-cang-wei-shi.m3u8,网络源,https://epg.pw/media/images/channel/2022/05/31/large/20220531231110733151_44.jpg
[BD]西藏卫视,https://t.freetv.fun/live/xi-cang-wei-shi-1.m3u8,网络源,https://epg.pw/media/images/channel/2022/05/31/large/20220531231110733151_44.jpg
[SD]西藏卫视,https://t.freetv.fun/live/xi-cang-wei-shi-8.m3u8,网络源,https://epg.pw/media/images/channel/2022/05/31/large/20220531231110733151_44.jpg
[BD]西藏卫视,https://t.freetv.fun/live/xi-cang-wei-shi-9.m3u8,网络源,https://epg.pw/media/images/channel/2022/05/31/large/20220531231110733151_44.jpg
[VGA]西藏卫视,https://t.freetv.fun/live/xi-cang-wei-shi-16.m3u8,网络源,https://epg.pw/media/images/channel/2022/05/31/large/20220531231110733151_44.jpg
[BD]贵州卫视,https://t.freetv.fun/live/gui-zhou-wei-shi-2.php,网络源,https://epg.pw/media/images/channel/2022/05/31/large/20220531144236171971_20.jpg
[BD]贵州卫视,https://t.freetv.fun/live/gui-zhou-wei-shi-3.m3u8,网络源,https://epg.pw/media/images/channel/2022/05/31/large/20220531144236171971_20.jpg
[BD]贵州卫视,https://t.freetv.fun/live/gui-zhou-wei-shi-16.m3u8,网络源,https://epg.pw/media/images/channel/2022/05/31/large/20220531144236171971_20.jpg
[SD]贵州卫视,https://t.freetv.fun/live/gui-zhou-wei-shi-27.m3u8,网络源,https://epg.pw/media/images/channel/2022/05/31/large/20220531144236171971_20.jpg
[BD]贵州卫视,https://t.freetv.fun/live/gui-zhou-wei-shi-6.m3u8,网络源,https://epg.pw/media/images/channel/2022/05/31/large/20220531144236171971_20.jpg
[BD]贵州卫视,https://t.freetv.fun/live/gui-zhou-wei-shi-9.m3u8,网络源,https://epg.pw/media/images/channel/2022/05/31/large/20220531144236171971_20.jpg
[SD]贵州卫视,https://t.freetv.fun/live/gui-zhou-wei-shi-10.m3u8,网络源,https://epg.pw/media/images/channel/2022/05/31/large/20220531144236171971_20.jpg
[SD]贵州卫视,https://t.freetv.fun/live/gui-zhou-wei-shi-13.m3u8,网络源,https://epg.pw/media/images/channel/2022/05/31/large/20220531144236171971_20.jpg
[BD]贵州卫视,https://t.freetv.fun/live/gui-zhou-wei-shi-14.m3u8,网络源,https://epg.pw/media/images/channel/2022/05/31/large/20220531144236171971_20.jpg
[SD]贵州卫视,https://t.freetv.fun/live/gui-zhou-wei-shi-19.m3u8,网络源,https://epg.pw/media/images/channel/2022/05/31/large/20220531144236171971_20.jpg
[BD]贵州卫视,https://t.freetv.fun/live/gui-zhou-wei-shi-20.m3u8,网络源,https://epg.pw/media/images/channel/2022/05/31/large/20220531144236171971_20.jpg
[BD]贵州卫视,https://t.freetv.fun/live/gui-zhou-wei-shi-21.php,网络源,https://epg.pw/media/images/channel/2022/05/31/large/20220531144236171971_20.jpg
[BD]贵州卫视,https://t.freetv.fun/live/gui-zhou-wei-shi-22.m3u8,网络源,https://epg.pw/media/images/channel/2022/05/31/large/20220531144236171971_20.jpg
[HD]贵州卫视,https://t.freetv.fun/live/gui-zhou-wei-shi-23.m3u8,网络源,https://epg.pw/media/images/channel/2022/05/31/large/20220531144236171971_20.jpg
[HD]贵州卫视,https://t.freetv.fun/live/gui-zhou-wei-shi-24.m3u8,网络源,https://epg.pw/media/images/channel/2022/05/31/large/20220531144236171971_20.jpg
[HD]贵州卫视,https://t.freetv.fun/live/gui-zhou-wei-shi-25.m3u8,网络源,https://epg.pw/media/images/channel/2022/05/31/large/20220531144236171971_20.jpg
[HD]贵州卫视,https://t.freetv.fun/live/gui-zhou-wei-shi-26.m3u8,网络源,https://epg.pw/media/images/channel/2022/05/31/large/20220531144236171971_20.jpg
[BD]贵州卫视,https://t.freetv.fun/live/gui-zhou-wei-shi-30.m3u8,网络源,https://epg.pw/media/images/channel/2022/05/31/large/20220531144236171971_20.jpg
[BD]贵州卫视,https://t.freetv.fun/live/gui-zhou-wei-shi-32.m3u8,网络源,https://epg.pw/media/images/channel/2022/05/31/large/20220531144236171971_20.jpg
[VGA]连云港新闻综合,https://t.freetv.fun/live/lian-yun-gang-xin-wen-zong-he.m3u8,网络源,https://epg.pw/media/images/channel/2022/11/01/large/20221101022805784877_41.jpg
[HD]辽宁卫视,https://t.freetv.fun/live/liao-zhu-wei-shi.m3u8,网络源,https://epg.pw/media/images/channel/2025/01/28/large/20250128060733782674_48.jpg
[BD]辽宁卫视,https://t.freetv.fun/live/liao-zhu-wei-shi-2.m3u8,网络源,https://epg.pw/media/images/channel/2025/01/28/large/20250128060733782674_48.jpg
[VGA]辽宁卫视,https://t.freetv.fun/live/liao-zhu-wei-shi-14.php,网络源,https://epg.pw/media/images/channel/2025/01/28/large/20250128060733782674_48.jpg
[BD]辽宁卫视,https://t.freetv.fun/live/liao-zhu-wei-shi-13.php,网络源,https://epg.pw/media/images/channel/2025/01/28/large/20250128060733782674_48.jpg
[BD]辽宁卫视,https://t.freetv.fun/live/liao-zhu-wei-shi-19.m3u8,网络源,https://epg.pw/media/images/channel/2025/01/28/large/20250128060733782674_48.jpg
[BD]辽宁卫视,https://t.freetv.fun/live/liao-zhu-wei-shi-5.m3u8,网络源,https://epg.pw/media/images/channel/2025/01/28/large/20250128060733782674_48.jpg
[BD]辽宁卫视,https://t.freetv.fun/live/liao-zhu-wei-shi-15.m3u8,网络源,https://epg.pw/media/images/channel/2025/01/28/large/20250128060733782674_48.jpg
[SD]辽宁卫视,https://t.freetv.fun/live/liao-zhu-wei-shi-4.m3u8,网络源,https://epg.pw/media/images/channel/2025/01/28/large/20250128060733782674_48.jpg
[BD]辽宁卫视,https://t.freetv.fun/live/liao-zhu-wei-shi-6.m3u8,网络源,https://epg.pw/media/images/channel/2025/01/28/large/20250128060733782674_48.jpg
[BD]辽宁卫视,https://t.freetv.fun/live/liao-zhu-wei-shi-8.m3u8,网络源,https://epg.pw/media/images/channel/2025/01/28/large/20250128060733782674_48.jpg
[SD]辽宁卫视,https://t.freetv.fun/live/liao-zhu-wei-shi-10.m3u8,网络源,https://epg.pw/media/images/channel/2025/01/28/large/20250128060733782674_48.jpg
[BD]辽宁卫视,https://t.freetv.fun/live/liao-zhu-wei-shi-21.m3u8,网络源,https://epg.pw/media/images/channel/2025/01/28/large/20250128060733782674_48.jpg
[BD]辽宁卫视,https://t.freetv.fun/live/liao-zhu-wei-shi-24.m3u8,网络源,https://epg.pw/media/images/channel/2025/01/28/large/20250128060733782674_48.jpg
[BD]辽宁卫视,https://t.freetv.fun/live/liao-zhu-wei-shi-25.m3u8,网络源,https://epg.pw/media/images/channel/2025/01/28/large/20250128060733782674_48.jpg
[HD]辽宁卫视,https://t.freetv.fun/live/liao-zhu-wei-shi-26.m3u8,网络源,https://epg.pw/media/images/channel/2025/01/28/large/20250128060733782674_48.jpg
[HD]辽宁卫视,https://t.freetv.fun/live/liao-zhu-wei-shi-27.m3u8,网络源,https://epg.pw/media/images/channel/2025/01/28/large/20250128060733782674_48.jpg
[HD]辽宁卫视,https://t.freetv.fun/live/liao-zhu-wei-shi-28.m3u8,网络源,https://epg.pw/media/images/channel/2025/01/28/large/20250128060733782674_48.jpg
[BD]辽宁卫视,https://t.freetv.fun/live/liao-zhu-wei-shi-29.m3u8,网络源,https://epg.pw/media/images/channel/2025/01/28/large/20250128060733782674_48.jpg
[HD]邢台生活,https://t.freetv.fun/live/xing-tai-sheng-huo.m3u8,网络源,https://epg.pw/media/img/logo/3_368.jpg
[VGA]徐州新闻综合,https://t.freetv.fun/live/xu-zhou-xin-wen-zong-he.m3u8,网络源,https://epg.pw/media/images/channel/2019/08/06/large/20190806212024462835_94.png
[BD]重庆卫视,https://t.freetv.fun/live/zhong-qing-wei-shi-4.m3u8,网络源,https://epg.pw/media/images/channel/2024/03/11/large/20240311111314058451_54.png
[BD]重庆卫视,https://t.freetv.fun/live/zhong-qing-wei-shi-11.m3u8,网络源,https://epg.pw/media/images/channel/2024/03/11/large/20240311111314058451_54.png
[HD]重庆卫视,https://t.freetv.fun/live/zhong-qing-wei-shi-17.m3u8,网络源,https://epg.pw/media/images/channel/2024/03/11/large/20240311111314058451_54.png
[BD]重庆卫视,https://t.freetv.fun/live/zhong-qing-wei-shi.m3u8,网络源,https://epg.pw/media/images/channel/2024/03/11/large/20240311111314058451_54.png
[SD]重庆卫视,https://t.freetv.fun/live/zhong-qing-wei-shi-25.m3u8,网络源,https://epg.pw/media/images/channel/2024/03/11/large/20240311111314058451_54.png
[BD]重庆卫视,https://t.freetv.fun/live/zhong-qing-wei-shi-21.m3u8,网络源,https://epg.pw/media/images/channel/2024/03/11/large/20240311111314058451_54.png
[SD]重庆卫视,https://t.freetv.fun/live/zhong-qing-wei-shi-3.m3u8,网络源,https://epg.pw/media/images/channel/2024/03/11/large/20240311111314058451_54.png
[BD]重庆卫视,https://t.freetv.fun/live/zhong-qing-wei-shi-6.m3u8,网络源,https://epg.pw/media/images/channel/2024/03/11/large/20240311111314058451_54.png
[VGA]重庆卫视,https://t.freetv.fun/live/zhong-qing-wei-shi-7.m3u8,网络源,https://epg.pw/media/images/channel/2024/03/11/large/20240311111314058451_54.png
[BD]重庆卫视,https://t.freetv.fun/live/zhong-qing-wei-shi-8.m3u8,网络源,https://epg.pw/media/images/channel/2024/03/11/large/20240311111314058451_54.png
[BD]重庆卫视,https://t.freetv.fun/live/zhong-qing-wei-shi-9.m3u8,网络源,https://epg.pw/media/images/channel/2024/03/11/large/20240311111314058451_54.png
[BD]重庆卫视,https://t.freetv.fun/live/zhong-qing-wei-shi-12.m3u8,网络源,https://epg.pw/media/images/channel/2024/03/11/large/20240311111314058451_54.png
[BD]重庆卫视,https://t.freetv.fun/live/zhong-qing-wei-shi-13.m3u8,网络源,https://epg.pw/media/images/channel/2024/03/11/large/20240311111314058451_54.png
[BD]重庆卫视,https://t.freetv.fun/live/zhong-qing-wei-shi-14.php,网络源,https://epg.pw/media/images/channel/2024/03/11/large/20240311111314058451_54.png
[BD]重庆卫视,https://t.freetv.fun/live/zhong-qing-wei-shi-15.m3u8,网络源,https://epg.pw/media/images/channel/2024/03/11/large/20240311111314058451_54.png
[BD]重庆卫视,https://t.freetv.fun/live/zhong-qing-wei-shi-16.php,网络源,https://epg.pw/media/images/channel/2024/03/11/large/20240311111314058451_54.png
[BD]重庆卫视,https://t.freetv.fun/live/zhong-qing-wei-shi-18.m3u8,网络源,https://epg.pw/media/images/channel/2024/03/11/large/20240311111314058451_54.png
[BD]重庆卫视,https://t.freetv.fun/live/zhong-qing-wei-shi-19.m3u8,网络源,https://epg.pw/media/images/channel/2024/03/11/large/20240311111314058451_54.png
[BD]重庆卫视,https://t.freetv.fun/live/zhong-qing-wei-shi-20.m3u8,网络源,https://epg.pw/media/images/channel/2024/03/11/large/20240311111314058451_54.png
[HD]重庆卫视,https://t.freetv.fun/live/zhong-qing-wei-shi-22.m3u8,网络源,https://epg.pw/media/images/channel/2024/03/11/large/20240311111314058451_54.png
[VGA]重庆卫视,https://t.freetv.fun/live/zhong-qing-wei-shi-23.m3u8,网络源,https://epg.pw/media/images/channel/2024/03/11/large/20240311111314058451_54.png
[HD]重庆卫视,https://t.freetv.fun/live/zhong-qing-wei-shi-24.m3u8,网络源,https://epg.pw/media/images/channel/2024/03/11/large/20240311111314058451_54.png
[HD]重庆卫视,https://t.freetv.fun/live/zhong-qing-wei-shi-26.m3u8,网络源,https://epg.pw/media/images/channel/2024/03/11/large/20240311111314058451_54.png
[HD]重庆卫视,https://t.freetv.fun/live/zhong-qing-wei-shi-27.m3u8,网络源,https://epg.pw/media/images/channel/2024/03/11/large/20240311111314058451_54.png
[HD]重庆卫视,https://t.freetv.fun/live/zhong-qing-wei-shi-28.m3u8,网络源,https://epg.pw/media/images/channel/2024/03/11/large/20240311111314058451_54.png
[SD]金鹰卡通,https://t.freetv.fun/live/jin-ying-qia-tong.m3u8,网络源,https://epg.pw/media/images/channel/2025/01/28/large/20250128060714767131_10.jpg
[SD]金鹰卡通,https://t.freetv.fun/live/jin-ying-qia-tong-2.m3u8,网络源,https://epg.pw/media/images/channel/2025/01/28/large/20250128060714767131_10.jpg
[SD]金鹰卡通,https://t.freetv.fun/live/jin-ying-qia-tong-4.m3u8,网络源,https://epg.pw/media/images/channel/2025/01/28/large/20250128060714767131_10.jpg
[SD]金鹰卡通,https://t.freetv.fun/live/jin-ying-qia-tong-5.m3u8,网络源,https://epg.pw/media/images/channel/2025/01/28/large/20250128060714767131_10.jpg
[SD]金鹰卡通,https://t.freetv.fun/live/jin-ying-qia-tong-10.m3u8,网络源,https://epg.pw/media/images/channel/2025/01/28/large/20250128060714767131_10.jpg
[SD]金鹰卡通,https://t.freetv.fun/live/jin-ying-qia-tong-11.m3u8,网络源,https://epg.pw/media/images/channel/2025/01/28/large/20250128060714767131_10.jpg
[BD]镇江新闻综合,https://t.freetv.fun/live/zhen-jiang-xin-wen-zong-he.m3u8,网络源,https://epg.pw/media/images/channel/2022/11/01/large/20221101022911570371_38.jpg
[BD]镇江新闻综合,https://t.freetv.fun/live/zhen-jiang-xin-wen-zong-he-1.m3u8,网络源,https://epg.pw/media/images/channel/2022/11/01/large/20221101022911570371_38.jpg
[BD]镇江新闻综合,https://t.freetv.fun/live/zhen-jiang-xin-wen-zong-he-2.m3u8,网络源,https://epg.pw/media/images/channel/2022/11/01/large/20221101022911570371_38.jpg
[BD]镇江新闻综合,https://t.freetv.fun/live/zhen-jiang-xin-wen-zong-he-3.m3u8,网络源,https://epg.pw/media/images/channel/2022/11/01/large/20221101022911570371_38.jpg
[BD]镇江新闻综合,https://t.freetv.fun/live/zhen-jiang-xin-wen-zong-he-4.m3u8,网络源,https://epg.pw/media/images/channel/2022/11/01/large/20221101022911570371_38.jpg
[BD]镇江新闻综合,https://t.freetv.fun/live/zhen-jiang-xin-wen-zong-he-5.m3u8,网络源,https://epg.pw/media/images/channel/2022/11/01/large/20221101022911570371_38.jpg
[VGA]镇江新闻综合,https://t.freetv.fun/live/zhen-jiang-xin-wen-zong-he-6.m3u8,网络源,https://epg.pw/media/images/channel/2022/11/01/large/20221101022911570371_38.jpg
[BD]镇江新闻综合,https://t.freetv.fun/live/zhen-jiang-xin-wen-zong-he-7.m3u8,网络源,https://epg.pw/media/images/channel/2022/11/01/large/20221101022911570371_38.jpg
[SD]长春双阳综合,https://t.freetv.fun/live/chang-chun-shuang-yang-zong-he.m3u8,网络源,https://epg.pw/media/images/channel/2022/08/12/large/20220812220117628376_52.jpg
[SD]长春综合,https://t.freetv.fun/live/chang-chun-zong-he.m3u8,网络源,https://epg.pw/media/images/channel/2022/08/12/large/20220812220117628376_52.jpg
[VGA]长春综合,https://t.freetv.fun/live/chang-chun-zong-he-1.m3u8,网络源,https://epg.pw/media/images/channel/2022/08/12/large/20220812220117628376_52.jpg
[HD]阿里郎电视,https://t.freetv.fun/live/a-li-lang-dian-shi-2.m3u8,网络源,https://epg.pw/media/images/channel/2024/03/13/large/20240313163715241378_36.png
[VGA]陕西三套,https://t.freetv.fun/live/shan-xi-san-tao.m3u8,网络源,https://epg.pw/media/images/channel/2022/05/06/large/20220506162555200671_47.png
[VGA]陕西二套,https://t.freetv.fun/live/shan-xi-er-tao.m3u8,网络源,https://epg.pw/media/images/channel/2022/05/06/large/20220506154641927597_50.png
[BD]陕西卫视,https://t.freetv.fun/live/shan-xi-wei-shi.m3u8,网络源,https://epg.pw/media/images/channel/2022/05/31/large/20220531150903888489_91.jpg
[BD]陕西卫视,https://t.freetv.fun/live/shan-xi-wei-shi-6.m3u8,网络源,https://epg.pw/media/images/channel/2022/05/31/large/20220531150903888489_91.jpg
[BD]陕西卫视,https://t.freetv.fun/live/shan-xi-wei-shi-8.php,网络源,https://epg.pw/media/images/channel/2022/05/31/large/20220531150903888489_91.jpg
[BD]陕西卫视,https://t.freetv.fun/live/shan-xi-wei-shi-9-1.m3u8,网络源,https://epg.pw/media/images/channel/2022/05/31/large/20220531150903888489_91.jpg
[BD]陕西卫视,https://t.freetv.fun/live/shan-xi-wei-shi-4.m3u8,网络源,https://epg.pw/media/images/channel/2022/05/31/large/20220531150903888489_91.jpg
[BD]陕西卫视,https://t.freetv.fun/live/shan-xi-wei-shi-16.m3u8,网络源,https://epg.pw/media/images/channel/2022/05/31/large/20220531150903888489_91.jpg
[BD]陕西卫视,https://t.freetv.fun/live/shan-xi-wei-shi-23.m3u8,网络源,https://epg.pw/media/images/channel/2022/05/31/large/20220531150903888489_91.jpg
[BD]云南卫视,https://t.freetv.fun/live/yun-nan-wei-shi-1.m3u8,网络源,https://epg.pw/media/images/channel/2022/05/31/large/20220531145024469645_82.jpg
[SD]云南卫视,https://t.freetv.fun/live/yun-nan-wei-shi-2.m3u8,网络源,https://epg.pw/media/images/channel/2022/05/31/large/20220531145024469645_82.jpg
[BD]云南卫视,https://t.freetv.fun/live/yun-nan-wei-shi-3.m3u8,网络源,https://epg.pw/media/images/channel/2022/05/31/large/20220531145024469645_82.jpg
[BD]云南卫视,https://t.freetv.fun/live/yun-nan-wei-shi-9.m3u8,网络源,https://epg.pw/media/images/channel/2022/05/31/large/20220531145024469645_82.jpg
[VGA]云南卫视,https://t.freetv.fun/live/yun-nan-wei-shi-10.m3u8,网络源,https://epg.pw/media/images/channel/2022/05/31/large/20220531145024469645_82.jpg
[SD]云南卫视,https://t.freetv.fun/live/yun-nan-wei-shi-4.m3u8,网络源,https://epg.pw/media/images/channel/2022/05/31/large/20220531145024469645_82.jpg
[BD]云南卫视,https://t.freetv.fun/live/yun-nan-wei-shi-11.m3u8,网络源,https://epg.pw/media/images/channel/2022/05/31/large/20220531145024469645_82.jpg
[VGA]云南卫视,https://t.freetv.fun/live/yun-nan-wei-shi-21.m3u8,网络源,https://epg.pw/media/images/channel/2022/05/31/large/20220531145024469645_82.jpg
[BD]云南卫视,https://t.freetv.fun/live/yun-nan-wei-shi-25.php,网络源,https://epg.pw/media/images/channel/2022/05/31/large/20220531145024469645_82.jpg
[BD]云南卫视,https://t.freetv.fun/live/yun-nan-wei-shi-29.m3u8,网络源,https://epg.pw/media/images/channel/2022/05/31/large/20220531145024469645_82.jpg
[BD]云南卫视,https://t.freetv.fun/live/yun-nan-wei-shi-30.m3u8,网络源,https://epg.pw/media/images/channel/2022/05/31/large/20220531145024469645_82.jpg
[SD]云南卫视,https://t.freetv.fun/live/yun-nan-wei-shi-13.m3u8,网络源,https://epg.pw/media/images/channel/2022/05/31/large/20220531145024469645_82.jpg
[BD]云南卫视,https://t.freetv.fun/live/yun-nan-wei-shi.m3u8,网络源,https://epg.pw/media/images/channel/2022/05/31/large/20220531145024469645_82.jpg
[BD]云南卫视,https://t.freetv.fun/live/yun-nan-wei-shi-5.m3u8,网络源,https://epg.pw/media/images/channel/2022/05/31/large/20220531145024469645_82.jpg
[BD]云南卫视,https://t.freetv.fun/live/yun-nan-wei-shi-6.m3u8,网络源,https://epg.pw/media/images/channel/2022/05/31/large/20220531145024469645_82.jpg
[BD]云南卫视,https://t.freetv.fun/live/yun-nan-wei-shi-8.m3u8,网络源,https://epg.pw/media/images/channel/2022/05/31/large/20220531145024469645_82.jpg
[SD]云南卫视,https://t.freetv.fun/live/yun-nan-wei-shi-12.m3u8,网络源,https://epg.pw/media/images/channel/2022/05/31/large/20220531145024469645_82.jpg
[SD]云南卫视,https://t.freetv.fun/live/yun-nan-wei-shi-14.m3u8,网络源,https://epg.pw/media/images/channel/2022/05/31/large/20220531145024469645_82.jpg
[SD]云南卫视,https://t.freetv.fun/live/yun-nan-wei-shi-15.m3u8,网络源,https://epg.pw/media/images/channel/2022/05/31/large/20220531145024469645_82.jpg
[BD]云南卫视,https://t.freetv.fun/live/yun-nan-wei-shi-16.m3u8,网络源,https://epg.pw/media/images/channel/2022/05/31/large/20220531145024469645_82.jpg
[HD]云南卫视,https://t.freetv.fun/live/yun-nan-wei-shi-17.m3u8,网络源,https://epg.pw/media/images/channel/2022/05/31/large/20220531145024469645_82.jpg
[BD]云南卫视,https://t.freetv.fun/live/yun-nan-wei-shi-18.m3u8,网络源,https://epg.pw/media/images/channel/2022/05/31/large/20220531145024469645_82.jpg
[BD]云南卫视,https://t.freetv.fun/live/yun-nan-wei-shi-22.m3u8,网络源,https://epg.pw/media/images/channel/2022/05/31/large/20220531145024469645_82.jpg
[BD]云南卫视,https://t.freetv.fun/live/yun-nan-wei-shi-23.m3u8,网络源,https://epg.pw/media/images/channel/2022/05/31/large/20220531145024469645_82.jpg
[SD]云南卫视,https://t.freetv.fun/live/yun-nan-wei-shi-26.m3u8,网络源,https://epg.pw/media/images/channel/2022/05/31/large/20220531145024469645_82.jpg
[SD]云南卫视,https://t.freetv.fun/live/yun-nan-wei-shi-27.m3u8,网络源,https://epg.pw/media/images/channel/2022/05/31/large/20220531145024469645_82.jpg
[BD]云南卫视,https://t.freetv.fun/live/yun-nan-wei-shi-28.m3u8,网络源,https://epg.pw/media/images/channel/2022/05/31/large/20220531145024469645_82.jpg
[HD]云南都市,https://t.freetv.fun/live/yun-nan-du-shi.m3u8,网络源,https://epg.pw/media/images/channel/2021/10/12/large/20211012202751642735_81.png
[VGA]云南都市,https://t.freetv.fun/live/yun-nan-du-shi-1.m3u8,网络源,https://epg.pw/media/images/channel/2021/10/12/large/20211012202751642735_81.png
[HD]电影,https://t.freetv.fun/live/dian-ying.m3u8,网络源,https://epg.pw/media/
[BD]电影,https://t.freetv.fun/live/dian-ying-1.flv,网络源,https://epg.pw/media/
[BD]电影,https://t.freetv.fun/live/dian-ying-3.flv,网络源,https://epg.pw/media/
[BD]电影,https://t.freetv.fun/live/dian-ying-4.flv,网络源,https://epg.pw/media/
[BD]电影,https://t.freetv.fun/live/dian-ying-5.flv,网络源,https://epg.pw/media/
[HD]电影,https://t.freetv.fun/live/dian-ying-6.flv,网络源,https://epg.pw/media/
[SD]电影,https://t.freetv.fun/live/dian-ying-7.flv,网络源,https://epg.pw/media/
[HD]电影,https://t.freetv.fun/live/dian-ying-8.m3u8,网络源,https://epg.pw/media/
[VGA]电影,https://t.freetv.fun/live/dian-ying-10.flv,网络源,https://epg.pw/media/
[HD]电影,https://t.freetv.fun/live/dian-ying-11.flv,网络源,https://epg.pw/media/
[HD]电影,https://t.freetv.fun/live/dian-ying-12.flv,网络源,https://epg.pw/media/
[BD]电影,https://t.freetv.fun/live/dian-ying-13.flv,网络源,https://epg.pw/media/
[HD]电影,https://t.freetv.fun/live/dian-ying-14.flv,网络源,https://epg.pw/media/
[BD]高清电影,https://t.freetv.fun/live/gao-qing-dian-ying.m3u8,网络源,https://epg.pw/media/
[VGA]高清电影,https://t.freetv.fun/live/gao-qing-dian-ying-1.m3u8,网络源,https://epg.pw/media/
[HD]韩国电影1,https://t.freetv.fun/live/han-guo-dian-ying-1.m3u8,网络源,https://epg.pw/media/img/logo/hanguodianying.jpg
[HD]韩国电影2,https://t.freetv.fun/live/han-guo-dian-ying-2.m3u8,网络源,https://epg.pw/media/
[BD]韶关综合,https://t.freetv.fun/live/shao-guan-zong-he.m3u8,网络源,https://epg.pw/media/images/channel/2023/07/20/large/20230720203001879121_48.png
[VGA]韶关综合,https://t.freetv.fun/live/shao-guan-zong-he-1.m3u8,网络源,https://epg.pw/media/images/channel/2023/07/20/large/20230720203001879121_48.png
[HD]香港有线新闻,https://t.freetv.fun/live/xiang-gang-you-xian-xin-wen.m3u8,网络源,https://epg.pw/media/uploads/tmp_logo/2017/10/10/20171010210707310138_36.jpg
[HD]香港有线新闻,https://t.freetv.fun/live/xiang-gang-you-xian-xin-wen-1.m3u,网络源,https://epg.pw/media/uploads/tmp_logo/2017/10/10/20171010210707310138_36.jpg
[BD]香蕉,https://t.freetv.fun/live/xiang-jiao-2.ts,网络源,https://epg.pw/media/images/channel/2023/08/06/large/20230806225301111646_11.png
[HD]香港卫视,https://t.freetv.fun/live/xiang-gang-wei-shi.m3u8,网络源,https://epg.pw/media/images/channel/2022/08/07/large/20220807225523257257_30.jpg
[BD]鳳凰衛視香港,https://t.freetv.fun/live/feng-huang-wei-shi-xiang-gang-1.m3u8,网络源,https://epg.pw/media/images/channel/2024/06/10/large/20240610235948618467_91.png
[BD]-鳳凰衛視香港,https://t.freetv.fun/live/feng-huang-wei-shi-xiang-gang-2.m3u8,网络源,https://epg.pw/media/images/channel/2024/06/10/large/20240610235948618467_91.png
[VGA]鳳凰衛視香港,https://t.freetv.fun/live/feng-huang-wei-shi-xiang-gang-3.m3u8,网络源,https://epg.pw/media/images/channel/2024/06/10/large/20240610235948618467_91.png
[HD]鳳凰衛視香港,https://t.freetv.fun/live/feng-huang-wei-shi-xiang-gang-4.m3u8,网络源,https://epg.pw/media/images/channel/2024/06/10/large/20240610235948618467_91.png
[SD]凤凰卫视 高清,https://t.freetv.fun/live/feng-huang-wei-shi-gao-qing.php,网络源,https://epg.pw/media/images/channel/2024/06/10/large/20240610235948618467_91.png
[VGA]凤凰中文,https://t.freetv.fun/live/feng-huang-zhong-wen.php,网络源,https://epg.pw/media/images/channel/2025/01/28/large/20250128061049622730_55.png
[BD]凤凰卫视中文,https://t.freetv.fun/live/feng-huang-wei-shi-zhong-wen.m3u8,网络源,https://epg.pw/media/images/channel/2025/01/28/large/20250128061049622730_55.png
[HD]鳳凰衛視中文,https://t.freetv.fun/live/feng-huang-wei-shi-zhong-wen-1.m3u8,网络源,https://epg.pw/media/images/channel/2025/01/28/large/20250128061049622730_55.png
[BD]凤凰卫视中文,https://t.freetv.fun/live/feng-huang-wei-shi-zhong-wen-1-1.m3u8,网络源,https://epg.pw/media/images/channel/2025/01/28/large/20250128061049622730_55.png
[BD]凤凰卫视中文,https://t.freetv.fun/live/feng-huang-wei-shi-zhong-wen-2.m3u8,网络源,https://epg.pw/media/images/channel/2025/01/28/large/20250128061049622730_55.png
[HD]鳳凰中文,https://t.freetv.fun/live/feng-huang-zhong-wen-1.php,网络源,https://epg.pw/media/images/channel/2025/01/28/large/20250128061049622730_55.png
[BD]鳳凰中文,https://t.freetv.fun/live/feng-huang-zhong-wen-1-1.php,网络源,https://epg.pw/media/images/channel/2025/01/28/large/20250128061049622730_55.png
[VGA]凤凰资讯,https://t.freetv.fun/live/feng-huang-zi-xun-6.php,网络源,https://epg.pw/media/images/channel/2023/07/23/large/20230723140505929891_55.png
[SD]凤凰资讯 高清,https://t.freetv.fun/live/feng-huang-zi-xun-gao-qing.php,网络源,https://epg.pw/media/images/channel/2023/07/23/large/20230723140505929891_55.png
[BD]凤凰卫视资讯,https://t.freetv.fun/live/feng-huang-wei-shi-zi-xun-1-1.m3u8,网络源,https://epg.pw/media/images/channel/2023/07/23/large/20230723140505929891_55.png
[BD]凤凰资讯频标,https://t.freetv.fun/live/feng-huang-zi-xun-pin-biao.m3u8,网络源,https://epg.pw/media/images/channel/2023/07/23/large/20230723140505929891_55.png
[BD]凤凰香港频标,https://t.freetv.fun/live/feng-huang-xiang-gang-pin-biao.m3u8,网络源,https://epg.pw/media/images/channel/2023/07/20/large/20230720101153992346_85.png
[BD]黑水新闻综合,https://t.freetv.fun/live/hei-shui-xin-wen-zong-he.m3u8,网络源,https://epg.pw/media/images/channel/2023/07/20/large/20230720203027523547_70.png
[BD]丽水新闻综合,https://t.freetv.fun/live/li-shui-xin-wen-zong-he.m3u8,网络源,https://epg.pw/media/images/channel/2023/07/20/large/20230720203027523547_70.png
[BD]黃金華劇,https://t.freetv.fun/live/huang-jin-hua-ju.m3u8,网络源,https://epg.pw/media/images/channel/2024/10/28/large/20241028094745073878_48.png
[BD]黑龙江视,https://t.freetv.fun/live/hei-long-jiang-shi-1.php,网络源,https://epg.pw/media/images/channel/2022/05/31/large/20220531154554180409_52.jpg
[BD]黑龙江卫视,https://t.freetv.fun/live/hei-long-jiang-wei-shi-9.php,网络源,https://epg.pw/media/images/channel/2022/05/31/large/20220531154335673922_21.jpg
[BD]黑龙江卫视,https://t.freetv.fun/live/hei-long-jiang-wei-shi-6.m3u8,网络源,https://epg.pw/media/images/channel/2022/05/31/large/20220531154335673922_21.jpg
[BD]黑龙江卫视,https://t.freetv.fun/live/hei-long-jiang-wei-shi-20.m3u8,网络源,https://epg.pw/media/images/channel/2022/05/31/large/20220531154335673922_21.jpg
[SD]黑龙江卫视,https://t.freetv.fun/live/hei-long-jiang-wei-shi.m3u8,网络源,https://epg.pw/media/images/channel/2022/05/31/large/20220531154335673922_21.jpg
[BD]黑龙江卫视,https://t.freetv.fun/live/hei-long-jiang-wei-shi-17.m3u8,网络源,https://epg.pw/media/images/channel/2022/05/31/large/20220531154335673922_21.jpg
[BD]黑龙江卫视,https://t.freetv.fun/live/hei-long-jiang-wei-shi-1.m3u8,网络源,https://epg.pw/media/images/channel/2022/05/31/large/20220531154335673922_21.jpg
[BD]黑龙江卫视,https://t.freetv.fun/live/hei-long-jiang-wei-shi-13.m3u8,网络源,https://epg.pw/media/images/channel/2022/05/31/large/20220531154335673922_21.jpg
[BD]黑龙江卫视,https://t.freetv.fun/live/hei-long-jiang-wei-shi-15.m3u8,网络源,https://epg.pw/media/images/channel/2022/05/31/large/20220531154335673922_21.jpg
[BD]黑龙江卫视,https://t.freetv.fun/live/hei-long-jiang-wei-shi-19.m3u8,网络源,https://epg.pw/media/images/channel/2022/05/31/large/20220531154335673922_21.jpg
[BD]黑龙江视,https://t.freetv.fun/live/hei-long-jiang-shi.m3u8,网络源,https://epg.pw/media/images/channel/2022/05/31/large/20220531154335673922_21.jpg
[BD]국악방송,https://t.freetv.fun/live/gugagbangsong.m3u8,网络源,https://epg.pw/media/images/channel/2022/03/18/large/20220318090635708446_68.png
CCTV1,http://[2409:8087:1e02:20::10]/000000001000PLTV/11/224/3221226163/1.m3u8,网络源,https://kakaxi-1.asia/LOGO/CCTV1.png
CCTV2,http://[2409:8087:1e02:20::10]/000000001000PLTV/11/224/3221226122/1.m3u8,网络源,https://kakaxi-1.asia/LOGO/CCTV2.png
CCTV3,http://[2409:8087:1e02:20::10]/000000001000PLTV/11/224/3221226165/1.m3u8,网络源,https://kakaxi-1.asia/LOGO/CCTV3.png
CCTV4,http://[2409:8087:1e02:20::10]/000000001000PLTV/11/224/3221226124/1.m3u8,网络源,https://kakaxi-1.asia/LOGO/CCTV4.png
CCTV5,http://[2409:8087:1e02:20::10]/000000001000PLTV/11/224/3221226146/1.m3u8,网络源,https://kakaxi-1.asia/LOGO/CCTV5.png
CCTV6,http://[2409:8087:1e02:20::10]/000000001000PLTV/11/224/3221226148/1.m3u8,网络源,https://kakaxi-1.asia/LOGO/CCTV6.png
CCTV7,http://[2409:8087:1e02:20::1a]/PLTV/11/224/3221226143/1.m3u8,网络源,https://kakaxi-1.asia/LOGO/CCTV7.png
CCTV8,http://[2409:8087:1e02:20::1a]/PLTV/11/224/3221226167/1.m3u8,网络源,https://kakaxi-1.asia/LOGO/CCTV8.png
CCTV10,http://[2409:8087:1e02:20::10]/000000001000PLTV/11/224/3221226169/1.m3u8,网络源,https://kakaxi-1.asia/LOGO/CCTV10.png
CCTV11,http://[2409:8087:1e02:20::1a]/PLTV/11/224/3221226145/1.m3u8,网络源,https://kakaxi-1.asia/LOGO/CCTV11.png
CCTV12,http://[2409:8087:1e02:20::10]/000000001000PLTV/11/224/3221226126/1.m3u8,网络源,https://kakaxi-1.asia/LOGO/CCTV12.png
CCTV13,http://[2409:8087:1e02:20::10]/000000001000PLTV/11/224/3221226128/1.m3u8,网络源,https://kakaxi-1.asia/LOGO/CCTV13.png
CCTV14,http://[2409:8087:1e02:20::10]/000000001000PLTV/11/224/3221226150/1.m3u8,网络源,https://kakaxi-1.asia/LOGO/CCTV14.png
CCTV15,http://[2409:8087:1e02:20::10]/000000001000PLTV/11/224/3221226147/1.m3u8,网络源,https://kakaxi-1.asia/LOGO/CCTV15.png
CCTV16,http://[2409:8087:1e02:20::10]/000000001000PLTV/11/224/3221226120/1.m3u8,网络源,https://kakaxi-1.asia/LOGO/CCTV16.png
湖南卫视,http://[2409:8087:1e02:20::10]/000000001000PLTV/11/224/3221225726/1.m3u8,网络源,https://kakaxi-1.asia/LOGO/湖南卫视.png
浙江卫视,http://[2409:8087:1e02:20::10]/000000001000PLTV/11/224/3221225727/1.m3u8,网络源,https://kakaxi-1.asia/LOGO/浙江卫视.png
江苏卫视,http://[2409:8087:1e02:20::10]/000000001000PLTV/11/224/3221225720/1.m3u8,网络源,https://kakaxi-1.asia/LOGO/江苏卫视.png
东方卫视,http://[2409:8087:1e02:20::1a]/PLTV/11/224/3221226106/1.m3u8,网络源,https://kakaxi-1.asia/LOGO/东方卫视.png
深圳卫视,http://[2409:8087:1e02:20::10]/000000001000PLTV/11/224/3221225728/1.m3u8,网络源,https://kakaxi-1.asia/LOGO/深圳卫视.png
北京卫视,http://[2409:8087:1e02:20::1a]/PLTV/11/224/3221225724/1.m3u8,网络源,https://kakaxi-1.asia/LOGO/北京卫视.png
广东卫视,http://[2409:8087:1e02:20::10]/000000001000PLTV/11/224/3221225731/1.m3u8,网络源,https://kakaxi-1.asia/LOGO/广东卫视.png
广西卫视,http://[2409:8087:1e02:20::1a]/PLTV/11/224/3221226130/1.m3u8,网络源,https://kakaxi-1.asia/LOGO/广西卫视.png
东南卫视,http://[2409:8087:1e02:20::10]/000000001000PLTV/11/224/3221225745/1.m3u8,网络源,https://kakaxi-1.asia/LOGO/东南卫视.png
海南卫视,http://[2409:8087:1e02:20::10]/000000001000PLTV/11/224/3221226154/1.m3u8,网络源,https://kakaxi-1.asia/LOGO/海南卫视.png
河北卫视,http://[2409:8087:1e02:20::10]/000000001000PLTV/11/224/3221226107/1.m3u8,网络源,https://kakaxi-1.asia/LOGO/河北卫视.png
河南卫视,http://[2409:8087:1e02:20::10]/000000001000PLTV/11/224/3221226132/1.m3u8,网络源,https://kakaxi-1.asia/LOGO/河南卫视.png
湖北卫视,http://[2409:8087:1e02:20::10]/000000001000PLTV/11/224/3221225729/1.m3u8,网络源,https://kakaxi-1.asia/LOGO/湖北卫视.png
江西卫视,http://[2409:8087:1e02:20::1a]/PLTV/11/224/3221225740/1.m3u8,网络源,https://kakaxi-1.asia/LOGO/江西卫视.png
四川卫视,http://[2409:8087:1e02:20::10]/000000001000PLTV/11/224/3221226152/1.m3u8,网络源,https://kakaxi-1.asia/LOGO/四川卫视.png
重庆卫视,http://[2409:8087:1e02:20::10]/000000001000PLTV/11/224/3221226171/1.m3u8,网络源,https://kakaxi-1.asia/LOGO/重庆卫视.png
贵州卫视,http://[2409:8087:1e02:20::1a]/PLTV/11/224/3221226173/1.m3u8,网络源,https://kakaxi-1.asia/LOGO/贵州卫视.png
云南卫视,http://[2409:8087:1e02:20::1a]/PLTV/11/224/3221226151/1.m3u8,网络源,https://kakaxi-1.asia/LOGO/云南卫视.png
天津卫视,http://[2409:8087:1e02:20::10]/000000001000PLTV/11/224/3221225742/1.m3u8,网络源,https://kakaxi-1.asia/LOGO/天津卫视.png
安徽卫视,http://[2409:8087:1e02:20::10]/000000001000PLTV/11/224/3221225739/1.m3u8,网络源,https://kakaxi-1.asia/LOGO/安徽卫视.png
山东卫视,http://[2409:8087:1e02:20::10]/000000001000PLTV/11/224/3221225733/1.m3u8,网络源,https://kakaxi-1.asia/LOGO/山东卫视.png
辽宁卫视,http://[2409:8087:1e02:20::10]/000000001000PLTV/11/224/3221225747/1.m3u8,网络源,https://kakaxi-1.asia/LOGO/辽宁卫视.png
黑龙江卫视,http://[2409:8087:1e02:20::10]/000000001000PLTV/11/224/3221225722/1.m3u8,网络源,https://kakaxi-1.asia/LOGO/黑龙江卫视.png
吉林卫视,http://[2409:8087:1e02:20::10]/000000001000PLTV/11/224/3221226149/1.m3u8,网络源,https://kakaxi-1.asia/LOGO/吉林卫视.png
内蒙古卫视,http://[2409:8087:1e02:20::10]/000000001000PLTV/11/224/3221226011/1.m3u8,网络源,https://kakaxi-1.asia/LOGO/内蒙古卫视.png
