频道名,地址,来源,图标
[VGA]揭阳综合高清,https://t.freetv.fun/live/jie-yang-zong-he-gao-qing-16.m3u8,网络源,https://epg.pw/media/uploads/tmp_logo/2014/06/05/20140605225331495365_87.jpg
[VGA]揭阳综合高清,https://t.freetv.fun/live/jie-yang-zong-he-gao-qing-18.m3u8,网络源,https://epg.pw/media/uploads/tmp_logo/2014/06/05/20140605225331495365_87.jpg
[VGA]揭阳综合高清,https://t.freetv.fun/live/jie-yang-zong-he-gao-qing-21.m3u8,网络源,https://epg.pw/media/uploads/tmp_logo/2014/06/05/20140605225331495365_87.jpg
[BD]揭阳综合高清,https://t.freetv.fun/live/jie-yang-zong-he-gao-qing-22.m3u8,网络源,https://epg.pw/media/uploads/tmp_logo/2014/06/05/20140605225331495365_87.jpg
[BD]揭阳综合高清,https://t.freetv.fun/live/jie-yang-zong-he-gao-qing-23.m3u8,网络源,https://epg.pw/media/uploads/tmp_logo/2014/06/05/20140605225331495365_87.jpg
[BD]揭阳综合高清,https://t.freetv.fun/live/jie-yang-zong-he-gao-qing-24.m3u8,网络源,https://epg.pw/media/uploads/tmp_logo/2014/06/05/20140605225331495365_87.jpg
[BD]揭阳综合高清,https://t.freetv.fun/live/jie-yang-zong-he-gao-qing-25.m3u8,网络源,https://epg.pw/media/uploads/tmp_logo/2014/06/05/20140605225331495365_87.jpg
[BD]揭阳综合高清,https://t.freetv.fun/live/jie-yang-zong-he-gao-qing-27.m3u8,网络源,https://epg.pw/media/uploads/tmp_logo/2014/06/05/20140605225331495365_87.jpg
[BD]揭阳综合高清,https://t.freetv.fun/live/jie-yang-zong-he-gao-qing-29.m3u8,网络源,https://epg.pw/media/uploads/tmp_logo/2014/06/05/20140605225331495365_87.jpg
[BD]揭阳综合高清,https://t.freetv.fun/live/jie-yang-zong-he-gao-qing-30.m3u8,网络源,https://epg.pw/media/uploads/tmp_logo/2014/06/05/20140605225331495365_87.jpg
[BD]揭阳综合高清,https://t.freetv.fun/live/jie-yang-zong-he-gao-qing-31.m3u8,网络源,https://epg.pw/media/uploads/tmp_logo/2014/06/05/20140605225331495365_87.jpg
[SD]新疆卫视,https://t.freetv.fun/live/xin-jiang-wei-shi.m3u8,网络源,https://epg.pw/media/images/channel/2022/05/31/large/20220531160954230977_59.jpg
[HD]新疆卫视,https://t.freetv.fun/live/xin-jiang-wei-shi-1.m3u8,网络源,https://epg.pw/media/images/channel/2022/05/31/large/20220531160954230977_59.jpg
[HD]新疆卫视,https://t.freetv.fun/live/xin-jiang-wei-shi-2.php,网络源,https://epg.pw/media/images/channel/2022/05/31/large/20220531160954230977_59.jpg
[SD]新疆卫视,https://t.freetv.fun/live/xin-jiang-wei-shi-6.m3u8,网络源,https://epg.pw/media/images/channel/2022/05/31/large/20220531160954230977_59.jpg
[BD]新疆卫视,https://t.freetv.fun/live/xin-jiang-wei-shi-7.m3u8,网络源,https://epg.pw/media/images/channel/2022/05/31/large/20220531160954230977_59.jpg
[BD]新疆卫视,https://t.freetv.fun/live/xin-jiang-wei-shi-11.m3u8,网络源,https://epg.pw/media/images/channel/2022/05/31/large/20220531160954230977_59.jpg
[VGA]新疆卫视,https://t.freetv.fun/live/xin-jiang-wei-shi-14.m3u8,网络源,https://epg.pw/media/images/channel/2022/05/31/large/20220531160954230977_59.jpg
[BD]新疆卫视,https://t.freetv.fun/live/xin-jiang-wei-shi-8.m3u8,网络源,https://epg.pw/media/images/channel/2022/05/31/large/20220531160954230977_59.jpg
[BD]新疆卫视,https://t.freetv.fun/live/xin-jiang-wei-shi-3.m3u8,网络源,https://epg.pw/media/images/channel/2022/05/31/large/20220531160954230977_59.jpg
[BD]新疆卫视,https://t.freetv.fun/live/xin-jiang-wei-shi-16.m3u8,网络源,https://epg.pw/media/images/channel/2022/05/31/large/20220531160954230977_59.jpg
[SD]新疆卫视,https://t.freetv.fun/live/xin-jiang-wei-shi-41.m3u8,网络源,https://epg.pw/media/images/channel/2022/05/31/large/20220531160954230977_59.jpg
[BD]新疆卫视,https://t.freetv.fun/live/xin-jiang-wei-shi-5.m3u8,网络源,https://epg.pw/media/images/channel/2022/05/31/large/20220531160954230977_59.jpg
[BD]新疆卫视,https://t.freetv.fun/live/xin-jiang-wei-shi-10.m3u8,网络源,https://epg.pw/media/images/channel/2022/05/31/large/20220531160954230977_59.jpg
[VGA]新疆卫视,https://t.freetv.fun/live/xin-jiang-wei-shi-4.m3u8,网络源,https://epg.pw/media/images/channel/2022/05/31/large/20220531160954230977_59.jpg
[SD]新疆卫视,https://t.freetv.fun/live/xin-jiang-wei-shi-12.m3u8,网络源,https://epg.pw/media/images/channel/2022/05/31/large/20220531160954230977_59.jpg
[BD]新疆卫视,https://t.freetv.fun/live/xin-jiang-wei-shi-13.m3u8,网络源,https://epg.pw/media/images/channel/2022/05/31/large/20220531160954230977_59.jpg
[BD]新疆卫视,https://t.freetv.fun/live/xin-jiang-wei-shi-17.m3u8,网络源,https://epg.pw/media/images/channel/2022/05/31/large/20220531160954230977_59.jpg
[BD]新疆卫视,https://t.freetv.fun/live/xin-jiang-wei-shi-18.m3u8,网络源,https://epg.pw/media/images/channel/2022/05/31/large/20220531160954230977_59.jpg
[HD]98.1 pearl fm,https://t.freetv.fun/live/98-1-pearl-fm.m3u8,网络源,https://epg.pw/media/images/channel/2024/12/26/large/20241226141232820122_81.png
[BD]明珠,https://t.freetv.fun/live/ming-zhu-4.php,网络源,https://epg.pw/media/images/channel/2024/12/26/large/20241226141232820122_81.png
[BD]明珠,https://t.freetv.fun/live/ming-zhu-6.m3u8,网络源,https://epg.pw/media/images/channel/2024/12/26/large/20241226141312380293_76.png
[BD]明珠,https://t.freetv.fun/live/ming-zhu-2.m3u8,网络源,https://epg.pw/media/images/channel/2024/12/26/large/20241226141312380293_76.png
[BD]明珠,https://t.freetv.fun/live/ming-zhu-3.m3u8,网络源,https://epg.pw/media/images/channel/2024/12/26/large/20241226141312380293_76.png
[BD]晋城公共,https://t.freetv.fun/live/jin-cheng-gong-gong-1.m3u8,网络源,https://epg.pw/media/images/channel/2022/11/01/large/20221101013917651923_84.jpg
[BD]晋城公共,https://t.freetv.fun/live/jin-cheng-gong-gong-1-1.m3u8,网络源,https://epg.pw/media/images/channel/2022/11/01/large/20221101013917651923_84.jpg
[BD]晋城新闻,https://t.freetv.fun/live/jin-cheng-xin-wen-1.m3u8,网络源,https://epg.pw/media/img/logo/3_246.jpg
[BD]晋城新闻,https://t.freetv.fun/live/jin-cheng-xin-wen-1-1.m3u8,网络源,https://epg.pw/media/img/logo/3_246.jpg
[BD]晋城新闻,https://t.freetv.fun/live/jin-cheng-xin-wen-2.m3u8,网络源,https://epg.pw/media/img/logo/3_246.jpg
[SD]白城新闻综合,https://t.freetv.fun/live/bai-cheng-xin-wen-zong-he.m3u8,网络源,https://epg.pw/media/images/channel/2022/11/01/large/20221101013959508413_44.jpg
[BD]郸城新闻综合,https://t.freetv.fun/live/dan-cheng-xin-wen-zong-he-1.m3u8,网络源,https://epg.pw/media/images/channel/2022/11/01/large/20221101013959508413_44.jpg
[SD]白城新闻综合,https://t.freetv.fun/live/bai-cheng-xin-wen-zong-he-2.m3u8,网络源,https://epg.pw/media/images/channel/2022/11/01/large/20221101013959508413_44.jpg
[HD]有线新闻台,https://t.freetv.fun/live/you-xian-xin-wen-tai-1.m3u8,网络源,https://epg.pw/media/images/channel/2020/07/14/large/20200714005324551300_94.png
[HD]有线新闻台,https://t.freetv.fun/live/you-xian-xin-wen-tai-1-1.m3u8,网络源,https://epg.pw/media/images/channel/2020/07/14/large/20200714005324551300_94.png
[HD]有线新闻台,https://t.freetv.fun/live/you-xian-xin-wen-tai-2.m3u8,网络源,https://epg.pw/media/images/channel/2020/07/14/large/20200714005324551300_94.png
[HD]有线新闻台,https://t.freetv.fun/live/you-xian-xin-wen-tai-3.m3u8,网络源,https://epg.pw/media/images/channel/2020/07/14/large/20200714005324551300_94.png
[HD]有线财经信息台,https://t.freetv.fun/live/you-xian-cai-jing-xin-xi-tai.m3u8,网络源,https://epg.pw/media/images/channel/2020/06/25/large/20200625232336807856_57.png
[BD]东南卫视,https://t.freetv.fun/live/dong-nan-wei-shi-2.m3u8,网络源,https://epg.pw/media/images/channel/2025/01/28/large/20250128055858539901_84.jpg
[SD]东南卫视,https://t.freetv.fun/live/dong-nan-wei-shi-3.m3u8,网络源,https://epg.pw/media/images/channel/2025/01/28/large/20250128055858539901_84.jpg
[HD]东南卫视,https://t.freetv.fun/live/dong-nan-wei-shi-8.m3u8,网络源,https://epg.pw/media/images/channel/2025/01/28/large/20250128055858539901_84.jpg
[VGA]东南卫视,https://t.freetv.fun/live/dong-nan-wei-shi-13.php,网络源,https://epg.pw/media/images/channel/2025/01/28/large/20250128055858539901_84.jpg
[BD]东南卫视,https://t.freetv.fun/live/dong-nan-wei-shi-11.m3u8,网络源,https://epg.pw/media/images/channel/2025/01/28/large/20250128055858539901_84.jpg
[SD]东南卫视,https://t.freetv.fun/live/dong-nan-wei-shi-14.m3u8,网络源,https://epg.pw/media/images/channel/2025/01/28/large/20250128055858539901_84.jpg
[BD]东南卫视,https://t.freetv.fun/live/dong-nan-wei-shi.m3u8,网络源,https://epg.pw/media/images/channel/2025/01/28/large/20250128055858539901_84.jpg
[BD]东南卫视,https://t.freetv.fun/live/dong-nan-wei-shi-10.m3u8,网络源,https://epg.pw/media/images/channel/2025/01/28/large/20250128055858539901_84.jpg
[BD]东南卫视,https://t.freetv.fun/live/dong-nan-wei-shi-64.m3u8,网络源,https://epg.pw/media/images/channel/2025/01/28/large/20250128055858539901_84.jpg
[BD]东南卫视,https://t.freetv.fun/live/dong-nan-wei-shi-1.m3u8,网络源,https://epg.pw/media/images/channel/2025/01/28/large/20250128055858539901_84.jpg
[BD]东南卫视,https://t.freetv.fun/live/dong-nan-wei-shi-4.m3u8,网络源,https://epg.pw/media/images/channel/2025/01/28/large/20250128055858539901_84.jpg
[BD]东南卫视,https://t.freetv.fun/live/dong-nan-wei-shi-5.m3u8,网络源,https://epg.pw/media/images/channel/2025/01/28/large/20250128055858539901_84.jpg
[VGA]东南卫视,https://t.freetv.fun/live/dong-nan-wei-shi-6.m3u8,网络源,https://epg.pw/media/images/channel/2025/01/28/large/20250128055858539901_84.jpg
[SD]东南卫视,https://t.freetv.fun/live/dong-nan-wei-shi-7.m3u8,网络源,https://epg.pw/media/images/channel/2025/01/28/large/20250128055858539901_84.jpg
[BD]东南卫视,https://t.freetv.fun/live/dong-nan-wei-shi-9.m3u8,网络源,https://epg.pw/media/images/channel/2025/01/28/large/20250128055858539901_84.jpg
[SD]东南卫视,https://t.freetv.fun/live/dong-nan-wei-shi-15.m3u8,网络源,https://epg.pw/media/images/channel/2025/01/28/large/20250128055858539901_84.jpg
[SD]东南卫视,https://t.freetv.fun/live/dong-nan-wei-shi-16.m3u8,网络源,https://epg.pw/media/images/channel/2025/01/28/large/20250128055858539901_84.jpg
[SD]东南卫视,https://t.freetv.fun/live/dong-nan-wei-shi-17.m3u8,网络源,https://epg.pw/media/images/channel/2025/01/28/large/20250128055858539901_84.jpg
[VGA]东南卫视,https://t.freetv.fun/live/dong-nan-wei-shi-18.m3u8,网络源,https://epg.pw/media/images/channel/2025/01/28/large/20250128055858539901_84.jpg
[HD]东南卫视,https://t.freetv.fun/live/dong-nan-wei-shi-19.m3u8,网络源,https://epg.pw/media/images/channel/2025/01/28/large/20250128055858539901_84.jpg
[HD]东南卫视,https://t.freetv.fun/live/dong-nan-wei-shi-20.php,网络源,https://epg.pw/media/images/channel/2025/01/28/large/20250128055858539901_84.jpg
[SD]东南卫视,https://t.freetv.fun/live/dong-nan-wei-shi-21.m3u8,网络源,https://epg.pw/media/images/channel/2025/01/28/large/20250128055858539901_84.jpg
[BD]东南卫视,https://t.freetv.fun/live/dong-nan-wei-shi-22.m3u8,网络源,https://epg.pw/media/images/channel/2025/01/28/large/20250128055858539901_84.jpg
[HD]东南卫视,https://t.freetv.fun/live/dong-nan-wei-shi-23.m3u8,网络源,https://epg.pw/media/images/channel/2025/01/28/large/20250128055858539901_84.jpg
[BD]东方影视,https://t.freetv.fun/live/dong-fang-ying-shi.m3u8,网络源,https://epg.pw/media/images/channel/2024/07/28/large/20240728224839286048_21.jpg
[BD]东方影视,https://t.freetv.fun/live/dong-fang-ying-shi-2.m3u8,网络源,https://epg.pw/media/images/channel/2024/07/28/large/20240728224839286048_21.jpg
[HD]上海东方影视,https://t.freetv.fun/live/shang-hai-dong-fang-ying-shi.php,网络源,https://epg.pw/media/images/channel/2024/07/28/large/20240728224839286048_21.jpg
[BD]东方卫视,https://t.freetv.fun/live/dong-fang-wei-shi-1.m3u8,网络源,https://epg.pw/media/images/channel/2023/06/05/large/20230605010227137581_33.jpg
[BD]东方卫视,https://t.freetv.fun/live/dong-fang-wei-shi-3.m3u8,网络源,https://epg.pw/media/images/channel/2023/06/05/large/20230605010227137581_33.jpg
[BD]东方卫视,https://t.freetv.fun/live/dong-fang-wei-shi-8.m3u8,网络源,https://epg.pw/media/images/channel/2023/06/05/large/20230605010227137581_33.jpg
[BD]东方卫视,https://t.freetv.fun/live/dong-fang-wei-shi-17.m3u8,网络源,https://epg.pw/media/images/channel/2023/06/05/large/20230605010227137581_33.jpg
[VGA]东方卫视,https://t.freetv.fun/live/dong-fang-wei-shi.m3u8,网络源,https://epg.pw/media/images/channel/2023/06/05/large/20230605010227137581_33.jpg
[BD]东方卫视,https://t.freetv.fun/live/dong-fang-wei-shi-2.m3u8,网络源,https://epg.pw/media/images/channel/2023/06/05/large/20230605010227137581_33.jpg
[BD]东方卫视,https://t.freetv.fun/live/dong-fang-wei-shi-4.m3u8,网络源,https://epg.pw/media/images/channel/2023/06/05/large/20230605010227137581_33.jpg
[BD]东方卫视,https://t.freetv.fun/live/dong-fang-wei-shi-5.m3u8,网络源,https://epg.pw/media/images/channel/2023/06/05/large/20230605010227137581_33.jpg
[BD]东方卫视,https://t.freetv.fun/live/dong-fang-wei-shi-6.m3u8,网络源,https://epg.pw/media/images/channel/2023/06/05/large/20230605010227137581_33.jpg
[HD]东方卫视,https://t.freetv.fun/live/dong-fang-wei-shi-7.m3u8,网络源,https://epg.pw/media/images/channel/2023/06/05/large/20230605010227137581_33.jpg
[BD]东方卫视,https://t.freetv.fun/live/dong-fang-wei-shi-10.m3u8,网络源,https://epg.pw/media/images/channel/2023/06/05/large/20230605010227137581_33.jpg
[BD]东方卫视,https://t.freetv.fun/live/dong-fang-wei-shi-11.m3u8,网络源,https://epg.pw/media/images/channel/2023/06/05/large/20230605010227137581_33.jpg
[SD]东方卫视,https://t.freetv.fun/live/dong-fang-wei-shi-12.m3u8,网络源,https://epg.pw/media/images/channel/2023/06/05/large/20230605010227137581_33.jpg
[BD]东方卫视,https://t.freetv.fun/live/dong-fang-wei-shi-13.php,网络源,https://epg.pw/media/images/channel/2023/06/05/large/20230605010227137581_33.jpg
[BD]东方卫视,https://t.freetv.fun/live/dong-fang-wei-shi-15.php,网络源,https://epg.pw/media/images/channel/2023/06/05/large/20230605010227137581_33.jpg
[BD]东方卫视,https://t.freetv.fun/live/dong-fang-wei-shi-16.m3u8,网络源,https://epg.pw/media/images/channel/2023/06/05/large/20230605010227137581_33.jpg
[BD]东方卫视,https://t.freetv.fun/live/dong-fang-wei-shi-18.m3u8,网络源,https://epg.pw/media/images/channel/2023/06/05/large/20230605010227137581_33.jpg
[BD]东方卫视,https://t.freetv.fun/live/dong-fang-wei-shi-24.m3u8,网络源,https://epg.pw/media/images/channel/2023/06/05/large/20230605010227137581_33.jpg
[SD]东方卫视,https://t.freetv.fun/live/dong-fang-wei-shi-27.m3u8,网络源,https://epg.pw/media/images/channel/2023/06/05/large/20230605010227137581_33.jpg
[HD]东方卫视,https://t.freetv.fun/live/dong-fang-wei-shi-30.m3u8,网络源,https://epg.pw/media/images/channel/2023/06/05/large/20230605010227137581_33.jpg
[BD]东方卫视 *b,https://t.freetv.fun/live/dong-fang-wei-shi-b.m3u8,网络源,https://epg.pw/media/images/channel/2023/06/05/large/20230605010227137581_33.jpg
[BD]东方卫视,https://t.freetv.fun/live/dong-fang-wei-shi-36.m3u8,网络源,https://epg.pw/media/images/channel/2023/06/05/large/20230605010227137581_33.jpg
[HD]东莞新闻综合,https://t.freetv.fun/live/dong-wan-xin-wen-zong-he-1-1.m3u8,网络源,https://epg.pw/media/images/channel/2023/07/20/large/20230720202619100011_24.png
[VGA]东莞综合,https://t.freetv.fun/live/dong-wan-zong-he.m3u8,网络源,https://epg.pw/media/images/channel/2022/05/27/large/20220527164828443441_80.jpg
[BD]歷史,https://t.freetv.fun/live/li-shi-4.m3u8,网络源,https://epg.pw/media/images/channel/2016/01/14/large/20160114185500574121_94.jpg
[BD]影视娱乐,https://t.freetv.fun/live/ying-shi-yu-le.m3u8,网络源,https://epg.pw/media/img/logo/1_334.jpg
[BD]-汕尾综合,https://t.freetv.fun/live/shan-wei-zong-he.m3u8,网络源,https://epg.pw/media/uploads/tmp_logo/2018/10/18/20181018000557428409_85.jpg
[BD]汕尾综合高清,https://t.freetv.fun/live/shan-wei-zong-he-gao-qing.m3u8,网络源,https://epg.pw/media/uploads/tmp_logo/2018/10/18/20181018000557428409_85.jpg
[BD]汕尾综合高清,https://t.freetv.fun/live/shan-wei-zong-he-gao-qing-2.m3u8,网络源,https://epg.pw/media/uploads/tmp_logo/2018/10/18/20181018000557428409_85.jpg
[BD]汕尾综合高清,https://t.freetv.fun/live/shan-wei-zong-he-gao-qing-3.m3u8,网络源,https://epg.pw/media/uploads/tmp_logo/2018/10/18/20181018000557428409_85.jpg
[BD]汕尾综合高清,https://t.freetv.fun/live/shan-wei-zong-he-gao-qing-4.m3u8,网络源,https://epg.pw/media/uploads/tmp_logo/2018/10/18/20181018000557428409_85.jpg
[BD]汕尾综合高清,https://t.freetv.fun/live/shan-wei-zong-he-gao-qing-5.m3u8,网络源,https://epg.pw/media/uploads/tmp_logo/2018/10/18/20181018000557428409_85.jpg
[BD]汕尾综合高清,https://t.freetv.fun/live/shan-wei-zong-he-gao-qing-6.m3u8,网络源,https://epg.pw/media/uploads/tmp_logo/2018/10/18/20181018000557428409_85.jpg
[BD]汕尾综合高清,https://t.freetv.fun/live/shan-wei-zong-he-gao-qing-7.m3u8,网络源,https://epg.pw/media/uploads/tmp_logo/2018/10/18/20181018000557428409_85.jpg
[BD]汕尾综合高清,https://t.freetv.fun/live/shan-wei-zong-he-gao-qing-8.m3u8,网络源,https://epg.pw/media/uploads/tmp_logo/2018/10/18/20181018000557428409_85.jpg
[BD]汕尾综合高清,https://t.freetv.fun/live/shan-wei-zong-he-gao-qing-9.m3u8,网络源,https://epg.pw/media/uploads/tmp_logo/2018/10/18/20181018000557428409_85.jpg
[VGA]汕尾综合高清,https://t.freetv.fun/live/shan-wei-zong-he-gao-qing-11.m3u8,网络源,https://epg.pw/media/uploads/tmp_logo/2018/10/18/20181018000557428409_85.jpg
[BD]汕尾综合高清,https://t.freetv.fun/live/shan-wei-zong-he-gao-qing-12.m3u8,网络源,https://epg.pw/media/uploads/tmp_logo/2018/10/18/20181018000557428409_85.jpg
[BD]汕尾综合高清,https://t.freetv.fun/live/shan-wei-zong-he-gao-qing-14.m3u8,网络源,https://epg.pw/media/uploads/tmp_logo/2018/10/18/20181018000557428409_85.jpg
[VGA]汕尾综合高清,https://t.freetv.fun/live/shan-wei-zong-he-gao-qing-15.m3u8,网络源,https://epg.pw/media/uploads/tmp_logo/2018/10/18/20181018000557428409_85.jpg
[VGA]汕尾综合高清,https://t.freetv.fun/live/shan-wei-zong-he-gao-qing-17.m3u8,网络源,https://epg.pw/media/uploads/tmp_logo/2018/10/18/20181018000557428409_85.jpg
[BD]汕尾综合高清,https://t.freetv.fun/live/shan-wei-zong-he-gao-qing-21.m3u8,网络源,https://epg.pw/media/uploads/tmp_logo/2018/10/18/20181018000557428409_85.jpg
[VGA]汕尾综合高清,https://t.freetv.fun/live/shan-wei-zong-he-gao-qing-22.m3u8,网络源,https://epg.pw/media/uploads/tmp_logo/2018/10/18/20181018000557428409_85.jpg
[VGA]汕尾综合高清,https://t.freetv.fun/live/shan-wei-zong-he-gao-qing-23.m3u8,网络源,https://epg.pw/media/uploads/tmp_logo/2018/10/18/20181018000557428409_85.jpg
[BD]汕尾综合高清,https://t.freetv.fun/live/shan-wei-zong-he-gao-qing-25.m3u8,网络源,https://epg.pw/media/uploads/tmp_logo/2018/10/18/20181018000557428409_85.jpg
[BD]汕尾综合高清,https://t.freetv.fun/live/shan-wei-zong-he-gao-qing-26.m3u8,网络源,https://epg.pw/media/uploads/tmp_logo/2018/10/18/20181018000557428409_85.jpg
[BD]汕尾综合高清,https://t.freetv.fun/live/shan-wei-zong-he-gao-qing-27.m3u8,网络源,https://epg.pw/media/uploads/tmp_logo/2018/10/18/20181018000557428409_85.jpg
[BD]汕尾综合高清,https://t.freetv.fun/live/shan-wei-zong-he-gao-qing-28.m3u8,网络源,https://epg.pw/media/uploads/tmp_logo/2018/10/18/20181018000557428409_85.jpg
[BD]汕尾综合高清,https://t.freetv.fun/live/shan-wei-zong-he-gao-qing-29.m3u8,网络源,https://epg.pw/media/uploads/tmp_logo/2018/10/18/20181018000557428409_85.jpg
[BD]汕尾综合高清,https://t.freetv.fun/live/shan-wei-zong-he-gao-qing-30.m3u8,网络源,https://epg.pw/media/uploads/tmp_logo/2018/10/18/20181018000557428409_85.jpg
[BD]汕尾综合高清,https://t.freetv.fun/live/shan-wei-zong-he-gao-qing-31.m3u8,网络源,https://epg.pw/media/uploads/tmp_logo/2018/10/18/20181018000557428409_85.jpg
[BD]汕头生活高清,https://t.freetv.fun/live/shan-tou-sheng-huo-gao-qing-1.m3u8,网络源,https://epg.pw/media/images/channel/2023/10/07/large/20231007180745847184_87.jpg
[BD]汕头生活高清,https://t.freetv.fun/live/shan-tou-sheng-huo-gao-qing-2.m3u8,网络源,https://epg.pw/media/images/channel/2023/10/07/large/20231007180745847184_87.jpg
[BD]汕头生活高清,https://t.freetv.fun/live/shan-tou-sheng-huo-gao-qing-5.m3u8,网络源,https://epg.pw/media/images/channel/2023/10/07/large/20231007180745847184_87.jpg
[BD]汕头生活高清,https://t.freetv.fun/live/shan-tou-sheng-huo-gao-qing-6.m3u8,网络源,https://epg.pw/media/images/channel/2023/10/07/large/20231007180745847184_87.jpg
[BD]汕头生活高清,https://t.freetv.fun/live/shan-tou-sheng-huo-gao-qing-7.m3u8,网络源,https://epg.pw/media/images/channel/2023/10/07/large/20231007180745847184_87.jpg
[BD]汕头生活高清,https://t.freetv.fun/live/shan-tou-sheng-huo-gao-qing-8.m3u8,网络源,https://epg.pw/media/images/channel/2023/10/07/large/20231007180745847184_87.jpg
[BD]汕头生活高清,https://t.freetv.fun/live/shan-tou-sheng-huo-gao-qing-10.m3u8,网络源,https://epg.pw/media/images/channel/2023/10/07/large/20231007180745847184_87.jpg
[BD]汕头生活高清,https://t.freetv.fun/live/shan-tou-sheng-huo-gao-qing-11.m3u8,网络源,https://epg.pw/media/images/channel/2023/10/07/large/20231007180745847184_87.jpg
[VGA]汕头生活高清,https://t.freetv.fun/live/shan-tou-sheng-huo-gao-qing-13.m3u8,网络源,https://epg.pw/media/images/channel/2023/10/07/large/20231007180745847184_87.jpg
[VGA]汕头生活高清,https://t.freetv.fun/live/shan-tou-sheng-huo-gao-qing-15.m3u8,网络源,https://epg.pw/media/images/channel/2023/10/07/large/20231007180745847184_87.jpg
[BD]汕头生活高清,https://t.freetv.fun/live/shan-tou-sheng-huo-gao-qing-17.m3u8,网络源,https://epg.pw/media/images/channel/2023/10/07/large/20231007180745847184_87.jpg
[VGA]汕头生活高清,https://t.freetv.fun/live/shan-tou-sheng-huo-gao-qing-23.m3u8,网络源,https://epg.pw/media/images/channel/2023/10/07/large/20231007180745847184_87.jpg
[BD]汕头生活高清,https://t.freetv.fun/live/shan-tou-sheng-huo-gao-qing-30.m3u8,网络源,https://epg.pw/media/images/channel/2023/10/07/large/20231007180745847184_87.jpg
[BD]汕头生活高清,https://t.freetv.fun/live/shan-tou-sheng-huo-gao-qing-31.m3u8,网络源,https://epg.pw/media/images/channel/2023/10/07/large/20231007180745847184_87.jpg
[BD]汕头综合高清,https://t.freetv.fun/live/shan-tou-zong-he-gao-qing-3.m3u8,网络源,https://epg.pw/media/images/channel/2023/11/01/large/20231101223003485086_27.jpg
[BD]汕头综合高清,https://t.freetv.fun/live/shan-tou-zong-he-gao-qing-4.m3u8,网络源,https://epg.pw/media/images/channel/2023/11/01/large/20231101223003485086_27.jpg
[BD]汕头综合高清,https://t.freetv.fun/live/shan-tou-zong-he-gao-qing-6.m3u8,网络源,https://epg.pw/media/images/channel/2023/11/01/large/20231101223003485086_27.jpg
[BD]汕头综合高清,https://t.freetv.fun/live/shan-tou-zong-he-gao-qing-7.m3u8,网络源,https://epg.pw/media/images/channel/2023/11/01/large/20231101223003485086_27.jpg
[VGA]汕头综合高清,https://t.freetv.fun/live/shan-tou-zong-he-gao-qing-14.m3u8,网络源,https://epg.pw/media/images/channel/2023/11/01/large/20231101223003485086_27.jpg
[VGA]汕头综合高清,https://t.freetv.fun/live/shan-tou-zong-he-gao-qing-16.m3u8,网络源,https://epg.pw/media/images/channel/2023/11/01/large/20231101223003485086_27.jpg
[VGA]汕头综合高清,https://t.freetv.fun/live/shan-tou-zong-he-gao-qing-18.m3u8,网络源,https://epg.pw/media/images/channel/2023/11/01/large/20231101223003485086_27.jpg
[VGA]汕头综合高清,https://t.freetv.fun/live/shan-tou-zong-he-gao-qing-19.m3u8,网络源,https://epg.pw/media/images/channel/2023/11/01/large/20231101223003485086_27.jpg
[BD]汕头综合高清,https://t.freetv.fun/live/shan-tou-zong-he-gao-qing-25.m3u8,网络源,https://epg.pw/media/images/channel/2023/11/01/large/20231101223003485086_27.jpg
[BD]汕头综合高清,https://t.freetv.fun/live/shan-tou-zong-he-gao-qing-27.m3u8,网络源,https://epg.pw/media/images/channel/2023/11/01/large/20231101223003485086_27.jpg
[BD]汕头综合高清,https://t.freetv.fun/live/shan-tou-zong-he-gao-qing-28.m3u8,网络源,https://epg.pw/media/images/channel/2023/11/01/large/20231101223003485086_27.jpg
[BD]汕头综合高清,https://t.freetv.fun/live/shan-tou-zong-he-gao-qing-29.m3u8,网络源,https://epg.pw/media/images/channel/2023/11/01/large/20231101223003485086_27.jpg
[VGA]公共新闻,https://t.freetv.fun/live/gong-gong-xin-wen.m3u8,网络源,https://epg.pw/media/images/channel/2022/05/30/large/20220530230145240280_53.jpg
[VGA]江苏城市,https://t.freetv.fun/live/jiang-su-cheng-shi.m3u8,网络源,https://epg.pw/media/images/channel/2022/05/30/large/20220530230012040614_78.jpg
[VGA]江苏影视,https://t.freetv.fun/live/jiang-su-ying-shi.m3u8,网络源,https://epg.pw/media/images/channel/2022/05/30/large/20220530230645676753_16.jpg
[BD]江苏影视,https://t.freetv.fun/live/jiang-su-ying-shi-1.m3u8,网络源,https://epg.pw/media/images/channel/2022/05/30/large/20220530230645676753_16.jpg
[VGA]江苏教育,https://t.freetv.fun/live/jiang-su-jiao-yu.m3u8,网络源,https://epg.pw/media/images/channel/2022/05/30/large/20220530230411135215_95.jpg
[VGA]江苏综艺,https://t.freetv.fun/live/jiang-su-zong-yi.m3u8,网络源,https://epg.pw/media/images/channel/2022/05/30/large/20220530230738460353_80.jpg
[BD]江苏卫视,https://t.freetv.fun/live/jiang-su-wei-shi-4.m3u8,网络源,https://epg.pw/media/images/channel/2022/05/30/large/20220530225651709500_84.jpg
[BD]江苏卫视,https://t.freetv.fun/live/jiang-su-wei-shi-7.m3u8,网络源,https://epg.pw/media/images/channel/2022/05/30/large/20220530225651709500_84.jpg
[BD]江苏卫视,https://t.freetv.fun/live/jiang-su-wei-shi-16.m3u8,网络源,https://epg.pw/media/images/channel/2022/05/30/large/20220530225651709500_84.jpg
[BD]江苏卫视,https://t.freetv.fun/live/jiang-su-wei-shi-17.php,网络源,https://epg.pw/media/images/channel/2022/05/30/large/20220530225651709500_84.jpg
[BD]江苏卫视,https://t.freetv.fun/live/jiang-su-wei-shi-11.m3u8,网络源,https://epg.pw/media/images/channel/2022/05/30/large/20220530225651709500_84.jpg
[BD]江苏卫视,https://t.freetv.fun/live/jiang-su-wei-shi-13.m3u8,网络源,https://epg.pw/media/images/channel/2022/05/30/large/20220530225651709500_84.jpg
[SD]江苏卫视,https://t.freetv.fun/live/jiang-su-wei-shi-10.m3u8,网络源,https://epg.pw/media/images/channel/2022/05/30/large/20220530225651709500_84.jpg
[BD]江苏卫视,https://t.freetv.fun/live/jiang-su-wei-shi-3.php,网络源,https://epg.pw/media/images/channel/2022/05/30/large/20220530225651709500_84.jpg
[BD]江苏卫视,https://t.freetv.fun/live/jiang-su-wei-shi.m3u8,网络源,https://epg.pw/media/images/channel/2022/05/30/large/20220530225651709500_84.jpg
[BD]江苏卫视,https://t.freetv.fun/live/jiang-su-wei-shi-1.m3u8,网络源,https://epg.pw/media/images/channel/2022/05/30/large/20220530225651709500_84.jpg
[BD]江苏卫视,https://t.freetv.fun/live/jiang-su-wei-shi-2.m3u8,网络源,https://epg.pw/media/images/channel/2022/05/30/large/20220530225651709500_84.jpg
[BD]江苏卫视,https://t.freetv.fun/live/jiang-su-wei-shi-5.m3u8,网络源,https://epg.pw/media/images/channel/2022/05/30/large/20220530225651709500_84.jpg
[BD]江苏卫视,https://t.freetv.fun/live/jiang-su-wei-shi-6.m3u8,网络源,https://epg.pw/media/images/channel/2022/05/30/large/20220530225651709500_84.jpg
[BD]江苏卫视,https://t.freetv.fun/live/jiang-su-wei-shi-8.m3u8,网络源,https://epg.pw/media/images/channel/2022/05/30/large/20220530225651709500_84.jpg
[BD]江苏卫视,https://t.freetv.fun/live/jiang-su-wei-shi-9.m3u8,网络源,https://epg.pw/media/images/channel/2022/05/30/large/20220530225651709500_84.jpg
[HD]江苏卫视,https://t.freetv.fun/live/jiang-su-wei-shi-12.m3u8,网络源,https://epg.pw/media/images/channel/2022/05/30/large/20220530225651709500_84.jpg
[BD]江苏卫视,https://t.freetv.fun/live/jiang-su-wei-shi-14.m3u8,网络源,https://epg.pw/media/images/channel/2022/05/30/large/20220530225651709500_84.jpg
[BD]江苏卫视,https://t.freetv.fun/live/jiang-su-wei-shi-15.m3u8,网络源,https://epg.pw/media/images/channel/2022/05/30/large/20220530225651709500_84.jpg
[BD]江苏卫视,https://t.freetv.fun/live/jiang-su-wei-shi-18.m3u8,网络源,https://epg.pw/media/images/channel/2022/05/30/large/20220530225651709500_84.jpg
[VGA]江苏卫视,https://t.freetv.fun/live/jiang-su-wei-shi-20.m3u8,网络源,https://epg.pw/media/images/channel/2022/05/30/large/20220530225651709500_84.jpg
[BD]江苏卫视,https://t.freetv.fun/live/jiang-su-wei-shi-21.m3u8,网络源,https://epg.pw/media/images/channel/2022/05/30/large/20220530225651709500_84.jpg
[BD]江苏卫视,https://t.freetv.fun/live/jiang-su-wei-shi-22.m3u8,网络源,https://epg.pw/media/images/channel/2022/05/30/large/20220530225651709500_84.jpg
[BD]江苏卫视,https://t.freetv.fun/live/jiang-su-wei-shi-23.m3u8,网络源,https://epg.pw/media/images/channel/2022/05/30/large/20220530225651709500_84.jpg
[BD]江苏卫视,https://t.freetv.fun/live/jiang-su-wei-shi-24.m3u8,网络源,https://epg.pw/media/images/channel/2022/05/30/large/20220530225651709500_84.jpg
[BD]江苏卫视,https://t.freetv.fun/live/jiang-su-wei-shi-25.m3u8,网络源,https://epg.pw/media/images/channel/2022/05/30/large/20220530225651709500_84.jpg
[VGA]江苏卫视,https://t.freetv.fun/live/jiang-su-wei-shi-28.m3u8,网络源,https://epg.pw/media/images/channel/2022/05/30/large/20220530225651709500_84.jpg
[BD]江苏卫视,https://t.freetv.fun/live/jiang-su-wei-shi-29.m3u8,网络源,https://epg.pw/media/images/channel/2024/12/31/large/20241231173306457410_14.png
[SD]江西卫视,https://t.freetv.fun/live/jiang-xi-wei-shi-2.m3u8,网络源,https://epg.pw/media/images/channel/2022/05/31/large/20220531144408646863_42.jpg
[BD]江西卫视,https://t.freetv.fun/live/jiang-xi-wei-shi-4.m3u8,网络源,https://epg.pw/media/images/channel/2022/05/31/large/20220531144408646863_42.jpg
[BD]江西卫视,https://t.freetv.fun/live/jiang-xi-wei-shi-5.m3u8,网络源,https://epg.pw/media/images/channel/2022/05/31/large/20220531144408646863_42.jpg
[VGA]江西卫视,https://t.freetv.fun/live/jiang-xi-wei-shi-7.m3u8,网络源,https://epg.pw/media/images/channel/2022/05/31/large/20220531144408646863_42.jpg
[BD]江西卫视,https://t.freetv.fun/live/jiang-xi-wei-shi-14.m3u8,网络源,https://epg.pw/media/images/channel/2022/05/31/large/20220531144408646863_42.jpg
[BD]江西卫视,https://t.freetv.fun/live/jiang-xi-wei-shi-20.m3u8,网络源,https://epg.pw/media/images/channel/2022/05/31/large/20220531144408646863_42.jpg
[BD]江西卫视,https://t.freetv.fun/live/jiang-xi-wei-shi-11.m3u8,网络源,https://epg.pw/media/images/channel/2022/05/31/large/20220531144408646863_42.jpg
[BD]江西卫视,https://t.freetv.fun/live/jiang-xi-wei-shi-21.m3u8,网络源,https://epg.pw/media/images/channel/2022/05/31/large/20220531144408646863_42.jpg
[BD]江西卫视,https://t.freetv.fun/live/jiang-xi-wei-shi.m3u8,网络源,https://epg.pw/media/images/channel/2022/05/31/large/20220531144408646863_42.jpg
[VGA]江西卫视,https://t.freetv.fun/live/jiang-xi-wei-shi-24.php,网络源,https://epg.pw/media/images/channel/2022/05/31/large/20220531144408646863_42.jpg
[BD]江西卫视,https://t.freetv.fun/live/jiang-xi-wei-shi-26.m3u8,网络源,https://epg.pw/media/images/channel/2022/05/31/large/20220531144408646863_42.jpg
[BD]江西卫视,https://t.freetv.fun/live/jiang-xi-wei-shi-27.m3u8,网络源,https://epg.pw/media/images/channel/2022/05/31/large/20220531144408646863_42.jpg
[BD]江西卫视,https://t.freetv.fun/live/jiang-xi-wei-shi-29.m3u8,网络源,https://epg.pw/media/images/channel/2022/05/31/large/20220531144408646863_42.jpg
[BD]江西卫视,https://t.freetv.fun/live/jiang-xi-wei-shi-30.m3u8,网络源,https://epg.pw/media/images/channel/2022/05/31/large/20220531144408646863_42.jpg
[VGA]江西卫视,https://t.freetv.fun/live/jiang-xi-wei-shi-31.m3u8,网络源,https://epg.pw/media/images/channel/2022/05/31/large/20220531144408646863_42.jpg
[HD]江西卫视,https://t.freetv.fun/live/jiang-xi-wei-shi-32.m3u8,网络源,https://epg.pw/media/images/channel/2022/05/31/large/20220531144408646863_42.jpg
[VGA]江西卫视,https://t.freetv.fun/live/jiang-xi-wei-shi-33.php,网络源,https://epg.pw/media/images/channel/2022/05/31/large/20220531144408646863_42.jpg
[SD]江西卫视,https://t.freetv.fun/live/jiang-xi-wei-shi-16.m3u8,网络源,https://epg.pw/media/images/channel/2022/05/31/large/20220531144408646863_42.jpg
[VGA]江西卫视,https://t.freetv.fun/live/jiang-xi-wei-shi-3.m3u8,网络源,https://epg.pw/media/images/channel/2022/05/31/large/20220531144408646863_42.jpg
[HD]江西卫视,https://t.freetv.fun/live/jiang-xi-wei-shi-8.m3u8,网络源,https://epg.pw/media/images/channel/2022/05/31/large/20220531144408646863_42.jpg
[BD]江西卫视,https://t.freetv.fun/live/jiang-xi-wei-shi-9.m3u8,网络源,https://epg.pw/media/images/channel/2022/05/31/large/20220531144408646863_42.jpg
[BD]江西卫视,https://t.freetv.fun/live/jiang-xi-wei-shi-10.m3u8,网络源,https://epg.pw/media/images/channel/2022/05/31/large/20220531144408646863_42.jpg
[HD]江西卫视,https://t.freetv.fun/live/jiang-xi-wei-shi-15.m3u8,网络源,https://epg.pw/media/images/channel/2022/05/31/large/20220531144408646863_42.jpg
[BD]江西卫视,https://t.freetv.fun/live/jiang-xi-wei-shi-17.m3u8,网络源,https://epg.pw/media/images/channel/2022/05/31/large/20220531144408646863_42.jpg
[BD]江西卫视,https://t.freetv.fun/live/jiang-xi-wei-shi-18.m3u8,网络源,https://epg.pw/media/images/channel/2022/05/31/large/20220531144408646863_42.jpg
[BD]江西卫视,https://t.freetv.fun/live/jiang-xi-wei-shi-19.m3u8,网络源,https://epg.pw/media/images/channel/2022/05/31/large/20220531144408646863_42.jpg
[BD]江西卫视,https://t.freetv.fun/live/jiang-xi-wei-shi-23.m3u8,网络源,https://epg.pw/media/images/channel/2022/05/31/large/20220531144408646863_42.jpg
[BD]江西卫视,https://t.freetv.fun/live/jiang-xi-wei-shi-25.m3u8,网络源,https://epg.pw/media/images/channel/2022/05/31/large/20220531144408646863_42.jpg
[HD]淮北经济生活,https://t.freetv.fun/live/huai-bei-jing-ji-sheng-huo-1.flv,网络源,https://epg.pw/media/images/channel/2022/05/31/large/20220531150116203512_52.jpg
[SD]河北卫视,https://t.freetv.fun/live/he-bei-wei-shi-5.m3u8,网络源,https://epg.pw/media/images/channel/2022/05/31/large/20220531145616881844_72.jpg
[BD]河北卫视,https://t.freetv.fun/live/he-bei-wei-shi-13.m3u8,网络源,https://epg.pw/media/images/channel/2022/05/31/large/20220531145616881844_72.jpg
[BD]河北卫视,https://t.freetv.fun/live/he-bei-wei-shi-17.m3u8,网络源,https://epg.pw/media/images/channel/2022/05/31/large/20220531145616881844_72.jpg
[SD]河北卫视,https://t.freetv.fun/live/he-bei-wei-shi-3.php,网络源,https://epg.pw/media/images/channel/2022/05/31/large/20220531145616881844_72.jpg
[BD]河北卫视,https://t.freetv.fun/live/he-bei-wei-shi-21.m3u8,网络源,https://epg.pw/media/images/channel/2022/05/31/large/20220531145616881844_72.jpg
[BD]河北卫视,https://t.freetv.fun/live/he-bei-wei-shi.m3u8,网络源,https://epg.pw/media/images/channel/2022/05/31/large/20220531145616881844_72.jpg
[VGA]河北卫视,https://t.freetv.fun/live/he-bei-wei-shi-1.m3u8,网络源,https://epg.pw/media/images/channel/2022/05/31/large/20220531145616881844_72.jpg
[SD]河北卫视,https://t.freetv.fun/live/he-bei-wei-shi-2.m3u8,网络源,https://epg.pw/media/images/channel/2022/05/31/large/20220531145616881844_72.jpg
[BD]河北卫视,https://t.freetv.fun/live/he-bei-wei-shi-4.m3u8,网络源,https://epg.pw/media/images/channel/2022/05/31/large/20220531145616881844_72.jpg
[SD]河北卫视,https://t.freetv.fun/live/he-bei-wei-shi-6.m3u8,网络源,https://epg.pw/media/images/channel/2022/05/31/large/20220531145616881844_72.jpg
[HD]河北卫视,https://t.freetv.fun/live/he-bei-wei-shi-7.m3u8,网络源,https://epg.pw/media/images/channel/2022/05/31/large/20220531145616881844_72.jpg
[VGA]河北卫视,https://t.freetv.fun/live/he-bei-wei-shi-8.m3u8,网络源,https://epg.pw/media/images/channel/2022/05/31/large/20220531145616881844_72.jpg
[HD]河北卫视,https://t.freetv.fun/live/he-bei-wei-shi-14.m3u8,网络源,https://epg.pw/media/images/channel/2022/05/31/large/20220531145616881844_72.jpg
[HD]河北卫视,https://t.freetv.fun/live/he-bei-wei-shi-15.m3u8,网络源,https://epg.pw/media/images/channel/2022/05/31/large/20220531145616881844_72.jpg
[BD]河北卫视,https://t.freetv.fun/live/he-bei-wei-shi-16.m3u8,网络源,https://epg.pw/media/images/channel/2022/05/31/large/20220531145616881844_72.jpg
[SD]河北卫视,https://t.freetv.fun/live/he-bei-wei-shi-18.m3u8,网络源,https://epg.pw/media/images/channel/2022/05/31/large/20220531145616881844_72.jpg
[BD]河北卫视,https://t.freetv.fun/live/he-bei-wei-shi-19.m3u8,网络源,https://epg.pw/media/images/channel/2022/05/31/large/20220531145616881844_72.jpg
[SD]河北卫视,https://t.freetv.fun/live/he-bei-wei-shi-20.m3u8,网络源,https://epg.pw/media/images/channel/2022/05/31/large/20220531145616881844_72.jpg
[SD]河北卫视,https://t.freetv.fun/live/he-bei-wei-shi-22.m3u8,网络源,https://epg.pw/media/images/channel/2022/05/31/large/20220531145616881844_72.jpg
[SD]河北卫视,https://t.freetv.fun/live/he-bei-wei-shi-23.m3u8,网络源,https://epg.pw/media/images/channel/2022/05/31/large/20220531145616881844_72.jpg
[SD]河北卫视,https://t.freetv.fun/live/he-bei-wei-shi-25.m3u8,网络源,https://epg.pw/media/images/channel/2022/05/31/large/20220531145616881844_72.jpg
[SD]河北 *b,https://t.freetv.fun/live/he-bei-b.m3u8,网络源,https://epg.pw/media/images/channel/2022/05/31/large/20220531145616881844_72.jpg
[HD]河北农民,https://t.freetv.fun/live/he-bei-nong-min-3.m3u8,网络源,https://epg.pw/media/images/channel/2022/05/31/large/20220531145755560747_44.jpg
[BD]河南公共,https://t.freetv.fun/live/he-nan-gong-gong.m3u8,网络源,https://epg.pw/media/images/channel/2022/05/31/large/20220531143142546670_12.jpg
[BD]河南卫视,https://t.freetv.fun/live/he-nan-wei-shi.m3u8,网络源,https://epg.pw/media/images/channel/2022/05/30/large/20220530233814283449_10.jpg
[SD]河南卫视,https://t.freetv.fun/live/he-nan-wei-shi-1.m3u8,网络源,https://epg.pw/media/images/channel/2022/05/30/large/20220530233814283449_10.jpg
[HD]河南卫视,https://t.freetv.fun/live/he-nan-wei-shi-2.m3u8,网络源,https://epg.pw/media/images/channel/2022/05/30/large/20220530233814283449_10.jpg
[BD]河南卫视,https://t.freetv.fun/live/he-nan-wei-shi-3.m3u8,网络源,https://epg.pw/media/images/channel/2022/05/30/large/20220530233814283449_10.jpg
[BD]河南卫视,https://t.freetv.fun/live/he-nan-wei-shi-9.m3u8,网络源,https://epg.pw/media/images/channel/2022/05/30/large/20220530233814283449_10.jpg
[SD]河南卫视,https://t.freetv.fun/live/he-nan-wei-shi-14.m3u8,网络源,https://epg.pw/media/images/channel/2022/05/30/large/20220530233814283449_10.jpg
[BD]河南卫视,https://t.freetv.fun/live/he-nan-wei-shi-24.m3u8,网络源,https://epg.pw/media/images/channel/2022/05/30/large/20220530233814283449_10.jpg
[BD]河南卫视,https://t.freetv.fun/live/he-nan-wei-shi-25.m3u8,网络源,https://epg.pw/media/images/channel/2022/05/30/large/20220530233814283449_10.jpg
[BD]河南卫视,https://t.freetv.fun/live/he-nan-wei-shi-28.m3u8,网络源,https://epg.pw/media/images/channel/2022/05/30/large/20220530233814283449_10.jpg
[BD]河南卫视,https://t.freetv.fun/live/he-nan-wei-shi-36.m3u8,网络源,https://epg.pw/media/images/channel/2022/05/30/large/20220530233814283449_10.jpg
[SD]河南卫视,https://t.freetv.fun/live/he-nan-wei-shi-42.m3u8,网络源,https://epg.pw/media/images/channel/2022/05/30/large/20220530233814283449_10.jpg
[BD]河南卫视,https://t.freetv.fun/live/he-nan-wei-shi-4.m3u8,网络源,https://epg.pw/media/images/channel/2022/05/30/large/20220530233814283449_10.jpg
[BD]河南卫视,https://t.freetv.fun/live/he-nan-wei-shi-5.m3u8,网络源,https://epg.pw/media/images/channel/2022/05/30/large/20220530233814283449_10.jpg
[HD]河南卫视,https://t.freetv.fun/live/he-nan-wei-shi-6.m3u8,网络源,https://epg.pw/media/images/channel/2022/05/30/large/20220530233814283449_10.jpg
[BD]河南卫视,https://t.freetv.fun/live/he-nan-wei-shi-7.m3u8,网络源,https://epg.pw/media/images/channel/2022/05/30/large/20220530233814283449_10.jpg
[BD]河南卫视,https://t.freetv.fun/live/he-nan-wei-shi-10.m3u8,网络源,https://epg.pw/media/images/channel/2022/05/30/large/20220530233814283449_10.jpg
[BD]河南卫视,https://t.freetv.fun/live/he-nan-wei-shi-13.php,网络源,https://epg.pw/media/images/channel/2022/05/30/large/20220530233814283449_10.jpg
[BD]河南卫视,https://t.freetv.fun/live/he-nan-wei-shi-15.m3u8,网络源,https://epg.pw/media/images/channel/2022/05/30/large/20220530233814283449_10.jpg
[SD]河南卫视,https://t.freetv.fun/live/he-nan-wei-shi-16.m3u8,网络源,https://epg.pw/media/images/channel/2022/05/30/large/20220530233814283449_10.jpg
[SD]河南卫视,https://t.freetv.fun/live/he-nan-wei-shi-17.m3u8,网络源,https://epg.pw/media/images/channel/2022/05/30/large/20220530233814283449_10.jpg
[BD]河南卫视,https://t.freetv.fun/live/he-nan-wei-shi-18.m3u8,网络源,https://epg.pw/media/images/channel/2022/05/30/large/20220530233814283449_10.jpg
[VGA]河南卫视,https://t.freetv.fun/live/he-nan-wei-shi-20.m3u8,网络源,https://epg.pw/media/images/channel/2022/05/30/large/20220530233814283449_10.jpg
[VGA]河南卫视,https://t.freetv.fun/live/he-nan-wei-shi-21.m3u8,网络源,https://epg.pw/media/images/channel/2022/05/30/large/20220530233814283449_10.jpg
[BD]河南卫视,https://t.freetv.fun/live/he-nan-wei-shi-22.m3u8,网络源,https://epg.pw/media/images/channel/2022/05/30/large/20220530233814283449_10.jpg
[BD]河南卫视,https://t.freetv.fun/live/he-nan-wei-shi-23.php,网络源,https://epg.pw/media/images/channel/2022/05/30/large/20220530233814283449_10.jpg
[BD]河南卫视,https://t.freetv.fun/live/he-nan-wei-shi-26.m3u8,网络源,https://epg.pw/media/images/channel/2022/05/30/large/20220530233814283449_10.jpg
[SD]河南卫视,https://t.freetv.fun/live/he-nan-wei-shi-27.m3u8,网络源,https://epg.pw/media/images/channel/2022/05/30/large/20220530233814283449_10.jpg
[SD]河南卫视,https://t.freetv.fun/live/he-nan-wei-shi-29.m3u8,网络源,https://epg.pw/media/images/channel/2022/05/30/large/20220530233814283449_10.jpg
[BD]河南卫视,https://t.freetv.fun/live/he-nan-wei-shi-30.m3u8,网络源,https://epg.pw/media/images/channel/2022/05/30/large/20220530233814283449_10.jpg
[BD]河南卫视,https://t.freetv.fun/live/he-nan-wei-shi-32.m3u8,网络源,https://epg.pw/media/images/channel/2022/05/30/large/20220530233814283449_10.jpg
[BD]河南卫视,https://t.freetv.fun/live/he-nan-wei-shi-33.php,网络源,https://epg.pw/media/images/channel/2022/05/30/large/20220530233814283449_10.jpg
[BD]河南卫视,https://t.freetv.fun/live/he-nan-wei-shi-34.m3u8,网络源,https://epg.pw/media/images/channel/2022/05/30/large/20220530233814283449_10.jpg
[SD]河南卫视,https://t.freetv.fun/live/he-nan-wei-shi-43.m3u8,网络源,https://epg.pw/media/images/channel/2022/05/30/large/20220530233814283449_10.jpg
[SD]河南卫视,https://t.freetv.fun/live/he-nan-wei-shi-44.m3u8,网络源,https://epg.pw/media/images/channel/2022/05/30/large/20220530233814283449_10.jpg
[VGA]河南卫视,https://t.freetv.fun/live/he-nan-wei-shi-52.m3u8,网络源,https://epg.pw/media/images/channel/2022/05/30/large/20220530233814283449_10.jpg
[BD]泰州经济生活,https://t.freetv.fun/live/tai-zhou-jing-ji-sheng-huo.m3u8,网络源,https://epg.pw/media/images/channel/2024/03/13/large/20240313193437771214_23.png
[VGA]泰州新闻综合,https://t.freetv.fun/live/tai-zhou-xin-wen-zong-he-1.m3u8,网络源,https://epg.pw/media/images/channel/2024/03/13/large/20240313193123214948_88.png
[BD]浙江国际,https://t.freetv.fun/live/zhe-jiang-guo-ji-2.m3u8,网络源,https://epg.pw/media/images/channel/2022/05/01/large/20220501233500757287_70.png
[BD]浙江国际,https://t.freetv.fun/live/zhe-jiang-guo-ji-2-1.m3u8,网络源,https://epg.pw/media/images/channel/2022/05/01/large/20220501233500757287_70.png
[HD]浙江国际,https://t.freetv.fun/live/zhe-jiang-guo-ji-3.m3u8,网络源,https://epg.pw/media/images/channel/2022/05/01/large/20220501233500757287_70.png
[BD]浙江国际,https://t.freetv.fun/live/zhe-jiang-guo-ji-8.m3u8,网络源,https://epg.pw/media/images/channel/2022/05/01/large/20220501233500757287_70.png
[VGA]浙江国际,https://t.freetv.fun/live/zhe-jiang-guo-ji-1-1.m3u8,网络源,https://epg.pw/media/images/channel/2022/05/01/large/20220501233500757287_70.png
[HD]浙江国际,https://t.freetv.fun/live/zhe-jiang-guo-ji-4.m3u8,网络源,https://epg.pw/media/images/channel/2022/05/01/large/20220501233500757287_70.png
[VGA]浙江国际,https://t.freetv.fun/live/zhe-jiang-guo-ji-5.m3u8,网络源,https://epg.pw/media/images/channel/2022/05/01/large/20220501233500757287_70.png
[BD]浙江少儿,https://t.freetv.fun/live/zhe-jiang-shao-er-3.m3u8,网络源,https://epg.pw/media/images/channel/2022/05/30/large/20220530221145480622_53.jpg
[BD]浙江少儿,https://t.freetv.fun/live/zhe-jiang-shao-er-1.m3u8,网络源,https://epg.pw/media/images/channel/2022/05/30/large/20220530221145480622_53.jpg
[BD]浙江少儿频道,https://t.freetv.fun/live/zhe-jiang-shao-er-pin-dao.m3u8,网络源,https://epg.pw/media/images/channel/2023/07/19/large/20230719123643125638_97.jpg
[BD]浙江少儿,https://t.freetv.fun/live/zhe-jiang-shao-er-4.m3u8,网络源,https://epg.pw/media/images/channel/2023/07/19/large/20230719123643125638_97.jpg
[VGA]浙江少儿,https://t.freetv.fun/live/zhe-jiang-shao-er-5.m3u8,网络源,https://epg.pw/media/images/channel/2023/07/19/large/20230719123643125638_97.jpg
[VGA]浙江少儿,https://t.freetv.fun/live/zhe-jiang-shao-er-6.m3u8,网络源,https://epg.pw/media/images/channel/2023/07/19/large/20230719123643125638_97.jpg
[BD]浙江少儿,https://t.freetv.fun/live/zhe-jiang-shao-er-7.m3u8,网络源,https://epg.pw/media/images/channel/2023/07/19/large/20230719123643125638_97.jpg
[VGA]浙江新闻,https://t.freetv.fun/live/zhe-jiang-xin-wen-3.m3u8,网络源,https://epg.pw/media/images/channel/2021/10/15/large/20211015190924231335_69.png
[BD]浙江新闻,https://t.freetv.fun/live/zhe-jiang-xin-wen-1.m3u8,网络源,https://epg.pw/media/images/channel/2021/10/15/large/20211015190924231335_69.png
[BD]浙江新闻,https://t.freetv.fun/live/zhe-jiang-xin-wen-2.m3u8,网络源,https://epg.pw/media/images/channel/2021/10/15/large/20211015190924231335_69.png
[VGA]浙江新闻,https://t.freetv.fun/live/zhe-jiang-xin-wen-1-1.m3u8,网络源,https://epg.pw/media/images/channel/2021/10/15/large/20211015190924231335_69.png
[BD]浙江新闻,https://t.freetv.fun/live/zhe-jiang-xin-wen-4.m3u8,网络源,https://epg.pw/media/images/channel/2021/10/15/large/20211015190924231335_69.png
[HD]浙江休闲,https://t.freetv.fun/live/zhe-jiang-xiu-xian.m3u8,网络源,https://epg.pw/media/images/channel/2022/05/30/large/20220530221028154749_27.jpg
[VGA]浙江休闲,https://t.freetv.fun/live/zhe-jiang-xiu-xian-1.m3u8,网络源,https://epg.pw/media/images/channel/2022/05/30/large/20220530221028154749_27.jpg
[BD]浙江民生休闲,https://t.freetv.fun/live/zhe-jiang-min-sheng-xiu-xian-5.m3u8,网络源,https://epg.pw/media/images/channel/2022/05/30/large/20220530221028154749_27.jpg
[VGA]浙江民生休闲,https://t.freetv.fun/live/zhe-jiang-min-sheng-xiu-xian-2.m3u8,网络源,https://epg.pw/media/images/channel/2022/05/30/large/20220530221028154749_27.jpg
[BD]浙江民生休闲,https://t.freetv.fun/live/zhe-jiang-min-sheng-xiu-xian-3.m3u8,网络源,https://epg.pw/media/images/channel/2022/05/30/large/20220530221028154749_27.jpg
[BD]浙江民生休闲,https://t.freetv.fun/live/zhe-jiang-min-sheng-xiu-xian-4.m3u8,网络源,https://epg.pw/media/images/channel/2022/05/30/large/20220530221028154749_27.jpg
[VGA]浙江｜民生休闲,https://t.freetv.fun/live/zhe-jiang-min-sheng-xiu-xian-1.m3u8,网络源,https://epg.pw/media/images/channel/2022/05/30/large/20220530221028154749_27.jpg
[HD]浙江民生休闲,https://t.freetv.fun/live/zhe-jiang-min-sheng-xiu-xian-1-1.m3u8,网络源,https://epg.pw/media/images/channel/2022/05/30/large/20220530221028154749_27.jpg
[VGA]浙江经济生活,https://t.freetv.fun/live/zhe-jiang-jing-ji-sheng-huo-1.m3u8,网络源,https://epg.pw/media/images/channel/2022/05/30/large/20220530220929501840_43.jpg
[VGA]浙江经济生活,https://t.freetv.fun/live/zhe-jiang-jing-ji-sheng-huo-1-1.m3u8,网络源,https://epg.pw/media/images/channel/2022/05/30/large/20220530220929501840_43.jpg
[VGA]浙江经济生活,https://t.freetv.fun/live/zhe-jiang-jing-ji-sheng-huo-4.m3u8,网络源,https://epg.pw/media/images/channel/2022/05/30/large/20220530220929501840_43.jpg
[VGA]浙江经济生活,https://t.freetv.fun/live/zhe-jiang-jing-ji-sheng-huo-5.m3u8,网络源,https://epg.pw/media/images/channel/2022/05/30/large/20220530220929501840_43.jpg
[HD]浙江卫视,https://t.freetv.fun/live/zhe-jiang-wei-shi-3.m3u8,网络源,https://epg.pw/media/images/channel/2024/03/11/large/20240311112431672505_47.png
[BD]浙江卫视,https://t.freetv.fun/live/zhe-jiang-wei-shi-4.m3u8,网络源,https://epg.pw/media/images/channel/2024/03/11/large/20240311112431672505_47.png
[BD]浙江卫视,https://t.freetv.fun/live/zhe-jiang-wei-shi-5.m3u8,网络源,https://epg.pw/media/images/channel/2024/03/11/large/20240311112431672505_47.png
[BD]浙江卫视,https://t.freetv.fun/live/zhe-jiang-wei-shi-11.m3u8,网络源,https://epg.pw/media/images/channel/2024/03/11/large/20240311112431672505_47.png
[SD]浙江卫视,https://t.freetv.fun/live/zhe-jiang-wei-shi-16.m3u8,网络源,https://epg.pw/media/images/channel/2024/03/11/large/20240311112431672505_47.png
[BD]浙江卫视,https://t.freetv.fun/live/zhe-jiang-wei-shi-21.m3u8,网络源,https://epg.pw/media/images/channel/2024/03/11/large/20240311112431672505_47.png
[BD]浙江卫视,https://t.freetv.fun/live/zhe-jiang-wei-shi-1-1.m3u8,网络源,https://epg.pw/media/images/channel/2024/03/11/large/20240311112431672505_47.png
[BD]浙江卫视,https://t.freetv.fun/live/zhe-jiang-wei-shi-2.m3u8,网络源,https://epg.pw/media/images/channel/2024/03/11/large/20240311112431672505_47.png
[BD]浙江卫视,https://t.freetv.fun/live/zhe-jiang-wei-shi-15-1.m3u8,网络源,https://epg.pw/media/images/channel/2024/03/11/large/20240311112431672505_47.png
[BD]浙江卫视,https://t.freetv.fun/live/zhe-jiang-wei-shi-12.m3u8,网络源,https://epg.pw/media/images/channel/2024/03/11/large/20240311112431672505_47.png
[BD]浙江卫视,https://t.freetv.fun/live/zhe-jiang-wei-shi.m3u8,网络源,https://epg.pw/media/images/channel/2024/03/11/large/20240311112431672505_47.png
[BD]浙江卫视,https://t.freetv.fun/live/zhe-jiang-wei-shi-29.m3u8,网络源,https://epg.pw/media/images/channel/2024/03/11/large/20240311112431672505_47.png
[VGA]浙江卫视,https://t.freetv.fun/live/zhe-jiang-wei-shi-31.m3u8,网络源,https://epg.pw/media/images/channel/2024/03/11/large/20240311112431672505_47.png
[BD]浙江卫视,https://t.freetv.fun/live/zhe-jiang-wei-shi-33.m3u8,网络源,https://epg.pw/media/images/channel/2024/03/11/large/20240311112431672505_47.png
[BD]浙江卫视,https://t.freetv.fun/live/zhe-jiang-wei-shi-40.m3u8,网络源,https://epg.pw/media/images/channel/2024/03/11/large/20240311112431672505_47.png
[BD]浙江卫视,https://t.freetv.fun/live/zhe-jiang-wei-shi-18.m3u8,网络源,https://epg.pw/media/images/channel/2024/03/11/large/20240311112431672505_47.png
[BD]浙江卫视,https://t.freetv.fun/live/zhe-jiang-wei-shi-6.m3u8,网络源,https://epg.pw/media/images/channel/2024/03/11/large/20240311112431672505_47.png
[BD]浙江卫视,https://t.freetv.fun/live/zhe-jiang-wei-shi-7.m3u8,网络源,https://epg.pw/media/images/channel/2024/03/11/large/20240311112431672505_47.png
[SD]浙江卫视,https://t.freetv.fun/live/zhe-jiang-wei-shi-8.m3u8,网络源,https://epg.pw/media/images/channel/2024/03/11/large/20240311112431672505_47.png
[BD]浙江卫视,https://t.freetv.fun/live/zhe-jiang-wei-shi-9.m3u8,网络源,https://epg.pw/media/images/channel/2024/03/11/large/20240311112431672505_47.png
[BD]浙江卫视,https://t.freetv.fun/live/zhe-jiang-wei-shi-10.php,网络源,https://epg.pw/media/images/channel/2024/03/11/large/20240311112431672505_47.png
[BD]浙江卫视,https://t.freetv.fun/live/zhe-jiang-wei-shi-13.php,网络源,https://epg.pw/media/images/channel/2024/03/11/large/20240311112431672505_47.png
[SD]浙江卫视,https://t.freetv.fun/live/zhe-jiang-wei-shi-17.m3u8,网络源,https://epg.pw/media/images/channel/2024/03/11/large/20240311112431672505_47.png
[BD]浙江卫视,https://t.freetv.fun/live/zhe-jiang-wei-shi-19.m3u8,网络源,https://epg.pw/media/images/channel/2024/03/11/large/20240311112431672505_47.png
[BD]浙江卫视,https://t.freetv.fun/live/zhe-jiang-wei-shi-20.m3u8,网络源,https://epg.pw/media/images/channel/2024/03/11/large/20240311112431672505_47.png
[BD]浙江卫视,https://t.freetv.fun/live/zhe-jiang-wei-shi-24.m3u8,网络源,https://epg.pw/media/images/channel/2024/03/11/large/20240311112431672505_47.png
[SD]浙江卫视,https://t.freetv.fun/live/zhe-jiang-wei-shi-27.m3u8,网络源,https://epg.pw/media/images/channel/2024/03/11/large/20240311112431672505_47.png
[SD]浙江卫视,https://t.freetv.fun/live/zhe-jiang-wei-shi-28.m3u8,网络源,https://epg.pw/media/images/channel/2024/03/11/large/20240311112431672505_47.png
[SD]浙江卫视,https://t.freetv.fun/live/zhe-jiang-wei-shi-32.m3u8,网络源,https://epg.pw/media/images/channel/2024/03/11/large/20240311112431672505_47.png
[HD]浙江钱江都市,https://t.freetv.fun/live/zhe-jiang-qian-jiang-du-shi.m3u8,网络源,https://epg.pw/media/images/channel/2023/07/19/large/20230719123520355179_33.jpg
[BD]海南卫视,https://t.freetv.fun/live/hai-nan-wei-shi.m3u8,网络源,https://epg.pw/media/images/channel/2021/09/13/large/20210913004059839717_73.png
[BD]海南卫视,https://t.freetv.fun/live/hai-nan-wei-shi-1.m3u8,网络源,https://epg.pw/media/images/channel/2021/09/13/large/20210913004059839717_73.png
[BD]海南卫视,https://t.freetv.fun/live/hai-nan-wei-shi-6.m3u8,网络源,https://epg.pw/media/images/channel/2021/09/13/large/20210913004059839717_73.png
[SD]海南卫视,https://t.freetv.fun/live/hai-nan-wei-shi-8.m3u8,网络源,https://epg.pw/media/images/channel/2021/09/13/large/20210913004059839717_73.png
[SD]海南卫视,https://t.freetv.fun/live/hai-nan-wei-shi-12.m3u8,网络源,https://epg.pw/media/images/channel/2021/09/13/large/20210913004059839717_73.png
[BD]海南卫视,https://t.freetv.fun/live/hai-nan-wei-shi-5.m3u8,网络源,https://epg.pw/media/images/channel/2021/09/13/large/20210913004059839717_73.png
[SD]海南卫视,https://t.freetv.fun/live/hai-nan-wei-shi-3.m3u8,网络源,https://epg.pw/media/images/channel/2021/09/13/large/20210913004059839717_73.png
[SD]海南卫视,https://t.freetv.fun/live/hai-nan-wei-shi-73.m3u8,网络源,https://epg.pw/media/images/channel/2021/09/13/large/20210913004059839717_73.png
[SD]海南卫视,https://t.freetv.fun/live/hai-nan-wei-shi-7.m3u8,网络源,https://epg.pw/media/images/channel/2021/09/13/large/20210913004059839717_73.png
[VGA]海南卫视,https://t.freetv.fun/live/hai-nan-wei-shi-2.m3u8,网络源,https://epg.pw/media/images/channel/2021/09/13/large/20210913004059839717_73.png
[SD]海南卫视,https://t.freetv.fun/live/hai-nan-wei-shi-4.m3u8,网络源,https://epg.pw/media/images/channel/2021/09/13/large/20210913004059839717_73.png
[SD]海南卫视,https://t.freetv.fun/live/hai-nan-wei-shi-10.m3u8,网络源,https://epg.pw/media/images/channel/2021/09/13/large/20210913004059839717_73.png
[VGA]海南卫视,https://t.freetv.fun/live/hai-nan-wei-shi-11.m3u8,网络源,https://epg.pw/media/images/channel/2021/09/13/large/20210913004059839717_73.png
[BD]海南卫视,https://t.freetv.fun/live/hai-nan-wei-shi-13.m3u8,网络源,https://epg.pw/media/images/channel/2021/09/13/large/20210913004059839717_73.png
[SD]海南卫视,https://t.freetv.fun/live/hai-nan-wei-shi-14.m3u8,网络源,https://epg.pw/media/images/channel/2021/09/13/large/20210913004059839717_73.png
[BD]海南卫视,https://t.freetv.fun/live/hai-nan-wei-shi-15.php,网络源,https://epg.pw/media/images/channel/2021/09/13/large/20210913004059839717_73.png
[VGA]海南卫视,https://t.freetv.fun/live/hai-nan-wei-shi-16.m3u8,网络源,https://epg.pw/media/images/channel/2021/09/13/large/20210913004059839717_73.png
[BD]海南卫视,https://t.freetv.fun/live/hai-nan-wei-shi-17.m3u8,网络源,https://epg.pw/media/images/channel/2021/09/13/large/20210913004059839717_73.png
[HD]海南卫视,https://t.freetv.fun/live/hai-nan-wei-shi-18.m3u8,网络源,https://epg.pw/media/images/channel/2021/09/13/large/20210913004059839717_73.png
[BD]乌海新闻综合,https://t.freetv.fun/live/wu-hai-xin-wen-zong-he-1.m3u8,网络源,https://epg.pw/media/images/channel/2022/10/24/large/20221024210537367215_35.jpg
[BD]海峡卫视,https://t.freetv.fun/live/hai-xia-wei-shi.m3u8,网络源,https://epg.pw/media/images/channel/2025/01/28/large/20250128060839855238_81.jpg
[BD]海峡卫视,https://t.freetv.fun/live/hai-xia-wei-shi-1.m3u8,网络源,https://epg.pw/media/images/channel/2025/01/28/large/20250128060839855238_81.jpg
[VGA]海峡卫视,https://t.freetv.fun/live/hai-xia-wei-shi-2.m3u8,网络源,https://epg.pw/media/images/channel/2025/01/28/large/20250128060839855238_81.jpg
[BD]海峡卫视,https://t.freetv.fun/live/hai-xia-wei-shi-5.m3u8,网络源,https://epg.pw/media/images/channel/2025/01/28/large/20250128060839855238_81.jpg
[BD]海峡卫视,https://t.freetv.fun/live/hai-xia-wei-shi-7.m3u8,网络源,https://epg.pw/media/images/channel/2025/01/28/large/20250128060839855238_81.jpg
[SD]ช่อง 海绵宝宝,https://t.freetv.fun/live/ch-ng-hai-mian-bao-bao.m3u8,网络源,https://epg.pw/media/uploads/tmp_logo/2018/09/11/20180911125941022048_89.jpg
[BD]淮北矿业新闻综合,https://t.freetv.fun/live/huai-bei-kuang-ye-xin-wen-zong-he.m3u8,网络源,https://epg.pw/media/images/channel/2023/07/20/large/20230720194141586054_69.png
[SD]深圳卫视,https://t.freetv.fun/live/shen-zhen-wei-shi-7.m3u8,网络源,https://epg.pw/media/images/channel/2024/03/11/large/20240311112310613998_63.png
[BD]深圳卫视,https://t.freetv.fun/live/shen-zhen-wei-shi-16.m3u8,网络源,https://epg.pw/media/images/channel/2024/03/11/large/20240311112310613998_63.png
[BD]深圳卫视,https://t.freetv.fun/live/shen-zhen-wei-shi-27.m3u8,网络源,https://epg.pw/media/images/channel/2024/03/11/large/20240311112310613998_63.png
[BD]深圳卫视,https://t.freetv.fun/live/shen-zhen-wei-shi-6.m3u8,网络源,https://epg.pw/media/images/channel/2024/03/11/large/20240311112310613998_63.png
[BD]深圳卫视,https://t.freetv.fun/live/shen-zhen-wei-shi-26.m3u8,网络源,https://epg.pw/media/images/channel/2024/03/11/large/20240311112310613998_63.png
[VGA]深圳卫视,https://t.freetv.fun/live/shen-zhen-wei-shi-29.m3u8,网络源,https://epg.pw/media/images/channel/2024/03/11/large/20240311112310613998_63.png
[BD]深圳卫视,https://t.freetv.fun/live/shen-zhen-wei-shi-19.php,网络源,https://epg.pw/media/images/channel/2024/03/11/large/20240311112310613998_63.png
[VGA]深圳卫视,https://t.freetv.fun/live/shen-zhen-wei-shi.m3u8,网络源,https://epg.pw/media/images/channel/2024/03/11/large/20240311112310613998_63.png
[BD]深圳卫视,https://t.freetv.fun/live/shen-zhen-wei-shi-1.m3u8,网络源,https://epg.pw/media/images/channel/2024/03/11/large/20240311112310613998_63.png
[BD]深圳卫视,https://t.freetv.fun/live/shen-zhen-wei-shi-2.m3u8,网络源,https://epg.pw/media/images/channel/2024/03/11/large/20240311112310613998_63.png
[HD]深圳卫视,https://t.freetv.fun/live/shen-zhen-wei-shi-3.m3u8,网络源,https://epg.pw/media/images/channel/2024/03/11/large/20240311112310613998_63.png
[HD]深圳卫视,https://t.freetv.fun/live/shen-zhen-wei-shi-4.m3u8,网络源,https://epg.pw/media/images/channel/2024/03/11/large/20240311112310613998_63.png
[HD]深圳卫视,https://t.freetv.fun/live/shen-zhen-wei-shi-5.m3u8,网络源,https://epg.pw/media/images/channel/2024/03/11/large/20240311112310613998_63.png
[BD]深圳卫视,https://t.freetv.fun/live/shen-zhen-wei-shi-8.m3u8,网络源,https://epg.pw/media/images/channel/2024/03/11/large/20240311112310613998_63.png
[VGA]深圳卫视,https://t.freetv.fun/live/shen-zhen-wei-shi-10.m3u8,网络源,https://epg.pw/media/images/channel/2024/03/11/large/20240311112310613998_63.png
[BD]深圳卫视,https://t.freetv.fun/live/shen-zhen-wei-shi-11.m3u8,网络源,https://epg.pw/media/images/channel/2024/03/11/large/20240311112310613998_63.png
[BD]深圳卫视,https://t.freetv.fun/live/shen-zhen-wei-shi-12.m3u8,网络源,https://epg.pw/media/images/channel/2024/03/11/large/20240311112310613998_63.png
[BD]深圳卫视,https://t.freetv.fun/live/shen-zhen-wei-shi-13.m3u8,网络源,https://epg.pw/media/images/channel/2024/03/11/large/20240311112310613998_63.png
[BD]深圳卫视,https://t.freetv.fun/live/shen-zhen-wei-shi-17.m3u8,网络源,https://epg.pw/media/images/channel/2024/03/11/large/20240311112310613998_63.png
[BD]深圳卫视,https://t.freetv.fun/live/shen-zhen-wei-shi-18.m3u8,网络源,https://epg.pw/media/images/channel/2024/03/11/large/20240311112310613998_63.png
[BD]深圳卫视,https://t.freetv.fun/live/shen-zhen-wei-shi-21.m3u8,网络源,https://epg.pw/media/images/channel/2024/03/11/large/20240311112310613998_63.png
[BD]深圳卫视,https://t.freetv.fun/live/shen-zhen-wei-shi-22.m3u8,网络源,https://epg.pw/media/images/channel/2024/03/11/large/20240311112310613998_63.png
[BD]深圳卫视,https://t.freetv.fun/live/shen-zhen-wei-shi-23.m3u8,网络源,https://epg.pw/media/images/channel/2024/03/11/large/20240311112310613998_63.png
[BD]深圳卫视,https://t.freetv.fun/live/shen-zhen-wei-shi-24.m3u8,网络源,https://epg.pw/media/images/channel/2024/03/11/large/20240311112310613998_63.png
[BD]深圳卫视,https://t.freetv.fun/live/shen-zhen-wei-shi-28.m3u8,网络源,https://epg.pw/media/images/channel/2024/03/11/large/20240311112310613998_63.png
[BD]深圳卫视,https://t.freetv.fun/live/shen-zhen-wei-shi-30.m3u8,网络源,https://epg.pw/media/images/channel/2024/03/11/large/20240311112310613998_63.png
[BD]深圳卫视,https://t.freetv.fun/live/shen-zhen-wei-shi-33.php,网络源,https://epg.pw/media/images/channel/2024/03/11/large/20240311112310613998_63.png
[BD]深圳卫视,https://t.freetv.fun/live/shen-zhen-wei-shi-35.m3u8,网络源,https://epg.pw/media/images/channel/2024/03/11/large/20240311112310613998_63.png
[BD]深圳卫视,https://t.freetv.fun/live/shen-zhen-wei-shi-36.m3u8,网络源,https://epg.pw/media/images/channel/2024/03/11/large/20240311112310613998_63.png
[BD]深圳卫视,https://t.freetv.fun/live/shen-zhen-wei-shi-37.m3u8,网络源,https://epg.pw/media/images/channel/2024/03/11/large/20240311112310613998_63.png
[BD]深圳卫视,https://t.freetv.fun/live/shen-zhen-wei-shi-38.m3u8,网络源,https://epg.pw/media/images/channel/2024/03/11/large/20240311112310613998_63.png
[BD]深圳卫视,https://t.freetv.fun/live/shen-zhen-wei-shi-39.m3u8,网络源,https://epg.pw/media/images/channel/2024/03/11/large/20240311112310613998_63.png
[BD]深圳都市,https://t.freetv.fun/live/shen-zhen-du-shi-1.m3u8,网络源,https://epg.pw/media/images/channel/2022/05/19/large/20220519234446820820_32.jpg
[BD]深圳都市,https://t.freetv.fun/live/shen-zhen-du-shi-2.m3u8,网络源,https://epg.pw/media/images/channel/2022/05/19/large/20220519234446820820_32.jpg
[VGA]深圳都市,https://t.freetv.fun/live/shen-zhen-du-shi-6.m3u8,网络源,https://epg.pw/media/images/channel/2022/05/19/large/20220519234446820820_32.jpg
[VGA]深圳电视,https://t.freetv.fun/live/shen-zhen-dian-shi.m3u8,网络源,https://epg.pw/media/images/channel/2022/05/19/large/20220519234321215989_39.jpg
[HD]深圳电视剧,https://t.freetv.fun/live/shen-zhen-dian-shi-ju.m3u8,网络源,https://epg.pw/media/images/channel/2022/05/19/large/20220519234321215989_39.jpg
[HD]湖北卫视,https://t.freetv.fun/live/hu-bei-wei-shi-2-1.m3u8,网络源,https://epg.pw/media/images/channel/2017/01/08/large/20170108220858481970_23.jpg
[SD]湖北卫视,https://t.freetv.fun/live/hu-bei-wei-shi-3.m3u8,网络源,https://epg.pw/media/images/channel/2017/01/08/large/20170108220858481970_23.jpg
[BD]湖北卫视,https://t.freetv.fun/live/hu-bei-wei-shi-6.m3u8,网络源,https://epg.pw/media/images/channel/2017/01/08/large/20170108220858481970_23.jpg
[BD]湖北卫视,https://t.freetv.fun/live/hu-bei-wei-shi-8.m3u8,网络源,https://epg.pw/media/images/channel/2017/01/08/large/20170108220858481970_23.jpg
[SD]湖北卫视,https://t.freetv.fun/live/hu-bei-wei-shi-10.m3u8,网络源,https://epg.pw/media/images/channel/2017/01/08/large/20170108220858481970_23.jpg
[SD]湖北卫视,https://t.freetv.fun/live/hu-bei-wei-shi-15.php,网络源,https://epg.pw/media/images/channel/2017/01/08/large/20170108220858481970_23.jpg
[SD]湖北卫视,https://t.freetv.fun/live/hu-bei-wei-shi-17.php,网络源,https://epg.pw/media/images/channel/2017/01/08/large/20170108220858481970_23.jpg
[BD]湖北卫视,https://t.freetv.fun/live/hu-bei-wei-shi-1-1.m3u8,网络源,https://epg.pw/media/images/channel/2017/01/08/large/20170108220858481970_23.jpg
[BD]湖北卫视,https://t.freetv.fun/live/hu-bei-wei-shi-18.m3u8,网络源,https://epg.pw/media/images/channel/2017/01/08/large/20170108220858481970_23.jpg
[BD]湖北卫视,https://t.freetv.fun/live/hu-bei-wei-shi.m3u8,网络源,https://epg.pw/media/images/channel/2017/01/08/large/20170108220858481970_23.jpg
[VGA]湖北卫视,https://t.freetv.fun/live/hu-bei-wei-shi-7.m3u8,网络源,https://epg.pw/media/images/channel/2017/01/08/large/20170108220858481970_23.jpg
[BD]湖北卫视,https://t.freetv.fun/live/hu-bei-wei-shi-13.m3u8,网络源,https://epg.pw/media/images/channel/2017/01/08/large/20170108220858481970_23.jpg
[VGA]湖北卫视,https://t.freetv.fun/live/hu-bei-wei-shi-4.m3u8,网络源,https://epg.pw/media/images/channel/2017/01/08/large/20170108220858481970_23.jpg
[BD]湖北卫视,https://t.freetv.fun/live/hu-bei-wei-shi-5.m3u8,网络源,https://epg.pw/media/images/channel/2017/01/08/large/20170108220858481970_23.jpg
[SD]湖北卫视,https://t.freetv.fun/live/hu-bei-wei-shi-9.m3u8,网络源,https://epg.pw/media/images/channel/2017/01/08/large/20170108220858481970_23.jpg
[BD]湖北卫视,https://t.freetv.fun/live/hu-bei-wei-shi-11.m3u8,网络源,https://epg.pw/media/images/channel/2017/01/08/large/20170108220858481970_23.jpg
[VGA]湖北卫视,https://t.freetv.fun/live/hu-bei-wei-shi-12.m3u8,网络源,https://epg.pw/media/images/channel/2017/01/08/large/20170108220858481970_23.jpg
[BD]湖北卫视,https://t.freetv.fun/live/hu-bei-wei-shi-14.m3u8,网络源,https://epg.pw/media/images/channel/2017/01/08/large/20170108220858481970_23.jpg
[BD]湖北卫视,https://t.freetv.fun/live/hu-bei-wei-shi-19.m3u8,网络源,https://epg.pw/media/images/channel/2017/01/08/large/20170108220858481970_23.jpg
[BD]湖北卫视,https://t.freetv.fun/live/hu-bei-wei-shi-20.m3u8,网络源,https://epg.pw/media/images/channel/2017/01/08/large/20170108220858481970_23.jpg
[HD]湖北卫视,https://t.freetv.fun/live/hu-bei-wei-shi-21.m3u8,网络源,https://epg.pw/media/images/channel/2017/01/08/large/20170108220858481970_23.jpg
[BD]湖北卫视,https://t.freetv.fun/live/hu-bei-wei-shi-22.m3u8,网络源,https://epg.pw/media/images/channel/2017/01/08/large/20170108220858481970_23.jpg
[BD]湖北卫视,https://t.freetv.fun/live/hu-bei-wei-shi-23.m3u8,网络源,https://epg.pw/media/images/channel/2017/01/08/large/20170108220858481970_23.jpg
[BD]湖北卫视,https://t.freetv.fun/live/hu-bei-wei-shi-24.m3u8,网络源,https://epg.pw/media/images/channel/2017/01/08/large/20170108220858481970_23.jpg
[BD]湖北卫视,https://t.freetv.fun/live/hu-bei-wei-shi-25.m3u8,网络源,https://epg.pw/media/images/channel/2017/01/08/large/20170108220858481970_23.jpg
[BD]湖北卫视,https://t.freetv.fun/live/hu-bei-wei-shi-26.m3u8,网络源,https://epg.pw/media/images/channel/2017/01/08/large/20170108220858481970_23.jpg
[VGA]湖北卫视,https://t.freetv.fun/live/hu-bei-wei-shi-29.m3u8,网络源,https://epg.pw/media/images/channel/2017/01/08/large/20170108220858481970_23.jpg
[SD]湖南娱乐,https://t.freetv.fun/live/hu-nan-yu-le.m3u8,网络源,https://epg.pw/media/images/channel/2022/05/26/large/20220526213508482612_20.jpg
[SD]湖南娱乐,https://t.freetv.fun/live/hu-nan-yu-le-5.m3u8,网络源,https://epg.pw/media/images/channel/2022/05/26/large/20220526213508482612_20.jpg
[SD]湖南经视,https://t.freetv.fun/live/hu-nan-jing-shi.m3u8,网络源,https://epg.pw/media/images/channel/2022/05/26/large/20220526142556787828_84.jpg
[BD]湖南卫视,https://t.freetv.fun/live/hu-nan-wei-shi-1.m3u8,网络源,https://epg.pw/media/images/channel/2024/03/11/large/20240311111749846409_90.png
[BD]湖南卫视,https://t.freetv.fun/live/hu-nan-wei-shi-3.m3u8,网络源,https://epg.pw/media/images/channel/2024/03/11/large/20240311111749846409_90.png
[BD]湖南卫视,https://t.freetv.fun/live/hu-nan-wei-shi-5.m3u8,网络源,https://epg.pw/media/images/channel/2024/03/11/large/20240311111749846409_90.png
[SD]湖南卫视,https://t.freetv.fun/live/hu-nan-wei-shi-6.m3u8,网络源,https://epg.pw/media/images/channel/2024/03/11/large/20240311111749846409_90.png
[BD]湖南卫视,https://t.freetv.fun/live/hu-nan-wei-shi-8.m3u8,网络源,https://epg.pw/media/images/channel/2024/03/11/large/20240311111749846409_90.png
[BD]湖南卫视,https://t.freetv.fun/live/hu-nan-wei-shi-11.m3u8,网络源,https://epg.pw/media/images/channel/2024/03/11/large/20240311111749846409_90.png
[BD]湖南卫视,https://t.freetv.fun/live/hu-nan-wei-shi-12.m3u8,网络源,https://epg.pw/media/images/channel/2024/03/11/large/20240311111749846409_90.png
[BD]湖南卫视,https://t.freetv.fun/live/hu-nan-wei-shi-2.m3u8,网络源,https://epg.pw/media/images/channel/2024/03/11/large/20240311111749846409_90.png
[BD]湖南卫视,https://t.freetv.fun/live/hu-nan-wei-shi-19.m3u8,网络源,https://epg.pw/media/images/channel/2024/03/11/large/20240311111749846409_90.png
[BD]湖南卫视,https://t.freetv.fun/live/hu-nan-wei-shi-14.m3u8,网络源,https://epg.pw/media/images/channel/2024/03/11/large/20240311111749846409_90.png
[HD]湖南卫视,https://t.freetv.fun/live/hu-nan-wei-shi.m3u8,网络源,https://epg.pw/media/images/channel/2024/03/11/large/20240311111749846409_90.png
[BD]湖南卫视,https://t.freetv.fun/live/hu-nan-wei-shi-4.m3u8,网络源,https://epg.pw/media/images/channel/2024/03/11/large/20240311111749846409_90.png
[BD]湖南卫视,https://t.freetv.fun/live/hu-nan-wei-shi-7.m3u8,网络源,https://epg.pw/media/images/channel/2024/03/11/large/20240311111749846409_90.png
[SD]湖南卫视,https://t.freetv.fun/live/hu-nan-wei-shi-9.m3u8,网络源,https://epg.pw/media/images/channel/2024/03/11/large/20240311111749846409_90.png
[VGA]湖南卫视,https://t.freetv.fun/live/hu-nan-wei-shi-10.m3u8,网络源,https://epg.pw/media/images/channel/2024/03/11/large/20240311111749846409_90.png
[HD]湖南卫视,https://t.freetv.fun/live/hu-nan-wei-shi-13.m3u8,网络源,https://epg.pw/media/images/channel/2024/03/11/large/20240311111749846409_90.png
[BD]湖南卫视,https://t.freetv.fun/live/hu-nan-wei-shi-15.m3u8,网络源,https://epg.pw/media/images/channel/2024/03/11/large/20240311111749846409_90.png
[VGA]湖南卫视,https://t.freetv.fun/live/hu-nan-wei-shi-17.m3u8,网络源,https://epg.pw/media/images/channel/2024/03/11/large/20240311111749846409_90.png
[VGA]湖南卫视,https://t.freetv.fun/live/hu-nan-wei-shi-20.m3u8,网络源,https://epg.pw/media/images/channel/2024/03/11/large/20240311111749846409_90.png
[VGA]湖南卫视,https://t.freetv.fun/live/hu-nan-wei-shi-21.m3u8,网络源,https://epg.pw/media/images/channel/2024/03/11/large/20240311111749846409_90.png
[VGA]湖南卫视,https://t.freetv.fun/live/hu-nan-wei-shi-22.m3u8,网络源,https://epg.pw/media/images/channel/2024/03/11/large/20240311111749846409_90.png
[BD]湖南卫视,https://t.freetv.fun/live/hu-nan-wei-shi-23.m3u8,网络源,https://epg.pw/media/images/channel/2024/03/11/large/20240311111749846409_90.png
[BD]湖南卫视,https://t.freetv.fun/live/hu-nan-wei-shi-24.m3u8,网络源,https://epg.pw/media/images/channel/2024/03/11/large/20240311111749846409_90.png
[VGA]湖南卫视,https://t.freetv.fun/live/hu-nan-wei-shi-25.m3u8,网络源,https://epg.pw/media/images/channel/2024/03/11/large/20240311111749846409_90.png
[BD]湖南卫视,https://t.freetv.fun/live/hu-nan-wei-shi-26.php,网络源,https://epg.pw/media/images/channel/2024/03/11/large/20240311111749846409_90.png
[BD]湖南卫视,https://t.freetv.fun/live/hu-nan-wei-shi-27.m3u8,网络源,https://epg.pw/media/images/channel/2024/03/11/large/20240311111749846409_90.png
[BD]湖南卫视,https://t.freetv.fun/live/hu-nan-wei-shi-28.m3u8,网络源,https://epg.pw/media/images/channel/2024/03/11/large/20240311111749846409_90.png
[BD]湖南卫视,https://t.freetv.fun/live/hu-nan-wei-shi-29.php,网络源,https://epg.pw/media/images/channel/2024/03/11/large/20240311111749846409_90.png
[BD]湖南卫视,https://t.freetv.fun/live/hu-nan-wei-shi-30.m3u8,网络源,https://epg.pw/media/images/channel/2024/03/11/large/20240311111749846409_90.png
[BD]湖南卫视,https://t.freetv.fun/live/hu-nan-wei-shi-31.m3u8,网络源,https://epg.pw/media/images/channel/2024/03/11/large/20240311111749846409_90.png
[SD]湖南都市,https://t.freetv.fun/live/hu-nan-du-shi.m3u8,网络源,https://epg.pw/media/images/channel/2022/05/26/large/20220526122553316545_61.jpg
[SD]湖南都市,https://t.freetv.fun/live/hu-nan-du-shi-2.m3u8,网络源,https://epg.pw/media/images/channel/2022/05/26/large/20220526122553316545_61.jpg
[SD]湖南电视剧,https://t.freetv.fun/live/hu-nan-dian-shi-ju.m3u8,网络源,https://epg.pw/media/images/channel/2024/03/11/large/20240311111928211584_68.png
[BD]重庆|江津新闻综合,https://t.freetv.fun/live/zhong-qing-jiang-jin-xin-wen-zong-he.m3u8,网络源,https://epg.pw/media/images/channel/2022/11/01/large/20221101000354616391_13.jpg
[HD]吴江新闻综合,https://t.freetv.fun/live/wu-jiang-xin-wen-zong-he-1.m3u8,网络源,https://epg.pw/media/images/channel/2022/11/01/large/20221101000354616391_13.jpg
[HD]江阴新闻综合,https://t.freetv.fun/live/jiang-yin-xin-wen-zong-he-1.m3u8,网络源,https://epg.pw/media/images/channel/2022/11/01/large/20221101000354616391_13.jpg
[BD]经济科教高清,https://t.freetv.fun/live/jing-ji-ke-jiao-gao-qing-4.m3u8,网络源,https://epg.pw/media/images/channel/2022/11/01/large/20221101015212417692_86.jpg
[VGA]经济科教高清,https://t.freetv.fun/live/jing-ji-ke-jiao-gao-qing-16.m3u8,网络源,https://epg.pw/media/images/channel/2022/11/01/large/20221101015212417692_86.jpg
[VGA]经济科教高清,https://t.freetv.fun/live/jing-ji-ke-jiao-gao-qing-18.m3u8,网络源,https://epg.pw/media/images/channel/2022/11/01/large/20221101015212417692_86.jpg
[VGA]经济科教,https://t.freetv.fun/live/jing-ji-ke-jiao-2.m3u8,网络源,https://epg.pw/media/images/channel/2022/11/01/large/20221101015212417692_86.jpg
[BD]潮州综合高清,https://t.freetv.fun/live/chao-zhou-zong-he-gao-qing.m3u8,网络源,https://epg.pw/media/images/channel/2023/10/07/large/20231007174220816419_38.jpg
[BD]潮州综合高清,https://t.freetv.fun/live/chao-zhou-zong-he-gao-qing-1.m3u8,网络源,https://epg.pw/media/images/channel/2023/10/07/large/20231007174220816419_38.jpg
[BD]潮州综合高清,https://t.freetv.fun/live/chao-zhou-zong-he-gao-qing-2.m3u8,网络源,https://epg.pw/media/images/channel/2023/10/07/large/20231007174220816419_38.jpg
[BD]潮州综合高清,https://t.freetv.fun/live/chao-zhou-zong-he-gao-qing-3.m3u8,网络源,https://epg.pw/media/images/channel/2023/10/07/large/20231007174220816419_38.jpg
[BD]潮州综合高清,https://t.freetv.fun/live/chao-zhou-zong-he-gao-qing-4.m3u8,网络源,https://epg.pw/media/images/channel/2023/10/07/large/20231007174220816419_38.jpg
[BD]潮州综合高清,https://t.freetv.fun/live/chao-zhou-zong-he-gao-qing-5.m3u8,网络源,https://epg.pw/media/images/channel/2023/10/07/large/20231007174220816419_38.jpg
[BD]潮州综合高清,https://t.freetv.fun/live/chao-zhou-zong-he-gao-qing-6.m3u8,网络源,https://epg.pw/media/images/channel/2023/10/07/large/20231007174220816419_38.jpg
[BD]潮州综合高清,https://t.freetv.fun/live/chao-zhou-zong-he-gao-qing-7.m3u8,网络源,https://epg.pw/media/images/channel/2023/10/07/large/20231007174220816419_38.jpg
[BD]潮州综合高清,https://t.freetv.fun/live/chao-zhou-zong-he-gao-qing-9.m3u8,网络源,https://epg.pw/media/images/channel/2023/10/07/large/20231007174220816419_38.jpg
[BD]潮州综合高清,https://t.freetv.fun/live/chao-zhou-zong-he-gao-qing-11.m3u8,网络源,https://epg.pw/media/images/channel/2023/10/07/large/20231007174220816419_38.jpg
[BD]潮州综合高清,https://t.freetv.fun/live/chao-zhou-zong-he-gao-qing-12.m3u8,网络源,https://epg.pw/media/images/channel/2023/10/07/large/20231007174220816419_38.jpg
[BD]潮州综合高清,https://t.freetv.fun/live/chao-zhou-zong-he-gao-qing-13.m3u8,网络源,https://epg.pw/media/images/channel/2023/10/07/large/20231007174220816419_38.jpg
[VGA]潮州综合高清,https://t.freetv.fun/live/chao-zhou-zong-he-gao-qing-14.m3u8,网络源,https://epg.pw/media/images/channel/2023/10/07/large/20231007174220816419_38.jpg
[VGA]潮州综合高清,https://t.freetv.fun/live/chao-zhou-zong-he-gao-qing-16.m3u8,网络源,https://epg.pw/media/images/channel/2023/10/07/large/20231007174220816419_38.jpg
[BD]潮州综合高清,https://t.freetv.fun/live/chao-zhou-zong-he-gao-qing-17.m3u8,网络源,https://epg.pw/media/images/channel/2023/10/07/large/20231007174220816419_38.jpg
[VGA]潮州综合高清,https://t.freetv.fun/live/chao-zhou-zong-he-gao-qing-18.m3u8,网络源,https://epg.pw/media/images/channel/2023/10/07/large/20231007174220816419_38.jpg
[VGA]潮州综合高清,https://t.freetv.fun/live/chao-zhou-zong-he-gao-qing-21.m3u8,网络源,https://epg.pw/media/images/channel/2023/10/07/large/20231007174220816419_38.jpg
[VGA]潮州综合高清,https://t.freetv.fun/live/chao-zhou-zong-he-gao-qing-22.m3u8,网络源,https://epg.pw/media/images/channel/2023/10/07/large/20231007174220816419_38.jpg
[VGA]潮州综合高清,https://t.freetv.fun/live/chao-zhou-zong-he-gao-qing-23.m3u8,网络源,https://epg.pw/media/images/channel/2023/10/07/large/20231007174220816419_38.jpg
[BD]潮州综合高清,https://t.freetv.fun/live/chao-zhou-zong-he-gao-qing-25.m3u8,网络源,https://epg.pw/media/images/channel/2023/10/07/large/20231007174220816419_38.jpg
[BD]潮州综合高清,https://t.freetv.fun/live/chao-zhou-zong-he-gao-qing-26.m3u8,网络源,https://epg.pw/media/images/channel/2023/10/07/large/20231007174220816419_38.jpg
[BD]潮州综合高清,https://t.freetv.fun/live/chao-zhou-zong-he-gao-qing-27.m3u8,网络源,https://epg.pw/media/images/channel/2023/10/07/large/20231007174220816419_38.jpg
[BD]潮州综合高清,https://t.freetv.fun/live/chao-zhou-zong-he-gao-qing-29.m3u8,网络源,https://epg.pw/media/images/channel/2023/10/07/large/20231007174220816419_38.jpg
[BD]潮州综合高清,https://t.freetv.fun/live/chao-zhou-zong-he-gao-qing-30.m3u8,网络源,https://epg.pw/media/images/channel/2023/10/07/large/20231007174220816419_38.jpg
[BD]桂阳新闻综合,https://t.freetv.fun/live/gui-yang-xin-wen-zong-he.m3u8,网络源,https://epg.pw/media/images/channel/2022/10/24/large/20221024220739905235_98.jpg
[BD]-無綫新聞,https://t.freetv.fun/live/wu-xian-xin-wen-1.m3u8,网络源,https://epg.pw/media/images/channel/2023/07/20/large/20230720192239085500_67.png
[BD]无锡教育,https://t.freetv.fun/live/wu-xi-jiao-yu.m3u8,网络源,https://epg.pw/media/img/logo/3_300.jpg
[HD]无锡经济,https://t.freetv.fun/live/wu-xi-jing-ji.m3u8,网络源,https://epg.pw/media/img/logo/2_111.jpg
[BD]玉林公共 高清,https://t.freetv.fun/live/yu-lin-gong-gong-gao-qing.php,网络源,https://epg.pw/media/images/channel/2022/05/27/large/20220527162307973680_42.jpg
[BD]玉林综合 高清,https://t.freetv.fun/live/yu-lin-zong-he-gao-qing.php,网络源,https://epg.pw/media/images/channel/2022/05/27/large/20220527162205528949_87.jpg
[SD]吉林新闻综合,https://t.freetv.fun/live/ji-lin-xin-wen-zong-he.m3u8,网络源,https://epg.pw/media/images/channel/2022/05/27/large/20220527162205528949_87.jpg
[BD]现代教育,https://t.freetv.fun/live/xian-dai-jiao-yu-2.m3u8,网络源,https://epg.pw/media/images/channel/2022/05/07/large/20220507213333756088_57.jpg
[HD]环球电视,https://t.freetv.fun/live/huan-qiu-dian-shi.m3u8,网络源,https://epg.pw/media/images/channel/2022/03/18/large/20220318090803853591_56.png
[SD]甘肃卫视,https://t.freetv.fun/live/gan-su-wei-shi-1.m3u8,网络源,https://epg.pw/media/images/channel/2022/05/31/large/20220531224357857126_28.jpg
[SD]甘肃卫视,https://t.freetv.fun/live/gan-su-wei-shi-9.m3u8,网络源,https://epg.pw/media/images/channel/2022/05/31/large/20220531224357857126_28.jpg
[HD]甘肃卫视,https://t.freetv.fun/live/gan-su-wei-shi.m3u8,网络源,https://epg.pw/media/images/channel/2022/05/31/large/20220531224357857126_28.jpg
[BD]甘肃卫视,https://t.freetv.fun/live/gan-su-wei-shi-6.m3u8,网络源,https://epg.pw/media/images/channel/2022/05/31/large/20220531224357857126_28.jpg
[BD]甘肃卫视,https://t.freetv.fun/live/gan-su-wei-shi-12.m3u8,网络源,https://epg.pw/media/images/channel/2022/05/31/large/20220531224357857126_28.jpg
[BD]甘肃卫视,https://t.freetv.fun/live/gan-su-wei-shi-14.m3u8,网络源,https://epg.pw/media/images/channel/2022/05/31/large/20220531224357857126_28.jpg
[SD]甘肃卫视,https://t.freetv.fun/live/gan-su-wei-shi-18.m3u8,网络源,https://epg.pw/media/images/channel/2022/05/31/large/20220531224357857126_28.jpg
[BD]甘肃卫视,https://t.freetv.fun/live/gan-su-wei-shi-5.m3u8,网络源,https://epg.pw/media/images/channel/2022/05/31/large/20220531224357857126_28.jpg
[BD]甘肃卫视,https://t.freetv.fun/live/gan-su-wei-shi-2.m3u8,网络源,https://epg.pw/media/images/channel/2022/05/31/large/20220531224357857126_28.jpg
[SD]甘肃卫视,https://t.freetv.fun/live/gan-su-wei-shi-3.m3u8,网络源,https://epg.pw/media/images/channel/2022/05/31/large/20220531224357857126_28.jpg
[BD]甘肃卫视,https://t.freetv.fun/live/gan-su-wei-shi-4.m3u8,网络源,https://epg.pw/media/images/channel/2022/05/31/large/20220531224357857126_28.jpg
[SD]甘肃卫视,https://t.freetv.fun/live/gan-su-wei-shi-8.m3u8,网络源,https://epg.pw/media/images/channel/2022/05/31/large/20220531224357857126_28.jpg
[BD]甘肃卫视,https://t.freetv.fun/live/gan-su-wei-shi-10.m3u8,网络源,https://epg.pw/media/images/channel/2022/05/31/large/20220531224357857126_28.jpg
[BD]甘肃卫视,https://t.freetv.fun/live/gan-su-wei-shi-11.m3u8,网络源,https://epg.pw/media/images/channel/2022/05/31/large/20220531224357857126_28.jpg
[SD]甘肃卫视,https://t.freetv.fun/live/gan-su-wei-shi-13.m3u8,网络源,https://epg.pw/media/images/channel/2022/05/31/large/20220531224357857126_28.jpg
[SD]甘肃卫视,https://t.freetv.fun/live/gan-su-wei-shi-15.m3u8,网络源,https://epg.pw/media/images/channel/2022/05/31/large/20220531224357857126_28.jpg
[VGA]甘肃卫视,https://t.freetv.fun/live/gan-su-wei-shi-16.m3u8,网络源,https://epg.pw/media/images/channel/2022/05/31/large/20220531224357857126_28.jpg
[SD]甘肃卫视,https://t.freetv.fun/live/gan-su-wei-shi-17.m3u8,网络源,https://epg.pw/media/images/channel/2022/05/31/large/20220531224357857126_28.jpg
[SD]甘肃卫视,https://t.freetv.fun/live/gan-su-wei-shi-19.m3u8,网络源,https://epg.pw/media/images/channel/2022/05/31/large/20220531224357857126_28.jpg
[SD]甘肃卫视,https://t.freetv.fun/live/gan-su-wei-shi-20.m3u8,网络源,https://epg.pw/media/images/channel/2022/05/31/large/20220531224357857126_28.jpg
[BD]甘肃卫视,https://t.freetv.fun/live/gan-su-wei-shi-21.php,网络源,https://epg.pw/media/images/channel/2022/05/31/large/20220531224357857126_28.jpg
[BD]甘肃卫视,https://t.freetv.fun/live/gan-su-wei-shi-22.m3u8,网络源,https://epg.pw/media/images/channel/2022/05/31/large/20220531224357857126_28.jpg
[BD]甘肃卫视,https://t.freetv.fun/live/gan-su-wei-shi-23.m3u8,网络源,https://epg.pw/media/images/channel/2022/05/31/large/20220531224357857126_28.jpg
[BD]生活时尚,https://t.freetv.fun/live/sheng-huo-shi-shang-1.m3u8,网络源,https://epg.pw/media/images/channel/2024/10/29/large/20241029102325633689_90.png
[SD]生活时尚,https://t.freetv.fun/live/sheng-huo-shi-shang.m3u8,网络源,https://epg.pw/media/images/channel/2024/10/29/large/20241029102325633689_90.png
[SD]生活时尚,https://t.freetv.fun/live/sheng-huo-shi-shang-2.m3u8,网络源,https://epg.pw/media/images/channel/2024/10/29/large/20241029102325633689_90.png
[SD]生活时尚,https://t.freetv.fun/live/sheng-huo-shi-shang-3.m3u8,网络源,https://epg.pw/media/images/channel/2024/10/29/large/20241029102325633689_90.png
[HD]眉山丹棱综合,https://t.freetv.fun/live/mei-shan-dan-leng-zong-he.m3u8,网络源,https://epg.pw/media/images/channel/2023/07/22/large/20230722142014558122_43.png
[BD]第一财经,https://t.freetv.fun/live/di-yi-cai-jing.m3u8,网络源,https://epg.pw/media/images/channel/2024/07/28/large/20240728160727801389_11.png
[VGA]上海第一财经,https://t.freetv.fun/live/shang-hai-di-yi-cai-jing.m3u8,网络源,https://epg.pw/media/images/channel/2024/07/28/large/20240728160727801389_11.png
[BD]上海第一财经,https://t.freetv.fun/live/shang-hai-di-yi-cai-jing-1.php,网络源,https://epg.pw/media/images/channel/2024/07/28/large/20240728160727801389_11.png
[BD]第一财经,https://t.freetv.fun/live/di-yi-cai-jing-2.m3u8,网络源,https://epg.pw/media/images/channel/2024/07/28/large/20240728160727801389_11.png
[HD]第一财经,https://t.freetv.fun/live/di-yi-cai-jing-6.m3u8,网络源,https://epg.pw/media/images/channel/2024/07/28/large/20240728160727801389_11.png
[VGA]信阳新闻综合,https://t.freetv.fun/live/xin-yang-xin-wen-zong-he.flv,网络源,https://epg.pw/media/images/channel/2022/10/23/large/20221023013611466346_16.jpg
[SD]tvb翡翠台,https://t.freetv.fun/live/tvbfei-cui-tai.m3u8,网络源,https://epg.pw/media/images/channel/2024/08/01/large/20240801061214542052_55.png
[BD]翡翠台,https://t.freetv.fun/live/fei-cui-tai.m3u8,网络源,https://epg.pw/media/images/channel/2023/07/20/large/20230720173151124119_90.png
[BD]翡翠,https://t.freetv.fun/live/fei-cui-1.php,网络源,https://epg.pw/media/images/channel/2023/07/20/large/20230720173151124119_90.png
[BD]翡翠,https://t.freetv.fun/live/fei-cui-2.m3u8,网络源,https://epg.pw/media/images/channel/2023/07/20/large/20230720173151124119_90.png
[VGA]翡翠台2,https://t.freetv.fun/live/fei-cui-tai-2.m3u8,网络源,https://epg.pw/media/images/channel/2023/08/11/large/20230811204705073159_58.png
[SD]耀才财经,https://t.freetv.fun/live/yao-cai-cai-jing-2.m3u8,网络源,https://epg.pw/media/images/channel/2022/08/06/large/20220806003654467692_44.jpg
[VGA]耀才财经,https://t.freetv.fun/live/yao-cai-cai-jing-1-1.m3u8,网络源,https://epg.pw/media/images/channel/2022/08/06/large/20220806003654467692_44.jpg
[SD]耀才财经,https://t.freetv.fun/live/yao-cai-cai-jing-2-1.m3u8,网络源,https://epg.pw/media/images/channel/2022/08/06/large/20220806003654467692_44.jpg
[SD]耀才财经频道,https://t.freetv.fun/live/yao-cai-cai-jing-pin-dao.m3u8,网络源,https://epg.pw/media/images/channel/2022/08/06/large/20220806003654467692_44.jpg
[VGA]自贡综合,https://t.freetv.fun/live/zi-gong-zong-he-3.m3u8,网络源,https://epg.pw/media/uploads/tmp_logo/2017/03/15/20170315180040859436_26.jpg
[VGA]苏州 *b,https://t.freetv.fun/live/su-zhou-b.m3u8,网络源,https://epg.pw/media/images/channel/2023/07/02/large/20230702014734392249_44.jpeg
[VGA]衡阳县电视,https://t.freetv.fun/live/heng-yang-xian-dian-shi.m3u8,网络源,https://epg.pw/media/img/logo/3_322.jpg
[BD]西安影视,https://t.freetv.fun/live/xi-an-ying-shi.m3u8,网络源,https://epg.pw/media/images/channel/2022/06/11/large/20220611231249490826_24.jpg
[BD]西安戏剧影视,https://t.freetv.fun/live/xi-an-xi-ju-ying-shi.flv,网络源,https://epg.pw/media/images/channel/2022/06/11/large/20220611231249490826_24.jpg
[BD]西安戏剧影视,https://t.freetv.fun/live/xi-an-xi-ju-ying-shi-1.m3u8,网络源,https://epg.pw/media/images/channel/2022/06/11/large/20220611231249490826_24.jpg
[BD]西安新闻综合,https://t.freetv.fun/live/xi-an-xin-wen-zong-he.m3u8,网络源,https://epg.pw/media/images/channel/2022/06/11/large/20220611224649720469_86.jpg
[SD]西安新闻综合,https://t.freetv.fun/live/xi-an-xin-wen-zong-he-1.m3u8,网络源,https://epg.pw/media/images/channel/2022/06/11/large/20220611224649720469_86.jpg
[SD]西安新闻,https://t.freetv.fun/live/xi-an-xin-wen.m3u8,网络源,https://epg.pw/media/images/channel/2022/06/11/large/20220611224649720469_86.jpg
[SD]西安都市,https://t.freetv.fun/live/xi-an-du-shi.m3u8,网络源,https://epg.pw/media/img/logo/3_56.jpg
[BD]西安都市,https://t.freetv.fun/live/xi-an-du-shi-1.m3u8,网络源,https://epg.pw/media/img/logo/3_56.jpg
[VGA]西安都市,https://t.freetv.fun/live/xi-an-du-shi-2.m3u8,网络源,https://epg.pw/media/img/logo/3_56.jpg
[BD]西藏卫视,https://t.freetv.fun/live/xi-cang-wei-shi-5.php,网络源,https://epg.pw/media/images/channel/2022/05/31/large/20220531231110733151_44.jpg
[BD]西藏卫视,https://t.freetv.fun/live/xi-cang-wei-shi-6.m3u8,网络源,https://epg.pw/media/images/channel/2022/05/31/large/20220531231110733151_44.jpg
[BD]西藏卫视,https://t.freetv.fun/live/xi-cang-wei-shi-10.m3u8,网络源,https://epg.pw/media/images/channel/2022/05/31/large/20220531231110733151_44.jpg
[SD]西藏卫视,https://t.freetv.fun/live/xi-cang-wei-shi-2.m3u8,网络源,https://epg.pw/media/images/channel/2022/05/31/large/20220531231110733151_44.jpg
[SD]西藏卫视,https://t.freetv.fun/live/xi-cang-wei-shi-4.m3u8,网络源,https://epg.pw/media/images/channel/2022/05/31/large/20220531231110733151_44.jpg
[BD]西藏卫视,https://t.freetv.fun/live/xi-cang-wei-shi-12.m3u8,网络源,https://epg.pw/media/images/channel/2022/05/31/large/20220531231110733151_44.jpg
[SD]西藏卫视,https://t.freetv.fun/live/xi-cang-wei-shi-26.m3u8,网络源,https://epg.pw/media/images/channel/2022/05/31/large/20220531231110733151_44.jpg
[VGA]西藏卫视,https://t.freetv.fun/live/xi-cang-wei-shi-39.m3u8,网络源,https://epg.pw/media/images/channel/2022/05/31/large/20220531231110733151_44.jpg
[BD]西藏卫视,https://t.freetv.fun/live/xi-cang-wei-shi-11.m3u8,网络源,https://epg.pw/media/images/channel/2022/05/31/large/20220531231110733151_44.jpg
[BD]西藏卫视,https://t.freetv.fun/live/xi-cang-wei-shi.m3u8,网络源,https://epg.pw/media/images/channel/2022/05/31/large/20220531231110733151_44.jpg
[BD]西藏卫视,https://t.freetv.fun/live/xi-cang-wei-shi-1.m3u8,网络源,https://epg.pw/media/images/channel/2022/05/31/large/20220531231110733151_44.jpg
[HD]西藏卫视,https://t.freetv.fun/live/xi-cang-wei-shi-3.m3u8,网络源,https://epg.pw/media/images/channel/2022/05/31/large/20220531231110733151_44.jpg
[SD]西藏卫视,https://t.freetv.fun/live/xi-cang-wei-shi-8.m3u8,网络源,https://epg.pw/media/images/channel/2022/05/31/large/20220531231110733151_44.jpg
[BD]西藏卫视,https://t.freetv.fun/live/xi-cang-wei-shi-9.m3u8,网络源,https://epg.pw/media/images/channel/2022/05/31/large/20220531231110733151_44.jpg
[BD]西藏卫视,https://t.freetv.fun/live/xi-cang-wei-shi-14.m3u8,网络源,https://epg.pw/media/images/channel/2022/05/31/large/20220531231110733151_44.jpg
[VGA]西藏卫视,https://t.freetv.fun/live/xi-cang-wei-shi-16.m3u8,网络源,https://epg.pw/media/images/channel/2022/05/31/large/20220531231110733151_44.jpg
[BD]贵州卫视,https://t.freetv.fun/live/gui-zhou-wei-shi-1.m3u8,网络源,https://epg.pw/media/images/channel/2022/05/31/large/20220531144236171971_20.jpg
[HD]贵州卫视,https://t.freetv.fun/live/gui-zhou-wei-shi-2.php,网络源,https://epg.pw/media/images/channel/2022/05/31/large/20220531144236171971_20.jpg
[BD]贵州卫视,https://t.freetv.fun/live/gui-zhou-wei-shi-3.m3u8,网络源,https://epg.pw/media/images/channel/2022/05/31/large/20220531144236171971_20.jpg
[BD]贵州卫视,https://t.freetv.fun/live/gui-zhou-wei-shi-4.m3u8,网络源,https://epg.pw/media/images/channel/2022/05/31/large/20220531144236171971_20.jpg
[VGA]贵州卫视,https://t.freetv.fun/live/gui-zhou-wei-shi-5.m3u8,网络源,https://epg.pw/media/images/channel/2022/05/31/large/20220531144236171971_20.jpg
[SD]贵州卫视,https://t.freetv.fun/live/gui-zhou-wei-shi-18.m3u8,网络源,https://epg.pw/media/images/channel/2022/05/31/large/20220531144236171971_20.jpg
[BD]贵州卫视,https://t.freetv.fun/live/gui-zhou-wei-shi-16.m3u8,网络源,https://epg.pw/media/images/channel/2022/05/31/large/20220531144236171971_20.jpg
[HD]贵州卫视,https://t.freetv.fun/live/gui-zhou-wei-shi.m3u8,网络源,https://epg.pw/media/images/channel/2022/05/31/large/20220531144236171971_20.jpg
[BD]贵州卫视,https://t.freetv.fun/live/gui-zhou-wei-shi-6.m3u8,网络源,https://epg.pw/media/images/channel/2022/05/31/large/20220531144236171971_20.jpg
[BD]贵州卫视,https://t.freetv.fun/live/gui-zhou-wei-shi-7.m3u8,网络源,https://epg.pw/media/images/channel/2022/05/31/large/20220531144236171971_20.jpg
[BD]贵州卫视,https://t.freetv.fun/live/gui-zhou-wei-shi-8.m3u8,网络源,https://epg.pw/media/images/channel/2022/05/31/large/20220531144236171971_20.jpg
[BD]贵州卫视,https://t.freetv.fun/live/gui-zhou-wei-shi-9.m3u8,网络源,https://epg.pw/media/images/channel/2022/05/31/large/20220531144236171971_20.jpg
[SD]贵州卫视,https://t.freetv.fun/live/gui-zhou-wei-shi-10.m3u8,网络源,https://epg.pw/media/images/channel/2022/05/31/large/20220531144236171971_20.jpg
[BD]贵州卫视,https://t.freetv.fun/live/gui-zhou-wei-shi-12.m3u8,网络源,https://epg.pw/media/images/channel/2022/05/31/large/20220531144236171971_20.jpg
[SD]贵州卫视,https://t.freetv.fun/live/gui-zhou-wei-shi-13.m3u8,网络源,https://epg.pw/media/images/channel/2022/05/31/large/20220531144236171971_20.jpg
[BD]贵州卫视,https://t.freetv.fun/live/gui-zhou-wei-shi-14.m3u8,网络源,https://epg.pw/media/images/channel/2022/05/31/large/20220531144236171971_20.jpg
[BD]贵州卫视,https://t.freetv.fun/live/gui-zhou-wei-shi-15.m3u8,网络源,https://epg.pw/media/images/channel/2022/05/31/large/20220531144236171971_20.jpg
[SD]贵州卫视,https://t.freetv.fun/live/gui-zhou-wei-shi-17.m3u8,网络源,https://epg.pw/media/images/channel/2022/05/31/large/20220531144236171971_20.jpg
[SD]贵州卫视,https://t.freetv.fun/live/gui-zhou-wei-shi-20.m3u8,网络源,https://epg.pw/media/images/channel/2022/05/31/large/20220531144236171971_20.jpg
[SD]贵州卫视,https://t.freetv.fun/live/gui-zhou-wei-shi-21.m3u8,网络源,https://epg.pw/media/images/channel/2022/05/31/large/20220531144236171971_20.jpg
[SD]贵州卫视,https://t.freetv.fun/live/gui-zhou-wei-shi-22.m3u8,网络源,https://epg.pw/media/images/channel/2022/05/31/large/20220531144236171971_20.jpg
[SD]贵州卫视,https://t.freetv.fun/live/gui-zhou-wei-shi-23.m3u8,网络源,https://epg.pw/media/images/channel/2022/05/31/large/20220531144236171971_20.jpg
[SD]贵州卫视,https://t.freetv.fun/live/gui-zhou-wei-shi-24.m3u8,网络源,https://epg.pw/media/images/channel/2022/05/31/large/20220531144236171971_20.jpg
[BD]贵州卫视,https://t.freetv.fun/live/gui-zhou-wei-shi-25.php,网络源,https://epg.pw/media/images/channel/2022/05/31/large/20220531144236171971_20.jpg
[BD]贵州卫视,https://t.freetv.fun/live/gui-zhou-wei-shi-26.m3u8,网络源,https://epg.pw/media/images/channel/2022/05/31/large/20220531144236171971_20.jpg
[BD]贵州卫视,https://t.freetv.fun/live/gui-zhou-wei-shi-31.m3u8,网络源,https://epg.pw/media/images/channel/2022/05/31/large/20220531144236171971_20.jpg
[VGA]连云港新闻综合,https://t.freetv.fun/live/lian-yun-gang-xin-wen-zong-he.m3u8,网络源,https://epg.pw/media/images/channel/2022/11/01/large/20221101022805784877_41.jpg
[HD]辽宁卫视,https://t.freetv.fun/live/liao-zhu-wei-shi.m3u8,网络源,https://epg.pw/media/images/channel/2025/01/28/large/20250128060733782674_48.jpg
[BD]辽宁卫视,https://t.freetv.fun/live/liao-zhu-wei-shi-1.m3u8,网络源,https://epg.pw/media/images/channel/2025/01/28/large/20250128060733782674_48.jpg
[SD]辽宁卫视,https://t.freetv.fun/live/liao-zhu-wei-shi-2.m3u8,网络源,https://epg.pw/media/images/channel/2025/01/28/large/20250128060733782674_48.jpg
[BD]辽宁卫视,https://t.freetv.fun/live/liao-zhu-wei-shi-7.m3u8,网络源,https://epg.pw/media/images/channel/2025/01/28/large/20250128060733782674_48.jpg
[BD]辽宁卫视,https://t.freetv.fun/live/liao-zhu-wei-shi-9.m3u8,网络源,https://epg.pw/media/images/channel/2025/01/28/large/20250128060733782674_48.jpg
[SD]辽宁卫视,https://t.freetv.fun/live/liao-zhu-wei-shi-14.php,网络源,https://epg.pw/media/images/channel/2025/01/28/large/20250128060733782674_48.jpg
[BD]辽宁卫视,https://t.freetv.fun/live/liao-zhu-wei-shi-19.m3u8,网络源,https://epg.pw/media/images/channel/2025/01/28/large/20250128060733782674_48.jpg
[VGA]辽宁卫视,https://t.freetv.fun/live/liao-zhu-wei-shi-3.m3u8,网络源,https://epg.pw/media/images/channel/2025/01/28/large/20250128060733782674_48.jpg
[BD]辽宁卫视,https://t.freetv.fun/live/liao-zhu-wei-shi-5.m3u8,网络源,https://epg.pw/media/images/channel/2025/01/28/large/20250128060733782674_48.jpg
[BD]辽宁卫视,https://t.freetv.fun/live/liao-zhu-wei-shi-15.m3u8,网络源,https://epg.pw/media/images/channel/2025/01/28/large/20250128060733782674_48.jpg
[SD]辽宁卫视,https://t.freetv.fun/live/liao-zhu-wei-shi-4.m3u8,网络源,https://epg.pw/media/images/channel/2025/01/28/large/20250128060733782674_48.jpg
[HD]辽宁卫视,https://t.freetv.fun/live/liao-zhu-wei-shi-6.m3u8,网络源,https://epg.pw/media/images/channel/2025/01/28/large/20250128060733782674_48.jpg
[BD]辽宁卫视,https://t.freetv.fun/live/liao-zhu-wei-shi-8.m3u8,网络源,https://epg.pw/media/images/channel/2025/01/28/large/20250128060733782674_48.jpg
[SD]辽宁卫视,https://t.freetv.fun/live/liao-zhu-wei-shi-10.m3u8,网络源,https://epg.pw/media/images/channel/2025/01/28/large/20250128060733782674_48.jpg
[BD]辽宁卫视,https://t.freetv.fun/live/liao-zhu-wei-shi-11.m3u8,网络源,https://epg.pw/media/images/channel/2025/01/28/large/20250128060733782674_48.jpg
[BD]辽宁卫视,https://t.freetv.fun/live/liao-zhu-wei-shi-18.m3u8,网络源,https://epg.pw/media/images/channel/2025/01/28/large/20250128060733782674_48.jpg
[BD]辽宁卫视,https://t.freetv.fun/live/liao-zhu-wei-shi-20.m3u8,网络源,https://epg.pw/media/images/channel/2025/01/28/large/20250128060733782674_48.jpg
[BD]辽宁卫视,https://t.freetv.fun/live/liao-zhu-wei-shi-21.m3u8,网络源,https://epg.pw/media/images/channel/2025/01/28/large/20250128060733782674_48.jpg
[BD]辽宁卫视,https://t.freetv.fun/live/liao-zhu-wei-shi-22.m3u8,网络源,https://epg.pw/media/images/channel/2025/01/28/large/20250128060733782674_48.jpg
[BD]辽宁卫视,https://t.freetv.fun/live/liao-zhu-wei-shi-24.m3u8,网络源,https://epg.pw/media/images/channel/2025/01/28/large/20250128060733782674_48.jpg
[HD]辽宁卫视,https://t.freetv.fun/live/liao-zhu-wei-shi-26.m3u8,网络源,https://epg.pw/media/images/channel/2025/01/28/large/20250128060733782674_48.jpg
[HD]烟台新闻综合,https://t.freetv.fun/live/yan-tai-xin-wen-zong-he.m3u8,网络源,https://epg.pw/media/img/logo/3_369.jpg
[HD]邢台生活,https://t.freetv.fun/live/xing-tai-sheng-huo.m3u8,网络源,https://epg.pw/media/img/logo/3_368.jpg
[VGA]徐州新闻综合,https://t.freetv.fun/live/xu-zhou-xin-wen-zong-he.m3u8,网络源,https://epg.pw/media/images/channel/2019/08/06/large/20190806212024462835_94.png
[BD]重庆卫视,https://t.freetv.fun/live/zhong-qing-wei-shi-1.m3u8,网络源,https://epg.pw/media/images/channel/2024/03/11/large/20240311111314058451_54.png
[BD]重庆卫视,https://t.freetv.fun/live/zhong-qing-wei-shi-4.m3u8,网络源,https://epg.pw/media/images/channel/2024/03/11/large/20240311111314058451_54.png
[VGA]重庆卫视,https://t.freetv.fun/live/zhong-qing-wei-shi-11.m3u8,网络源,https://epg.pw/media/images/channel/2024/03/11/large/20240311111314058451_54.png
[HD]重庆卫视,https://t.freetv.fun/live/zhong-qing-wei-shi-17.m3u8,网络源,https://epg.pw/media/images/channel/2024/03/11/large/20240311111314058451_54.png
[BD]重庆卫视,https://t.freetv.fun/live/zhong-qing-wei-shi.m3u8,网络源,https://epg.pw/media/images/channel/2024/03/11/large/20240311111314058451_54.png
[BD]重庆卫视,https://t.freetv.fun/live/zhong-qing-wei-shi-10.m3u8,网络源,https://epg.pw/media/images/channel/2024/03/11/large/20240311111314058451_54.png
[SD]重庆卫视,https://t.freetv.fun/live/zhong-qing-wei-shi-25.m3u8,网络源,https://epg.pw/media/images/channel/2024/03/11/large/20240311111314058451_54.png
[BD]重庆卫视,https://t.freetv.fun/live/zhong-qing-wei-shi-21.m3u8,网络源,https://epg.pw/media/images/channel/2024/03/11/large/20240311111314058451_54.png
[HD]重庆卫视,https://t.freetv.fun/live/zhong-qing-wei-shi-2.m3u8,网络源,https://epg.pw/media/images/channel/2024/03/11/large/20240311111314058451_54.png
[SD]重庆卫视,https://t.freetv.fun/live/zhong-qing-wei-shi-3.m3u8,网络源,https://epg.pw/media/images/channel/2024/03/11/large/20240311111314058451_54.png
[SD]重庆卫视,https://t.freetv.fun/live/zhong-qing-wei-shi-5.m3u8,网络源,https://epg.pw/media/images/channel/2024/03/11/large/20240311111314058451_54.png
[BD]重庆卫视,https://t.freetv.fun/live/zhong-qing-wei-shi-6.m3u8,网络源,https://epg.pw/media/images/channel/2024/03/11/large/20240311111314058451_54.png
[VGA]重庆卫视,https://t.freetv.fun/live/zhong-qing-wei-shi-7.m3u8,网络源,https://epg.pw/media/images/channel/2024/03/11/large/20240311111314058451_54.png
[BD]重庆卫视,https://t.freetv.fun/live/zhong-qing-wei-shi-8.m3u8,网络源,https://epg.pw/media/images/channel/2024/03/11/large/20240311111314058451_54.png
[BD]重庆卫视,https://t.freetv.fun/live/zhong-qing-wei-shi-13.m3u8,网络源,https://epg.pw/media/images/channel/2024/03/11/large/20240311111314058451_54.png
[HD]重庆卫视,https://t.freetv.fun/live/zhong-qing-wei-shi-14.m3u8,网络源,https://epg.pw/media/images/channel/2024/03/11/large/20240311111314058451_54.png
[HD]重庆卫视,https://t.freetv.fun/live/zhong-qing-wei-shi-15.php,网络源,https://epg.pw/media/images/channel/2024/03/11/large/20240311111314058451_54.png
[BD]重庆卫视,https://t.freetv.fun/live/zhong-qing-wei-shi-20.m3u8,网络源,https://epg.pw/media/images/channel/2024/03/11/large/20240311111314058451_54.png
[BD]重庆卫视,https://t.freetv.fun/live/zhong-qing-wei-shi-22.m3u8,网络源,https://epg.pw/media/images/channel/2024/03/11/large/20240311111314058451_54.png
[VGA]重庆卫视,https://t.freetv.fun/live/zhong-qing-wei-shi-23.m3u8,网络源,https://epg.pw/media/images/channel/2024/03/11/large/20240311111314058451_54.png
[SD]重庆卫视,https://t.freetv.fun/live/zhong-qing-wei-shi-24.m3u8,网络源,https://epg.pw/media/images/channel/2024/03/11/large/20240311111314058451_54.png
[SD]重庆卫视,https://t.freetv.fun/live/zhong-qing-wei-shi-26.m3u8,网络源,https://epg.pw/media/images/channel/2024/03/11/large/20240311111314058451_54.png
[SD]金鹰卡通,https://t.freetv.fun/live/jin-ying-qia-tong.m3u8,网络源,https://epg.pw/media/images/channel/2025/01/28/large/20250128060714767131_10.jpg
[BD]金鹰卡通,https://t.freetv.fun/live/jin-ying-qia-tong-1.m3u8,网络源,https://epg.pw/media/images/channel/2025/01/28/large/20250128060714767131_10.jpg
[SD]金鹰卡通,https://t.freetv.fun/live/jin-ying-qia-tong-2.m3u8,网络源,https://epg.pw/media/images/channel/2025/01/28/large/20250128060714767131_10.jpg
[SD]金鹰卡通,https://t.freetv.fun/live/jin-ying-qia-tong-4.m3u8,网络源,https://epg.pw/media/images/channel/2025/01/28/large/20250128060714767131_10.jpg
[SD]金鹰卡通,https://t.freetv.fun/live/jin-ying-qia-tong-5.m3u8,网络源,https://epg.pw/media/images/channel/2025/01/28/large/20250128060714767131_10.jpg
[SD]金鹰卡通,https://t.freetv.fun/live/jin-ying-qia-tong-9.m3u8,网络源,https://epg.pw/media/images/channel/2025/01/28/large/20250128060714767131_10.jpg
[SD]金鹰卡通,https://t.freetv.fun/live/jin-ying-qia-tong-16.m3u8,网络源,https://epg.pw/media/images/channel/2025/01/28/large/20250128060714767131_10.jpg
[SD]金鹰卡通,https://t.freetv.fun/live/jin-ying-qia-tong-3.m3u8,网络源,https://epg.pw/media/images/channel/2025/01/28/large/20250128060714767131_10.jpg
[BD]金鹰卡通,https://t.freetv.fun/live/jin-ying-qia-tong-6.m3u8,网络源,https://epg.pw/media/images/channel/2025/01/28/large/20250128060714767131_10.jpg
[SD]金鹰卡通,https://t.freetv.fun/live/jin-ying-qia-tong-7.m3u8,网络源,https://epg.pw/media/images/channel/2025/01/28/large/20250128060714767131_10.jpg
[SD]金鹰纪实,https://t.freetv.fun/live/jin-ying-ji-shi.m3u8,网络源,https://epg.pw/media/images/channel/2023/06/05/large/20230605010658568388_25.jpg
[BD]金鹰纪实,https://t.freetv.fun/live/jin-ying-ji-shi-1.m3u8,网络源,https://epg.pw/media/images/channel/2023/06/05/large/20230605010658568388_25.jpg
[BD]金鹰纪实,https://t.freetv.fun/live/jin-ying-ji-shi-2.m3u8,网络源,https://epg.pw/media/images/channel/2023/06/05/large/20230605010658568388_25.jpg
[BD]金鹰纪实,https://t.freetv.fun/live/jin-ying-ji-shi-3.m3u8,网络源,https://epg.pw/media/images/channel/2023/06/05/large/20230605010658568388_25.jpg
[BD]金鹰纪实,https://t.freetv.fun/live/jin-ying-ji-shi-6.m3u8,网络源,https://epg.pw/media/images/channel/2023/06/05/large/20230605010658568388_25.jpg
[BD]金鹰纪实,https://t.freetv.fun/live/jin-ying-ji-shi-11.m3u8,网络源,https://epg.pw/media/images/channel/2023/06/05/large/20230605010658568388_25.jpg
[BD]金鹰纪实,https://t.freetv.fun/live/jin-ying-ji-shi-13.m3u8,网络源,https://epg.pw/media/images/channel/2023/06/05/large/20230605010658568388_25.jpg
[BD]金鹰纪实,https://t.freetv.fun/live/jin-ying-ji-shi-14.m3u8,网络源,https://epg.pw/media/images/channel/2023/06/05/large/20230605010658568388_25.jpg
[BD]镇江新闻综合,https://t.freetv.fun/live/zhen-jiang-xin-wen-zong-he.m3u8,网络源,https://epg.pw/media/images/channel/2022/11/01/large/20221101022911570371_38.jpg
[BD]镇江新闻综合,https://t.freetv.fun/live/zhen-jiang-xin-wen-zong-he-1.m3u8,网络源,https://epg.pw/media/images/channel/2022/11/01/large/20221101022911570371_38.jpg
[BD]镇江新闻综合,https://t.freetv.fun/live/zhen-jiang-xin-wen-zong-he-2.m3u8,网络源,https://epg.pw/media/images/channel/2022/11/01/large/20221101022911570371_38.jpg
[BD]镇江新闻综合,https://t.freetv.fun/live/zhen-jiang-xin-wen-zong-he-3.m3u8,网络源,https://epg.pw/media/images/channel/2022/11/01/large/20221101022911570371_38.jpg
[BD]镇江新闻综合,https://t.freetv.fun/live/zhen-jiang-xin-wen-zong-he-4.m3u8,网络源,https://epg.pw/media/images/channel/2022/11/01/large/20221101022911570371_38.jpg
[BD]镇江新闻综合,https://t.freetv.fun/live/zhen-jiang-xin-wen-zong-he-5.m3u8,网络源,https://epg.pw/media/images/channel/2022/11/01/large/20221101022911570371_38.jpg
[VGA]镇江新闻综合,https://t.freetv.fun/live/zhen-jiang-xin-wen-zong-he-6.m3u8,网络源,https://epg.pw/media/images/channel/2022/11/01/large/20221101022911570371_38.jpg
[BD]镇江新闻综合,https://t.freetv.fun/live/zhen-jiang-xin-wen-zong-he-7.m3u8,网络源,https://epg.pw/media/images/channel/2022/11/01/large/20221101022911570371_38.jpg
[SD]长春双阳综合,https://t.freetv.fun/live/chang-chun-shuang-yang-zong-he.m3u8,网络源,https://epg.pw/media/images/channel/2022/08/12/large/20220812220117628376_52.jpg
[HD]长春综合,https://t.freetv.fun/live/chang-chun-zong-he.m3u8,网络源,https://epg.pw/media/images/channel/2022/08/12/large/20220812220117628376_52.jpg
[VGA]长春综合,https://t.freetv.fun/live/chang-chun-zong-he-1.m3u8,网络源,https://epg.pw/media/images/channel/2022/08/12/large/20220812220117628376_52.jpg
[HD]长春综合,https://t.freetv.fun/live/chang-chun-zong-he-2.m3u8,网络源,https://epg.pw/media/images/channel/2022/08/12/large/20220812220117628376_52.jpg
[HD]阿里郎电视,https://t.freetv.fun/live/a-li-lang-dian-shi-2.m3u8,网络源,https://epg.pw/media/images/channel/2024/03/13/large/20240313163715241378_36.png
[VGA]陕西三套,https://t.freetv.fun/live/shan-xi-san-tao.m3u8,网络源,https://epg.pw/media/images/channel/2022/05/06/large/20220506162555200671_47.png
[VGA]陕西二套,https://t.freetv.fun/live/shan-xi-er-tao.m3u8,网络源,https://epg.pw/media/images/channel/2022/05/06/large/20220506154641927597_50.png
[BD]陕西卫视,https://t.freetv.fun/live/shan-xi-wei-shi.m3u8,网络源,https://epg.pw/media/images/channel/2022/05/31/large/20220531150903888489_91.jpg
[VGA]陕西卫视,https://t.freetv.fun/live/shan-xi-wei-shi-8.php,网络源,https://epg.pw/media/images/channel/2022/05/31/large/20220531150903888489_91.jpg
[BD]陕西卫视,https://t.freetv.fun/live/shan-xi-wei-shi-1-1.m3u8,网络源,https://epg.pw/media/images/channel/2022/05/31/large/20220531150903888489_91.jpg
[VGA]陕西卫视,https://t.freetv.fun/live/shan-xi-wei-shi-2.m3u8,网络源,https://epg.pw/media/images/channel/2022/05/31/large/20220531150903888489_91.jpg
[BD]陕西卫视,https://t.freetv.fun/live/shan-xi-wei-shi-17.m3u8,网络源,https://epg.pw/media/images/channel/2022/05/31/large/20220531150903888489_91.jpg
[VGA]陕西卫视,https://t.freetv.fun/live/shan-xi-wei-shi-20-1.m3u8,网络源,https://epg.pw/media/images/channel/2022/05/31/large/20220531150903888489_91.jpg
[BD]陕西卫视,https://t.freetv.fun/live/shan-xi-wei-shi-3-1.m3u8,网络源,https://epg.pw/media/images/channel/2022/05/31/large/20220531150903888489_91.jpg
[BD]陕西卫视,https://t.freetv.fun/live/shan-xi-wei-shi-4.m3u8,网络源,https://epg.pw/media/images/channel/2022/05/31/large/20220531150903888489_91.jpg
[BD]陕西卫视,https://t.freetv.fun/live/shan-xi-wei-shi-5-1.m3u8,网络源,https://epg.pw/media/images/channel/2022/05/31/large/20220531150903888489_91.jpg
[SD]陕西卫视,https://t.freetv.fun/live/shan-xi-wei-shi-13-1.m3u8,网络源,https://epg.pw/media/images/channel/2022/05/31/large/20220531150903888489_91.jpg
[BD]陕西卫视,https://t.freetv.fun/live/shan-xi-wei-shi-14-1.m3u8,网络源,https://epg.pw/media/images/channel/2022/05/31/large/20220531150903888489_91.jpg
[BD]陕西卫视,https://t.freetv.fun/live/shan-xi-wei-shi-16.m3u8,网络源,https://epg.pw/media/images/channel/2022/05/31/large/20220531150903888489_91.jpg
[BD]陕西卫视,https://t.freetv.fun/live/shan-xi-wei-shi-18.m3u8,网络源,https://epg.pw/media/images/channel/2022/05/31/large/20220531150903888489_91.jpg
[VGA]陕西卫视,https://t.freetv.fun/live/shan-xi-wei-shi-19.m3u8,网络源,https://epg.pw/media/images/channel/2022/05/31/large/20220531150903888489_91.jpg
[BD]陕西卫视,https://t.freetv.fun/live/shan-xi-wei-shi-21.m3u8,网络源,https://epg.pw/media/images/channel/2022/05/31/large/20220531150903888489_91.jpg
[BD]云南卫视,https://t.freetv.fun/live/yun-nan-wei-shi-1.m3u8,网络源,https://epg.pw/media/images/channel/2022/05/31/large/20220531145024469645_82.jpg
[SD]云南卫视,https://t.freetv.fun/live/yun-nan-wei-shi-2.m3u8,网络源,https://epg.pw/media/images/channel/2022/05/31/large/20220531145024469645_82.jpg
[BD]云南卫视,https://t.freetv.fun/live/yun-nan-wei-shi-3.m3u8,网络源,https://epg.pw/media/images/channel/2022/05/31/large/20220531145024469645_82.jpg
[BD]云南卫视,https://t.freetv.fun/live/yun-nan-wei-shi-9.m3u8,网络源,https://epg.pw/media/images/channel/2022/05/31/large/20220531145024469645_82.jpg
[VGA]云南卫视,https://t.freetv.fun/live/yun-nan-wei-shi-10.m3u8,网络源,https://epg.pw/media/images/channel/2022/05/31/large/20220531145024469645_82.jpg
[SD]云南卫视,https://t.freetv.fun/live/yun-nan-wei-shi-4.m3u8,网络源,https://epg.pw/media/images/channel/2022/05/31/large/20220531145024469645_82.jpg
[BD]云南卫视,https://t.freetv.fun/live/yun-nan-wei-shi-11.m3u8,网络源,https://epg.pw/media/images/channel/2022/05/31/large/20220531145024469645_82.jpg
[VGA]云南卫视,https://t.freetv.fun/live/yun-nan-wei-shi-21.m3u8,网络源,https://epg.pw/media/images/channel/2022/05/31/large/20220531145024469645_82.jpg
[HD]云南卫视,https://t.freetv.fun/live/yun-nan-wei-shi-25.php,网络源,https://epg.pw/media/images/channel/2022/05/31/large/20220531145024469645_82.jpg
[HD]云南卫视,https://t.freetv.fun/live/yun-nan-wei-shi-29.m3u8,网络源,https://epg.pw/media/images/channel/2022/05/31/large/20220531145024469645_82.jpg
[BD]云南卫视,https://t.freetv.fun/live/yun-nan-wei-shi-30.m3u8,网络源,https://epg.pw/media/images/channel/2022/05/31/large/20220531145024469645_82.jpg
[SD]云南卫视,https://t.freetv.fun/live/yun-nan-wei-shi-13.m3u8,网络源,https://epg.pw/media/images/channel/2022/05/31/large/20220531145024469645_82.jpg
[BD]云南卫视,https://t.freetv.fun/live/yun-nan-wei-shi.m3u8,网络源,https://epg.pw/media/images/channel/2022/05/31/large/20220531145024469645_82.jpg
[BD]云南卫视,https://t.freetv.fun/live/yun-nan-wei-shi-5.m3u8,网络源,https://epg.pw/media/images/channel/2022/05/31/large/20220531145024469645_82.jpg
[BD]云南卫视,https://t.freetv.fun/live/yun-nan-wei-shi-6.m3u8,网络源,https://epg.pw/media/images/channel/2022/05/31/large/20220531145024469645_82.jpg
[BD]云南卫视,https://t.freetv.fun/live/yun-nan-wei-shi-7.m3u8,网络源,https://epg.pw/media/images/channel/2022/05/31/large/20220531145024469645_82.jpg
[BD]云南卫视,https://t.freetv.fun/live/yun-nan-wei-shi-8.m3u8,网络源,https://epg.pw/media/images/channel/2022/05/31/large/20220531145024469645_82.jpg
[SD]云南卫视,https://t.freetv.fun/live/yun-nan-wei-shi-12.m3u8,网络源,https://epg.pw/media/images/channel/2022/05/31/large/20220531145024469645_82.jpg
[SD]云南卫视,https://t.freetv.fun/live/yun-nan-wei-shi-15.m3u8,网络源,https://epg.pw/media/images/channel/2022/05/31/large/20220531145024469645_82.jpg
[BD]云南卫视,https://t.freetv.fun/live/yun-nan-wei-shi-16.m3u8,网络源,https://epg.pw/media/images/channel/2022/05/31/large/20220531145024469645_82.jpg
[SD]云南卫视,https://t.freetv.fun/live/yun-nan-wei-shi-17.m3u8,网络源,https://epg.pw/media/images/channel/2022/05/31/large/20220531145024469645_82.jpg
[VGA]云南卫视,https://t.freetv.fun/live/yun-nan-wei-shi-19.m3u8,网络源,https://epg.pw/media/images/channel/2022/05/31/large/20220531145024469645_82.jpg
[SD]云南卫视,https://t.freetv.fun/live/yun-nan-wei-shi-20.m3u8,网络源,https://epg.pw/media/images/channel/2022/05/31/large/20220531145024469645_82.jpg
[BD]云南卫视,https://t.freetv.fun/live/yun-nan-wei-shi-22.m3u8,网络源,https://epg.pw/media/images/channel/2022/05/31/large/20220531145024469645_82.jpg
[BD]云南卫视,https://t.freetv.fun/live/yun-nan-wei-shi-23.m3u8,网络源,https://epg.pw/media/images/channel/2022/05/31/large/20220531145024469645_82.jpg
[SD]云南卫视,https://t.freetv.fun/live/yun-nan-wei-shi-24.m3u8,网络源,https://epg.pw/media/images/channel/2022/05/31/large/20220531145024469645_82.jpg
[SD]云南卫视,https://t.freetv.fun/live/yun-nan-wei-shi-26.m3u8,网络源,https://epg.pw/media/images/channel/2022/05/31/large/20220531145024469645_82.jpg
[SD]云南卫视,https://t.freetv.fun/live/yun-nan-wei-shi-27.m3u8,网络源,https://epg.pw/media/images/channel/2022/05/31/large/20220531145024469645_82.jpg
[HD]云南都市,https://t.freetv.fun/live/yun-nan-du-shi.m3u8,网络源,https://epg.pw/media/images/channel/2021/10/12/large/20211012202751642735_81.png
[VGA]云南都市,https://t.freetv.fun/live/yun-nan-du-shi-1.m3u8,网络源,https://epg.pw/media/images/channel/2021/10/12/large/20211012202751642735_81.png
[HD]电影,https://t.freetv.fun/live/dian-ying.m3u8,网络源,https://epg.pw/media/
[BD]电影,https://t.freetv.fun/live/dian-ying-1.flv,网络源,https://epg.pw/media/
[BD]电影,https://t.freetv.fun/live/dian-ying-3.flv,网络源,https://epg.pw/media/
[BD]电影,https://t.freetv.fun/live/dian-ying-4.flv,网络源,https://epg.pw/media/
[BD]电影,https://t.freetv.fun/live/dian-ying-5.flv,网络源,https://epg.pw/media/
[HD]电影,https://t.freetv.fun/live/dian-ying-6.flv,网络源,https://epg.pw/media/
[SD]电影,https://t.freetv.fun/live/dian-ying-7.flv,网络源,https://epg.pw/media/
[HD]电影,https://t.freetv.fun/live/dian-ying-8.m3u8,网络源,https://epg.pw/media/
[HD]电影,https://t.freetv.fun/live/dian-ying-9.flv,网络源,https://epg.pw/media/
[VGA]电影,https://t.freetv.fun/live/dian-ying-10.flv,网络源,https://epg.pw/media/
[HD]电影,https://t.freetv.fun/live/dian-ying-11.flv,网络源,https://epg.pw/media/
[HD]电影,https://t.freetv.fun/live/dian-ying-12.flv,网络源,https://epg.pw/media/
[BD]电影,https://t.freetv.fun/live/dian-ying-13.flv,网络源,https://epg.pw/media/
[BD]电影,https://t.freetv.fun/live/dian-ying-14.flv,网络源,https://epg.pw/media/
[BD]高清电影,https://t.freetv.fun/live/gao-qing-dian-ying.m3u8,网络源,https://epg.pw/media/
[VGA]高清电影,https://t.freetv.fun/live/gao-qing-dian-ying-1.m3u8,网络源,https://epg.pw/media/
[HD]韩国电影1,https://t.freetv.fun/live/han-guo-dian-ying-1.m3u8,网络源,https://epg.pw/media/img/logo/hanguodianying.jpg
[HD]韩国电影2,https://t.freetv.fun/live/han-guo-dian-ying-2.m3u8,网络源,https://epg.pw/media/
[BD]韶关综合,https://t.freetv.fun/live/shao-guan-zong-he.m3u8,网络源,https://epg.pw/media/images/channel/2023/07/20/large/20230720203001879121_48.png
[VGA]韶关综合,https://t.freetv.fun/live/shao-guan-zong-he-1.m3u8,网络源,https://epg.pw/media/images/channel/2023/07/20/large/20230720203001879121_48.png
[HD]香港有线新闻,https://t.freetv.fun/live/xiang-gang-you-xian-xin-wen.m3u8,网络源,https://epg.pw/media/uploads/tmp_logo/2017/10/10/20171010210707310138_36.jpg
[HD]香港有线新闻,https://t.freetv.fun/live/xiang-gang-you-xian-xin-wen-1.m3u,网络源,https://epg.pw/media/uploads/tmp_logo/2017/10/10/20171010210707310138_36.jpg
[BD]香蕉,https://t.freetv.fun/live/xiang-jiao-2.ts,网络源,https://epg.pw/media/images/channel/2023/08/06/large/20230806225301111646_11.png
[BD]-鳳凰衛視香港,https://t.freetv.fun/live/feng-huang-wei-shi-xiang-gang-2.m3u8,网络源,https://epg.pw/media/images/channel/2024/06/10/large/20240610235948618467_91.png
[VGA]鳳凰衛視香港,https://t.freetv.fun/live/feng-huang-wei-shi-xiang-gang-3.m3u8,网络源,https://epg.pw/media/images/channel/2024/06/10/large/20240610235948618467_91.png
[HD]鳳凰衛視香港,https://t.freetv.fun/live/feng-huang-wei-shi-xiang-gang-4.m3u8,网络源,https://epg.pw/media/images/channel/2024/06/10/large/20240610235948618467_91.png
[SD]凤凰卫视 高清,https://t.freetv.fun/live/feng-huang-wei-shi-gao-qing.php,网络源,https://epg.pw/media/images/channel/2024/06/10/large/20240610235948618467_91.png
[VGA]凤凰中文,https://t.freetv.fun/live/feng-huang-zhong-wen.php,网络源,https://epg.pw/media/images/channel/2025/01/28/large/20250128061049622730_55.png
[SD]凤凰中文,https://t.freetv.fun/live/feng-huang-zhong-wen-9.php,网络源,https://epg.pw/media/images/channel/2025/01/28/large/20250128061049622730_55.png
[BD]凤凰卫视中文,https://t.freetv.fun/live/feng-huang-wei-shi-zhong-wen.m3u8,网络源,https://epg.pw/media/images/channel/2025/01/28/large/20250128061049622730_55.png
[HD]鳳凰衛視中文,https://t.freetv.fun/live/feng-huang-wei-shi-zhong-wen-1.m3u8,网络源,https://epg.pw/media/images/channel/2025/01/28/large/20250128061049622730_55.png
[BD]凤凰卫视中文,https://t.freetv.fun/live/feng-huang-wei-shi-zhong-wen-1-1.m3u8,网络源,https://epg.pw/media/images/channel/2025/01/28/large/20250128061049622730_55.png
[BD]凤凰卫视中文,https://t.freetv.fun/live/feng-huang-wei-shi-zhong-wen-2.m3u8,网络源,https://epg.pw/media/images/channel/2025/01/28/large/20250128061049622730_55.png
[HD]鳳凰中文,https://t.freetv.fun/live/feng-huang-zhong-wen-1.php,网络源,https://epg.pw/media/images/channel/2025/01/28/large/20250128061049622730_55.png
[BD]鳳凰中文,https://t.freetv.fun/live/feng-huang-zhong-wen-1-1.php,网络源,https://epg.pw/media/images/channel/2025/01/28/large/20250128061049622730_55.png
[VGA]凤凰资讯,https://t.freetv.fun/live/feng-huang-zi-xun-6.php,网络源,https://epg.pw/media/images/channel/2023/07/23/large/20230723140505929891_55.png
[SD]凤凰资讯 高清,https://t.freetv.fun/live/feng-huang-zi-xun-gao-qing.php,网络源,https://epg.pw/media/images/channel/2023/07/23/large/20230723140505929891_55.png
[BD]凤凰卫视资讯,https://t.freetv.fun/live/feng-huang-wei-shi-zi-xun.m3u8,网络源,https://epg.pw/media/images/channel/2023/07/23/large/20230723140505929891_55.png
[VGA]凤凰香港,https://t.freetv.fun/live/feng-huang-xiang-gang.php,网络源,https://epg.pw/media/images/channel/2023/07/20/large/20230720101153992346_85.png
[BD]鳳凰衛視香港,https://t.freetv.fun/live/feng-huang-wei-shi-xiang-gang.m3u8,网络源,https://epg.pw/media/images/channel/2023/07/20/large/20230720101153992346_85.png
[SD]凤凰香港 高清,https://t.freetv.fun/live/feng-huang-xiang-gang-gao-qing.php,网络源,https://epg.pw/media/images/channel/2023/07/20/large/20230720101153992346_85.png
[HD]盐城新闻综合,https://t.freetv.fun/live/yan-cheng-xin-wen-zong-he.m3u8,网络源,https://epg.pw/media/images/channel/2022/05/31/large/20220531231343728219_21.jpg
[BD]黑水新闻综合,https://t.freetv.fun/live/hei-shui-xin-wen-zong-he.m3u8,网络源,https://epg.pw/media/images/channel/2023/07/20/large/20230720203027523547_70.png
[BD]丽水新闻综合,https://t.freetv.fun/live/li-shui-xin-wen-zong-he.m3u8,网络源,https://epg.pw/media/images/channel/2023/07/20/large/20230720203027523547_70.png
[BD]黃金華劇,https://t.freetv.fun/live/huang-jin-hua-ju.m3u8,网络源,https://epg.pw/media/images/channel/2024/10/28/large/20241028094745073878_48.png
[SD]黑龙江少儿,https://t.freetv.fun/live/hei-long-jiang-shao-er-1.m3u8,网络源,https://epg.pw/media/images/channel/2022/05/31/large/20220531154513515358_97.jpg
[SD]黑龙江少儿,https://t.freetv.fun/live/hei-long-jiang-shao-er-2.m3u8,网络源,https://epg.pw/media/images/channel/2022/05/31/large/20220531154513515358_97.jpg
[SD]黑龙江影视,https://t.freetv.fun/live/hei-long-jiang-ying-shi.m3u8,网络源,https://epg.pw/media/images/channel/2022/05/31/large/20220531154554180409_52.jpg
[SD]黑龙江新闻,https://t.freetv.fun/live/hei-long-jiang-xin-wen.m3u8,网络源,https://epg.pw/media/img/logo/heilongjiangxinwen.jpg
[SD]黑龙江新闻法治,https://t.freetv.fun/live/hei-long-jiang-xin-wen-fa-zhi-2.m3u8,网络源,https://epg.pw/media/images/channel/2022/05/31/large/20220531154851022965_78.jpg
[HD]黑龙江卫视,https://t.freetv.fun/live/hei-long-jiang-wei-shi-2.m3u8,网络源,https://epg.pw/media/images/channel/2022/05/31/large/20220531154335673922_21.jpg
[BD]黑龙江卫视,https://t.freetv.fun/live/hei-long-jiang-wei-shi-9.php,网络源,https://epg.pw/media/images/channel/2022/05/31/large/20220531154335673922_21.jpg
[BD]黑龙江卫视,https://t.freetv.fun/live/hei-long-jiang-wei-shi-11.m3u8,网络源,https://epg.pw/media/images/channel/2022/05/31/large/20220531154335673922_21.jpg
[BD]黑龙江卫视,https://t.freetv.fun/live/hei-long-jiang-wei-shi-3.m3u8,网络源,https://epg.pw/media/images/channel/2022/05/31/large/20220531154335673922_21.jpg
[SD]黑龙江卫视,https://t.freetv.fun/live/hei-long-jiang-wei-shi-4.m3u8,网络源,https://epg.pw/media/images/channel/2022/05/31/large/20220531154335673922_21.jpg
[BD]黑龙江卫视,https://t.freetv.fun/live/hei-long-jiang-wei-shi-6.m3u8,网络源,https://epg.pw/media/images/channel/2022/05/31/large/20220531154335673922_21.jpg
[BD]黑龙江卫视,https://t.freetv.fun/live/hei-long-jiang-wei-shi-7.m3u8,网络源,https://epg.pw/media/images/channel/2022/05/31/large/20220531154335673922_21.jpg
[SD]黑龙江卫视,https://t.freetv.fun/live/hei-long-jiang-wei-shi.m3u8,网络源,https://epg.pw/media/images/channel/2022/05/31/large/20220531154335673922_21.jpg
[BD]黑龙江卫视,https://t.freetv.fun/live/hei-long-jiang-wei-shi-5.m3u8,网络源,https://epg.pw/media/images/channel/2022/05/31/large/20220531154335673922_21.jpg
[BD]黑龙江卫视,https://t.freetv.fun/live/hei-long-jiang-wei-shi-12.m3u8,网络源,https://epg.pw/media/images/channel/2022/05/31/large/20220531154335673922_21.jpg
[BD]黑龙江卫视,https://t.freetv.fun/live/hei-long-jiang-wei-shi-16.m3u8,网络源,https://epg.pw/media/images/channel/2022/05/31/large/20220531154335673922_21.jpg
[BD]黑龙江卫视,https://t.freetv.fun/live/hei-long-jiang-wei-shi-18.m3u8,网络源,https://epg.pw/media/images/channel/2022/05/31/large/20220531154335673922_21.jpg
[BD]黑龙江卫视,https://t.freetv.fun/live/hei-long-jiang-wei-shi-1.m3u8,网络源,https://epg.pw/media/images/channel/2022/05/31/large/20220531154335673922_21.jpg
[BD]黑龙江卫视,https://t.freetv.fun/live/hei-long-jiang-wei-shi-8.m3u8,网络源,https://epg.pw/media/images/channel/2022/05/31/large/20220531154335673922_21.jpg
[SD]黑龙江卫视,https://t.freetv.fun/live/hei-long-jiang-wei-shi-10.m3u8,网络源,https://epg.pw/media/images/channel/2022/05/31/large/20220531154335673922_21.jpg
[BD]黑龙江卫视,https://t.freetv.fun/live/hei-long-jiang-wei-shi-14.m3u8,网络源,https://epg.pw/media/images/channel/2022/05/31/large/20220531154335673922_21.jpg
[BD]黑龙江卫视,https://t.freetv.fun/live/hei-long-jiang-wei-shi-15.m3u8,网络源,https://epg.pw/media/images/channel/2022/05/31/large/20220531154335673922_21.jpg
[HD]黑龙江都市,https://t.freetv.fun/live/hei-long-jiang-du-shi-1.m3u8,网络源,https://epg.pw/media/images/channel/2022/06/01/large/20220601000243569800_11.jpg
[HD]黑龙江都市,https://t.freetv.fun/live/hei-long-jiang-du-shi-1-1.m3u8,网络源,https://epg.pw/media/images/channel/2022/06/01/large/20220601000243569800_11.jpg
[SD]黑龙江都市,https://t.freetv.fun/live/hei-long-jiang-du-shi-3.m3u8,网络源,https://epg.pw/media/images/channel/2022/06/01/large/20220601000243569800_11.jpg
[SD]黑龙江都市,https://t.freetv.fun/live/hei-long-jiang-du-shi-4.m3u8,网络源,https://epg.pw/media/images/channel/2022/06/01/large/20220601000243569800_11.jpg
[BD]국악방송,https://t.freetv.fun/live/gugagbangsong.m3u8,网络源,https://epg.pw/media/images/channel/2022/03/18/large/20220318090635708446_68.png
CCTV1,http://[2409:8087:1e02:20::10]/000000001000PLTV/11/224/3221226163/1.m3u8,网络源,https://kakaxi-1.asia/LOGO/CCTV1.png
CCTV2,http://[2409:8087:1e02:20::10]/000000001000PLTV/11/224/3221226122/1.m3u8,网络源,https://kakaxi-1.asia/LOGO/CCTV2.png
CCTV3,http://[2409:8087:1e02:20::10]/000000001000PLTV/11/224/3221226165/1.m3u8,网络源,https://kakaxi-1.asia/LOGO/CCTV3.png
CCTV4,http://[2409:8087:1e02:20::10]/000000001000PLTV/11/224/3221226124/1.m3u8,网络源,https://kakaxi-1.asia/LOGO/CCTV4.png
CCTV5,http://[2409:8087:1e02:20::10]/000000001000PLTV/11/224/3221226146/1.m3u8,网络源,https://kakaxi-1.asia/LOGO/CCTV5.png
CCTV6,http://[2409:8087:1e02:20::10]/000000001000PLTV/11/224/3221226148/1.m3u8,网络源,https://kakaxi-1.asia/LOGO/CCTV6.png
CCTV7,http://[2409:8087:1e02:20::1a]/PLTV/11/224/3221226143/1.m3u8,网络源,https://kakaxi-1.asia/LOGO/CCTV7.png
CCTV8,http://[2409:8087:1e02:20::1a]/PLTV/11/224/3221226167/1.m3u8,网络源,https://kakaxi-1.asia/LOGO/CCTV8.png
CCTV10,http://[2409:8087:1e02:20::10]/000000001000PLTV/11/224/3221226169/1.m3u8,网络源,https://kakaxi-1.asia/LOGO/CCTV10.png
CCTV11,http://[2409:8087:1e02:20::1a]/PLTV/11/224/3221226145/1.m3u8,网络源,https://kakaxi-1.asia/LOGO/CCTV11.png
CCTV12,http://[2409:8087:1e02:20::10]/000000001000PLTV/11/224/3221226126/1.m3u8,网络源,https://kakaxi-1.asia/LOGO/CCTV12.png
CCTV13,http://[2409:8087:1e02:20::10]/000000001000PLTV/11/224/3221226128/1.m3u8,网络源,https://kakaxi-1.asia/LOGO/CCTV13.png
CCTV14,http://[2409:8087:1e02:20::10]/000000001000PLTV/11/224/3221226150/1.m3u8,网络源,https://kakaxi-1.asia/LOGO/CCTV14.png
CCTV15,http://[2409:8087:1e02:20::10]/000000001000PLTV/11/224/3221226147/1.m3u8,网络源,https://kakaxi-1.asia/LOGO/CCTV15.png
CCTV16,http://[2409:8087:1e02:20::10]/000000001000PLTV/11/224/3221226120/1.m3u8,网络源,https://kakaxi-1.asia/LOGO/CCTV16.png
湖南卫视,http://[2409:8087:1e02:20::10]/000000001000PLTV/11/224/3221225726/1.m3u8,网络源,https://kakaxi-1.asia/LOGO/湖南卫视.png
浙江卫视,http://[2409:8087:1e02:20::10]/000000001000PLTV/11/224/3221225727/1.m3u8,网络源,https://kakaxi-1.asia/LOGO/浙江卫视.png
江苏卫视,http://[2409:8087:1e02:20::10]/000000001000PLTV/11/224/3221225720/1.m3u8,网络源,https://kakaxi-1.asia/LOGO/江苏卫视.png
东方卫视,http://[2409:8087:1e02:20::1a]/PLTV/11/224/3221226106/1.m3u8,网络源,https://kakaxi-1.asia/LOGO/东方卫视.png
深圳卫视,http://[2409:8087:1e02:20::10]/000000001000PLTV/11/224/3221225728/1.m3u8,网络源,https://kakaxi-1.asia/LOGO/深圳卫视.png
北京卫视,http://[2409:8087:1e02:20::1a]/PLTV/11/224/3221225724/1.m3u8,网络源,https://kakaxi-1.asia/LOGO/北京卫视.png
广东卫视,http://[2409:8087:1e02:20::10]/000000001000PLTV/11/224/3221225731/1.m3u8,网络源,https://kakaxi-1.asia/LOGO/广东卫视.png
广西卫视,http://[2409:8087:1e02:20::1a]/PLTV/11/224/3221226130/1.m3u8,网络源,https://kakaxi-1.asia/LOGO/广西卫视.png
东南卫视,http://[2409:8087:1e02:20::10]/000000001000PLTV/11/224/3221225745/1.m3u8,网络源,https://kakaxi-1.asia/LOGO/东南卫视.png
海南卫视,http://[2409:8087:1e02:20::10]/000000001000PLTV/11/224/3221226154/1.m3u8,网络源,https://kakaxi-1.asia/LOGO/海南卫视.png
河北卫视,http://[2409:8087:1e02:20::10]/000000001000PLTV/11/224/3221226107/1.m3u8,网络源,https://kakaxi-1.asia/LOGO/河北卫视.png
河南卫视,http://[2409:8087:1e02:20::10]/000000001000PLTV/11/224/3221226132/1.m3u8,网络源,https://kakaxi-1.asia/LOGO/河南卫视.png
湖北卫视,http://[2409:8087:1e02:20::10]/000000001000PLTV/11/224/3221225729/1.m3u8,网络源,https://kakaxi-1.asia/LOGO/湖北卫视.png
江西卫视,http://[2409:8087:1e02:20::1a]/PLTV/11/224/3221225740/1.m3u8,网络源,https://kakaxi-1.asia/LOGO/江西卫视.png
四川卫视,http://[2409:8087:1e02:20::10]/000000001000PLTV/11/224/3221226152/1.m3u8,网络源,https://kakaxi-1.asia/LOGO/四川卫视.png
重庆卫视,http://[2409:8087:1e02:20::10]/000000001000PLTV/11/224/3221226171/1.m3u8,网络源,https://kakaxi-1.asia/LOGO/重庆卫视.png
贵州卫视,http://[2409:8087:1e02:20::1a]/PLTV/11/224/3221226173/1.m3u8,网络源,https://kakaxi-1.asia/LOGO/贵州卫视.png
云南卫视,http://[2409:8087:1e02:20::1a]/PLTV/11/224/3221226151/1.m3u8,网络源,https://kakaxi-1.asia/LOGO/云南卫视.png
天津卫视,http://[2409:8087:1e02:20::10]/000000001000PLTV/11/224/3221225742/1.m3u8,网络源,https://kakaxi-1.asia/LOGO/天津卫视.png
安徽卫视,http://[2409:8087:1e02:20::10]/000000001000PLTV/11/224/3221225739/1.m3u8,网络源,https://kakaxi-1.asia/LOGO/安徽卫视.png
山东卫视,http://[2409:8087:1e02:20::10]/000000001000PLTV/11/224/3221225733/1.m3u8,网络源,https://kakaxi-1.asia/LOGO/山东卫视.png
辽宁卫视,http://[2409:8087:1e02:20::10]/000000001000PLTV/11/224/3221225747/1.m3u8,网络源,https://kakaxi-1.asia/LOGO/辽宁卫视.png
黑龙江卫视,http://[2409:8087:1e02:20::10]/000000001000PLTV/11/224/3221225722/1.m3u8,网络源,https://kakaxi-1.asia/LOGO/黑龙江卫视.png
吉林卫视,http://[2409:8087:1e02:20::10]/000000001000PLTV/11/224/3221226149/1.m3u8,网络源,https://kakaxi-1.asia/LOGO/吉林卫视.png
内蒙古卫视,http://[2409:8087:1e02:20::10]/000000001000PLTV/11/224/3221226011/1.m3u8,网络源,https://kakaxi-1.asia/LOGO/内蒙古卫视.png
宁夏卫视,http://[2409:8087:1e02:20::10]/000000001000PLTV/11/224/3221226092/1.m3u8,网络源,https://kakaxi-1.asia/LOGO/宁夏卫视.png
山西卫视,http://[2409:8087:1e02:20::10]/000000001000PLTV/11/224/3221226113/1.m3u8,网络源,https://kakaxi-1.asia/LOGO/山西卫视.png
陕西卫视,http://[2409:8087:1e02:20::10]/000000001000PLTV/11/224/3221226086/1.m3u8,网络源,https://kakaxi-1.asia/LOGO/陕西卫视.png
甘肃卫视,http://[2409:8087:1e02:20::10]/000000001000PLTV/11/224/3221226090/1.m3u8,网络源,https://kakaxi-1.asia/LOGO/甘肃卫视.png
青海卫视,http://[2409:8087:1e02:20::10]/000000001000PLTV/11/224/3221226105/1.m3u8,网络源,https://kakaxi-1.asia/LOGO/青海卫视.png
新疆卫视,http://[2409:8087:1e02:20::10]/000000001000PLTV/11/224/3221226088/1.m3u8,网络源,https://kakaxi-1.asia/LOGO/新疆卫视.png
西藏卫视,http://[2409:8087:1e02:20::10]/000000001000PLTV/11/224/3221226012/1.m3u8,网络源,https://kakaxi-1.asia/LOGO/西藏卫视.png
厦门卫视,http://[2409:8087:1e02:20::10]/000000001000PLTV/11/224/3221226008/1.m3u8,网络源,https://kakaxi-1.asia/LOGO/厦门卫视.png
兵团卫视,http://[2409:8087:1e02:20::10]/000000001000PLTV/11/224/3221226111/1.m3u8,网络源,https://kakaxi-1.asia/LOGO/兵团卫视.png
康巴卫视,http://[2409:8087:1e02:20::10]/000000001000PLTV/11/224/3221225773/1.m3u8,网络源,https://kakaxi-1.asia/LOGO/康巴卫视.png
CETV1,http://[2409:8087:1e02:20::10]/000000001000PLTV/11/224/3221225775/1.m3u8,网络源,https://kakaxi-1.asia/LOGO/CETV1.png
CETV4,http://[2409:8087:1e02:20::1a]/PLTV/11/224/3221226153/1.m3u8,网络源,https://kakaxi-1.asia/LOGO/CETV4.png
睛彩竞技,http://[2409:8087:1e02:20::10]/000000001000PLTV/11/224/3221226116/1.m3u8,网络源,https://kakaxi-1.asia/LOGO/睛彩竞技.png
睛彩篮球,http://[2409:8087:1e02:20::10]/000000001000PLTV/11/224/3221226118/1.m3u8,网络源,https://kakaxi-1.asia/LOGO/睛彩篮球.png
睛彩广场舞,http://[2409:8087:1e02:20::10]/000000001000PLTV/11/224/3221226139/1.m3u8,网络源,https://kakaxi-1.asia/LOGO/睛彩广场舞.png
五星体育,http://[2409:8087:1e02:20::10]/000000001000PLTV/11/224/3221225732/1.m3u8,网络源,https://kakaxi-1.asia/LOGO/五星体育.png
乐游,http://[2409:8087:1e02:20::10]/000000001000PLTV/11/224/3221226157/1.m3u8,网络源,https://kakaxi-1.asia/LOGO/乐游.png
生活时尚,http://[2409:8087:1e02:20::10]/000000001000PLTV/11/224/3221225768/1.m3u8,网络源,https://kakaxi-1.asia/LOGO/生活时尚.png
都市剧场,http://[2409:8087:1e02:20::10]/000000001000PLTV/11/224/3221226155/1.m3u8,网络源,https://kakaxi-1.asia/LOGO/都市剧场.png
欢笑剧场,http://[2409:8087:1e02:20::10]/000000001000PLTV/11/224/3221225771/1.m3u8,网络源,https://kakaxi-1.asia/LOGO/欢笑剧场.png
游戏风云,http://[2409:8087:1e02:20::1a]/PLTV/11/224/3221226140/1.m3u8,网络源,https://kakaxi-1.asia/LOGO/游戏风云.png
动漫秀场,http://[2409:8087:1e02:20::10]/000000001000PLTV/11/224/3221226138/1.m3u8,网络源,https://kakaxi-1.asia/LOGO/动漫秀场.png
金色学堂,http://[2409:8087:1e02:20::10]/000000001000PLTV/11/224/3221225748/1.m3u8,网络源,https://kakaxi-1.asia/LOGO/金色学堂.png
法治天地,http://[2409:8087:1e02:20::10]/000000001000PLTV/11/224/3221225994/1.m3u8,网络源,https://kakaxi-1.asia/LOGO/法治天地.png
卡酷少儿,http://[2409:8087:1e02:20::10]/000000001000PLTV/11/224/3221226019/1.m3u8,网络源,https://kakaxi-1.asia/LOGO/卡酷少儿.png
金鹰卡通,http://[2409:8087:1e02:20::10]/000000001000PLTV/11/224/3221226094/1.m3u8,网络源,https://kakaxi-1.asia/LOGO/金鹰卡通.png
哈哈炫动,http://[2409:8087:1e02:20::10]/000000001000PLTV/11/224/3221226161/1.m3u8,网络源,https://kakaxi-1.asia/LOGO/哈哈炫动.png
嘉佳卡通,http://[2409:8087:1e02:20::10]/000000001000PLTV/11/224/3221226021/1.m3u8,网络源,https://kakaxi-1.asia/LOGO/嘉佳卡通.png
