频道名,地址,来源,图标
Next HD (480p),https://live.enhdtv.com:19360/nexthd/nexthd.m3u8,网络源,https://i.imgur.com/c2rF3SS.png
Next TV (1080p) [Not 24/7],http://gohoski.fvds.ru:3000/mediabay/601/playlist.m3u8,网络源,https://i.imgur.com/9MiwdgD.png
Nexus TV (576p),https://tvsen6.aynaott.com/Epm7WrFa/index.m3u8,网络源,https://i.imgur.com/XcJZKg4.png
Nexxo TV,https://5790d294af2dc.streamlock.net/Nexxo/Nexxo/playlist.m3u8,网络源,https://i.imgur.com/2OpCxa6.png
NFL Channel (720p),https://jmp2.uk/plu-5ced7d5df64be98e07ed47b6.m3u8,网络源,https://i.imgur.com/mPGtwAP.png
NFL Network (720p),http://23.237.104.106:8080/USA_NFL_NETWORK/index.m3u8,网络源,https://upload.wikimedia.org/wikipedia/en/thumb/8/8f/NFL_Network_logo.svg/960px-NFL_Network_logo.svg.png
NG Federal (720p),http://www.coninfo.net:1935/tvlink/live/playlist.m3u8,网络源,https://i.imgur.com/lJCIqYn.png
NG Radio TV (360p),https://67acccf130420.streamlock.net/ngradiotv/ngradiotv/playlist.m3u8,网络源,https://i.imgur.com/KsNI3vQ.jpg
NH (1080p),https://takeoff.jetstre.am/?account=nhnieuws&file=live&output=playlist.m3u8&protocol=https&service=wowza&type=live,网络源,https://i.imgur.com/SPkK4md.png
NH BollyFlix (1080p),https://jmp2.uk/stvp-IN46000140Q,网络源,https://i.ibb.co/yF9MPTDK/blyflx.png
NH BollyGold (1080p),https://0dc330e6408b4c3b9ac31fd37b121368.mediatailor.ap-south-1.amazonaws.com/v1/master/d367f9b863a7a04827f71ecab4cbeeb11f78a827/nh-bollygold-airtel/playlist.m3u8,网络源,https://i.ibb.co/x9PsrMy/NH-BOLLYGOLD.png
NH BollyRaga (1080p),https://jmp2.uk/stvp-IN460001373,网络源,https://i.ibb.co/BKB9mv1K/NH-Bolly-Raga.png
NH Tamil Gold (1080p),https://d3arbp6l7f096k.cloudfront.net/v1/master/3722c60a815c199d9c0ef36c5b73da68a62b09d1/pb-gv6wgpbb4mgwk/playlist.m3u8?ads.ads_cdn=cf&ads.app_domain=APP_DOMAIN&ads.cdn=cf,网络源,https://tvpnlogopus.samsungcloud.tv/platform/image/sourcelogo/vc/00/02/34/IN400061DB_20260623T015348SQUARE.png
NHK General TV (720p),https://nhk4.mov3.co/hls/nhk.m3u8,网络源,https://i.imgur.com/fAZ2BEZ.png
NHK World Premium (720p),https://media-tyo.hls.nhkworld.jp/hls/wp/live/master.m3u8,网络源,https://i.imgur.com/4ESi2La.png
NHK World-Japan (1080p),https://masterpl.hls.nhkworld.jp/hls/w/live/smarttv.m3u8,网络源,https://jiotvimages.cdn.jio.com/dare_images/images/NHK_World_Japan.png
NHK World-Japan HD (1080p),http://nmk.ioapk.com:5050/4gtv-live168/index.m3u8,网络源,https://jiotvimages.cdn.jio.com/dare_images/images/NHK_World_Japan.png
NHL Network (1080p),https://nhl-firetv.amagi.tv/playlist.m3u8,网络源,https://i.imgur.com/UNZ8bef.png
NHRA TV (1080p),https://d265y4sk8257lt.cloudfront.net/nh.m3u8,网络源,https://i.imgur.com/jZgcm4k.png
NHTV (720p),http://nonghyup.flive.skcdn.com/nonghyup/_definst_/nhlive/playlist.m3u8,网络源,https://i.imgur.com/DfECkgB.png
Nice TV Kenya (720p) [Not 24/7],https://goliveafrica.media:9998/live/64ada04aa7678/index.m3u8,网络源,https://i.imgur.com/UawxLTW.jpg
Nick Jr. (Croatia) (540p),http://176.61.157.250/NickJr/index.m3u8,网络源,https://upload.wikimedia.org/wikipedia/commons/thumb/c/c5/Nick_Jr._logo_2023_(outline).svg/960px-Nick_Jr._logo_2023_(outline).svg.png
Nick Jr. (India) (576p),http://103.185.24.134:3001/NICK-JR/index.m3u8,网络源,https://xstreamcp-assets-msp.streamready.in/assets/LIVETV/LIVECHANNEL/LIVETV_LIVETVCHANNEL_NICK_JUNIOR/images/LOGO_HD/image.png
Nick Jr. (Israel) (576p),http://str2.iptvhd.ru:8080/nickjr/index.m3u8,网络源,https://i.imgur.com/KT4tdQs.png
Nick Jr. (Italy) (720p),http://102.129.186.182:81/nick/index.m3u8,网络源,https://i.imgur.com/6p3eFgf.png
Nick Jr. (Russia) (576p),http://stream.mcquack.net/220/index.m3u8,网络源,https://upload.wikimedia.org/wikipedia/commons/thumb/c/c5/Nick_Jr._logo_2023_(outline).svg/960px-Nick_Jr._logo_2023_(outline).svg.png
Nick Jr. (United States) (720p),http://212.5.144.156:8080/nickjr/index.m3u8,网络源,https://i.imgur.com/KT4tdQs.png
Nick Jr. Asia (720p),http://nmk.ioapk.com:5050/4gtv-live032/index.m3u8,网络源,https://upload.wikimedia.org/wikipedia/commons/thumb/c/c5/Nick_Jr._logo_2023_(outline).svg/960px-Nick_Jr._logo_2023_(outline).svg.png
Nick Jr. Asia HD (720p),http://58.8.186.128:10003/bysid/2330,网络源,https://upload.wikimedia.org/wikipedia/commons/thumb/c/c5/Nick_Jr._logo_2023_(outline).svg/960px-Nick_Jr._logo_2023_(outline).svg.png
Nick Jr. Club (Germany) (720p),https://jmp2.uk/plu-67f3eb1c443f0671bc03ece8.m3u8,网络源,https://images.pluto.tv/channels/67f3eb1c443f0671bc03ece8/colorLogoPNG_1748329104247.png
Nick Jr. Club (United States) BR (720p),https://jmp2.uk/plu-6824ce95f09106f4b18f4114.m3u8,网络源,https://images.pluto.tv/channels/5f121460b73ac6000719fbaf/colorLogoPNG_1748348856602.png
Nick Jr. Club (United States) LatAm (720p),https://jmp2.uk/plu-5ddd7cb2cbb9010009b4fe32.m3u8,网络源,https://images.pluto.tv/channels/5f121460b73ac6000719fbaf/colorLogoPNG_1748348856602.png
Nick Jr. Pluto TV (720p),https://jmp2.uk/plu-5ca6748a37b88b269472dad9.m3u8,网络源,https://images.pluto.tv/channels/62bdb75c3afd1200079146a6/colorLogoPNG.png
Nick Jr. Pluto TV CA,https://jmp2.uk/plu-62bdb75c3afd1200079146a6.m3u8,网络源,https://images.pluto.tv/channels/62bdb75c3afd1200079146a6/colorLogoPNG.png
Nickelodeon (Brazil) (480p),https://stmv2.srvif.com/gafeab/gafeab/playlist.m3u8,网络源,https://i.imgur.com/E84jnP8.png
Nickelodeon (Bulgaria) (576p),http://hls127.freeott.top:8080/BG_Nickelodeon/video.m3u8,网络源,https://i.imgur.com/E84jnP8.png
Nickelodeon (Croatia) (1080p),http://176.61.157.250/Nickelodeon/index.m3u8,网络源,https://upload.wikimedia.org/wikipedia/commons/thumb/7/7a/Nickelodeon_2009_logo.svg/960px-Nickelodeon_2009_logo.svg.png
Nickelodeon (Germany),https://ma.anixa.tv/clips/stream/nickelodeon/playlist.php,网络源,https://i.imgur.com/E84jnP8.png
Nickelodeon (India) (576p),http://103.185.24.134:3001/NICK/index.m3u8,网络源,https://xstreamcp-assets-msp.streamready.in/assets/LIVETV/LIVECHANNEL/LIVETV_LIVETVCHANNEL_NICK/images/LOGO_HD/image.png
Nickelodeon (Russia) (576p),http://stream.mcquack.net/443/index.m3u8,网络源,https://i.imgur.com/w8iE8dV.png
Nickelodeon (United Kingdom) (576p),http://tvsen7.aynascope.net/nicklodean/index.m3u8,网络源,https://i.imgur.com/E84jnP8.png
Nickelodeon (United States) (720p),http://198.58.104.90:8989/nickelodeon/index.m3u8,网络源,https://i.imgur.com/E84jnP8.png
Nickelodeon Asia (1080p),http://nmk.ioapk.com:5050/4gtv-live105/index.m3u8,网络源,https://i.imgur.com/E84jnP8.png
Nickelodeon CIS (1080p),https://stream8.cinerama.uz/1500/playlist.m3u8,网络源,https://i.imgur.com/E84jnP8.png
Nickelodeon Clasico (720p),https://jmp2.uk/plu-6824cda00101510f9eeaa011.m3u8,网络源,https://images.pluto.tv/channels/5ddd7c348520b40009c347e2/colorLogoPNG_1750157294622.png
Nickelodeon Classico (720p),https://jmp2.uk/plu-6824ce10c5d53e1351ceb8d1.m3u8,网络源,https://images.pluto.tv/channels/5f12151794c1800007a8ae63/colorLogoPNG_1750157164414.png
Nickelodeon Classics (720p),https://jmp2.uk/plu-67f3eb800a1beb98767ca748.m3u8,网络源,https://images.pluto.tv/channels/67f3eb800a1beb98767ca748/colorLogoPNG_1749200817646.png
Nickelodeon en espanol,https://jmp2.uk/plu-5d8d08395f39465da6fb3ec4.m3u8,网络源,https://images.pluto.tv/channels/5d8d08395f39465da6fb3ec4/colorLogoPNG.png
Nickelodeon Junior (1080p),http://151.80.18.177:86/Nickelodeon_Junior/index.m3u8,网络源,https://upload.wikimedia.org/wikipedia/commons/thumb/9/99/Nickelodeon_Junior.png/960px-Nickelodeon_Junior.png
Nickelodeon Latin America (1080p),http://15.204.246.24:8080/NickHD/index.m3u8,网络源,https://i.imgur.com/E84jnP8.png
Nickelodeon Pluto TV (720p),https://jmp2.uk/plu-5ca673e0d0bd6c2689c94ce3.m3u8,网络源,https://images.pluto.tv/channels/5ca673e0d0bd6c2689c94ce3/colorLogoPNG.png
Nickelodeon Teen (720p),https://jmp2.uk/plu-60f5fabf0721880007cd50e3.m3u8,网络源,https://images.pluto.tv/channels/60f5fabf0721880007cd50e3/colorLogoPNG_1767888207915.png
Nickelodeon Teen LatAm (720p),https://jmp2.uk/plu-5fab09a8749b1a00077d35d2.m3u8,网络源,https://images.pluto.tv/channels/60f5fabf0721880007cd50e3/colorLogoPNG_1767888207915.png
Nickelodeon Toons (720p),https://jmp2.uk/plu-645951c0e94c38000802d2cb.m3u8,网络源,https://images.pluto.tv/channels/645951c0e94c38000802d2cb/colorLogoPNG_1767888119852.png
Nickelodeon Toons LatAm (720p),https://jmp2.uk/plu-645952687cb4b100084ed52e.m3u8,网络源,https://images.pluto.tv/channels/645951c0e94c38000802d2cb/colorLogoPNG_1767888119852.png
NickOnline HD (720p),https://x1colegal.com/hls/stream.m3u8,网络源,https://x1colegal.com/logo.png
NickOnline Bob Esponja (720p) [Not 24/7],https://bob.x1colegal.com/hls/stream.m3u8,网络源,https://x1colegal.com/nickonlinebobesponja.png
Nicktoons (Czech Republic),http://88.212.15.19/live/test_nicktoons/playlist.m3u8,网络源,https://upload.wikimedia.org/wikipedia/commons/d/d8/Nicktoons_UK_Logo_2014.png
Nicktoons (United States) (720p),http://41.205.93.154/NICKTOONS/index.m3u8,网络源,https://images.pluto.tv/channels/654ca7f92c1d3300086b608c/colorLogoPNG_1751457678592.png
Nicktoons (United States) CA,https://jmp2.uk/plu-654ca7f92c1d3300086b608c.m3u8,网络源,https://images.pluto.tv/channels/654ca7f92c1d3300086b608c/colorLogoPNG_1751457678592.png
Nicktoons CIS (1080p),https://stream8.cinerama.uz/1502/playlist.m3u8,网络源,https://upload.wikimedia.org/wikipedia/commons/d/d8/Nicktoons_UK_Logo_2014.png
NicoyaTV (720p) [Not 24/7],https://59ef525c24caa.streamlock.net/nicoyatv/nicoyatv/playlist.m3u8,网络源,https://i.imgur.com/Lj2jRn3.png
Nidae AlIslam Radio (1080p),https://live.kwikmotion.com/sbrksanedaradiolive/srpksanedaradio/playlist.m3u8,网络源,https://aloula.faulio.com/storage/mediagallery/0f/c5/fullhd_5da380cdfc304fd7d4672a83aeb6c62bc1d3d3e8.png
Niederbayern TV (720p),https://stream03.welocal.stream/stream/sat-nby/ngrp:sat-nby.stream_all/index.m3u8,网络源,https://i.imgur.com/9uaMgTk.png
Niederbayern TV Deggendorf & Straubing (1080p),https://stream03.welocal.stream/stream/fhd-nbydeggendorf_99148/ngrp:stream_all/index.m3u8,网络源,https://i.imgur.com/mAaIh3C.png
Niederbayern TV Landshut (1080p),https://stream03.welocal.stream/stream/fhd-nbylandshut_75262/ngrp:stream_all/index.m3u8,网络源,https://i.imgur.com/5sHzZAh.png
Niederbayern TV Passau (1080p),https://stream03.welocal.stream/stream/fhd-nbypassau_49171/ngrp:stream_all/index.m3u8,网络源,https://i.imgur.com/0wnFhNi.png
Nigbati (720p) [Not 24/7],https://viewmedia7219.bozztv.com/wmedia/viewmedia100/web_023/Stream/playlist.m3u8,网络源,
Nika TV (576p) [Not 24/7],https://live-nikatv.cdnvideo.ru/nikatv/nikatv.sdp/playlist.m3u8,网络源,https://i.imgur.com/dccsFAu.png
Niki Junior (1080p),http://stream.mcquack.net/262/index.m3u8,网络源,https://i.imgur.com/DrHsNin.png
Niki Kids (1080p),http://stream.mcquack.net/271/index.m3u8,网络源,https://i.imgur.com/HH4HZ2J.png
Nim TV (720p) [Not 24/7],https://cdn.streamhispanatv.net:3210/live/nimtvgtlive.m3u8,网络源,https://i.imgur.com/mBNOSzl.png
Nina TV (720p),https://tv1.ninatv.cl/hls/stream.m3u8,网络源,https://cdn.m3u.cl/logo/1552_Nina_TV.png
Ning TV (720p),https://livefta.malimarcdn.com/ftaedge00/ningtv.sdp/playlist.m3u8,网络源,https://i.imgur.com/ANnEPnK.png
Ningxia Satellite Channel (576p),http://39.134.115.163:8080/PLTV/88888910/224/3221225726/index.m3u8,网络源,https://i.imgur.com/nUQE4Ib.png
Ninh Thuan TV (1080p),https://cdnbaokhanhhoa.com/live/90405a889081.m3u8?vhost=video,网络源,https://i.imgur.com/HIyUzLM.png
Ninja Kidz TV (720p),https://d3868b4ny0rgdf.cloudfront.net/playlist.m3u8,网络源,https://i.imgur.com/7EngqUi.png
Nireekshana TV (576p),https://cdn.pishow.tv/ott/live/965/master.m3u8,网络源,https://i.imgur.com/nGJv6QR.png
Nitida TV (720p) [Not 24/7],https://vs20.live.opencaster.com/bznudxxdtppv/index.m3u8,网络源,https://i.imgur.com/z9JkxcM.png
Nitro,https://dash4.antik.sk/live/test_rtl_nitro_tizen/playlist.m3u8,网络源,https://upload.wikimedia.org/wikipedia/commons/thumb/8/87/Nitro_Logo.svg/960px-Nitro_Logo.svg.png
Nizhniy Novgorod 24 (1080p),https://vgtrkregion-reg.cdnvideo.ru/vgtrk/nigniynovgorod/nigniynovgorod24-hd/index.m3u8,网络源,https://i.imgur.com/ZWgPVIC.png
Njata TV (576p) [Not 24/7],https://goliveafrica.media:9998/live/625816e585a2b/index.m3u8,网络源,https://i.imgur.com/246CBAW.png
NK TV 24x7 (1080p),https://nktv.smartstream.video/smartstream-us/nktvplus/nktvplus/chunks.m3u8,网络源,https://www.nktv.in/wp-content/uploads/2023/01/NEW-LOGO-NEW.png
NK TV Bangla (1080p),https://nktv.smartstream.video/smartstream-us/nkbangla/nkbangla/playlist.m3u8,网络源,https://www.nktvbangla.com/wp-content/uploads/2023/09/WhatsApp-Image-2023-09-12-at-2.59.18-PM.jpg
NKR TV Kannada (1080p),https://stream.ottlive.co.in/nkrtv/index.m3u8,网络源,https://jiotvimages.cdn.jio.com/dare_images/images/NKRTV.png
NMBTV (720p),https://cdn3.wowza.com/5/cXdyRHF0Z3kxN0k2/citynmb/G2044_002/playlist.m3u8,网络源,https://i.imgur.com/HTNoNnh.png
noa4 Hamburg (1080p),https://hls1.wtnet.de/noa4hh/apple/wifi6500.m3u8,网络源,https://i.imgur.com/7A2LRKI.png
noa4 Norderstedt (1080p),https://hls1.wtnet.de/noa4/apple/wifi6500.m3u8,网络源,https://i.imgur.com/941nrGb.png
NogoumFMTV (672p) [Not 24/7],https://nogoumtv.nrpstream.com/hls/stream.m3u8,网络源,https://i.imgur.com/krp3kgv.png
Nolly Africa (1080p),https://amg02784-amg02784c2-amgplt0002.playout.now3.amagi.tv/ts-eu-w1-n2/playlist/amg02784-amg02784c2-amgplt0002/playlist.m3u8,网络源,https://i.imgur.com/IxtGpti.png
Nollywood TV (720p),http://145.239.5.177/148/index.m3u8,网络源,https://i.imgur.com/29L2gbb.png
NonStop Kung Fu,https://jmp2.uk/plu-6728d33f030a2c0008edf4be.m3u8,网络源,https://images.pluto.tv/channels/6728d2be529ac9000830dc15/colorLogoPNG_1732110461260.png
NonStop Kung Fu DK,https://jmp2.uk/plu-6728d2be529ac9000830dc15.m3u8,网络源,https://images.pluto.tv/channels/6728d2be529ac9000830dc15/colorLogoPNG_1732110461260.png
NonStop Kung Fu NO,https://jmp2.uk/plu-6728d30cdaad7f000881d979.m3u8,网络源,https://images.pluto.tv/channels/6728d2be529ac9000830dc15/colorLogoPNG_1732110461260.png
Noor TV (Iran),https://ncdn.telewebion.ir/noor/live/playlist.m3u8,网络源,https://upload.wikimedia.org/wikipedia/fa/thumb/c/ce/Qum_Noor_TV.svg/960px-Qum_Noor_TV.svg.png
Noor TV (United Kingdom) (720p),https://sscsott.com/srt/noortvuk/index.m3u8,网络源,https://i.imgur.com/DlKgIuQ.png
NOOS TV (720p),https://ms2.mx-cd.net/tv/276-2860564/Omroep_NOOS.smil/playlist.m3u8,网络源,https://i.imgur.com/X8xLcpT.png
Nopola News (1080p) [Not 24/7],https://virta2.nopolanews.fi:8443/live/smil:Stream1.smil/playlist.m3u8,网络源,https://i.imgur.com/vDoQaGl.png
NorCast Weather (1080p),https://norcast-weather.streamology.live/api/v1/streams/c1b5b114698e1ad4687153c4402d5ef0/live.m3u8,网络源,https://i.imgur.com/AfjoZgo.png
Nordisk krim fra Viaplay,https://jmp2.uk/plu-64eca23c9c1e390008524ae6.m3u8,网络源,https://images.pluto.tv/channels/64eca23c9c1e390008524ae6/colorLogoPNG.png
Noroc TV,https://media.noroc.tv/noroc/bitrate_1080p.m3u8,网络源,https://i.imgur.com/XvYqpqG.png
Norte Informativo TV (240p),https://videohd.live:19360/8076/8076.m3u8,网络源,https://i.ibb.co/2MNzXN7/Channels4-profile-9.jpg
Norte TV (720p) [Not 24/7],https://ntvcanal7.com.ar:81/dash/stream.mpd,网络源,https://i.imgur.com/jTX2vp0.png
Nortena Tv (576p),https://lbgo.bozztv.com/ssh101/ssh101/nortenatv1234/playlist.m3u8,网络源,https://encrypted-tbn0.gstatic.com/images?q=tbn:ANd9GcTjxdsPdnBB5hs1XZHDHtf0p8T861Vl1UlHE1ljD_IEtI9KlFtEAYsesMHh8RLuW6nIFLY&usqp=CAU
Nortevision (1080p),http://amaru.dyndns.org:8870/0.m3u8,网络源,https://i.imgur.com/C5SYw7B.png
Nos Pais (720p) [Not 24/7],https://5f86a49aedff6.streamlock.net/nos_pais_24_7/nos_pais_24_7/playlist.m3u8,网络源,https://i.imgur.com/ZUob2uZ.png
Nosey (1080p),https://nosey-intl-1-samsungau.amagi.tv/playlist.m3u8,网络源,https://i.imgur.com/i5doCQK.png
Nosey UK,https://jmp2.uk/plu-5dc2ba1a9c91420009db4858.m3u8,网络源,https://i.imgur.com/i5doCQK.png
NOST (720p),https://a-cdn.klowdtv.com/live2/nost_720p/playlist.m3u8,网络源,https://upload.wikimedia.org/wikipedia/commons/thumb/5/59/NOST-1080x1080.jpg/250px-NOST-1080x1080.jpg
Nostalgia (Russia) (576p),http://hls127.freeott.top:8080/Nostalgiya/video.m3u8,网络源,https://i.imgur.com/YBdBc0J.png
NosTV Bonaire 2,https://stream2.nostvbonaire.com/hls/0/stream.m3u8,网络源,https://i.imgur.com/9pQdGw1.png
NosTV Bonaire (1080p),http://streaming.flamingotv.net/nostv/live.m3u8,网络源,https://i.imgur.com/GINI6oP.png
Notele (576p) [Not 24/7],https://streaming01.divercom.be/notele_live/direct.stream/playlist.m3u8,网络源,https://i.imgur.com/fGS55nR.png
Noticias 16 (720p) [Not 24/7],https://edge.essastream.com/noticias16/playlist.m3u8,网络源,
Noticias RCN (720p),https://jmp2.uk/plu-67d9b0ebc290c9499046e88f.m3u8,网络源,https://i.imgur.com/FMX4QCM.png
Noticiero 90 Minutos (1080p),https://play.cdn.enetres.net/621B146D29C541AFB1507809F038F471021/021/playlist.m3u8,网络源,https://i.imgur.com/ThaRRCN.png
Notioi TV (1080p),https://srv.streamserver.gr:3451/stream/play.m3u8,网络源,https://i.imgur.com/Nq00n8h.png
Notisur TV [Not 24/7],https://ss2.tvrdomi.com:1936/notisur/notisur/playlist.m3u8,网络源,https://rdomint.com/images/station/300.jpg
Nour Al Koddass (406p) [Not 24/7],https://svs.itworkscdn.net/nour1satlive/livestream/playlist.m3u8,网络源,https://i.imgur.com/dF4Mvts.png
Nour Al Sharq (576p),https://svs.itworkscdn.net/nour8satlive/livestream/playlist.m3u8,网络源,https://i.imgur.com/EEy2dUr.png
Nour El Shabeb (720p),https://svs.itworkscdn.net/nour3satlive/livestream/playlist.m3u8,网络源,https://i.imgur.com/cNr0vl1.png
Nour Mariam (576p),https://svs.itworkscdn.net/nour9satlive/livestream/playlist.m3u8,网络源,https://i.imgur.com/Ow5Lqh6.jpg
Nour TV,https://cdn.bestream.io:19360/elfaro4/elfaro4.m3u8,网络源,https://upload.wikimedia.org/wikipedia/en/8/8c/Nourtv_logo.jpg
Noursat (576p),https://svs.itworkscdn.net/nour4satlive/livestream/playlist.m3u8,网络源,https://i.imgur.com/6Zs5rx4.png
Noursat English (576p),https://svs.itworkscdn.net/noursatenglive/noursateng.smil/playlist.m3u8,网络源,https://i.imgur.com/RC5Kw82.png
Nova (Serbia) (1080p),https://best-str.umn.cdn.united.cloud/stream?channel=novashd&p=n0v43!23t001&player=m3u8&sp=novas&stream=hp7000&u=novas,网络源,https://i.imgur.com/sU8UPPY.png
Nova Era TV (1080p) [Not 24/7],http://wz3.dnip.com.br:1935/novaeratv/novaeratv.sdp/live.m3u8,网络源,https://i.imgur.com/IK3F9Uq.png
Nova TV (1080p),http://176.61.157.250/NovaTV/index.m3u8,网络源,https://upload.wikimedia.org/wikipedia/commons/thumb/4/4a/Nova_TV_Croatia_logo.png/960px-Nova_TV_Croatia_logo.png
Nova TV Brasov (576p) [Not 24/7],http://novapress.ro:2022/live/nova/playlist.m3u8,网络源,https://i.imgur.com/33Vn0Ij.png
Novela Channel (720p) [Not 24/7],https://video1.getstreamhosting.com:1936/8284/8284/playlist.m3u8,网络源,https://i.ibb.co/V3pfjfB/novela-channel-telepack.jpg
Novelisima,https://stream.ads.ottera.tv/playlist.m3u8?network_id=2380,网络源,https://i.imgur.com/8dUS3Ih.png
Novo Tempo (720p),http://45.162.64.114/NOVO_TEMPO/index.m3u8,网络源,
Novoe televidenie (576p),https://fs.uplink.kz/novoe_tv/mono.m3u8?token=onlinetv,网络源,https://i.imgur.com/mmKWrWs.png
Novorossiya TV (1080p) [Geo-blocked],http://31.131.139.253:9002/novoros/index.m3u8,网络源,https://i.imgur.com/ijmf0bV.png
Novyi Russkii (720p),https://live.15plusmg.ru/memfs/f983b507-a170-41a9-85a9-d9afc6cba9c1.m3u8,网络源,https://i.imgur.com/iuRSScH.png
Now 14 (1080p),https://r.il.cdn-redge.media/livehls/oil/ch14/live/ch14/live.livx/playlist.m3u8,网络源,https://i.imgur.com/Iq2Kb69.png
Now 70s (720p),https://lightningnow70-samsungau.amagi.tv/playlist.m3u8,网络源,https://i.imgur.com/qiCCX5X.png
Now 80s (1080p),https://lightningnow80-samsungau.amagi.tv/playlist.m3u8,网络源,https://i.imgur.com/YyPnMeB.png
Now 90s00s (1080p),https://amg01076-amg01076c19-rakuten-gb-8653.playouts.now.amagi.tv/playlist/amg01076-lightning-now90s00s-rakutengb/playlist.m3u8,网络源,https://images.pluto.tv/channels/660c209e19ca71000846cf38/colorLogoPNG.png
NOW Rock (1080p),https://lightning-now90s-samsungnz.amagi.tv/playlist.m3u8,网络源,https://i.imgur.com/GuM4GnX.png
NOW TV (720p),https://uycyyuuzyh.turknet.ercdn.net/nphindgytw/nowtv/nowtv.m3u8,网络源,https://i.imgur.com/5EYjWK7.png
NowMedia Television (1080p),https://stream-204968.castr.net/64e0c91d08bff3041638aee3/live_a4243540d4b911f0b624bda5e9a32aa9/index.m3u8,网络源,https://i.imgur.com/8m8gy0n.png
NowMedia Television Spanish (1080p),https://stream-204968.castr.net/64e0c91d08bff3041638aee3/live_a16fa020f4c411f09ddaa1978319689a/index.m3u8,网络源,https://i.imgur.com/8m8gy0n.png
NPC Radio e TV (720p),https://stmv5.samcast.com.br/nasciparacantartv/nasciparacantartv/playlist.m3u8,网络源,https://i.imgur.com/mw1lYWE.png
NPO 3 HD (720p) [Geo-blocked],https://bpm.tv.delta.nl/hls/combined/3/mobile.m3u8,网络源,https://i.imgur.com/lKcFUqi.png
NRBTV (720p),http://145.239.5.177/215/index.m3u8,网络源,https://i.imgur.com/2PL1Au7.png
NRG 91 (720p) [Not 24/7],http://tv.nrg91.gr:1935/onweb/live/master.m3u8,网络源,https://i.imgur.com/1Zl1OJ5.png
NRJ Hits,https://test.946985.filegear-sg.me/proxy/a23981548880f405,网络源,https://i.imgur.com/2xDVwOh.png
NRK1 (1080i) [Geo-blocked],https://nrk-live-no.akamaized.net/nrk1/muxed.m3u8,网络源,https://i.imgur.com/9tj8ds7.png
NRK2 (1080i) [Geo-blocked],https://nrk-live-no.akamaized.net/nrk2/muxed.m3u8,网络源,https://i.imgur.com/SiAdoK9.png
NRK3 (1080i) [Geo-blocked],https://nrk-live-no.akamaized.net/nrk3/muxed.m3u8,网络源,https://i.imgur.com/TNhV2I7.png
NRK Super (1080i) [Geo-blocked],https://nrk-live-no.akamaized.net/nrksuper/muxed.m3u8,网络源,https://i.imgur.com/xIATe2T.png
NRK Tegnsprak (1080i) [Geo-blocked],https://nrk-live-no.akamaized.net/nrk_tegnspraak/muxed.m3u8,网络源,https://i.imgur.com/VCpWG3h.png
NRT TV (720p) [Not 24/7],https://media.streambrothers.com:1936/8226/8226/playlist.m3u8,网络源,https://i.imgur.com/uGKGtbW.png
NRWision (1080p),https://fms.nrwision.de/live/ngrp:livestreamHD.stream/playlist.m3u8,网络源,https://i.imgur.com/RkF2Kmx.png
NS Home Shopping (720p),https://livestream.nsmall.com/IPHONE/nsmallMobile.m3u8,网络源,https://i.imgur.com/Q9xsDQo.png
NS Shop+ (720p),https://shoppstream.nsmall.com/IPHONE/mobile.m3u8,网络源,https://i.imgur.com/7KmXNci.png
NSC9 News (1080p),https://legitpro.co.in/nsc9/index.m3u8,网络源,https://jiotvimages.cdn.jio.com/dare_images/images/nsc9.png
NST (576p),http://hls127.freeott.top:8080/HCTV/video.m3u8,网络源,https://i.imgur.com/uv2yxa5.png
NSTV (1080p),https://sistemastr.tropicalmoonmedia.com/live/2C7CA6CECC9B8F8C3A07315FDA110936/21.m3u8,网络源,https://i.imgur.com/ES6xFAv.png
NTA International (576p) [Not 24/7],https://api.visionip.tv/live/ASHTTP/visiontvuk-entertainment-ntai-hsslive-25f-4x3-MB/playlist.m3u8,网络源,https://i.imgur.com/mN8j8CR.png
NTC TV (720p),https://galaxyott.live/hls/ntv.m3u8,网络源,https://jiotvimages.cdn.jio.com/dare_images/images/ntvtamil.png
NTD TV (1080p),https://ntd02.akamaized.net/HD-NY/index.m3u8,网络源,https://upload.wikimedia.org/wikipedia/commons/thumb/2/2b/NTD_Logo_with_symbol.svg/960px-NTD_Logo_with_symbol.svg.png
NTD TV West (720p),https://ntd02.akamaized.net/HD-LA/index.m3u8,网络源,https://upload.wikimedia.org/wikipedia/commons/thumb/2/2b/NTD_Logo_with_symbol.svg/960px-NTD_Logo_with_symbol.svg.png
NTD TV Asia-Pacific,https://live.ntdtv.com/aplive200/playlist.m3u8,网络源,https://i.imgur.com/iyFXcDy.png
NTD TV Canada,https://live.ntdtv.com/mllive860/playlist.m3u8,网络源,https://i.imgur.com/iyFXcDy.png
NTD TV Canada West,https://live.ntdtv.com/cwlive220/playlist.m3u8,网络源,https://i.imgur.com/iyFXcDy.png
NTD TV China,https://live.ntdtv.com/cnlive900/playlist.m3u8,网络源,https://i.imgur.com/OpWTWdh.png
NTD TV English (1080p),https://amg17596-ntdtv-amg17596c1-rakuten-gb-6741.playouts.now.amagi.tv/playlist/amg17596-newtangdynastytelevision-ntdtv-rakutengb/playlist.m3u8,网络源,https://i.imgur.com/26uv1ww.png
NTD TV English UK (1080p),https://ntd02.akamaized.net/NTD-UK/index.m3u8,网络源,https://i.imgur.com/26uv1ww.png
NTK (576p),http://stream.mcquack.net/389/index.m3u8,网络源,https://i.imgur.com/hHSCH4L.png
NTK TV (1080p) [Not 24/7],https://stream.ntktv.ua/s/ntk/ntk.m3u8,网络源,https://www.ntktv.ua/bitrix/templates/ntk_copy/images/logo.png
NTM (720p) [Not 24/7],https://live-ntm13.cdnvideo.ru/ntm13/smil:ntm13.smil/playlist.m3u8,网络源,https://i.imgur.com/AH50pGT.png
NTN24 (576p),http://181.78.8.199:8000/play/a0a6/index.m3u8,网络源,https://i.imgur.com/UoKmSAP.png
NTN (Italy) (720p),https://stream4.xdevel.com/video0s975955-782/stream/playlist.m3u8,网络源,https://i.imgur.com/AW5fJwa.png
NTN (Ukraine) (1080i),https://cdn15.live-tv.cloud/ua_infinitas_tv/ntn-abr/playlist.m3u8,网络源,https://i.imgur.com/AmyCNJv.png
NTS (1080p) [Not 24/7],https://peqk71plnjy.a.trbcdn.net/livemaster/w4kz7pki62_nts_tv/playlist.m3u8,网络源,https://i.imgur.com/skkDR7q.png
NTV7,https://tonton-live-switch-ssar.akamaized.net/stream-ntv7/master.m3u8?bpkio_serviceid=6c0958d82a830a02ca0936d9cfab8311,网络源,https://i.imgur.com/jDWR3xI.png
ntv (720p),https://protokolldns.xyz/ntv.l.i.v.e5547892023/index.m3u8,网络源,https://i.imgur.com/gtZLzxq.png
NTV (Bangladesh) (720p),https://tvsen5.aynaott.com/xV4jEKf3D9zc/index.m3u8,网络源,https://i.imgur.com/l75bDTx.png
NTV (Brazil) (720p),https://cdn.livespanel.com/nossatv/nossatv/playlist.m3u8,网络源,https://i.imgur.com/n79nkVC.png
NTV (Cambodia),http://43.252.18.195:5080/LiveApp/streams/ntvhd.m3u8,网络源,https://i.imgur.com/SoBhuIb.png
NTV (Canada) CJON-DT (480p),https://2-fss-1.streamhoster.com/pl_122/201748-1431018-1/playlist.m3u8,网络源,https://i.imgur.com/KQtQg5y.png
NTV (Chile) (1080p),http://cdn1tlinkgo.tlink.cl/ntvhd/mono.m3u8,网络源,https://i.imgur.com/NnkSyta.png
NTV (Ivory Coast) (1080p) [Not 24/7],https://strhlslb01.streamakaci.tv/str_ntv_ntv/str_ntv_ntv_multi/playlist.m3u8,网络源,https://i.imgur.com/qqLXdHz.png
NTV (Maldives),https://sunplay-cdn.bitratelabs.com/live/local-channel/ntv-e3d4300b49c8c901e9339174215d7580/index.m3u8,网络源,https://i.imgur.com/jnXpcwV.png
NTV (Russia) (576p),http://45.153.24.78/NTV/index.m3u8,网络源,https://i.imgur.com/9r1BKzK.png
NTV (Russia) +1 (576p),https://cdn.ntv.ru/ntv1/playlist.m3u8,网络源,https://i.imgur.com/9r1BKzK.png
NTV (Russia) +2 (576p),https://cdn.ntv.ru/ntv2/playlist.m3u8,网络源,https://i.imgur.com/9r1BKzK.png
NTV (Russia) +4 (576p),https://cdn.ntv.ru/ntv4/playlist.m3u8,网络源,https://i.imgur.com/9r1BKzK.png
NTV (Russia) +7 (576p),https://cdn.ntv.ru/ntv7/playlist.m3u8,网络源,https://i.imgur.com/9r1BKzK.png
NTV (Russia) HD (1080p),https://bl.rutube.ru/livestream/c37cd74192c6bc3d6cd6077c0c4fd686/index.m3u8?e=2077050299&s=HSWg81JrQ3OqmwuWkEIDAQ&scheme=https,网络源,https://i.imgur.com/9r1BKzK.png
NTV (Turkiye),https://dogus.daioncdn.net/ntv/ntv.m3u8?app=ntv_web,网络源,https://upload.wikimedia.org/wikipedia/commons/thumb/0/0c/NTV_%28Turkey%29_logo.svg/960px-NTV_%28Turkey%29_logo.svg.png
NTV Law (576p),http://hls127.freeott.top:8080/NTV_PRAVO_TV/video.m3u8,网络源,https://i.imgur.com/3ChnWGg.png
NTV Mir (576p),http://5.188.159.128:8070/ntvmir_TV/index.m3u8,网络源,https://i.imgur.com/pUcV46F.png
NTV Series (576p),http://stream.mcquack.net/301/index.m3u8,网络源,https://i.imgur.com/QdVa8tl.png
NTV Style (576p),http://hls127.freeott.top:8080/NTV_STIL_TV/video.m3u8,网络源,https://i.imgur.com/rX6K6qT.png
NTV Telugu (1080p),https://mumbai-edge.smartplaytv.in/NTVTelugu/index.m3u8,网络源,https://i.imgur.com/WqTIoWS.png
NTV Vitrina (720p),https://cdn.ntv.ru/vitrina/index.m3u8,网络源,https://upload.wikimedia.org/wikipedia/commons/thumb/1/1a/NTV_logo_2003.svg/1280px-NTV_logo_2003.svg.png
NTV+,https://2-fss-1.streamhoster.com/pl_122/201748-1431018-1/chunklist.m3u8,网络源,https://i.imgur.com/YEUhPBv.png
NTV-Hit (576p),http://178.134.1.158:8081/ntvhit/index.m3u8,网络源,https://i.imgur.com/FfKBvz5.png
Nublevision (720p),https://tv.arkeo.cl:1936/nublevision/nublevision/playlist.m3u8,网络源,https://i.imgur.com/nkQyR1X.png
Nuestra Imagen TV,https://live.tvcontrolcp.com:1936/tvnitelevision/tvnitelevision/playlist.m3u8,网络源,https://i.imgur.com/sknLXZI.jpeg
Nuestra Tele Internacional (720p),http://170.238.200.199/nuestra-tele/index.m3u8,网络源,https://i.imgur.com/JoGQqmP.png
Nueva Vida FM (720p),https://stream.nuevavidafm.net:3937/live/nuevavidalive.m3u8,网络源,https://i.ibb.co/3mbZWyN/nav-Bar-title-Image-iphone6plus.png
Nueva Vision 14 (1080p) [Not 24/7],https://live20.bozztv.com/akamaissh101/ssh101/nuevavisionhd/playlist.m3u8,网络源,https://imgur.com/0fWQS53.png
Nueve TV (720p),https://5ca9af4645e15.streamlock.net/nuevetv/videonuevetv/.m3u8,网络源,https://i.imgur.com/3fzB7zY.png
Nuevo Tiempo (720p) [Not 24/7],https://stream.live.novotempo.com/tv/smil:tvnuevotiempo.smil/playlist.m3u8,网络源,
Nuevo Tiempo TV (1080p),http://cdn1tlinkgo.tlink.cl/nuevotiempo/mono.m3u8,网络源,https://i.imgur.com/eCPzibM.png
Nuka TV (720p) [Not 24/7],https://cloudvideo.servers10.com:8081/8118/index.m3u8,网络源,https://i.imgur.com/4r2Ycju.png
Numb3rs,https://jmp2.uk/plu-63dbe8a1c111bc0008dec8b8.m3u8,网络源,https://images.pluto.tv/channels/642e94c1af2bd90008852697/colorLogoPNG_1756716763207.png
Numb3rs NO,https://jmp2.uk/plu-63dbe78051f5d000083e9249.m3u8,网络源,https://images.pluto.tv/channels/642e94c1af2bd90008852697/colorLogoPNG_1756716763207.png
Number 1 Ask (720p),https://b01c02nl.mediatriple.net/videoonlylive/mtkgeuihrlfwlive/u_stream_5c9e18f9cea15_1/playlist.m3u8,网络源,https://i.imgur.com/slwbux7.png
Number 1 Damar (720p),https://b01c02nl.mediatriple.net/videoonlylive/mtkgeuihrlfwlive/u_stream_5c9e198784bdc_1/playlist.m3u8,网络源,https://i.imgur.com/rYtbAGZ.png
Number 1 Dance (720p),https://b01c02nl.mediatriple.net/videoonlylive/mtkgeuihrlfwlive/u_stream_5c9e2aa8acf44_1/playlist.m3u8,网络源,https://i.imgur.com/ZM4PSyq.png
Number 1 TV (720p),https://b01c02nl.mediatriple.net/videoonlylive/mtkgeuihrlfwlive/broadcast_5c9e17cd59e8b.smil/playlist.m3u8,网络源,https://i.imgur.com/02cDIBi.png
Numbers (Sweden),https://jmp2.uk/plu-62bebb3a67307900077a7f9d.m3u8,网络源,https://images.pluto.tv/channels/62bebb3a67307900077a7f9d/colorLogoPNG.png
Numbers (United States),https://jmp2.uk/plu-67f960c5441853fe50e7afc1.m3u8,网络源,https://images.pluto.tv/channels/67f960c5441853fe50e7afc1/colorLogoPNG_1747430170532.png
Numeros,https://jmp2.uk/plu-67f960680072d6b187a0682e.m3u8,网络源,https://images.pluto.tv/channels/67f960680072d6b187a0682e/colorLogoPNG_1747415112008.png
Nurafshon TV,https://stream8.cinerama.uz/1220/tracks-v1a1/mono.m3u8,网络源,https://i.imgur.com/MMdNyBU.jpeg
Nusantara TV (1080p),https://nusantaratv.siar.us/nusantaratv/live/playlist.m3u8,网络源,https://i.imgur.com/viun5hj.png
NuView TV (360p),https://viewmedia7219.bozztv.com/wmedia/viewmedia100/web_002/Stream/playlist.m3u8,网络源,https://i.imgur.com/dYRJ7F0.png
NVK Sakha (1080p) [Not 24/7],https://live-saha.cdnvideo.ru/saha/saha/playlist.m3u8,网络源,https://i.imgur.com/LwXNUhf.png
NW Economie (576p),https://hls.newworldtv.com/nw-economie/video/live.m3u8,网络源,https://i.imgur.com/OmlFQa8.png
NW Info 2 (576p),https://hls.newworldtv.com/nw-info-2/video/live.m3u8,网络源,https://i.imgur.com/0W4GqFD.png
NW Info (576p),https://hls.newworldtv.com/nw-info/video/live.m3u8,网络源,https://i.imgur.com/UDEY91v.png
NW Magazine (576p),https://hls.newworldtv.com/nw-magazine/video/live.m3u8,网络源,https://i.imgur.com/RZNJZYN.png
NYXT (1080p),https://reflect-stream-bronxnet.cablecast.tv/live-10/live/live.m3u8,网络源,https://i.imgur.com/7kuluji.png
NZK Television (720p),https://eu1.servers10.com:8081/8258/index.m3u8,网络源,https://i.imgur.com/IqsB6VR.jpeg
NZTV,https://dash2.antik.sk/live/test_nove_zamky/playlist.m3u8,网络源,https://i.imgur.com/jGZlnzT.png
o2tv (720p),http://31.148.48.15/O2_HD/index.m3u8,网络源,https://i.imgur.com/CM6z7fA.png
O Dia TV,https://6836041ea1117.streamlock.net/tvodia/tvodia/playlist.m3u8,网络源,https://i.imgur.com/1LUbAVP.png
O Encantador de Caes,https://jmp2.uk/plu-61099df8cee03b00074b2ecf.m3u8,网络源,https://i.imgur.com/sQn6vvh.png
O Reino Infantil,https://jmp2.uk/plu-5f5c216df68f920007888315.m3u8,网络源,https://i.imgur.com/qoVxc13.png
O! (576p),http://stream.mcquack.net/60/index.m3u8,网络源,https://i.imgur.com/pDc665V.png
O! International (576p),https://fs.uplink.kz/o/mono.m3u8?token=onlinetv,网络源,https://i.imgur.com/pDc665V.png
O'zbekiston 24 (1080p),https://stream8.cinerama.uz/1011/tracks-v1a1/playlist.m3u8,网络源,https://i.imgur.com/VRFhKbw.png
O'zbekiston (576p),https://stream8.cinerama.uz/1001/tracks-v1a1/playlist.m3u8,网络源,https://i.imgur.com/QUIIhTD.png
O'zbekiston Tarixi (1080p),https://stream8.cinerama.uz/1209/tracks-v1a1/playlist.m3u8,网络源,https://i.imgur.com/iTTd3Ir.png
OAN Plus (1080p),https://oan-plus-tcl.amagi.tv/playlist.m3u8,网络源,https://i.imgur.com/T9VhMAD.png
OAN Plus KPVM-LD,https://2-fss-2.streamhoster.com/pl_118/206858-4404458-1/playlist.m3u8,网络源,https://i.imgur.com/T9VhMAD.png
Oasis Television (720p) [Not 24/7],http://vcp1.myplaytv.com/oasistv/oasistv/playlist.m3u8,网络源,https://i.imgur.com/TEr1U90.png
Oasis TV (Colombia) (720p) [Not 24/7],https://5e85d90130e77.streamlock.net/6020/6020/playlist.m3u8,网络源,https://i.imgur.com/VKYzFpZ.png
Oasis TV (Paraguay) (720p),https://video.hostingcaaguazu.com:19360/oasistv/oasistv.m3u8,网络源,https://i.imgur.com/u9umNKp.jpeg
Oberpfalz TV (1080p),https://oberpfalztv.iptv-playoutcenter.de/oberpfalztv/oberpfalztv.stream_1/playlist.m3u8,网络源,https://i.imgur.com/ISI5KDd.png
Obieqtivi TV,https://live20.bozztv.com/dvrfl05/gin-obieqtivitv/index.m3u8,网络源,https://i.imgur.com/Kqc8H8X.png
Observator News (360p),https://live77cdn2.antenaplay.ro/live_ObservatorNews/live_ObservatorNews.m3u8,网络源,https://i.imgur.com/f6xEIAr.png
Obshchestvennoe Nezavisimoe Televidenie (576p),http://85.238.112.40:8810/hls_sec/239.33.75.33-.m3u8,网络源,https://i.imgur.com/jFP50g2.png
Occidental TV,https://video.wilohosting.com:19360/occidentaltv/occidentaltv.m3u8,网络源,https://i.imgur.com/8IRBA9h.png
Ocean-TV (576p),http://hls127.freeott.top:8080/Ocean_TV/video.m3u8,网络源,https://i.imgur.com/zswzDZS.png
Ocko (540p),https://ocko-live-dash.ssl.cdn.cra.cz/cra_live2/ocko.stream.1.smil/playlist.m3u8,网络源,https://upload.wikimedia.org/wikipedia/commons/thumb/2/20/%C3%93%C4%8Dko_logo_2012.png/960px-%C3%93%C4%8Dko_logo_2012.png
Ocko Black,https://dash2.antik.sk/live/test_ocko_black/playlist.m3u8,网络源,https://i.imgur.com/5rw9tWy.png
Ocko Expres (540p),https://ocko-live.ssl.cdn.cra.cz/channels/ocko_expres/playlist.m3u8,网络源,https://upload.wikimedia.org/wikipedia/commons/thumb/2/2b/%C3%93%C4%8Dko_Expres_logo.png/960px-%C3%93%C4%8Dko_Expres_logo.png
Ocko Gold (540p),https://ocko-live.ssl.cdn.cra.cz/channels/ocko_gold/playlist.m3u8,网络源,https://i.imgur.com/nrWNyLc.jpg
Ocko Star,https://dash4.antik.sk/live/test_ocko_star/playlist.m3u8,网络源,https://upload.wikimedia.org/wikipedia/commons/thumb/b/b5/%C3%93%C4%8Dko_Star_logo.png/960px-%C3%93%C4%8Dko_Star_logo.png
OCN TV,https://5d12bc59c4748.streamlock.net/redirect/ocnbroadcasting.com/ocnbroadcasting2?type=m3u8,网络源,https://i.imgur.com/iSB5Obl.png
Odisea TV (720p),https://v2.tustreaming.cl/odiseatv/index.m3u8,网络源,https://i.imgur.com/8SCnoiZ.png
Odisha TV (720p),https://livetv.tarangplus.in/otv-origin/live/playlist.m3u8,网络源,https://dtil.tmsimg.com/assets/s143639_ld_h15_aa.png?lock=720x540
OEPM TV (720p),https://cnn.hostlagarto.com/oepmtelevision/tracks-v1a1/mono.m3u8,网络源,https://i.imgur.com/QghtwMB.jpeg
OF-TV Offenbach (720p),https://5864df9ceac85.streamlock.net/germanpictures-live/_definst_/mp4:streamschedule/playlist.m3u8,网络源,https://i.imgur.com/WAcxCJr.png
Ofogh TV,https://ncdn.telewebion.ir/ofogh/live/playlist.m3u8,网络源,https://upload.wikimedia.org/wikipedia/fa/thumb/f/fe/Ofogh_TV_logo.svg/960px-Ofogh_TV_logo.svg.png
Oggy e as Baratas Tontas,https://jmp2.uk/plu-63221bafdc6e110007b50270.m3u8,网络源,https://images.pluto.tv/channels/63221bafdc6e110007b50270/colorLogoPNG.png
Oh Muang Lao TV (720p),https://livefta.malimarcdn.com/ftaedge00/ohmuanglao.stream/playlist.m3u8,网络源,https://i.imgur.com/SdB3Vyr.jpg
Ohotnik i rybolov (576i),https://stream8.cinerama.uz/1413/tracks-v1a1/mono.m3u8,网络源,https://i.imgur.com/Bj1jI7F.png
Ohotnik i rybolov HD (1080p),http://stream.mcquack.net/194/index.m3u8,网络源,https://i.imgur.com/Bj1jI7F.png
Oireachtas TV (720p),https://d33zah5htxvoxb.cloudfront.net/el/live/oirtv/hls.m3u8,网络源,https://i.imgur.com/aC4fsCI.png
Oireachtas TV Committee Room 1 (720p),https://d33zah5htxvoxb.cloudfront.net/el/live/cr1/hls.m3u8,网络源,https://i.imgur.com/JLYqKC0.jpg
Oireachtas TV Committee Room 2 (720p),https://d33zah5htxvoxb.cloudfront.net/el/live/cr2/hls.m3u8,网络源,https://i.imgur.com/2Wxx2jK.jpg
Oireachtas TV Committee Room 3 (720p),https://d33zah5htxvoxb.cloudfront.net/el/live/cr3/hls.m3u8,网络源,https://i.imgur.com/EoAQeg5.jpg
Oireachtas TV Committee Room 4 (720p),https://d33zah5htxvoxb.cloudfront.net/el/live/cr4/hls.m3u8,网络源,https://i.imgur.com/U9U4rgs.jpg
Oireachtas TV Dail Eireann (720p),https://d33zah5htxvoxb.cloudfront.net/el/live/dail/hls.m3u8,网络源,https://i.imgur.com/mexKiS0.jpg
Oireachtas TV Seanad Eireann (720p),https://d33zah5htxvoxb.cloudfront.net/el/live/seanad/hls.m3u8,网络源,https://i.imgur.com/c5TI2DT.jpg
OK4 (720p) [Geo-blocked],https://s.ok54.de/abr_ok4/live/playlist.m3u8,网络源,https://i.imgur.com/cUlMOlt.png
OK54 (720p) [Geo-blocked],https://s.ok54.de/ott/webstream/tv/webstream_720p/playlist.m3u8,网络源,https://ok54.de/wp-content/uploads/2013/04/ok54_logo_schwarz.png
OK Dessau (1080p) [Not 24/7],http://58bd5b7a98e04.streamlock.net/medienasa-live/ok-dessau_high/playlist.m3u8,网络源,https://i.imgur.com/nx4Wc8l.png
OK Flensburg (576p),https://live-cdn.oksh.de/play/hls/flensburgtv/index.m3u8,网络源,https://i.imgur.com/NPbfgQC.png
OK Kaiserslautern (720p) [Geo-blocked],https://s.ok54.de/abr_okkl/webstream/playlist.m3u8,网络源,https://i.imgur.com/MRrETTh.png
OK Kassel (720p) [Geo-blocked],https://s.ok54.de/mok-ks/kassel/playlist.m3u8,网络源,https://i.imgur.com/igZ9sx2.png
OK Kiel (576p),https://live-cdn.oksh.de/play/hls/kieltv/index.m3u8,网络源,https://i.imgur.com/eToHabX.png
OK Magdeburg (1080p),http://58bd5b7a98e04.streamlock.net/medienasa-live/ok-magdeburg_high/playlist.m3u8,网络源,https://i.imgur.com/zftoymR.png
OK Merseburg-Querfurt (1080p) [Not 24/7],http://58bd5b7a98e04.streamlock.net/medienasa-live/ok-merseburg_high/playlist.m3u8,网络源,https://i.imgur.com/QfzdESc.png
OK Rhein-Main (576p) [Geo-blocked],https://s.ok54.de/mok-rm/mok-rm/playlist.m3u8,网络源,https://i.imgur.com/XsmPI4N.jpg
OK Salzwedel (1080p) [Not 24/7],http://58bd5b7a98e04.streamlock.net/medienasa-live/ok-salzwedel_high/playlist.m3u8,网络源,https://i.imgur.com/jDmiTOS.png
OK Stendal (1080p),http://58bd5b7a98e04.streamlock.net/medienasa-live/ok-stendal_high/playlist.m3u8,网络源,https://i.imgur.com/s9wo85l.png
OK Trier (720p) [Geo-blocked],https://s.ok54.de/ott/webstream/playlist.m3u8,网络源,https://i.imgur.com/nq32HIs.png
OK Weinstrasse Neustadt (432p) [Geo-blocked],https://s.ok54.de/okweinstrasse/okweinstrasse/playlist.m3u8,网络源,https://i.imgur.com/bjTajXb.png
OK Wernigerode (1080p),http://58bd5b7a98e04.streamlock.net/medienasa-live/mp4:ok-wernigerode_high/playlist.m3u8,网络源,https://i.imgur.com/3gQvhSy.png
OK-TV Ludwigshafen (720p) [Geo-blocked],https://s.ok54.de/oklu/livestream/playlist.m3u8,网络源,https://i.imgur.com/xiDeF8Y.png
Okhota i rybalka (576p),http://stream.mcquack.net/155/index.m3u8,网络源,https://i.imgur.com/nZwBaeW.png
Okko Futbol (1080p),http://stream.mcquack.net/491/index.m3u8,网络源,https://xml-epgservice.cdnvideo.ru/EPGService/hs/xmldata/852f4b92-cae5-463e-aad6-cd8844c5a49/logo/8986.png
Okko Prajm Sport (1080p),http://stream.mcquack.net/493/index.m3u8,网络源,https://i.imgur.com/kQq5DMU.png
Okko Sport (1080p),http://stream.mcquack.net/492/index.m3u8,网络源,https://i.imgur.com/SYOaOQc.png
Okto (1080p),https://cdn3.wowza.com/1/MHFtazJReW5rOFhP/N2NWNDZ2/hls/live/playlist.m3u8,网络源,https://i.imgur.com/9XfhgbS.png
Olam Metro TV (720p),https://netzerstreaming.com:4433/hls/olammetro/index.m3u8,网络源,https://i.imgur.com/dDZnyUA.jpeg
OlayTurk TV (720p) [Geo-blocked],https://live.artidijitalmedya.com/artidijital_olayturk/olayturk/playlist.m3u8,网络源,https://i.imgur.com/e9ca6gc.png
Olelo 49 (720p),https://cdn3.wowza.com/5/V2Y2VmhqMEFDTUkx/olelo/G0125_009/playlist.m3u8,网络源,https://i.imgur.com/4C5Xp8M.png
Olelo 53 (720p),https://cdn3.wowza.com/5/V2Y2VmhqMEFDTUkx/olelo/G0125_011/playlist.m3u8,网络源,https://i.imgur.com/xDuUrj9.png
Olelo 54 (720p),https://cdn3.wowza.com/5/V2Y2VmhqMEFDTUkx/olelo/G0125_012/playlist.m3u8,网络源,https://i.imgur.com/8BG31QL.png
Olelo 55 (720p),https://cdn3.wowza.com/5/V2Y2VmhqMEFDTUkx/olelo/G0125_013/playlist.m3u8,网络源,https://i.imgur.com/0qe2R8b.png
Oli TV (Chile) (1080p),https://v4.tustreaming.cl/retroplaytv/index.m3u8,网络源,https://i.imgur.com/2emMRvf.jpeg
Oli TV (India) (1080p),https://live.olidigital.in/olitv/olitv/index.m3u8,网络源,https://i.ibb.co/XfvTQyJn/main-removebg-preview.png
Olympic Channel (1080p) [Geo-blocked],https://ocshls-2-olympicchannel.akamaized.net/ocshls/OCTV_1.m3u8,网络源,https://i.imgur.com/wPQVVtj.png
OM TV (576p),https://mumt01.tangotv.in/O5aw8Zn3OMTV/index.m3u8,网络源,https://jiotvimages.cdn.jio.com/dare_images/images/OM_TV.png
Oman Sports TV (1080p) [Not 24/7],https://partneta.cdn.mgmlcdn.com/omsport/smil:omsport.stream.smil/chunklist.m3u8,网络源,https://i.imgur.com/1omi7p8.png
Oman TV (1080p),https://partneta.cdn.mgmlcdn.com/omantv/smil:omantv.stream.smil/chunklist.m3u8,网络源,https://i.imgur.com/rBftT9x.png
Oman TV Cultural (1080p),https://partwota.cdn.mgmlcdn.com/omcultural/smil:omcultural.stream.smil/chunklist.m3u8,网络源,https://i.imgur.com/b38wNPK.png
Oman TV Mubashir (1080p),https://partwota.cdn.mgmlcdn.com/omlive/smil:omlive.stream.smil/chunklist.m3u8,网络源,https://i.imgur.com/UkQTR5b.png
Omega (720p),https://customer-gllhkkbamkskdl1p.cloudflarestream.com/eyJhbGciOiJSUzI1NiIsImtpZCI6ImI3YmIwODNmMDhkNmQ5NWExZjIzZWE3ZWRhOWY4NTZhIn0.eyJzdWIiOiJkM2NlZTBhY2RmYTlkNWUzMTQ1MzMyMjk4Y2FlNGQ1YiIsImtpZCI6ImI3YmIwODNmMDhkNmQ5NWExZjIzZWE3ZWRhOWY4NTZhIiwiZXhwIjoxNzg1NTYxNzEyLCJhY2Nlc3NSdWxlcyI6W3sidHlwZSI6ImlwLmdlb2lwLmNvdW50cnkiLCJhY3Rpb24iOiJibG9jayIsImNvdW50cnkiOlsiUlUiLCJCWSJdfV19.mbhyruuIdBBCY-HxJTyLdG3OH1nvFFuzwhBGEainaCV5EkRv20p22JUd-x8yzyghm_X-soPuxO_h_lf6aSsxQz1qMCQ8ZGcN_GVRW8j2Tv3hRJTj_DQnxk0s5LXmrQCkUo1szfCNjkOaa062r3x5qL1-kZ5fKDRnSBpGJyx_H6G1SHOTzlTd9mGggrZ3aH7Omuu1vKDHvxE-C0oN0KpgjO0oht5DM9ClTtXB1Wabu0mqfYRGXBpuBHhAn7hvDOxHTlWrtTUMcUXv5uQ-oXyfLCqHHFk_CV2TUUq6lmO6sIC93EeZrBWFQJr_t32xGMJpgOhfxjaL39B5XeUYypzAGQ/manifest/video.m3u8,网络源,https://i.imgur.com/doybFbZ.png
Omega Channel (576i),https://l1.cloudskep.com/omegatv/omcy/playlist.m3u8,网络源,https://i.ibb.co/QrSzNn6/31087.png
Omid e Iran TV,https://oitnhls.wns.live/hls/stream.m3u8,网络源,https://i.imgur.com/CeMf68L.png
Omroep Brabant (1080p),https://d3slqp9xhts6qb.cloudfront.net/live/omroepbrabant/tv/index.m3u8,网络源,https://i.imgur.com/KLYsKKC.png
Omroep Brabant Radio (1080p),https://d3slqp9xhts6qb.cloudfront.net/live/omroepbrabant/visualradio/index.m3u8,网络源,
Omroep Centraal TV (480p) [Not 24/7],https://ms2.mx-cd.net/tv/208-1258878/Omroep_Centraal_GB.smil/playlist.m3u8,网络源,https://i.imgur.com/YNUPWbL.png
Omroep Dommelland (720p),https://de68fck4398ez.cloudfront.net/nlpo/clr-nlpo/omroepdommelland/index.m3u8,网络源,https://i.imgur.com/6Tkd9Pv.png
Omroep Flevoland (720p) [Not 24/7],https://d5ms27yy6exnf.cloudfront.net/live/omroepflevoland/tv/index.m3u8,网络源,https://i.imgur.com/rF4MTYD.png
Omroep Gelderland HD (1080p),https://d2od87akyl46nm.cloudfront.net/live/omroepgelderland/tvgelderland-hls/index.m3u8,网络源,https://i.imgur.com/G08hKit.png
Omroep Hoeksche Waard (480p),https://ms2.mx-cd.net/tv/272-2641704/Hoeksche_Waard_TV.smil/playlist.m3u8,网络源,https://i.imgur.com/pgMwNGV.png
Omroep Hulst (720p) [Not 24/7],https://ms7.mx-cd.net/tv/280-2963002/Omroep_Hulst_TV.smil/playlist.m3u8,网络源,https://i.imgur.com/RrQnqId.png
Omroep Land van Cuijk (720p),https://d3go236bg358u.cloudfront.net/nlpo/clr-nlpo/omroeplandvancuijk/index.m3u8,网络源,https://i.imgur.com/Pt2gXJ1.png
Omroep Lingewaard (720p),https://highvolume02.streampartner.nl/omroeplingewaard_1/omroeplingewaard_1/playlist.m3u8,网络源,https://i.imgur.com/FqyTFVN.png
Omroep Meierijstad (480p),https://ms2.mx-cd.net/dtv-09/186-793530/Omroep_Meierij_TV.smil/playlist.m3u8,网络源,https://i.imgur.com/sYzh01C.png
Omroep Ons West Brabant (480p),https://ms2.mx-cd.net/tv/177-710139/Ons_West_Brabant_TV.smil/playlist.m3u8,网络源,https://i.imgur.com/XlWTK7s.png
Omroep Peelrand (720p),https://ms7.mx-cd.net/dtv-11/208-1258878/Omroep_Peelrand_TV.smil/playlist.m3u8,网络源,https://i.imgur.com/K4AhATP.png
Omroep Sudwest (720p),https://d2ecwd3cgy6wo0.cloudfront.net/nlpo/clr-nlpo/omroepsudwest/index.m3u8,网络源,https://i.imgur.com/XtKLmQS.png
Omroep Tilburg (480p),https://ms7.mx-cd.net/tv/184-782326/Omroep_Tilburg_TV.smil/playlist.m3u8,网络源,https://i.imgur.com/rhazkU7.png
Omroep Venlo (720p),https://d2pqcu7r58rgg1.cloudfront.net/nlpo/clr-nlpo/omroepvenlo/index.m3u8,网络源,https://i.imgur.com/zjDZdmM.png
Omroep Venray (720p),https://d3j015sg8r68y.cloudfront.net/nlpo/clr-nlpo/omroepvenray/index.m3u8,网络源,https://i.imgur.com/uVqTbi2.png
Omroep West HD (1080p) [Not 24/7],https://d1axml5ozykh3g.cloudfront.net/live/omroepwest/tv/index.m3u8,网络源,https://i.imgur.com/5IDb9fk.png
Omroep Zeeland (1080p),https://d3isaxd2t6q8zm.cloudfront.net/live/omroepzeeland/tv/index.m3u8,网络源,https://i.imgur.com/3c3QUSn.png
Omrop Fryslan (1080p) [Not 24/7],https://s-d15f8b0b.b.cdn.bluebillywig.com/live/omropfryslan/f8f68bd5/index.m3u8,网络源,https://i.imgur.com/khacDTU.png
On4 TV (1080p),https://edge1.socialsmart.tv/on4/bant1/playlist.m3u8,网络源,https://i.imgur.com/qGRa1KI.png
ON FM (720p),https://5ce9406b73c33.streamlock.net/ONFM/livestream/playlist.m3u8,网络源,https://onfmwordpressfiles.ams3.digitaloceanspaces.com/wp-content/uploads/2023/03/17130121/logo-on-fm.png
ON Kids (720p),https://freem3u.xyz/api/live/play.m3u8?vid=179,网络源,https://i.ibb.co/RGsg8XfM/IMG-2512.webp
ON Life (720p),https://freem3u.xyz/api/live/play.m3u8?vid=188,网络源,https://i.ibb.co/XxtcgQQv/IMG-2513.webp
ON Movies (720p),https://freem3u.xyz/api/live/play.m3u8?vid=181,网络源,https://i.ibb.co/fdbgvtT8/IMG-2523.webp
ON News HD (576p),http://103.250.28.74:8000/play/a046/index.m3u8,网络源,https://i.imgur.com/h3IUrMI.png
On The Case,https://jmp2.uk/plu-62cd971cec90c20007081050.m3u8,网络源,https://i.imgur.com/TAmVjUL.png
ON Vie Drama (720p),http://dvrfl05.bozztv.com/vch_vchannel18/index.m3u8,网络源,https://i.ibb.co/VptvgFVx/IMG-2530.webp
Onda 15 TV (224p),https://cloudvideo.servers10.com:8081/8034/index.m3u8,网络源,https://i.imgur.com/mUrZz9O.png
Onda Algeciras (576p),https://cloudtv.provideo.es/live/algecirastv-livestream.m3u8,网络源,https://i.imgur.com/kUhFkVF.png
Onda Cadiz (720p),https://ondacadiztv.es:30443/octv/24h/playlist.m3u8,网络源,https://i.imgur.com/sOBMnby.png
ONDA DIGITAL (720p),https://tv.ondadigital.pe/ondadigital/index.m3u8,网络源,https://i.imgur.com/3R2emx7.jpg
Onda Novara TV (720p) [Not 24/7],https://585b674743bbb.streamlock.net/9006/9006/master.m3u8,网络源,https://i.imgur.com/DTxhOhT.png
Onda TV (Dominican Republic) (720p),https://cnn.hostlagarto.com/ondatv/index.m3u8,网络源,https://i.imgur.com/RUIyD9a.png
Onda TV (Italy) (568p),https://5926fc9c7c5b2.streamlock.net/9040/9040/chunklist_w1373908906.m3u8,网络源,https://upload.wikimedia.org/wikipedia/it/thumb/9/99/Ondatv.jpg/512px-Ondatv.jpg
Onda TV (Peru) (720p),https://live-evg5.tv360.bitel.com.pe/bitel/onda/playlist.m3u8,网络源,https://i.imgur.com/gbjdiLW.jpeg
Onda Valencia TV (720p),https://cloudvideo.servers10.com:8081/8116/index.m3u8,网络源,https://i.imgur.com/6HxLUQd.png
Ondambiental TV (360p),https://stmv4.voxtvhd.com.br/ondastereo/ondastereo/playlist.m3u8,网络源,https://i.imgur.com/u5804Au.jpg
Ondas Quevedenas TV (720p) [Not 24/7],https://stmv6.voxtvhd.com.br/radiosuprema/radiosuprema/playlist.m3u8,网络源,https://i.imgur.com/K9pW0LA.jpeg
One 31 (720p),https://lb1-live-mv.v2h-cdn.com/hls/ffba/yogvfi/yogvfi.m3u8,网络源,https://i.imgur.com/HXFNbuc.png
One,https://2-fss-1.streamhoster.com/pl_148/201830-1293592-1/playlist.m3u8,网络源,https://i.imgur.com/UPlfzFx.png
One Adria,https://oneadriaapp.b-cdn.net/1080p/index.m3u8,网络源,https://i.imgur.com/NYkMamU.png
One America News Network (720p),http://23.237.104.106:8080/USA_OAN/index.m3u8,网络源,https://upload.wikimedia.org/wikipedia/en/thumb/8/84/One_America_News_Network_logo.svg/960px-One_America_News_Network_logo.svg.png
One Channel (1080p) [Geo-blocked],https://onechannel.siliconweb.com/one/stream/chunks.m3u8,网络源,https://upload.wikimedia.org/wikipedia/commons/3/37/One_Channel_Logo_2019.png
One Golf (720p),http://162.250.201.58:6211/pk/ONEGOLF/index.m3u8,网络源,https://i.imgur.com/7JhaEW5.png
One Music Television,https://oneapp.b-cdn.net/1080p/index.m3u8,网络源,https://i.imgur.com/dLgoKJ0.png
One Nation TV (720p) [Not 24/7],https://endour.net/hls/One_nationtv/index.m3u8,网络源,https://i.imgur.com/RGHbkZU.png
One Paschima (400p),https://live.ekamraott.com/onepaschima/onepaschima/index.m3u8,网络源,https://jiotv.catchup.cdn.jio.com/dare_images/images/One_Paschima.png
One Piece,https://jmp2.uk/plu-69affcad8940750a23a7231a.m3u8,网络源,https://images.pluto.tv/channels/5f7790b3ed0c88000720b241/colorLogoPNG_1731837233662.png
One Piece BR,https://jmp2.uk/plu-624b1c8d4321e200073ee421.m3u8,网络源,https://i.imgur.com/XsvbAWR.png
One Piece CA,https://jmp2.uk/plu-62e94ec74823db0007277a8f.m3u8,网络源,https://i.imgur.com/XsvbAWR.png
One Piece FR,https://jmp2.uk/plu-6380c94947c72b0007ee9a13.m3u8,网络源,https://i.imgur.com/XsvbAWR.png
One Piece LatAm,https://jmp2.uk/plu-5ff4b9ccf938f8000779eb99.m3u8,网络源,https://i.imgur.com/XsvbAWR.png
One Piece Spain,https://jmp2.uk/plu-680ba8992472a7200a183eb5.m3u8,网络源,https://i.imgur.com/XsvbAWR.png
One TV (720p) [Not 24/7],https://hms.pfs.gdn/v1/broadcast/one/playlist.m3u8,网络源,https://i.imgur.com/O4DuR9G.png
One TV E-School Cambodia (1080p),http://49.156.33.114:5080/live/streams/elearning.playlist.m3u8,网络源,https://i.imgur.com/wLzVdeT.png
ONE-TV (720p) [Not 24/7],https://core.live-apc.eu:5443/LiveApp/streams/backup.m3u8,网络源,https://i.imgur.com/Wob7gjp.png
OneFM (720p) [Not 24/7],https://hms.pfs.gdn/v1/broadcast/onefm/playlist.m3u8,网络源,https://i.ibb.co/Vp2G9wTz/onefmlb.png
Online TV Nusantara (720p) [Not 24/7],https://5bf7b725107e5.streamlock.net/onlinetvnusantara/onlinetvnusantara/playlist.m3u8,网络源,https://i.imgur.com/E9CCIpP.jpg
Only Bharat (576p),https://mumt07.tangotv.in/zHjX9OFlONLYBHARAT/index.m3u8,网络源,https://xstreamcp-assets-msp.streamready.in/assets/LIVETV/LIVECHANNEL/LIVETV_LIVETVCHANNEL_AMV_NETWORK/images/LOGO_HD/image.png
Onni TV (720p),https://onnitv.digitacdn.net/live/ott/onnitv/playlist.m3u8,网络源,https://i.imgur.com/Vba4jUk.png
Ontario Parliamentary Network (720p),https://origin-http-delivery.isilive.ca/live/_definst_/ontla/house-en/playlist.m3u8,网络源,https://i.imgur.com/xKXs6ER.png
Ontario Public Access Channel (360p),https://cdn3.wowza.com/5/dk84U1p2UUdoMGxT/ontarioca/G2446_002/playlist.m3u8,网络源,https://i.imgur.com/jg0cFDd.png
Ontustik (360p),https://stream.kaztrk.kz/regional/shymkenttv/index.m3u8,网络源,https://i.imgur.com/xqr1hjN.png
OnTV4U (1080p) [Geo-blocked],https://stirr.b-cdn.net/stirr/playlist.m3u8,网络源,https://i.imgur.com/yaCK1Mh.png
Onza TV (720p),https://stmv1.srvstm.com/gproducciones/gproducciones/playlist.m3u8,网络源,https://i.imgur.com/usrP6T2.png
OOG TV (720p),https://d1xcc1603wntzx.cloudfront.net/nlpo/clr-nlpo/oogtv/index.m3u8,网络源,https://i.imgur.com/WzxY0PL.png
OPEN Rotterdam TV (480p) [Not 24/7],https://ms2.mx-cd.net/tv/141-573555/OPEN_Rotterdam.smil/playlist.m3u8,网络源,https://i.imgur.com/nWahRAb.png
Opinionsur (720p),https://183.bozztv.com/giatv/giatv-opinionsurc/opinionsurc/playlist.m3u8,网络源,https://i.imgur.com/4IjhXKm.png
Oplot TV SD (1080p) [Geo-blocked],http://31.131.139.253:9002/oplot_hd/index.m3u8,网络源,https://i.imgur.com/RvUkId2.png
Ora News (720p),https://live1.mediadesk.al/oranews.m3u8,网络源,https://upload.wikimedia.org/wikipedia/commons/thumb/9/9d/Ora_News_%28Albania%29.svg/960px-Ora_News_%28Albania%29.svg.png
Orange Bangla TV (720p),https://cdn.pishow.tv/ott/live/1499/master.m3u8,网络源,https://i.imgur.com/wjSaHj5.png
Orange Government Access TV (720p),https://livestream.telvue.com/ogat1/f7b44cfafd5c52223d5498196c8a2e7b.sdp/playlist.m3u8,网络源,https://i.imgur.com/hyPTfxA.png
ORBIT TV (1080p),https://edge.essastream.com/orbittv/index.m3u8,网络源,https://i.imgur.com/lizQs3n.png
Orbita Chile TV (1080p),https://orbitachiletv.org/hls/0/stream.m3u8,网络源,https://i.imgur.com/gbNh79Z.png
Orbita TV (360p) [Not 24/7],http://ftp.orbita.dn.ua/hls/orbita.m3u8,网络源,https://i.ibb.co/Bj4T9wB/logo-Orbita-fin14.png
ORF 2 (720p),http://88.212.15.19/live/test_orf_zwei_tizen/playlist.m3u8,网络源,https://upload.wikimedia.org/wikipedia/commons/e/e7/ORF2_logo_n.svg
ORF III HD (720p),https://orf3.mdn.ors.at/orf/orf3/qxa/manifest.m3u8,网络源,https://upload.wikimedia.org/wikipedia/commons/thumb/e/ed/ORF_III_Logo_Monochrom.svg/960px-ORF_III_Logo_Monochrom.svg.png
ORF Kids (720p),https://web12.mdn.ors.at/orf/web12/qxa/manifest.mpd,网络源,https://i.imgur.com/Zxuah2b.png
Orler TV (420p) [Not 24/7],https://w1.mediastreaming.it/orlertv/livestream/playlist.m3u8,网络源,https://i.imgur.com/Ia7iULa.png
Oromar TV (1080p),http://45.224.97.181:9999/Oromar/index.m3u8,网络源,https://oromartv.com/images/OTV400.png
Oromar TV+ (720p),https://stream.oromar.tv/hls/camriva/index.m3u8,网络源,https://oromartv.com/images/OTV400.png
Oroszlanyi Varosi Televizio (720p),https://cloudfront44.lexanetwork.com:1344/relay01/broadcast002.sdp/playlist.m3u8,网络源,https://i.imgur.com/P0fxUH5.png
Orszaggyules: OGY plenaris (720p) [Not 24/7],http://plenaris.parlament.hu:1935/edgelive/smil:mkogyplen.smil/playlist.m3u8,网络源,https://i.imgur.com/hbblRpZ.png
Orszaggyules: OGY TAB (720p) [Not 24/7],http://tab.parlament.hu:1935/edgelive/smil:mkogytab.smil/playlist.m3u8,网络源,https://i.imgur.com/hbblRpZ.png
ORTM 1,https://cs2.push2stream.com/ORTM-DVR/playlist.m3u8,网络源,https://i.imgur.com/eKUpcls.png
ORTS TV (480p) [Not 24/7],https://ms7.mx-cd.net/tv/200-1006554/ORTS_TV.smil/playlist.m3u8,网络源,https://i.imgur.com/RZM4Myo.png
Oruzhie (576p),https://fs.uplink.kz/oruzhie/mono.m3u8?token=onlinetv,网络源,https://i.imgur.com/lfJQJqa.png
Oscar Movies Bhojpuri (720p),https://cdn.pishow.tv/ott/live/233/master.m3u8,网络源,https://dtil.tmsimg.com/assets/s143638_ld_h9_ab.png?lock=720x540
Osetiya-Iryston (1080p),https://osir.mediacdn.ru/cdn/osetia/playlist.m3u8,网络源,https://i.imgur.com/N0Zn4zU.png
Osh Pirim (1080p) [Not 24/7],http://gohoski.fvds.ru:3000/mediabay/697/playlist.m3u8,网络源,https://i.ibb.co/9VBnyQ1/cropped-white.png
OSN,http://osnmedia.servicecdn.ru/streams/17603_88089/playlist.m3u8,网络源,https://www.osnmedia.ru/wp-content/uploads/2024/11/osn-logo-header.png
OSN Movies Action (1080p),http://116.90.120.151:8000/play/a0ax/index.m3u8,网络源,https://i.imgur.com/uOzyKup.png
Osorno TV (720p),https://videostream.chileservidores.com:8081/osornotv/index.m3u8,网络源,https://i.imgur.com/0ELjva6.png
Ostrosyuzhetnoye HD (1080p),http://stream.mcquack.net/214/index.m3u8,网络源,https://i.imgur.com/NwQ7GBy.png
Otkritiy mir. Zdorove (576p),https://v4.proofix.ru/0mir/index.m3u8,网络源,https://i.imgur.com/7orZOJA.png
OTR (576p),http://flussonic.linkintel.ru/otr/index.m3u8,网络源,https://i.imgur.com/VaWlnjZ.png
Otto Channel (480p),https://ottop-live-meride.akamaized.net/hls/live/2039996/ch1/playlist.m3u8,网络源,https://i.imgur.com/zxdwM4f.png
OTV (Croatia) (720p) [Not 24/7],https://stream.agatin.hr:3559/live/otvlive.m3u8,网络源,https://i.imgur.com/67zVdu2.png
OTV (Estonia),http://88.212.15.19/live/otv/playlist.m3u8,网络源,https://web02.antik.sk/assets/img/channels/5c4e6aadc3255df82fedf3221570cdb5.svg
OTV (Ghana) (720p),https://5dcabf026b188.streamlock.net/OceansTV/livestream/playlist.m3u8,网络源,https://pbs.twimg.com/profile_images/1034118312437919744/emeWo-ag_400x400.jpg
OTV (Lebanon) (1080p),https://otv.hibridcdn.net/otv/tv_abr/playlist.m3u8,网络源,https://i.imgur.com/toxFMeY.png
OTV (Ukraine),https://stream.otv.ua/memfs/028e5947-073f-4b4e-a47f-70e59ca3ee36.m3u8,网络源,https://i.imgur.com/TkGGGAj.png
OTV-Prim,https://jz2lo90hnpy.a.trbcdn.net/livemaster/yo8gr_live-5gorrrfpouq.smil/playlist.m3u8,网络源,https://i.imgur.com/2zd8trG.png
OUN (1080p),https://live.knou.ac.kr/knou1/live1/playlist.m3u8,网络源,https://i.imgur.com/7s6JtcU.png
Outdoor America (1080p),https://d1e354daam8g5r.cloudfront.net/playlist.m3u8,网络源,https://i.imgur.com/UKfimFD.png
Outdoor Channel (1080p),https://amg00718-outdoorchannela-outdoortv-samsungau-uc7mp.amagi.tv/playlist/amg00718-outdoorchannela-outdoortv-samsungau/playlist.m3u8,网络源,https://i.imgur.com/Kh4MWaY.png
Outdoor Channel HD (720p),http://23.237.104.106:8080/USA_OUTDOOR/index.m3u8,网络源,https://i.imgur.com/Kh4MWaY.png
OuterSphere (1080p),https://d3o593mz1glx8d.cloudfront.net/OuterSphere_US.m3u8,网络源,https://provider-static.plex.tv/epg/cms/production/f162df8b-6532-43fe-9202-83a658090651/OuterSphere_1500x1000_Logo_Dark_-_Chris_Connors__1_.png
Outlaw WGGS-TV (720p),https://content.uplynk.com/channel/1f93c13275024afb9e0ead299624073d.m3u8,网络源,https://i.imgur.com/tSNwL8W.png
Outside TV (1080p),https://outsidetv-firetv.amagi.tv/playlist.m3u8,网络源,https://www.cynopsis.com/wp-content/uploads/2018/02/outside-tv.png
Ovacion TV (720p) [Not 24/7],http://cdn2.ujjina.com:1935/iptvovacion1/liveovacion1tv/playlist.m3u8,网络源,https://i.imgur.com/7Xndgxk.png
Overcomers TV (720p),https://glorystartv.live/Overcomers/index.m3u8,网络源,https://overcomerstv.live/wp-content/uploads/2025/10/Overcomers-tv.png
Overtime (1080p),https://d1a8aq6t30gkqj.cloudfront.net/v1/amc_overtime_1/samsungheadend_us/latest/main/hls/playlist_hd.m3u8,网络源,https://i.imgur.com/9S9k4IK.png
Oviedo TV,https://video.wilohosting.com:19360/oviedotv/oviedotv.m3u8,网络源,https://i.imgur.com/6OlfgSQ.png
Oxigeno TV (360p) [Not 24/7],https://vcp.myplaytv.com/oxigenotv/oxigenotv/playlist.m3u8,网络源,https://i.imgur.com/n3PweBQ.png
OXIR TV,https://hls.oxir.live/hls/stream.m3u8,网络源,https://i.imgur.com/MGMhUDx.png
OxiTV (720p) [Not 24/7],https://streamunoapp.com:3520/live/oxitvcanal36live.m3u8,网络源,https://www.vivalivetv.com/public/files/shows/0/1/3801-294x165-FFFFFF.jpg
Oxygen (720p),http://198.58.104.90:8989/oxygen/index.m3u8,网络源,https://upload.wikimedia.org/wikipedia/commons/thumb/d/df/Oxygen_TV_%282017_Logo%29.svg/960px-Oxygen_TV_%282017_Logo%29.svg.png
Oxygen Music (1080p),https://oxygenmusic.hu:2443/hls/oxygenmusic.m3u8,网络源,https://oxygenmusic.hu/static/media/logo.png
Ozdi Varosi TV (720p) [Not 24/7],http://stream.nmih.hu:7980/live.m3u8,网络源,https://i.imgur.com/t0Aq3UD.png
Ozono TV (720p),https://live-evg8.tv360.bitel.com.pe/bitel/ozonotv/playlist.m3u8,网络源,https://i.imgur.com/Wkdibpv.png
P2M TV (720p),https://vdo2.pro-fhi.net:3207/stream/play.m3u8,网络源,https://i.imgur.com/TrecSeG.png
P3tv (720p) [Not 24/7],http://p3-6.mov.at:1935/live/weekstream/master.m3u8,网络源,https://i.imgur.com/qUOFiEe.png
Pac-12 Insider (1080p),https://pac12-firetv.amagi.tv/playlist.m3u8,网络源,https://i.imgur.com/736QREy.png
Paci Contemporary Channel (720p),https://5f22d76e220e1.streamlock.net/pacicontemporarychannel/pacicontemporarychannel/playlist.m3u8,网络源,https://i.imgur.com/RtOvD2M.png
Pacific Island Network (1080p),https://cdn.vegasplus.us/vegas/mpin/playlist.m3u8,网络源,https://i.imgur.com/OtT1qYE.png
Padang TV (720p) [Not 24/7],http://122.248.43.242:1935/PADANGTV/_definst_/myStream/playlist.m3u8,网络源,https://i.imgur.com/EL2BfxY.png
Padre Pio TV (1080p),https://600f07e114306.streamlock.net/PadrePioTV/livestream/playlist.m3u8,网络源,https://upload.wikimedia.org/wikipedia/en/a/a4/Padre_Pio_TV.jpg
Paighan TV (1080p),http://116.90.120.151:8000/play/a00h/index.m3u8,网络源,https://i.imgur.com/zokC3gO.png
Palenque TV (576p),http://15.204.246.24:8080/PalenqueTVSD/index.m3u8,网络源,https://i.imgur.com/wAIBvaO.png
Palestine Al Yawm (720p),https://live.paltodaytv.com/paltv/live/playlist_sfm4s.m3u8,网络源,https://i.imgur.com/n8dSgx4.png
Palestine Edu (1080p),https://pbc.furrera.ps/PalestineEDU/index.m3u8,网络源,https://i.imgur.com/AwVHXyC.png
Palestine Today (480p) [Geo-blocked],https://live.paltodaytv.com/paltv/live/playlist.m3u8,网络源,https://i.imgur.com/BS8XXug.png
Palestinetv,https://ncdn.telewebion.ir/palestine/live/playlist.m3u8,网络源,https://i.ibb.co/svrZNZTX/Palestine.png
Palitra News (480p) [Not 24/7],https://live.palitranews.ge/hls/palitratv/index.m3u8,网络源,https://i.imgur.com/BW95PMF.png
Palm Beaches TV (720p),https://live.feed.thepalmbeaches.tv/index.m3u8,网络源,https://i.imgur.com/kBol4Pf.png
Palmar TV [Not 24/7],https://streamunoapp.com:3255/live/palmartvlive.m3u8,网络源,https://www.vivalivetv.com/public/files/shows/0/1/3328-294x165-FFFFFF.jpg
Pamir TV (1080p) [Not 24/7],http://live.stream.cdn.pamirtv.com/ptv/d0dbe915091d400bd8ee7f27f0791303.sdp/index.m3u8,网络源,https://i.imgur.com/sCBbBOj.png
Panafrican Media TV (480p),https://live20.bozztv.com/giatv/giatv-pmtv/pmtv/playlist.m3u8,网络源,https://i.imgur.com/wneSSYM.png
Panamericana TV (1080p),http://45.171.108.253:8888/PANAMERICANA/index.m3u8,网络源,https://i.imgur.com/uQhEDES.png
Panc TV (720p) [Not 24/7],https://panel.host-live.com:19360/20004/20004.m3u8,网络源,https://i.imgur.com/u1dnEVv.png
Panche Television,https://vs20.live.opencaster.com/panche_3c70d368/index.m3u8,网络源,https://i.imgur.com/BJVlOVA.jpeg
Panico (576p),http://181.78.8.199:8000/play/a0bt/index.m3u8,网络源,https://i.imgur.com/XOJzlfS.png
Panik TV (1080p),https://livetv.streams.ovh:1936/paniktv/paniktv/playlist.m3u8,网络源,https://i.imgur.com/13C3CPr.png
Panjab TV (576p),https://panjabtv.akamaized.net/panjabtv/panjabtvhlsout/playlist.m3u8,网络源,https://d2n0069hmnqmmx.cloudfront.net/epgdata/1.0/newchanlogos/10000/10000/skychb1041.png
Pannon TV (648p),https://stream.nmih.hu:4102/live.m3u8,网络源,https://i.imgur.com/xQa2idL.png
Panorama FM (1080p),https://d6izdil55uftn.cloudfront.net/out/v1/0a06d1d6377c47edbd48721ed724bd08/index.m3u8,网络源,https://i.imgur.com/JkDD3bK.png
Panorama TV,https://159.69.221.56/panorama/livestream/playlist.m3u8,网络源,https://upload.wikimedia.org/wikipedia/commons/thumb/2/24/Panorama_logo.svg/960px-Panorama_logo.svg.png
Pantalla Clasica EC (512p) [Not 24/7],https://live21.bozztv.com/akamaissh101/ssh101/pantallaclasics/playlist.m3u8,网络源,https://i.imgur.com/mhbERF9.jpg
Paradise,https://jmp2.uk/plu-6380c73f76e43f000721f73b.m3u8,网络源,https://images.pluto.tv/channels/629e095e511d4b00070c9f44/colorLogoPNG.png
Paradise DK,https://jmp2.uk/plu-629e095e511d4b00070c9f44.m3u8,网络源,https://images.pluto.tv/channels/629e095e511d4b00070c9f44/colorLogoPNG.png
Paradise Hotel,https://jmp2.uk/plu-61c18e1e0cd4cc00076bc4b3.m3u8,网络源,https://images.pluto.tv/channels/61c19af83fae0a00078c8918/colorLogoPNG.png
Paradise Hotel DK,https://jmp2.uk/plu-61c19af83fae0a00078c8918.m3u8,网络源,https://images.pluto.tv/channels/61c19af83fae0a00078c8918/colorLogoPNG.png
Paradise Hotel NO,https://jmp2.uk/plu-61c1db901346480007b7c345.m3u8,网络源,https://images.pluto.tv/channels/61c19af83fae0a00078c8918/colorLogoPNG.png
Paradise Hotel: Under lagnerne,https://jmp2.uk/plu-662b71658dd8160008fc3abf.m3u8,网络源,https://images.pluto.tv/channels/662b71658dd8160008fc3abf/colorLogoPNG.png
Paradise TV [Geo-blocked],https://tsw.streamingwebtv24.it:1936/paradisetv/paradisetv/playlist.m3u8,网络源,https://i.imgur.com/OKhpyWr.png
Paraguay TV (1080p),https://stream.paraguaytv.gov.py/memfs/bbe36fed-9b49-4d1d-adaa-4bd6d1b2e386.m3u8,网络源,https://i.imgur.com/TWnTZ3c.png
Paraiso TV (720p),https://stream.eleden.com/livewtpm/ngrp:livewtpm_all/playlist.m3u8,网络源,https://i.imgur.com/wE31GIP.jpg
Paramount Movie Channel,https://jmp2.uk/plu-5cb0cae7a461406ffe3f5213.m3u8,网络源,https://i.imgur.com/sj5h9bl.png
Paramount Network (720p),http://4.30.180.36:8420/paramount/index.m3u8?token=test,网络源,https://upload.wikimedia.org/wikipedia/commons/thumb/9/9f/Paramount_Network.svg/960px-Paramount_Network.svg.png
Paramount+ Picks,https://jmp2.uk/plu-5ff8c708653d080007361b14.m3u8,网络源,https://images.pluto.tv/channels/5ff8c708653d080007361b14/featuredImage.jpg
Paranormal State,https://jmp2.uk/plu-60804d85858bd00007c5d591.m3u8,网络源,https://i.imgur.com/NmxhvAE.png
Paras Gold (576p),https://mumt04.tangotv.in/m18aqlK4PARASGOLD/index.m3u8,网络源,https://xstreamcp-assets-msp.streamready.in/assets/LIVETV/LIVECHANNEL/LIVETV_LIVETVCHANNEL_PARAS_GOLD_ONE/images/LOGO_HD/image.png
Paravision,http://45.170.130.224:8000/play/a032/index.m3u8?hls,网络源,https://i.imgur.com/yd9Dw2G.png
Pardesi TV (720p),http://stream.pardesitv.online/pardesi/tracks-v1a1/mono.m3u8,网络源,https://i.imgur.com/CwAdPpZ.jpg
Parlamento de Andalucia (576p) [Not 24/7],http://193.147.254.64:1935/realizacion1/realizacion1/playlist.m3u8,网络源,https://i.imgur.com/J6h5IQS.png
Parlamento de Navarra (368p) [Not 24/7],https://broadcasting.parlamentodenavarra.es/live/canal1/master.m3u8,网络源,https://i.imgur.com/JnhWxKv.png
Parlamentsfernsehen 1 (1080p) [Not 24/7],https://cldf-hlsgw.r53.cdn.tv1.eu/1000153copo/hk1.m3u8,网络源,https://i.imgur.com/mksEgwx.png
Parlamentsfernsehen 2 (1080p) [Not 24/7],https://bttv-live-z.r53.cdn.tv1.eu/13014bundestag-hk2/_definst_/live/video/hk2_de.smil/playlist.m3u8,网络源,https://i.imgur.com/mksEgwx.png
Parlamentsfernsehen 3 (1080p) [Not 24/7],https://bttv-live-z.r53.cdn.tv1.eu/13014bundestag-hk3/_definst_/live/video/hk3_de.smil/playlist.m3u8,网络源,https://i.imgur.com/mksEgwx.png
Parlamentsfernsehen 4 (1080p) [Not 24/7],https://bttv-live-z.r53.cdn.tv1.eu/13014bundestag-hk4/_definst_/live/video/hk4_de.smil/playlist.m3u8,网络源,https://i.imgur.com/mksEgwx.png
Parliament of Malta (1080p),https://stream.smashmalta.com:25463/live/webplayer/livestream/23.m3u8,网络源,https://upload.wikimedia.org/wikipedia/en/5/53/Logo_of_the_Parliament_of_Malta.png
Parliament TV (New Zealand) (1080p),https://ptvlive.kordia.net.nz/out/v1/daf20b9a9ec5449dadd734e50ce52b74/index.m3u8,网络源,https://i.imgur.com/2aHW4q7.png
Parole di Vita (1080p),https://stream.paroledivita.org/paroledivita.m3u8,网络源,https://i.imgur.com/vkFlXbR.png
Parranda Vallenata (720p),https://backupmaxmedia.hvmultiplay.com/hls/stream3/parrandavallenata.m3u8,网络源,https://i.imgur.com/BzBX7Qx.jpeg
Pars TV,https://parshls.wns.live/hls/stream.m3u8,网络源,https://i.imgur.com/RQ5DzEE.png
Pasand TV (576p),https://d1msejlow1t3l4.cloudfront.net/fta/pasand/playlist.m3u8,网络源,https://dtil.tmsimg.com/assets/GNLZZGG002NFYY1.png?lock=720x540
Pasco TV (480p),https://cpcdn.azureedge.net/PASCOCOFLLIVE1/PASCOCOFLLIVE1/playlist.m3u8,网络源,https://i.imgur.com/CM91sME.png
Pashto 1 (1080p),http://103.250.28.74:8000/play/a00t/index.m3u8,网络源,https://i.imgur.com/tUsLDRe.png
Pasiones Latin America (1080p),http://15.204.246.24:8080/PasionesHD/index.m3u8,网络源,https://i.imgur.com/VGnbWjO.png
Passione Lotto (300p),http://185.63.52.103:8080/hls/passionelotto/1_2/index.m3u8,网络源,https://i.imgur.com/jYmy4G5.png
Patagonia Radio TV (720p),https://video01.logicahost.com.br/grupomedia/grupomedia/playlist.m3u8,网络源,https://i.imgur.com/oFuWBZO.png
Patriot (720p),https://stream.smotrim.ru/hls2/static/playlist_4.m3u8,网络源,https://patriotkanal.ru/assets/cached/2025/02/resize/264_112_q100_patriot-only-logo.png
Pauta (1080p),https://redirector.rudo.video/hls-video/ey6283je82983je9823je8jowowiekldk9838274/pautatv/pautatv.smil/playlist.m3u8,网络源,https://i.imgur.com/UAKLJAt.png
Payam Javan TV (720p) [Not 24/7],https://uni01rtmp.tulix.tv/kensecure/pjtv.stream/playlist.m3u8,网络源,https://i.imgur.com/GYfsHh9.png
Payam TV (1080p),https://hlspackager.akamaized.net/live/DB/PAYAM_TV/HLS/PAYAM_TV.m3u8,网络源,https://i.imgur.com/qySEibb.png
Payam-e-Afghan TV (480p) [Not 24/7],https://g5nl6xx5lpq6-hls-live.5centscdn.com/live1234/2621b29e501b445fabf227b086123b70.sdp/mono.m3u8,网络源,https://i.imgur.com/t9wYYY9.png
Payame Aramesh TV (720p),https://hls.keshishhamid.live/hls/stream.m3u8,网络源,https://i.imgur.com/WaPr0t0.png
Payvand TV (Iran) (720p) [Not 24/7],https://uni6rtmp.tulix.tv/ucur1/Payvand/playlist.m3u8,网络源,https://i.imgur.com/o2Ww77N.png
Payvand TV (United States) (720p),https://tgn.bozztv.com/cus01/ucur1/Payvand/index.m3u8,网络源,https://i.imgur.com/A4gqEmG.png
PBC Tapesh TV (720p),https://iptv.tapesh.tv/tapesh/playlist.m3u8,网络源,https://i.imgur.com/50JzsmH.png
PBC TV Channel 20 (720p),https://pbcvideostreams1.pbc.gov/memfs/1af49f9a-6b90-4ec2-a640-7f65ceebed4a.m3u8,网络源,https://i.imgur.com/2bGBbOZ.png
PBO (1080p),http://190.93.224.42/PBO/index.m3u8,网络源,https://i.imgur.com/vBpxX4S.png
PBR RidePass (720p),https://jmp2.uk/plu-60d39387706fe50007fda8e8.m3u8,网络源,https://i.imgur.com/gUxH97E.png
PBS (1080p) [Geo-blocked],https://pbs.lls.cdn.pbs.org/est/index.m3u8,网络源,https://i.imgur.com/8c8isLj.png
PBS KETS [Geo-blocked],https://ketsdt.lls.pbs.org/out/v1/03c094dbd7874a4a8c3fe9fb10081bdb/index.m3u8,网络源,https://i.imgur.com/8c8isLj.png
PBS KHET (1080p) [Not 24/7],https://khetdt.lls.pbs.org/out/v1/7ec7903413294b72bb64f83963d8ea9b/index.m3u8,网络源,https://i.imgur.com/8c8isLj.png
PBS KMOS-TV (1080p) [Geo-blocked],https://hls-kmosdt.lls.cdn.pbs.org/hls/live/index.m3u8,网络源,https://i.imgur.com/8c8isLj.png
PBS KQED (1080p),https://kqeddt2.lls.pbs.org/kqeddt2-hls.m3u8,网络源,https://i.imgur.com/8c8isLj.png
PBS KUON-TV (1080p) [Geo-blocked],https://kuondt.lls.pbs.org/out/v1/91d8b5ffc5c1453c8a621508a07749a6/index.m3u8,网络源,https://i.imgur.com/8c8isLj.png
PBS KVIE (1080p),https://kviedt2.lls.pbs.org/kviedt2-hls.m3u8,网络源,https://i.imgur.com/8c8isLj.png
PBS WEDQ (1080p),https://wedqdt4.lls.pbs.org/wedqdt4-hls.m3u8,网络源,https://i.imgur.com/8c8isLj.png
PBS WJXT (720p),https://dai.google.com/linear/hls/event/RDmbn03GRCOLNG1eetEKhg/master.m3u8,网络源,https://i.imgur.com/8c8isLj.png
PBS WNET (720p),http://4.30.180.36:8420/wnethd/index.m3u8?token=test,网络源,https://i.imgur.com/8c8isLj.png
PBS WNJT (1080p) [Not 24/7],https://wnjtdt.lls.pbs.org/out/v1/e62efd8d4f92403996425fc389df0ffd/index.m3u8,网络源,https://i.imgur.com/8c8isLj.png
PBS Antiques Roadshow (1080p),https://amg00953-pbsusa-antiroadshow-xumo-x6ud5.amagi.tv/playlist.m3u8,网络源,https://i.imgur.com/U9CYaok.png
PBS Kids (720p),https://livestream.pbskids.org/out/v1/14507d931bbe48a69287e4850e53443c/est.m3u8,网络源,https://i.imgur.com/fg8c9WK.png
PBS Kids Alaska (1080p),https://livestream.pbskids.org/out/v1/94b88ad58fc14f84a9382341f1c00b82/akst.m3u8,网络源,https://i.imgur.com/ambc9le.png
PBS Kids Eastern/Central (720p),https://2-fss-2.streamhoster.com/pl_140/amlst:200914-1298290/playlist.m3u8,网络源,https://i.imgur.com/ambc9le.png
PBS Kids Hawaii (720p),https://livestream.pbskids.org/out/v1/aa31792fee094b24b09045483f04d150/hast.m3u8,网络源,https://i.imgur.com/ambc9le.png
PBS Kids Mountain (1080p),https://livestream.pbskids.org/out/v1/3fe3030a2c8045a3932f4289d9eba3e6/mst.m3u8,网络源,https://i.imgur.com/ambc9le.png
PBS Kids Pacific (1080p),https://livestream.pbskids.org/out/v1/11f2e6b73eaa4887b3746cb863960e79/pst.m3u8,网络源,https://i.imgur.com/ambc9le.png
PBS Nature (1080p),https://d3mr43kyql7wgk.cloudfront.net/PBS_Nature.m3u8,网络源,https://i.imgur.com/Brry7cZ.png
PBS Travel (1080p),https://d3hqevbyoxtkoi.cloudfront.net/PBS_Travel.m3u8,网络源,https://i.imgur.com/A6GXhta.png
PCT Channel 26 (720p),https://livestream.telvue.com/pacificaca2/f7b44cfafd5c52223d5498196c8a2e7b.sdp/playlist.m3u8,网络源,https://i.imgur.com/xJSya25.png
PCT Channel 27 (720p),https://livestream.telvue.com/pacificaca1/f7b44cfafd5c52223d5498196c8a2e7b.sdp/playlist.m3u8,网络源,https://i.imgur.com/b0ufMkd.png
PCTV 26 (480p),https://cdn3.wowza.com/5/cXdyRHF0Z3kxN0k2/pinole/G0032_004/playlist.m3u8,网络源,https://i.imgur.com/3tMAQU7.png
PCTV 28 (480p),https://cdn3.wowza.com/5/cXdyRHF0Z3kxN0k2/pinole/G0032_002/playlist.m3u8,网络源,https://i.imgur.com/WahZg3L.png
Peace of Mind TV (576p),https://yuppnimrestreammum.akamaized.net/181224/smil:peaceofmind.smil/playlist.m3u8?hdnts=st=1735898689~exp=1835898688~acl=*~hmac=f5fe24724fe05481e3841f9eb5ab8efdee0a3dd83645ae9dcf45703f525bab7b,网络源,https://xstreamcp-assets-msp.streamready.in/assets/LIVETV/LIVECHANNEL/LIVETV_LIVETVCHANNEL_PEACE_OF_MIND/images/LOGO_HD/image.png
Peace TV Bangla (1080p),https://dzkyvlfyge.erbvr.com/PeaceTvBangla/index.m3u8,网络源,https://i.imgur.com/1ztVXUi.png
Peace TV Chinese (1080p),https://dzkyvlfyge.erbvr.com/PeaceTvChinese/index.m3u8,网络源,https://github.com/fawazahmed0/tiger/raw/master/peace/chinese.jpg
Peace TV English (1080p),https://dzkyvlfyge.erbvr.com/PeaceTvEnglish/index.m3u8,网络源,https://i.imgur.com/rjgCM2B.png
Peace TV Urdu (1080p),https://dzkyvlfyge.erbvr.com/PeaceTvUrdu/index.m3u8,网络源,https://github.com/fawazahmed0/tiger/raw/master/peace/urdu.jpg
Pear TV (576p),https://mumt01.tangotv.in/O5aw8Zn3PEARTV/index.m3u8,网络源,https://xstreamcp-assets-msp.streamready.in/assets/LIVETV/LIVECHANNEL/LIVETV_LIVETVCHANNEL_PEARS_TV/images/LOGO_HD/image.png
Peer TV Alto Adige (1280p),https://iptv.peer.biz/live/peertv-it.m3u8,网络源,https://www.peer.biz/peertv-iptv/peer-tv-alto-adige.png
Peer TV South Tyrol (1280p),https://iptv.peer.biz/live/peertv-en.m3u8,网络源,https://www.peer.biz/peertv-iptv/peer-tv-south-tyrol.png
Peer TV Sudtirol (1080p),https://iptv.peer.biz/live/peertv.m3u8,网络源,https://www.peer.biz/peertv-iptv/peer-tv-suedtirol.png
Pella TV (576p) [Not 24/7],https://video.streams.ovh:1936/pellatv/pellatv/master.m3u8,网络源,https://i.imgur.com/JnDXKZo.png
Peniel K&Y (480p),https://s.emisoras.tv:8081/penielkids/index.m3u8,网络源,https://i.imgur.com/YtPRKmS.png
Peniel Musical (480p),https://s.emisoras.tv:8081/penielmusical/index.m3u8,网络源,https://i.imgur.com/IFQbGEf.png
Peniel TV Biblia Abierta (480p),https://s.emisoras.tv:8081/penielbibliaabierta/index.m3u8,网络源,https://i.ibb.co/j3gGwYk/D64575438be2a3a54fdf64d4035ade48.png
Pent TV,https://playlist.dacast.com/live/a72117af-d78e-7ffe-7c12-1af6cd4a8483-live-42172a86-494b-a866-498f-dbaff4b5e3c0/master.m3u8,网络源,https://i.imgur.com/Jw6d3dR.png
People Are Awesome (1080p),https://mumbai-edge.smartplaytv.in/PeopleAreAwesome/index.m3u8,网络源,https://i.imgur.com/MsIx7Ax.png
People Are Awesome Poland (720p),https://3ab76e42.wurl.com/master/f36d25e7e52f1ba8d7e56eb859c636563214f541/UmFrdXRlblRWLWV1X1Blb3BsZUFyZUF3ZXNvbWVfSExT/playlist.m3u8,网络源,https://i.imgur.com/MsIx7Ax.png
Peppa Pig,https://jmp2.uk/plu-5d14fb6c84dd37df3b4290c5.m3u8,网络源,https://images.pluto.tv/channels/5d14fb6c84dd37df3b4290c5/colorLogoPNG_1730733871298.png
Peppers TV (751p),https://cdn.pishow.tv/ott/live/1383/master.m3u8,网络源,https://jiotvimages.cdn.jio.com/dare_images/images/Peppers_TV.png
Pequeradio (720p) [Not 24/7],https://canadaremar2.todostreaming.es/live/peque-pequetv.m3u8,网络源,https://i.imgur.com/BNqZwxS.png
Peques TV (720p),https://live-evg7.tv360.bitel.com.pe/bitel/pequestv/playlist.m3u8,网络源,https://img-evg3.tv360.bitel.com.pe/peru-image/2026/01/06/04/1767647409377/6123aa5e7fc7.png
Peravia Vision (480p) [Geo-blocked],https://ss2.tvrdomi.com:1936/peraviavision/peraviavision/playlist.m3u8,网络源,https://i.imgur.com/k1Wj5ka.png
Peretz International (576p),http://stream.mcquack.net/121/index.m3u8,网络源,https://i.imgur.com/On6ggLe.png
Perry Mason,https://jmp2.uk/plu-6197086891ddd4000739941a.m3u8,网络源,https://images.pluto.tv/channels/63e20bd160bc8f0008b4c949/colorLogoPNG.png
Perry Mason CA,https://jmp2.uk/plu-63e20bd160bc8f0008b4c949.m3u8,网络源,https://images.pluto.tv/channels/63e20bd160bc8f0008b4c949/colorLogoPNG.png
Pershiy XTV Media (576p),https://hls.xtvmedia.pp.ua:8443/hls/trk1tv.m3u8,网络源,https://i.imgur.com/M7oDym3.png
Pershyi (1080p),https://api-tv.ipnet.ua/api/v1/manifest/2118742505.m3u8,网络源,https://i.imgur.com/osTQLED.png
Persiana Cinema,https://cinehls.persiana.live/hls/stream.m3u8,网络源,https://i.imgur.com/hgIro9r.png
Persiana Comedy,https://comedyhls.persiana.live/hls/stream.m3u8,网络源,https://i.imgur.com/DBZ3Pi5.png
Persiana Docs,https://scihls.persiana.live/hls/stream.m3u8,网络源,
Persiana Family,https://familyhls.persiana.live/hls/stream.m3u8,网络源,https://i.imgur.com/lMZsuWi.png
Persiana Fight,https://fighthls.persiana.live/hls/stream.m3u8,网络源,
Persiana Folk,https://sonhls.persiana.live/hls/stream.m3u8,网络源,
Persiana Iranian,https://irhls.persiana.live/hls/stream.m3u8,网络源,https://i.imgur.com/vqrrpBi.png
Persiana Junior,https://junhls.persiana.live/hls/stream.m3u8,网络源,https://i.imgur.com/zeKHZYG.png
Persiana Korea,https://korhls.persiana.live/hls/stream.m3u8,网络源,https://i.imgur.com/si2ZnIA.png
Persiana Latino,https://latinohls.persiana.live/hls/stream.m3u8,网络源,
Persiana Medical,https://phd2hls.persiana.live/hls/stream.m3u8,网络源,
Persiana Nostalgia,https://noshls.persiana.live/hls/stream.m3u8,网络源,https://i.imgur.com/SWO9CKA.png
Persiana Plus,https://euhls.persiana.live/hls/stream.m3u8,网络源,https://i.imgur.com/0xttibX.png
Persiana Reality,https://twohls.persiana.live/hls/stream.m3u8,网络源,
Persiana Series,https://onehls.persiana.live/hls/stream.m3u8,网络源,
Persiana Teen,https://kphls.persiana.live/hls/stream.m3u8,网络源,
Persiana Travel,https://ptravelhls.persiana.live/hls/stream.m3u8,网络源,
Persiana Turkiye,https://turkhls.persiana.live/hls/stream.m3u8,网络源,
Persiana Vibe,https://raphls.persiana.live/hls/stream.m3u8,网络源,
Perviy Informationniy HD (1080p),https://ngtrk.dc.beltelecom.by/ngtrk/smil:informacionnyy.smil/playlist.m3u8,网络源,https://i.imgur.com/eIiXRAI.png
Perviy Krymskiy (720p),https://live1.1tvcrimea.ru/1tvcrimea.m3u8,网络源,https://i.imgur.com/i6hg7QG.png
Perviy otdel (1080p),https://cdn-dvr.ntv.ru/Perviy_otdel/index.m3u8,网络源,https://cdn2-static.ntv.ru/home/promo/24740/perv_otdel_llive.jpg
Pervyy gorodskoy. Odessa (576p),http://91.194.79.46:8081/stream2/channel2/playlist.m3u8,网络源,https://i.imgur.com/8qdc6aO.png
Pervyy Kosmicheskiy HD (1080p),http://str2.iptvhd.ru:8080/Eureka_HD/index.m3u8,网络源,https://i.imgur.com/N1Ze5IE.png
Pervyy Respublikanskiy,https://streaming.televizor-24-tochka.ru/live/27.m3u8,网络源,https://i.imgur.com/ti4OMBv.png
Pes (1080p),https://cdn-dvr.ntv.ru/Pes/index.m3u8,网络源,https://cdn2-static.ntv.ru/home/promo/24740/pes_llive.jpg
Pet Club TV (1080p),https://petclub-samsungaus.amagi.tv/playlist.m3u8,网络源,https://i.imgur.com/ykPNNwQ.png
Petlovers TV,https://video04.logicahost.com.br/petloverstv/petloverstv/playlist.m3u8,网络源,https://petloverstv.com.br/storage/357/config/yqP4nOugWRxRFCmgLqXF4gRKyM9ybsAOfHgUaqPt.png
PFL MMA (720p),https://jmp2.uk/plu-64f6180130ab3300083d896b.m3u8,网络源,https://provider-static.plex.tv/epg/cms/production/96dd0531-b500-4bd4-93ca-763cbf46defe/1500x1000_PFL_SHIELD_DARK_BG_-_Allie_Dinsmore.png
PGA Tour (1080p),https://d11k1mnrgfposz.cloudfront.net/playlist.m3u8,网络源,https://i.imgur.com/J0TY9dG.png
Phenomenal Life TV (1080p),https://5be80bd118c27.streamlock.net:433/phenomenaltv/phenomenal/playlist.m3u8,网络源,https://i.imgur.com/JHbhLuK.jpg
PhillyCAM (720p),https://livestream.telvue.com/phillycam1/f7b44cfafd5c52223d5498196c8a2e7b.sdp/playlist.m3u8,网络源,https://i.imgur.com/ENOr31n.png
PHLgovTV (720p),https://livestream.telvue.com/ctyphiladelphia1/f7b44cfafd5c52223d5498196c8a2e7b.sdp/playlist.m3u8,网络源,https://i.imgur.com/BmNc3hu.png
phoenix (720p) [Geo-blocked],https://zdf-hls-19.akamaized.net/hls/live/2016502/de/high/master.m3u8,网络源,https://i.imgur.com/T1532t9.png
Phoenix Chinese Channel (720p),http://223.110.245.139/ott.js.chinamobile.com/PLTV/3/224/3221226922/index.m3u8,网络源,https://raw.githubusercontent.com/wanglindl/TVlogo/main/img/Phoenix1.png
Phoenix InfoNews Channel (720p),http://223.110.245.167/ott.js.chinamobile.com/PLTV/3/224/3221226923/index.m3u8,网络源,https://i.imgur.com/mt4h3VO.png
PHXTV,https://cdn3.wowza.com/5/bGZUOHp2TnhudnM2/phoenix/G1498_006/playlist.m3u8,网络源,https://i.imgur.com/RkTKR6x.png
Pichilemu TV (1080p),https://5ff3d9babae13.streamlock.net/8028/8028/playlist.m3u8,网络源,https://i.imgur.com/eaJVCwM.png
Piera TV (720p) [Not 24/7],http://51.254.47.72:1935/piera/smil:piera.smil/master.m3u8,网络源,https://i.imgur.com/R4BzwqR.png
PilisTV (1080p) [Geo-blocked],https://stream.streaming4u.hu/PilisTV/index.m3u8,网络源,https://i.imgur.com/5L01wRi.png
Pillar TV (720p) [Not 24/7],https://goliveafrica.media:9998/live/627e198474bd1/index.m3u8,网络源,https://i.imgur.com/9kCxFqj.png
Pimp My Ride,https://jmp2.uk/plu-61c09a3894aa450007814aea.m3u8,网络源,https://images.pluto.tv/channels/61c091343bf4940007803e03/colorLogoPNG.png
Pimp My Ride DK,https://jmp2.uk/plu-61c091343bf4940007803e03.m3u8,网络源,https://images.pluto.tv/channels/61c091343bf4940007803e03/colorLogoPNG.png
Pimp My Ride NO,https://jmp2.uk/plu-61c1d6e1f5acaf0007f8381d.m3u8,网络源,https://images.pluto.tv/channels/61c091343bf4940007803e03/colorLogoPNG.png
Pindin TV,https://sistemastr.tropicalmoonmedia.com/live/7C452409423F57ADC960F6405635267F/7.m3u8,网络源,https://i.imgur.com/UaQC0l8.jpeg
Pingviins (720p),https://sirius.greenhosting.ru/PingvinRu/video.m3u8,网络源,https://i.imgur.com/hfXoJIY.png
Pingxiang TV News Channel (576p) [Not 24/7],http://www.pxitv.com:8099/hls-live/livepkgr/_definst_/pxitvevent/pxtv1stream.m3u8,网络源,https://i.imgur.com/Kc7htop.jpg
Pink (720p),https://edge8.pink.rs/pinktv/index.m3u8,网络源,https://i.imgur.com/66wHb7E.png
Pirineus TV (1080p),https://s153.ipcamlive.com/streams/99pic5fsknh2gnvhx/stream.m3u8,网络源,https://i.imgur.com/8b5znGY.png
Pitaara (720p),https://vg-pitaaratvlive.akamaized.net/v1/master/611d79b11b77e2f571934fd80ca1413453772ac7/vglive-sk-583798/playlist.m3u8,网络源,https://xstreamcp-assets-msp.streamready.in/assets/LIVETV/LIVECHANNEL/LIVETV_LIVETVCHANNEL_PITAARA/images/LOGO_HD/image.png
PiuraTV (720p),https://live-evg7.tv360.bitel.com.pe/bitel/piuratvSRT/playlist.m3u8,网络源,https://i.imgur.com/KnJAqbd.png
Pixel TV (Poland) (720p),https://jmp2.uk/plu-66bb374ba4ee27000841a62c.m3u8,网络源,https://i.ibb.co/S4jM2WXk/pixeltv.png
Pixel TV (Ukraine) (1080p),http://stream.mcquack.net/323/index.m3u8,网络源,https://i.imgur.com/ECro8Ah.png
PixL TV,https://frndlymsl.akamaized.net/hls/live/2006426/pixlmsl/pixlmsl/playlist.m3u8?hdnts=st=1606053234~exp=3216054041~acl=*~hmac=208d261d9f98d76a5ac30aa2ce51751f88ee50cfc24812b7cbea8b0397489a07,网络源,https://i.imgur.com/ysRh3Nl.png
PK Sports (720p),https://lbgo.bozztv.com/ssh101/ssh101/pksportshd/playlist.m3u8,网络源,https://i.imgur.com/qtbSnrY.png
Placid (1080p) [Not 24/7],https://toy.vcdn.fyi/placid/index.m3u8,网络源,https://static.wikitide.net/indietvwiki/0/03/Placid_(2026).svg
Planea TV (720p),https://live-evg8.tv360.bitel.com.pe/bitel/planeatvSRT/playlist.m3u8,网络源,https://i.imgur.com/EoLhvBN.png
Planet 100.9 FM (1080p),https://streamlov.alsolnet.com/planet1009fm/live/playlist.m3u8,网络源,https://i.imgur.com/8ZIBs8l.png
Planet Fun (1080p),http://66.102.126.10:8000/play/a02k/index.m3u8,网络源,https://i.imgur.com/5U1iKUq.png
Planeta Channel [Not 24/7],https://vs20.live.opencaster.com/planetachannel_089eff6d/index.m3u8,网络源,https://i.imgur.com/XyBKaXI.png
Platzi TV (1080p),https://mdstrm.com/live-stream-playlist/629a63ae8df27c082901f78b.m3u8,网络源,https://i.imgur.com/vEzeqHP.png
Play Crime (1080p) [Geo-blocked],https://playmedia-playcrime-goplay-dash.amagi.tv/master.mpd,网络源,https://i.imgur.com/hPh8tRq.png
Play Entertainment (576p),http://103.250.28.74:8000/play/a050/index.m3u8,网络源,https://i.imgur.com/BnNNDrE.png
Play TV (Brazil) (720p),http://45.162.64.114/PLAY_TV/index.m3u8,网络源,https://i.imgur.com/Ikrj3lk.png
Play TV (Cameroon) (720p) [Not 24/7],http://connectiktv.ddns.net:5000/playtv/@playtv/playlist.m3u8,网络源,https://i.imgur.com/1dmBqpf.png
Play TV (Greece) (480p) [Not 24/7],http://web.onair-radio.eu:1935/Alpha-Host/Alpha-Host/playlist.m3u8,网络源,https://i.imgur.com/JWFOYuD.png
Plena TV (720p),https://cdn.jmvstream.com/w/LVW-9591/LVW9591_PmXtgATnaS/playlist.m3u8,网络源,https://i.imgur.com/lH4RT7b.png
Plenitud TV (360p),https://stream.oursnetworktv.com/latin/PlenitudGtm/playlist.m3u8,网络源,https://i.imgur.com/BFJ7EGj.png
Plenitude TV,https://strv.painelvox.top/plenitude/plenitude/playlist.m3u8,网络源,
PLEX TV,http://connectiktv.ddns.net:5000/plextv/@plextv/playlist.m3u8,网络源,https://i.ibb.co/H4VktvG/Plex-TV-237.jpg
Plous TV (1080p),https://vcp.myplaytv.com/glowtv/glowtv/playlist.m3u8,网络源,https://i.imgur.com/OSet4en.png
Plovdiv Orthodox TV (1080p),http://78.130.149.196:1935/live/pptv.stream/playlist.m3u8,网络源,
PLUS Television (720p),https://twitch-m3u8.bastypro112.workers.dev/plustelevisionbolivia/index.m3u8,网络源,https://static-cdn.jtvnw.net/jtv_user_pictures/255c280c-fd59-466c-bf00-aeb973d78505-profile_banner-480.jpeg
Plus TLT (720p),http://15.204.246.24:8080/PlusTLTHD/index.m3u8,网络源,
Plus TV (Ecuador) (720p) [Not 24/7],https://plustv.streamseguro.com:5443/LiveApp/streams/streaming.m3u8,网络源,https://i.imgur.com/TZqOINg.png
Plus TV (Panama) (720p) [Not 24/7],https://vcp4.myplaytv.com:1936/plustv/plustv/playlist.m3u8,网络源,https://i.imgur.com/MmpwhAG.png
Plus TV Africa (720p) [Not 24/7],https://5c0740dba62b3.streamlock.net/plustv/myStream/playlist.m3u8,网络源,https://i.imgur.com/6RT3yao.png
Pluto Classic Movie Westerns,https://jmp2.uk/plu-66dad50215d2c60008d7afbd.m3u8,网络源,https://images.pluto.tv/channels/66dad50215d2c60008d7afbd/colorLogoPNG.png
Pluto TV 90's Classics,https://jmp2.uk/plu-66b4990746762a00084c2f78.m3u8,网络源,https://images.pluto.tv/channels/66b4990746762a00084c2f78/colorLogoPNG.png
Pluto TV A La Mexicana,https://jmp2.uk/plu-5dfcde52d28b09000a42d7a2.m3u8,网络源,https://images.pluto.tv/channels/5dfcde52d28b09000a42d7a2/colorLogoPNG.png
Pluto TV Action (Sweden),https://jmp2.uk/plu-61c0b0688a80a4000703fbcb.m3u8,网络源,https://images.pluto.tv/channels/61c095861782bd000780e0ba/colorLogoPNG.png
Pluto TV Action (Sweden) DK,https://jmp2.uk/plu-61c095861782bd000780e0ba.m3u8,网络源,https://images.pluto.tv/channels/61c095861782bd000780e0ba/colorLogoPNG.png
Pluto TV Action (Sweden) NO,https://jmp2.uk/plu-61c1e270489a9c000874d209.m3u8,网络源,https://images.pluto.tv/channels/61c095861782bd000780e0ba/colorLogoPNG.png
Pluto TV Action (United States),https://jmp2.uk/plu-561d7d484dc7c8770484914a.m3u8,网络源,https://i.imgur.com/tDapGal.png
Pluto TV Action Movies,https://jmp2.uk/plu-62ea3c2e4823db00072788ed.m3u8,网络源,https://images.pluto.tv/channels/62ea3c2e4823db00072788ed/colorLogoPNG.png
Pluto TV Adult Animation,https://jmp2.uk/plu-67f68bd2135aeda9ddf0ef54.m3u8,网络源,https://images.pluto.tv/channels/67f68bd2135aeda9ddf0ef54/colorLogoPNG_1746816413112.png
Pluto TV Adventure,https://jmp2.uk/plu-69d7ebb726eeec84158e28cb.m3u8,网络源,https://images.pluto.tv/channels/653bdb0fbdf3cf00089cc395/colorLogoPNG.png
Pluto TV Adventure CA,https://jmp2.uk/plu-653bdb0fbdf3cf00089cc395.m3u8,网络源,https://images.pluto.tv/channels/653bdb0fbdf3cf00089cc395/colorLogoPNG.png
Pluto TV Alberto Sordi,https://jmp2.uk/plu-661f8f01801af800083d9d81.m3u8,网络源,https://images.pluto.tv/channels/661f8f01801af800083d9d81/colorLogoPNG.png
Pluto TV Alien Invasion (Germany),https://jmp2.uk/plu-6462190b7cb4b1000862dd60.m3u8,网络源,https://images.pluto.tv/channels/6462190b7cb4b1000862dd60/colorLogoPNG.png
Pluto TV Alien Invasion (Sweden),https://jmp2.uk/plu-650999b86a841400083bd1ab.m3u8,网络源,https://images.pluto.tv/channels/650999b86a841400083bd1ab/colorLogoPNG.png
Pluto TV Aliens,https://jmp2.uk/plu-6806d65e84f24b70109485fa.m3u8,网络源,https://images.pluto.tv/channels/6806d65e84f24b70109485fa/colorLogoPNG_1746817107468.png
Pluto TV American True Crime,https://jmp2.uk/plu-692ebafce72f03e07e7df985.m3u8,网络源,https://images.pluto.tv/channels/692ebafce72f03e07e7df985/colorLogoPNG_1768902223754.png
Pluto TV Amor y Mentiras,https://jmp2.uk/plu-698a45156dc3c71eb1ba6599.m3u8,网络源,https://images.pluto.tv/channels/698a45156dc3c71eb1ba6599/colorLogoPNG_1771861302998.png
Pluto TV Animais,https://jmp2.uk/plu-6474aa984cfc2c0008883a92.m3u8,网络源,https://images.pluto.tv/channels/6474aa984cfc2c0008883a92/colorLogoPNG.png
Pluto TV Animales,https://jmp2.uk/plu-600ae6a78d801e0007117d21.m3u8,网络源,https://images.pluto.tv/channels/600ae6a78d801e0007117d21/colorLogoPNG.png
Pluto TV Animals,https://jmp2.uk/plu-5d767ae7b456c8cf265ce922.m3u8,网络源,https://images.pluto.tv/channels/5d767ae7b456c8cf265ce922/colorLogoPNG.png
Pluto TV Animals GB,https://jmp2.uk/plu-5ddf8ea0d000120009bcad83.m3u8,网络源,https://images.pluto.tv/channels/5d767ae7b456c8cf265ce922/colorLogoPNG.png
Pluto TV Animation,https://jmp2.uk/plu-612f761008a9e50007984ba0.m3u8,网络源,https://images.pluto.tv/channels/612f761008a9e50007984ba0/colorLogoPNG.png
Pluto TV Animaux,https://jmp2.uk/plu-60925a44f0350600075a1fdc.m3u8,网络源,https://images.pluto.tv/channels/60925a44f0350600075a1fdc/colorLogoPNG.png
Pluto TV Anime,https://jmp2.uk/plu-5812b7d3249444e05d09cc49.m3u8,网络源,https://images.pluto.tv/channels/5f12136385bccc00070142ed/colorLogoPNG_1777595293242.png
Pluto TV Anime BR,https://jmp2.uk/plu-5f12136385bccc00070142ed.m3u8,网络源,https://images.pluto.tv/channels/5f12136385bccc00070142ed/colorLogoPNG_1777595293242.png
Pluto TV Anime CA,https://jmp2.uk/plu-68d25b620a0f3829b116bb6f.m3u8,网络源,https://images.pluto.tv/channels/5f12136385bccc00070142ed/colorLogoPNG_1777595293242.png
Pluto TV Anime LatAm,https://jmp2.uk/plu-5dcde17bf6591d0009839e02.m3u8,网络源,https://images.pluto.tv/channels/5f12136385bccc00070142ed/colorLogoPNG_1777595293242.png
Pluto TV Anime Acao,https://jmp2.uk/plu-604b79c558393100078faeef.m3u8,网络源,https://images.pluto.tv/channels/604b79c558393100078faeef/colorLogoPNG.png
Pluto TV ANIME GO!,https://jmp2.uk/plu-691b3669c48674840c3b832a.m3u8,网络源,https://images.pluto.tv/channels/691b3669c48674840c3b832a/colorLogoPNG_1778491402325.png
Pluto TV Anime Movies,https://jmp2.uk/plu-67ed8f7e443f0671bc2b2368.m3u8,网络源,https://images.pluto.tv/channels/67ed8f7e443f0671bc2b2368/colorLogoPNG.png
Pluto TV Aventura,https://jmp2.uk/plu-5ddc266f80e3550009136843.m3u8,网络源,https://images.pluto.tv/channels/5ddc266f80e3550009136843/colorLogoPNG.png
Pluto TV Aventure,https://jmp2.uk/plu-611e7811eb9daf000764cbfd.m3u8,网络源,https://images.pluto.tv/channels/611e7811eb9daf000764cbfd/colorLogoPNG.png
Pluto TV Backcountry,https://jmp2.uk/plu-5cabdf1437b88b26947346b2.m3u8,网络源,https://i.imgur.com/KnlQzs7.png
Pluto TV Bang Bang,https://jmp2.uk/plu-663b9dc7cb3ea10008f1a0ce.m3u8,网络源,https://images.pluto.tv/channels/663b9dc7cb3ea10008f1a0ce/colorLogoPNG.png
Pluto TV Brigade Criminelle,https://jmp2.uk/plu-684bf01df7d8b74b625b7dd1.m3u8,网络源,https://images.pluto.tv/channels/684bf01df7d8b74b625b7dd1/colorLogoPNG_1753890939606.png
Pluto TV Britain at War,https://jmp2.uk/plu-625e8cb585ef320007806caf.m3u8,网络源,https://images.pluto.tv/channels/625e8cb585ef320007806caf/colorLogoPNG.png
Pluto TV Britische Serien,https://jmp2.uk/plu-677e5a3d7bffa6000808dbf2.m3u8,网络源,https://images.pluto.tv/channels/677e5a3d7bffa6000808dbf2/colorLogoPNG.png
Pluto TV Bud & Terence (Germany),https://jmp2.uk/plu-64be7398e4391c0008cdedfe.m3u8,网络源,https://images.pluto.tv/channels/64be7398e4391c0008cdedfe/colorLogoPNG_1776936976930.png
Pluto TV Bud & Terence (Sweden),https://jmp2.uk/plu-65b917720d9ab4000833f323.m3u8,网络源,https://images.pluto.tv/channels/64be7398e4391c0008cdedfe/colorLogoPNG_1776936976930.png
Pluto TV Bud & Terence (Sweden) DK,https://jmp2.uk/plu-65b915b1dc10a40008d53797.m3u8,网络源,https://images.pluto.tv/channels/64be7398e4391c0008cdedfe/colorLogoPNG_1776936976930.png
Pluto TV Bud & Terence (Sweden) NO,https://jmp2.uk/plu-65b916ec3af63d00084c5841.m3u8,网络源,https://images.pluto.tv/channels/64be7398e4391c0008cdedfe/colorLogoPNG_1776936976930.png
Pluto TV Buskis,https://jmp2.uk/plu-660d5f2a635c75000828855f.m3u8,网络源,https://images.pluto.tv/channels/660d5f2a635c75000828855f/colorLogoPNG.png
Pluto TV Canal UOL (720p),https://jmp2.uk/plu-64b9370b409629000802d32b.m3u8,网络源,https://images.pluto.tv/channels/64b9370b409629000802d32b/colorLogoPNG.png
Pluto TV Cars,https://jmp2.uk/plu-5812b3a4249444e05d09cc46.m3u8,网络源,https://images.pluto.tv/channels/69c592dff0f1a7d732dc6e36/colorLogoPNG_1774557827331.png
Pluto TV Cars CA,https://jmp2.uk/plu-69c592dff0f1a7d732dc6e36.m3u8,网络源,https://images.pluto.tv/channels/69c592dff0f1a7d732dc6e36/colorLogoPNG_1774557827331.png
Pluto TV Catastrofes,https://jmp2.uk/plu-645a309c5a0cd5000873f609.m3u8,网络源,https://images.pluto.tv/channels/645a309c5a0cd5000873f609/colorLogoPNG.png
Pluto TV Christmas tutto l'anno,https://jmp2.uk/plu-612e05b885183d0007958101.m3u8,网络源,https://images.pluto.tv/channels/612e05b885183d0007958101/colorLogoPNG_1770018716998.png
Pluto TV Cine Accion,https://jmp2.uk/plu-5dcb62e63d4d8f0009f36881.m3u8,网络源,https://images.pluto.tv/channels/5dcb62e63d4d8f0009f36881/colorLogoPNG_1760378798093.png
Pluto TV Cine Clasico,https://jmp2.uk/plu-609059dc63be6e0007b4eca6.m3u8,网络源,https://images.pluto.tv/channels/609059dc63be6e0007b4eca6/colorLogoPNG.png
Pluto TV Cine Classicos,https://jmp2.uk/plu-5fa1612a669ba0000702017b.m3u8,网络源,https://images.pluto.tv/channels/5fa1612a669ba0000702017b/colorLogoPNG_1733440556804.png
Pluto TV Cine Comedia (Germany),https://jmp2.uk/plu-5f1ac8099c49f600076579b2.m3u8,网络源,https://images.pluto.tv/channels/5f1ac8099c49f600076579b2/colorLogoPNG_1769092378955.png
Pluto TV Cine Comedia (United States),https://jmp2.uk/plu-5f513564e4622a0007c578c0.m3u8,网络源,https://images.pluto.tv/channels/5f12101f0b12f00007844c7c/colorLogoPNG_1732662798298.png
Pluto TV Cine Comedia (United States) BR,https://jmp2.uk/plu-5f12101f0b12f00007844c7c.m3u8,网络源,https://images.pluto.tv/channels/5f12101f0b12f00007844c7c/colorLogoPNG_1732662798298.png
Pluto TV Cine Comedia (United States) LatAm,https://jmp2.uk/plu-5dcdde78f080d900098550e4.m3u8,网络源,https://images.pluto.tv/channels/5f12101f0b12f00007844c7c/colorLogoPNG_1732662798298.png
Pluto TV Cine Comedia Romantica,https://jmp2.uk/plu-62545ed3dab4380007582f7c.m3u8,网络源,https://images.pluto.tv/channels/62545ed3dab4380007582f7c/colorLogoPNG.png
Pluto TV Cine Crime,https://jmp2.uk/plu-6479ff764f5ba5000878dfe2.m3u8,网络源,https://images.pluto.tv/channels/6479ff764f5ba5000878dfe2/colorLogoPNG.png
Pluto TV Cine Crimen,https://jmp2.uk/plu-624af40c004f8000079b784d.m3u8,网络源,https://images.pluto.tv/channels/624af40c004f8000079b784d/colorLogoPNG.png
Pluto TV Cine de autor,https://jmp2.uk/plu-60cc807324d60a0007708dc8.m3u8,网络源,https://images.pluto.tv/channels/60cc807324d60a0007708dc8/colorLogoPNG.png
Pluto TV Cine Drama,https://jmp2.uk/plu-5f1210d14ae1f80007bafb1d.m3u8,网络源,https://images.pluto.tv/channels/5f1210d14ae1f80007bafb1d/colorLogoPNG.png
Pluto TV Cine Drama LatAm,https://jmp2.uk/plu-5dcddfcb229eff00091b6bdf.m3u8,网络源,https://images.pluto.tv/channels/5f1210d14ae1f80007bafb1d/colorLogoPNG.png
Pluto TV Cine Estelar,https://jmp2.uk/plu-5dcde437229eff00091b6c30.m3u8,网络源,https://images.pluto.tv/channels/5dcde437229eff00091b6c30/colorLogoPNG_1769014514491.png
Pluto TV Cine Familia,https://jmp2.uk/plu-5f171f032cd22e0007f17f3d.m3u8,网络源,https://images.pluto.tv/channels/5f171f032cd22e0007f17f3d/colorLogoPNG_1732045254120.png
Pluto TV Cine Familia LatAm,https://jmp2.uk/plu-5dd6ddb30a1d8a000908ed4c.m3u8,网络源,https://images.pluto.tv/channels/5f171f032cd22e0007f17f3d/colorLogoPNG_1732045254120.png
Pluto TV Cine Inspiracao,https://jmp2.uk/plu-5fa991b1f09e020007e78626.m3u8,网络源,https://images.pluto.tv/channels/5fa991b1f09e020007e78626/colorLogoPNG_1748874366972.png
Pluto TV Cine Inspirador,https://jmp2.uk/plu-6806d519fea7414f33f57016.m3u8,网络源,https://images.pluto.tv/channels/6806d519fea7414f33f57016/colorLogoPNG_1746817663597.png
Pluto TV Cine Romance,https://jmp2.uk/plu-5f171f988ab9780007fa95ea.m3u8,网络源,https://images.pluto.tv/channels/5f171f988ab9780007fa95ea/colorLogoPNG_1771344977802.png
Pluto TV Cine Romance LatAm,https://jmp2.uk/plu-5dd7ea2aeab5230009986735.m3u8,网络源,https://images.pluto.tv/channels/5f171f988ab9780007fa95ea/colorLogoPNG_1771344977802.png
Pluto TV Cine Romantico,https://jmp2.uk/plu-5f1ac9a2d3611d0007a844bb.m3u8,网络源,https://images.pluto.tv/channels/5f1ac9a2d3611d0007a844bb/colorLogoPNG_1747044085204.png
Pluto TV Cine Sucessos,https://jmp2.uk/plu-5f120e94a5714d00074576a1.m3u8,网络源,https://images.pluto.tv/channels/5f120e94a5714d00074576a1/colorLogoPNG.png
Pluto TV Cine Suspenso,https://jmp2.uk/plu-5ddc4e8bcbb9010009b4e84f.m3u8,网络源,https://images.pluto.tv/channels/5ddc4e8bcbb9010009b4e84f/colorLogoPNG.png
Pluto TV Cinema Italiano,https://jmp2.uk/plu-608aa7d8359b270007861489.m3u8,网络源,https://images.pluto.tv/channels/608aa7d8359b270007861489/colorLogoPNG.png
Pluto TV Cinema Orientale,https://jmp2.uk/plu-6786235bd648bf0008c2780a.m3u8,网络源,https://images.pluto.tv/channels/6786235bd648bf0008c2780a/colorLogoPNG.png
Pluto TV Classic TV,https://jmp2.uk/plu-5d134a74ca91eedee1630faa.m3u8,网络源,https://images.pluto.tv/channels/5d134a74ca91eedee1630faa/colorLogoPNG.png
Pluto TV Classic TV Variety,https://jmp2.uk/plu-68d25c623175a2780d051d3a.m3u8,网络源,https://images.pluto.tv/channels/68d25c623175a2780d051d3a/colorLogoPNG_1758809678864.png
Pluto TV Cocina,https://jmp2.uk/plu-5f1acdaa8ba90f0007d5e760.m3u8,网络源,https://images.pluto.tv/channels/5f1acdaa8ba90f0007d5e760/colorLogoPNG.png
Pluto TV Comedia made in Spain,https://jmp2.uk/plu-5f1abce155a03d0007718834.m3u8,网络源,https://images.pluto.tv/channels/5f1abce155a03d0007718834/colorLogoPNG.png
Pluto TV Comedias Romanticas,https://jmp2.uk/plu-655b5d865812e80008843bd1.m3u8,网络源,https://images.pluto.tv/channels/655b5d865812e80008843bd1/colorLogoPNG_1747044085522.png
Pluto TV Comedie,https://jmp2.uk/plu-5f8eb91bb9b9e7000817e67f.m3u8,网络源,https://images.pluto.tv/channels/5f8eb91bb9b9e7000817e67f/colorLogoPNG.png
Pluto TV Comedies Cultes,https://jmp2.uk/plu-67b4b2d976a934282e92d71c.m3u8,网络源,https://images.pluto.tv/channels/67b4b2d976a934282e92d71c/colorLogoPNG.png
Pluto TV Comedy,https://jmp2.uk/plu-5a4d3a00ad95e4718ae8d8db.m3u8,网络源,https://images.pluto.tv/channels/62e92178946c8000079a3160/colorLogoPNG.png
Pluto TV Comedy CA,https://jmp2.uk/plu-62e92178946c8000079a3160.m3u8,网络源,https://images.pluto.tv/channels/62e92178946c8000079a3160/colorLogoPNG.png
Pluto TV Comedy Movies,https://jmp2.uk/plu-62ea3d24b8e02600071fa296.m3u8,网络源,https://images.pluto.tv/channels/62ea3d24b8e02600071fa296/colorLogoPNG.png
Pluto TV Comedy Therapie,https://jmp2.uk/plu-69b968ba255fecb01f602257.m3u8,网络源,https://images.pluto.tv/channels/69b968ba255fecb01f602257/colorLogoPNG_1777380677093.png
Pluto TV Competencias,https://jmp2.uk/plu-5dd6d935d000120009bc1132.m3u8,网络源,https://images.pluto.tv/channels/5dd6d935d000120009bc1132/logo7_2-20250131170429.png
Pluto TV Competition,https://jmp2.uk/plu-603fde9026ecbf0007752c2c.m3u8,网络源,https://images.pluto.tv/channels/603fde9026ecbf0007752c2c/colorLogoPNG.png
Pluto TV Conspiracy,https://jmp2.uk/plu-5d4ae94ef1a1bbb350ca41bb.m3u8,网络源,https://images.pluto.tv/channels/5d4ae94ef1a1bbb350ca41bb/colorLogoPNG.png
Pluto TV Cozinha,https://jmp2.uk/plu-5f1ef23020a5ac0007e5e8ea.m3u8,网络源,https://images.pluto.tv/channels/5f1ef23020a5ac0007e5e8ea/colorLogoPNG.png
Pluto TV Crime,https://jmp2.uk/plu-5e7b6c60fd20c50007910bf5.m3u8,网络源,https://images.pluto.tv/channels/5e7b6c60fd20c50007910bf5/colorLogoPNG.png
Pluto TV Crime GB,https://jmp2.uk/plu-5d767790d0438aceb41d03ae.m3u8,网络源,https://images.pluto.tv/channels/5e7b6c60fd20c50007910bf5/colorLogoPNG.png
Pluto TV Crime Drama,https://jmp2.uk/plu-5f31fd1b4c510e00071c3103.m3u8,网络源,https://images.pluto.tv/channels/62e92708a7ce600007b2676a/colorLogoPNG.png
Pluto TV Crime Drama CA,https://jmp2.uk/plu-62e92708a7ce600007b2676a.m3u8,网络源,https://images.pluto.tv/channels/62e92708a7ce600007b2676a/colorLogoPNG.png
Pluto TV Crime Movies,https://jmp2.uk/plu-5f4d8594eb979c0007706de7.m3u8,网络源,https://i.imgur.com/SJcqknt.png
Pluto TV Cucina,https://jmp2.uk/plu-608aa718a8ec810007d87fee.m3u8,网络源,https://images.pluto.tv/channels/608aa718a8ec810007d87fee/colorLogoPNG_1774519163545.png
Pluto TV Cuisine,https://jmp2.uk/plu-5f8ed48146ba9e00078424b6.m3u8,网络源,https://images.pluto.tv/channels/5f8ed48146ba9e00078424b6/colorLogoPNG_1733440509319.png
Pluto TV Cult Films (Germany),https://jmp2.uk/plu-5c5c31f2f21b553c1f673fb0.m3u8,网络源,https://images.pluto.tv/channels/5c5c31f2f21b553c1f673fb0/colorLogoPNG.png
Pluto TV Cult Films (United States),https://jmp2.uk/plu-5c665db3e6c01b72c4977bc2.m3u8,网络源,https://i.imgur.com/xoaIAus.png
Pluto TV Danske klassikere,https://jmp2.uk/plu-67d2b814fe36d6e7b1d2318a.m3u8,网络源,https://images.pluto.tv/channels/67d2b814fe36d6e7b1d2318a/colorLogoPNG.png
Pluto TV Dating (720p),https://jmp2.uk/plu-682318568e6c0f2f6c6e0038.m3u8,网络源,https://images.pluto.tv/channels/682318568e6c0f2f6c6e0038/colorLogoPNG_1750772750435.png
Pluto TV Deportes,https://jmp2.uk/plu-5dcde07af1c85b0009b18651.m3u8,网络源,https://images.pluto.tv/channels/5dcde07af1c85b0009b18651/colorLogoPNG_1766080575034.png
Pluto TV Desenhos Classicos,https://jmp2.uk/plu-655e5c4d2c46f3000877a54b.m3u8,网络源,https://images.pluto.tv/channels/655e5c4d2c46f3000877a54b/colorLogoPNG.png
Pluto TV Deutsche Comedy,https://jmp2.uk/plu-6672f49f61a39900089db68e.m3u8,网络源,https://images.pluto.tv/channels/6672f49f61a39900089db68e/colorLogoPNG_1748857141516.png
Pluto TV Diseno,https://jmp2.uk/plu-64db2e0835425100080f2f5a.m3u8,网络源,https://images.pluto.tv/channels/64db2e0835425100080f2f5a/colorLogoPNG.png
Pluto TV Documentales,https://jmp2.uk/plu-5ddc503ac7ef120009b101a2.m3u8,网络源,https://images.pluto.tv/channels/5ddc503ac7ef120009b101a2/colorLogoPNG_1767716226725.png
Pluto TV Documentari,https://jmp2.uk/plu-608aa8a5709d6b0007b132fe.m3u8,网络源,https://images.pluto.tv/channels/608aa8a5709d6b0007b132fe/colorLogoPNG.png
Pluto TV Dog el cazarrecompensas,https://jmp2.uk/plu-5f9992c685a2a80007fa414a.m3u8,网络源,https://i.imgur.com/h3kSZLc.png
Pluto TV Dokumentar,https://jmp2.uk/plu-62b1e2498261390007f25c98.m3u8,网络源,https://images.pluto.tv/channels/62b30b0060a9ca0007d628b4/colorLogoPNG.png
Pluto TV Dokumentar DK,https://jmp2.uk/plu-62b30b0060a9ca0007d628b4.m3u8,网络源,https://images.pluto.tv/channels/62b30b0060a9ca0007d628b4/colorLogoPNG.png
Pluto TV Drama,https://jmp2.uk/plu-5b4e92e4694c027be6ecece1.m3u8,网络源,https://i.imgur.com/PvhbHTZ.png
Pluto TV Drama Movies,https://jmp2.uk/plu-62bdb0bcd707b9000739d2e5.m3u8,网络源,https://images.pluto.tv/channels/62bdb0bcd707b9000739d2e5/colorLogoPNG.png
Pluto TV Dramas Coreanos,https://jmp2.uk/plu-6185a9a88b2ce30007de5128.m3u8,网络源,https://images.pluto.tv/channels/6185a9a88b2ce30007de5128/colorLogoPNG_1765467371603.png
Pluto TV Dramas Coreanos Teen,https://jmp2.uk/plu-6661d5424b10960008599fa3.m3u8,网络源,https://images.pluto.tv/channels/6661d5424b10960008599fa3/colorLogoPNG_1765467438253.png
Pluto TV E-Sports,https://jmp2.uk/plu-5ff3934600d4c7000733ff49.m3u8,网络源,https://images.pluto.tv/channels/5ff3934600d4c7000733ff49/colorLogoPNG.png
Pluto TV El Reino Infantil,https://jmp2.uk/plu-6523f672a6c38300088cb807.m3u8,网络源,https://i.imgur.com/u7DOoBK.png
Pluto TV Esportes,https://jmp2.uk/plu-5f32d2db0af67400077f29c4.m3u8,网络源,https://images.pluto.tv/channels/5f32d2db0af67400077f29c4/colorLogoSVG_1780355759776.svg
Pluto TV Estilo de Vida,https://jmp2.uk/plu-5dcde0657444a40009cd2422.m3u8,网络源,https://images.pluto.tv/channels/5dcde0657444a40009cd2422/colorLogoPNG_1778796418782.png
Pluto TV Estrellas de Accion,https://jmp2.uk/plu-5e972a21ad709d00074195ba.m3u8,网络源,https://i.imgur.com/GVOYX4L.png
Pluto TV Explore,https://jmp2.uk/plu-5ad9b8551b95267e225e59c1.m3u8,网络源,https://images.pluto.tv/channels/5ad9b8551b95267e225e59c1/colorLogoPNG.png
Pluto TV Family Movie Club,https://jmp2.uk/plu-5dc3fc6b9133f500099c7d98.m3u8,网络源,https://images.pluto.tv/channels/5dc3fc6b9133f500099c7d98/colorLogoPNG.png
Pluto TV Fantastic,https://jmp2.uk/plu-5b64a245a202b3337f09e51d.m3u8,网络源,https://i.imgur.com/MCu7YTA.png
Pluto TV Fantasy & Horror,https://jmp2.uk/plu-685041d936c9361b1921c26c.m3u8,网络源,https://images.pluto.tv/channels/685041d936c9361b1921c26c/colorLogoPNG_1753696741486.png
Pluto TV FBI,https://jmp2.uk/plu-693adae77f21340ef9746f56.m3u8,网络源,https://images.pluto.tv/channels/693adae77f21340ef9746f56/colorLogoPNG_1767879898099.png
Pluto TV Ferne Galaxien,https://jmp2.uk/plu-68ada46d5190a45dc9c45af1.m3u8,网络源,https://images.pluto.tv/channels/68ada46d5190a45dc9c45af1/colorLogoPNG_1773754781519.png
Pluto TV Ficcao Cientifica,https://jmp2.uk/plu-5fa15ad6367e170007cdd098.m3u8,网络源,https://images.pluto.tv/channels/5fa15ad6367e170007cdd098/colorLogoPNG.png
Pluto TV Film (Germany),https://jmp2.uk/plu-608aa17fb9f4490007e6419a.m3u8,网络源,https://images.pluto.tv/channels/608aa17fb9f4490007e6419a/colorLogoPNG_1733013735186.png
Pluto TV Film (Sweden),https://jmp2.uk/plu-61c0afa0a09bbe00078f8378.m3u8,网络源,https://images.pluto.tv/channels/61c09515fbb4b50007d221f5/colorLogoPNG.png
Pluto TV Film (Sweden) DK,https://jmp2.uk/plu-61c09515fbb4b50007d221f5.m3u8,网络源,https://images.pluto.tv/channels/61c09515fbb4b50007d221f5/colorLogoPNG.png
Pluto TV Film (Sweden) NO,https://jmp2.uk/plu-61c1e1e55deef000075aed0c.m3u8,网络源,https://images.pluto.tv/channels/61c09515fbb4b50007d221f5/colorLogoPNG.png
Pluto TV Film Ancora Piu Romantici,https://jmp2.uk/plu-699d87093d5dba980705cca8.m3u8,网络源,https://images.pluto.tv/channels/699d87093d5dba980705cca8/colorLogoPNG_1777274173528.png
Pluto TV Film Azione,https://jmp2.uk/plu-608aa20a2e7f270007c4878d.m3u8,网络源,https://images.pluto.tv/channels/608aa20a2e7f270007c4878d/colorLogoPNG.png
Pluto TV Film Commedia,https://jmp2.uk/plu-608aa512d67fd900072323db.m3u8,网络源,https://images.pluto.tv/channels/608aa512d67fd900072323db/colorLogoPNG.png
Pluto TV Film Romantici,https://jmp2.uk/plu-608aa4a4cc92820007b663af.m3u8,网络源,https://images.pluto.tv/channels/608aa4a4cc92820007b663af/colorLogoPNG.png
Pluto TV Film Storici,https://jmp2.uk/plu-68750875759366af05a151ce.m3u8,网络源,https://images.pluto.tv/channels/68750875759366af05a151ce/colorLogoPNG_1756144116606.png
Pluto TV Film Thriller,https://jmp2.uk/plu-608aa5e995132a00075f7005.m3u8,网络源,https://images.pluto.tv/channels/608aa5e995132a00075f7005/colorLogoPNG.png
Pluto TV Filmes Acao,https://jmp2.uk/plu-5f120f41b7d403000783a6d6.m3u8,网络源,https://images.pluto.tv/channels/5f120f41b7d403000783a6d6/colorLogoPNG.png
Pluto TV Filmes Aventura,https://jmp2.uk/plu-66c79a4262e5510008ff68a5.m3u8,网络源,https://images.pluto.tv/channels/66c79a4262e5510008ff68a5/colorLogoPNG.png
Pluto TV Filmes de Luta,https://jmp2.uk/plu-6806d62369aec5b19cd628c0.m3u8,网络源,https://images.pluto.tv/channels/6806d62369aec5b19cd628c0/colorLogoPNG_1746817781806.png
Pluto TV Filmes Nacionais,https://jmp2.uk/plu-5f5a545d0dbf7f0007c09408.m3u8,网络源,https://images.pluto.tv/channels/5f5a545d0dbf7f0007c09408/colorLogoPNG_1732044719987.png
Pluto TV Fishing,https://jmp2.uk/plu-619e1874e0d3a7000729a036.m3u8,网络源,https://images.pluto.tv/channels/619e1874e0d3a7000729a036/colorLogoPNG.png
Pluto TV Food,https://jmp2.uk/plu-5dc280c9aa218c0009724b4b.m3u8,网络源,https://images.pluto.tv/channels/5dc280c9aa218c0009724b4b/colorLogoPNG_1769092247484.png
Pluto TV Food GB,https://jmp2.uk/plu-5ddf930548ff9b00090d5686.m3u8,网络源,https://images.pluto.tv/channels/5dc280c9aa218c0009724b4b/colorLogoPNG_1769092247484.png
Pluto TV Fran: Beste Mama-Momente,https://jmp2.uk/plu-69b968e011fc7b9e27c0d958.m3u8,网络源,https://images.pluto.tv/channels/69b968e011fc7b9e27c0d958/colorLogoPNG_1777469414817.png
Pluto TV Franchise Favorites,https://jmp2.uk/plu-68fbf8101d26140175db8b58.m3u8,网络源,https://images.pluto.tv/channels/68fbf8101d26140175db8b58/colorLogoPNG_1762383685562.png
Pluto TV French Collection,https://jmp2.uk/plu-62f3e0522443200008c567d7.m3u8,网络源,https://images.pluto.tv/channels/62f3e0522443200008c567d7/colorLogoPNG.png
Pluto TV Game Shows,https://jmp2.uk/plu-6036e7c385749f00075dbd3b.m3u8,网络源,https://i.imgur.com/JXZEg2e.png
Pluto TV Gasolina,https://jmp2.uk/plu-65bd0f53dc10a40008e68b96.m3u8,网络源,https://images.pluto.tv/channels/65bd0f53dc10a40008e68b96/colorLogoPNG_1747382175081.png
Pluto TV Gore & Slasher,https://jmp2.uk/plu-66b0dfa1d512590008bfa7fd.m3u8,网络源,https://images.pluto.tv/channels/66b0dfa1d512590008bfa7fd/colorLogoPNG.png
Pluto TV Haialarm,https://jmp2.uk/plu-69b015c5d29cc97de7da4af8.m3u8,网络源,https://images.pluto.tv/channels/69b015c5d29cc97de7da4af8/colorLogoPNG_1779802132594.png
Pluto TV Handbold Highlights,https://jmp2.uk/plu-68dfa431cc3c6cd904053100.m3u8,网络源,https://images.pluto.tv/channels/68dfa431cc3c6cd904053100/colorLogoPNG_1761838112979.png
Pluto TV Handbold Live,https://jmp2.uk/plu-6618f54baec96800081525ec.m3u8,网络源,https://images.pluto.tv/channels/6618f54baec96800081525ec/colorLogoPNG_1762173655031.png
Pluto TV Handboll Highlights,https://jmp2.uk/plu-68dfa3e2cc3c6cd904052c41.m3u8,网络源,https://images.pluto.tv/channels/68dfa3e2cc3c6cd904052c41/colorLogoPNG_1761838923264.png
Pluto TV Handboll Live,https://jmp2.uk/plu-686faf533ffa5e0c912688e7.m3u8,网络源,https://images.pluto.tv/channels/686faf533ffa5e0c912688e7/colorLogoPNG_1762169254016.png
Pluto TV Harlequin,https://jmp2.uk/plu-68c01bed508ba507f0d0dd60.m3u8,网络源,https://images.pluto.tv/channels/68c01afa3efb41cd9759dafb/colorLogoPNG_1770018342774.png
Pluto TV Harlequin DK,https://jmp2.uk/plu-68c01afa3efb41cd9759dafb.m3u8,网络源,https://images.pluto.tv/channels/68c01afa3efb41cd9759dafb/colorLogoPNG_1770018342774.png
Pluto TV Harlequin NO,https://jmp2.uk/plu-68c01b9a6bdcf3b9a64febcc.m3u8,网络源,https://images.pluto.tv/channels/68c01afa3efb41cd9759dafb/colorLogoPNG_1770018342774.png
Pluto TV Histoire (720p),https://jmp2.uk/plu-611e771e2f5f180007002224.m3u8,网络源,https://images.pluto.tv/channels/611e771e2f5f180007002224/colorLogoPNG.png
Pluto TV Historia (Germany) (720p),https://jmp2.uk/plu-61cd7b49543066000713b620.m3u8,网络源,https://images.pluto.tv/channels/61cd7b49543066000713b620/colorLogoPNG.png
Pluto TV Historia (United States),https://jmp2.uk/plu-5f1ef1a8cec6be00072a7ac9.m3u8,网络源,https://images.pluto.tv/channels/5f1ef1a8cec6be00072a7ac9/colorLogoPNG_1754405659295.png
Pluto TV Historia (United States) LatAm,https://jmp2.uk/plu-5de5758e1a30dc00094fcd6c.m3u8,网络源,https://images.pluto.tv/channels/5f1ef1a8cec6be00072a7ac9/colorLogoPNG_1754405659295.png
Pluto TV Historias de Ultratumba,https://jmp2.uk/plu-5f4d3696d938c900072679fd.m3u8,网络源,https://images.pluto.tv/channels/5f4d3696d938c900072679fd/colorLogoPNG.png
Pluto TV Historische Serien,https://jmp2.uk/plu-68ada3395190a45dc9c445cf.m3u8,网络源,https://images.pluto.tv/channels/68ada3395190a45dc9c445cf/colorLogoPNG_1760957063422.png
Pluto TV History,https://jmp2.uk/plu-5a4d35dfa5c02e717a234f86.m3u8,网络源,https://i.imgur.com/XkQD5kM.png
Pluto TV Hometown Drama,https://jmp2.uk/plu-69d6c7befde57cd5ba0160c3.m3u8,网络源,https://images.pluto.tv/channels/69d6c7befde57cd5ba0160c3/colorLogoPNG_1777488284970.png
Pluto TV Horror (Sweden),https://jmp2.uk/plu-63a19e1b9ab2df0007bef7a7.m3u8,网络源,https://images.pluto.tv/channels/63a1c9790cc44a0007dc8857/colorLogoPNG.png
Pluto TV Horror (Sweden) DK,https://jmp2.uk/plu-63a1c9790cc44a0007dc8857.m3u8,网络源,https://images.pluto.tv/channels/63a1c9790cc44a0007dc8857/colorLogoPNG.png
Pluto TV Horror (Sweden) NO,https://jmp2.uk/plu-63a19cb7847a090007f230d7.m3u8,网络源,https://images.pluto.tv/channels/63a1c9790cc44a0007dc8857/colorLogoPNG.png
Pluto TV Horror (United States),https://jmp2.uk/plu-569546031a619b8f07ce6e25.m3u8,网络源,https://images.pluto.tv/channels/569546031a619b8f07ce6e25/colorLogoPNG.png
Pluto TV Horror (United States) CA,https://jmp2.uk/plu-62ea3f8a38acc80007072d26.m3u8,网络源,https://images.pluto.tv/channels/569546031a619b8f07ce6e25/colorLogoPNG.png
Pluto TV Horror-Serien,https://jmp2.uk/plu-67ff7d9c7fc25e0e72451bc9.m3u8,网络源,https://images.pluto.tv/channels/67ff7d9c7fc25e0e72451bc9/colorLogoPNG_1749796239058.png
Pluto TV Humor (Sweden),https://jmp2.uk/plu-61c0974945b45d0007aaa5ac.m3u8,网络源,https://images.pluto.tv/channels/61c0974945b45d0007aaa5ac/colorLogoPNG.png
Pluto TV Humor (United States),https://jmp2.uk/plu-5e8397936791b30007ebb5a7.m3u8,网络源,https://images.pluto.tv/channels/5e8397936791b30007ebb5a7/colorLogoPNG.png
Pluto TV Icons,https://jmp2.uk/plu-64b585f84ea480000838e446.m3u8,网络源,https://images.pluto.tv/channels/64b585f84ea480000838e446/colorLogoPNG.png
Pluto TV Impacto,https://jmp2.uk/plu-68adc697116b783a33f99e6c.m3u8,网络源,https://images.pluto.tv/channels/68adc697116b783a33f99e6c/colorLogoPNG_1760448745473.png
Pluto TV Inside,https://jmp2.uk/plu-5f8ed3892ed7bb000741a1d2.m3u8,网络源,https://images.pluto.tv/channels/5f8ed3892ed7bb000741a1d2/colorLogoPNG.png
Pluto TV Invasion Alien,https://jmp2.uk/plu-654a35ce346f420008d5c36e.m3u8,网络源,https://images.pluto.tv/channels/654a35ce346f420008d5c36e/colorLogoPNG.png
Pluto TV Investigacao,https://jmp2.uk/plu-5f32cf37c9ff2b00082adbc8.m3u8,网络源,https://i.imgur.com/JlQq0YJ.png
Pluto TV Investigation,https://jmp2.uk/plu-63808dc806aa4700075f319a.m3u8,网络源,https://images.pluto.tv/channels/63808dc806aa4700075f319a/colorLogoPNG.png
Pluto TV John Wayne,https://jmp2.uk/plu-655caaaac0fc8800086f5d99.m3u8,网络源,https://images.pluto.tv/channels/655ca7aa635c3c000855d655/colorLogoPNG.png
Pluto TV John Wayne DK,https://jmp2.uk/plu-655ca7aa635c3c000855d655.m3u8,网络源,https://images.pluto.tv/channels/655ca7aa635c3c000855d655/colorLogoPNG.png
Pluto TV John Wayne NO,https://jmp2.uk/plu-655ca99dfbc15b00081f209c.m3u8,网络源,https://images.pluto.tv/channels/655ca7aa635c3c000855d655/colorLogoPNG.png
Pluto TV Junior,https://jmp2.uk/plu-5f12141b146d760007934ea7.m3u8,网络源,https://images.pluto.tv/channels/5f12141b146d760007934ea7/colorLogoPNG.png
Pluto TV Junior LatAm,https://jmp2.uk/plu-5dcde2ac4bc6c500094ab45b.m3u8,网络源,https://images.pluto.tv/channels/5f12141b146d760007934ea7/colorLogoPNG.png
Pluto TV Juniorklubben (720p),https://jmp2.uk/plu-61c0b7eb8929e40007ff5125.m3u8,网络源,https://images.pluto.tv/channels/61c09a78bd194c0008decc28/colorLogoPNG_1748329348443.png
Pluto TV Juniorklubben DK (720p),https://jmp2.uk/plu-61c09a78bd194c0008decc28.m3u8,网络源,https://images.pluto.tv/channels/61c09a78bd194c0008decc28/colorLogoPNG_1748329348443.png
Pluto TV Juniorklubben NO (720p),https://jmp2.uk/plu-61c1d459fbb4b50007d24647.m3u8,网络源,https://images.pluto.tv/channels/61c09a78bd194c0008decc28/colorLogoPNG_1748329348443.png
Pluto TV K-Drama,https://jmp2.uk/plu-6475bfec536e0c0008858e9f.m3u8,网络源,https://images.pluto.tv/channels/6475bfec536e0c0008858e9f/colorLogoPNG.png
Pluto TV Karaoke por Stingray (720p),https://jmp2.uk/plu-604b99d633a72b00078e05ad.m3u8,网络源,https://images.pluto.tv/channels/5f85cf621d6d2200079f1de0/colorLogoPNG.png
Pluto TV Karaoke por Stingray LatAm (720p),https://jmp2.uk/plu-5f85cf621d6d2200079f1de0.m3u8,网络源,https://images.pluto.tv/channels/5f85cf621d6d2200079f1de0/colorLogoPNG.png
Pluto TV KFOOD,https://jmp2.uk/plu-633ee9ba83c08f00076b60a6.m3u8,网络源,https://images.pluto.tv/channels/633ee9ba83c08f00076b60a6/colorLogoPNG.png
Pluto TV Kids,https://jmp2.uk/plu-5f1214a637c6fd00079c652f.m3u8,网络源,https://images.pluto.tv/channels/5f1214a637c6fd00079c652f/colorLogoPNG.png
Pluto TV Kids LatAm,https://jmp2.uk/plu-5dd6dae8ce788b0009eaf77b.m3u8,网络源,https://images.pluto.tv/channels/5f1214a637c6fd00079c652f/colorLogoPNG.png
Pluto TV Kids Classics (720p),https://jmp2.uk/plu-609e7e423e9173000706a681.m3u8,网络源,https://images.pluto.tv/channels/609e7e423e9173000706a681/colorLogoPNG_1750147033956.png
Pluto TV Kids Classics FR (720p),https://jmp2.uk/plu-654a58dbf9cc82000868f0fb.m3u8,网络源,https://images.pluto.tv/channels/609e7e423e9173000706a681/colorLogoPNG_1750147033956.png
Pluto TV Kids Club (Germany),https://jmp2.uk/plu-611e6ddc7fcd580007d1eb5f.m3u8,网络源,https://images.pluto.tv/channels/611e6ddc7fcd580007d1eb5f/colorLogoPNG_1748852055317.png
Pluto TV Kids Club (United States),https://jmp2.uk/plu-66c8cae7fed35b0008580ec0.m3u8,网络源,https://images.pluto.tv/channels/66c8cae7fed35b0008580ec0/colorLogoPNG.png
Pluto TV Klassiske tegnefilm (720p),https://jmp2.uk/plu-67f508992ebe80e2929b5c98.m3u8,网络源,https://images.pluto.tv/channels/67f508992ebe80e2929b5c98/colorLogoPNG_1748955041610.png
Pluto TV Klassiske tegnefilmer (720p),https://jmp2.uk/plu-67f508f68ddd60c57dc44766.m3u8,网络源,https://images.pluto.tv/channels/67f508f68ddd60c57dc44766/colorLogoPNG_1748955225113.png
Pluto TV Komedi,https://jmp2.uk/plu-61c0b36d18447e000717d686.m3u8,网络源,https://images.pluto.tv/channels/61c0b36d18447e000717d686/colorLogoPNG.png
Pluto TV Komedie,https://jmp2.uk/plu-61c1e3a679a4390007c78136.m3u8,网络源,https://images.pluto.tv/channels/61c1e3a679a4390007c78136/colorLogoPNG.png
Pluto TV Kult Comedies,https://jmp2.uk/plu-66337de656fc840008ff7a65.m3u8,网络源,https://images.pluto.tv/channels/66337de656fc840008ff7a65/colorLogoPNG.png
Pluto TV Kultfilm,https://jmp2.uk/plu-63dbe7ed51f5d000083e9499.m3u8,网络源,https://images.pluto.tv/channels/63dbe7ed51f5d000083e9499/colorLogoPNG.png
Pluto TV Kultfilme,https://jmp2.uk/plu-5dde47b63585b500099f74ec.m3u8,网络源,https://images.pluto.tv/channels/5dde47b63585b500099f74ec/colorLogoPNG.png
Pluto TV Kultfilmer,https://jmp2.uk/plu-63dbe8c8a9957100087798a3.m3u8,网络源,https://images.pluto.tv/channels/63dbe80f60bc8f0008aa7c78/colorLogoPNG.png
Pluto TV Kultfilmer NO,https://jmp2.uk/plu-63dbe80f60bc8f0008aa7c78.m3u8,网络源,https://images.pluto.tv/channels/63dbe80f60bc8f0008aa7c78/colorLogoPNG.png
Pluto TV Laughs in Spanish,https://jmp2.uk/plu-69a554179a3f3bb488c7d2be.m3u8,网络源,https://images.pluto.tv/channels/69a554179a3f3bb488c7d2be/colorLogoPNG_1774964411015.png
Pluto TV Legami Letali,https://jmp2.uk/plu-64808a8c536e0c0008a276d1.m3u8,网络源,https://images.pluto.tv/channels/64808a8c536e0c0008a276d1/colorLogoPNG_1747395859514.png
Pluto TV Lives,https://jmp2.uk/plu-5d8beeb39b5d5d5f8c672530.m3u8,网络源,https://i.imgur.com/laupYwG.png
Pluto TV Los nuevos detectives,https://jmp2.uk/plu-5f1acba0d1f6340007db8843.m3u8,网络源,https://i.imgur.com/Iru8tqj.png
Pluto TV Melrose Place,https://jmp2.uk/plu-64be745340962900080b55e7.m3u8,网络源,https://i.imgur.com/hXDj0fV.png
Pluto TV Mi Obsesion Favorita,https://jmp2.uk/plu-6109ab25b84d6a0007504886.m3u8,网络源,https://images.pluto.tv/channels/6109ab25b84d6a0007504886/colorLogoPNG.png
Pluto TV Military,https://jmp2.uk/plu-5bb3fea0f711fd76340eebff.m3u8,网络源,https://i.imgur.com/O8VXZB4.png
Pluto TV Minha Obsessao Favorita,https://jmp2.uk/plu-61843f5e491af10007f7eefa.m3u8,网络源,https://images.pluto.tv/channels/61843f5e491af10007f7eefa/colorLogoPNG.png
Pluto TV Minuto Para Ganar,https://jmp2.uk/plu-5e46e64dc73db400094b5f0b.m3u8,网络源,https://i.imgur.com/go5o1gB.png
Pluto TV Misterios,https://jmp2.uk/plu-5fac52f142044f00078e2a51.m3u8,网络源,https://images.pluto.tv/channels/5fac52f142044f00078e2a51/colorLogoPNG.png
Pluto TV Misterios LatAm,https://jmp2.uk/plu-5dcde2f53449c50009b2b4dc.m3u8,网络源,https://images.pluto.tv/channels/5fac52f142044f00078e2a51/colorLogoPNG.png
Pluto TV Misterios Medicos,https://jmp2.uk/plu-5f230e416b68ff00075b0139.m3u8,网络源,https://i.imgur.com/1WDFKF0.png
Pluto TV Motor (Germany),https://jmp2.uk/plu-6080345ebb49b90007ce0baf.m3u8,网络源,https://images.pluto.tv/channels/6080345ebb49b90007ce0baf/colorLogoPNG.png
Pluto TV Motor (Sweden),https://jmp2.uk/plu-68ac52fac9b5923e0585578b.m3u8,网络源,https://images.pluto.tv/channels/68ac51dede4a734954b5a67a/colorLogoPNG_1761126157471.png
Pluto TV Motor (Sweden) DK,https://jmp2.uk/plu-68ac51dede4a734954b5a67a.m3u8,网络源,https://images.pluto.tv/channels/68ac51dede4a734954b5a67a/colorLogoPNG_1761126157471.png
Pluto TV Motor (Sweden) NO,https://jmp2.uk/plu-68ac52b05190a45dc990ee39.m3u8,网络源,https://images.pluto.tv/channels/68ac51dede4a734954b5a67a/colorLogoPNG_1761126157471.png
Pluto TV Movies,https://jmp2.uk/plu-5c5c3b948002db3c3e0b262e.m3u8,网络源,https://images.pluto.tv/channels/5c5c3b948002db3c3e0b262e/colorLogoPNG.png
Pluto TV Movies GB,https://jmp2.uk/plu-5ad8d3a31b95267e225e4e09.m3u8,网络源,https://images.pluto.tv/channels/5c5c3b948002db3c3e0b262e/colorLogoPNG.png
Pluto TV Mystery,https://jmp2.uk/plu-617aad99b68ef100072608cd.m3u8,网络源,https://images.pluto.tv/channels/617aad99b68ef100072608cd/colorLogoPNG.png
Pluto TV Natura,https://jmp2.uk/plu-60802b37709d6b0007b0c549.m3u8,网络源,https://images.pluto.tv/channels/60802b37709d6b0007b0c549/colorLogoPNG_1773147389391.png
Pluto TV Naturaleza,https://jmp2.uk/plu-5dd85eac039bba0009e86d1d.m3u8,网络源,https://images.pluto.tv/channels/5dd85eac039bba0009e86d1d/colorLogoPNG.png
Pluto TV Nature,https://jmp2.uk/plu-5be1c3f9851dd5632e2c91b2.m3u8,网络源,https://images.pluto.tv/channels/5be1c3f9851dd5632e2c91b2/colorLogoPNG.png
Pluto TV Natureza,https://jmp2.uk/plu-5f1213ba0ecebc00070e170f.m3u8,网络源,https://images.pluto.tv/channels/5f1213ba0ecebc00070e170f/colorLogoPNG.png
Pluto TV Negocio Fechado,https://jmp2.uk/plu-64ad7394798def00087b2bfe.m3u8,网络源,https://images.pluto.tv/channels/64ad7394798def00087b2bfe/colorLogoPNG.png
Pluto TV Netmovies,https://jmp2.uk/plu-663b9de4f999220008230fa8.m3u8,网络源,https://images.pluto.tv/channels/663b9de4f999220008230fa8/colorLogoPNG.png
Pluto TV Nordic Crime,https://jmp2.uk/plu-67d984408d8dc3d7754dccf2.m3u8,网络源,https://images.pluto.tv/channels/67d984408d8dc3d7754dccf2/colorLogoPNG_1746817551952.png
Pluto TV Notti di Passione,https://jmp2.uk/plu-6911c9704316999535eb21cf.m3u8,网络源,https://images.pluto.tv/channels/6911c9704316999535eb21cf/colorLogoPNG_1766041294522.png
Pluto TV Notti di Sangue,https://jmp2.uk/plu-6911c92b4316999535eb1e08.m3u8,网络源,https://images.pluto.tv/channels/6911c92b4316999535eb1e08/colorLogoPNG_1766041125862.png
Pluto TV Notti di Terrore,https://jmp2.uk/plu-6911c8dd8caba6f046c5c5d5.m3u8,网络源,https://images.pluto.tv/channels/6911c8dd8caba6f046c5c5d5/colorLogoPNG_1766041208757.png
Pluto TV Novelas,https://jmp2.uk/plu-5cf96c0222df39f1a338d163.m3u8,网络源,https://images.pluto.tv/channels/5f512365abe1f50007d3ff56/colorLogoPNG.png
Pluto TV Novelas BR,https://jmp2.uk/plu-5f512365abe1f50007d3ff56.m3u8,网络源,https://images.pluto.tv/channels/5f512365abe1f50007d3ff56/colorLogoPNG.png
Pluto TV Novelas LatAm,https://jmp2.uk/plu-5dcde0cc2efd2700090b7ff4.m3u8,网络源,https://images.pluto.tv/channels/5f512365abe1f50007d3ff56/colorLogoPNG.png
Pluto TV Novelas de Mexico,https://jmp2.uk/plu-6474a7958e3c0a0008b97cae.m3u8,网络源,https://images.pluto.tv/channels/6474a7958e3c0a0008b97cae/colorLogoPNG_1765475296297.png
Pluto TV Novelas de Otros Continentes,https://jmp2.uk/plu-686eed4c677f2f98b4a1ccd4.m3u8,网络源,https://images.pluto.tv/channels/686eed4c677f2f98b4a1ccd4/colorLogoPNG_1765466599084.png
Pluto TV Novelas de Venezuela,https://jmp2.uk/plu-6474a86917f5e100089a0c1c.m3u8,网络源,https://images.pluto.tv/channels/6474a86917f5e100089a0c1c/colorLogoPNG_1765471713312.png
Pluto TV Nuestro Cine,https://jmp2.uk/plu-5defde6d6c07b50009cf0757.m3u8,网络源,https://images.pluto.tv/channels/5defde6d6c07b50009cf0757/colorLogoPNG.png
Pluto TV Overnaturlig,https://jmp2.uk/plu-61c1e74354d923000731bf7c.m3u8,网络源,https://images.pluto.tv/channels/61c1e74354d923000731bf7c/colorLogoPNG.png
Pluto TV Paisagens por Stingray (720p),https://jmp2.uk/plu-604a8dedbca75b0007b1c753.m3u8,网络源,https://images.pluto.tv/channels/604a8dedbca75b0007b1c753/colorLogoPNG.png
Pluto TV Paranormal (Germany),https://jmp2.uk/plu-5f98487036af340008da1e37.m3u8,网络源,https://images.pluto.tv/channels/5f98487036af340008da1e37/colorLogoPNG.png
Pluto TV Paranormal (Germany) ES,https://jmp2.uk/plu-612ce5214bb5790007ad3016.m3u8,网络源,https://images.pluto.tv/channels/5f98487036af340008da1e37/colorLogoPNG.png
Pluto TV Paranormal (Germany) FR,https://jmp2.uk/plu-5f8ed9461b35690007a0bc3a.m3u8,网络源,https://images.pluto.tv/channels/5f98487036af340008da1e37/colorLogoPNG.png
Pluto TV Paranormal (Germany) GB,https://jmp2.uk/plu-5d4af2ffa9506ab29cf38c38.m3u8,网络源,https://images.pluto.tv/channels/5f98487036af340008da1e37/colorLogoPNG.png
Pluto TV Paranormal (Germany) IT,https://jmp2.uk/plu-66c70033b1a34600087bb09a.m3u8,网络源,https://images.pluto.tv/channels/5f98487036af340008da1e37/colorLogoPNG.png
Pluto TV Paranormal (Sweden),https://jmp2.uk/plu-62b1e4189f5db20007ff03be.m3u8,网络源,https://images.pluto.tv/channels/62b30beb81f89900071fc7b9/colorLogoPNG.png
Pluto TV Paranormal (Sweden) DK,https://jmp2.uk/plu-62b30beb81f89900071fc7b9.m3u8,网络源,https://images.pluto.tv/channels/62b30beb81f89900071fc7b9/colorLogoPNG.png
Pluto TV Paranormal (United States),https://jmp2.uk/plu-5adf96e3e738977e2c31cb04.m3u8,网络源,https://images.pluto.tv/channels/62e92a58f3e4290007290c96/colorLogoPNG.png
Pluto TV Paranormal (United States) CA,https://jmp2.uk/plu-62e92a58f3e4290007290c96.m3u8,网络源,https://images.pluto.tv/channels/62e92a58f3e4290007290c96/colorLogoPNG.png
Pluto TV Peleas,https://jmp2.uk/plu-5e98b0447665f200078caded.m3u8,网络源,https://images.pluto.tv/channels/5e98b0447665f200078caded/colorLogoPNG.png
Pluto TV PetrolHeads,https://jmp2.uk/plu-65a7b0814a10d800085ff2df.m3u8,网络源,https://images.pluto.tv/channels/65a7b0814a10d800085ff2df/colorLogoPNG.png
Pluto TV Polar,https://jmp2.uk/plu-5f8ed4dbf6bb0800071ffbcb.m3u8,网络源,https://images.pluto.tv/channels/5f8ed4dbf6bb0800071ffbcb/colorLogoPNG.png
Pluto TV Policial,https://jmp2.uk/plu-678fdf9e3de7c8cf948e8824.m3u8,网络源,https://images.pluto.tv/channels/678fdf9e3de7c8cf948e8824/colorLogoPNG.png
Pluto TV Polizeiserien,https://jmp2.uk/plu-64be64445dc166000899ce75.m3u8,网络源,https://images.pluto.tv/channels/64be64445dc166000899ce75/colorLogoPNG_1753350668041.png
Pluto TV Psycho,https://jmp2.uk/plu-65ce480a78df2200131c597b.m3u8,网络源,https://images.pluto.tv/channels/65ce480a78df2200131c597b/colorLogoPNG.png
Pluto TV Reaction,https://jmp2.uk/plu-617b37b361e0fd0008cfd8c5.m3u8,网络源,https://i.imgur.com/H9k3OXN.png
Pluto TV Real Life,https://jmp2.uk/plu-60801976f92a750007a0699c.m3u8,网络源,https://images.pluto.tv/channels/60801976f92a750007a0699c/colorLogoPNG_1775123848385.png
Pluto TV Reality (Germany) FR,https://jmp2.uk/plu-6092544e7639460007d4835e.m3u8,网络源,https://images.pluto.tv/channels/67ebc1b6432a0e406f141341/colorLogoPNG.png
Pluto TV Reality (Germany) GB,https://jmp2.uk/plu-5bd8186d53ed2c6334ea0855.m3u8,网络源,https://images.pluto.tv/channels/67ebc1b6432a0e406f141341/colorLogoPNG.png
Pluto TV Reality (United States),https://jmp2.uk/plu-69fa3faab9c0f0d444e64de3.m3u8,网络源,https://images.pluto.tv/channels/67922858b83355184c699699/colorLogoPNG.png
Pluto TV Reality (United States) CA,https://jmp2.uk/plu-67922858b83355184c699699.m3u8,网络源,https://images.pluto.tv/channels/67922858b83355184c699699/colorLogoPNG.png
Pluto TV Reality (United States) LatAm,https://jmp2.uk/plu-5dcde197f6591d0009839e04.m3u8,网络源,https://images.pluto.tv/channels/67922858b83355184c699699/colorLogoPNG.png
Pluto TV Record News (720p),https://jmp2.uk/plu-6102e04e9ab1db0007a980a1.m3u8,网络源,https://images.pluto.tv/channels/6102e04e9ab1db0007a980a1/colorLogoPNG.png
Pluto TV Reportagen,https://jmp2.uk/plu-68ada3edf84960586ad31c7d.m3u8,网络源,https://images.pluto.tv/channels/68ada3edf84960586ad31c7d/colorLogoPNG_1760078189640.png
Pluto TV Retro,https://jmp2.uk/plu-5f1212ad1728050007a523b8.m3u8,网络源,https://i.imgur.com/wztO3GM.png
Pluto TV Retro Action Movies,https://jmp2.uk/plu-69a9ae4d3bd16a4ed04240d7.m3u8,网络源,https://images.pluto.tv/channels/69a9ae4d3bd16a4ed04240d7/colorLogoPNG_1774879695281.png
Pluto TV Retro Crime Action,https://jmp2.uk/plu-69aee8a1acb7eb0bb68df641.m3u8,网络源,https://images.pluto.tv/channels/69aee8a1acb7eb0bb68df641/colorLogoPNG_1774899454178.png
Pluto TV Retro Crime Drama,https://jmp2.uk/plu-630f1e6073bd1800082107f0.m3u8,网络源,https://images.pluto.tv/channels/630f1e6073bd1800082107f0/colorLogoPNG.png
Pluto TV Retro Kid,https://jmp2.uk/plu-6408b41b83f58900081d91ad.m3u8,网络源,https://images.pluto.tv/channels/6408b41b83f58900081d91ad/colorLogoPNG.png
Pluto TV Retro Toons,https://jmp2.uk/plu-611e6a9b4bb5790007a6f0f8.m3u8,网络源,https://images.pluto.tv/channels/611e6a9b4bb5790007a6f0f8/colorLogoPNG.png
Pluto TV Retro Toons GB,https://jmp2.uk/plu-5c5c2b9d8002db3c3e0b1c6d.m3u8,网络源,https://images.pluto.tv/channels/611e6a9b4bb5790007a6f0f8/colorLogoPNG.png
Pluto TV Romance (Germany) DACH,https://jmp2.uk/plu-5dc287ce3086a20009f5024c.m3u8,网络源,https://images.pluto.tv/channels/5dc287ce3086a20009f5024c/colorLogoPNG.png
Pluto TV Romance (United States),https://jmp2.uk/plu-5a66795ef91fef2c7031c599.m3u8,网络源,https://i.imgur.com/GJBxfyf.png
Pluto TV Romantik,https://jmp2.uk/plu-63a19da6847a090007f230da.m3u8,网络源,https://images.pluto.tv/channels/63a1c954d3897300079fcb12/colorLogoPNG_1767773445743.png
Pluto TV Romantik DK,https://jmp2.uk/plu-63a1c954d3897300079fcb12.m3u8,网络源,https://images.pluto.tv/channels/63a1c954d3897300079fcb12/colorLogoPNG_1767773445743.png
Pluto TV Romantikk,https://jmp2.uk/plu-63a19bb5e6914b000721b5c0.m3u8,网络源,https://images.pluto.tv/channels/63a19bb5e6914b000721b5c0/colorLogoPNG_1767773376618.png
Pluto TV Sanctuary,https://jmp2.uk/plu-63eb57d6c111bc0008fe2658.m3u8,网络源,https://i.imgur.com/Fu2jn2t.png
Pluto TV Scherzi e risate,https://jmp2.uk/plu-609404b0a8ec810007d8de9d.m3u8,网络源,https://images.pluto.tv/channels/609404b0a8ec810007d8de9d/colorLogoPNG.png
Pluto TV Sci-Fi (Germany),https://jmp2.uk/plu-60ed498c4248a400077c0b9d.m3u8,网络源,https://images.pluto.tv/channels/60ed498c4248a400077c0b9d/colorLogoPNG.png
Pluto TV Sci-Fi (Germany) ES,https://jmp2.uk/plu-5f6a38eaa5b68b0007a00e7a.m3u8,网络源,https://images.pluto.tv/channels/60ed498c4248a400077c0b9d/colorLogoPNG.png
Pluto TV Sci-Fi (Germany) GB,https://jmp2.uk/plu-5dc02a44a9518600094273ac.m3u8,网络源,https://images.pluto.tv/channels/60ed498c4248a400077c0b9d/colorLogoPNG.png
Pluto TV Sci-Fi (Germany) IT,https://jmp2.uk/plu-61728bb9ee3773000840c1fa.m3u8,网络源,https://images.pluto.tv/channels/60ed498c4248a400077c0b9d/colorLogoPNG.png
Pluto TV Sci-Fi (Sweden),https://jmp2.uk/plu-61f9597e78607000074f6c2a.m3u8,网络源,https://images.pluto.tv/channels/60ed498c4248a400077c0b9d/colorLogoPNG.png
Pluto TV Sci-Fi (Sweden) DK,https://jmp2.uk/plu-61f9598588f86000078ee7d6.m3u8,网络源,https://images.pluto.tv/channels/60ed498c4248a400077c0b9d/colorLogoPNG.png
Pluto TV Sci-Fi (Sweden) NO,https://jmp2.uk/plu-61f957e051cca800076f2358.m3u8,网络源,https://images.pluto.tv/channels/60ed498c4248a400077c0b9d/colorLogoPNG.png
Pluto TV Sci-Fi (United States),https://jmp2.uk/plu-5b4fc274694c027be6ed3eea.m3u8,网络源,https://images.pluto.tv/channels/66166cb1307fa30008f275e7/colorLogoPNG.png
Pluto TV Sci-Fi (United States) CA,https://jmp2.uk/plu-66166cb1307fa30008f275e7.m3u8,网络源,https://images.pluto.tv/channels/66166cb1307fa30008f275e7/colorLogoPNG.png
Pluto TV Sci-Fi (United States) LatAm,https://jmp2.uk/plu-5f2817d3d7573a00080f9175.m3u8,网络源,https://images.pluto.tv/channels/66166cb1307fa30008f275e7/colorLogoPNG.png
Pluto TV Sci-fi Series,https://jmp2.uk/plu-619247c34a270700077c8415.m3u8,网络源,https://images.pluto.tv/channels/619247c34a270700077c8415/colorLogoPNG.png
Pluto TV Science (Germany),https://jmp2.uk/plu-5d767b4889bca2ce7b73ef2e.m3u8,网络源,https://images.pluto.tv/channels/5d767b4889bca2ce7b73ef2e/colorLogoPNG.png
Pluto TV Science (Germany) GB,https://jmp2.uk/plu-5d9492c77ea6f99188738ff1.m3u8,网络源,https://images.pluto.tv/channels/5d767b4889bca2ce7b73ef2e/colorLogoPNG.png
Pluto TV Science (United States),https://jmp2.uk/plu-563a970aa1a1f7fe7c9daad7.m3u8,网络源,https://i.imgur.com/uhunRoU.png
Pluto TV Serie,https://jmp2.uk/plu-5dc190f7bfed110009d934c3.m3u8,网络源,https://images.pluto.tv/channels/5dc190f7bfed110009d934c3/colorLogoPNG.png
Pluto TV Serie IT,https://jmp2.uk/plu-60b9ff2722bfa400072676ef.m3u8,网络源,https://images.pluto.tv/channels/5dc190f7bfed110009d934c3/colorLogoPNG.png
Pluto TV Serie Crime,https://jmp2.uk/plu-608aa777b907770007e5d05d.m3u8,网络源,https://images.pluto.tv/channels/608aa777b907770007e5d05d/colorLogoPNG_1750402183051.png
Pluto TV Serie Sci-Fi,https://jmp2.uk/plu-67ed14aaf7c5d70b9089c3bf.m3u8,网络源,https://images.pluto.tv/channels/67ed14aaf7c5d70b9089c3bf/colorLogoPNG_1750259768860.png
Pluto TV Series (Germany),https://jmp2.uk/plu-5f1ac8f49205650007bc15f1.m3u8,网络源,https://images.pluto.tv/channels/5f1ac8f49205650007bc15f1/colorLogoPNG.png
Pluto TV Series (United States),https://jmp2.uk/plu-5dcde1317578340009b751d0.m3u8,网络源,https://images.pluto.tv/channels/5dcde1317578340009b751d0/colorLogoPNG.png
Pluto TV Series Acao,https://jmp2.uk/plu-6474ab1da51cb80008bfb5f4.m3u8,网络源,https://images.pluto.tv/channels/6474ab1da51cb80008bfb5f4/colorLogoPNG.png
Pluto TV Series Comedia,https://jmp2.uk/plu-655e5bc94261ca000810cb17.m3u8,网络源,https://images.pluto.tv/channels/655e5bc94261ca000810cb17/colorLogoPNG.png
Pluto TV Series Criminais,https://jmp2.uk/plu-6474ab5cdc7a760008745008.m3u8,网络源,https://images.pluto.tv/channels/6474ab5cdc7a760008745008/colorLogoPNG.png
Pluto TV Series criminales,https://jmp2.uk/plu-65cf6ab58145cb0008129ca8.m3u8,网络源,https://images.pluto.tv/channels/65cf6ab58145cb0008129ca8/colorLogoPNG.png
Pluto TV Series de Accion,https://jmp2.uk/plu-6479ff1c17f5e10008ad2797.m3u8,网络源,https://images.pluto.tv/channels/6479ff1c17f5e10008ad2797/colorLogoPNG.png
Pluto TV Series de Comedia,https://jmp2.uk/plu-655f626d57fe4a00085c7c3e.m3u8,网络源,https://images.pluto.tv/channels/655f626d57fe4a00085c7c3e/colorLogoPNG.png
Pluto TV Series de Crimen,https://jmp2.uk/plu-655f62ff954b020008c91ec6.m3u8,网络源,https://images.pluto.tv/channels/655f62ff954b020008c91ec6/colorLogoPNG.png
Pluto TV Series de Drama,https://jmp2.uk/plu-655f636d954b020008c93299.m3u8,网络源,https://images.pluto.tv/channels/655f636d954b020008c93299/colorLogoPNG_1765466171343.png
Pluto TV Series de Otros Continentes,https://jmp2.uk/plu-6806d570c178637410ae4962.m3u8,网络源,https://images.pluto.tv/channels/6806d570c178637410ae4962/colorLogoPNG_1765466496602.png
Pluto TV Series de Sci-Fi,https://jmp2.uk/plu-65662f8a2c46f300088a84cc.m3u8,网络源,https://images.pluto.tv/channels/65662f8a2c46f300088a84cc/colorLogoPNG.png
Pluto TV Series Drama,https://jmp2.uk/plu-65f060d84e01740008d7421f.m3u8,网络源,https://images.pluto.tv/channels/65f060d84e01740008d7421f/colorLogoPNG.png
Pluto TV Series Fantastiques,https://jmp2.uk/plu-625ec7a1c853fd00073b38fd.m3u8,网络源,https://images.pluto.tv/channels/625ec7a1c853fd00073b38fd/colorLogoPNG_1775048560569.png
Pluto TV Series Latinas,https://jmp2.uk/plu-5dd837642c6e9300098ad484.m3u8,网络源,https://images.pluto.tv/channels/5dd837642c6e9300098ad484/colorLogoPNG.png
Pluto TV Series Novelescas,https://jmp2.uk/plu-691627e4a29a6123e400b3e0.m3u8,网络源,https://images.pluto.tv/channels/691627e4a29a6123e400b3e0/colorLogoPNG_1764878235665.png
Pluto TV Series Retro,https://jmp2.uk/plu-5de802659167b10009e7deba.m3u8,网络源,https://images.pluto.tv/channels/5de802659167b10009e7deba/colorLogoPNG.png
Pluto TV Series Sci-Fi (Germany),https://jmp2.uk/plu-65ddec1ef7f0af0008be4b65.m3u8,网络源,https://images.pluto.tv/channels/65ddec1ef7f0af0008be4b65/colorLogoPNG.png
Pluto TV Series Sci-Fi (United States),https://jmp2.uk/plu-63d2ba2f60bc8f0008981a0e.m3u8,网络源,https://images.pluto.tv/channels/63d2ba2f60bc8f0008981a0e/colorLogoPNG.png
Pluto TV Sherlock,https://jmp2.uk/plu-5dc2c00abfed110009d97243.m3u8,网络源,https://images.pluto.tv/channels/5dc2c00abfed110009d97243/colorLogoPNG.png
Pluto TV Shore,https://jmp2.uk/plu-67e3b0d2443f0671bc8a1297.m3u8,网络源,https://images.pluto.tv/channels/67e3b0d2443f0671bc8a1297/colorLogoPNG_1747721158520.png
Pluto TV Shows por Stingray (720p),https://jmp2.uk/plu-604b91e0692f770007d9f33f.m3u8,网络源,https://images.pluto.tv/channels/604b91e0692f770007d9f33f/colorLogoPNG.png
Pluto TV Sitcoms,https://jmp2.uk/plu-5d767ab2b456c8cf265ce921.m3u8,网络源,https://images.pluto.tv/channels/5d767ab2b456c8cf265ce921/colorLogoPNG.png
Pluto TV Sitcoms GB,https://jmp2.uk/plu-62f53dc6ee9a0400071dc22b.m3u8,网络源,https://images.pluto.tv/channels/5d767ab2b456c8cf265ce921/colorLogoPNG.png
Pluto TV Snooker 900 (Germany) (720p),https://jmp2.uk/plu-68ac5543a1ac0c90f2c8943e.m3u8,网络源,https://images.pluto.tv/channels/68ac5543a1ac0c90f2c8943e/colorLogoPNG_1760517341343.png
Pluto TV Snooker 900 (Germany) ES (720p),https://jmp2.uk/plu-69148c470155f9b136b5d856.m3u8,网络源,https://images.pluto.tv/channels/68ac5543a1ac0c90f2c8943e/colorLogoPNG_1760517341343.png
Pluto TV Snooker 900 (Germany) FR (720p),https://jmp2.uk/plu-66fd35e44ca31f0008060b77.m3u8,网络源,https://images.pluto.tv/channels/68ac5543a1ac0c90f2c8943e/colorLogoPNG_1760517341343.png
Pluto TV Snooker 900 (Germany) GB (720p),https://jmp2.uk/plu-655b7cbb2c46f300086f0afa.m3u8,网络源,https://images.pluto.tv/channels/68ac5543a1ac0c90f2c8943e/colorLogoPNG_1760517341343.png
Pluto TV Snooker 900 (Germany) IT (720p),https://jmp2.uk/plu-69148c76e9dec35c9269a16c.m3u8,网络源,https://images.pluto.tv/channels/68ac5543a1ac0c90f2c8943e/colorLogoPNG_1760517341343.png
Pluto TV Snooker 900 (Sweden) (720p),https://jmp2.uk/plu-68ac56363efb41cd979a8005.m3u8,网络源,https://images.pluto.tv/channels/68ac5543a1ac0c90f2c8943e/colorLogoPNG_1760517341343.png
Pluto TV Snooker 900 (Sweden) DK (720p),https://jmp2.uk/plu-68ac55bb3efb41cd979a65ec.m3u8,网络源,https://images.pluto.tv/channels/68ac5543a1ac0c90f2c8943e/colorLogoPNG_1760517341343.png
Pluto TV Snooker 900 (Sweden) NO (720p),https://jmp2.uk/plu-68ac55fe3efb41cd979a6877.m3u8,网络源,https://images.pluto.tv/channels/68ac5543a1ac0c90f2c8943e/colorLogoPNG_1760517341343.png
Pluto TV Snooker 900 (United States),https://jmp2.uk/plu-639b4f75d3d35c0007d37b30.m3u8,网络源,https://images.pluto.tv/channels/639b4f75d3d35c0007d37b30/colorLogoPNG_1759333260607.png
Pluto TV Space (Germany),https://jmp2.uk/plu-61409f8d6feb30000766b675.m3u8,网络源,https://images.pluto.tv/channels/61409f8d6feb30000766b675/colorLogoPNG.png
Pluto TV Space (Germany) GB,https://jmp2.uk/plu-5dbc2f98777f2e0009934ae7.m3u8,网络源,https://images.pluto.tv/channels/61409f8d6feb30000766b675/colorLogoPNG.png
Pluto TV Space (Sweden),https://jmp2.uk/plu-61b86c6ef30f5d0007e4c6d1.m3u8,网络源,https://images.pluto.tv/channels/61b86c6ef30f5d0007e4c6d1/colorLogoPNG.png
Pluto TV Sport (Germany),https://jmp2.uk/plu-608030eff4b6f70007e1684c.m3u8,网络源,https://images.pluto.tv/channels/608030eff4b6f70007e1684c/colorLogoPNG_1746816937164.png
Pluto TV Sport (Sweden),https://jmp2.uk/plu-62cd74e38f6f0d000798cd93.m3u8,网络源,https://images.pluto.tv/channels/6357f3de3643ba0007bc0b50/colorLogoPNG_1746816938506.png
Pluto TV Sport (Sweden) DK,https://jmp2.uk/plu-6357f3de3643ba0007bc0b50.m3u8,网络源,https://images.pluto.tv/channels/6357f3de3643ba0007bc0b50/colorLogoPNG_1746816938506.png
Pluto TV Sport (Sweden) NO,https://jmp2.uk/plu-6357f33cb51d2d00077927c6.m3u8,网络源,https://images.pluto.tv/channels/6357f3de3643ba0007bc0b50/colorLogoPNG_1746816938506.png
Pluto TV Spotlight,https://jmp2.uk/plu-5ba3fb9c4b078e0f37ad34e8.m3u8,网络源,https://i.imgur.com/UmuJkVB.png
Pluto TV Staff Picks,https://jmp2.uk/plu-5f4d863b98b41000076cd061.m3u8,网络源,https://i.imgur.com/JzwO8IO.png
Pluto TV Star Trek (Germany),https://jmp2.uk/plu-6152ee71bf99590007893a11.m3u8,网络源,https://images.pluto.tv/channels/6152ee71bf99590007893a11/colorLogoPNG.png
Pluto TV Star Trek (Sweden),https://jmp2.uk/plu-61c1979dfa307000070bbe4d.m3u8,网络源,https://images.pluto.tv/channels/61c1979dfa307000070bbe4d/colorLogoPNG.png
Pluto TV Star Trek: Animation,https://jmp2.uk/plu-69492467ae33e24d916e56cf.m3u8,网络源,https://images.pluto.tv/channels/69492467ae33e24d916e56cf/colorLogoPNG_1770896970638.png
Pluto TV Storage Wars (720p),https://jmp2.uk/plu-6887aaf4e3703b7d42b71a1e.m3u8,网络源,https://i.imgur.com/mnHRLlg.png
Pluto TV Storia,https://jmp2.uk/plu-65253fdf3fd33c00080214a3.m3u8,网络源,https://images.pluto.tv/channels/65253fdf3fd33c00080214a3/colorLogoPNG_1773147329671.png
Pluto TV Super Kids,https://jmp2.uk/plu-652557d93fd33c000802f995.m3u8,网络源,https://images.pluto.tv/channels/652557d93fd33c000802f995/colorLogoPNG_1733440546104.png
Pluto TV Tecknade klassiker (720p),https://jmp2.uk/plu-67f5095a3481170e6843d95d.m3u8,网络源,https://images.pluto.tv/channels/67f5095a3481170e6843d95d/colorLogoPNG_1748955339418.png
Pluto TV Tecknat (720p),https://jmp2.uk/plu-61c0b6f028e94c000782684a.m3u8,网络源,https://images.pluto.tv/channels/61c0b6f028e94c000782684a/colorLogoPNG_1749627909756.png
Pluto TV Teen (720p),https://jmp2.uk/plu-63eb944dc111bc0008fe7021.m3u8,网络源,https://images.pluto.tv/channels/63eb944dc111bc0008fe7021/colorLogoPNG_1761820520562.png
Pluto TV Teen FR (720p),https://jmp2.uk/plu-5f8eb99ff17815000784a3b0.m3u8,网络源,https://images.pluto.tv/channels/63eb944dc111bc0008fe7021/colorLogoPNG_1761820520562.png
Pluto TV Teen IT (720p),https://jmp2.uk/plu-63eb573ba99571000897135b.m3u8,网络源,https://images.pluto.tv/channels/63eb944dc111bc0008fe7021/colorLogoPNG_1761820520562.png
Pluto TV Tegnefilm (720p),https://jmp2.uk/plu-61c09938e0d3a700072b68b1.m3u8,网络源,https://images.pluto.tv/channels/61c09938e0d3a700072b68b1/colorLogoPNG_1749627293329.png
Pluto TV Tegnefilm NO (720p),https://jmp2.uk/plu-61c1e914bf8c520007a93ff1.m3u8,网络源,https://images.pluto.tv/channels/61c09938e0d3a700072b68b1/colorLogoPNG_1749627293329.png
Pluto TV Telenovelas Clasicas,https://jmp2.uk/plu-662a69daa0a74e00087a1c72.m3u8,网络源,https://images.pluto.tv/channels/662a69daa0a74e00087a1c72/colorLogoPNG.png
Pluto TV Telerealite France,https://jmp2.uk/plu-699865ccac36b147e74619fe.m3u8,网络源,https://images.pluto.tv/channels/699865ccac36b147e74619fe/colorLogoPNG_1779788356699.png
Pluto TV Terror,https://jmp2.uk/plu-5c6dc88fcd232425a6e0f06e.m3u8,网络源,https://i.imgur.com/eWtoHDM.png
Pluto TV Terror Trash,https://jmp2.uk/plu-66aa67493a4ad2000806d91b.m3u8,网络源,https://images.pluto.tv/channels/66aa67493a4ad2000806d91b/colorLogoPNG.png
Pluto TV The Twilight Zone,https://jmp2.uk/plu-67352ed93a61d4000881f9fa.m3u8,网络源,https://i.imgur.com/FiIRQAR.png
Pluto TV Thrillers (Germany),https://jmp2.uk/plu-5f1ac8a87cd38d000745d7cf.m3u8,网络源,https://images.pluto.tv/channels/5f1ac8a87cd38d000745d7cf/colorLogoPNG.png
Pluto TV Thrillers (Germany) GB,https://jmp2.uk/plu-5dbfedccc563080009b60f4a.m3u8,网络源,https://images.pluto.tv/channels/5f1ac8a87cd38d000745d7cf/colorLogoPNG.png
Pluto TV Thrillers (United States),https://jmp2.uk/plu-5b4e69e08291147bd04a9fd7.m3u8,网络源,https://i.imgur.com/ULKvDN7.png
Pluto TV Toons FR (720p),https://jmp2.uk/plu-5f8eba14a4ffb8000764e950.m3u8,网络源,https://images.pluto.tv/channels/6880aa28164eb4890282e803/colorLogoPNG_1760522020317.png
Pluto TV Toto,https://jmp2.uk/plu-65253f9881f942000833ccd5.m3u8,网络源,https://images.pluto.tv/channels/65253f9881f942000833ccd5/colorLogoPNG_1774617972809.png
Pluto TV Tough Jobs,https://jmp2.uk/plu-600acaff5f2d6e000745effb.m3u8,网络源,https://images.pluto.tv/channels/600acaff5f2d6e000745effb/colorLogoPNG.png
Pluto TV Trending Now,https://jmp2.uk/plu-673247127d5da5000817b4d6.m3u8,网络源,https://images.pluto.tv/channels/673247127d5da5000817b4d6/colorLogoPNG_1732662634386.png
Pluto TV True Crime (Germany),https://jmp2.uk/plu-615333098185f00008715a56.m3u8,网络源,https://images.pluto.tv/channels/615333098185f00008715a56/colorLogoPNG.png
Pluto TV True Crime (Germany) ES,https://jmp2.uk/plu-64a3f200f238ce0008d47247.m3u8,网络源,https://images.pluto.tv/channels/615333098185f00008715a56/colorLogoPNG.png
Pluto TV True Crime (Germany) IT,https://jmp2.uk/plu-66d9ab4bf0f17500084e9b7e.m3u8,网络源,https://images.pluto.tv/channels/615333098185f00008715a56/colorLogoPNG.png
Pluto TV True Crime (Sweden),https://jmp2.uk/plu-61c0b438244e50000758083b.m3u8,网络源,https://images.pluto.tv/channels/615333098185f00008715a56/colorLogoPNG.png
