频道名,地址,来源,图标
Legendarnyy 24,https://sevas.1tvcrimea.ru/legendarniy24.m3u8,网络源,https://i.imgur.com/z9t6x8B.png
Legislative Assembly of British Columbia,https://cdn3.wowza.com/5/YldIU1hsTlljRWZF/hbs-prim-house-httpo/HouseP.smil/playlist.m3u8,网络源,https://i.imgur.com/5QGxHhh.png
Legislative Assembly of British Columbia Committee A,https://cdn3.wowza.com/5/YldIU1hsTlljRWZF/hbs-prim-dougfir-httpo/DougFirP.smil/playlist.m3u8,网络源,
Legislative Assembly of El Salvador (1080p) [Not 24/7],https://streaming.asamblea.gob.sv/hls/plenariahd.m3u8,网络源,https://i.imgur.com/OBuiCyb.png
Legislative Assembly of Ontario,https://temp3.isilive.ca/live/_definst_/ontla/house-en/playlist.m3u8,网络源,https://i.imgur.com/n24MrsX.png
Legislative Assembly TV Nunavut,http://temp2.isilive.ca/live/nunavut/live-eng/index.m3u8,网络源,https://i.imgur.com/wY9WhYS.png
Lego Channel (1080p),https://dltiqboxjw21d.cloudfront.net/index.m3u8,网络源,https://i.imgur.com/xePwW13.png
LEGO Kids TV,https://jmp2.uk/plu-60fb01a24795a6000762fe83.m3u8,网络源,https://i.imgur.com/tMfEsVr.png
Leman Bleu (1080p),http://livevideo.infomaniak.com/streaming/livecast/naxoo/playlist.m3u8,网络源,https://i.imgur.com/6ijbSTr.png
Lemar TV (720p),https://tgn.bozztv.com/eshgtv-dvrfl05/gin-lemar/index.m3u8,网络源,https://upload.wikimedia.org/wikipedia/en/5/5b/Lemar_logo_2016.png
Lena TV [Not 24/7],https://5790d294af2dc.streamlock.net/lenaratv/lenaratv/playlist.m3u8,网络源,https://www.vivalivetv.com/public/files/shows/0/1/3232-294x165-FFFFFF.jpg
Lenca TV (720p) [Not 24/7],https://lencatelevision.com/hls/stream.m3u8,网络源,https://i.imgur.com/fc5IHSy.png
LenTV24,https://player.smotrim.ru/iframe/stream/live_id/3e95d201-f87d-4ac1-8897-db2c66bb9657,网络源,https://i.imgur.com/d02uxkB.png
LEO Middelse TV (480p),https://ms7.mx-cd.net/tv/238-2061506/Omroep_LEO_TV.smil/playlist.m3u8,网络源,https://i.imgur.com/wF3FFZv.png
Leomax 24 (1080p),https://tvshops.bonus-tv.ru/cdn/shop24/playlist.m3u8,网络源,https://i.imgur.com/qU9ohQu.png
Leominster TV Educational (720p),https://livestream.telvue.com/leominster2/f7b44cfafd5c52223d5498196c8a2e7b.sdp/playlist.m3u8,网络源,https://i.imgur.com/Cy94oLl.png
Leominster TV Government (720p),https://livestream.telvue.com/leominster3/f7b44cfafd5c52223d5498196c8a2e7b.sdp/playlist.m3u8,网络源,https://i.imgur.com/aHkRDQw.png
Leominster TV Public (720p) [Not 24/7],https://livestream.telvue.com/leominster1/f7b44cfafd5c52223d5498196c8a2e7b.sdp/playlist.m3u8,网络源,https://i.imgur.com/lTzoshf.png
Lepanto TV,https://fr.crystalweb.net:1936/lepantotv/lepantotv/playlist.m3u8,网络源,https://static-media.streema.com/media/cache/52/5e/525e3ae49d881cb702f2d4156b3c14a3.jpg
Les Annees fac,https://jmp2.uk/plu-60afae68a7fc50000737186d.m3u8,网络源,https://i.imgur.com/M1OjaB0.png
Les filles d'a cote,https://jmp2.uk/plu-60549d97cd7b090007c73314.m3u8,网络源,https://i.imgur.com/dxipSaQ.png
Les Nouveaux Detectives,https://jmp2.uk/plu-5f8edb6df1ebb800072edf10.m3u8,网络源,https://i.imgur.com/ego8ozn.png
Lex TV (720p),https://cdn3.wowza.com/5/M0lyamVmM2JWcjhQ/lfucg/G0264_005/playlist.m3u8,网络源,https://i.imgur.com/a36SPo6.png
LGD Television (720p),https://streamtv.intervenhosting.net:3403/hybrid/play.m3u8,网络源,https://i.imgur.com/a9E0DTY.jpeg
LGTV (1080p),https://livestream.telvue.com/lexmedia3/f7b44cfafd5c52223d5498196c8a2e7b.sdp/lexmedia3/stream1/playlist.m3u8,网络源,https://i.imgur.com/d5w2pT4.png
Liangshan TV [Not 24/7],http://118.122.2.29:9999/hls/47/index.m3u8,网络源,https://www.tvchinese.net/uploads/tv/liangshantv.jpg
Liaoning TV (1080p),http://39.134.39.37/PLTV/88888888/224/3221226209/index.m3u8,网络源,https://i.imgur.com/XRfeNTd.png
Libertas TV (1080p),https://stream.luci.xyz/hls/LTV.m3u8,网络源,https://i.imgur.com/4R4fhbd.png
Libya Al Wataniya (360p),https://cdn-globecast.akamaized.net/live/eds/libya_al_watanya/hls_roku/index.m3u8,网络源,https://i.imgur.com/KSUny9D.jpeg
Liceum TV (576p),http://193.225.32.62:8890/live.m3u8,网络源,https://i.imgur.com/Hf122ZD.png
Lider TV (Brazil) (720p),https://cdn-tiva-video08-logicahost-com-br.smartbit.co/lidertvssp/lidertvssp/playlist.m3u8,网络源,https://i0.wp.com/lidertv.com.br/wp-content/uploads/2024/11/cropped-cropped-LOGO-LIDER-EM-BAIXA.png?fit=512%2C228&ssl=1
Lider TV (Peru) (720p),https://chankillo.agenciastreaming.com/lidertv/index.m3u8,网络源,https://i.imgur.com/naZXUdR.jpeg
Lietuvos Rytas TV (1080p),https://live.lietuvosryto.tv/live/hls/eteris.m3u8,网络源,https://i.imgur.com/5wpxVI0.png
Life TV (Estonia) (432p) [Not 24/7],http://lifetv.bitflip.ee/live/stream1_1/index.m3u8,网络源,https://i.imgur.com/JhrTB82.png
Life TV (India) (720p),https://lifetv.livebox.co.in/lifetvhls/lifetv.m3u8,网络源,https://i.ibb.co/v1C0bdR/logo-1.png
Life TV (Turkiye) (720p) [Not 24/7],https://live.artidijitalmedya.com/artidijital_lifetv/lifetv/playlist.m3u8,网络源,https://i.imgur.com/lWeJxm0.png
Lifetime (720p),http://4.30.180.36:8420/lifetime/index.m3u8?token=test,网络源,https://upload.wikimedia.org/wikipedia/commons/thumb/9/9c/Logo_Lifetime_2020.svg/960px-Logo_Lifetime_2020.svg.png
Lifetime Asia (1080p),http://nmk.ioapk.com:5050/4gtv-live029/index.m3u8,网络源,https://upload.wikimedia.org/wikipedia/commons/thumb/9/9c/Logo_Lifetime_2020.svg/960px-Logo_Lifetime_2020.svg.png
Lifetime Latin America (1080p),http://138.121.15.230:9002/LIFETIME/index.m3u8,网络源,https://upload.wikimedia.org/wikipedia/commons/thumb/9/9c/Logo_Lifetime_2020.svg/960px-Logo_Lifetime_2020.svg.png
Lifetime Latin America Brazil (720p),http://170.83.16.50/LIFETIME/index.m3u8,网络源,https://upload.wikimedia.org/wikipedia/commons/thumb/9/9c/Logo_Lifetime_2020.svg/960px-Logo_Lifetime_2020.svg.png
Lifetime Movies (1080p),http://23.237.104.106:8080/USA_LMN/index.m3u8,网络源,https://i.imgur.com/BWmqYTO.png
LifeTv (1080p),https://lifetv.mpks.sk/s.m3u8,网络源,https://i.imgur.com/jO8kAY2.png
LifevisionTV (406p) [Not 24/7],https://tgn.bozztv.com/lifevision/lifevision/index.m3u8,网络源,
Light Channel (Bulgaria) (480p) [Not 24/7],https://streamer1.streamhost.org/salive/GMIlcbgM/playlist.m3u8,网络源,https://i.imgur.com/S3Fbf8T.png
Light Channel (Germany) (576p) [Not 24/7],http://streamer1.streamhost.org:1935/salive/lctvde/playlist.m3u8,网络源,https://i.imgur.com/0OmBlfE.png
Light Channel (Romania) (480p) [Not 24/7],http://streamer1.streamhost.org:1935/salive/GMIlcbgM/playlist.m3u8,网络源,https://i.imgur.com/S3Fbf8T.png
Lila TV Pencahue,https://tv.arkeo.cl:1936/radiolila/radiolila/playlist.m3u8,网络源,https://i.imgur.com/widaSu3.png
Limon TV (1080p) [Not 24/7],http://k4.usastreams.com/limontv1/limontv1/playlist.m3u8,网络源,https://i.ibb.co/rdpcv7C/1689421727166.jpg
Lindell TV (720p),https://rumble.com/live-hls/6v67mu/playlist.m3u8,网络源,https://ml.globenewswire.com/Resource/Download/93a3878f-0cee-4b51-b851-bd519049af8d
Line TV (720p) [Not 24/7],https://edge1.socialsmart.tv/linetv/bant1/playlist.m3u8,网络源,https://i.imgur.com/6GNp7f8.png
Lingkar TV,https://lingkartv.my.id/hls/lingkartv.m3u8,网络源,https://lingkartv.com/assets/img/logo-square.png
Linieros TV (480p) [Not 24/7],https://soportedvb.click:3017/live/linierostvlive.m3u8,网络源,https://i.imgur.com/bLutjkf.png
LINQ TV (480p),https://ms7.mx-cd.net/dtv-09/246-2090022/Linq_Media_TV.smil/playlist.m3u8,网络源,https://i.imgur.com/0DgP3vu.png
Lira TV,https://a928c0678d284da5b383f29ecc5dfeec.msvdn.net/live/S57315730/8kTBWibNteJA/playlist.m3u8,网络源,https://i.imgur.com/sC9ELuY.jpg
LiraTV (720p),https://cloud2.streaminglivehd.com:1936/liratv/liratv/playlist.m3u8,网络源,https://i.imgur.com/hBswXYZ.png
Litoral Atlantico HD (720p),https://cdn4.streamgato.us:3595/live/litoralhdlive.m3u8,网络源,https://i.imgur.com/UXsgEPX.png
Little Guyana TV (1080p),https://video1.getstreamhosting.com:1936/8122/8122/playlist.m3u8,网络源,https://i.imgur.com/b475xOT.jpg
Little Stars Universe,https://jmp2.uk/plu-51c75f7bb6f26ba1cd00002f.m3u8,网络源,https://i.imgur.com/RasrA0s.png
Littleton 8 TV (1080p),https://ch8.littletongov.org/live-2/live/live.m3u8,网络源,https://i.imgur.com/7Qxih9P.png
Littoral FM TV (720p),https://live.creacast.com/littoralfm-ch1/stream/playlist.m3u8,网络源,https://i.imgur.com/DCZKAQ1.png
Litus TV (720p) [Not 24/7],https://edge.enhdtv.com/litustv/index.m3u8,网络源,https://i.imgur.com/QIGSf4L.png
Liv (720p),https://live-fi.tvkaista.net/liv/live.m3u8?hd=true,网络源,https://i.imgur.com/k6NsXBj.png
Live99FM (1080p),https://media.streambrothers.com:1936/8014/8014/playlist.m3u8,网络源,https://i.imgur.com/U43UrQT.png
Live Music,https://jmp2.uk/plu-5873fc21cad696fb37aa9054.m3u8,网络源,https://images.pluto.tv/channels/5873fc21cad696fb37aa9054/colorLogoPNG.png
Live Times (720p),https://stream.ottlive.co.in/livetimetv/index.m3u8,网络源,https://www.livetimes.news/wp-content/uploads/2021/11/LT-logoConverted-01.png
LiveNOW from FOX (720p),https://fox-foxnewsnow-vizio.amagi.tv/playlist.m3u8,网络源,https://i.imgur.com/1JnyzHv.png
LIVExLIVE (1080p),https://livestream.liveone.com/lc1/p1.m3u8,网络源,https://i.imgur.com/KFzEoed.png
Living Asia Channel (1080p),https://cdn.vegasplus.us/vegas/lac/playlist.m3u8,网络源,https://i.imgur.com/q3UToRM.png
Living Faith TV (540p),https://cdn-unified-hls.streamspot.com/ingest1/0b5c0f18e9/playlist.m3u8?origin=1,网络源,https://i.imgur.com/FuNpesJ.png
Living India News (1080p),https://stream.ottlive.co.in/livingindia/index.m3u8,网络源,https://i.imgur.com/YikaJvd.png
LLBN His Light (720p),https://brightstar-hislight-pull-secure.akamaized.net/brightstarhislight/stream.m3u8,网络源,https://i.imgur.com/YkLZjRw.png
LLBN His Word (720p),https://brightstar-hisword-pull-secure.akamaized.net/brightstarhisword/stream.m3u8,网络源,https://i.imgur.com/GbyHlS2.png
LLBN TV Arabic (480p),https://brightstar-arabic-pull-secure.akamaized.net/brightstararabic/stream.m3u8,网络源,https://i.imgur.com/fbrQpC4.png
LLBN TV Chinese (480p),https://brightstar-chinese-pull-secure.akamaized.net/brightstarchinese/stream.m3u8,网络源,https://i.imgur.com/C0jUDMn.png
LLBN TV Korean (480p),https://brightstar-korean-pull-secure.akamaized.net/brightstarkorean/stream.m3u8,网络源,https://i.imgur.com/WsOfy19.png
LLBN TV Latino (480p),https://brightstar-latino-pull-secure.akamaized.net/brightstarlatino/stream.m3u8,网络源,https://i.imgur.com/WsOfy19.png
LLBN TV Romanian (480p),https://brightstar-romanian-pull-secure.akamaized.net/brightstarromanian/stream.m3u8,网络源,https://i.imgur.com/WsOfy19.png
LLBN TV South Asia (480p),https://brightstar-southasia-pull-secure.akamaized.net/brightstarsouthasia/stream.m3u8,网络源,https://i.imgur.com/WsOfy19.png
LM TV French (720p) [Not 24/7],https://video1.getstreamhosting.com:1936/8282/8282/playlist.m3u8,网络源,https://i.imgur.com/FVnq2cQ.png
LN24SA (1080p),https://cdnstack.internetmultimediaonline.org/ln24/ln24.stream/playlist.m3u8,网络源,https://i.imgur.com/Hg5YTwu.png
LN247 (1080p),https://go5lmb6oyawb-hls-live.5centscdn.com/station/3dfd3752af3d7aec5c53992c2da3a316.sdp/playlist.m3u8,网络源,https://i.imgur.com/s6PUehQ.jpg
Loading (720p),https://stmv1.srvif.com/loadingtv/loadingtv/playlist.m3u8,网络源,https://i.imgur.com/R0aflu1.png
Lobo TV (720p),https://5ca3e84a76d30.streamlock.net/tvlobo/videotvlobo/playlist.m3u8,网络源,https://i.imgur.com/3fA50RJ.png
Localish (1080p),https://dnmfq3sh1jipj.cloudfront.net/DisneyLocalish.m3u8,网络源,https://i.imgur.com/ACEbGD5.png
LOE TV (720p),https://58c04fb1d143f.streamlock.net/loemedia/loemedia/playlist.m3u8,网络源,https://i.imgur.com/8i6OwaS.png
Logo Pluto TV,https://jmp2.uk/plu-5ce5a8954311f992edbe1da2.m3u8,网络源,https://i.imgur.com/GtNgJ28.png
Logos TV (Spain) (1080p) [Not 24/7],https://streamer1.streamhost.org/salive/logosH/master.m3u8,网络源,https://i.imgur.com/Kr3U3Ub.png
Logos TV (United States) (1080p) [Not 24/7],https://5a8308add0b31.streamlock.net/logoschannel.com/logostv.smil/playlist.m3u8,网络源,https://i.imgur.com/h8DioXU.png
Logos TV English (1080p) [Not 24/7],https://5aafcc5de91f1.streamlock.net/logoschannel.com/logoseng/playlist.m3u8,网络源,https://i.imgur.com/LDfEK81.png
Logos TV Estudio (720p) [Not 24/7],https://streamer1.streamhost.org/salive/logosdirectaH/playlist.m3u8,网络源,https://i.imgur.com/qkHrttj.png
Logos TV Kids (720p) [Not 24/7],https://streamer1.streamhost.org/salive/logoskidsH/playlist.m3u8,网络源,https://i.imgur.com/Kr3U3Ub.png
Logos TV Salud (720p) [Not 24/7],https://streamer1.streamhost.org/salive/logossaludH/playlist.m3u8,网络源,https://i.imgur.com/qkHrttj.png
Lokale Omroep Zeewolde (720p),https://5e2b3e3114872.streamlock.net:1443/lozlive/smil:lozlive/playlist.m3u8,网络源,https://i.imgur.com/Dw4u9wT.png
Lokshahi News (576p),https://mumt05.tangotv.in/87NeALx2LOKSAAHI/index.m3u8,网络源,https://xstreamcp-assets-msp.streamready.in/assets/LIVETV/LIVECHANNEL/LIVETV_LIVETVCHANNEL_LOKSHAHI/images/LOGO_HD/image.png
Lollywood HD TV,https://stream.berosat.live/hls/lollywood-hd/lollywood-hd.m3u8,网络源,https://i.imgur.com/fQhrsdr.png
Lolwe TV (576p) [Not 24/7],https://goliveafrica.media:9998/live/62580e144eb43/index.m3u8,网络源,https://i.imgur.com/tjZ1cOP.png
Lombardia TV,https://5db313b643fd8.streamlock.net/lmbiatv/lmbiatv/playlist.m3u8,网络源,https://i.imgur.com/frVhm9q.png
LON TV (720p),https://streamingserver02.omroepnuenen.nl/lon/lonweb/chunklist_w1463772894.m3u8,网络源,https://i.imgur.com/bH4XSGw.png
Lone Star (1080p),https://lonestar-rakuten.amagi.tv/playlist.m3u8,网络源,https://xstreamcp-assets-msp.streamready.in/assets/DISTROTV/LIVECHANNEL/666988e3bac4421ebc533621/images/logo_20231219_215208_70.png
Lone Star Poland (720p),https://6b88cde9.wurl.com/master/f36d25e7e52f1ba8d7e56eb859c636563214f541/UmFrdXRlblRWLWV1X0xvbmVTdGFyX0hMUw/playlist.m3u8,网络源,https://xstreamcp-assets-msp.streamready.in/assets/DISTROTV/LIVECHANNEL/666988e3bac4421ebc533621/images/logo_20231219_215208_70.png
Look Thoong TV (720p) [Not 24/7],https://livefta.malimarcdn.com/ftaedge00/lookthoongtv.sdp/playlist.m3u8,网络源,https://i.imgur.com/eT7iE34.png
Loreto TV (720p),https://loretotv.moxapps.shop/live/QFM7KYOlxWd47ybXB3Z1u2P13Py1/index.m3u8,网络源,https://i.imgur.com/3qGSAT3.png
Los Angeles TV Radio,https://stmv6.voxtvhd.com.br/losangeles/losangeles/playlist.m3u8,网络源,https://i.imgur.com/CaNdkpJ.jpeg
Los archivos del FBI,https://jmp2.uk/plu-5f1acbed25948a0007ffbe65.m3u8,网络源,https://i.imgur.com/eDCdJO2.png
Los Asesinatos de Midsomer,https://jmp2.uk/plu-5f1aca8310a30e00074fab92.m3u8,网络源,https://i.imgur.com/JIbupT1.png
LotPlus TV (720p),https://ontvcable.streamottmas.workers.dev/ontvcable.m3u8,网络源,https://i.imgur.com/gBbCDCL.png
Lotte Home Shopping (720p),https://pchlslivesw.lotteimall.com/live/livestream/lotteimalllive_mp4.m3u8,网络源,https://i.imgur.com/dJeNehc.png
Lotte OneTV (720p),https://onetvhlslive.lotteimall.com/lotteonetvlive/lotteonetvlive.mp4.m3u8,网络源,https://i.imgur.com/bXe7tYE.png
Louga TV (480p),https://stream.sen-gt.com/Mbacke/myStream/playlist.m3u8,网络源,https://i.ibb.co/xXZ5kFy/unnamed.jpg
Louis La Brocante,https://jmp2.uk/plu-5f8ed6d569d2d4000864a976.m3u8,网络源,https://i.imgur.com/I1w7rFb.png
Love & Hip Hop,https://jmp2.uk/plu-5d51ddf0369acdb278dfb05e.m3u8,网络源,https://i.imgur.com/rhGyebf.png
Love Nature (1080p),https://aegis-cloudfront-1.tubi.video/6d6d0f24-8445-4b4c-bdf6-44f9e38beaa4/playlist.m3u8,网络源,https://tv.lovenature.com/wp-content/uploads/2024/10/LoveNature2024_Logo_full_colour-copy.png
Love Nature 4K (2160p) [Geo-blocked],https://pb-ehs1glsha1juy.akamaized.net/Love_Nature_4K.m3u8,网络源,https://tv.lovenature.com/wp-content/uploads/2024/10/LoveNature2024_Logo_full_colour-copy.png
Love Nature HD (1080p),https://mumbai-edge.smartplaytv.in/LoveNature/index.m3u8,网络源,https://tv.lovenature.com/wp-content/uploads/2024/10/LoveNature2024_Logo_full_colour-copy.png
Love Nature en Espanol (1080p) [Geo-blocked],https://amg01515-amg01515c17-xumo-us-2489.playouts.now.amagi.tv/bamus-lovenaturespanish-roku/playlist.m3u8,网络源,https://i.imgur.com/7uNdcWB.png
Love Pets (1080p),https://amg01576-blueskyeenterta-lovepetsemea-samsungse-ctamh.amagi.tv/playlist/amg01576-blueskyeenterta-lovepetsemea-samsungse/playlist.m3u8,网络源,https://lovepetstv.com/wp-content/uploads/2022/12/LovePets_Logo_SecondaryColor.png
Love The Planet (1080p),https://amg01821-lovetvchannels-lovetheplanetuksamsung-samsunguk-apopw.amagi.tv/playlist/amg01821-lovetvchannels-lovetheplanetuksamsung-samsunguk/playlist.m3u8,网络源,https://i.imgur.com/RBcD49X.png
Love The Planet DE (1080p) [Geo-blocked],https://amg01821-amg01821c12-rlaxx-gb-10461.playouts.now.amagi.tv/playlist.m3u8,网络源,https://i.imgur.com/RBcD49X.png
Love The Planet ES (1080p) [Geo-blocked],https://amg01821-lovetv-amg01821c9-rlaxx-gb-10458.playouts.now.amagi.tv/playlist.m3u8,网络源,https://i.imgur.com/RBcD49X.png
Love The Planet IT (1080p) [Geo-blocked],https://amg01821-amg01821c11-rlaxx-gb-10459.playouts.now.amagi.tv/playlist.m3u8,网络源,https://i.imgur.com/RBcD49X.png
Love TV (1080p) [Not 24/7],https://stream.nasatv.com.mk/lovetv/hls/lovetv_live.m3u8,网络源,https://i.imgur.com/B8iaejQ.png
Loverseny kozvetites (420p),http://87.229.103.60:1935/liverelay/loverseny2.sdp/playlist.m3u8,网络源,https://i.imgur.com/IGajR6G.png
LoveWorld Arabic (360p),https://go5lm6a6dawb-hls-live.5centscdn.com/lwarabic/53132d996b4263ec0d7b602292c46eaf.sdp/playlist.m3u8,网络源,https://i.imgur.com/KYMjRjK.png
LoveWorld Persia (720p),https://cdn3.wowza.com/5/aVJETlF0UFdmYTFu/LWPP/ngrp:persia.stream_all/playlist.m3u8,网络源,https://i.imgur.com/Vd2xPxh.png
LoveWorld UK (1080p) [Not 24/7],https://cdn3.wowza.com/5/L1Uzd2FrbVlLRG1W/live/smil:lwukweb.smil/playlist.m3u8,网络源,https://i.imgur.com/JgHbDmF.png
LoveWorld USA (720p),https://cdn3.wowza.com/5/RGtVZkFxL3FOQkxX/LWU/ngrp:lwu.stream_all/playlist.m3u8,网络源,
LoveworldSAT (1080p),https://cdnstack.internetmultimediaonline.org/lwsat/lwsat.stream/index.m3u8,网络源,https://i.imgur.com/Fg65XCS.png
LRT Klasika (1080p),https://stream-live.lrt.lt/klasika/master.m3u8,网络源,https://i.imgur.com/Fa8Vhu0.png
LRT Lituanica (1080p) [Geo-blocked],https://stream-live.lrt.lt/lituanica/master.m3u8,网络源,https://upload.wikimedia.org/wikipedia/commons/thumb/d/d2/LRT_Lituanica_Logo_2022.svg/960px-LRT_Lituanica_Logo_2022.svg.png
LRT Opus (1080p),https://stream-live.lrt.lt/opus/master.m3u8,网络源,https://i.imgur.com/oLuZTMH.png
LRT Plius (1080p),http://stream.mcquack.net/353/index.m3u8,网络源,https://upload.wikimedia.org/wikipedia/commons/thumb/6/61/LRT_Plius_Logo_2022.svg/960px-LRT_Plius_Logo_2022.svg.png
LRT Radijas (1080p),https://stream-live.lrt.lt/radijas/master.m3u8,网络源,https://i.imgur.com/gYoaqju.png
LS TV (480p),https://livefta.malimarcdn.com/ftaedge00/laostv.sdp/playlist.m3u8,网络源,https://i.imgur.com/fs3dQ6J.png
LTN Family SD (576p),http://103.250.28.74:8000/play/a02j/index.m3u8,网络源,https://i.imgur.com/n4CenYn.png
LTV (Chile) (2160p) [Not 24/7],https://live.cdnlivecdn.com/live/c9fe062eed2978749aa00df6485940d298449f5e.m3u8,网络源,https://i.imgur.com/XHs06BX.png
LTV (Honduras) (720p) [Not 24/7],https://5e85d90130e77.streamlock.net/6022/6022/playlist.m3u8,网络源,https://i.imgur.com/KBYUOcP.png
Lucky Dog (720p),https://d3j95sejv6mybj.cloudfront.net/Lucky_Dog.m3u8,网络源,https://i.imgur.com/1j4gwL3.png
Lugansk 24,https://streaming.televizor-24-tochka.ru/live/29.m3u8,网络源,https://i.imgur.com/AihoVc0.png
Luksusfaelden,https://jmp2.uk/plu-61c19b7785706b00072d421a.m3u8,网络源,https://images.pluto.tv/channels/61c19b7785706b00072d421a/colorLogoPNG.png
Luksusfellen,https://jmp2.uk/plu-61c1e060197fe600073c1ffb.m3u8,网络源,https://images.pluto.tv/channels/61c1e060197fe600073c1ffb/colorLogoPNG.png
Luksusfellen Sverige,https://jmp2.uk/plu-61c1e0f1d6d97900076ea16f.m3u8,网络源,https://images.pluto.tv/channels/61c1e0f1d6d97900076ea16f/colorLogoPNG.png
Luna TV Canal 53 (720p),https://tv.wracanal10.com:3671/live/lunatvcanal53live.m3u8,网络源,https://i.imgur.com/EvX5aqI.png
Luxe TV (1080p),http://103.154.3.101:5001/live/1736.m3u8,网络源,https://i.imgur.com/24ehonx.png
Luyaa TV (480p) [Not 24/7],https://goliveafrica.media:9998/live/659e7c6432815/index.m3u8,网络源,https://i.imgur.com/bnq7DNt.jpg
Luys TV (1080p),https://b01c02nl.mediatriple.net/videoonlylive/mtpayqrfkgirxelive/broadcast_5e91c5ac96898.smil/playlist.m3u8,网络源,https://i.imgur.com/9EruWIQ.png
Luz Divina TV [Not 24/7],https://tv.wracanal10.com:3776/live/luzdivinatvlive.m3u8,网络源,https://imgur.com/BHZw3PK.jpeg
Luz Naciente TV,https://streeming.protoscr.com:3858/live/streeminglive.m3u8,网络源,https://i.imgur.com/GC2lubh.png
Lyxfallan,https://jmp2.uk/plu-61c18f62f5acaf0007f83135.m3u8,网络源,https://images.pluto.tv/channels/61c18f62f5acaf0007f83135/colorLogoPNG.png
Lyxfallan Danmark,https://jmp2.uk/plu-61c19165decece0007e9b2f3.m3u8,网络源,https://images.pluto.tv/channels/61c19165decece0007e9b2f3/colorLogoPNG.png
Lyxfallan Norge,https://jmp2.uk/plu-67f7d328efc5473b6b4ac5f4.m3u8,网络源,https://images.pluto.tv/channels/67f7d328efc5473b6b4ac5f4/colorLogoPNG_1745915912635.png
M2 (Hungary) (1080p),http://88.212.15.19/live/m2_hun/index.m3u8,网络源,https://i.imgur.com/B0nYT0l.png
m2o TV (1080p),https://4c4b867c89244861ac216426883d1ad0.msvdn.net/live/S62628868/uhdWBlkC1AoO/playlist.m3u8,网络源,https://upload.wikimedia.org/wikipedia/commons/thumb/3/34/Radio_m2o_-_Logo_2019.svg/500px-Radio_m2o_-_Logo_2019.svg.png
M5 (1080p),http://88.212.15.19/live/test_m_5_hun_atk_1200/playlist.m3u8,网络源,https://i.imgur.com/y21wFd0.png
M6 Music (720p),http://145.239.5.177/320/index.m3u8,网络源,https://upload.wikimedia.org/wikipedia/en/c/c9/M6_Music_%282012%29.png
M95 Television Marbella (1080p) [Not 24/7],https://limited2.todostreaming.es/live/m95-livestream.m3u8,网络源,https://i.imgur.com/RzAkP1V.png
M Entertainment Channel (720p),https://mmtvs.exliatycl.online/mchannel/stream.m3u8,网络源,https://i.imgur.com/6PcdTZ2.png
M News (1080p),https://cdn.rabta.stream/M-News/index.m3u8,网络源,https://mnews.pk/wp-content/uploads/2025/10/mnews-logo-news.png
M Sports (1080p),https://cdn.rabta.stream/M-Sports/index.m3u8,网络源,https://msports.pk/wp-content/uploads/2026/02/m-sports-300.png
M-1 (480p),https://m-1.data.lt/m-1/smil:m-1.smil/playlist.m3u8,网络源,https://i.ibb.co/gb4NmNHT/M1-2025.png
M-Net HD (720p),http://ares.mnet.mk/hls/mnet.m3u8,网络源,https://i.imgur.com/HDYqWuR.png
M-Net Info,https://live.mnet.mk/hls/mnet-info.m3u8,网络源,https://i.ibb.co/0fnY2cj/IMG-20230419-161527.jpg
M-Net Kids (720p),http://ares.mnet.mk/hls/mnet-kids.m3u8,网络源,https://i.imgur.com/SbKkpuH.png
M-Net Sport (720p),http://ares.mnet.mk/hls/mnet-sport.m3u8,网络源,https://i.imgur.com/7k8ar1Z.png
Ma'an TV (720p),https://htvmada.mada.ps:4443/maannews/index.m3u8,网络源,https://i.imgur.com/hRFa03k.png
Maah TV (720p),https://hls.maahtv.live/hls/stream.m3u8,网络源,https://i.imgur.com/FkyueH6.png
Maasranga TV (720p),http://tvsen5.aynascope.net/maasrangatv/index.m3u8,网络源,https://i.imgur.com/uVZJMed.png
MacGyver (Germany),https://jmp2.uk/plu-6245ccd0c6cdb800074632e4.m3u8,网络源,https://images.pluto.tv/channels/6245ccd0c6cdb800074632e4/colorLogoPNG.png
MacGyver (Germany) GB,https://jmp2.uk/plu-68503d585965a2fd49fc2f0b.m3u8,网络源,https://images.pluto.tv/channels/6245ccd0c6cdb800074632e4/colorLogoPNG.png
MacGyver (Sweden),https://jmp2.uk/plu-63a19eceb3d0eb0007439c34.m3u8,网络源,https://images.pluto.tv/channels/654a59742c1d33000865a797/colorLogoPNG.png
MacGyver (Sweden) DK,https://jmp2.uk/plu-654a59742c1d33000865a797.m3u8,网络源,https://images.pluto.tv/channels/654a59742c1d33000865a797/colorLogoPNG.png
MacGyver (Sweden) NO,https://jmp2.uk/plu-654a59d483595c0008187514.m3u8,网络源,https://images.pluto.tv/channels/654a59742c1d33000865a797/colorLogoPNG.png
MacGyver (United States),https://jmp2.uk/plu-63eb9dc84e83e70008abea92.m3u8,网络源,https://images.pluto.tv/channels/63eb9dc84e83e70008abea92/colorLogoPNG.png
MacGyver (United States) LatAm,https://jmp2.uk/plu-63eb95baa99571000898a078.m3u8,网络源,https://images.pluto.tv/channels/63eb9dc84e83e70008abea92/colorLogoPNG.png
Mad Dog and Merrill (540p) [Not 24/7],https://rpn.bozztv.com/gusa/gusa-mwg/index.m3u8,网络源,https://i.imgur.com/5QQy3aW.png
Madani Channel Bangla (1080p),https://streaming.madanichannel.tv/static/streaming-playlists/hls/d3e49b76-ac06-4689-a641-9200445b647f/master.m3u8,网络源,https://i.imgur.com/vIJTVia.png
Madani Channel English (720p),http://tvsen7.aynascope.net/MadaniTV/index.m3u8,网络源,https://i.imgur.com/Abi9j0A.png
Madani Channel Urdu (720p),https://streaming.madanichannel.tv/static/streaming-playlists/hls/b9790f10-cb0d-4e30-82bf-84a756234e58/master.m3u8,网络源,https://i.imgur.com/MitLeCJ.png
Madani TV (720p),https://stream.asianastream.com/madani/madanitv.smil/playlist.m3u8,网络源,https://i.imgur.com/8aonQ0v.png
Madaniyat va ma'rifat (576p),https://stream8.cinerama.uz/1005/tracks-v1a1/playlist.m3u8,网络源,https://i.imgur.com/eeNLXCP.png
Made In Hollywood,https://connection3-ent-nz.samsung.wurl.tv/playlist.m3u8,网络源,https://i.imgur.com/p16HNIM.png
MadeinBO TV (1080p),https://srvx1.selftv.video/dmchannel/live/playlist.m3u8,网络源,https://i.imgur.com/47X44DD.png
Madha TV (576p),https://mumt07.tangotv.in/zHjX9OFlMADHATV/index.m3u8,网络源,https://dtil.tmsimg.com/assets/s143287_ld_h15_aa.png?lock=720x540
Madhimugam TV (576p),https://mumt01.tangotv.in/O5aw8Zn3MATHIMUGAMTV/index.m3u8,网络源,https://jiotvimages.cdn.jio.com/dare_images/images/Madhimugam_TV.png
Madras FM TV (1080p),https://edge12.vedge.infomaniak.com/livecast/ik:madrasfmtv/manifest.m3u8,网络源,https://i.imgur.com/spGg1CZ.png
Maestrat TV (1080p),https://stream.maestrat.tv/hls/stream.m3u8,网络源,https://i.imgur.com/9gOS1ts.png
Maestro (576p),http://str2.iptvhd.ru:8080/maestro/index.m3u8,网络源,https://i.imgur.com/nUz1VRv.png
MagellanTV Now (1080p),https://amg00376-magellan-amg00376c5-samsung-au-1708.playouts.now.amagi.tv/playlist/amg00376-magellantv-magellantvnowww-samsungau/playlist.m3u8,网络源,https://i.imgur.com/gEraSp5.png
MagentaMusik 360 (1080p),https://streaming.magentamusik.de/csm/573870/magentamusik1/index.m3u8,网络源,https://i.imgur.com/R74gG7U.png
Magic PowerRadio (288p) [Not 24/7],https://server-23.stream-server.nl:1936/Magic-PowerRadio/Magic-PowerRadio/playlist.m3u8,网络源,https://i.imgur.com/sWcwIte.png
Magic TV (Bulgaria) (720p),https://bss1.neterra.tv/magictv/magictv.m3u8,网络源,https://i.imgur.com/n7bcrrp.png
Magic TV (Romania) (720p),https://tv.broadcasting.ro/magictv/925f90db-5c88-4190-a53d-5163cdffe6f4.m3u8,网络源,https://i.imgur.com/9izrr4d.png
Magna Channel (1080p) [Not 24/7],https://edge.medcom.id/live-edge/smil:magna.smil/playlist.m3u8,网络源,https://i.imgur.com/tfJo0SO.png
Magnat (1080p),https://s1.tv-nano.com/Magnat_HD_5119705/video.m3u8,网络源,https://i.imgur.com/r485aZL.png
Magnavision TV (720p),https://manatv.akamaized.net/120723/smil:magnavision.smil/playlist.m3u8,网络源,https://i.imgur.com/mUHixbi.png
Magnificent Movies Network,https://mmn1-301f.kxcdn.com/hls/MMN-HLS.m3u8,网络源,https://i.imgur.com/CXjo8kn.png
Maha Movie (576p),https://cdn.pishow.tv/ott/live/10007/master.m3u8,网络源,https://jiotvimages.cdn.jio.com/dare_images/images/Maha_Movies.png
Maha Punjabi,https://cdn.pishow.tv/ott/live/1521/master.m3u8,网络源,https://i.imgur.com/AWUcSb8.png
Mahaa Bhakti (1080p),https://mumbai-edge.smartplaytv.in/MahaBhakthi/index.m3u8,网络源,https://yt3.googleusercontent.com/OWECRvCVJh-dXU2MTRZhMRIDvFvcWan0YMoWWfXsM5_WEHobQy2QoHQbGr7AZUXzMOByTMAXbg=s900-c-k-c0x00ffffff-no-rj
Mahaa Max (1080p),https://mumbai-edge.smartplaytv.in/MahaMax/index.m3u8,网络源,https://objectstorage.ap-mumbai-1.oraclecloud.com/p/7Eg7LPw1gBcncVDrfwf__7yyrg13awaU6DmMk4gutavGYZgoAuAziv8e0aSEdU4G/n/bmaqqlwez184/b/GTPL_CHANNEL_LOGO/o/gtpl/MAHAA+MAX+LOGO.png
Mahaa News (1080p),https://mumbai-edge.smartplaytv.in/MahaNews/index.m3u8,网络源,https://i.imgur.com/buT76vR.png
Mahaasin TV,https://mahaasintv.livebox.co.in/mahaasintvhls/mahaasintv.m3u8,网络源,https://i.imgur.com/wdfdKvC.png
Mahabad TV,https://ncdn.telewebion.ir/mahabad/live/playlist.m3u8,网络源,https://upload.wikimedia.org/wikipedia/fa/c/cb/Mahabad_tv.png
Mahalla (576p),https://stream8.cinerama.uz/1013/tracks-v1a1/playlist.m3u8,网络源,https://i.imgur.com/GtABiJI.png
Mahimai TV (576p),https://mahimai.iptelevision.live/mahimaitv/video.m3u8,网络源,https://mahimaitv.com/images/mahimaitamil.png
Maidan (720p),https://live-maidantv.cdnvideo.ru/maidantv/maidantv.smil/playlist.m3u8,网络源,https://i.imgur.com/C8CCjZK.png
Maimon TV Canal 3 (720p) [Not 24/7],https://tele-stream.telecasa.net/live/st3/maimontv-hd/index.m3u8,网络源,https://i.imgur.com/twldaaC.png
Maincast Cybersport (1080p),http://stream.mcquack.net/487/index.m3u8,网络源,https://upload.wikimedia.org/wikipedia/commons/5/57/Maincast_%28HD_Logo%29_2024.png
Maincast Sport (1080p),http://stream.mcquack.net/490/index.m3u8,网络源,https://upload.wikimedia.org/wikipedia/commons/5/57/Maincast_%28HD_Logo%29_2024.png
Majestad Television (720p),https://videoserver.tmcreativos.com:19360/majestadtv/majestadtv.m3u8,网络源,https://i.imgur.com/d1GWRnm.png
Majestad TV (480p) [Not 24/7],https://livetv.305streamhd.com:3667/live/majestadtvlive.m3u8,网络源,https://i.imgur.com/BJhrvtL.png
Majid Al Mohandis (1080p),https://shd-amg-fast.edgenextcdn.net/tx019/playlist.m3u8,网络源,https://i.discogs.com/Fk9Bm8gTYJYeVXIJKX-EOGmYQ90sVQPtkIW5ZK4fydo/rs:fit/g:sm/q:90/h:372/w:412/czM6Ly9kaXNjb2dz/LWRhdGFiYXNlLWlt/YWdlcy9MLTE2OTY4/MzMtMTU2ODk0NjI5/MC01Njk2LmpwZWc.jpeg
Makan 33 (1080p),https://kancdn.medonecdn.net/livehls/oil/kancdn-live/live/makan/live.livx/playlist.m3u8,网络源,https://i.imgur.com/RVtQTed.png
Makao TV (1080i),https://live.obslivestream.com/makaomux/index.m3u8,网络源,https://i.imgur.com/asD5y7i.png
Makina TV (720p) [Not 24/7],https://vdopanel.jlahozconsulting.com:3303/live/makinalive.m3u8,网络源,https://www.vivalivetv.com/public/files/shows/0/1/2951-294x165-FFFFFF.jpg
Makkah TV (576p),https://media2.streambrothers.com:1936/8122/8122/playlist.m3u8,网络源,https://i.ibb.co/r2k71w5N/download.png
Makkal TV (576i),https://5k8q87azdy4v-hls-live.wmncdn.net/MAKKAL/271ddf829afeece44d8732757fba1a66.sdp/playlist.m3u8,网络源,https://xstreamcp-assets-msp.streamready.in/assets/LIVETV/LIVECHANNEL/LIVETV_LIVETVCHANNEL_MAKKAL_TV/images/LOGO_HD/image.png
Makoi Varosi Televizio (576p),http://makomedia.mikrohalo.hu/hls/makotv.m3u8,网络源,https://i.imgur.com/PF3BP4X.png
Makon TV (576i),https://stream8.cinerama.uz/1497/tracks-v1a1/mono.m3u8,网络源,https://i.imgur.com/vCc0ED1.png
Malai Murasu TV (576p),https://streams.tangotv.in/MALAIMURASUSEITHIGAL/ORIGIN/index.m3u8,网络源,https://i.imgur.com/OC5TQxp.png
Maldives TV (720p),https://lana.psm.mv/live/mtv.m3u8,网络源,https://i.imgur.com/Zl2FmFC.png
MaLive (1080p),https://live.salto.nl/hls/malive_high.m3u8,网络源,https://i.imgur.com/0Vzg2OR.png
Mama (576p),http://stream.mcquack.net/79/index.m3u8,网络源,https://i.imgur.com/kmMIjjf.png
Man with a Plan,https://jmp2.uk/plu-6825efbb9eed174f7ffbe5b0.m3u8,网络源,https://images.pluto.tv/channels/678f88bb272ded16b1558c5e/colorLogoPNG.png
Man with a Plan DK,https://jmp2.uk/plu-678f88bb272ded16b1558c5e.m3u8,网络源,https://images.pluto.tv/channels/678f88bb272ded16b1558c5e/colorLogoPNG.png
Man with a Plan NO,https://jmp2.uk/plu-6825eeeeb19ce6d4a34ebb2a.m3u8,网络源,https://images.pluto.tv/channels/678f88bb272ded16b1558c5e/colorLogoPNG.png
Mana Church Online (1080p) [Not 24/7],https://w2.manasat.com/church-online/smil:church-online.smil/playlist.m3u8,网络源,https://i.imgur.com/FRDJSim.png
Mana Cirkev Online (1080p) [Not 24/7],https://w2.manasat.com/cirkev-online/smil:cirkev-online.smil/playlist.m3u8,网络源,https://i.imgur.com/tYhXeRq.png
Mana Eglise Online (1080p) [Not 24/7],https://w2.manasat.com/eglise-online/smil:eglise-online.smil/playlist.m3u8,网络源,https://i.imgur.com/xQYly8O.png
Mana Iglesia Online (1080p) [Not 24/7],https://w2.manasat.com/iglesia-online/smil:iglesia-online.smil/playlist.m3u8,网络源,https://i.imgur.com/0IUvfcJ.png
Mana Igreja Online (1080p) [Not 24/7],https://w1.manasat.com/igrejaonline/smil:igrejaonline.smil/playlist.m3u8,网络源,https://i.imgur.com/0IUvfcJ.png
Mana Tserkov' Onlayn (1080p) [Not 24/7],https://w2.manasat.com/tserkov-online/smil:tserkov-online.smil/playlist.m3u8,网络源,https://i.imgur.com/PruXLqS.png
Manaclar Television [Not 24/7],https://5790d294af2dc.streamlock.net/manaclar/manaclar/playlist.m3u8,网络源,https://www.vivalivetv.com/public/files/shows/0/1/3445-294x165-FFFFFF.jpg
Manas TV (1080p),http://212.42.111.152:8080/hls/manas.m3u8,网络源,https://i.ibb.co/2Kvcj5Q/manas.jpg
Manavision (480p),https://play.once.net.ec/play/Ily2oYdd3E1fi9wK2zORoRovFU9P5xM0g3CNVK2MT0M/.m3u8,网络源,https://i.imgur.com/mZkW342.png
Mango (India) (576p),https://stmv6.voxtvhd.com.br/cinehindi/cinehindi/playlist.m3u8,网络源,https://i.imgur.com/neZm4CY.png
Mango (Poland) (1080p) [Geo-blocked],https://lb2.pluscdn.pl/ch/1580235/3496/hls/a149fc4b/masterlist.m3u8,网络源,https://upload.wikimedia.org/wikipedia/commons/7/73/NewLogoMango.svg
Mango Mobile TV (1080p),https://amg01911-mangotv-amg01911c1-xiaomi-in-1270.playouts.now.amagi.tv/playlist/amg01911-mangomassmedia-mangotv-xiaomiin/playlist.m3u8,网络源,https://dvvlqr1rtlak3.cloudfront.net/Mango/MANGOTVLOGO.jpg
Mangorn (720p),http://49.0.87.24:1936/HDDragon/Dragon/playlist.m3u8,网络源,
Mangystay (540p) [Not 24/7],https://stream.kaztrk.kz/regional/mangystautv/index.m3u8,网络源,https://i.imgur.com/9JfLseu.png
Maniel TV (720p) [Not 24/7],https://mp.panelchs.com/hls/8024/8024.m3u8,网络源,https://www.vivalivetv.com/public/files/shows/0/1/4060-294x165-FFFFFF.jpg
Manorama News (1080p),https://mmtvnews1.akamaized.net/v1/master/673630b269b766886555eebfddd4f27f3de3ab50/mmtvNewsCampaign1/index.m3u8,网络源,https://i.imgur.com/adjRrVx.png
Manoranjan Grand (720p),https://cdn.pishow.tv/ott/live/1011/master.m3u8,网络源,https://dtil.tmsimg.com/assets/s143302_ld_h15_aa.png?lock=720x540
Manoranjan Movies (576p),https://mumt04.tangotv.in/m18aqlK4MANORANJANMOVIES/index.m3u8,网络源,https://dtil.tmsimg.com/assets/s143303_ld_h15_aa.png?lock=720x540
Manoranjan Prime (576p),https://mumt06.tangotv.in/qYyB8fXVMANORANJANPRIME/index.m3u8,网络源,https://blogger.googleusercontent.com/img/b/R29vZ2xl/AVvXsEjrGNUi4TMw8UslbIJF1ja-NrA1Ps656h9cxrj6aTfl3Cm-_C2gxtBBAKz-fLdPk7rJ0YrXfNvcQaBSDFTUdPgSYt8sBA0xn4aSMPnl-J2hiKa7P3Ybjd3BlE3XjoAJ0d7HNvhy8mZFDbf1JfAdMVBpdnPBuim3y3x0zMw1D3ryOw3NCoOsPA5fMMplPbU/s500/manoranjan-prime-tv-schedule-on-dd-freedish.jpg
Manoranjan TV (720p),https://cdn.pishow.tv/ott/live/1013/master.m3u8,网络源,https://xstreamcp-assets-msp.streamready.in/assets/LIVETV/LIVECHANNEL/LIVETV_LIVETVCHANNEL_MANORANJAN_TV/images/LOGO_HD/image.png
Manoto,https://ca-rt.onetv.app/manototv/index-0.m3u8?token=onetv202,网络源,https://i.imgur.com/8wE1Lbp.png
Mantavya News (576p),https://d1msejlow1t3l4.cloudfront.net/fta/mantavya/playlist.m3u8,网络源,https://jiotvimages.cdn.jio.com/dare_images/images/Mantavya_News.png
Manu Chat,https://vmi747311.contaboserver.net/hls/livetv.m3u8,网络源,https://i.imgur.com/voyoljW.png
Maqui TV,https://streamyes.alsolnet.com/maquiradio/live/playlist.m3u8,网络源,https://i.imgur.com/U849xvX.png
Maray TV,https://5eaccbab48461.streamlock.net:1936/8242/ngrp:8242_all/playlist.m3u8,网络源,https://i.imgur.com/YinMA8c.png
Maraya (1080p),https://shd-amg-fast.edgenextcdn.net/tx008/playlist.m3u8,网络源,https://shahid.mbc.net/mediaObject/d089a559-4f41-4def-a786-f98fcfbf0464?height=auto&width=288&croppingPoint=&version=1&type=png
Marca TV (1080p),http://200.7.219.221:8088/live/livetv/index.m3u8,网络源,https://i.imgur.com/ez1NxwJ.jpg
Marga Marga TV (720p),https://v1.tustreaming.cl/margamargatv/index.m3u8,网络源,https://i.imgur.com/4cg51eE.png
Maria Vision (360p) [Not 24/7],https://1601580044.rsc.cdn77.org/live/_jcn_/amlst:Mariavision/master.m3u8,网络源,https://i.imgur.com/GylOPxE.png
Maria Vision Italia (1080p),https://1601580044.rsc.cdn77.org/live/_jcn_/amlst:CHANNEL_2/playlist.m3u8,网络源,https://i.imgur.com/gP3XAlV.jpeg
Maria Vision USA (1080p),https://1601580044.rsc.cdn77.org/live/_jcn_/amls:PALMIAMI/playlist.m3u8,网络源,https://i.imgur.com/eaVt8R1.png
Maria+Vision Medjugorje (720p),https://1601580044.rsc.cdn77.org/live/_jcn_/amlst:Italiasette/playlist.m3u8,网络源,https://i.imgur.com/xUOspBx.png
Marina TV (1080p),https://ffs.gulfsat.com/Marina-TV-HD/index.m3u8,网络源,https://i.imgur.com/F2PzEaw.png
Mario Pinto TV (720p) [Not 24/7],https://eu1.servers10.com:8081/8028/index.m3u8,网络源,https://i.imgur.com/9rU6yWo.jpg
Marjaeyat TV Arabic (1080p),https://livefa.marjaeyattv.com/mtv_ar/playlist.m3u8,网络源,https://i.imgur.com/LsYYkUI.png
Marjaeyat TV English (1080p),https://livefa.marjaeyattv.com/mtv_en/playlist.m3u8,网络源,https://i.imgur.com/Dvf61Jp.png
Marjaeyat TV Persian (240p) [Not 24/7],https://livefa.marjaeyattv.com/mtv_fa/playlist.m3u8,网络源,https://i.imgur.com/fCj05f0.png
Marka TV (720p) [Not 24/7],https://5790d294af2dc.streamlock.net/markatv/markatv/playlist.m3u8,网络源,https://www.vivalivetv.com/public/files/shows/0/1/3355-294x165-FFFFFF.jpg
Marla Vision (576p) [Not 24/7],https://soportedvb.click:3877/live/merlavisionlive.m3u8,网络源,https://www.vivalivetv.com/public/files/shows/0/1/3738-294x165-FFFFFF.jpg
Married with Children,https://jmp2.uk/plu-66bb3212fe11e5000883ea6b.m3u8,网络源,https://i.imgur.com/L9Epmtf.png
Marsella TV,https://stmv2.voxtvhd.com.br/marsella/marsella/playlist.m3u8,网络源,https://i.imgur.com/wwYOa00.png
Martin County TV (720p),https://cdn3.wowza.com/5/UWpORHhLSEs5SkJs/martin/G0074_002/playlist.m3u8,网络源,https://i.imgur.com/7VzlbLp.png
Marutam TV (1080p),https://mntv.livebox.co.in/mntvhls/live.m3u8,网络源,https://i.imgur.com/cFNw4Af.png
Mas23 TV,https://movil.ejeserver.com/live/mas23tv.m3u8,网络源,https://i.imgur.com/y0h8dlX.png
Mas adrenalina,https://jmp2.uk/plu-687fea9a4fa995eff284a1c8.m3u8,网络源,https://images.pluto.tv/channels/687fea9a4fa995eff284a1c8/colorLogoPNG_1755151031497.png
Mas FM (720p),https://vivo.solumedia.com:19360/masfm/masfm.m3u8,网络源,https://i.imgur.com/TJ4gWQM.png
Mas Norte TV [Not 24/7],https://live.arnoproducciones.com/hls/norte.m3u8,网络源,https://i.imgur.com/NmsWlj6.jpeg
Mas Noticias Television (720p),https://www.amixtv.com:8081/mntvh/index.m3u8,网络源,https://i.imgur.com/FG4nfRX.jpg
Mas Talk (1080p),https://vod2live.univtec.com/manifest/89290956-94ab-4950-accb-a54bbd7e176f.m3u8,网络源,https://i.imgur.com/unE2LGz.jpg
MAS TV,https://cdn.streamhispanatv.net:3011/live/mastvgtlive.m3u8,网络源,https://i.imgur.com/3XuwlkQ.jpg
Masala TV (576p),http://103.250.28.74:8000/play/a02x/index.m3u8,网络源,https://upload.wikimedia.org/wikipedia/id/0/06/Logo_Hum_Masala.jpeg
Mashariki TV (720p) [Not 24/7],https://goliveafrica.media:9998/live/634adc0806f2b/index.m3u8,网络源,https://i.imgur.com/5Qcwpg5.jpg
Mashriq TV (576p),http://103.250.28.74:8000/play/a02s/index.m3u8,网络源,https://i.imgur.com/8pMiqcp.png
MasMusica FM (720p),https://movil.ejeserver.com/live/masmusica.m3u8,网络源,https://i.imgur.com/tCg7owd.png
Master Chefs Academy TV (720p),https://platform-iuoamc.uk/iptv/mca-tv/index.m3u8,网络源,https://platform-iuoamc.uk/storage/tv/branding/mca-tv-official-logo.png
Master TV (720p),https://live-evg5.tv360.bitel.com.pe/bitel/mastertvSRT/playlist.m3u8,网络源,https://i.imgur.com/K2ZimRv.png
Master's TV (720p),https://mn-nl.mncdn.com/commectv_live/masterstv/index.m3u8,网络源,
MasterChef,https://jmp2.uk/plu-6077045b6031bd00078de127.m3u8,网络源,https://i.imgur.com/lOuySbz.png
MasterChef Danmarks storste madtalenter,https://jmp2.uk/plu-61c19edbf535220007075c4e.m3u8,网络源,https://images.pluto.tv/channels/61c19edbf535220007075c4e/colorLogoPNG.png
Mastiii (576p),https://mumbai-edge.smartplaytv.in/MastiMusic/index.m3u8,网络源,https://i.imgur.com/lxgXHx4.png
Match! Arena (720p),http://31.148.48.15/Match_Arena_HD/index.m3u8,网络源,https://i.imgur.com/udTzwzu.png
Match! Boets (576p),http://stream.mcquack.net/112/index.m3u8,网络源,https://i.imgur.com/DogOkA4.png
Match! Igra (720p),http://31.148.48.15/Match_Igra_HD/index.m3u8,网络源,https://i.imgur.com/5XWpF19.png
Match! Igra HD (1080p),http://str2.iptvhd.ru:8080/Match_Igra_HD/index.m3u8,网络源,https://i.imgur.com/5XWpF19.png
Match! Planeta (576p),https://fs.uplink.kz/match_planeta/mono.m3u8?token=onlinetv,网络源,https://i.imgur.com/vhyMb9D.png
Match! Strana (720p),http://31.148.48.15/Match_Strana/index.m3u8,网络源,https://i.imgur.com/X02s2UE.png
Match! Ultra (1080p),http://str2.iptvhd.ru:8080/Match_TV_HD/index.m3u8,网络源,https://www.kartina.tv/media/news/images/News/SEO/kanal-match-ultra.jpg
Matele (1080p) [Not 24/7],https://live.matele.be/hls/live.m3u8,网络源,https://i.imgur.com/rw72POr.png
Mathrubhumi News (576p),https://streams.tangotv.in/MATHRUBHUMINEWS/ORIGIN/index.m3u8,网络源,https://i.imgur.com/diQftzP.png
Matlock (Germany),https://jmp2.uk/plu-6850426e53d981d1fdb0d966.m3u8,网络源,https://images.pluto.tv/channels/6850426e53d981d1fdb0d966/colorLogoPNG_1750165804146.png
Matlock (Sweden),https://jmp2.uk/plu-66290c12801af8000850c1a9.m3u8,网络源,https://images.pluto.tv/channels/66290a779e68c20008a18cf3/colorLogoPNG.png
Matlock (Sweden) DK,https://jmp2.uk/plu-66290a779e68c20008a18cf3.m3u8,网络源,https://images.pluto.tv/channels/66290a779e68c20008a18cf3/colorLogoPNG.png
Matlock (Sweden) NO,https://jmp2.uk/plu-66290b7523e24f000832cc17.m3u8,网络源,https://images.pluto.tv/channels/66290a779e68c20008a18cf3/colorLogoPNG.png
Matlock (United States),https://jmp2.uk/plu-60f754f98185580007eb0754.m3u8,网络源,https://images.pluto.tv/channels/63da365f60bc8f0008a50f44/colorLogoPNG.png
Matlock (United States) CA,https://jmp2.uk/plu-63da365f60bc8f0008a50f44.m3u8,网络源,https://images.pluto.tv/channels/63da365f60bc8f0008a50f44/colorLogoPNG.png
Matribhumi TV (720p),http://live.playmax.live/matribhumi/index.m3u8,网络源,https://www.jagobd.com/wp-content/uploads/2024/10/matribhumi.jpg
Maverick Black Cinema (1080p),https://maverick-maverick-black-cinema-3-us.roku.wurl.tv/playlist.m3u8,网络源,https://images.fubo.tv/station_logos/maverick_black_cinema_c.png
MaviKaradeniz TV (1080p) [Not 24/7],https://live.artidijitalmedya.com/artidijital_mavikaradeniz/mavikaradeniz/playlist.m3u8,网络源,https://i.imgur.com/wyWappU.png
Max (576p),http://5.254.89.106:80/8882/index.m3u8,网络源,https://i.imgur.com/bJ13Rmt.png
MAX Anime (1080p),https://cdnlive.klicgo.net/maxanime/live/playlist.m3u8,网络源,https://i.imgur.com/Oj3hEBh.jpg
Max Sport 1 (1080p),http://hls127.freeott.top:8080/BG_MAX_Sport_1_HD/video.m3u8,网络源,https://i.imgur.com/0ohnpql.png
Max Sport 2 (1080p),http://hls127.freeott.top:8080/BG_MAX_Sport_2_HD/video.m3u8,网络源,https://i.imgur.com/33m1wPN.png
Max Sport 3 (1080p),http://hls127.freeott.top:8080/BG_MAX_Sport_3_HD/video.m3u8,网络源,https://i.imgur.com/eGiGgZ2.png
Max Sport 4 (1080p),http://hls127.freeott.top:8080/BG_MAX_Sport_4_HD/video.m3u8,网络源,https://i.imgur.com/7IxXX6f.png
Max TV (1080p),https://cdn.katapy.io/cache/stream/katapytv/dieu/playlist.m3u8,网络源,https://i.imgur.com/13PjEk8.png
Maxima TV,https://maximatv.net/hls/stream.m3u8,网络源,https://i.imgur.com/HMZRVL5.jpeg
Maxivision TV (720p),https://video03.logicahost.com.br/maxivisiontv/maxivisiontv/playlist.m3u8,网络源,https://i.imgur.com/UC8WrEN.jpg
MaxTV [Not 24/7],https://inliveserver.com:1936/8078/8078/playlist.m3u8,网络源,https://gia.tv/streams/pstream/209851.png
Maya Channel,http://146.88.62.69:1935/Transcoder/มายาHD.stream_576p/playlist.m3u8,网络源,https://i.imgur.com/UropueN.png
Maya TV,https://media.streambrothers.com:19360/8036/8036.m3u8,网络源,https://upload.wikimedia.org/wikipedia/commons/thumb/7/77/Maya_TV_logo.png/960px-Maya_TV_logo.png
Mazhavil Manorama (576p),https://mumt03.tangotv.in/Dsly5z3HMAZHAVILMANORAMAINT/index.m3u8,网络源,https://i.imgur.com/fjgzW20.png
Mazhavil Manorama HD (1080p),https://mmtv-vglivessai.akamaized.net/v1/master/673630b269b766886555eebfddd4f27f3de3ab50/f8a0827f-030f-4a0d-b7e5-338996c09a5b/index.m3u8,网络源,https://i.imgur.com/fjgzW20.png
Mazzika (576p),http://149.100.11.235:8080/Mazzika/index.m3u8,网络源,https://i.imgur.com/P7PUHIx.png
MBC 1 (1080p),https://shd-gcp-live.edgenextcdn.net/live/bitmovin-mbc-1/15cf99af5de54063fdabfefe66adc075/index.m3u8,网络源,https://i.imgur.com/CiA3plN.png
MBC 1 Egypt (1080p),https://shd-gcp-live.edgenextcdn.net/live/bitmovin-mbc-1-na/eec141533c90dd34722c503a296dd0d8/index.m3u8,网络源,https://i.imgur.com/CiA3plN.png
MBC 1 USA (1080p) [Geo-blocked],https://shd-gcp-live.edgenextcdn.net/live/bitmovin-mbc-1-usa/fdac3a4fc0473f1f56e07ec1d63a4b7b/index.m3u8,网络源,https://i.imgur.com/CiA3plN.png
MBC 3 USA (1080p) [Geo-blocked],https://shd-gcp-live.edgenextcdn.net/live/bitmovin-mbc-3-usa/5d58265a862a476dc7f97694addb5ded/index.m3u8,网络源,https://i.imgur.com/PVt8OPN.png
MBC 4 (1080p),https://shd-gcp-live.edgenextcdn.net/live/bitmovin-mbc-4/24f134f1cd63db9346439e96b86ca6ed/index.m3u8,网络源,https://i.imgur.com/BcXASJp.png
MBC 5 (1080p),https://shd-gcp-live.edgenextcdn.net/live/bitmovin-mbc-5/ee6b000cee0629411b666ab26cb13e9b/index.m3u8,网络源,https://i.imgur.com/fRWaDyF.png
MBC (1080p),https://cdn8.fntvchannel.com/v1/master/02eeb1726c343dc9c30c32e93dee82013e157021/FNTV-CHANNEL_CDN77/index.m3u8,网络源,https://mybingechannel.co.uk/wp-content/uploads/2023/02/mbc-logo-for-website.png
MBC America (1080p),https://cdn-us-east-prod-ingest-infra-dacast-com.akamaized.net/624ff8f9-db18-da92-4d42-896fa2ff3eb3/source/index.m3u8,网络源,https://i.imgur.com/RRc23ra.png
MBC Bollywood (1080p) [Geo-blocked],https://shd-gcp-live.edgenextcdn.net/live/bitmovin-mbc-bollywood/546eb40d7dcf9a209255dd2496903764/index.m3u8,网络源,https://i.imgur.com/TTAGFHG.png
MBC Brasil TV,https://play.mbcbrasil.tv.br/playlist.m3u8,网络源,https://eswqkrogupaisirwcsys.supabase.co/storage/v1/object/public/mbc-media/canais/1775702325773-d10vtu076za.png
MBC Drama (South Korea) (480p) [Geo-blocked],http://mytv.dothome.co.kr/ch/catv/26.php,网络源,https://i.imgur.com/Q20rqnX.png
MBC Drama (United Arab Emirates) (1080p),https://shd-gcp-live.edgenextcdn.net/live/bitmovin-mbc-drama/2c28a458e2f3253e678b07ac7d13fe71/index.m3u8,网络源,https://i.imgur.com/g5PWnqp.png
MBC Drama USA (1080p),https://shd-gcp-live.edgenextcdn.net/live/bitmovin-mbc-drama-usa/ea2f5db904aff224b7066e59c7f585a2/index.m3u8,网络源,https://i.imgur.com/g5PWnqp.png
MBC FM (1080p),https://dbbv9umqcd7cs.cloudfront.net/out/v1/db15b75c3cc0400c91961468d6a232ac/index.m3u8,网络源,https://i.imgur.com/lF8UxvR.png
MBC Gyeongnam TV (1080p) [Not 24/7],https://624a79c87201d.streamlock.net/MBCTV/TV1.stream/playlist.m3u8,网络源,https://i.imgur.com/Ronb1JP.png
MBC Iraq (1080p),https://shd-gcp-live.edgenextcdn.net/live/bitmovin-mbc-iraq/e38c44b1b43474e1c39cb5b90203691e/index.m3u8,网络源,https://i.imgur.com/D0LxiPE.png
MBC Loud,https://radio-loud-fm.mbc.net/radio-loud-fm_1.m3u8,网络源,https://i.imgur.com/mptwwLs.png
MBC Masr 2 (1080p),https://shd-gcp-live.edgenextcdn.net/live/bitmovin-mbc-masr-2/754931856515075b0aabf0e583495c68/index.m3u8,网络源,https://i.imgur.com/KHo7Gtn.png
MBC Masr (1080p),https://shd-gcp-live.edgenextcdn.net/live/bitmovin-mbc-masr/956eac069c78a35d47245db6cdbb1575/index.m3u8,网络源,https://i.imgur.com/o2elx0u.png
MBC Masr Drama (1080p),https://shd-gcp-live.edgenextcdn.net/live/bitmovin-mbc-masr-drama/567b703c19ede6598222de81b0e4508b/index.m3u8,网络源,https://media0070.elcinema.com/tvguide/1399_1.png
MBC Masr USA (1080p),https://shd-gcp-live.edgenextcdn.net/live/bitmovin-mbc-masr-usa/cd8d40acdab28aac0582faa3bd3983f1/index.m3u8,网络源,https://i.imgur.com/o2elx0u.png
MBC Mood (1080p),https://shd-gcp-live.edgenextcdn.net/live/bitmovin-mbc-mood/78367bf48ccdba501d0d014a10c21031/index.m3u8,网络源,https://shahid.mbc.net/mediaObject/c2b6a882-458b-446e-b0fe-f97f7992149a?height=auto&width=144&croppingPoint=&version=1&type=png
MBC Net (480p) [Geo-blocked],http://mytv.dothome.co.kr/ch/catv/28.php,网络源,https://upload.wikimedia.org/wikipedia/commons/thumb/9/91/MBCNET_%EB%A1%9C%EA%B3%A0.svg/960px-MBCNET_%EB%A1%9C%EA%B3%A0.svg.png
MBC Persia (1080p),https://shd-gcp-live.edgenextcdn.net/live/bitmovin-mbc-persia/818ee8e4b592dc497608f066d825bfb4/index.m3u8,网络源,https://i.imgur.com/4FXiyjn.png
MBC TV (576p),https://mumbai-edge.smartplaytv.in/MBCTV/index.m3u8,网络源,https://dtil.tmsimg.com/assets/s135691_ld_h15_aa.png?lock=720x540
MBC+ Drama (1080p),https://shd-gcp-live.edgenextcdn.net/live/bitmovin-mbc-plus-drama/e37251ec2aac8f6c98f75cd0fa37cd28/index.m3u8,网络源,https://i.imgur.com/lxWdjXG.png
MBG TV (1080p),https://stream.convergen.co/mbg_stream/smil:mbStream.smil/playlist.m3u8,网络源,https://i.imgur.com/t7GsFJN.jpeg
MBTV (720p),https://edge-f.swagit.com/live/miamibeachfl/live-1-a/playlist.m3u8,网络源,https://i.imgur.com/LyqFr9E.png
MC TV (720p),https://rrr.sz.xlcdn.com/?account=mceutv&file=mc2&output=playlist.m3u8&protocol=https&service=wowza&type=live,网络源,https://upload.wikimedia.org/wikipedia/tr/c/ca/MC_TV_logosu.png
MCI Television (1080p),https://video.ejeserver.com/live/mcitelevision.m3u8,网络源,https://pbs.twimg.com/profile_images/1836009952420274177/FfYonU6r_400x400.jpg
McLeod's Daughters (1080p),https://amg00627-amg00627c5-samsung-nz-2807.playouts.now.amagi.tv/playlist/amg00627-banijayfast-mcleodsdaughters-samsungnz/playlist.m3u8,网络源,https://i.imgur.com/q4BBDzw.png
McLeods Tochter,https://jmp2.uk/plu-66c6fcfc6838ee00085beb1a.m3u8,网络源,https://images.pluto.tv/channels/66c6fcfc6838ee00085beb1a/colorLogoPNG.png
MCM Top (576p),http://46.32.176.50/mcmtop/index.m3u8,网络源,https://i.imgur.com/EVtWQLd.png
MCN6 Arts Channel (1080p) [Not 24/7],https://d18fcxaqfnwjhj.cloudfront.net/CDN_Ingest/MCN6_COMEDY.smil/Playlist.m3u8,网络源,https://i.imgur.com/j6IiysJ.png
MCN6 Main Channel (1080p) [Not 24/7],https://d18fcxaqfnwjhj.cloudfront.net/CDN_Ingest/MCN6_MAIN.smil/Playlist.m3u8,网络源,https://i.imgur.com/j6IiysJ.png
MCN6 Music Channel (1080p) [Not 24/7],https://d18fcxaqfnwjhj.cloudfront.net/CDN_Ingest/MCN6_MUSIC.smil/Playlist.m3u8,网络源,https://i.imgur.com/j6IiysJ.png
MCN Television (720p),https://eu1.servers10.com:8081/8338/index.m3u8,网络源,https://i.imgur.com/SNUaCCw.png
MCOT HD,https://lb1-live-mv.v2h-cdn.com/hls/ffbb/gdhk/gdhk.m3u8,网络源,https://i.imgur.com/ejPxGmU.png
MCPSS TV,https://5b200f5268ceb.streamlock.net/MCPSS/MCPSS247.smil/playlist.m3u8,网络源,https://i.imgur.com/qo5sk1g.png
MDF.1 (1080p),http://58bd5b7a98e04.streamlock.net/medienasa-live/mdf1_high/playlist.m3u8,网络源,https://i.imgur.com/IFGXK6u.png
MDL (720p),http://tv.mondeduloisir.fr:1935/tixtv/smil:web.smil/playlist.m3u8,网络源,https://i.imgur.com/REN30bx.png
MDR Fernsehen (1080p) [Geo-blocked],https://mdrtvsnhls.akamaized.net/hls/live/2016928/mdrtvsn/index.m3u8,网络源,https://upload.wikimedia.org/wikipedia/commons/thumb/6/61/MDR_Logo_2017.svg/960px-MDR_Logo_2017.svg.png
MDR Fernsehen Sachsen Anhalt (1080p) [Geo-blocked],https://mdrtvsahls.akamaized.net/hls/live/2016879/mdrtvsa/index.m3u8,网络源,https://upload.wikimedia.org/wikipedia/commons/thumb/6/61/MDR_Logo_2017.svg/960px-MDR_Logo_2017.svg.png
MDR Fernsehen Thuringen,https://dash4.antik.sk/live/test_mdr_tizen/playlist.m3u8,网络源,https://upload.wikimedia.org/wikipedia/commons/thumb/6/61/MDR_Logo_2017.svg/960px-MDR_Logo_2017.svg.png
MDTV (1080p),https://wahyu1ptv.pages.dev/MDTV-HD.m3u8,网络源,https://upload.wikimedia.org/wikipedia/commons/thumb/8/89/MDTV_logo.svg/960px-MDTV_logo.svg.png
Med kniven for struben,https://jmp2.uk/plu-63e3b33e8795f300087e6a46.m3u8,网络源,https://images.pluto.tv/channels/63e3b33e8795f300087e6a46/colorLogoPNG.png
Med Muzik (1080p),http://54.36.110.140/live3/live3.m3u8,网络源,https://i.imgur.com/gtUFmCD.png
Medeniyyet TV (1080p),https://str.yodacdn.net/medeniyyettele/index.m3u8,网络源,https://i.imgur.com/PlvaDIa.png
Medi1TV Afrique (1080p),https://cdn.live.easybroadcast.io/abr_corp/83_medi1tv-afrique_tm7tu45/playlist.m3u8,网络源,https://i.imgur.com/a20DHnj.png
Medi1TV Arabic (1080p),https://cdn.live.easybroadcast.io/abr_corp/83_medi1tv-arabic_g90v4ec/playlist.m3u8,网络源,https://i.imgur.com/3YsZPY6.jpeg
Medi1TV Maghreb (1080p),https://cdn.live.easybroadcast.io/abr_corp/83_medi1tv-maghreb_jnbspmg/playlist.m3u8,网络源,https://i.imgur.com/F5OFQsp.jpeg
Media One (720p),https://cdn.pishow.tv/ott/live/1481/master.m3u8,网络源,https://xstreamcp-assets-msp.streamready.in/assets/LIVETV/LIVECHANNEL/LIVETV_LIVETVCHANNEL_MEDIA_ONE/images/LOGO_HD/image.png
Media TV (720p),https://live-evg5.tv360.bitel.com.pe/bitel/mediatv/playlist.m3u8,网络源,https://i.imgur.com/BAaR5T5.png
Mediaset Extra [Geo-blocked],https://live3-mediaset-it.akamaized.net/Content/hls_h0_clr_vos/live/channel(kq)/index.m3u8,网络源,https://i.imgur.com/G51Lvah.png
MediBizTV (720p),https://43wrzjnpqoxe-hls-live.wmncdn.net/marinebiztvlive/marinebiztvlive/playlist.m3u8,网络源,https://www.medibiztv.com/assets/logo-E76jcvP9.png
MediCOOL TV,https://live77cdn2.antenaplay.ro/live2_fast/ch1/stream.m3u8,网络源,https://i.imgur.com/Xe7x1k2.png
MediterraniaTV (1080p),https://59bb40cf810aa.streamlock.net:4443/streamingvincente/streamingvincente/playlist.m3u8,网络源,https://i.imgur.com/PJbXCoe.png
Medium (Germany),https://jmp2.uk/plu-6578808014fbe400086e21bc.m3u8,网络源,https://images.pluto.tv/channels/6578808014fbe400086e21bc/colorLogoPNG.png
Medium (Sweden),https://jmp2.uk/plu-68f0f642a25ba0aab3e64e66.m3u8,网络源,https://images.pluto.tv/channels/68f0f54ca362b63a8df4d5a9/colorLogoPNG_1760622009795.png
Medium (Sweden) DK,https://jmp2.uk/plu-68f0f54ca362b63a8df4d5a9.m3u8,网络源,https://images.pluto.tv/channels/68f0f54ca362b63a8df4d5a9/colorLogoPNG_1760622009795.png
Medium (Sweden) NO,https://jmp2.uk/plu-68f0f602a362b63a8df4efb4.m3u8,网络源,https://images.pluto.tv/channels/68f0f54ca362b63a8df4d5a9/colorLogoPNG_1760622009795.png
Medjugorje Italia TV (480p),https://5f22d76e220e1.streamlock.net/medjugorjeitaliatv/medjugorjeitaliatv/playlist.m3u8,网络源,
Meer TV (720p) [Not 24/7],https://593aed234297b.streamlock.net/meervandaag/meervandaag/playlist.m3u8,网络源,https://i.imgur.com/p4TXVkE.png
Mega 2 (1080p),http://15.204.246.24:8080/Mega2HD/index.m3u8,网络源,https://i.imgur.com/c1ME00r.png
Mega (Chile) (1080p),http://15.204.246.24:8080/MEGAHD/index.m3u8,网络源,https://i.imgur.com/RlZfR84.png
Mega (Ukraine) (1080p),http://stream.mcquack.net/325/index.m3u8,网络源,https://i.imgur.com/Hsr0EvO.png
Mega Cine TV (1080p),https://cnn.hostlagarto.com/megacinetv/playlist.m3u8,网络源,https://www.vivalivetv.com/public/files/shows/0/1/2893-294x165-FFFFFF.jpg
Mega Ficcion (1080p),http://cdn1tlinkgo.tlink.cl/megaficcion/mono.m3u8,网络源,https://i.imgur.com/aQdhJie.png
Mega TV (Paraguay) (1080p),https://www.desde-paraguay.com/mega.m3u8,网络源,https://i.imgur.com/CaA7l86.png
Mega TV (United States) WSBS-TV (1080p),https://mdstrm.com/live-stream-playlist/67ed74e8af482ba71d47fd7b.m3u8,网络源,https://i.imgur.com/MiPdjSX.png
Mega TV Jaen (720p),https://live-evg5.tv360.bitel.com.pe/bitel/megatv/playlist.m3u8,网络源,https://i.imgur.com/zK1YcpJ.png
MegaBox (720p) [Not 24/7],https://hdbox.chunklistv.com/live?stream=megabox,网络源,https://i.imgur.com/JqaW7Ei.png
Meganoticias Ahora (1080p),http://cdn1tlinkgo.tlink.cl/meganoticias/mono.m3u8,网络源,https://i.imgur.com/JCVEqTc.png
Megapix (720p),http://177.52.24.163/MEGAPIX-HD/index.m3u8,网络源,https://i.imgur.com/qTYv5jt.png
Megatiempo (1080p),http://cdn1tlinkgo.tlink.cl/megatiempo/mono.m3u8,网络源,https://i.imgur.com/1xLhAEq.png
Megavision (720p),https://twitch-m3u8.bastypro112.workers.dev/megavisionbo/index.m3u8,网络源,https://i.imgur.com/IAQXCak.png
Megavision Canal 19 (720p),https://mgvchannel19-ioriver-cdn.encoders.immergo.tv/master.m3u8,网络源,https://upload.wikimedia.org/wikipedia/commons/b/b8/Canal_19%27s_logo_%28Second_Era%29_in_2002.png
Megavision Canal 21 (720p),https://mgvchannel21-ioriver-cdn.encoders.immergo.tv/master.m3u8,网络源,https://i.imgur.com/HbdYU9k.png
MegaVision TV (480p),http://server3.prostudionetwork.com:1943/megavision/MV/playlist.m3u8,网络源,https://i.imgur.com/u5ECnZd.png
Mehran TV (576p),http://103.250.28.74:8000/play/a00m/index.m3u8,网络源,https://i.imgur.com/ma2bFXk.png
Mei Ah Movie Channel (1080p),http://103.172.187.30:12000/stream/mytv/null-9/master.m3u8,网络源,https://i.imgur.com/laGiFM1.png
Mei Alai TV (576p),https://meialai.iptelevishion.com/meialai/2/index.m3u8,网络源,https://www.meialai.in/assets/meialai-DBaBUZTH.png
Mekameleen TV (1080p),https://mn-nl.mncdn.com/mekameleen/smil:mekameleentv.smil/playlist.m3u8,网络源,https://i.imgur.com/q7iVchl.png
Mel Radio TV (360p),https://eu1.servers10.com:8081/8334/index.m3u8,网络源,https://i.imgur.com/uu8Clh2.png
Melody FM (720p) [Not 24/7],https://cdn3.wowza.com/1/OVRrOWxXUEswS2Yv/eGVxSWZy/hls/live/playlist.m3u8,网络源,https://i.imgur.com/J8omcNz.png
Meltem TV (1080p),https://vhxyrsly.rocketcdn.com/meltemtv/playlist.m3u8,网络源,https://i.imgur.com/C3m6w5S.png
Mercan TV (576p) [Not 24/7],https://live.artidijitalmedya.com/artidijital_mercantv/mercantv/playlist.m3u8,网络源,https://i.imgur.com/3CWV8bS.png
Mercurio Noticias,https://videostream.shockmedia.com.ar/hls/mercuriotv/mercuriotv.m3u8,网络源,https://i.imgur.com/sfd87LX.png
Mercy and Truth Ministries Television (720p),https://angel.btbn.tv:5443/mtmtv/streams/live.m3u8,网络源,https://i.imgur.com/krcVhrx.png
Mercy TV (India) (1080p),https://5dd3981940faa.streamlock.net/mercytv/mercytv/playlist.m3u8,网络源,https://i.imgur.com/klNH4tV.png
Mercy TV (Sierra Leone),https://cdn-cloudfront.eu-central-1.prod.ingest.aws-infra.dacast.com/live/bff8bd53-ee89-2c76-6a51-95a0003f7d96/master.m3u8,网络源,https://i.imgur.com/YPAM74x.jpeg
Mereja TV,https://g4wlkqp8l23a-hls-live.5centscdn.com/MerejaTV/955ad3298db330b5ee880c2c9e6f23a0.sdp/playlist.m3u8,网络源,https://i.imgur.com/PaAacxF.png
Meridiano TV (576p),http://181.78.8.199:8000/play/a0fr/index.m3u8,网络源,https://i.imgur.com/I6gsUqD.png
Merit Street (1080p),https://d9069ugodwkju.cloudfront.net/Merit_Street.m3u8,网络源,https://static.wikia.nocookie.net/logopedia/images/1/1d/Merit_Street_Media_2024_1.svg/revision/latest/scale-to-width-down/512
Merry Christmas from Viafree,https://jmp2.uk/plu-6304854ac6073d0007259fe1.m3u8,网络源,https://images.pluto.tv/channels/63048147b09fd60007847a08/colorLogoPNG.png
Merry Christmas from Viafree DK,https://jmp2.uk/plu-63048147b09fd60007847a08.m3u8,网络源,https://images.pluto.tv/channels/63048147b09fd60007847a08/colorLogoPNG.png
Merry Christmas from Viafree NO,https://jmp2.uk/plu-63047bd6b0726b000795341d.m3u8,网络源,https://images.pluto.tv/channels/63048147b09fd60007847a08/colorLogoPNG.png
MERU TV (720p) [Not 24/7],https://goliveafrica.media:9998/live/628e5c1991061/index.m3u8,网络源,https://i.imgur.com/EPmWNfz.jpg
MerweTV (720p),https://d2ycaxub5x98iw.cloudfront.net/nlpo/clr-nlpo/merwetv/index.m3u8,网络源,https://i.imgur.com/JjB7U1q.png
Mesogeios TV (720p),https://rtmp.win:3793/live/mesogeiostvlive.m3u8,网络源,https://i.imgur.com/KX5olay.png
Messatida TV (720p),https://rtmp.streams.ovh:8081/mtv/index.m3u8,网络源,https://i.imgur.com/WEYrIrC.png
Meta Film TV,https://metafilmhls.wns.live/hls/stream.m3u8,网络源,
Metaleitor TV,https://vs20.live.opencaster.com/metaleitortv_423d3342/index.m3u8,网络源,https://new.opencaster.com/uploads/logos/logo_14_1752798826.png
Meteonews (1080p),https://streaming.meteonews.net/hls/stream.m3u8,网络源,https://i.imgur.com/YtYhbJD.png
Metro1 News (576p),http://103.250.28.74:8000/play/a04u/index.m3u8,网络源,https://i.imgur.com/qD9cj27.jpg
Metro TV (Argentina) (720p),https://streamtv12.ddns.net:5443/LiveApp/streams/193945633734205616732920.m3u8,网络源,https://i.imgur.com/7f7M7zl.png
Metro TV (Honduras) (720p),https://s.emisoras.tv:8081/metrotv/index.m3u8,网络源,https://i.imgur.com/BqS8BHi.png
Metro TV (India) (1080p),https://mercury.streambridge.link:8042/telugu/metrotv/index.m3u8,网络源,https://jiotvimages.cdn.jio.com/dare_images/images/Metro_TV.png
Metro TV (Indonesia),https://edge.medcom.id/live-edge/smil:metro.smil/playlist.m3u8,网络源,https://i.imgur.com/QnU70NI.png
Metropola TV (1080p) [Not 24/7],https://www.livemetropolatv.ro/MetropolaTV/Metro/playlist.m3u8,网络源,https://i.imgur.com/Gzq05v8.png
Metropoli Medios TV (720p),https://eu1.servers10.com:8081/8214/index.m3u8,网络源,https://i.imgur.com/yID5T2S.jpg
Metropolitana del Cuzco,https://video1.earthcam.com/myearthcam/075ff02f78c35af55564cf3af3b3f750.flv/playlist.m3u8,网络源,https://i.imgur.com/0B04qgM.png
MeTV (720p),https://82934cf9c8696bd2.mediapackage.us-east-1.amazonaws.com/out/v1/23685237ffbb4047a8143ac2166ead44/index.m3u8,网络源,https://play-lh.googleusercontent.com/PO0C2_-FdOtMVn1rw_Q0_iystfcf6Ab8h1Q37P8fEgSLuAkQJBCI9kax_FIkUgXppgs4
MeTV Toons KMBY-LD,https://2-fss-2.streamhoster.com/pl_138/205510-3094608-1/playlist.m3u8,网络源,https://upload.wikimedia.org/wikipedia/commons/thumb/2/2b/MeTV_Toons.png/250px-MeTV_Toons.png
meWATCH LIVE 1 (1080p),https://tglmp04.akamaized.net/out/v1/898b1cbac7c747e3b1f3deb460e9b67e/manifest.mpd,网络源,https://i.imgur.com/ppxUDxB.png
Mexiquense TV (720p),https://5e50264bd6766.streamlock.net/mexiquense/videomexiquense/playlist.m3u8,网络源,https://i.imgur.com/iVfzakA.png
Mezokovesdi Televizio (360p),https://cloudfront44.lexanetwork.com:1344/freerelay/mezokovesdvtv.sdp/playlist.m3u8,网络源,https://i.imgur.com/2zCOXmH.png
Mezzo (1080p),http://str2.iptvhd.ru:8080/Mezzo_HD/index.m3u8,网络源,https://i.imgur.com/auNdGeW.png
Mezzo Live (1080p),http://stream.mcquack.net/276/index.m3u8,网络源,https://i.imgur.com/H9ytKPN.png
mfm (1080p),https://hms.pfs.gdn/hms/v1/broadcast/hlmvmp2hfriode891/playlist.m3u8,网络源,https://www.mtv.com.lb/images/header/mfm-logo.svg
MGI TV (720p) [Geo-blocked],https://tv.rodja.live/tasik/ngrp:mgitv_all/playlist.m3u8,网络源,https://i.imgur.com/xrNtabe.png
Mh 1 Music (720p),https://livestream.jswk.online/playlisttest/live/playlist.m3u8,网络源,https://dtil.tmsimg.com/assets/s143539_ld_h15_aa.png?lock=720x540
Mh 1 News (576p),https://streams.tangotv.in/MHONENEWS/ORIGIN/index.m3u8,网络源,https://dtil.tmsimg.com/assets/s143540_ld_h15_aa.png?lock=720x540
Mh 1 Prime (576p),https://streams.tangotv.in/MHONE/ORIGIN/index.m3u8,网络源,
MH One Dil Se (576p),https://streams.tangotv.in/MHONEDILSE/ORIGIN/index.m3u8,网络源,https://dilse.mhone.in/wp-content/uploads/2022/02/MH-ONE-dil-se-LOGO-white-copy.png
MH One Movies (576p),https://mumt03.tangotv.in/Dsly5z3HMHONEMOVIE/index.m3u8,网络源,
MH One Shraddha (576p),https://mumt01.tangotv.in/O5aw8Zn3MHONESHRADDHA/index.m3u8,网络源,https://i.imgur.com/Lrm8qTO.png
MHZ,https://mhz-samsung-linear-ca.samsung.wurl.tv/playlist.m3u8,网络源,https://i.imgur.com/a5fw83n.jpg
Mi Extrana Obsesion,https://jmp2.uk/plu-60e4573c9f963e00077ecf25.m3u8,网络源,https://i.imgur.com/VtxO6KI.png
Mi Radio TV,https://scl.edge.grupoz.cl/miradio2/live/playlist.m3u8,网络源,https://i.imgur.com/XEpLWJw.png
MI Turno TV,https://video.udwn.net:19360/miturnotv/miturnotv.m3u8,网络源,https://imgur.com/uODDaEY.png
Miavision TV (1080p) [Not 24/7],https://edge.essastream.com/miavisiontv/playlist.m3u8,网络源,https://imgur.com/Bbcrjvs.png
Microvision 10 (720p) [Not 24/7],https://streaming.telecablecentral.com.do/live/MicroHD/playlist.m3u8,网络源,https://i.imgur.com/wMl1fNZ.png
Middle East TV (1080p),https://content.uplynk.com/channel/9d35b73c264946d5945db6cdff26336e.m3u8,网络源,https://i.imgur.com/oKU5KeW.png
Midnight Pulp (1080p),https://linear-897.frequency.stream/dist/cineverse/897/hls/master/playlist.m3u8,网络源,https://provider-static.plex.tv/a/epg/channels/logos/gracenote/a1a2cdc3d6f0714c586e9959732580c7.png
Midpen Media Center Channel 26 (720p),https://5c2974786200d.streamlock.net/live-chan26/ngrp:ch26_all/playlist.m3u8,网络源,https://i.imgur.com/aX1GkCD.png
Midpen Media Center Channel 28 (720p),https://5c2974786200d.streamlock.net/live-chan28/ngrp:ch28_all/playlist.m3u8,网络源,https://i.imgur.com/RPJiolQ.png
Midpen Media Center Channel 29 (720p),https://5c2974786200d.streamlock.net/live-chan29/ngrp:ch29_all/playlist.m3u8,网络源,https://i.imgur.com/RPJiolQ.png
Midpen Media Center Channel 30 (720p),https://5c2974786200d.streamlock.net/live-chan30/ngrp:ch30_all/playlist.m3u8,网络源,https://i.imgur.com/RPJiolQ.png
Midpen Media Center Channel 75 (720p),https://5c2974786200d.streamlock.net/live-chan75/ngrp:ch75_all/playlist.m3u8,网络源,https://i.imgur.com/RPJiolQ.png
Midsomer Murders (1080p),https://all3media-midsomer-1-us.roku.wurl.tv/playlist.m3u8,网络源,https://i.imgur.com/VFqfyfY.png
Miel TV (720p),https://live-evg5.tv360.bitel.com.pe/bitel/mieltvSRT/playlist.m3u8,网络源,https://i.imgur.com/dPSFrCs.png
MierschTV,https://streamer20.multimedia.blue/Post/MerschTV_IPTV/playlist.m3u8,网络源,https://i.imgur.com/Vdc1GYP.jpg
Mihan TV,https://iptv.mihantv.com/mihantv/playlist.m3u8,网络源,https://i.imgur.com/XEMsM7w.png
Mijas 3.40TV (720p),https://streaming004.gestec-video.com/hls/MIJAS.m3u8,网络源,https://i.imgur.com/RH1zLLs.png
Mikuba TV (480p) [Not 24/7],http://51.254.199.122:8080/MIKUBATV/index.m3u8,网络源,https://i.imgur.com/yJehCQM.png
Milenial TV,https://www.milenial.news/salida/milenial.m3u8,网络源,https://i.imgur.com/8ZiNoEa.png
Milenio Television (720p),https://jmp2.uk/plu-652e922db4b047000825f975.m3u8,网络源,https://i.imgur.com/TG1T5Oh.png
Millenium 109 FM,https://videoserver.tmcreativos.com:19360/nqvnhujhrx/nqvnhujhrx.m3u8,网络源,https://i.imgur.com/sfNL6Bv.png
Millet (720p),https://live1.1tvcrimea.ru/milletlive.m3u8,网络源,https://i.imgur.com/hUjLRLy.png
Milliy (1080p),https://stream8.cinerama.uz/1014/tracks-v1a1/playlist.m3u8,网络源,https://i.imgur.com/v4FBm26.png
Mindanow Network TV (1080p),https://cdn.vegasplus.us/vegas/mmn01/playlist.m3u8,网络源,https://i.imgur.com/xBlYirh.jpeg
MINFAV TV,https://mp.panelchs.com:1936/8044/8044/playlist.m3u8,网络源,https://i.ibb.co/Vj5nNbF/FAV-TV-LOGO-BLANCO.png
Minformo TV (720p),https://5db313b643fd8.streamlock.net/MinformoTV/MinformoTV/playlist.m3u8,网络源,https://i.imgur.com/9Oq6fLw.png
Minika Cocuk (720p),https://rnttwmjcin.turknet.ercdn.net/lcpmvefbyo/minikago_cocuk/minikago_cocuk.m3u8,网络源,https://i.imgur.com/VCywMTv.png
Minika Go (720p),https://rnttwmjcin.turknet.ercdn.net/lcpmvefbyo/minikago/minikago.m3u8,网络源,https://i.imgur.com/qIoipDq.png
Minimax (Pakistan) (360p),https://vodzong.mjunoon.tv:8087/streamtest/disckids-157-1/playlist.m3u8,网络源,https://i.imgur.com/TJvf8vd.png
Minimax CEE (576p),http://88.212.15.19/live/test_minimax/playlist.m3u8,网络源,https://i.imgur.com/WWOlm1x.png
Ministerio La Voz De Un Remanente TV,https://vs20.live.opencaster.com/remanente_5925b089/index.m3u8,网络源,https://new.opencaster.com/uploads/logos/logo_188_1754869413.png
Mir 24 (1080p),http://hls.mirtv.cdnvideo.ru/mirtv-parampublish/mir24_2500/playlist.m3u8,网络源,https://i.imgur.com/dj9c8Yd.png
Mir +2 (540p) [Not 24/7],http://hls.mirtv.cdnvideo.ru/mirtv-parampublish/mirtv2_2500/playlist.m3u8,网络源,https://i.imgur.com/AqWaJT8.png
Mir +4 (576p),http://31.148.48.15/Mir/index.m3u8,网络源,https://i.imgur.com/AqWaJT8.png
Mir +7 (540p),http://hls.mirtv.cdnvideo.ru/mirtv-parampublish/mirtv7_2500/playlist.m3u8,网络源,https://i.imgur.com/AqWaJT8.png
Mir HD (1080p) [Not 24/7],http://hls.mirtv.cdnvideo.ru/mirtv-parampublish/mirtv_2500/playlist.m3u8,网络源,https://i.imgur.com/AqWaJT8.png
Mir Kazakhstan (576p),http://tvcdn01.esilnet.kz/tv/mir/index.m3u8,网络源,https://i.imgur.com/AqWaJT8.png
Mir Belogorya (720p) [Geo-blocked],http://mirbelogorya.ru:8080/mirbelogorya/index.m3u8,网络源,https://mirbelogorya.ru/images/logo/Logo_Mir_Belogorya_purple_gradient.png
Mir Seriala (576p),http://176.118.197.101/MirSeriala/index.m3u8,网络源,https://i.imgur.com/uzj7wVp.png
Miracle Channel (1080p),https://live.miracleonline.org/hls/miracle1.m3u8,网络源,https://i.imgur.com/yrt7Rw9.png
Miracle TV (480p),https://viewmedia7219.bozztv.com/wmedia/viewmedia100/web_030/Stream/playlist.m3u8,网络源,https://i.imgur.com/pTn8Vc3.png
Miracle TV+ (720p),https://strhlslb01.streamakaci.tv/str_mtv_mtv/str_mtv_multi/playlist.m3u8,网络源,https://i.imgur.com/AQ60OYO.png
Mirame TV (360p) [Not 24/7],https://bit.controlstreams.com:5443/LiveApp/streams/mirametv.m3u8,网络源,https://i.imgur.com/LK4pLgT.png
Miras (406p) [Not 24/7],https://alpha.tv.online.tm/hls/ch003.m3u8,网络源,https://i.imgur.com/pWbJzr9.png
Mireasa (720p),https://stream1.antenaplay.ro/live/MireasaExtra/playlist.m3u8,网络源,https://i.imgur.com/k0VO0LH.png
Mirovoe kino (1080p),https://fs.uplink.kz/mirovoe_kino/mono.m3u8?token=onlinetv,网络源,https://tele2.server-img.lfstrm.tv/images/channel_logos/logo_65c24031d8bec399a7aa2226.png
MIS Televizija (720p) [Not 24/7],https://5afd52b55ff79.streamlock.net/MISTV/myStream/playlist.m3u8,网络源,https://i.imgur.com/qvrNVFg.png
MISA TV,https://vidl.misatv.ro:5050/MSTV/romanian_720p_baseline/playlist.m3u8,网络源,https://i.imgur.com/2RxQNm6.png
Mision ELTV (720p),https://rd.tvabierta.net/live/misioneltv.m3u8,网络源,https://i.imgur.com/hwC1stN.png
Misiones Cuatro,https://iptv.ixfo.com.ar:30443/live-HD/MISIONES4/playlist.m3u8,网络源,https://i.imgur.com/HXRpRlK.png
Mission Asia (1080p),https://livecdn.live247stream.com/missionasia/tv/playlist.m3u8,网络源,https://i.imgur.com/B5mKwF6.png
Mission Impossible (Germany),https://jmp2.uk/plu-634fe5afece2e60007c9d8b8.m3u8,网络源,https://images.pluto.tv/channels/634fe5afece2e60007c9d8b8/colorLogoPNG.png
Mission Impossible (Germany) FR,https://jmp2.uk/plu-6671b21ffc3a46000857fe75.m3u8,网络源,https://images.pluto.tv/channels/634fe5afece2e60007c9d8b8/colorLogoPNG.png
Mission Impossible (Germany) GB,https://jmp2.uk/plu-62ab579258cb950007811aad.m3u8,网络源,https://images.pluto.tv/channels/634fe5afece2e60007c9d8b8/colorLogoPNG.png
Mission Impossible (Germany) IT,https://jmp2.uk/plu-65cb77853ba51e00084cba02.m3u8,网络源,https://images.pluto.tv/channels/634fe5afece2e60007c9d8b8/colorLogoPNG.png
Mission Impossible (Sweden),https://jmp2.uk/plu-639b4f14be012600070fe1be.m3u8,网络源,https://images.pluto.tv/channels/6478a9e4f77b61000817034b/colorLogoPNG.png
Mission Impossible (Sweden) DK,https://jmp2.uk/plu-6478a9e4f77b61000817034b.m3u8,网络源,https://images.pluto.tv/channels/6478a9e4f77b61000817034b/colorLogoPNG.png
Mission Impossible (Sweden) NO,https://jmp2.uk/plu-639b4eb4da3fda0008036f6e.m3u8,网络源,https://images.pluto.tv/channels/6478a9e4f77b61000817034b/colorLogoPNG.png
Mission Impossible (United States),https://jmp2.uk/plu-5f77977bd924d80007eee60c.m3u8,网络源,https://images.pluto.tv/channels/62ea43aa0c43540007f2db96/colorLogoPNG.png
Mission Impossible (United States) CA,https://jmp2.uk/plu-62ea43aa0c43540007f2db96.m3u8,网络源,https://images.pluto.tv/channels/62ea43aa0c43540007f2db96/colorLogoPNG.png
Mission TV (1080p) [Not 24/7],https://6096a9cf11ae5.streamlock.net:1943/live/missiontv/playlist.m3u8,网络源,https://i.imgur.com/Hb38BNo.png
Misterios sin resolver,https://jmp2.uk/plu-5f610042272f68000867685b.m3u8,网络源,https://i.imgur.com/8mnvubb.png
Misto+ (360p),http://93.78.206.172:8080/stream3/stream.m3u8,网络源,https://i.imgur.com/NHjg1Jm.png
Mit plastikmareridt,https://jmp2.uk/plu-643814ef479f6400086ff043.m3u8,网络源,https://images.pluto.tv/channels/643814ef479f6400086ff043/colorLogoPNG.png
Mithila Nepal TV (1080p),http://150.107.205.212:1935/live/mithila/playlist.m3u8?DVR=,网络源,https://i.ibb.co/CWn3fH9/1689333550464.jpg
MiTV (720p),https://rds3.desdeparaguay.net/mitv/mitv/playlist.m3u8,网络源,https://i.imgur.com/sgrEt9z.png
Mix Hollywood (1080p),https://ml-pull-hwc.myco.io/MixTV/hls/index.m3u8,网络源,https://i.imgur.com/1ENdbZn.png
Mixkurdy (1080p),https://avr.host247.net/live/Mix-kurdy/playlist.m3u8,网络源,https://i.imgur.com/WHeH5i7.png
MK Six (576p),https://mumt06.tangotv.in/qYyB8fXVMKSIX/index.m3u8,网络源,https://jiotvimages.cdn.jio.com/dare_images/images/MK_Six.png
MKK Web TV (720p) [Not 24/7],https://video01.logicahost.com.br/mkkwebtv/mkkwebtv/playlist.m3u8,网络源,https://i.imgur.com/A8Yhtid.png
ML5 TV (480p),https://ms7.mx-cd.net/dtv-02/204-1147034/3ML_TV.smil/playlist.m3u8,网络源,https://i.imgur.com/knjHdei.png
MLB (720p),https://jmp2.uk/plu-5e66968a70f34c0007d050be.m3u8,网络源,https://i.imgur.com/ym3su2J.png
MLB Strike Zone (720p),http://23.237.104.106:8080/USA_MLB_STRIKE_ZONE/index.m3u8,网络源,https://i.imgur.com/uMI1ySO.png
MMA TV (576p),http://31.148.48.15/M1_Global/index.m3u8,网络源,https://i.imgur.com/Qxco1eW.png
MMA-TV.com (1080p),https://streams2.sofast.tv/vglive-sk-462904/playlist.m3u8,网络源,https://i.imgur.com/QhdxNsB.png
MMTV (1080p),https://sendlive.online/hls/mmtv.m3u8,网络源,https://i.imgur.com/21tpl5b.png
Mnau TV (1080p),https://5ca49f2417d90.streamlock.net/mnau/livestream/playlist.m3u8,网络源,https://i.imgur.com/deVHJKS.png
MNB Sport (1080p),https://live.mnb.mn/hls/mnb_sport.stream.m3u8,网络源,https://i.imgur.com/z854PC3.png
MNCTV HD (720p),https://mncmedia.malingtv.workers.dev/mnctv.m3u8,网络源,https://i.imgur.com/SK8pjQy.png
MNM (720p),https://live-radio-cf-vrt.akamaized.net/groupa/live/bac277a1-306d-44a0-8e2e-e5b9c07fa270/live.isml/.m3u8,网络源,https://i.imgur.com/L4cD18H.png
MNT WCIV (1080p),https://linear-700.frequency.stream/dist/stirr/700/hls/master/playlist.m3u8,网络源,https://upload.wikimedia.org/wikipedia/commons/thumb/3/38/MyNetworkTV_2D_Logo.svg/960px-MyNetworkTV_2D_Logo.svg.png
MNT WFLD (1080p),https://cdn-uw2-prod.tsv2.amagi.tv/linear/amg00488-foxdigital-wfld-lgus/playlist.m3u8,网络源,https://upload.wikimedia.org/wikipedia/commons/thumb/3/38/MyNetworkTV_2D_Logo.svg/960px-MyNetworkTV_2D_Logo.svg.png
MNT WWOR-TV,http://37c18028.akadatel.com/iptv/T6XNCP6L7LLKPD/1088/mpegts,网络源,https://upload.wikimedia.org/wikipedia/commons/thumb/3/38/MyNetworkTV_2D_Logo.svg/960px-MyNetworkTV_2D_Logo.svg.png
MNTV,https://www.khuwemultimedia.com/hls/mntv/mntv.m3u8,网络源,https://mntv.co.mz/wp-content/uploads/2025/11/Prancheta-4_1-1.png
MNX (576p),http://59.103.38.46:8000/play/a052/index.m3u8,网络源,https://xstreamcp-assets-msp.streamready.in/assets/LIVETV/LIVECHANNEL/LIVETV_LIVETVCHANNEL_MNX/images/LOGO_HD/image.png
Moconomy,https://3ee905090d464be5a51478fd9c642e93.mediatailor.us-east-1.amazonaws.com/v1/master/44f73ba4d03e9607dcd9bebdcb8494d86964f1d8/RakutenTV-pl_Moconomy/playlist.m3u8,网络源,https://images-0.rakuten.tv/storage/global-live-channel/translation/artwork/9da0ec4d-85ea-45f4-b3f9-ae917d1714f9-width200-quality90.jpeg
MOF TV,https://goliveafrica.media:9998/live/6425a6efa15c8/index.m3u8,网络源,https://i.imgur.com/XVBNfaa.png
MOGPA TV,https://bk7l2r2nyx53-hls-live.5centscdn.com/ablazetv/f7b44cfafd5c52223d5498196c8a2e7b.sdp/playlist.m3u8,网络源,https://i.imgur.com/34PmVAq.png
MOGPA TV Plus,https://bk7l2r2nyx53-hls-live.5centscdn.com/mogpatvplus/2567a5ec9705eb7ac2c984033e06189d.sdp/playlist.m3u8,网络源,https://i.imgur.com/0YLSM3R.png
Mohabat TV (Iran) (540p),http://204.11.235.251:1935/live_transcoder/ngrp:mohabat.stream_all/playlist.m3u8,网络源,https://i.imgur.com/Ig0SPev.png
Mohabat TV (United States) (540p),http://media.mohabat.tv:1935/live_transcoder/ngrp:mohabat.stream_all/playlist.m3u8,网络源,https://i.imgur.com/tucTC1O.jpg
Mohammed Abdo (1080p),https://d2ow8h651gs7dx.cloudfront.net/out/v1/371fb663da604e659a2fb99bf89d92d4/index.m3u8,网络源,https://assets.mbcmood.com/channels/1720184012Mohammed%20Abdo%20banner.png
Mojo TV (576p),https://mumt07.tangotv.in/zHjX9OFlMOJOTV/index.m3u8,网络源,https://upload.wikimedia.org/wikipedia/en/1/19/MOJO_TV_LOGO.png
Molahits TV (720p),http://ventdelnord.tv:8080/mola/directe.m3u8,网络源,https://i.imgur.com/FYcLtqT.png
Moldova 1 (1080p),https://v0.trm.md/static/streaming-playlists/hls/9b79338b-1870-4cd7-91d4-0f6ce5cac7ca/master.m3u8,网络源,https://i.imgur.com/ZbQY56v.png
Moldova 2 (1080p),https://v0.trm.md/static/streaming-playlists/hls/d5fafab0-9c37-4746-9e7a-b2d6c0427015/master.m3u8,网络源,https://i.imgur.com/Hv6Nk8A.png
Moldova TV (1080p),https://moldovatv.ro/live-tv/live.m3u8,网络源,https://i.imgur.com/gPMlDCP.png
Momento24,https://backupmaxmedia.hvmultiplay.com/hls/stream2/momento24.m3u8,网络源,https://i.imgur.com/kLy6w9e.jpeg
MOMO TV (1080p),http://nmk.ioapk.com:5050/4gtv-live107/index.m3u8,网络源,https://m.momoshop.com.tw/img/message.png
Monaco Info (1080p),https://webtv.monacoinfo.com/live/prod/index.m3u8,网络源,https://i.imgur.com/dIrKYH7.png
Monagas Vision (720p) [Not 24/7],https://cloud2.streaminglivehd.com:1936/monagasvision-2/monagasvision-2/playlist.m3u8,网络源,https://i.imgur.com/yfgTa2d.png
Monara TV (720p) [Not 24/7],https://jk3lz8xklw79-hls-live.5centscdn.com/lpl/d0dbe915091d400bd8ee7f27f0791303.sdp/playlist.m3u8,网络源,https://i.imgur.com/EB99mzR.png
MONO 29,https://lb1-live-mv.v2h-cdn.com/hls/ffbc/ffolvgdhk/ffolvgdhk.m3u8,网络源,https://upload.wikimedia.org/wikipedia/commons/d/d5/Mono_29_Logo.png
Monroe Community Media Education Channel,https://reflect-monroe-public-access.cablecast.tv/live-4/live/live.m3u8,网络源,https://i.imgur.com/gS4x0uX.png
Monroe Community Media Public Access Channel,https://reflect-monroe-public-access.cablecast.tv/live-3/live/live.m3u8,网络源,https://i.imgur.com/gS4x0uX.png
Monroe County TV (1080p),https://castus-vod-dev.s3.amazonaws.com/vod_clients/monroe/live/ch1/video.m3u8,网络源,https://i.imgur.com/YJfzdSu.png
Monster Jam (720p),https://jmp2.uk/plu-65bcc9c8d77d450008b34c6b.m3u8,网络源,https://provider-static.plex.tv/epg/cms/production/23824964-562b-4498-9eaa-d6262cb7e0c3/Monster_Jam_Logo_on_Transparent_1500x1000_Casey_Murawski.png
Monte Carlo Digital Television (1080p),https://fl718492-exthls-p1.flovp.com/fl718492/live/live.m3u8,网络源,https://i.imgur.com/99h8F1y.jpeg
Monte Maria (1080p),https://5ca9af4645e15.streamlock.net/montemaria/videomontemaria/playlist.m3u8,网络源,https://i.imgur.com/0rMHbbM.png
Montecristi Digital 8 [Geo-blocked],https://soportedvb.click:3400/live/montecristitvlive.m3u8,网络源,https://imgur.com/ExoOHQI.jpeg
Monterrico TV,https://h.jcp.live.opencaster.com/play_src/index.m3u8,网络源,https://i.imgur.com/SuVO9T7.png
Montgomery Channel,https://reflect-montgomerycommunitymedia.cablecast.tv/live-11/live/stream-4/live.m3u8,网络源,https://i.imgur.com/mU1Ixfj.png
Montones TV (1080p),https://lbgo.bozztv.com/ssh101/ssh101/montonestv1/playlist.m3u8,网络源,https://montonestv.com/wp-content/uploads/2025/11/montones-logo.png
Montreal Greek TV (480p),http://live.greektv.ca/hls1/greektv.m3u8,网络源,https://i.imgur.com/Y5YnUit.png
Moon TV (576p),https://d1msejlow1t3l4.cloudfront.net/fta/moontv/playlist.m3u8,网络源,https://i.imgur.com/3l25EZI.png
Moonbug Kids (1080p),https://moonbug-rokuus.amagi.tv/playlist.m3u8,网络源,https://i.imgur.com/vZHtxQb.png
Mooz Dance,https://tvextra-hls.b-cdn.net/moozdance/moozdance.m3u8,网络源,https://i.imgur.com/aX70RD2.png
Mooz Hits,https://tvextra-hls.b-cdn.net/moozhits/moozhits.m3u8,网络源,https://i.imgur.com/GwATd3Y.png
Mooz Ro!,https://tvextra-hls.b-cdn.net/moozro/moozro.m3u8,网络源,https://i.imgur.com/Ft24x5T.png
Mora-Net TV (576p),https://stream.moranettv.hu/live/index.m3u8,网络源,https://i.imgur.com/yT0RmKi.png
Morazan TV (720p),http://45.167.2.138:8000/play/a0o4/index.m3u8,网络源,https://i.imgur.com/Yh1lFZH.jpeg
More Grace TV (410p) [Not 24/7],https://atechgroupuk.site/ETV.m3u8,网络源,https://i.imgur.com/DNTeCQt.png
More Pluto TV Comedy,https://jmp2.uk/plu-62e91c3add66e00007eeb24c.m3u8,网络源,https://images.pluto.tv/channels/62e91c3add66e00007eeb24c/colorLogoPNG_1759310317971.png
More Than Sports TV (1080p),https://mts1.iptv-playoutcenter.de/mts/mts-web/playlist.m3u8,网络源,https://i.imgur.com/SLrjImc.png
More True Crime,https://jmp2.uk/plu-6532e6a9bdf3cf000887ab29.m3u8,网络源,https://images.pluto.tv/channels/6532e6a9bdf3cf000887ab29/colorLogoPNG.png
More TV Crime,https://jmp2.uk/plu-639b558c73423d00071ce624.m3u8,网络源,https://images.pluto.tv/channels/639b558c73423d00071ce624/colorLogoPNG.png
More TV Drama,https://jmp2.uk/plu-613260e4bdb71c00070d63fa.m3u8,网络源,https://i.imgur.com/Tw3rTxP.png
More TV Sci-fi,https://jmp2.uk/plu-645e00d5d3fdde000829463a.m3u8,网络源,https://images.pluto.tv/channels/645e00d5d3fdde000829463a/colorLogoPNG.png
More TV Sitcoms,https://jmp2.uk/plu-6132619f9ddaa50007e7dd86.m3u8,网络源,https://i.imgur.com/4mbhOEo.png
Morning Cloud TV (720p),https://livecdn.live247stream.com/mc/tv/playlist.m3u8,网络源,https://i.imgur.com/Lxfd2ip.png
MorroTV (720p) [Not 24/7],https://fox.hostlagarto.com:8081/morrotv/playlist.m3u8,网络源,https://www.vivalivetv.com/public/files/shows/0/1/3759-294x165-FFFFFF.jpg
Mosaique FM (1080p),https://webcam.mosaiquefm.net/mosatv/_definst_/studio/playlist.m3u8?DVR,网络源,https://i.imgur.com/GDUykah.png
Moselle TV (720p) [Not 24/7],https://live.creacast.com/mirabelletv/smil:mirabelletv.smil/playlist.m3u8,网络源,https://i.imgur.com/hrm5QnU.png
Mosfilm Gold Collection (576p),http://31.222.235.15/mosfilm/index.m3u8,网络源,https://i.imgur.com/95Y8jb6.png
Moskva 24 (1080p),https://stream.smotrim.ru/hls/givc8/playlist.m3u8?entity=channel&id=798&sign=37881ef2e289f062ceff0dca6c24dc58,网络源,https://i.imgur.com/gXbUMVy.png
Moskva. Doveriye (576p),https://stream.smotrim.ru/hls2/doverie/playlist_3.m3u8,网络源,https://i.imgur.com/QDqDQzt.png
Most Haunted (1080p),https://amg00426-lds-amg00426c17-samsung-gb-10157.playouts.now.amagi.tv/playlist.m3u8,网络源,https://images.pluto.tv/channels/66d722d31878f200081c2c64/colorLogoPNG.png
Motorvision (1080p),https://mvg-mv-xumo.otteravision.com/mvg/mv/mv.m3u8,网络源,https://i.imgur.com/v4kj8pI.png
Movie Bangla,http://alvetv.com/moviebanglatv/8080/index.m3u8,网络源,https://www.jagobd.com/wp-content/uploads/2016/02/moviebangla.jpg?x50681
Movie Music by Stingray (1080p),https://lotus.stingray.com/manifest/cmusic-cme004-montreal/samsungtvplus/master.m3u8,网络源,https://encrypted-tbn0.gstatic.com/images?q=tbn:ANd9GcQ2CSpCdAxnLpqebMLZh6h7vMPk6LYpdqkVHA&s
Moviedome (720p),https://jmp2.uk/plu-615c1e5ce3039400070a0547.m3u8,网络源,https://i.imgur.com/8c54ycg.png
Movies Action (1080p),https://shd-amg-fast.edgenextcdn.net/tx011/playlist.m3u8,网络源,https://i.imgur.com/NIVhISa.png
Movies Thriller (1080p),https://shd-amg-fast.edgenextcdn.net/tx012/playlist.m3u8,网络源,https://i.imgur.com/JWihdcl.png
Movies! (480p),https://bozztv.com/dvrfl03/hdirect/hdirect-ovair1-movies!/index.m3u8,网络源,https://i.imgur.com/gAGn3mK.png
Movies! KPVM-LD,https://2-fss-2.streamhoster.com/pl_120/206858-4412962-1/playlist.m3u8,网络源,https://i.imgur.com/gAGn3mK.png
MovieSmart Turk (576p),http://playhdnewjj.xyz:8080/recc121412/KVqfhtdJ2nQ7/174,网络源,https://i.imgur.com/DWN9ulT.png
MovieSphere (1080p),https://amg00353-lionsgatestudio-moviesphere-xumo-zh5u0.amagi.tv/playlist.m3u8,网络源,https://i.imgur.com/h1ejU90.png
MovieSphere AU (1080p),https://amg00353-lionsgatefilmsi-moviesphereaus-samsungau-7qzhf.amagi.tv/playlist/amg00353-lionsgatefilmsi-moviesphereaus-samsungau/playlist.m3u8,网络源,https://i.imgur.com/h1ejU90.png
MovieSphere CA,https://jmp2.uk/plu-64a3d96f060e830008af6745.m3u8,网络源,https://i.imgur.com/h1ejU90.png
MovieSphere UK (1080p),https://moviesphereuk-samsunguk.amagi.tv/playlist.m3u8,网络源,https://i.imgur.com/h1ejU90.png
MovieSphere Gold WFXT (1080p),https://cdn-uw2-prod.tsv2.amagi.tv/linear/amg01438-ewscrippscompan-ionmystery-tablo/playlist.m3u8,网络源,https://upload.wikimedia.org/wikipedia/commons/thumb/8/87/MovieSphere_Gold_2025_logo.svg/500px-MovieSphere_Gold_2025_logo.svg.png
Movistar Deportes (1080p),http://45.4.1.201:8000/play/a13e/index.m3u8,网络源,https://i.imgur.com/Zt3iE86.png
Movistar Plus (576p),http://45.4.1.201:8000/play/a19y/index.m3u8,网络源,https://i.imgur.com/yGQGDoi.png
Moy mir (720p),https://moymir.ru/hls/onair.m3u8,网络源,https://www.cableman.ru/sites/default/files/MM-TV_logo-1%5B1509%5D.png
Moya Planeta (1080p),http://91.226.120.120/chid210/tracks-v1a1/mono.m3u8,网络源,https://i.imgur.com/uIiAdBv.png
Moya stikhiya HD (1080p),http://stream.mcquack.net/141/index.m3u8,网络源,https://i.imgur.com/Sl8c9eB.png
MQTV (720p) [Not 24/7],https://5bf7b725107e5.streamlock.net/mqtv/mqtv/playlist.m3u8,网络源,https://i.imgur.com/d8dQo6E.png
Mr Bean Animated (1080p),https://amg00627-amg00627c23-samsung-au-4110.playouts.now.amagi.tv/playlist.m3u8,网络源,https://static.wikia.nocookie.net/logopedia/images/2/25/Mr._Bean_Animated_Series_stacked_logo.png
Mr Bean Animated ES (1080p),https://amg00627-amg00627c30-rakuten-es-3990.playouts.now.amagi.tv/playlist/amg00627-banijayfast-mrbeanescc-rakutenes/playlist.m3u8,网络源,https://static.wikia.nocookie.net/logopedia/images/2/25/Mr._Bean_Animated_Series_stacked_logo.png
Mr Bean Animated FR (1080p),https://amg00627-amg00627c31-rakuten-fr-3991.playouts.now.amagi.tv/playlist/amg00627-banijayfast-mrbeanfrcc-rakutenfr/playlist.m3u8,网络源,https://static.wikia.nocookie.net/logopedia/images/2/25/Mr._Bean_Animated_Series_stacked_logo.png
Mr Bean Animated IT (1080p),https://amg00627-amg00627c29-rakuten-it-3989.playouts.now.amagi.tv/playlist/amg00627-banijayfast-mrbeanitcc-rakutenit/playlist.m3u8,网络源,https://static.wikia.nocookie.net/logopedia/images/2/25/Mr._Bean_Animated_Series_stacked_logo.png
Mr Bean Live Action (1080p),https://amg00627-amg00627c39-samsung-gb-5569.playouts.now.amagi.tv/playlist.m3u8,网络源,https://d2yv6y0n3qsl5c.cloudfront.net/MBEANP/MrBeanLiveAction-LG_LOGO_800x200.png
MRT 2 [Geo-blocked],https://vipottbpkstream.vip.hr/Content/onevip-hls/Live/Channel(MRT_2)/index.m3u8,网络源,https://i.imgur.com/YvOrUnN.png
MRT Sobraniski kanal [Geo-blocked],https://vipottbpkstream.vip.hr/Content/onevip-hls/Live/Channel(Sobraniski_Kanal)/index.m3u8,网络源,https://i.imgur.com/fyNQ8Nf.png
MRTV,https://mrtvott.com/cache/MRTV-HD/master.m3u8,网络源,https://i.imgur.com/uyv7oJH.png
MRTV Entertainment,https://mrtvott.com/cache/MRTV-Ent-HD/master.m3u8,网络源,https://i.imgur.com/c9q6oT0.png
MRTV Farmer,https://mrtvott.com/cache/MRTV-FARMER/master.m3u8,网络源,https://i.imgur.com/f4PWvrW.jpg
MRTV News,https://mrtvott.com/cache/MRTV-NEWS-HD/master.m3u8,网络源,https://i.imgur.com/5eK8Bc4.png
MRTV NRC,https://mrtvott.com/cache/MRTV-NRC-HD/master.m3u8,网络源,https://i.imgur.com/5aLFslk.jpg
MRTV Sports [Not 24/7],https://mrtvott.com/cache/MRTV-SPORT/master.m3u8,网络源,https://i.imgur.com/cFTR4kC.png
MRVTV Channel 44 (720p),https://livestream.telvue.com/madrivervalleytv1/f7b44cfafd5c52223d5498196c8a2e7b.sdp/playlist.m3u8,网络源,https://i.imgur.com/QZcENP2.png
MRVTV Channel 45 (720p),https://livestream.telvue.com/madrivervalleytv2/f7b44cfafd5c52223d5498196c8a2e7b.sdp/playlist.m3u8,网络源,https://i.imgur.com/QZcENP2.png
MS NOW (720p),http://cdn.haititivi.com/MSNBC/index.m3u8,网络源,https://upload.wikimedia.org/wikipedia/commons/thumb/c/c2/MS_NOW_logo.svg/960px-MS_NOW_logo.svg.png
MSG (720p),http://23.237.104.106:8080/USA_MSG/index.m3u8,网络源,https://i.imgur.com/SEQFh0P.png
MST3K (1080p),https://mst3k-roku.amagi.tv/playlist.m3u8,网络源,https://i.imgur.com/2LSdcga.png
MSTV (1080p),https://reflect-mcsb-vod.cablecast.tv/live-16/live/live.m3u8,网络源,https://i.imgur.com/x0lJqSp.png
MTA1 World (720p),https://chlivemta1.akamaized.net/hls/live/2008145/mta1/playlist.m3u8,网络源,https://i.imgur.com/bYiRfAg.png
MTA2 Europe (720p),https://chlivemta1.akamaized.net/hls/live/2008145/mta2/playlist.m3u8,网络源,https://i.imgur.com/aVts0sz.png
MTA3 Al-Arabia (1080p),https://chlivemta1.akamaized.net/hls/live/2010556/mta3alarabia/playlist.m3u8,网络源,https://i.imgur.com/m3PEldJ.png
MTA4 Africa (1080p),https://chlivemta.akamaized.net/hls/live/2010555/mtaafrica1/playlist.m3u8,网络源,https://i.imgur.com/lmVeQQX.png
MTA5 Africa (1080p),https://chlivemta.akamaized.net/hls/live/2010555/mtaafrica2/playlist.m3u8,网络源,https://i.imgur.com/9Cobb2i.png
MTA6 Asia (1080p),https://livemtaasia.akamaized.net/hls/live/2039224/mta6asia/playlist.m3u8,网络源,https://i.imgur.com/nhCNPJI.png
MTA7 Asia (1080p),https://livemtaasia.akamaized.net/hls/live/2039224/mtaasia2/playlist.m3u8,网络源,https://i.imgur.com/3Nl8Tpu.png
MTA8 America (1080p),https://chlivemta.akamaized.net/hls/live/2016718/mta8/playlist.m3u8,网络源,https://i.imgur.com/CF6X9wB.png
Mtavari Arkhi,https://live20.bozztv.com/dvrfl05/gin-mtavariarxi/index.m3u8,网络源,https://i.imgur.com/tLtGnJW.png
MTC,https://mtchls.wns.live/hls/stream.m3u8,网络源,https://i.imgur.com/JxoAR4j.png
MTM [Geo-blocked],https://vipottbpkstream.vip.hr/Content/onevip-hls/Live/Channel(MTM)/index.m3u8,网络源,https://i.ibb.co/HCRZVVz/images-4.png
MTN (720p),http://183.110.27.87/mtnlive/720/playlist.m3u8,网络源,https://i.imgur.com/MS0lqoG.png
MTNA TV,https://live.mtna.tv/hls/mtna/mtna.m3u8,网络源,https://i.imgur.com/v7SA92F.png
MTR (1080p),https://cdnsk003.panaccess.com/local/Ruzomberok/index.m3u8,网络源,https://www.mtr.sk/img/logo-mtr-0.png
MTRK (576p),https://tvcdn01.esilnet.kz/tv/mtrk/index.m3u8,网络源,https://i.imgur.com/XMyRwDk.png
MTurk TV (1080p),https://edge1.socialsmart.tv/muglaturk/bant1/playlist.m3u8,网络源,https://i.imgur.com/xj1gvrq.png
MTV2 (720p),http://198.58.104.90:8989/mtv2/index.m3u8,网络源,https://upload.wikimedia.org/wikipedia/en/thumb/2/21/MTV2_logo_2013.svg/960px-MTV2_logo_2013.svg.png
MTV (Germany),https://ma.anixa.tv/clips/stream/mtv/playlist.php,网络源,https://upload.wikimedia.org/wikipedia/commons/thumb/6/68/MTV_2021_%28brand_version%29.svg/960px-MTV_2021_%28brand_version%29.svg.png
MTV (United States) (1080p),http://23.237.104.106:8080/USA_MTV/index.m3u8,网络源,https://upload.wikimedia.org/wikipedia/commons/thumb/6/68/MTV_2021_%28brand_version%29.svg/960px-MTV_2021_%28brand_version%29.svg.png
MTV Are you the One?,https://jmp2.uk/plu-5f6108d8cc331900075e98e4.m3u8,网络源,https://images.pluto.tv/channels/5f6108d8cc331900075e98e4/colorLogoPNG.png
MTV Biggest Pop (1080p),https://jmp2.uk/plu-5d14fd1a252d35decbc4080c.m3u8,网络源,https://images.pluto.tv/channels/6047fbdbbb776a0007e7f2ff/colorLogoPNG.png
MTV Biggest Pop BR (1080p),https://jmp2.uk/plu-6047fbdbbb776a0007e7f2ff.m3u8,网络源,https://images.pluto.tv/channels/6047fbdbbb776a0007e7f2ff/colorLogoPNG.png
MTV Biggest Pop CA (1080p),https://jmp2.uk/plu-65410176770cf1000866bf31.m3u8,网络源,https://images.pluto.tv/channels/6047fbdbbb776a0007e7f2ff/colorLogoPNG.png
MTV Biggest Pop LatAm (1080p),https://jmp2.uk/plu-6047fabfce6e8e00070bcc9f.m3u8,网络源,https://images.pluto.tv/channels/6047fbdbbb776a0007e7f2ff/colorLogoPNG.png
MTV Catfish (Sweden) (720p),https://jmp2.uk/plu-61780d4267bf4d00077ddd73.m3u8,网络源,https://images.pluto.tv/channels/6177fe76691b2e000702c7fc/colorLogoPNG_1750864554364.png
MTV Catfish (Sweden) DK (720p),https://jmp2.uk/plu-6177fe76691b2e000702c7fc.m3u8,网络源,https://images.pluto.tv/channels/6177fe76691b2e000702c7fc/colorLogoPNG_1750864554364.png
MTV Catfish (Sweden) NO,https://jmp2.uk/plu-61781a52a3638a00078fa57e.m3u8,网络源,https://images.pluto.tv/channels/6177fe76691b2e000702c7fc/colorLogoPNG_1750864554364.png
MTV Catfish (United States),https://jmp2.uk/plu-64f8a2a23a0d700008a6ed7b.m3u8,网络源,https://images.pluto.tv/channels/626c2a3502d84a0007cec817/colorLogoPNG.png
MTV Catfish (United States) BR (720p),https://jmp2.uk/plu-626c2a3502d84a0007cec817.m3u8,网络源,https://images.pluto.tv/channels/626c2a3502d84a0007cec817/colorLogoPNG.png
MTV Catfish (United States) LatAm (720p),https://jmp2.uk/plu-625461ef01f27a0007976ad1.m3u8,网络源,https://images.pluto.tv/channels/626c2a3502d84a0007cec817/colorLogoPNG.png
MTV Catfish TV Show,https://jmp2.uk/plu-6093f9ed2c75660007322bb7.m3u8,网络源,https://images.pluto.tv/channels/6093f9ed2c75660007322bb7/colorLogoPNG_1750862971704.png
MTV Catfish TV Show DACH (720p),https://jmp2.uk/plu-5db6a697d5f34a000934cd13.m3u8,网络源,https://images.pluto.tv/channels/6093f9ed2c75660007322bb7/colorLogoPNG_1750862971704.png
MTV Catfish TV Show ES (720p),https://jmp2.uk/plu-5f1ab3c7778230000735cf41.m3u8,网络源,https://images.pluto.tv/channels/6093f9ed2c75660007322bb7/colorLogoPNG_1750862971704.png
MTV Catfish TV Show FR (720p),https://jmp2.uk/plu-5f8eb66537867f0007146953.m3u8,网络源,https://images.pluto.tv/channels/6093f9ed2c75660007322bb7/colorLogoPNG_1750862971704.png
MTV Catfish TV Show GB,https://jmp2.uk/plu-625eaebc2a73a00007d3f855.m3u8,网络源,https://images.pluto.tv/channels/6093f9ed2c75660007322bb7/colorLogoPNG_1750862971704.png
MTV Chontales (720p) [Not 24/7],https://altair.hostingnica.net/hls/mtv_stream/index.m3u8,网络源,https://i.imgur.com/zgUPYdv.png
MTV Classic BR (720p),https://jmp2.uk/plu-66a01dcb8561260008b0a41d.m3u8,网络源,https://images.pluto.tv/channels/66a01dcb8561260008b0a41d/colorLogoPNG.png
MTV Classic CA (720p),https://jmp2.uk/plu-654100b4bdf3cf0008aa49c7.m3u8,网络源,https://images.pluto.tv/channels/66a01dcb8561260008b0a41d/colorLogoPNG.png
MTV Classic LatAm (720p),https://jmp2.uk/plu-66a11a21a79dea0008aa90ca.m3u8,网络源,https://images.pluto.tv/channels/66a01dcb8561260008b0a41d/colorLogoPNG.png
MTV CLASSICS,https://jmp2.uk/plu-5f92b56a367e170007cd43f4.m3u8,网络源,https://images.pluto.tv/channels/5f92b56a367e170007cd43f4/colorLogoPNG.png
MTV Com o Ex,https://jmp2.uk/plu-61a528267e1b8b0007357920.m3u8,网络源,https://images.pluto.tv/channels/61a528267e1b8b0007357920/colorLogoPNG.png
MTV Con Mi Ex,https://jmp2.uk/plu-638693db857364000781b471.m3u8,网络源,https://images.pluto.tv/channels/638693db857364000781b471/colorLogoPNG.png
MTV Dating (Germany) (720p),https://jmp2.uk/plu-5caf330ea5068259a32320fd.m3u8,网络源,https://images.pluto.tv/channels/5caf330ea5068259a32320fd/colorLogoPNG.png
MTV Dating (Germany) ES (720p),https://jmp2.uk/plu-600169ec77e6f70008fa9cf0.m3u8,网络源,https://images.pluto.tv/channels/5caf330ea5068259a32320fd/colorLogoPNG.png
MTV Dating (Sweden) (720p),https://jmp2.uk/plu-685140f121f49d1b9d178249.m3u8,网络源,https://images.pluto.tv/channels/6851407c21f49d1b9d177493/colorLogoPNG_1750843393149.png
MTV Dating (Sweden) DK (720p),https://jmp2.uk/plu-6851407c21f49d1b9d177493.m3u8,网络源,https://images.pluto.tv/channels/6851407c21f49d1b9d177493/colorLogoPNG_1750843393149.png
MTV Dating (Sweden) NO (720p),https://jmp2.uk/plu-685140bd21f49d1b9d177e21.m3u8,网络源,https://images.pluto.tv/channels/6851407c21f49d1b9d177493/colorLogoPNG_1750843393149.png
MTV Dating (United States),https://jmp2.uk/plu-6851bb3426beced4f2f67ee6.m3u8,网络源,https://images.pluto.tv/channels/6851bb3426beced4f2f67ee6/colorLogoPNG_1750686926779.png
MTV Dating (United States) CA,https://jmp2.uk/plu-64f8a0c230ab3300084369b8.m3u8,网络源,https://images.pluto.tv/channels/6851bb3426beced4f2f67ee6/colorLogoPNG_1750686926779.png
MTV Dating (United States) LatAm (720p),https://jmp2.uk/plu-6851b909954170e0128bc71d.m3u8,网络源,https://images.pluto.tv/channels/6851bb3426beced4f2f67ee6/colorLogoPNG_1750686926779.png
MTV Drag,https://jmp2.uk/plu-645111f1d8436e00081bb2bd.m3u8,网络源,https://images.pluto.tv/channels/645111f1d8436e00081bb2bd/colorLogoPNG.png
MTV Drag LatAm,https://jmp2.uk/plu-64510d3ad3fdde00080951f2.m3u8,网络源,https://images.pluto.tv/channels/645111f1d8436e00081bb2bd/colorLogoPNG.png
MTV Embarazada a los 16,https://jmp2.uk/plu-5f98537a5a4341000733aefe.m3u8,网络源,https://images.pluto.tv/channels/5f98537a5a4341000733aefe/colorLogoPNG.png
MTV en Espanol,https://jmp2.uk/plu-5cf96d351652631e36d4331f.m3u8,网络源,https://i.imgur.com/vQWWfyW.png
MTV Ex On The Beach,https://jmp2.uk/plu-61c09072a09bbe00078f5692.m3u8,网络源,https://images.pluto.tv/channels/61c0909b872c650008ed42e4/colorLogoPNG.png
MTV Ex On The Beach DK,https://jmp2.uk/plu-61c0909b872c650008ed42e4.m3u8,网络源,https://images.pluto.tv/channels/61c0909b872c650008ed42e4/colorLogoPNG.png
MTV Ex On The Beach NO,https://jmp2.uk/plu-61c1d66518447e000717e4c2.m3u8,网络源,https://images.pluto.tv/channels/61c0909b872c650008ed42e4/colorLogoPNG.png
MTV Flow Latino (720p),https://jmp2.uk/plu-5d3609cd6a6c78d7672f2a81.m3u8,网络源,https://images.pluto.tv/channels/62b218fc511d4b00070ddc0c/colorLogoPNG.png
MTV Flow Latino LatAm (720p),https://jmp2.uk/plu-62b218fc511d4b00070ddc0c.m3u8,网络源,https://images.pluto.tv/channels/62b218fc511d4b00070ddc0c/colorLogoPNG.png
MTV Geordies,https://jmp2.uk/plu-627d3176d7dfa500077042f1.m3u8,网络源,https://images.pluto.tv/channels/627d3176d7dfa500077042f1/colorLogoPNG.png
MTV Global (720p),http://dvr2.kablova.tv/MTV/index.m3u8,网络源,https://i.imgur.com/n2BoU7Q.png
MTV Guyana (1080p) [Not 24/7],https://stream.mtvgy.com/mtvguyana/index.fmp4.m3u8,网络源,https://i.imgur.com/Ky70brA.png
MTV Jersey Shore,https://jmp2.uk/plu-68b9b0dbf9cf3d7cb9f56d88.m3u8,网络源,https://images.pluto.tv/channels/68b9b0dbf9cf3d7cb9f56d88/colorLogoPNG_1757455543454.png
MTV Jerseys,https://jmp2.uk/plu-62ac3d7dc23b400008ae5b5a.m3u8,网络源,https://images.pluto.tv/channels/62ac3d7dc23b400008ae5b5a/colorLogoPNG.png
MTV Jovens e Maes (720p),https://jmp2.uk/plu-620fdc7d8a36fc000710e3ba.m3u8,网络源,https://images.pluto.tv/channels/620fdc7d8a36fc000710e3ba/colorLogoPNG.png
MTV Latin America (1080p),http://15.204.246.24:8080/MTVHD/index.m3u8,网络源,https://upload.wikimedia.org/wikipedia/commons/thumb/6/68/MTV_2021_%28brand_version%29.svg/960px-MTV_2021_%28brand_version%29.svg.png
MTV Lebanon (1080p),https://shd-gcp-live.edgenextcdn.net/live/bitmovin-mtv-lebanon/b8ebb2a5affb812f1541712adde10e26/index.m3u8,网络源,https://upload.wikimedia.org/wikipedia/commons/7/75/Murr_tv.png
MTV Live (720p),http://23.237.104.106:8080/USA_MTV_LIVE/index.m3u8,网络源,https://i.imgur.com/3UByLqb.png
MTV Originals,https://jmp2.uk/plu-5f1aadf373bed3000794d1d7.m3u8,网络源,https://images.pluto.tv/channels/5f1aadf373bed3000794d1d7/colorLogoPNG.png
MTV Pluto TV (Germany),https://jmp2.uk/plu-5caf325764025859afdd6c4d.m3u8,网络源,https://images.pluto.tv/channels/5caf325764025859afdd6c4d/colorLogoPNG.png
MTV Pluto TV (United States),https://jmp2.uk/plu-5ca672f515a62078d2ec0ad2.m3u8,网络源,https://images.pluto.tv/channels/5f1212fb81e85c00077ae9ef/colorLogoPNG_1759263027326.png
MTV Pluto TV (United States) BR,https://jmp2.uk/plu-5f1212fb81e85c00077ae9ef.m3u8,网络源,https://images.pluto.tv/channels/5f1212fb81e85c00077ae9ef/colorLogoPNG_1759263027326.png
MTV Pluto TV (United States) LatAm (720p),https://jmp2.uk/plu-5fab088b3279760007d4e4fd.m3u8,网络源,https://images.pluto.tv/channels/5fab088b3279760007d4e4fd/colorLogoPNG_1764875981566.png
MTV Reality (Germany) (720p),https://jmp2.uk/plu-685136fb33a52de120bbb086.m3u8,网络源,https://images.pluto.tv/channels/685136fb33a52de120bbb086/colorLogoPNG_1780303948285.png
MTV Reality (Germany) ES (720p),https://jmp2.uk/plu-6130d8dc943001000708548d.m3u8,网络源,https://images.pluto.tv/channels/685136fb33a52de120bbb086/colorLogoPNG_1780303948285.png
MTV Reality (Sweden) (720p),https://jmp2.uk/plu-685139b0f7d8b74b62f41c96.m3u8,网络源,https://images.pluto.tv/channels/685137f4a1e091e16f2dd471/colorLogoPNG_1780301718240.png
MTV Reality (Sweden) DK (720p),https://jmp2.uk/plu-685137f4a1e091e16f2dd471.m3u8,网络源,https://images.pluto.tv/channels/685137f4a1e091e16f2dd471/colorLogoPNG_1780301718240.png
MTV Reality (Sweden) NO,https://jmp2.uk/plu-68513950f212bedacf8ec48f.m3u8,网络源,https://images.pluto.tv/channels/685137f4a1e091e16f2dd471/colorLogoPNG_1780301718240.png
MTV Reality (United States) (720p),https://jmp2.uk/plu-6851bdfc9ac48fde5e07f5ae.m3u8,网络源,https://images.pluto.tv/channels/6851bdfc9ac48fde5e07f5ae/colorLogoPNG_1780319925470.png
MTV Reality (United States) CA,https://jmp2.uk/plu-64f89fcfd661bb00081ba45c.m3u8,网络源,https://images.pluto.tv/channels/6851bdfc9ac48fde5e07f5ae/colorLogoPNG_1780319925470.png
MTV Reality (United States) LatAm (720p),https://jmp2.uk/plu-5de91b7ea86ee60009d89e75.m3u8,网络源,https://images.pluto.tv/channels/6851bdfc9ac48fde5e07f5ae/colorLogoPNG_1780319925470.png
MTV Ridiculousness (Germany),https://jmp2.uk/plu-5f9847fd513250000728a9a5.m3u8,网络源,https://images.pluto.tv/channels/5f9847fd513250000728a9a5/colorLogoPNG.png
MTV Ridiculousness (Sweden) (720p),https://jmp2.uk/plu-62cda0dfddc1040008fccacc.m3u8,网络源,https://images.pluto.tv/channels/62cd9641393d8400076f34db/colorLogoPNG_1762770639864.png
MTV Ridiculousness (Sweden) DK (720p),https://jmp2.uk/plu-62cd9641393d8400076f34db.m3u8,网络源,https://images.pluto.tv/channels/62cd9641393d8400076f34db/colorLogoPNG_1762770639864.png
MTV Ridiculousness (Sweden) NO (720p),https://jmp2.uk/plu-62cd9e0d10bb020007005628.m3u8,网络源,https://images.pluto.tv/channels/62cd9641393d8400076f34db/colorLogoPNG_1762770639864.png
MTV Ridiculousness (United States) CA,https://jmp2.uk/plu-64f9cccf110545000837912e.m3u8,网络源,https://images.pluto.tv/channels/68641eb4852dfe78698c3390/colorLogoPNG_1751392300412.png
MTV Ridiculousness (United States) LatAm (720p),https://jmp2.uk/plu-5e98a911c881310007d7aae2.m3u8,网络源,https://images.pluto.tv/channels/68641eb4852dfe78698c3390/colorLogoPNG_1751392300412.png
MTV Rocks,https://jmp2.uk/plu-66a01e07d2d50d0008100d6a.m3u8,网络源,https://images.pluto.tv/channels/66a01e07d2d50d0008100d6a/colorLogoPNG.png
MTV Rocks LatAm,https://jmp2.uk/plu-66a01b52a4ee27000808ea36.m3u8,网络源,https://images.pluto.tv/channels/66a01e07d2d50d0008100d6a/colorLogoPNG.png
MTV Shore,https://jmp2.uk/plu-625463563b8ddc0007134aeb.m3u8,网络源,https://images.pluto.tv/channels/625463563b8ddc0007134aeb/colorLogoPNG.png
MTV Spankin' New (1080p),https://jmp2.uk/plu-5d14fdb8ca91eedee1633117.m3u8,网络源,https://images.pluto.tv/channels/6541010f770cf1000866be98/colorLogoPNG.png
MTV Spankin' New CA (1080p),https://jmp2.uk/plu-6541010f770cf1000866be98.m3u8,网络源,https://images.pluto.tv/channels/6541010f770cf1000866be98/colorLogoPNG.png
MTV Teen Mom (Germany) (720p),https://jmp2.uk/plu-5cffcf5686dfe15595fb3f56.m3u8,网络源,https://images.pluto.tv/channels/5cffcf5686dfe15595fb3f56/colorLogoPNG_1750154727513.png
MTV Teen Mom (Germany) ES (720p),https://jmp2.uk/plu-604f81a49ef73300070e554f.m3u8,网络源,https://images.pluto.tv/channels/5cffcf5686dfe15595fb3f56/colorLogoPNG_1750154727513.png
MTV Teen Mom (Sweden) (720p),https://jmp2.uk/plu-61c09342b3a6230007a45119.m3u8,网络源,https://images.pluto.tv/channels/61c092157e1b8b0007372a35/colorLogoPNG_1748001686588.png
MTV Teen Mom (Sweden) DK (720p),https://jmp2.uk/plu-61c092157e1b8b0007372a35.m3u8,网络源,https://images.pluto.tv/channels/61c092157e1b8b0007372a35/colorLogoPNG_1748001686588.png
MTV Teen Mom (Sweden) NO (720p),https://jmp2.uk/plu-61c1df62b7672a0007b6c9ba.m3u8,网络源,https://images.pluto.tv/channels/61c092157e1b8b0007372a35/colorLogoPNG_1748001686588.png
MTV Teen Mom (United States) (720p),https://jmp2.uk/plu-620fd9f4afb9a80007a9c6d5.m3u8,网络源,https://images.pluto.tv/channels/620fd9f4afb9a80007a9c6d5/colorLogoPNG.png
MTV The Hills,https://jmp2.uk/plu-61c08d7c73bdb800070eef0a.m3u8,网络源,https://images.pluto.tv/channels/61c09039ebd75200072587f9/colorLogoPNG.png
MTV The Hills DK,https://jmp2.uk/plu-61c09039ebd75200072587f9.m3u8,网络源,https://images.pluto.tv/channels/61c09039ebd75200072587f9/colorLogoPNG.png
MTV The Hills NO,https://jmp2.uk/plu-61c1d56f28e94c0007827bdb.m3u8,网络源,https://images.pluto.tv/channels/61c09039ebd75200072587f9/colorLogoPNG.png
MTV Uutiset (720p),https://live.streaming.a2d.tv/asset/20025962.isml/.m3u8,网络源,https://i.imgur.com/ZO8ShOK.png
MTV Verguenza ajena (720p),https://jmp2.uk/plu-63eb9495a8b227000841bf64.m3u8,网络源,https://images.pluto.tv/channels/63eb9495a8b227000841bf64/colorLogoPNG.png
MTV Volgograd (720p) [Not 24/7],http://hls.volgograd1vtv.cdnvideo.ru/volgograd1vtv/volgograd1vtv.sdp/playlist.m3u8,网络源,https://i.imgur.com/pdCAUrP.png
Mult (1080p),http://31.148.48.15/Mult_HD/index.m3u8,网络源,https://i.imgur.com/xi351Fx.png
Mult International (576p),https://fs.uplink.kz/mult/mono.m3u8?token=onlinetv,网络源,https://i.imgur.com/xi351Fx.png
Mult i muzyka (576p),http://hls127.freeott.top:8080/Mult_Muzika/video.m3u8,网络源,https://i.imgur.com/SYt6BZP.png
Multicanal Catamayo (720p) [Not 24/7],https://multicanal.streamseguro.com:5443/LiveApp/streams/streaming.m3u8,网络源,https://i.imgur.com/IHKBGmu.png
Multilandia (576p),https://fs.uplink.kz/multilandia/mono.m3u8?token=onlinetv,网络源,https://i.imgur.com/ccwijY0.png
Multimania (576p),https://sirius.greenhosting.ru/MultimaniaRu/tracks-v1a1/mono.m3u8,网络源,https://i.imgur.com/abh8ZBA.png
Multimedios Bajio (720p) [Not 24/7],https://mdstrm.com/live-stream-playlist/5d4b0fec848918070128c8cb.m3u8,网络源,https://i.imgur.com/4IGzNdq.png
Multimedios CDMX (720p) [Not 24/7],https://mdstrm.com/live-stream-playlist/5f2d9d6ff17144074bd8a284.m3u8,网络源,https://i.imgur.com/4IGzNdq.png
Multimedios Ciudad Juarez (720p) [Not 24/7],https://mdstrm.com/live-stream-playlist/5d9e440d675235586a92be7f.m3u8,网络源,https://i.imgur.com/4IGzNdq.png
Multimedios Guadalajara (720p) [Not 24/7],https://mdstrm.com/live-stream-playlist/5c54d38ca392a5119bb0aa0d.m3u8,网络源,https://i.imgur.com/4IGzNdq.png
Multimedios Laguna (720p) [Not 24/7],https://mdstrm.com/live-stream-playlist/57bf686a61ff39e1085d43e1.m3u8,网络源,https://i.imgur.com/4IGzNdq.png
Multimedios Monterrey (720p) [Not 24/7],https://mdstrm.com/live-stream-playlist/57b4dbf5dbbfc8f16bb63ce1.m3u8,网络源,https://i.imgur.com/4IGzNdq.png
Multimedios Puebla (720p) [Not 24/7],https://mdstrm.com/live-stream-playlist/5d56ed29c92dd106ff01543b.m3u8,网络源,https://i.imgur.com/4IGzNdq.png
Multimedios Saltillo (720p) [Not 24/7],https://mdstrm.com/live-stream-playlist/5d5d51a4e9a40e25f4a0332c.m3u8,网络源,https://i.imgur.com/4IGzNdq.png
Multivision Canal 3 (720p) [Not 24/7],https://stream.digitalgt.com:3136/live/multivisionlive.m3u8,网络源,https://i.imgur.com/6bdj2BV.jpg
Multivision Sports (720p) [Not 24/7],https://stream.digitalgt.com:3605/live/multivisionsportslive.m3u8,网络源,https://i.imgur.com/wLjSSo2.jpg
Munchen TV (1080p) [Not 24/7],https://muenchentv.iptv-playoutcenter.de/muenchentv/muenchentv.stream_1/playlist.m3u8,网络源,https://i.imgur.com/lt7xNWW.png
Mundos Lacustres TV (720p),https://video.ipstream.cl:3710/hybrid/play.m3u8,网络源,https://i.imgur.com/5xKtvnD.jpeg
Munnaaru,https://customer-ujex1meek7koqd9x.cloudflarestream.com/6a46f90ca384c7419efdbef3ff1892a9/manifest/video.m3u8,网络源,https://i.imgur.com/Adhr5xq.png
Munsif TV (576p),https://live1.ottlive.co.in/munsiftv/munsiftv/index.m3u8,网络源,https://xstreamcp-assets-msp.streamready.in/assets/LIVETV/LIVECHANNEL/LIVETV_LIVETVCHANNEL_MUNSIF_TV/images/LOGO_HD/LOGO_HD_image.png
Musavision (1080p),https://cnn.hostlagarto.com/musavisiontv/tracks-v1a1/mono.m3u8,网络源,https://i.imgur.com/wMse6cT.png
Muscel TV (720p),https://cdn.streamnet.pro/musceltv/live/playlist.m3u8,网络源,https://i.ibb.co/Bq9CHyn/Musceltv1.png
Museum TV French [Geo-blocked],https://cdn-ue1-prod.tsv2.amagi.tv/linear/amg01492-secomsasmediart-museumtv-eng-samsungit/playlist.m3u8,网络源,https://i.imgur.com/WbjURLo.png
Music (480p) [Not 24/7],https://st2.mediabay.tv/KG_KTRK-Muzika/index.m3u8,网络源,https://www.utrk.kg/img/stream/45.png
Music Box Brazil (720p),http://168.197.104.22/MUSIC/index.m3u8,网络源,https://i.imgur.com/CDPCF2X.png
Music Box Classic,http://88.212.15.19/live/mb_classic/index.m3u8,网络源,https://musicboxclassic.com/music_box_classic_logo.png
Music Box Dance,http://88.212.15.19/live/mb_dance/index.m3u8,网络源,https://musicboxdance.com/music_box_dance_logo.png
Music Box Hits,http://88.212.15.19/live/mb_hits/index.m3u8,网络源,https://musicboxhits.com/music_box_hits_logo.png
Music Box Sexy,http://88.212.15.19/live/mb_sexy/index.m3u8,网络源,https://musicboxsexy.com/music_box_sexy_logo.png
Music India (576p),https://streams.tangotv.in/MUSICINDIA/ORIGIN/index.m3u8,网络源,https://dtil.tmsimg.com/assets/s143563_ld_h15_aa.png?lock=720x540
Music TV Granada (1080p) [Not 24/7],https://cloudvideo.servers10.com:8081/8032/index.m3u8,网络源,https://i.ibb.co/Swd9NP7n/music-tv-granada.png
MusicBox Gold (576p),http://str2.iptvhd.ru:8080/360TuneBox/index.m3u8,网络源,https://i.imgur.com/3arWh0k.png
MusicTop (1080p),https://stream-gtlc.telecentro.net.ar/hls/musictophls/0/playlist.m3u8,网络源,https://cdn.mitvstatic.com/channels/ar_musictop_m.png
Muslim Network TV,https://afghantv.app/hls2/muslimnetwork/index.m3u8,网络源,
MUTV (720p),https://fastly.live.brightcove.com/6374054671112/eu-west-1/6058004203001/eyJhbGciOiJIUzI1NiIsInR5cCI6IkpXVCJ9.eyJob3N0IjoiYXplMnp5LmVncmVzcy55ODN1ZWIiLCJhY2NvdW50X2lkIjoiNjA1ODAwNDIwMzAwMSIsImVobiI6ImZhc3RseS5saXZlLmJyaWdodGNvdmUuY29tIiwiaXNzIjoiYmxpdmUtcGxheWJhY2stc291cmNlLWFwaSIsInN1YiI6InBhdGhtYXB0b2tlbiIsImF1ZCI6WyI2MDU4MDA0MjAzMDAxIl0sImp0aSI6IjYzNzQwNTQ2NzExMTIifQ.3FmuTna3DAmY7xlhK5fk6LMrosrtrR5VsU2QOgYO5y4/playlist-hls.m3u8,网络源,https://d2n0069hmnqmmx.cloudfront.net/epgdata/1.0/newchanlogos/512/512/skychb1834.png
Muugi TV (480p) [Not 24/7],https://goliveafrica.media:9998/live/62b3ffb71a3d6/index.m3u8,网络源,https://i.imgur.com/7XCR2Wi.jpg
Muz Soyuz (576p),https://hls-tvsoyuz.cdnvideo.ru/tvsoyuz2/muzsoyuz.6fw0-58xp-acts-esy0/playlist.m3u8,网络源,https://i.imgur.com/Puk1Bhx.png
Muz TV Uzbekistan,https://stream8.cinerama.uz/1063/tracks-v1a1/mono.m3u8,网络源,https://s8.vcdn.biz/static/f/6010782281/image.jpg
Muz-TV (576p),http://46.32.176.50/muztv/index.m3u8,网络源,https://i.imgur.com/BtqrHmz.png
Muzangala TV (1080p),https://5cf4a2c2512a2.streamlock.net/tvmuzangala/tvmuzangala/playlist.m3u8,网络源,https://i.imgur.com/fBeaJoS.png
Muzhskoe kino (576p),http://stream.mcquack.net/107/index.m3u8,网络源,https://i.imgur.com/8RN3tQC.png
Muzhskoy (1080p),http://str2.iptvhd.ru:8080/Muzhskoy/index.m3u8,网络源,https://i.imgur.com/xyztpBf.png
Muzvar (1080p),https://cdn15.live-tv.cloud/ua_infinitas_tv/muzvar-abr/playlist.m3u8,网络源,https://i.imgur.com/Klu5k9U.png
Muzyka 1 [Not 24/7],https://kino-1.catcast.tv/content/37745/index.m3u8,网络源,https://i.imgur.com/DIKe5vA.png
Muzyka Kino [Not 24/7],https://kino-1.catcast.tv/content/37739/index.m3u8,网络源,https://i.imgur.com/2SG0Swa.png
Muzyka Live (576p),http://stream.mcquack.net/303/index.m3u8,网络源,https://i.imgur.com/RH6hTWG.png
Muzyka Pervogo (576p),http://stream.mcquack.net/153/index.m3u8,网络源,https://i.imgur.com/U0vKj3P.png
MVS TV [Geo-blocked],https://dish.akamaized.net/Content/HLS_HLS_CLR/Live/channel(mvs)/variant.m3u8,网络源,https://i.imgur.com/TcB37yV.png
Mwangaza TV (720p) [Not 24/7],https://goliveafrica.media:9998/live/6516be24a6bac/index.m3u8,网络源,https://i.imgur.com/GjXfuSh.png
MWD (720p) [Not 24/7],http://203.81.84.130/hls/mwd/index.m3u8,网络源,https://i.imgur.com/zyTQG9F.png
MWD Documentary [Geo-blocked],http://203.81.84.130/hls/mwd_document/index.m3u8,网络源,https://i.imgur.com/4XV7cjU.png
MWD Movies [Not 24/7],http://203.81.84.130/hls/mwd_movie/index.m3u8,网络源,https://i.imgur.com/5KRsqeF.png
MWD Variety (720p) [Not 24/7],http://203.81.84.130/hls/mwd_variety/index.m3u8,网络源,https://i.imgur.com/wb3Ku8X.png
MY5 (576p),https://stream8.cinerama.uz/1217/tracks-v1a1/playlist.m3u8,网络源,https://i.imgur.com/bjlzu5k.png
My Cinema Europe,https://op-group1-densxvisionhd-1.dens.tv/h/h18/index.m3u8,网络源,https://i.imgur.com/jz0d8tH.png
My Kidz (720p),https://cdn10jtedge.indihometv.com/atm/DASH/mykids/manifest.mpd,网络源,https://i.imgur.com/qzZFU6d.png
My Music (576p),http://5.254.89.106:80/8821/index.m3u8,网络源,https://i.imgur.com/7cvPvOx.png
My Righteous TV,https://live20.bozztv.com/ssh101/ssh101/myrighteous/playlist.m3u8,网络源,https://i.imgur.com/wKSLNHB.png
My TV (Bangladesh),https://app.ncare.live/c3VydmVyX8RpbEU9Mi8xNy8yMDE0GIDU6RgzQ6NTAgdEoaeFzbF92YWxIZTO0U0ezN1IzMyfvcGVMZEJCTEFWeVN3PTOmdFsaWRtaW51aiPhnPTI2/mytv-up-off.stream/live-orgin/mytv-up-off.stream/playlist.m3u8,网络源,https://i.imgur.com/475qK5T.png
My TV (Cambodia) (576p),https://live.happywatch99.com/mytvhdtv/c83cc584a878608f6b36a9717bd7a8ab.sdp/playlist.m3u8,网络源,https://i.imgur.com/lhxRefQ.png
My TV Channel (720p) [Not 24/7],http://connectiktv.ddns.net:5000/mytvchannel/@mytvchannel/playlist.m3u8,网络源,https://i.imgur.com/vh2373L.png
Myanmar International TV,https://mrtvott.com/cache/MITV/master.m3u8,网络源,https://i.imgur.com/ClmWqE5.png
Mystery Science Theater 3000 (1080p),https://d1c73nj8qxp55a.cloudfront.net/Mystery_Science_Theater_3000.m3u8,网络源,https://i.imgur.com/8KWjY4o.png
Mystery TV (1080p),https://aenetworks-mysterytv-rakuten.amagi.tv/playlist.m3u8,网络源,https://i.imgur.com/K4gwstM.png
Mythbusters (1080p),https://d2bog959vw5xq.cloudfront.net/playlist/amg00627-banijayfast-mythbusters-samsungau/playlist.m3u8,网络源,https://i.imgur.com/wzzjvcH.png
MyTime Movie Network (Brazil) (720p),https://appletree-mytime-samsungbrazil.amagi.tv/playlist.m3u8,网络源,https://i.imgur.com/aiGQtzI.png
MyTime Movie Network (Mexico) (720p),https://appletree-mytime-samsungmexico.amagi.tv/playlist.m3u8,网络源,https://i.imgur.com/pw4NZK1.png
MyTime Movie Network (Spain) (1080p),https://appletree-mytimespain-rakuten.amagi.tv/playlist.m3u8,网络源,https://i.imgur.com/pw4NZK1.png
MyTime Movie Network (United Kingdom) (1080p),https://appletree-mytimeuk-rakuten.amagi.tv/playlist.m3u8,网络源,https://i.imgur.com/pw4NZK1.png
MyTime Movie Network East (1080p),https://appletree-mytimeau-samsung.amagi.tv/playlist.m3u8,网络源,https://i.imgur.com/HYgxPVQ.png
MyZen TV (1080p),https://cdn-ue1-prod.tsv2.amagi.tv/linear/amg01255-secomcofites-my-myzen-en-plex/playlist.m3u8,网络源,https://i.imgur.com/fIi8o0C.png
N4 (360p) [Not 24/7],https://web.sats.gstv.tech/cpl11/da8df281-1165-440a-8c86-959f71b695b6/N4web.m3u8,网络源,https://i.imgur.com/W9UwCv7.png
N24 Doku,https://jmp2.uk/plu-60080e8a4bf36000076a81b1.m3u8,网络源,https://upload.wikimedia.org/wikipedia/commons/thumb/3/3f/N24Doku.svg/960px-N24Doku.svg.png
N Sports (1080p),https://ogc-nsprt-tcl-roku-syndication.otteravision.com/ogc/nsprt/nsprt.m3u8,网络源,https://i.imgur.com/7QnJojr.png
n-tv,https://dash4.antik.sk/live/test_ntv_tizen/playlist.m3u8,网络源,https://upload.wikimedia.org/wikipedia/commons/thumb/f/f6/N-tv_logo-september2017.svg/960px-N-tv_logo-september2017.svg.png
Nabaa TV (720p) [Not 24/7],http://31.14.40.237:1935/live/Nabaa/playlist.m3u8,网络源,https://i.imgur.com/p8eRgSs.png
Nabawi TV (720p),http://202.150.161.117:8000/play/NabawiTV,网络源,https://i.imgur.com/O8WONFB.png
Nablus TV (720p) [Not 24/7],http://htvmada.mada.ps:8888/nabluslive/index.m3u8,网络源,https://i.imgur.com/GoLhaDK.png
Nachrichten 360 (1080p) [Geo-blocked],https://cdn-apse1-prod.tsv2.amagi.tv/linear/amg01821-lovetvfast-nachrichten360-samsungde/playlist.m3u8,网络源,https://tvpnlogopeu.samsungcloud.tv/platform/image/sourcelogo/vc/00/02/34/DE4300003MR_20251209T125847SQUARE.png
Nacional Tv Peru (720p),http://bantel-cdn1.iptvperu.tv:1935/btnscrtn/nacionaltv_peru.stream/playlist.m3u8,网络源,https://i.imgur.com/ad0GNqa.png
NACTV,https://stream2.pivotalelements.com/memfs/2d2e1038-9eb2-44df-a9b9-109de5752f3b_output_0.m3u8,网络源,https://i.imgur.com/FzM95rH.png
Nada Es Imposible TV,https://vdochile.com:3194/live/mvqutymylive.m3u8,网络源,https://i.imgur.com/cGNgvOD.png
Naftemporiki TV (1080p),https://telmaco.ascdn.broadpeak.io/nafteboriki/default/index.m3u8,网络源,https://i.imgur.com/9OFdMud.png
Nagaland TV (576p),https://mumt06.tangotv.in/qYyB8fXVNAGALANDTV/index.m3u8,网络源,https://i.imgur.com/EBEIpPo.png
Namayesh TV,https://ncdn.telewebion.ir/namayesh/live/playlist.m3u8,网络源,https://upload.wikimedia.org/wikipedia/commons/thumb/f/fc/Namayesh_TV_logo.svg/960px-Namayesh_TV_logo.svg.png
Nambikkai TV,https://cdn.pishow.tv/ott/live/1389/master.m3u8,网络源,https://xstreamcp-assets-msp.streamready.in/assets/LIVETV/LIVECHANNEL/LIVETV_LIVETVCHANNEL_NAMBIKKAI_TV/images/LOGO_HD/image.png
Namdhari TV (404p) [Not 24/7],https://namdhari.tv/live/sbs1.m3u8,网络源,https://i.imgur.com/NalsXTo.png
NAN TV,https://app.ncare.live/c3VydmVyX8RpbEU9Mi8xNy8yMDE0GIDU6RgzQ6NTAgdEoaeFzbF92YWxIZTO0U0ezN1IzMyfvcGVMZEJCTEFWeVN3PTOmdFsaWRtaW51aiPhnPTI2/nantv.stream/live-orgin/nantv.stream/playlist.m3u8,网络源,https://www.jagobd.com/wp-content/uploads/2019/11/NAN-TV-Logo-02.png
Nanchang News & Generalist Channel,https://play-live-hls.jxtvcn.com.cn/live-city/tv_nanchang.m3u8,网络源,https://www.tvchinese.net/uploads/tv/nctv1.jpg
Nande Portetepe TV,https://video.hostingcaaguazu.com:19360/nandeportetepe/nandeportetepe.m3u8,网络源,https://i.imgur.com/3taT6JK.jpeg
Nandejara Ne'e TV,https://copacogen.desdeparaguay.net/nandejaraneetv/nandejaraneetv/playlist.m3u8?admin=tvaccion,网络源,https://i.imgur.com/VFxuBdL.jpg
Nandighosha TV (576p),https://mumt05.tangotv.in/87NeALx2NANDIGHOSHATV/index.m3u8,网络源,https://jiotvimages.cdn.jio.com/dare_images/images/Nandighosha.png
Nano (576p),http://stream.mcquack.net/419/index.m3u8,网络源,https://i.imgur.com/dYj3XDa.png
Nano HD (1080p),http://185.23.80.23:8080/NANO_HD/index.m3u8,网络源,https://i.imgur.com/dYj3XDa.png
Nar-TV (360p),https://streaming.nartv.fi/live/ngrp:NAR_TV.stream_all/playlist.m3u8,网络源,https://i.imgur.com/Ht5yePq.png
Naranja TV (720p),https://cdn.streamingcpanel.com:3526/live/teleraiceslive.m3u8,网络源,https://i.imgur.com/g7iFN3s.png
Narodna TV (720p),https://edge8.pink.rs/narodnatv/index.m3u8,网络源,https://i.imgur.com/dua57HD.png
Naruto (1080p),https://d21vn5eki5qsdi.cloudfront.net/playlist.m3u8,网络源,https://i.imgur.com/M8X3Kvc.png
Naruto Brazil,https://jmp2.uk/plu-5f6df5a173d7340007c559f7.m3u8,网络源,https://i.imgur.com/M8X3Kvc.png
Naruto Germany (720p),https://jmp2.uk/plu-65d5fc39a25d5e00082895c4.m3u8,网络源,https://i.imgur.com/M8X3Kvc.png
Naruto en espanol,https://jmp2.uk/plu-5ee92e72fb286e0007285fec.m3u8,网络源,https://i.imgur.com/hG8F0RY.png
Naruto Shippuden,https://jmp2.uk/plu-64c92f965580090008084968.m3u8,网络源,https://images.pluto.tv/channels/64c92fea3c3344000869e8a9/colorLogoPNG.png
Nasa TV (1080p) [Not 24/7],https://stream.nasatv.com.mk/hls/nasatv_live.m3u8,网络源,https://i.imgur.com/9rB4VZy.png
Nash Bridges (720p),https://jmp2.uk/plu-666021cccb3ea10008406866.m3u8,网络源,https://images.pluto.tv/channels/666021cccb3ea10008406866/colorLogoPNG.png
Nash Kinomir (576p),http://hls127.freeott.top:8080/Nash_kinomir/video.m3u8,网络源,https://i.imgur.com/7M1J42A.png
Nashe HD (1080p),http://str2.iptvhd.ru:8080/Nashe_HD/index.m3u8,网络源,https://i.imgur.com/KO8dhi9.png
Nashe Lubimoe Kino (576p),http://hls127.freeott.top:8080/Lubimoe_Kino/video.m3u8,网络源,https://i.imgur.com/iKPfM5K.png
NASHE Music (720p),https://cdn15.live-tv.cloud/ua_infinitas_tv/nashemus-abr/playlist.m3u8,网络源,https://i.imgur.com/ienkbOc.png
Nashe muzhskoe HD (1080p),http://stream.mcquack.net/362/index.m3u8,网络源,https://i.imgur.com/QRWKpmb.png
Nashe Novoe Kino (1080p),http://hls127.freeott.top:8080/Nashe_Novoe_Kino_HD/video.m3u8,网络源,https://i.imgur.com/IOxIsPj.png
Nashua ETV (720p),https://livestream.telvue.com/nashuanh2/f7b44cfafd5c52223d5498196c8a2e7b.sdp/playlist.m3u8,网络源,https://i.imgur.com/iv9Vfcb.png
Nashville CA,https://jmp2.uk/plu-65cf8d7428730900087c5907.m3u8,网络源,https://images.pluto.tv/channels/65cf8d7428730900087c5907/colorLogoPNG.png
Nasim,https://ncdn.telewebion.ir/nasim/live/playlist.m3u8,网络源,https://upload.wikimedia.org/wikipedia/commons/thumb/e/e9/Nasim_TV_logo.svg/960px-Nasim_TV_logo.svg.png
Nasul TV (720p) [Not 24/7],https://live.nasul.tv/live/stream.m3u8,网络源,https://i.imgur.com/MoguWme.png
NAT TV (1080p),https://livefta.malimarcdn.com/ftaedge00/nat.sdp/playlist.m3u8,网络源,https://i.imgur.com/a7tNaD5.png
Natick Education Channel (720p),https://livestream.telvue.com/natickpegasus1/f7b44cfafd5c52223d5498196c8a2e7b.sdp/playlist.m3u8,网络源,https://i.imgur.com/VKU9qwy.png
Natick Government Channel (720p),https://livestream.telvue.com/natickpegasus3/f7b44cfafd5c52223d5498196c8a2e7b.sdp/playlist.m3u8,网络源,https://i.imgur.com/eA2WSXa.png
Natick Public Access Channel (720p),https://livestream.telvue.com/natickpegasus2/f7b44cfafd5c52223d5498196c8a2e7b.sdp/playlist.m3u8,网络源,https://i.imgur.com/G4a3gW0.png
Nation News (720p),https://server.playontv.in/nationnews/index.m3u8,网络源,https://jiotvimages.cdn.jio.com/dare_images/images/nationnews.png
Nation TV,https://live-us1.thaimomo.com/live-as/chNation-3/playlist.m3u8,网络源,https://i.imgur.com/h3TY38F.png
National 24 Plus,https://hls01ns.antenaplay.ro/hls/n24-plus-sd/index.m3u8,网络源,https://i.imgur.com/VxBdga3.png
National Assembly TV (720p),https://github.com/BellezaEmporium/IPTV_Exception/raw/master/channels/kr/natv.m3u8,网络源,https://i.imgur.com/UKdB8vD.png
National Geographic (Bulgaria) (1080p),http://hls127.freeott.top:8080/BG_Nat_Geo_HD/video.m3u8,网络源,https://upload.wikimedia.org/wikipedia/commons/thumb/f/fc/Natgeologo.svg/960px-Natgeologo.svg.png
National Geographic (Croatia) (1080p),http://176.61.157.250/NationalGeographic/index.m3u8,网络源,https://upload.wikimedia.org/wikipedia/commons/thumb/f/fc/Natgeologo.svg/960px-Natgeologo.svg.png
National Geographic (Finland) (720p) [Geo-blocked],https://live-fi.tvkaista.net/national-geographic/live.m3u8?hd=true,网络源,https://upload.wikimedia.org/wikipedia/commons/thumb/f/fc/Natgeologo.svg/960px-Natgeologo.svg.png
National Geographic (India) (576p) [Geo-blocked],http://main.light-ott.net:80/play/live.php?mac=00:1A:79:17:28:41&stream=373017&extension=ts&play_token=zCaGy5dtla,网络源,https://dtil.tmsimg.com/assets/s143573_ld_h15_aa.png?lock=720x540
National Geographic (Mexico) (1080p),http://138.121.15.230:9002/NAT-GEO/index.m3u8,网络源,https://upload.wikimedia.org/wikipedia/commons/thumb/f/fc/Natgeologo.svg/960px-Natgeologo.svg.png
National Geographic (Russia) (1080p),http://dtv.vol.net.ua/National_Geographic-HD/index.m3u8,网络源,https://upload.wikimedia.org/wikipedia/commons/thumb/f/fc/Natgeologo.svg/960px-Natgeologo.svg.png
National Geographic (Russia) HD (1080p),http://str2.iptvhd.ru:8080/National_Geo_HD/index.m3u8,网络源,https://upload.wikimedia.org/wikipedia/commons/thumb/f/fc/Natgeologo.svg/960px-Natgeologo.svg.png
National Geographic (United States) (720p),http://212.5.144.156:8080/natgeo/index.m3u8,网络源,https://upload.wikimedia.org/wikipedia/commons/thumb/f/fc/Natgeologo.svg/960px-Natgeologo.svg.png
National Geographic (United States) HD East (720p),http://198.58.104.90:8989/natgeo/index.m3u8,网络源,https://upload.wikimedia.org/wikipedia/commons/thumb/f/fc/Natgeologo.svg/960px-Natgeologo.svg.png
National Geographic Latin America (1080p),http://15.204.246.24:8080/NatGeoHD/index.m3u8,网络源,https://upload.wikimedia.org/wikipedia/commons/thumb/f/fc/Natgeologo.svg/960px-Natgeologo.svg.png
National Geographic Wild (Bulgaria) (1080p),http://hls127.freeott.top:8080/BG_NG_Wild_HD/video.m3u8,网络源,https://upload.wikimedia.org/wikipedia/commons/thumb/2/27/National_Geographic_Wild_logo.svg/960px-National_Geographic_Wild_logo.svg.png
National Geographic Wild (Russia) (1080p),http://hls127.freeott.top:8080/Nat_Geo_Wild_SD/video.m3u8,网络源,https://upload.wikimedia.org/wikipedia/commons/thumb/2/27/National_Geographic_Wild_logo.svg/960px-National_Geographic_Wild_logo.svg.png
National Geographic Wild (Russia) HD (1080p),http://str2.iptvhd.ru:8080/Nat_Geo_Wild_HD/index.m3u8,网络源,https://upload.wikimedia.org/wikipedia/commons/thumb/2/27/National_Geographic_Wild_logo.svg/960px-National_Geographic_Wild_logo.svg.png
National Geographic Wild (Ukraine) (1080p),http://dtv.vol.net.ua:80/Nat-Geo-Wild_HD/index.m3u8,网络源,https://upload.wikimedia.org/wikipedia/commons/thumb/2/27/National_Geographic_Wild_logo.svg/960px-National_Geographic_Wild_logo.svg.png
National Geographic Wild (United States) HD East (720p),http://198.58.104.90:8989/natgeowild/index.m3u8,网络源,https://upload.wikimedia.org/wikipedia/commons/thumb/2/27/National_Geographic_Wild_logo.svg/960px-National_Geographic_Wild_logo.svg.png
National Iranian Congress TV,https://tv.iraniancongress.com/stream/tv.m3u8,网络源,https://iraniancongress.com/tv/logo.png
National TV,https://hls01ns.antenaplay.ro/hls/national-tv-sd/index.m3u8,网络源,https://i.imgur.com/KHzUIwG.png
Nativa (720p),http://187.102.210.46/NATIVATV/index.m3u8,网络源,https://i.imgur.com/Y9k9XSO.png
Nativa TV,https://origin-us.streaminghd.cl/nativatv/nativatv/playlist.m3u8,网络源,https://i.imgur.com/0SFE2Fr.png
Nativa TV Satipo (720p),https://live-evg7.tv360.bitel.com.pe/bitel/nativachanchamayoSRT/playlist.m3u8,网络源,https://i.imgur.com/ScCAgGB.png
Natural TV (720p) [Not 24/7],http://broadcasttr.com:1935/naturaltv/bant1/playlist.m3u8,网络源,https://i.imgur.com/rfcJ674.png
NatureTime (1080p),https://bamusa-naturetime-emea-eng-rakuten.amagi.tv/playlist.m3u8,网络源,https://i.imgur.com/72JmyjM.png
NatureTime AU (1080p),https://amg00090-blueantllc-lovenature-au-samsungau-wggcn.amagi.tv/playlist/amg00090-blueantllc-lovenature-au-samsungau/playlist.m3u8,网络源,https://i.imgur.com/72JmyjM.png
NatureTime ES (1080p),https://shls-live-ak.akamaized.net/out/v1/b06a89a463764d3688cda337d40dc5bf/index.m3u8,网络源,https://i.imgur.com/72JmyjM.png
NatureTime France (1080p),https://bamusa-naturetime-emea-fra-rakuten.amagi.tv/playlist.m3u8,网络源,https://i.imgur.com/72JmyjM.png
NatureTime LATAM (684p),https://jmp2.uk/plu-681ba2729624e6275efe0044.m3u8,网络源,https://i.imgur.com/72JmyjM.png
NatureTime UK (1080p),https://amg01515-amg01515c43-samsung-gb-9038.playouts.now.amagi.tv/playlist.m3u8,网络源,https://i.imgur.com/72JmyjM.png
Nauka (Russia) (1080p),http://31.148.48.15/Nauka_2.0/index.m3u8,网络源,https://i.imgur.com/ZZxzueO.png
Nautical Channel (720p),https://a-cdn.klowdtv.com/live2/nautical_720p/playlist.m3u8,网络源,https://i.imgur.com/2ByDyzL.png
Navahang TV (720p),https://hls.navahang.live/hls/stream.m3u8,网络源,https://i.imgur.com/YteKXJy.png
Navarrete Television (1080p) [Not 24/7],https://cnn.hostlagarto.com/ntvnavarrete/index.m3u8,网络源,https://dominicanchannels.com/wp-content/uploads/navarrete.png
Navo (576p),https://stream8.cinerama.uz/1008/tracks-v1a1/playlist.m3u8,网络源,https://i.imgur.com/7dZ64y9.png
Navoiy MTRK (576i),https://stream8.cinerama.uz/1460/tracks-v1a1/mono.m3u8,网络源,https://i.imgur.com/qa4VlYh.png
Naxcivan TV (720p),https://str2.yodacdn.net/ntv/video.m3u8,网络源,https://i.imgur.com/8yLFkdE.png
Nayarit Comunica (1080p),https://live.iplanay.gob.mx/hls/nayarittv.m3u8,网络源,https://i.imgur.com/aZCTkjU.jpg
NBA TV (1080p),https://cdn1.ayitistream.com/NBATV/index.m3u8,网络源,https://upload.wikimedia.org/wikipedia/en/thumb/d/d2/NBA_TV.svg/960px-NBA_TV.svg.png
NBC 1 [Not 24/7],https://hls2.nbcplus.na/hls/high_nbc1.m3u8,网络源,https://i.imgur.com/ykQerMH.png
NBC (1080p),http://190.11.225.124:5000/live/nbc_hd/playlist.m3u8,网络源,https://i.imgur.com/nxY84W5.png
NBC KNTV (1080p),https://d368vp0qqzvkid.cloudfront.net/11603/88889711/hls/master.m3u8?ads.xumo_channelId=88889711a&ads.xumo_ifaType=&ads.xumo_providerId=3822&ads.xumo_providerName=NBCNBA,网络源,https://i.imgur.com/nxY84W5.png
NBC KRIS-TV (1080p),https://content.uplynk.com/channel/e72660594b7a4182982af1690609683d.m3u8,网络源,https://i.imgur.com/nxY84W5.png
NBC KSBW (720p),https://aegis-cloudfront-1.tubi.video/8e6af50d-76df-4208-ab8d-3ff8f512cd38/playlist.m3u8,网络源,https://i.imgur.com/nxY84W5.png
NBC KSBY (720p),https://aegis-cloudfront-1.tubi.video/d5f0543d-5f83-4a69-ba01-c5a68f0c09a1/playlist.m3u8,网络源,https://i.imgur.com/nxY84W5.png
NBC KSHB-TV (720p),https://content.uplynk.com/channel/50d0fa1b042945a3a4f550f9b8412c83.m3u8,网络源,https://i.imgur.com/nxY84W5.png
NBC KSNV (1080p),https://linear-708.frequency.stream/dist/stirr/708/hls/master/playlist.m3u8,网络源,https://i.imgur.com/nxY84W5.png
NBC KXAS-TV (1080p),https://d368vp0qqzvkid.cloudfront.net/11603/88889706/hls/master.m3u8?ads.xumo_channelId=88889706a&ads.xumo_ifaType=&ads.xumo_providerId=3831&ads.xumo_providerName=NBCNDAL,网络源,https://i.imgur.com/nxY84W5.png
NBC WBAL-TV (720p),https://aegis-cloudfront-1.tubi.video/888aedca-93fb-4aed-bb92-4beb8f1323c6/playlist.m3u8,网络源,https://i.imgur.com/nxY84W5.png
NBC WBTS-CD (1080p),https://d368vp0qqzvkid.cloudfront.net/11603/88889713/hls/master.m3u8?ads.xumo_channelId=88889713a&ads.xumo_ifaType=&ads.xumo_providerId=3820&ads.xumo_providerName=NBCNBOS,网络源,https://i.imgur.com/nxY84W5.png
NBC West (720p),http://stream.cammonitorplus.net/1800/index.m3u8,网络源,https://i.imgur.com/nxY84W5.png
NBC WGAL (720p),https://aegis-cloudfront-1.tubi.video/5d314174-0110-42af-8811-feaae073ea1e/playlist.m3u8,网络源,https://i.imgur.com/nxY84W5.png
NBC WGBA-TV (720p),https://aegis-cloudfront-1.tubi.video/b32c0573-4add-4b47-b826-24412d952164/playlist.m3u8,网络源,https://i.imgur.com/nxY84W5.png
NBC WHEC-TV (1080p),https://amg01942-amg01942c4-stirr-us-10190.playouts.now.amagi.tv/playlist.m3u8,网络源,https://i.imgur.com/nxY84W5.png
NBC WJAC-TV (1080p),https://linear-698.frequency.stream/dist/stirr/698/hls/master/playlist.m3u8,网络源,https://i.imgur.com/nxY84W5.png
NBC WJAR (1080p),https://pubads.g.doubleclick.net/ssai/event/kpannrCBQ5KwdV3Hag3Wog/master.m3u8,网络源,https://i.imgur.com/nxY84W5.png
NBC WLIO (720p) [Not 24/7],https://live.field59.com/wlio/wlio1/playlist.m3u8,网络源,https://i.imgur.com/nxY84W5.png
NBC WMAQ-TV (1080p),https://d368vp0qqzvkid.cloudfront.net/11603/88889704/hls/master.m3u8?ads.xumo_channelId=88889704a&ads.xumo_ifaType=&ads.xumo_providerId=3818&ads.xumo_providerName=NBCNCHI,网络源,https://i.imgur.com/nxY84W5.png
NBC WMGT-TV (720p),https://townnews.g-mana.live/media/e6909128-cd42-4690-8340-4b8a49455666/main.m3u8,网络源,https://i.imgur.com/nxY84W5.png
NBC WNYT (1080p),https://amg01942-amg01942c5-stirr-us-10184.playouts.now.amagi.tv/playlist.m3u8,网络源,https://i.imgur.com/nxY84W5.png
NBC WOAI-TV (1080p),https://linear-703.frequency.stream/dist/stirr/703/hls/master/playlist.m3u8,网络源,https://i.imgur.com/nxY84W5.png
NBC WPTV-TV (720p),https://content.uplynk.com/channel/b02350ef854c4eef8358eead1f59a5cc.m3u8,网络源,https://i.imgur.com/nxY84W5.png
NBC WPXI (1080p),https://cdn-ue1-prod.tsv2.amagi.tv/linear/amg00327-coxmediagroup-wpxibreaking-ono/playlist.m3u8,网络源,https://i.imgur.com/nxY84W5.png
NBC WRDE-LD (720p) [Not 24/7],https://live.field59.com/wrde/wrde1/playlist.m3u8,网络源,https://i.imgur.com/nxY84W5.png
NBC WTMJ-TV (720p),https://aegis-cloudfront-1.tubi.video/d4d923f2-17de-4371-b86d-43490499bcdb/playlist.m3u8,网络源,https://i.imgur.com/nxY84W5.png
NBC WTOV-TV (1080p),https://linear-699.frequency.stream/dist/stirr/699/hls/master/playlist.m3u8,网络源,https://i.imgur.com/nxY84W5.png
NBC WTVJ (1080p),https://nbculocallive.akamaized.net/hls/live/2037498/miami/stream1/master.m3u8,网络源,https://i.imgur.com/nxY84W5.png
NBC WVIT (1080p),https://d368vp0qqzvkid.cloudfront.net/11603/88889707/hls/master.m3u8?ads.xumo_channelId=88889707a&ads.xumo_ifaType=&ads.xumo_providerId=3832&ads.xumo_providerName=NBCNCT,网络源,https://i.imgur.com/nxY84W5.png
NBC Comedy Vault (1080p),https://xumo-xumoent-vc-105-z0vpm.fast.nbcuni.com/live/master.m3u8,网络源,https://i.imgur.com/nydZWwg.png
NBC LX Home (1080p),https://plex-xumoent-ch485-e7l5l.fast.nbcuni.com/live/master_5.m3u8,网络源,https://upload.wikimedia.org/wikipedia/commons/7/70/NBC_LX_Home_2023.svg
NBC News NOW (1080p),https://d1si3n1st4nkgb.cloudfront.net/10502/88896001/hls/master.m3u8?ads.xumo_channelId=88896001,网络源,https://i.imgur.com/JZt2qh5.png
NBC Sports NOW (1080p),https://d4whmvwm0rdvi.cloudfront.net/10007/99993008/hls/master.m3u8?ads.xumo_channelId=99993008,网络源,https://i.imgur.com/EzNf2Yx.png
NBC TV (1080p) [Not 24/7],https://205444.global.ssl.fastly.net/64ee8a084b935f9f8a6f8825/live_ab333a6093bc11eeb89fbd81423485b7/index.fmp4.m3u8,网络源,https://i.imgur.com/KNaaG5u.png
NBC Universo West (720p),http://190.11.225.124:5000/live/universo_hd/playlist.m3u8,网络源,https://i.imgur.com/RZ8pIKe.png
NBCLX (1080p),https://nbculocallive.akamaized.net/hls/live/2037096/lx/use1.m3u8,网络源,https://i.imgur.com/5iT7hEa.png
NBS (720p),https://media.joycorp.co.kr:4443/live/ngrp:live_all/playlist.m3u8,网络源,https://i.imgur.com/pOSroOE.png
NBT 2 HD (1080p),https://cdn-edge.iiptvcdn.com/live_event/smil:f180-054a-38d7-ce66-f7cf.smil/playlist.m3u8,网络源,https://i.imgur.com/IJh6SHb.png
NBT TV Chiang Mai,https://cdn-edge.iiptvcdn.com/live_event/smil:4f6e-aa34-2034-5492-c82d.smil/playlist.m3u8,网络源,https://i.imgur.com/u0Zv1yb.png
NBT World (1080p),https://cdn-edge.iiptvcdn.com/live_event/smil:d36f-93c1-9c58-fdcc-427f.smil/playlist.m3u8,网络源,https://i.imgur.com/GUQhLeg.png
NCIS (Sweden),https://jmp2.uk/plu-6319ec31c62c3f00075c90b1.m3u8,网络源,https://images.pluto.tv/channels/6319ec31c62c3f00075c90b1/colorLogoPNG.png
NCIS (United States),https://jmp2.uk/plu-63eb9fdda995710008991c54.m3u8,网络源,https://images.pluto.tv/channels/63eb9fdda995710008991c54/colorLogoPNG.png
NCIS (United States) CA,https://jmp2.uk/plu-62f4f5de1c100100075665ef.m3u8,网络源,https://images.pluto.tv/channels/63eb9fdda995710008991c54/colorLogoPNG.png
NCIS (United States) LatAm,https://jmp2.uk/plu-63eb947c4e83e70008ab877b.m3u8,网络源,https://images.pluto.tv/channels/63eb9fdda995710008991c54/colorLogoPNG.png
NCIS: Det bedste med Gibbs,https://jmp2.uk/plu-6901d952ec12c3c759fdc7cd.m3u8,网络源,https://images.pluto.tv/channels/6901d952ec12c3c759fdc7cd/colorLogoPNG_1763121346503.png
NCIS: Det bedste med Tony & Ziva,https://jmp2.uk/plu-68921b2f4fa995eff24df6c8.m3u8,网络源,https://images.pluto.tv/channels/68921b2f4fa995eff24df6c8/colorLogoPNG_1756105299557.png
NCIS: Los Angeles (Sweden),https://jmp2.uk/plu-66fbf4d3d7de140008d41f5b.m3u8,网络源,https://images.pluto.tv/channels/66fbf4d3d7de140008d41f5b/colorLogoPNG.png
NCIS: Los Angeles (United States),https://jmp2.uk/plu-66a106c8a79dea0008aa5ef3.m3u8,网络源,https://images.pluto.tv/channels/66a106c8a79dea0008aa5ef3/colorLogoPNG.png
NCM Educational & Kids Channel,https://reflect-npa.cablecast.tv/live-9/live/live.m3u8,网络源,https://i.imgur.com/3YPvfPn.png
NCM Government & Politics Channel,https://reflect-npa.cablecast.tv/live-8/live/live.m3u8,网络源,https://i.imgur.com/3YPvfPn.png
NCM Main Channel,https://reflect-npa.cablecast.tv/live-6/live/live.m3u8,网络源,https://i.imgur.com/3YPvfPn.png
NCTV79 (1080p),https://livestream.telvue.com/nctv791/f7b44cfafd5c52223d5498196c8a2e7b.sdp/playlist.m3u8,网络源,https://i.imgur.com/64sZVF9.jpg
NCTV (1080p),https://pantera1-100gb-cl-movistar.dps.live/nctv/nctv.smil/playlist.m3u8,网络源,https://i.imgur.com/oo5vDBv.png
NDR Fernsehen (720p),https://mcdn.ndr.de/ndr/hls/ndr_fs/ndr_hh/master.m3u8,网络源,https://upload.wikimedia.org/wikipedia/commons/thumb/e/e9/Logo_NDR_Fernsehen_2017.svg/960px-Logo_NDR_Fernsehen_2017.svg.png
NDR Fernsehen Mecklenburg Vorpommern (720p),https://mcdn.ndr.de/ndr/hls/ndr_fs/ndr_mv/master.m3u8,网络源,https://upload.wikimedia.org/wikipedia/commons/thumb/e/e9/Logo_NDR_Fernsehen_2017.svg/960px-Logo_NDR_Fernsehen_2017.svg.png
NDR Fernsehen Niedersachsen (720p),https://mcdn.ndr.de/ndr/hls/ndr_fs/ndr_nds/master.m3u8,网络源,https://upload.wikimedia.org/wikipedia/commons/thumb/e/e9/Logo_NDR_Fernsehen_2017.svg/960px-Logo_NDR_Fernsehen_2017.svg.png
NDR Fernsehen Schleswig Holstein (720p),https://mcdn.ndr.de/ndr/hls/ndr_fs/ndr_sh/master.m3u8,网络源,https://upload.wikimedia.org/wikipedia/commons/thumb/e/e9/Logo_NDR_Fernsehen_2017.svg/960px-Logo_NDR_Fernsehen_2017.svg.png
NDR Fernsehen International (720p),https://ndrint.akamaized.net/hls/live/2020766/ndr_int/index.m3u8,网络源,https://upload.wikimedia.org/wikipedia/commons/thumb/e/e9/Logo_NDR_Fernsehen_2017.svg/960px-Logo_NDR_Fernsehen_2017.svg.png
NDTV 24x7 (720p),https://raw.githubusercontent.com/amazeyourself/adaptive-streams/refs/heads/main/streams/in/YuppTV/NDTV24x7.m3u8,网络源,https://dtil.tmsimg.com/assets/s154895_ld_h15_aa.png?lock=720x540
NDTV Good Times (1080p),https://amg01448-samsungin-ndtvgoodtimes-samsungin-ad-gp.amagi.tv/playlist/amg01448-samsungin-ndtvgoodtimes-samsungin/playlist.m3u8,网络源,https://xstreamcp-assets-msp.streamready.in/assets/LIVETV/LIVECHANNEL/LIVETV_LIVETVCHANNEL_GOOD_TIMES/images/LOGO_HD/image.png
NDTV India (720p),https://raw.githubusercontent.com/amazeyourself/adaptive-streams/refs/heads/main/streams/in/YuppTV/NDTVIndia.m3u8,网络源,https://xstreamcp-assets-msp.streamready.in/assets/LIVETV/LIVECHANNEL/LIVETV_LIVETVCHANNEL_NDTV_INDIA/images/LOGO_HD/image.png
NDTV LANKA (1080p),https://g4wlkqqwl23a-hls-live.5centscdn.com/NDTVLANKA/1ff5fa54d14c3ff6c6bd3918bbb7db5d.sdp/playlist.m3u8,网络源,https://i.imgur.com/5cyTVRJ.png
NDTV Madhya Pradesh Chhattisgarh (1080p),https://ndtvregional.akamaized.net/hls/live/2102726-b/ndtvmpcg/master_1.m3u8,网络源,https://xstreamcp-assets-msp.streamready.in/assets/LIVETV/LIVECHANNEL/LIVETV_LIVETVCHANNEL_NDTV_MPCG/images/LOGO_HD/image.png
NDTV Profit (1080p),https://ndtvprofit.akamaized.net/hls/live/2107404/ndtvprofit/chunklist_5.m3u8,网络源,https://xstreamcp-assets-msp.streamready.in/assets/LIVETV/LIVECHANNEL/LIVETV_LIVETVCHANNEL_NDTV_PROFIT_PRIME/images/LOGO_HD/image.png
NDTV Rajasthan (1080p),https://ndtvregional.akamaized.net/hls/live/2102726-b/ndtvraj/master_1.m3u8,网络源,https://xstreamcp-assets-msp.streamready.in/assets/LIVETV/LIVECHANNEL/LIVETV_LIVETVCHANNEL_NDTV_RAJASTHAN/images/LOGO_HD/image.png
Ndurumeni TV (480p) [Not 24/7],https://goliveafrica.media:9998/live/6389d571d20af/index.m3u8,网络源,https://i.imgur.com/OvmySNw.jpg
NE News (576p),https://mumt05.tangotv.in/87NeALx2NENEWS/index.m3u8,网络源,https://i.imgur.com/L5GeJFb.png
Nea TV (720p),https://live.neatv.gr:8888/hls/neatv.m3u8,网络源,https://i.imgur.com/nvNW8G7.png
Negocios TV (1080p),https://streaming013.gestec-video.com/hls/negociostv.m3u8,网络源,https://m.media-amazon.com/images/I/21HEgSJn2gL.png
Nei Monggol TV 2 Mongolian Culture Channel,http://1.24.190.98:10080/hls/40/index.m3u8,网络源,https://i.imgur.com/kpsjahG.png
Nelonen (720p),https://live-fi.tvkaista.net/nelonen/live.m3u8,网络源,https://i.imgur.com/BFbCyfY.png
Neo News (1080p),http://103.250.28.74:8000/play/a01p/index.m3u8,网络源,https://i.imgur.com/9mrbPRs.png
Neo TV (Argentina),https://videostream.shockmedia.com.ar:19360/neotvdigital/neotvdigital.m3u8,网络源,https://i.imgur.com/Xtu85tb.png
Neo TV (Peru) (720p),http://bantel-cdn1.iptvperu.tv:1935/btnscrtn/DigitalTV/playlist.m3u8,网络源,https://i.imgur.com/bS5JtYX.jpeg
Neox TV [Not 24/7],https://tv.streamcasthd.com:3031/live/neoxtvlive.m3u8,网络源,https://i.imgur.com/eIX71c9.png
Nepal 1 (576p),https://mumt05.tangotv.in/87NeALx2NEPAL1/index.m3u8,网络源,https://i.imgur.com/Xr4FjC8.png
Nesiha TV (720p),https://stream.cisk.tech/nasihatv/index.m3u8,网络源,https://i.imgur.com/rqEyzjE.png
NET (1080p),https://stream.smashmalta.com:25463/live/webplayer/livestream/22.m3u8,网络源,https://i.imgur.com/K4Uve1n.png
NET TV (720p),http://45.134.141.161:2200/ARG/Net_TV/index.m3u8,网络源,https://i.imgur.com/IhJ0BjF.png
Netalkole TV (720p) [Not 24/7],https://watch.haitilive.net/naktvhd/index.m3u8,网络源,https://i.imgur.com/SdVrpzY.png
Netmax TV (720p),https://es1.crystalweb.net:1936/netmaxtv/netmaxtv/playlist.m3u8,网络源,https://i.imgur.com/dLvRD4k.png
Network 10 (720p),https://mumbai-edge.smartplaytv.in/Network10/index.m3u8,网络源,https://jiotvimages.cdn.jio.com/dare_images/images/Network_10.png
Nevis Television,https://media.slactech.com:1936/NTvDirect/ngrp:NTvDirect_all/playlist.m3u8,网络源,https://i.imgur.com/u76GqAi.png
Nevskiy (1080p),https://cdn-dvr.ntv.ru/Nevskiy/index.m3u8,网络源,https://cdn2-static.ntv.ru/home/promo/24740/nevski_llive.jpg
NEW K-POP (1080p),https://ads.its-newid.net/api/manifest.m3u8?ads.service_id=GB17000088V&channel_id=newid_086&tp=samsung_tvplus,网络源,https://i.imgur.com/B7ILXMc.png
NEW K.MOVIES (1080p),https://ads.its-newid.net/api/manifest.m3u8?ads.service_id=GB1700007PK&channel_id=newid_343&tp=samsung_tvplus,网络源,https://i.imgur.com/wCgirjc.png
New Vision TV (360p),https://viewmedia7219.bozztv.com/wmedia/viewmedia100/web_027/Stream/playlist.m3u8,网络源,
NewFlix,https://newfhls.wns.live/hls/stream.m3u8,网络源,
News1,https://live-us1.thaimomo.com/live-as/chnews1-2/playlist.m3u8,网络源,
News 1 India (576p),https://mumt07.tangotv.in/zHjX9OFlNEWS1INDIA/index.m3u8,网络源,https://xstreamcp-assets-msp.streamready.in/assets/LIVETV/LIVECHANNEL/LIVETV_LIVETVCHANNEL_NEWS_1_INDIA/images/LOGO_HD/image.png
News 1st (576p),https://d1msejlow1t3l4.cloudfront.net/fta/News1st/playlist.m3u8,网络源,https://dtil.tmsimg.com/assets/s143587_ld_h15_aa.png?lock=720x540
News 7 Tamil (576p),https://segment.yuppcdn.net/240122/news7/playlist.m3u8,网络源,https://xstreamcp-assets-msp.streamready.in/assets/LIVETV/LIVECHANNEL/LIVETV_LIVETVCHANNEL_NEWS7_TAMIL/images/LOGO_HD/image.png
News9Live (1080p),https://amg01106-amg01106c3-amgplt0844.playout.now3.amagi.tv/ts-ap-s1-n1/playlist/amg01106-amg01106c3-amgplt0844/playlist.m3u8,网络源,https://jiotvimages.cdn.jio.com/dare_images/images/News9.png
News 11 (576p),https://mumt07.tangotv.in/zHjX9OFlNEWS11BHARAT/index.m3u8,网络源,https://jiotvimages.cdn.jio.com/dare_images/images/News11.png
News12+ Connecticut (1080p) [Geo-blocked],https://mdc.ott.alticeusa.net/live4.ott.optimum.net/live4-uploads/N12PLUS_H_CT_A1/index_new.m3u8,网络源,https://i.ibb.co/n8m2mcsV/news12plus-CT.jpg
News12+ Hudson Valley (1080p) [Geo-blocked],https://mdc.ott.alticeusa.net/live4.ott.optimum.net/live4-uploads/N12PLUS_H_WC_A1/index_new.m3u8,网络源,https://i.ibb.co/cKkdC203/news12plus-HV.jpg
News12+ Long Island (1080p) [Geo-blocked],https://mdc.ott.alticeusa.net/live4.ott.optimum.net/live4-uploads/N12PLUS_H_LI_A1/index_new.m3u8,网络源,https://i.ibb.co/p6FPNcCk/news12plus-LI.jpg
News12+ New Jersey (1080p) [Geo-blocked],https://mdc.ott.alticeusa.net/live4.ott.optimum.net/live4-uploads/N12PLUS_H_NJ_A1/index_new.m3u8,网络源,https://i.ibb.co/qYCVcWDV/news12plus-NJ.jpg
News12+ New York (1080p) [Geo-blocked],https://mdc.ott.alticeusa.net/live4.ott.optimum.net/live4-uploads/N12PLUS_H_NYC_A1/index_new.m3u8,网络源,https://i.ibb.co/tThKYM09/news12plus-NYC.jpg
News12 Bronx [Geo-blocked],https://mdc.ott.alticeusa.net/live4.ott.optimum.net/live4-uploads/N12XH_A1/index_new.m3u8?omap=https,网络源,https://i.imgur.com/d6xQiaf.png
News12 Brooklyn [Geo-blocked],https://mdc.ott.alticeusa.net/live4.ott.optimum.net/live4-uploads/N12KH_A1/index_new.m3u8?omap=https,网络源,https://i.imgur.com/fvcOzzK.png
News12 Conneticut [Geo-blocked],https://mdc.ott.alticeusa.net/live4.ott.optimum.net/live4-uploads/N12CH_FFLD_MILF_A1/index_new.m3u8?omap=https,网络源,https://upload.wikimedia.org/wikipedia/commons/thumb/7/7a/News_12_logo_2019.png/960px-News_12_logo_2019.png
News12 Hudson Valley [Geo-blocked],https://mdc.ott.alticeusa.net/live4.ott.optimum.net/live4-uploads/N12HH_A1/index_new.m3u8?omap=https,网络源,https://upload.wikimedia.org/wikipedia/commons/thumb/7/7a/News_12_logo_2019.png/960px-News_12_logo_2019.png
News12 Long Island (1080p) [Geo-blocked],https://mdc.ott.alticeusa.net/live4.ott.optimum.net/live4-uploads/N12LH_WEST_A1/index_new.m3u8?omap=https,网络源,https://upload.wikimedia.org/wikipedia/commons/thumb/7/7a/News_12_logo_2019.png/960px-News_12_logo_2019.png
News12 New Jersey [Geo-blocked],https://mdc.ott.alticeusa.net/live4.ott.optimum.net/live4-uploads/N12JH_CENT_A1/index_new.m3u8?omap=https,网络源,https://upload.wikimedia.org/wikipedia/commons/thumb/7/7a/News_12_logo_2019.png/960px-News_12_logo_2019.png
News12 New York (1080p),https://aegis-cloudfront-1.tubi.video/97fbb992-c212-4164-8406-abb6f731e517/playlist.m3u8,网络源,https://i.imgur.com/Ez7qAZP.png
News12 Westchester [Geo-blocked],https://mdc.ott.alticeusa.net/live4.ott.optimum.net/live4-uploads/N12WH_A1/index_new.m3u8?omap=https,网络源,https://upload.wikimedia.org/wikipedia/commons/thumb/7/7a/News_12_logo_2019.png/960px-News_12_logo_2019.png
News18 Assam North-East (1080p),https://n18syndication.akamaized.net/bpk-tv/News18_Assam_North_East_NW18_MOB/output01/master.m3u8,网络源,https://xstreamcp-assets-msp.streamready.in/assets/LIVETV/LIVECHANNEL/LIVETV_LIVETVCHANNEL_NEWS18_ASSAM_NORTHSYMHYPEAST/images/LOGO_HD/image.png
News18 Bangla (1080p),https://n18syndication.akamaized.net/bpk-tv/News18_Bangla_NW18_MOB/output01/master.m3u8,网络源,https://xstreamcp-assets-msp.streamready.in/assets/LIVETV/LIVECHANNEL/LIVETV_LIVETVCHANNEL_NEWS18_BANGLA/images/LOGO_HD/image.png
News18 Bihar Jharkhand (1080p),https://n18syndication.akamaized.net/bpk-tv/News18_Bihar_Jharkhand_NW18_MOB/output01/master.m3u8,网络源,https://i.imgur.com/FQ3zDZE.png
News18 Delhi NCR JK (1080p),https://n18syndication.akamaized.net/bpk-tv/News18_JKLH_NW18_MOB/output01/master.m3u8,网络源,https://jiotvimages.cdn.jio.com/dare_images/images/News18JKLH.png
News18 Gujarati (1080p),https://n18syndication.akamaized.net/bpk-tv/News18_Gujarati_NW18_MOB/output01/master.m3u8,网络源,https://xstreamcp-assets-msp.streamready.in/assets/LIVETV/LIVECHANNEL/LIVETV_LIVETVCHANNEL_NEWS18_GUJARATI/images/LOGO_HD/image.png
News18 India (1080p),https://n18syndication.akamaized.net/bpk-tv/News18_India_NW18_MOB/output01/master.m3u8,网络源,https://xstreamcp-assets-msp.streamready.in/assets/LIVETV/LIVECHANNEL/LIVETV_LIVETVCHANNEL_NEWS18_INDIA/images/LOGO_HD/image.png
News18 Kerala (1080p),https://n18syndication.akamaized.net/bpk-tv/News18_Kerala_NW18_MOB/output01/master.m3u8,网络源,https://xstreamcp-assets-msp.streamready.in/assets/LIVETV/LIVECHANNEL/LIVETV_LIVETVCHANNEL_NEWS18_KERALA/images/LOGO_HD/image.png
News18 Madhya Pradesh/Chhattisgarh (1080p),https://n18syndication.akamaized.net/bpk-tv/News18_MP_Chhattisgarh_NW18_MOB/output01/master.m3u8,网络源,https://xstreamcp-assets-msp.streamready.in/assets/LIVETV/LIVECHANNEL/LIVETV_LIVETVCHANNEL_NEWS18_MADHYA_PRADESH_CHHATTISGARH/images/LOGO_HD/image.png
News18 Marathi (1080p),https://n18syndication.akamaized.net/bpk-tv/News18_Lokmat_NW18_MOB/output01/master.m3u8,网络源,https://xstreamcp-assets-msp.streamready.in/assets/LIVETV/LIVECHANNEL/LIVETV_LIVETVCHANNEL_NEWS18_LOKMAT/images/LOGO_HD/image.png
