频道名,地址,来源,图标
电白视窗 (576p) [Not 24/7],http://gddb.chinashadt.com:1935/live/video2.stream/playlist.m3u8,网络源,
电白视窗 (360p) [Not 24/7],http://gddb.chinashadt.com:1935/live/video2.stream_360p/playlist.m3u8,网络源,
电白综合 (576p) [Not 24/7],http://gddb.chinashadt.com:1935/live/video1.stream/playlist.m3u8,网络源,
电白综合 (360p) [Not 24/7],http://gddb.chinashadt.com:1935/live/video1.stream_360p/playlist.m3u8,网络源,
白城新闻综合 [Geo-blocked],https://stream2.jlntv.cn/baicheng1/sd/live.m3u8,网络源,https://www.tvchinese.net/uploads/tv/baicheng.jpg
白山新闻综合 [Geo-blocked],https://stream2.jlntv.cn/baishan1/sd/live.m3u8,网络源,
百事通体育1 (1080p) [Not 24/7],http://112.25.48.68/live/program/live/hdnba1/4000000/mnf.m3u8,网络源,
百事通体育2 (1080p) [Not 24/7],http://112.25.48.68/live/program/live/hdnba2/4000000/mnf.m3u8,网络源,
百事通体育3 (1080p) [Not 24/7],http://112.25.48.68/live/program/live/hdnba3/4000000/mnf.m3u8,网络源,
百事通体育5 (1080p),http://112.25.48.68/live/program/live/hdnba5/4000000/mnf.m3u8,网络源,
百事通体育7 (1080p) [Not 24/7],http://112.25.48.68/live/program/live/hdnba7/4000000/mnf.m3u8,网络源,
石景山电视台 (1080p) [Not 24/7],https://live.sjsrm.com/bjsjs/sd/live.m3u8,网络源,
福山生活 (576p) [Not 24/7],http://live.jiaodong.net:82/tvfushan/hls/tv_shenghuo.m3u8,网络源,
萬州三峽移民 (576p),http://wanzhoulive.cbg.cn:8017/c2F0hmi/1000/live.m3u8,网络源,
萬州影視文藝 (576p),http://wanzhoulive.cbg.cn:8017/d4ceB1a/1000/live.m3u8,网络源,
萬州影視文藝 (576p) [Not 24/7],http://123.146.162.24:8017/d4ceB1a/1000/live.m3u8,网络源,
萬州科教頻道 (576p),http://123.146.162.24:8017/Cz7WPb8/800/live.m3u8,网络源,
萬州科教頻道 (576p),http://wanzhoulive.cbg.cn:8017/Cz7WPb8/800/live.m3u8,网络源,
萬州綜合頻道 (576p),http://123.146.162.24:8017/iTXwrGs/800/live.m3u8,网络源,
萬州綜合頻道 (576p),http://wanzhoulive.cbg.cn:8017/iTXwrGs/800/live.m3u8,网络源,
积石山电视台 (1080p),http://117.156.28.119/270000001111/1110000152/index.m3u8,网络源,
立法會直播 (Legislative Council Live) (720p),https://live3.tdm.com.mo/tv/ch21.live/playlist.m3u8,网络源,
篮球资讯 (576p),http://223.110.245.139/PLTV/4/224/3221227023/index.m3u8,网络源,
娄底综合 (720p),http://119.39.242.52:1935/live/zonghe/playlist.m3u8,网络源,
精品电影 (1080p),http://183.207.248.71/cntv/live1/jdianying/jdianying,网络源,
纪实人文 (1080p),http://39.135.138.59:18890/PLTV/88888910/224/3221225655/index.m3u8,网络源,https://i.imgur.com/CEcNWsE.png
纯享4K (2160p),http://39.134.115.163:8080/PLTV/88888910/224/3221225786/index.m3u8,网络源,
继续教育 (576p),http://111.63.117.13:6060/030000001000/G_CETV-2/G_CETV-2.m3u8,网络源,
罗山电视台 (1080p) [Not 24/7],http://live.dxhmt.cn:9081/tv/11521-1.m3u8,网络源,
置业 (576p),http://223.110.245.161/ott.js.chinamobile.com/PLTV/3/224/3221227037/index.m3u8,网络源,
耀才財經台 (576p),http://202.69.67.66:443/webcast/bshdlive-pc/playlist.m3u8,网络源,https://i.imgur.com/GVYSSgm.png
耀才财经 (288p),http://202.69.67.66:443/webcast/bshdlive-mobile/playlist.m3u8,网络源,
肃州电视台 (1080p),http://117.156.28.119/270000001111/1110000123/index.m3u8,网络源,
芜湖公共 (576p),http://live1.wuhubtv.com/channel3/sd/live.m3u8,网络源,
芜湖新闻综合 (576p),http://live1.wuhubtv.com/channel1/sd/live.m3u8,网络源,
芜湖生活 (576p),http://live1.wuhubtv.com/channel2/sd/live.m3u8,网络源,
荣昌综合 (404p) [Not 24/7],http://183.64.181.25:40023/rongchang01.m3u8,网络源,
莒縣圖文頻道 (720p),http://61.162.225.122:8181/live/test3.m3u8,网络源,
莒縣電視一套 (576p),http://61.162.225.122:8181/live/test1.m3u8,网络源,
莒縣電視二套 (576p) [Not 24/7],http://61.162.225.122:8181/live/test2.m3u8,网络源,
萍鄉公共頻道 (1080p) [Not 24/7],http://www.pxitv.com:8099/hls-live/livepkgr/_definst_/pxitvevent/pxtv3stream.m3u8,网络源,
萍鄉教育頻道 (480p),http://www.pxitv.com:8099/hls-live/livepkgr/_definst_/pxitvevent/pxtv2stream.m3u8,网络源,
萍鄉新聞綜合 (576p) [Not 24/7],http://www.pxitv.com:8099/hls-live/livepkgr/_definst_/pxitvevent/pxtv1stream.m3u8,网络源,https://i.imgur.com/Kc7htop.jpg
蓬安新闻综合 (720p) [Not 24/7],http://palive.patv123.com:8091/live/xwpd_800K.m3u8,网络源,
蕪湖教育頻道 (576p),http://live1.wuhubtv.com/channel4/sd/live.m3u8,网络源,
西安丝路 (404p) [Not 24/7],http://stream2.xiancity.cn/xatv5/playlist.m3u8,网络源,https://i.imgur.com/52i1Qnz.png
西安乐购购物 (180p) [Not 24/7],http://stream2.xiancity.cn/xatv6/playlist.m3u8,网络源,
西安商务资讯 (180p) [Not 24/7],http://stream2.xiancity.cn/xatv3/playlist.m3u8,网络源,https://i.imgur.com/dzdiY4O.png
西安影视 (180p) [Not 24/7],http://stream2.xiancity.cn/xatv4/playlist.m3u8,网络源,
西安新闻 (1080p) [Not 24/7],http://stream2.xiancity.cn/xatv1/playlist.m3u8,网络源,
西安白鸽 (180p) [Not 24/7],http://stream2.xiancity.cn/xatv2/playlist.m3u8,网络源,
西藏卫视 (576p),http://39.134.115.163:8080/PLTV/88888910/224/3221225723/index.m3u8,网络源,
西藏卫视 (576p),http://117.169.120.140:8080/live/xizangstv/.m3u8,网络源,
西藏卫视 (576p),http://183.207.249.16/PLTV/3/224/3221225523/index.m3u8,网络源,
贝爷影厅,http://epg.112114.xyz/douyu/252802,网络源,
贵州卫视 (576p),http://39.134.115.163:8080/PLTV/88888910/224/3221225728/index.m3u8,网络源,
贵州卫视 (576p),http://183.207.248.71/gitv/live1/G_GUIZHOU/G_GUIZHOU,网络源,https://i.imgur.com/nkcKCdr.png
辛集新聞頻道 (480p) [Not 24/7],http://zsxj.chinashadt.com:1935/live/xjxw.stream_360p/playlist.m3u8,网络源,
辛集生活頻道 (480p) [Not 24/7],http://zsxj.chinashadt.com:1935/live/xjsh.stream_360p/playlist.m3u8,网络源,
辽宁卫视 (1080p),http://39.134.39.37/PLTV/88888888/224/3221226209/index.m3u8,网络源,https://i.imgur.com/XRfeNTd.png
辽源新闻综合 [Geo-blocked],https://stream2.jlntv.cn/liaoyuan1/sd/live.m3u8,网络源,
通化新闻 [Geo-blocked],https://stream2.jlntv.cn/tonghua1/sd/live.m3u8,网络源,
邗江资讯 (576p),http://223.110.245.139/PLTV/4/224/3221227154/index.m3u8,网络源,
邢台城生,http://222.223.119.21:8888/newlive/live/hls/55/live.m3u8,网络源,
邢台综合,http://222.223.119.21:8888/newlive/live/hls/54/live.m3u8,网络源,
酒泉新闻综合 (576p),http://117.156.28.119/270000001111/1110000001/index.m3u8,网络源,https://i.imgur.com/mPkG8Gi.png
重庆卫视 (1080p),http://118.81.195.79:9003/hls/22/index.m3u8,网络源,https://i.imgur.com/ggKci6o.png
金昌公共頻道 (240p) [Geo-blocked],http://stream4.liveyun.hoge.cn/ch01/sd/live.m3u8,网络源,
金昌綜合頻道 (720p) [Geo-blocked],http://stream4.liveyun.hoge.cn/ch02/sd/live.m3u8,网络源,
金鹰卡通 (576p),http://223.110.245.145/ott.js.chinamobile.com/PLTV/3/224/3221226303/index.m3u8,网络源,https://i.imgur.com/xfVHrKQ.png
长乐综合 [Geo-blocked],http://35908.hlsplay.aodianyun.com/guangdianyun_35908/tv_channel_327.m3u8,网络源,
长春综合 [Geo-blocked],https://stream2.jlntv.cn/jlcc/sd/live.m3u8,网络源,
长沙地铁移动 [Geo-blocked],http://35848.hlsplay.aodianyun.com/guangdianyun_35848/tv_channel_356.m3u8,网络源,
长沙女性 [Geo-blocked],http://35848.hlsplay.aodianyun.com/guangdianyun_35848/tv_channel_349.m3u8,网络源,https://www.tvchinese.net/uploads/tv/csnxpd.jpg
长沙政法 [Geo-blocked],http://35848.hlsplay.aodianyun.com/guangdianyun_35848/tv_channel_348.m3u8,网络源,https://www.tvchinese.net/uploads/tv/cszfpd.jpg
长沙新闻 [Geo-blocked],http://35848.hlsplay.aodianyun.com/guangdianyun_35848/tv_channel_346.m3u8,网络源,https://static.tvtropes.org/pmwiki/pub/images/hunantv_logo.png
长沙经贸 [Geo-blocked],http://35848.hlsplay.aodianyun.com/guangdianyun_35848/tv_channel_350.m3u8,网络源,
长沙购物 [Geo-blocked],http://35848.hlsplay.aodianyun.com/guangdianyun_35848/tv_channel_354.m3u8,网络源,
陕西卫视 (576p),http://39.134.115.163:8080/PLTV/88888910/224/3221225729/index.m3u8,网络源,
陕西卫视 (576p),http://223.110.245.139/PLTV/4/224/3221227022/index.m3u8,网络源,
陕西卫视 (540p),http://112.25.48.68/live/program/live/sxws/1300000/mnf.m3u8,网络源,
隨州綜合 (720p) [Not 24/7],http://34766.hlsplay.aodianyun.com/guangdianyun_34766/tv_channel_304.m3u8,网络源,
隨州農村 (720p) [Not 24/7],http://34766.hlsplay.aodianyun.com/guangdianyun_34766/tv_channel_305.m3u8,网络源,
集安综合 [Geo-blocked],https://stream2.jlntv.cn/ja/sd/live.m3u8,网络源,
霸州公共頻道 (576p) [Not 24/7],http://hbbz.chinashadt.com:2036/live/stream:bzgg.stream/playlist.m3u8,网络源,
霸州少兒頻道 (576p) [Not 24/7],http://hbbz.chinashadt.com:2036/live/stream:bzse.stream/playlist.m3u8,网络源,
青海卫视 (1080p),http://live.geermurmt.com/qhws/sd/live.m3u8,网络源,https://i.imgur.com/Nyuxo8S.png
靖江新闻綜合 (480p) [Not 24/7],http://visit.jjbctv.com:1935/live/xwzhmb/playlist.m3u8,网络源,
静宁综合 (1080p),http://117.156.28.119/270000001111/1110000147/index.m3u8,网络源,
风尚购物 (1080p),http://183.207.248.71/cntv/live1/fengshanggw/fengshanggw,网络源,https://i.imgur.com/WNhfnUR.png
餘姚姚江文化 (576p) [Not 24/7],https://l.cztvcloud.com/channels/lantian/SXyuyao2/720p.m3u8,网络源,
高台电视台 (1080p),http://117.156.28.119/270000001111/1110000146/index.m3u8,网络源,https://upload.wikimedia.org/wikipedia/zh/2/28/%E7%94%98%E8%82%83%E5%8D%AB%E8%A7%86.png
高清电影 (1080p),http://39.134.19.76/dbiptv.sn.chinamobile.com/PLTV/88888888/224/3221226463/index.m3u8,网络源,
鹤壁新闻综合 (480p) [Not 24/7],http://pili-live-hls.hebitv.com/hebi/hebi.m3u8,网络源,https://i.imgur.com/Osw5yRW.png
鹤峰综合 [Geo-blocked],http://hefeng.live.tempsource.cjyun.org/videotmp/s10100-hftv.m3u8,网络源,
鹿泉一套 (576p) [Not 24/7],http://hblq.chinashadt.com:2036/live/stream:luquan1.stream/playlist.m3u8,网络源,
鹿泉二套 (576p) [Not 24/7],http://hblq.chinashadt.com:2036/live/stream:luquan2.stream/playlist.m3u8,网络源,
黑龙卫视 (1080p),http://223.110.243.169/PLTV/3/224/3221227252/index.m3u8,网络源,
黑龙卫视 (1080p),http://223.110.245.139/PLTV/4/224/3221227492/index.m3u8,网络源,
黑龙卫视 (1080p),http://223.110.245.170/PLTV/3/224/3221227252/index.m3u8,网络源,
黑龙卫视 (720p),http://125.210.152.18:9090/live/HLJWSHD_H265.m3u8,网络源,
黑龙江卫 (1080p),http://183.207.248.71/cntv/live1/HD-2500k-1080P-heilongjiangstv/HD-2500k-1080P-heilongjiangstv,网络源,
黑龙江卫视 (2160p),http://118.81.195.79:9003/hls/31/index.m3u8,网络源,https://i.imgur.com/9fj1uba.png
免费订阅：请勿贩卖...,https://epg.yang-1989.eu.org/v/302.mp4,网络源,https://epg.yang-1989.eu.org/logo/温馨提示.png
维护时间：2025-1-15#佛系维护...,https://epg.yang-1989.eu.org/v/301.mp4,网络源,https://epg.yang-1989.eu.org/logo/温馨提示.png
晴彩广场舞「移动」,http://gslbserv.itv.cmvideo.cn:80/3000000020000011523/index.m3u8?channel-id=FifastbLive&Contentid=3000000020000011523&livemode=1&stbId=YanG-1989,网络源,https://epg.yang-1989.eu.org/logo/咪咕.png
晴彩少年「移动」,http://gslbserv.itv.cmvideo.cn:80/3000000020000011525/index.m3u8?channel-id=FifastbLive&Contentid=3000000020000011525&livemode=1&stbId=YanG-1989,网络源,https://epg.yang-1989.eu.org/logo/咪咕.png
晴彩竞技「移动」,http://gslbserv.itv.cmvideo.cn:80/3000000020000011528/index.m3u8?channel-id=FifastbLive&Contentid=3000000020000011528&livemode=1&stbId=YanG-1989,网络源,https://epg.yang-1989.eu.org/logo/咪咕.png
晴彩篮球「移动」,http://gslbserv.itv.cmvideo.cn:80/3000000020000011529/index.m3u8?channel-id=FifastbLive&Contentid=3000000020000011529&livemode=1&stbId=YanG-1989,网络源,https://epg.yang-1989.eu.org/logo/咪咕.png
咪咕直播 𝟜𝕂-𝟙「移动」,http://gslbserv.itv.cmvideo.cn:80/3000000010000005180/index.m3u8?channel-id=FifastbLive&Contentid=3000000010000005180&livemode=1&stbId=YanG-1989,网络源,https://epg.yang-1989.eu.org/logo/咪咕.png
咪咕直播 𝟜𝕂-𝟚「移动」,http://gslbserv.itv.cmvideo.cn:80/3000000010000015686/index.m3u8?channel-id=FifastbLive&Contentid=3000000010000015686&livemode=1&stbId=YanG-1989,网络源,https://epg.yang-1989.eu.org/logo/咪咕.png
咪咕直播 𝟙「移动」,http://gslbserv.itv.cmvideo.cn:80/3000000001000005308/index.m3u8?channel-id=FifastbLive&Contentid=3000000001000005308&livemode=1&stbId=YanG-1989,网络源,https://epg.yang-1989.eu.org/logo/咪咕.png
咪咕直播 𝟚「移动」,http://gslbserv.itv.cmvideo.cn:80/3000000001000005969/index.m3u8?channel-id=FifastbLive&Contentid=3000000001000005969&livemode=1&stbId=YanG-1989,网络源,https://epg.yang-1989.eu.org/logo/咪咕.png
咪咕直播 𝟛「移动」,http://gslbserv.itv.cmvideo.cn:80/3000000001000007218/index.m3u8?channel-id=FifastbLive&Contentid=3000000001000007218&livemode=1&stbId=YanG-1989,网络源,https://epg.yang-1989.eu.org/logo/咪咕.png
咪咕直播 𝟜「移动」,http://gslbserv.itv.cmvideo.cn:80/3000000001000008001/index.m3u8?channel-id=FifastbLive&Contentid=3000000001000008001&livemode=1&stbId=YanG-1989,网络源,https://epg.yang-1989.eu.org/logo/咪咕.png
咪咕直播 𝟝「移动」,http://gslbserv.itv.cmvideo.cn:80/3000000001000008176/index.m3u8?channel-id=FifastbLive&Contentid=3000000001000008176&livemode=1&stbId=YanG-1989,网络源,https://epg.yang-1989.eu.org/logo/咪咕.png
咪咕直播 𝟞「移动」,http://gslbserv.itv.cmvideo.cn:80/3000000001000008379/index.m3u8?channel-id=FifastbLive&Contentid=3000000001000008379&livemode=1&stbId=YanG-1989,网络源,https://epg.yang-1989.eu.org/logo/咪咕.png
咪咕直播 𝟟「移动」,http://gslbserv.itv.cmvideo.cn:80/3000000001000010129/index.m3u8?channel-id=FifastbLive&Contentid=3000000001000010129&livemode=1&stbId=YanG-1989,网络源,https://epg.yang-1989.eu.org/logo/咪咕.png
咪咕直播 𝟠「移动」,http://gslbserv.itv.cmvideo.cn:80/3000000001000010948/index.m3u8?channel-id=FifastbLive&Contentid=3000000001000010948&livemode=1&stbId=YanG-1989,网络源,https://epg.yang-1989.eu.org/logo/咪咕.png
咪咕直播 𝟡「移动」,http://gslbserv.itv.cmvideo.cn:80/3000000001000028638/index.m3u8?channel-id=FifastbLive&Contentid=3000000001000028638&livemode=1&stbId=YanG-1989,网络源,https://epg.yang-1989.eu.org/logo/咪咕.png
咪咕直播 𝟙𝟘「移动」,http://gslbserv.itv.cmvideo.cn:80/3000000001000031494/index.m3u8?channel-id=FifastbLive&Contentid=3000000001000031494&livemode=1&stbId=YanG-1989,网络源,https://epg.yang-1989.eu.org/logo/咪咕.png
咪咕直播 𝟙𝟙「移动」,http://gslbserv.itv.cmvideo.cn:80/3000000010000000097/index.m3u8?channel-id=FifastbLive&Contentid=3000000010000000097&livemode=1&stbId=YanG-1989,网络源,https://epg.yang-1989.eu.org/logo/咪咕.png
咪咕直播 𝟙𝟚「移动」,http://gslbserv.itv.cmvideo.cn:80/3000000010000002019/index.m3u8?channel-id=FifastbLive&Contentid=3000000010000002019&livemode=1&stbId=YanG-1989,网络源,https://epg.yang-1989.eu.org/logo/咪咕.png
咪咕直播 𝟙𝟛「移动」,http://gslbserv.itv.cmvideo.cn:80/3000000010000002809/index.m3u8?channel-id=FifastbLive&Contentid=3000000010000002809&livemode=1&stbId=YanG-1989,网络源,https://epg.yang-1989.eu.org/logo/咪咕.png
咪咕直播 𝟙𝟜「移动」,http://gslbserv.itv.cmvideo.cn:80/3000000010000003915/index.m3u8?channel-id=FifastbLive&Contentid=3000000010000003915&livemode=1&stbId=YanG-1989,网络源,https://epg.yang-1989.eu.org/logo/咪咕.png
咪咕直播 𝟙𝟝「移动」,http://gslbserv.itv.cmvideo.cn:80/3000000010000004193/index.m3u8?channel-id=FifastbLive&Contentid=3000000010000004193&livemode=1&stbId=YanG-1989,网络源,https://epg.yang-1989.eu.org/logo/咪咕.png
咪咕直播 𝟙𝟞「移动」,http://gslbserv.itv.cmvideo.cn:80/3000000010000005837/index.m3u8?channel-id=FifastbLive&Contentid=3000000010000005837&livemode=1&stbId=YanG-1989,网络源,https://epg.yang-1989.eu.org/logo/咪咕.png
咪咕直播 𝟙𝟟「移动」,http://gslbserv.itv.cmvideo.cn:80/3000000010000006077/index.m3u8?channel-id=FifastbLive&Contentid=3000000010000006077&livemode=1&stbId=YanG-1989,网络源,https://epg.yang-1989.eu.org/logo/咪咕.png
咪咕直播 𝟙𝟠「移动」,http://gslbserv.itv.cmvideo.cn:80/3000000010000006658/index.m3u8?channel-id=FifastbLive&Contentid=3000000010000006658&livemode=1&stbId=YanG-1989,网络源,https://epg.yang-1989.eu.org/logo/咪咕.png
咪咕直播 𝟙𝟡「移动」,http://gslbserv.itv.cmvideo.cn:80/3000000010000009788/index.m3u8?channel-id=FifastbLive&Contentid=3000000010000009788&livemode=1&stbId=YanG-1989,网络源,https://epg.yang-1989.eu.org/logo/咪咕.png
咪咕直播 𝟚𝟘「移动」,http://gslbserv.itv.cmvideo.cn:80/3000000010000010833/index.m3u8?channel-id=FifastbLive&Contentid=3000000010000010833&livemode=1&stbId=YanG-1989,网络源,https://epg.yang-1989.eu.org/logo/咪咕.png
咪咕直播 𝟚𝟙「移动」,http://gslbserv.itv.cmvideo.cn:80/3000000010000011297/index.m3u8?channel-id=FifastbLive&Contentid=3000000010000011297&livemode=1&stbId=YanG-1989,网络源,https://epg.yang-1989.eu.org/logo/咪咕.png
咪咕直播 𝟚𝟚「移动」,http://gslbserv.itv.cmvideo.cn:80/3000000010000011518/index.m3u8?channel-id=FifastbLive&Contentid=3000000010000011518&livemode=1&stbId=YanG-1989,网络源,https://epg.yang-1989.eu.org/logo/咪咕.png
咪咕直播 𝟚𝟛「移动」,http://gslbserv.itv.cmvideo.cn:80/3000000010000012558/index.m3u8?channel-id=FifastbLive&Contentid=3000000010000012558&livemode=1&stbId=YanG-1989,网络源,https://epg.yang-1989.eu.org/logo/咪咕.png
咪咕直播 𝟚𝟜「移动」,http://gslbserv.itv.cmvideo.cn:80/3000000010000012616/index.m3u8?channel-id=FifastbLive&Contentid=3000000010000012616&livemode=1&stbId=YanG-1989,网络源,https://epg.yang-1989.eu.org/logo/咪咕.png
咪咕直播 𝟚𝟝「移动」,http://gslbserv.itv.cmvideo.cn:80/3000000010000015470/index.m3u8?channel-id=FifastbLive&Contentid=3000000010000015470&livemode=1&stbId=YanG-1989,网络源,https://epg.yang-1989.eu.org/logo/咪咕.png
咪咕直播 𝟚𝟞「移动」,http://gslbserv.itv.cmvideo.cn:80/3000000010000015560/index.m3u8?channel-id=FifastbLive&Contentid=3000000010000015560&livemode=1&stbId=YanG-1989,网络源,https://epg.yang-1989.eu.org/logo/咪咕.png
咪咕直播 𝟚𝟟「移动」,http://gslbserv.itv.cmvideo.cn:80/3000000010000017678/index.m3u8?channel-id=FifastbLive&Contentid=3000000010000017678&livemode=1&stbId=YanG-1989,网络源,https://epg.yang-1989.eu.org/logo/咪咕.png
咪咕直播 𝟚𝟠「移动」,http://gslbserv.itv.cmvideo.cn:80/3000000010000019839/index.m3u8?channel-id=FifastbLive&Contentid=3000000010000019839&livemode=1&stbId=YanG-1989,网络源,https://epg.yang-1989.eu.org/logo/咪咕.png
咪咕直播 𝟚𝟡「移动」,http://gslbserv.itv.cmvideo.cn:80/3000000010000021904/index.m3u8?channel-id=FifastbLive&Contentid=3000000010000021904&livemode=1&stbId=YanG-1989,网络源,https://epg.yang-1989.eu.org/logo/咪咕.png
咪咕直播 𝟛𝟘「移动」,http://gslbserv.itv.cmvideo.cn:80/3000000010000023434/index.m3u8?channel-id=FifastbLive&Contentid=3000000010000023434&livemode=1&stbId=YanG-1989,网络源,https://epg.yang-1989.eu.org/logo/咪咕.png
咪咕直播 𝟛𝟙「移动」,http://gslbserv.itv.cmvideo.cn:80/3000000010000025380/index.m3u8?channel-id=FifastbLive&Contentid=3000000010000025380&livemode=1&stbId=YanG-1989,网络源,https://epg.yang-1989.eu.org/logo/咪咕.png
咪咕直播 𝟛𝟚「移动」,http://gslbserv.itv.cmvideo.cn:80/3000000010000027691/index.m3u8?channel-id=FifastbLive&Contentid=3000000010000027691&livemode=1&stbId=YanG-1989,网络源,https://epg.yang-1989.eu.org/logo/咪咕.png
咪咕直播 𝟛𝟛「移动」,http://gslbserv.itv.cmvideo.cn:80/3000000010000031669/index.m3u8?channel-id=FifastbLive&Contentid=3000000010000031669&livemode=1&stbId=YanG-1989,网络源,https://epg.yang-1989.eu.org/logo/咪咕.png
咪咕直播 𝟛𝟜「移动」,http://gslbserv.itv.cmvideo.cn:80/3000000020000011518/index.m3u8?channel-id=FifastbLive&Contentid=3000000020000011518&livemode=1&stbId=YanG-1989,网络源,https://epg.yang-1989.eu.org/logo/咪咕.png
咪咕直播 𝟛𝟝「移动」,http://gslbserv.itv.cmvideo.cn:80/3000000020000011519/index.m3u8?channel-id=FifastbLive&Contentid=3000000020000011519&livemode=1&stbId=YanG-1989,网络源,https://epg.yang-1989.eu.org/logo/咪咕.png
咪咕直播 𝟛𝟞「移动」,http://gslbserv.itv.cmvideo.cn:80/3000000020000011520/index.m3u8?channel-id=FifastbLive&Contentid=3000000020000011520&livemode=1&stbId=YanG-1989,网络源,https://epg.yang-1989.eu.org/logo/咪咕.png
咪咕直播 𝟛𝟟「移动」,http://gslbserv.itv.cmvideo.cn:80/3000000020000011521/index.m3u8?channel-id=FifastbLive&Contentid=3000000020000011521&livemode=1&stbId=YanG-1989,网络源,https://epg.yang-1989.eu.org/logo/咪咕.png
咪咕直播 𝟛𝟠「移动」,http://gslbserv.itv.cmvideo.cn:80/3000000020000011522/index.m3u8?channel-id=FifastbLive&Contentid=3000000020000011522&livemode=1&stbId=YanG-1989,网络源,https://epg.yang-1989.eu.org/logo/咪咕.png
「B站」热门赛事,http://dns.yiandrive.com:15907/bilibili/10,网络源,https://epg.yang-1989.eu.org/logo/哔哩哔哩.png
「B站」CS 2,https://cdn-3.ttvb.eu.org/bilibili/21622811,网络源,https://epg.yang-1989.eu.org/logo/哔哩哔哩.png
「虎牙」CS 2,https://cdn-3.ttvb.eu.org/huya/483917,网络源,https://epg.yang-1989.eu.org/logo/虎牙.png
「B站」英雄联盟,https://cdn-3.ttvb.eu.org/bilibili/6,网络源,https://epg.yang-1989.eu.org/logo/哔哩哔哩.png
「虎牙」英雄联盟 𝟙,https://cdn-3.ttvb.eu.org/huya/660000,网络源,https://epg.yang-1989.eu.org/logo/虎牙.png
「虎牙」英雄联盟 𝟚,https://cdn-3.ttvb.eu.org/huya/660001,网络源,https://epg.yang-1989.eu.org/logo/虎牙.png
「斗鱼」英雄联盟 𝟙,https://cdn-3.ttvb.eu.org/douyu/288016,网络源,https://epg.yang-1989.eu.org/logo/斗鱼.png
「斗鱼」英雄联盟 𝟚,https://cdn-3.ttvb.eu.org/douyu/424559,网络源,https://epg.yang-1989.eu.org/logo/斗鱼.png
「B站」英雄联盟•手游,https://cdn-3.ttvb.eu.org/bilibili/23138275,网络源,https://epg.yang-1989.eu.org/logo/哔哩哔哩.png
「B站」王者荣耀 𝟙,https://cdn-3.ttvb.eu.org/bilibili/55,网络源,https://epg.yang-1989.eu.org/logo/哔哩哔哩.png
「B站」王者荣耀 𝟚,https://cdn-3.ttvb.eu.org/bilibili/21654762,网络源,https://epg.yang-1989.eu.org/logo/哔哩哔哩.png
「虎牙」王者荣耀 𝟙,https://cdn-3.ttvb.eu.org/huya/660002,网络源,https://epg.yang-1989.eu.org/logo/虎牙.png
「虎牙」王者荣耀 𝟚,https://cdn-3.ttvb.eu.org/huya/660164,网络源,https://epg.yang-1989.eu.org/logo/虎牙.png
「斗鱼」王者荣耀 𝟙,https://cdn-3.ttvb.eu.org/douyu/1863767,网络源,https://epg.yang-1989.eu.org/logo/斗鱼.png
「斗鱼」王者荣耀 𝟚,https://cdn-3.ttvb.eu.org/douyu/1984839,网络源,https://epg.yang-1989.eu.org/logo/斗鱼.png
「B站」绝地求生,https://cdn-3.ttvb.eu.org/bilibili/98,网络源,https://epg.yang-1989.eu.org/logo/哔哩哔哩.png
「虎牙」绝地求生 𝟙,https://cdn-3.ttvb.eu.org/huya/660004,网络源,https://epg.yang-1989.eu.org/logo/虎牙.png
「虎牙」绝地求生 𝟚,https://cdn-3.ttvb.eu.org/huya/660005,网络源,https://epg.yang-1989.eu.org/logo/虎牙.png
「斗鱼」绝地求生,https://cdn-3.ttvb.eu.org/douyu/100,网络源,https://epg.yang-1989.eu.org/logo/斗鱼.png
「虎牙」和平精英,https://cdn-3.ttvb.eu.org/huya/660006,网络源,https://epg.yang-1989.eu.org/logo/虎牙.png
「斗鱼」和平精英,https://cdn-3.ttvb.eu.org/douyu/999,网络源,https://epg.yang-1989.eu.org/logo/斗鱼.png
「虎牙」金铲铲之战,https://cdn-3.ttvb.eu.org/huya/660579,网络源,https://epg.yang-1989.eu.org/logo/虎牙.png
「斗鱼」金铲铲之战,https://cdn-3.ttvb.eu.org/douyu/9715241,网络源,https://epg.yang-1989.eu.org/logo/斗鱼.png
「虎牙」DOTA2,https://cdn-3.ttvb.eu.org/huya/660118,网络源,https://epg.yang-1989.eu.org/logo/虎牙.png
「斗鱼」DOTA2,https://cdn-3.ttvb.eu.org/douyu/3811559,网络源,https://epg.yang-1989.eu.org/logo/斗鱼.png
「斗鱼」云顶之弈,https://cdn-3.ttvb.eu.org/douyu/522423,网络源,https://epg.yang-1989.eu.org/logo/斗鱼.png
「虎牙」永劫无间,https://cdn-3.ttvb.eu.org/huya/660115,网络源,https://epg.yang-1989.eu.org/logo/虎牙.png
「斗鱼」永劫无间,https://cdn-3.ttvb.eu.org/huya/9662891,网络源,https://epg.yang-1989.eu.org/logo/斗鱼.png
「B站」使命召唤•手游,https://cdn-3.ttvb.eu.org/bilibili/22741849,网络源,https://epg.yang-1989.eu.org/logo/哔哩哔哩.png
「虎牙」使命召唤•手游,https://cdn-3.ttvb.eu.org/huya/11718629,网络源,https://epg.yang-1989.eu.org/logo/虎牙.png
「斗鱼」使命召唤•手游,https://cdn-3.ttvb.eu.org/douyu/9223245,网络源,https://epg.yang-1989.eu.org/logo/斗鱼.png
「虎牙」穿越火线,https://cdn-3.ttvb.eu.org/huya/660101,网络源,https://epg.yang-1989.eu.org/logo/虎牙.png
「斗鱼」穿越火线 𝟙,https://cdn-3.ttvb.eu.org/douyu/605964,网络源,https://epg.yang-1989.eu.org/logo/斗鱼.png
「斗鱼」穿越火线 𝟚,https://cdn-3.ttvb.eu.org/douyu/5388537,网络源,https://epg.yang-1989.eu.org/logo/斗鱼.png
「虎牙」穿越火线•手游,https://cdn-3.ttvb.eu.org/huya/660102,网络源,https://epg.yang-1989.eu.org/logo/虎牙.png
「B站」第五人格,https://cdn-3.ttvb.eu.org/bilibili/5555,网络源,https://epg.yang-1989.eu.org/logo/哔哩哔哩.png
「虎牙」第五人格,https://cdn-3.ttvb.eu.org/huya/idvesports,网络源,https://epg.yang-1989.eu.org/logo/虎牙.png
「斗鱼」第五人格,https://cdn-3.ttvb.eu.org/douyu/3226194,网络源,https://epg.yang-1989.eu.org/logo/斗鱼.png
「虎牙」逆战,https://cdn-3.ttvb.eu.org/huya/nsl2021,网络源,https://epg.yang-1989.eu.org/logo/虎牙.png
「B站」无畏契约,https://cdn-3.ttvb.eu.org/bilibili/22908869,网络源,https://epg.yang-1989.eu.org/logo/哔哩哔哩.png
「虎牙」无畏契约,https://cdn-3.ttvb.eu.org/huya/660679,网络源,https://epg.yang-1989.eu.org/logo/虎牙.png
「斗鱼」无畏契约,https://cdn-3.ttvb.eu.org/douyu/4585645,网络源,https://epg.yang-1989.eu.org/logo/斗鱼.png
「斗鱼」原神,https://cdn-3.ttvb.eu.org/douyu/10853239,网络源,https://epg.yang-1989.eu.org/logo/斗鱼.png
「B站」QQ飞车•手游,https://cdn-3.ttvb.eu.org/bilibili/21743919,网络源,https://epg.yang-1989.eu.org/logo/哔哩哔哩.png
「斗鱼」QQ飞车•手游,https://cdn-3.ttvb.eu.org/douyu/5040227,网络源,https://epg.yang-1989.eu.org/logo/斗鱼.png
「斗鱼」梦幻西游·手游,https://cdn-3.ttvb.eu.org/huya/9163712,网络源,https://epg.yang-1989.eu.org/logo/斗鱼.png
「斗鱼」街霸,https://cdn-3.ttvb.eu.org/huya/11437,网络源,https://epg.yang-1989.eu.org/logo/斗鱼.png
「B站」JJ斗地主,https://cdn-3.ttvb.eu.org/bilibili/22021983,网络源,https://epg.yang-1989.eu.org/logo/哔哩哔哩.png
「斗鱼」JJ斗地主,https://cdn-3.ttvb.eu.org/douyu/488743,网络源,https://epg.yang-1989.eu.org/logo/斗鱼.png
「斗鱼」我的世界,https://cdn-3.ttvb.eu.org/douyu/738878,网络源,https://epg.yang-1989.eu.org/logo/斗鱼.png
「斗鱼」FIFA,https://cdn-3.ttvb.eu.org/douyu/7692166,网络源,https://epg.yang-1989.eu.org/logo/斗鱼.png
「斗鱼」火影忍者,https://cdn-3.ttvb.eu.org/douyu/1997723,网络源,https://epg.yang-1989.eu.org/logo/斗鱼.png
「斗鱼」跑跑卡丁车,https://cdn-3.ttvb.eu.org/douyu/7722576,网络源,https://epg.yang-1989.eu.org/logo/斗鱼.png
「斗鱼」跑跑卡丁车•手游,https://cdn-3.ttvb.eu.org/douyu/6672862,网络源,https://epg.yang-1989.eu.org/logo/斗鱼.png
音乐石榴「音乐」,https://cdn-3.ttvb.eu.org/huya/17091681,网络源,https://epg.yang-1989.eu.org/logo/虎牙.png
音乐速递「音乐」,https://cdn-3.ttvb.eu.org/huya/19439762,网络源,https://epg.yang-1989.eu.org/logo/虎牙.png
治愈•放松「音乐」,https://cdn-3.ttvb.eu.org/huya/21241811,网络源,https://epg.yang-1989.eu.org/logo/虎牙.png
阅读•学习「音乐」,https://cdn-3.ttvb.eu.org/huya/21241813,网络源,https://epg.yang-1989.eu.org/logo/虎牙.png
电视剧•1「解说」,https://cdn-3.ttvb.eu.org/huya/21277391,网络源,https://epg.yang-1989.eu.org/logo/虎牙.png
电视剧•2「解说」,https://cdn-3.ttvb.eu.org/huya/25018873,网络源,https://epg.yang-1989.eu.org/logo/虎牙.png
电影•1「解说」,https://cdn-3.ttvb.eu.org/huya/20289754,网络源,https://epg.yang-1989.eu.org/logo/虎牙.png
电影•2「解说」,https://cdn-3.ttvb.eu.org/huya/24983280,网络源,https://epg.yang-1989.eu.org/logo/虎牙.png
电影•3「解说」,https://cdn-3.ttvb.eu.org/huya/24396428,网络源,https://epg.yang-1989.eu.org/logo/虎牙.png
动漫•1「解说」,https://cdn-3.ttvb.eu.org/huya/19757963,网络源,https://epg.yang-1989.eu.org/logo/虎牙.png
恐怖电影「解说」,https://cdn-3.ttvb.eu.org/huya/23419131,网络源,https://epg.yang-1989.eu.org/logo/虎牙.png
漫威「解说」,https://cdn-3.ttvb.eu.org/huya/17089779,网络源,https://epg.yang-1989.eu.org/logo/虎牙.png
美剧「解说」,https://cdn-3.ttvb.eu.org/huya/20488841,网络源,https://epg.yang-1989.eu.org/logo/虎牙.png
七龙珠「解说」,https://cdn-3.ttvb.eu.org/huya/25650806,网络源,https://epg.yang-1989.eu.org/logo/虎牙.png
止戈电影「解说」,https://cdn-3.ttvb.eu.org/huya/19863777,网络源,https://epg.yang-1989.eu.org/logo/虎牙.png
挨饿德•1「其他」,https://cdn-3.ttvb.eu.org/huya/20985858,网络源,https://epg.yang-1989.eu.org/logo/虎牙.png
挨饿德•2「其他」,https://cdn-3.ttvb.eu.org/huya/17693860,网络源,https://epg.yang-1989.eu.org/logo/虎牙.png
互扇巴掌大赛「其他」,https://cdn-3.ttvb.eu.org/huya/20072873,网络源,https://epg.yang-1989.eu.org/logo/虎牙.png
荒野求生「其他」,https://cdn-3.ttvb.eu.org/huya/593667,网络源,https://epg.yang-1989.eu.org/logo/虎牙.png
野行者「其他」,https://cdn-3.ttvb.eu.org/huya/20072663,网络源,https://epg.yang-1989.eu.org/logo/虎牙.png
跳舞「其他」,https://cdn-3.ttvb.eu.org/huya/24634408,网络源,https://epg.yang-1989.eu.org/logo/虎牙.png
茶啊二中「动画」,https://cdn-3.ttvb.eu.org/huya/11213191,网络源,https://epg.yang-1989.eu.org/logo/虎牙.png
哆啦A梦「动漫」,https://cdn-3.ttvb.eu.org/huya/11601963,网络源,https://epg.yang-1989.eu.org/logo/虎牙.png
航海王「动漫」,https://cdn-3.ttvb.eu.org/huya/16913382,网络源,https://epg.yang-1989.eu.org/logo/虎牙.png
七龙珠「动漫」,https://cdn-3.ttvb.eu.org/huya/11601966,网络源,https://epg.yang-1989.eu.org/logo/虎牙.png
猫和老鼠「动漫」,https://cdn-3.ttvb.eu.org/huya/11352879,网络源,https://epg.yang-1989.eu.org/logo/虎牙.png
中华小当家「动漫」,https://cdn-3.ttvb.eu.org/huya/11342413,网络源,https://epg.yang-1989.eu.org/logo/虎牙.png
[VGA]dazn 1 france,https://t.freetv.fun/live/dazn-1-france.m3u8,网络源,https://epg.pw/media/images/channel/2024/04/24/large/20240424024936868909_61.png
[VGA]dazn 1 de,https://t.freetv.fun/live/dazn-1-de.m3u8,网络源,https://epg.pw/media/images/channel/2024/04/24/large/20240424024936868909_61.png
[VGA]dreamworks,https://t.freetv.fun/live/dreamworks-1.m3u8,网络源,https://epg.pw/media/images/channel/2024/07/28/large/20240728161448236768_71.png
[BD]food network,https://t.freetv.fun/live/food-network-3.m3u8,网络源,https://epg.pw/media/images/channel/2022/08/27/large/20220827225917116348_71.png
[VGA]東森新聞,https://t.freetv.fun/live/dong-sen-xin-wen-1-2.m3u8,网络源,https://epg.pw/media/
[VGA]民视第一,https://t.freetv.fun/live/min-shi-di-yi-1-1.m3u8,网络源,https://epg.pw/media/images/channel/2023/07/24/large/20230724152902808091_16.png
[VGA]民視第一,https://t.freetv.fun/live/min-shi-di-yi-1-2.php,网络源,https://epg.pw/media/images/channel/2022/03/23/large/20220323172047199293_67.png
20260521 05:28,http://ottrrs.hl.chinamobile.com/PLTV/88888888/224/3221226537/index.m3u8,网络源,
CCTV1,http://ottrrs.hl.chinamobile.com/PLTV/88888888/224/3221226016/index.m3u8,网络源,
CCTV1,https://stream1.freetv.fun/2ad5af5d9a8d7243c8d9c7422ee6cf76bad9ac2c1e157bc9f199423fb5ed4845.m3u8,网络源,
CCTV1,https://stream1.freetv.fun/e87ac64457c976111fc8524f11c25da508b807c29647c571b45ab13a609917c2.m3u8,网络源,
CCTV1,https://stream1.freetv.fun/0905e6f82d72f6c6a745f5f5bf328779cb3348751e044b96934fff521f5d97a5.m3u8,网络源,
CCTV1,https://stream1.freetv.fun/f1fa8406434117dfaa5c0b174fa90a31da74b1ad921fc3ce3662a40cff4d9001.m3u8,网络源,
CCTV1,https://stream1.freetv.fun/960192460e742af597efd712c6fee1c5baf1e90589d2166e6e3f0dd636132070.m3u8,网络源,
CCTV1,https://stream1.freetv.fun/8973ff67af3f7c2d22cdf2a379e20b1bc812e963bfb3fd4bccf5a85c4953d022.m3u8,网络源,
CCTV1,https://stream1.freetv.fun/2622897affd8a1c93ab36252984ab0e499d1e4a6fc76b87e6ef8039de3f2e642.m3u8,网络源,
CCTV1,https://stream1.freetv.fun/ce5384774a118c8eccc8a7402ba31e40b0fd0e08e06a0220c0043cfca4400c14.m3u8,网络源,
CCTV1,https://stream1.freetv.fun/f8b77654ee5202e90044771d42c97306dee3fac5acd35b60e23652873790de01.m3u8,网络源,
CCTV1,https://cdn13.178.indevs.in/163189/bea1d91d91364062,网络源,
CCTV1,http://cdn6.163189.xyz/163189/cctv1,网络源,
CCTV1,http://69.30.245.50/live/cctv1.m3u8,网络源,
CCTV1,http://dd.ddzb.fun/php/migu.php?id=cctv1,网络源,
CCTV1,http://198.204.228.26/live/cctv1hd.m3u8,网络源,
CCTV2,http://ottrrs.hl.chinamobile.com/PLTV/88888888/224/3221225588/index.m3u8,网络源,
CCTV2,https://stream1.freetv.fun/062b52551baba0561e20bdc1f671de7f92ea1e7b432e5ac00ff8934a33e73779.m3u8,网络源,
CCTV2,https://stream1.freetv.fun/740facfce5eb3652083f1f23ac2a7aba7a7899446cf8f9a8ba57499f8e725dbd.m3u8,网络源,
CCTV2,https://stream1.freetv.fun/8a900bfee2c4c2a59e04380dbfec553120369718ab7b0d63f2f5361b99ffc41a.m3u8,网络源,
CCTV2,https://stream1.freetv.fun/c63e00b6f6e11db0e25eba94d5c4c63b4af30261838b8c91652553fb0f8e7b8a.m3u8,网络源,
CCTV2,https://stream1.freetv.fun/8752f27902ce732a38212d0a9174e306b4ade352c88ab65ba1f59d23a0938c2f.m3u8,网络源,
CCTV2,https://stream1.freetv.fun/e1d163d9eb7d373206ad477bb07cc5820cea80edf9bb02289d9eb7d641f9e071.m3u8,网络源,
CCTV2,https://stream1.freetv.fun/5b91bacf9e196bd7d369f942cd14828d8466b040dd9f56744c5d5716f974fb90.m3u8,网络源,
CCTV2,https://stream1.freetv.fun/ada063c76ea9d561f08284d973fd7ef10fabf4ed18f2af169cdddd85a4b51113.m3u8,网络源,
CCTV2,https://stream1.freetv.fun/ddc1240d9cafb3571f6af0ae89031e56412c7501e12876ce26bad8ddfe7a2f52.m3u8,网络源,
CCTV2,https://stream1.freetv.fun/b2e1a9fc03f611173df519b2d54494eab6e2c9feafe182713f96c77e5677982e.m3u8,网络源,
CCTV2,https://stream1.freetv.fun/13d0211c9d0e6ac956f262af910b0509c7565f9f7f3f5a674a33d40b534a7cc1.m3u8,网络源,
CCTV2,https://stream1.freetv.fun/56b3862915fdf5bcf640fee36fc169e6e6e9ca9a44663406cc3ec70d5f278145.m3u8,网络源,
CCTV2,https://stream1.freetv.fun/c211dc7c7e361326eeb316f377006a6121762f74c3888cffce2ca82411c5d284.m3u8,网络源,
CCTV2,https://stream1.freetv.fun/d6c1a851f2f79d30809b9559aadfaf6c70046913a43b61cda0b653a877209d0e.m3u8,网络源,
CCTV2,https://stream1.freetv.fun/04e7a6d2777bc5b2b3b202cdb62f5c799bee9ac7a21b3d5bab08c64006f0433e.m3u8,网络源,
CCTV2,https://stream1.freetv.fun/68809609406abd57c725f3f7b967a186f14dbd28fb55a5ffffe71d769aa06954.m3u8,网络源,
CCTV2,https://stream1.freetv.fun/e1dc96915d2db9becf6a22f88cfa287e3b2b9a510649ba8c989e7609059fd20b.m3u8,网络源,
CCTV2,https://stream1.freetv.fun/2396be1ac936b1b7a08d5b984d952a31c85f0d8e856b2615b4d8990e14076753.m3u8,网络源,
CCTV3,http://ottrrs.hl.chinamobile.com/PLTV/88888888/224/3221226021/index.m3u8,网络源,
CCTV3,https://stream1.freetv.fun/402f7ef23bdc0f37b7c76b114d7167bb4228d5b525a0de2140f63127c085c1c7.m3u8,网络源,
CCTV3,https://stream1.freetv.fun/33711cece64c9077907fa3caea452361f539772402550ca53ae2c9b00a3211b3.m3u8,网络源,
CCTV3,https://stream1.freetv.fun/82fcd2ea72d396253f82035b5542f2c7db3ae94823171ad4f4da6cbd95175d9a.m3u8,网络源,
CCTV3,https://stream1.freetv.fun/b22e79d26f8b854763e01840c45c06d68ac49b016a9004f3717c55e669ece64b.m3u8,网络源,
CCTV3,http://38.75.136.137:98/gslb/dsdqbv/cctv3hd.m3u8?auth=test20251009,网络源,
CCTV3,https://stream1.freetv.fun/ab692257de15538ddd85b8ad84434857520c9c4c4193ff10bded73c4810e251c.m3u8,网络源,
CCTV3,https://stream1.freetv.fun/f839eb7b5d1df8d53a6f71a98ee9b1424bdfd2f8110fb566821bf8ac365aebd8.m3u8,网络源,
CCTV3,https://stream1.freetv.fun/eb74d7931bbd9db14cc302d82d5b9eeb97821b91f8ed4979791d1829de946b11.m3u8,网络源,
CCTV3,https://stream1.freetv.fun/8385772f7442dafce3c3efce3348833ba07f9af3b0e65d60fb4c8b0213e52c6c.m3u8,网络源,
CCTV3,https://stream1.freetv.fun/b670e71aa7496c31573fb6634748c2aa292b1dfa63656d10f2bbdb33b49a23fd.m3u8,网络源,
CCTV3,https://player.cntv.cn/standard/live_HLSDRM20180524.swf?tai=cctv3&ChannelID=cctv3&videoTVChannel=cctv3&P2PChannelID=pd://cctv_p2p_cctv3,网络源,
CCTV3,https://stream1.freetv.fun/8e8c6b586c67d965e35c468bd6011876326c1b6a4c9aea7b5d9b0212e57af20c.m3u8,网络源,
CCTV3,https://stream1.freetv.fun/fab80767c7639787d5cc1aaa550702708ce601db5d7ec8a3234c35cc6b8653b5.m3u8,网络源,
CCTV3,https://stream1.freetv.fun/16d797c043c92aca9939e30c9e2fb87cc8e12691c3e6850db080848c83fb7555.m3u8,网络源,
CCTV3,https://stream1.freetv.fun/f272e65922b98786560c74338983ab71bed1923b05388589c543c8d0b6e1be3c.m3u8,网络源,
CCTV3,https://stream1.freetv.fun/7a262b749ab7f12e9b967b05e0bd95defc9446e9391ba6ee94407aa388a4f81e.m3u8,网络源,
CCTV3,https://stream1.freetv.fun/2d9129721d5979db4d1a547476cfed2876edfd57ec4924abb7fa3f1da3a75462.m3u8,网络源,
CCTV3,https://stream1.freetv.fun/44cca69be0608a658ece734b92ece61bd0aea56c9970dc3cf2e2d866df4fa541.m3u8,网络源,
CCTV3,https://stream1.freetv.fun/fe140cbb4d3d3c13ac8de02fb84b4c282224e204d87c1f79aa8e7ff2c6870397.m3u8,网络源,
CCTV4,http://ottrrs.hl.chinamobile.com/PLTV/88888888/224/3221226428/index.m3u8,网络源,
CCTV4,https://stream1.freetv.fun/4d07bdd45298f5188e1e215d557f8b1703d924d4e874e864fd160d4d7f3cae16.m3u8,网络源,
CCTV4,https://stream1.freetv.fun/a722b1d2e56f302d937c1860fb90c5fa0f5cdc3154486dea6a906089073fc71a.m3u8,网络源,
CCTV4,https://stream1.freetv.fun/54376a4d22fadd3ac7fb8fcc0b92321f9a5736c597ad6f68cacb0a2e835cf92b.m3u8,网络源,
CCTV4,https://stream1.freetv.fun/ef9b087371bda4714a5baf1f17f93e9dc7cfd2890eab472f3058709c17b3315f.m3u8,网络源,
CCTV4,https://stream1.freetv.fun/9dca82acae622047c106cad98fa866a026074d1dfd956b0a1f7555f6dd5077ad.m3u8,网络源,
CCTV4,https://stream1.freetv.fun/964a51445ff33a4d13e786b28b01992fa55022cfc28c81c5f24497d1131a5d18.m3u8,网络源,
CCTV4,https://stream1.freetv.fun/6caa56fec0c41d3a0a710a1d0bfcda38105e22d8e4110fabf7ab91a3f203f901.m3u8,网络源,
CCTV4,https://stream1.freetv.fun/8af67b32b047b43e35713509603dd92263f344a13fae50eb202a7956458229fb.m3u8,网络源,
CCTV4,https://stream1.freetv.fun/5ecf26f2e60ac62579cd196934377718114f8d8a41503e8354c446c72f1b09b7.m3u8,网络源,
CCTV4,https://stream1.freetv.fun/43229ec03f2ba5352c33770df9061aa26a5624068b51b1c1ed9ab98c9109acf6.m3u8,网络源,
CCTV4,https://stream1.freetv.fun/6695f13d9d21c7db41f985c194e89b3e985f6c257c9555f989a489a45c196962.m3u8,网络源,
CCTV4,https://stream1.freetv.fun/e883b241b7e6be61d2659dd68b1d538f0dc881bae104df44b9a6f8323b6234c9.m3u8,网络源,
CCTV4,https://stream1.freetv.fun/0d839f5d81e4bf543f91e5413de15e99bc658de9826ea59d16333bc8cb664b44.m3u8,网络源,
CCTV4,http://38.75.136.137:98/gslb/dsdqbv/cctv4hd.m3u8?auth=test20251009,网络源,
CCTV4,https://stream1.freetv.fun/65ac61c6c6a2b58f5eb41469958413367ff7af3ad84bc702885b5afd3327fcb0.m3u8,网络源,
CCTV4,https://stream1.freetv.fun/0e299805282d3470a1b2622405ec34d49fe09424ab15bdeaa14eb2442bb3c9cf.m3u8,网络源,
CCTV4,https://stream1.freetv.fun/2f1e3c9d65bfe24a6528f5bf7ef0c04c6f31d388d96148f28f7cd72a25cd9a8c.m3u8,网络源,
CCTV4,https://stream1.freetv.fun/1bf0211b5baaa7f1430933ff2f78b4a1117b0f8e250a718adfba91a694024f4d.m3u8,网络源,
CCTV4,https://stream1.freetv.fun/a08330156a94fcf328198df9c025121caaf5cca68fe9e303fa936ae40cee5887.m3u8,网络源,
CCTV5,http://ottrrs.hl.chinamobile.com/PLTV/88888888/224/3221226019/index.m3u8,网络源,
CCTV5,https://stream1.freetv.fun/9e926f3e5f09d37a0cee1a59c02b4b9e796bcc61e2a2fd1ee5af6d9991e875ac.m3u8,网络源,
CCTV5,https://stream1.freetv.fun/77f3591b707792ecb56fe3ee6927f94352ab3ca3daa5a8cc6b9eeac64dcca540.m3u8,网络源,
CCTV5,https://stream1.freetv.fun/7a51eefc4df7745a608d008a9d2d36214eb296350d1977622eb0cc88b0f38d10.m3u8,网络源,
CCTV5,https://stream1.freetv.fun/940832bf25a15c5e44fa17a9b73f6dba14850e25b94c67f665d781642a9f24c1.m3u8,网络源,
CCTV5,https://stream1.freetv.fun/564dcdf6a4174e99aeb20430c36197db361321a1f4d8bc0b1a0f428a48fb1c77.m3u8,网络源,
CCTV5,https://stream1.freetv.fun/2725c98e410f72e6320bdeb02aa0ef3e9bd353cc38509aaab3895aa7ed16fa45.m3u8,网络源,
CCTV5,https://stream1.freetv.fun/64a4bbe37402f88e022c36cf3fae760ebd29a650014da42c9e8c2485fae247cc.m3u8,网络源,
CCTV5,https://stream1.freetv.fun/f5fbe05fdb9ae9252318a12da765eef21846a6f0c9d3e9af9cf2704c71e81d12.m3u8,网络源,
CCTV5,https://stream1.freetv.fun/6564631769f81f8aa98bf2e5a5417a99627a02e15b0dfeaa5ac3aa499f676922.m3u8,网络源,
CCTV5,https://stream1.freetv.fun/98c6fafd18bc31af3093f7a08f606b569d0b6e242dba770667c6dc2ac9185129.m3u8,网络源,
CCTV5,https://stream1.freetv.fun/1d543a9b3d1f95681056c79434afa52f300eeb7e90d80779c6de9d945a80172e.m3u8,网络源,
CCTV5,https://stream1.freetv.fun/62690505ebeacb4c0bd10b458fe443822fd7c26e9ec1d96e5d1a23137418e4a7.m3u8,网络源,
CCTV5,https://stream1.freetv.fun/383e3d8c992be432a87276cde7ce3246ff78c67d57802b58cd771beabd3f83d9.m3u8,网络源,
CCTV5,https://t.freetv.fun/live/cctv5-plus.php,网络源,
CCTV5+,http://ottrrs.hl.chinamobile.com/PLTV/88888888/224/3221225603/index.m3u8,网络源,
CCTV5+,https://stream1.freetv.fun/7af3bda5e82b9a70b557cd982a25e9b06490881a5e7a06f2f2027cdf1d8cf065.m3u8,网络源,
CCTV5+,http://63.141.230.178:82/gslb/zbdq5.m3u8?id=cctv5p,网络源,
CCTV5+,http://61.136.172.236:9901/tsfile/live/0016_1.m3u8?key=txiptv&playlive=1&authid=0,网络源,
CCTV5+,http://61.136.172.236:9901/tsfile/live/0016_1.m3u8,网络源,
CCTV5+,http://58.57.40.22:9901/tsfile/live/1005_1.m3u8,网络源,
CCTV5+,http://dd.ddzb.fun/php/migu.php?id=cctv5p,网络源,
CCTV5+,http://183.129.255.66:8480/hls/6/index.m3u8,网络源,
CCTV5+,http://113.241.133.180:85/tsfile/live/0016_1.m3u8?key=txiptv&playlive=1&authid=0,网络源,
CCTV5+,https://piccpndali.v.myalicdn.com/audio/cctv5plus_2.m3u8,网络源,
CCTV5+,http://120.211.62.180:8000/hls/18/index.m3u8,网络源,
CCTV5+,https://haoyunlai.serv00.net/Smartv-1.php?id=cctv5plus,网络源,
CCTV5+,https://stream1.freetv.fun/88ee08d5c5e75e963f46cba8142888798dde687981709eda707a0b192da8ad4d.ctv,网络源,
CCTV5+,http://kkk.888.3116598.xyz/api.php?n=tttt&id=hWGyoN&tk=FgM0vQMejxvG,网络源,
CCTV6,http://ottrrs.hl.chinamobile.com/PLTV/88888888/224/3221226010/index.m3u8,网络源,
CCTV6,https://stream1.freetv.fun/4cb45951cae51c9b1f16b705c4417c13937bb49c35804a4f95e9f3478b5a9a92.m3u8,网络源,
CCTV6,https://stream1.freetv.fun/0bbbf854439553837b7ed8f6df3407017593a8266788638ba2b1b4f166b5382b.m3u8,网络源,
CCTV6,https://stream1.freetv.fun/8c65be00fb9a378a6a5a606c01cceff3493b559a8452a4e99d70670674d25bf4.m3u8,网络源,
CCTV6,https://stream1.freetv.fun/513333530630aac10a2b2f971b63cf6726e5b43e9ad4dc66a140f7ae3ad13cfb.m3u8,网络源,
CCTV6,https://stream1.freetv.fun/7bbfe5fb8392af3f4ffdc18217c886d0937de05315ed7980dc17d9578d4411ac.m3u8,网络源,
CCTV6,https://stream1.freetv.fun/63514d6a0cc1d233f91a13749a64b5271fed4f84f47cc884e189a42a4837d620.m3u8,网络源,
CCTV6,https://stream1.freetv.fun/b970ab53c28abddbbf21028b034a39dccc46ac6ec60cbf3b5fe037b294758b7f.m3u8,网络源,
CCTV6,https://stream1.freetv.fun/8ec6833d540a5c39f5b2e1558eefcf081be5735308ece54d9d154b5bbcaa130a.m3u8,网络源,
CCTV6,https://stream1.freetv.fun/77bb0307b4fe088ef0be2ae8fa3f0c537e9e9c0454cf325c380ba9d3abef4bab.m3u8,网络源,
CCTV6,https://stream1.freetv.fun/f4264b8f233d614b7c6b9d750e6d580998588407ea1854207a4e8c8c3327d682.m3u8,网络源,
CCTV6,http://dd.ddzb.fun/php/migu.php?id=cctv6,网络源,
CCTV6,http://38.75.136.137:98/gslb/dsdqpub/cctv6hd.m3u8?auth=testpub,网络源,
CCTV6,https://epg.pw/stream/c2a78d34141bd7ad12b19b2ab7f3f60f2b8a4c3bdd5c573889aad5bc3b331fe1.m3u8,网络源,
CCTV6,http://74.91.26.218:82/live/cctv6hd.m3u8,网络源,
CCTV7,http://ottrrs.hl.chinamobile.com/PLTV/88888888/224/3221225733/index.m3u8,网络源,
CCTV7,https://stream1.freetv.fun/ac01cb50d02dc19b524e493e1d65202f058f6d2061d1d137e70d84fc4b1ff86f.m3u8,网络源,
CCTV7,https://stream1.freetv.fun/1ac4f534b2dbb039f6e3c6a98e44d0088fd1d34213687143a1ee521df16a4f90.m3u8,网络源,
CCTV7,https://stream1.freetv.fun/ca9bf41f3a9f4e06e20200034fa186fa8a1edd2e8fb11f993830d08e19585d3d.m3u8,网络源,
CCTV7,https://stream1.freetv.fun/978492b187939ceb862410f14e3321d54e05a0bc645f85f48c426b0e522eb940.m3u8,网络源,
CCTV7,https://stream1.freetv.fun/5c2e3370e0e54bea4f87ffd53e6df5df8172e6ddb40ee12aee7541245bd5ef3a.m3u8,网络源,
CCTV7,https://stream1.freetv.fun/e7db8539118559b0f7b6d867bf77a8fc496b6ca0668cf41a2cf2bb1afb47f432.m3u8,网络源,
CCTV7,https://stream1.freetv.fun/055dde25f4bef24b625b17b692211711fe273e0d26694f594d3035191bfe03ff.m3u8,网络源,
CCTV7,https://stream1.freetv.fun/c1f93da7a0cd13567f02bfd6f333247e5aa9e44a5dbf8d6b57fa4be2de152a2e.m3u8,网络源,
CCTV7,https://stream1.freetv.fun/8934b3a24d7d16e8834b2710951ff476c08771d1709586c9a1a2c11ff705f012.m3u8,网络源,
CCTV7,https://stream1.freetv.fun/1497132229191e91b3639d978c24027b562370a170c05be96cd98927c947fc00.m3u8,网络源,
CCTV7,https://stream1.freetv.fun/38c7c346b707a4febeabb5ecd55e67687d764ec0a561894ff0e953e516acdfb1.m3u8,网络源,
CCTV7,https://stream1.freetv.fun/e33abdae3da31c7b48bc71d953c606b1fb8991ac55b97c3a9f204240da489d8b.m3u8,网络源,
CCTV7,https://stream1.freetv.fun/6d894cacae2ad9adfdb6b37e0ae3ecaf3d277e4b5db998990d75ab67b1875196.m3u8,网络源,
CCTV7,https://stream1.freetv.fun/782b27b7a038d2eaa290d863fb13716d861af5dec099c1e3bcef8884b9139549.m3u8,网络源,
CCTV7,https://stream1.freetv.fun/58d72b62f74628bb328aa0d827b32e44c3ef36b023db8b2a7b61dbc3058f19ea.m3u8,网络源,
CCTV7,https://stream1.freetv.fun/bee84649935554fe6294d64da1b84fc131556419447a8f7acc099e95841a6de5.m3u8,网络源,
CCTV8,http://ottrrs.hl.chinamobile.com/PLTV/88888888/224/3221226008/index.m3u8,网络源,
CCTV8,https://stream1.freetv.fun/a6da9f1926138950681f95e748614ac225dd23892fe4e4682514cb4d8d8cda0c.m3u8,网络源,
CCTV8,https://stream1.freetv.fun/96025f688cebcac076046c17e3b90961642503d33a7d153d69b4055f1247aed7.m3u8,网络源,
CCTV8,https://stream1.freetv.fun/16ce7a79d2fb02653cbbd81553872390bc8910f5054969356170ae99c2f175fe.m3u8,网络源,
CCTV8,https://stream1.freetv.fun/60ff50ba97c33e8a350f382aa200a9e262ee9dc03c3e483413b1a1fbb1808a18.m3u8,网络源,
CCTV8,https://stream1.freetv.fun/f93e3ef4f01e4696e90224ac98d6232c9b3e307da4eeb4309082d7df89c83049.m3u8,网络源,
CCTV8,https://stream1.freetv.fun/506f21d0ee54b97e7b0b5f8cbf7acc6acec204419051187b7828eed7b6292413.m3u8,网络源,
CCTV8,https://stream1.freetv.fun/1f59b75f4959b505bb081a3ce8ae81372431e7ebccf9d9139416d0148e0ad0cc.m3u8,网络源,
CCTV8,https://stream1.freetv.fun/fe2385c77e93431d17fc9b53171c4c33b8a775d11fcc722eb3de7d43f8a28395.m3u8,网络源,
CCTV8,https://stream1.freetv.fun/1f298be1b8f964d2f0f401dd00fe8a2a6d9e6c74900ff8486a3a7115907f4426.m3u8,网络源,
CCTV8,https://stream1.freetv.fun/d98b30c22ad09aa1358e0941e40eafbdf1e9cd179ee8b31a53f5a22ef1bf688b.m3u8,网络源,
CCTV8,https://stream1.freetv.fun/faf030243a912e714a0b0721afdab9803c61ab72a436edf75ac88606a651a156.m3u8,网络源,
CCTV8,https://stream1.freetv.fun/0a41a74a908f871b3e73f9381b831e6bdf23a89efb600e3c5d4532c0a8e7f6e8.m3u8,网络源,
CCTV8,https://stream1.freetv.fun/ae4670e4adf468468cf9116e204824e2c0963be9e2f3add26d7ba7f6861f6d44.m3u8,网络源,
CCTV8,http://dd.ddzb.fun/php/migu.php?id=cctv8,网络源,
CCTV9,http://ottrrs.hl.chinamobile.com/PLTV/88888888/224/3221225734/index.m3u8,网络源,
CCTV9,http://player.cntv.cn/standard/live_HLSDRM20180606.swf?v=180.171.5.8.9.6.3.9&vdnSID=&vdnIP=&vdnCountryCode=&vdnProvinceCode=&vdnCityCode=&vdnISPCode=&tai=cctvjilu&ChannelID=cctvjilu&videoTVChannel=cctvjilu&P2PChannelID=pd://cctv_p2p_cctvjilu,网络源,
CCTV9,https://stream1.freetv.fun/128ea6b04cff33dbffbf59ea1859f049f54857d25095576396f7311973a463e9.m3u8,网络源,
CCTV9,https://stream1.freetv.fun/0c01a3543f3509d8aac00c42ea45fb62bb37cfa0b88fc059c5e001887f6eb41b.m3u8,网络源,
CCTV9,https://stream1.freetv.fun/5f98918e8819dcb80de3faf43c4aefeea65fb996dd58de52a2e803b03b7946de.m3u8,网络源,
CCTV9,https://stream1.freetv.fun/468810bb8a5aea0738c0e707e4b0ed227aeb431a11a977aa1a43fd542997f525.m3u8,网络源,
CCTV9,https://stream1.freetv.fun/3c6125aad8eab2287c7cb76da027f3e9673949eec3709dc9f3fd0e3ae9ab4548.m3u8,网络源,
CCTV9,https://stream1.freetv.fun/a48bd3e56bf90338a9823c0b7ebd46dbb37139fc90821e228460ac4b633d9c9c.m3u8,网络源,
CCTV9,https://stream1.freetv.fun/b1441aafad046fdc14f8c74f647d28ce7841fef2633d1aedccf8c575d1e9668f.m3u8,网络源,
CCTV9,https://stream1.freetv.fun/d679147e93998024df6b15ec6ed8bb75dc84568fd0ef46e20df4882a00ed1200.m3u8,网络源,
CCTV9,https://stream1.freetv.fun/21a84c616496dfbb175a898f5d41b9ae02235ef2138fcaafb642febf53e71377.m3u8,网络源,
CCTV9,https://stream1.freetv.fun/f4e32734452203d9a400787e1d8eea7db27f5a135d12eb257b8f4fb28413b3c4.m3u8,网络源,
CCTV9,https://stream1.freetv.fun/42ec063601b24e5ddb24832e5f5d56c71ca4d52922d298be84bbc21aa7429280.m3u8,网络源,
CCTV9,https://stream1.freetv.fun/57b417007b9bde2713ab0b6c1f25399e0da6a5fda1443d33d81fc0ba399e6bae.m3u8,网络源,
CCTV9,https://stream1.freetv.fun/06f30812dfb61ca21d2050d592f37a13218123fcf52862853525689a54ddda23.m3u8,网络源,
CCTV9,https://stream1.freetv.fun/77b54dd53f15bc428409639f6ca0809b35504f05748ab5c315ed24c63b282e81.m3u8,网络源,
CCTV9,https://stream1.freetv.fun/6bcbb01fda06ee279885e8edf12825738261ae846dc9d2d3f6b06173609e8ae9.m3u8,网络源,
CCTV9,https://stream1.freetv.fun/ce906185e5183caa03ebb206c510ef636fb84841239d53fb4312737adcb7d53a.m3u8,网络源,
CCTV9,https://stream1.freetv.fun/596c7e7a97fd5105d27b270383457785e99b9c41185668296141df8483997729.m3u8,网络源,
CCTV10,http://ottrrs.hl.chinamobile.com/PLTV/88888888/224/3221225730/index.m3u8,网络源,
CCTV10,https://stream1.freetv.fun/47f2da5e9e93a257e9c47aeccfacef9ddb6665ab0752caa93aa4c6e3583ec64f.m3u8,网络源,
CCTV10,https://stream1.freetv.fun/a069427ccbbbce55eac15cf669f292774fdba54d938286ecaa0dfcb7209fa3c7.m3u8,网络源,
CCTV10,https://stream1.freetv.fun/702a248005dd0225d8ed1dfb970e3a9bf4c3c41c0369865e4844b6130b4ff0d0.m3u8,网络源,
CCTV10,https://stream1.freetv.fun/cc782ceeaaa1103be2593c8ad493ee337d4abd4f903f28d9fa21016020914069.m3u8,网络源,
CCTV10,https://stream1.freetv.fun/0097d6d3aaaae0d7ba50b88694af9eedac6c2c47f58f439b7df562d5d69db3b1.m3u8,网络源,
CCTV10,https://stream1.freetv.fun/6f4489c5bc615294be1c5af5c9abd1f0b3d4e9728da4a010e6385f2ca11facb0.m3u8,网络源,
CCTV10,https://stream1.freetv.fun/0937483bd03ffa7801b20d2dd1857d0806bb69dbd4a947475f1511d7d448c44a.m3u8,网络源,
CCTV10,https://stream1.freetv.fun/0dcbed2ed662304a0dfedbfd136a829adf1c5248c533627626fddff02fb1b19f.m3u8,网络源,
CCTV10,https://stream1.freetv.fun/3025f062afb1cb23784f5ffdfaa4ff243b2d34cbaa22fc930a83afefea1b644d.m3u8,网络源,
CCTV10,https://stream1.freetv.fun/9ff529699f3b6a0d5a7f0aae87d4944817ba39cc804d10262699252a5a624bf2.m3u8,网络源,
CCTV10,https://stream1.freetv.fun/0ea747e2b910912d7b767737051b09d3af710dd38a7ec89f24090e34e3e4f08a.m3u8,网络源,
CCTV10,https://stream1.freetv.fun/fec45b2900e5d858cb7375e33af1adf63d089424e7d37955bb3b957ce7239f60.m3u8,网络源,
CCTV10,https://stream1.freetv.fun/f799599318015da6eec5ee838c7d8b18fc0f42177d00ea972d167878b7364da4.m3u8,网络源,
CCTV10,https://stream1.freetv.fun/7d9ec2d79c502c67b791e5edfa7d2b7a8da27cc1196fe4a011e67e8bc54c886d.m3u8,网络源,
CCTV10,https://stream1.freetv.fun/7323c2efe49f2613b76b504466d61dff2076e1f0c54b5d23d35d9b51f02123c8.m3u8,网络源,
CCTV10,https://stream1.freetv.fun/fc4ec3776e35fb26e916aaaf8b4dddcb61d40160981a5a95143383f610d272df.m3u8,网络源,
CCTV10,https://stream1.freetv.fun/e80c42bf7edf60df8a31f6bd221d0798622512c7c3adc6f3fe2bae17dfed5b97.m3u8,网络源,
CCTV10,https://stream1.freetv.fun/eebadcfaecdf8fdfc207da4e2201043e5c7f5d79f56b03f1e44d17886d7546f5.m3u8,网络源,
CCTV10,https://stream1.freetv.fun/f469851fa4b0067631736e4bded110d5c7590a800adc30e535c02044b6301a09.m3u8,网络源,
CCTV11,http://ottrrs.hl.chinamobile.com/PLTV/88888888/224/3221225597/index.m3u8,网络源,
CCTV11,https://stream1.freetv.fun/f55a0dc8c0307b296b9df7bbb1e751b12df6f8cad452f9693311ca7bab34e245.m3u8,网络源,
CCTV11,https://stream1.freetv.fun/35a2fbcacbefea4356860da239a47e740d38a880572de2de20476bead6129246.m3u8,网络源,
CCTV11,https://stream1.freetv.fun/dcef14ce5251b74634feed59c5fe81680a6c6808c27c2c4646e99d2f73be088c.m3u8,网络源,
CCTV11,https://stream1.freetv.fun/b295e709dd85615bdf34e8da41eb11931d04f54e06fe15c04652d69725f20095.m3u8,网络源,
CCTV11,https://stream1.freetv.fun/d97937f325c81b2f57f5393f84f278753f1333cfb102b0077f647864187b224c.m3u8,网络源,
CCTV11,https://stream1.freetv.fun/b0a1851b132a32c2caf37955097c561857438e3b9224ad437299c503249be6f4.m3u8,网络源,
CCTV11,https://stream1.freetv.fun/c582369f1cbc0a3d932f6f6b04fbdee2da4f94b2f00d0ae29d3cd8e950dd1a34.m3u8,网络源,
CCTV11,https://stream1.freetv.fun/17d891eae505df11015721769460efb5710e894fe09b781364d6b052e6255b4e.m3u8,网络源,
CCTV11,https://stream1.freetv.fun/ac135f3f5e389db99311c5a5acf9e673707e60b26de5f34a4035377c59d4a316.m3u8,网络源,
CCTV11,https://stream1.freetv.fun/35afa74920f53491fd0b0d0b59d19ab68031b5ae3609ebf8371fd52e7102849b.m3u8,网络源,
CCTV11,https://stream1.freetv.fun/91c6c9a30aa46414e233ccad6dbcf8680e624440eadccb1ab8a7e16f5a37ba75.m3u8,网络源,
CCTV11,https://stream1.freetv.fun/c23a4f52a9d9d0b34759b80498722011be190bd0d11d4425312946cb5f42cc75.m3u8,网络源,
CCTV11,https://stream1.freetv.fun/68c070855220396db2e41066321af8293ced387cb0158997b30c961f539a0433.m3u8,网络源,
CCTV11,https://stream1.freetv.fun/0873471d1f3080eb9ba37ba7d0b57b5c8ec5fc1ff0bf01cf76e8377d5dde63b9.m3u8,网络源,
CCTV11,https://stream1.freetv.fun/3f3cbe35e4ab51d5138589e61d79f5d29e6862401940478ddfa92fb6fcd8a874.m3u8,网络源,
CCTV11,https://stream1.freetv.fun/883cf5ed5a80c6930564927ac008c9239378987db7d355ae42e6634b9dc86bbc.m3u8,网络源,
CCTV11,https://stream1.freetv.fun/380fd2a0e12a88935db9c3b90b011270ffebeaa45361fe123a2db80942184264.m3u8,网络源,
CCTV11,https://stream1.freetv.fun/6123793b04047f9d1985cdab1ce37c47bee9c9b8668d8e453b5242a2bb62d3f3.m3u8,网络源,
CCTV11,https://stream1.freetv.fun/8feb8630d696cc1b00fc6689b933f13c899a4326fd16df1bdba40c6acd1df63e.m3u8,网络源,
CCTV12,http://ottrrs.hl.chinamobile.com/PLTV/88888888/224/3221225731/index.m3u8,网络源,
CCTV12,https://stream1.freetv.fun/51337667e5647403507b5d7923c277b8154168e635f0401f2a4221c4d2ef9861.m3u8,网络源,
CCTV12,https://stream1.freetv.fun/bc0c57f3ba2aafe4da0f9f2d7ab1daaa00b01f677be68a5bc68c11171cc3b6ca.m3u8,网络源,
CCTV12,https://stream1.freetv.fun/b91ab570797be93e5b35ff265d6af775a03ec73df9cedc59ea26a45eddacd474.m3u8,网络源,
CCTV12,https://stream1.freetv.fun/713f8c42d89efd6b0b31ab22e8070a22a6eb54790b31f6e8ebe511775c1309f5.m3u8,网络源,
CCTV12,https://stream1.freetv.fun/42db57df2f3a527d3d4b1ae87be77b20322d9240d4337b0f15bcae2a25717083.m3u8,网络源,
CCTV12,https://stream1.freetv.fun/9939de51ca21fc72f5758427a32dcb3b7a91b86b5c36e00e2b639d7b81d2e4be.m3u8,网络源,
CCTV12,https://stream1.freetv.fun/324e6aa1dded3b4f9b181969fad75b68afe050090a40010aba5b8eb9cf1493a2.m3u8,网络源,
CCTV12,https://stream1.freetv.fun/72ad99a6a08c58c24868d3abddb6c4f7c8ac34a49c55133b957ff50d418f183f.m3u8,网络源,
CCTV12,https://stream1.freetv.fun/fd8feeadf3d281587366a5c57dfb6fe54baef1a61e6704b5e769aeccbcaf79f9.m3u8,网络源,
CCTV12,https://stream1.freetv.fun/87253b3afaea039178ade58ec1a91b1e62964839905c18240f5e1ee7bb8c7e20.m3u8,网络源,
CCTV12,https://stream1.freetv.fun/73e76f84f85f78d63807bfb8e51dff03850f7d1cafd1c6521d6eb45272bc4ead.m3u8,网络源,
CCTV12,https://stream1.freetv.fun/c1158e9f574adaa9f9b0e6416e9e0f0077b18a48d85c31c916d87bf60790c74d.m3u8,网络源,
CCTV12,https://stream1.freetv.fun/2c98c616dcd0625e1925f95296d9a84fa33e6837825cc93edd4ec07f6d4b6ac0.m3u8,网络源,
CCTV12,https://stream1.freetv.fun/3b7ab12e53d8940f11425a003775b632c1f36e38a900011df46af87afe869e85.m3u8,网络源,
CCTV12,https://stream1.freetv.fun/b0468d79ea902e3b48781da5ff9767e3fa65491b9944500bab58e8fd9bced0f3.m3u8,网络源,
CCTV12,https://stream1.freetv.fun/9556fd1c9478795a55246e0e943c722fc1b47fd5e2ab6de9ebf371e1eca09d68.m3u8,网络源,
CCTV12,https://stream1.freetv.fun/08821321f1021399debb8c447ff401b821fd25732aa1387442824c741d2c3317.m3u8,网络源,
CCTV12,https://stream1.freetv.fun/f413444f457880c1a54a406268022be7f3af3d735d544c8eb9ce02d882acadde.m3u8,网络源,
CCTV13,https://stream1.freetv.fun/81625edf2cc9baae0d7f7cf1e070e6ba05b2acd4056442384577655089e0843c.m3u8,网络源,
CCTV13,https://stream1.freetv.fun/5faa47be190587cc85b9a83523c5bff88b5440ff623beb37d113818557a34903.m3u8,网络源,
CCTV13,https://stream1.freetv.fun/5145e7fd34a4167b0a37b2c01ecc50b28586d7154e7221c4f6f5810ebf368ec8.m3u8,网络源,
CCTV13,https://stream1.freetv.fun/6cc8f4fde2a46e1219682cea55cbeb311805fc0deb26d82777f1dcac09e2d82d.m3u8,网络源,
CCTV13,https://stream1.freetv.fun/fc94bc81376ea01b8f79faa66d741ce809a9c806fdaa6b310ff275e5792e2195.m3u8,网络源,
CCTV13,https://stream1.freetv.fun/9c5ea1afac03f4018fa46799d1f2788950a59bfae9a3e5a6ce8ff257eea05c41.m3u8,网络源,
CCTV13,https://stream1.freetv.fun/6c3eb3f2f4adaa7c716d4602af1f0d7e294437580e802176bd313bb9dc4b07ae.m3u8,网络源,
CCTV13,https://stream1.freetv.fun/7efe02dcb4e8722121af5a3b1e462b7adc8cd466829e19356504fe1d572ad213.m3u8,网络源,
CCTV13,https://stream1.freetv.fun/f775810be10706600c58373ca47c369fa14a21c1fb1fb953645eaa89b7811b7f.m3u8,网络源,
CCTV13,https://stream1.freetv.fun/a3f6e6023db71ce61b0fbbf6a5ec07d146303cf549f2e774bb31d94d4527ddf6.m3u8,网络源,
CCTV13,https://stream1.freetv.fun/d0930eb9d0d22a809891cd6a4828a6887219e9db31801066a6684286d00a048c.m3u8,网络源,
CCTV13,https://stream1.freetv.fun/eaf6b9b2d576f79181b6050707c8f5729d82f01658112c9f03adca8de05b057e.m3u8,网络源,
CCTV13,https://stream1.freetv.fun/75449846fdd70f3b2b1acd620272504c630d0f9a3c306d1fb45c459e7c641fe5.m3u8,网络源,
CCTV13,https://stream1.freetv.fun/45f42d1a050cf53e2d50d82e9c5091876cc2c2a46d16ada78a48b171e214bba7.m3u8,网络源,
CCTV13,https://stream1.freetv.fun/8322a5f8f9ef01ab3c6b242a7007dbfea4003032f7ddd7e74060d3c9e742c531.m3u8,网络源,
CCTV13,https://stream1.freetv.fun/3a63799dd08492a3543a3676a9029d110e51ad0ce3573faeb844f5dcd6b24767.m3u8,网络源,
CCTV13,https://stream1.freetv.fun/03708eabf767c88c351b767a1f625c4a6a26af598b506db563767d59720bf332.m3u8,网络源,
CCTV13,https://stream1.freetv.fun/f2306dc938a374481649dfb8c0cd797ab83abfaf988502de3b6d40a6ce6afdb0.m3u8,网络源,
CCTV13,https://stream1.freetv.fun/a1968efdac6a00d9b145649a1df4f2f4215882aa467305813824d1953a5b5b33.m3u8,网络源,
CCTV14,http://ottrrs.hl.chinamobile.com/PLTV/88888888/224/3221225732/index.m3u8,网络源,
CCTV14,https://stream1.freetv.fun/434a2477095cfbf70002e6227c044b94ee1aadb84750977ca5db1af4e09a53eb.m3u8,网络源,
CCTV14,https://stream1.freetv.fun/d5d181315c7288c2ea5893ce2c27cdf9e592309968f3dfc80ca5f73de0415624.m3u8,网络源,
CCTV14,https://stream1.freetv.fun/78970ff02c50cfd535efc596098dfb95492606854b2b65164bfb76f84da88f4f.m3u8,网络源,
CCTV14,https://stream1.freetv.fun/6dbe9409e344cd6ab113ba8cb1d0f675f7c9e00b968f8e80a5b2f344c22bb030.m3u8,网络源,
CCTV14,https://stream1.freetv.fun/8f94ef4e94fcc0a765e1faa1b4b9a4ec5b22466b7c5d8affb27914f03737ccdb.m3u8,网络源,
CCTV14,https://stream1.freetv.fun/0615172c9e083d70772bf6d78ffcd4e344e9b95aaa026d603259348488832520.m3u8,网络源,
CCTV14,https://stream1.freetv.fun/ebff23b3b373ed72ca39c3a25715fec761f64c20fd8a02fbbbba989df0e96918.m3u8,网络源,
CCTV14,https://stream1.freetv.fun/8f6505ecfb83f5ad8315a7c890fed614f4d9133eae5b0a8660f84929d8b93543.m3u8,网络源,
CCTV14,https://stream1.freetv.fun/810e8e594bbd7f110f164ca1f3297900a5be91468d81db0d55494d7a6f79eb19.m3u8,网络源,
CCTV14,https://stream1.freetv.fun/42eff2ece8961ea3482558a01253af9c8362e8f498f71e244233be7bdd11fd65.m3u8,网络源,
CCTV14,https://stream1.freetv.fun/115b551bd6a7b8d5bf03318abf56d21464ae2c83e336d4eb7922aac92a74965d.m3u8,网络源,
CCTV14,https://stream1.freetv.fun/bc531e821958f0ef54aa8db7c21b4d6ff4f24b302caa6659b0900e901e29bda2.m3u8,网络源,
CCTV14,https://stream1.freetv.fun/b5955a0fa90faa677cf700f915941c6fa0eb993251ef3110c4d26f3601fe6cc9.m3u8,网络源,
CCTV14,https://stream1.freetv.fun/20094956c45f041ec42bc166f2c524782893f7d08c633f17ab729e9906f97141.m3u8,网络源,
CCTV14,https://stream1.freetv.fun/7a42973d6e3495dad1947ccb2140ac18928fb59a2964dd0c15b6cedcb3525ee3.m3u8,网络源,
CCTV14,https://stream1.freetv.fun/613e64a45ba786d982adb7fa23ecc25c943fada1e41054da62120b55ede05fb9.m3u8,网络源,
CCTV14,https://stream1.freetv.fun/83461ebfd58cb4e8f2b1f8582cec3c09dfaf945443cc97f13750342a92d55b41.m3u8,网络源,
CCTV14,https://stream1.freetv.fun/2cd992d2936611742cbaa48d0dabf2d839672b311b9634b59dde9f649c167945.m3u8,网络源,
CCTV14,https://stream1.freetv.fun/eacf5eeef4796aedf7868cb6ca24c90b64f5e4e12d6f99785dc96636efd82eb0.m3u8,网络源,
CCTV15,http://ottrrs.hl.chinamobile.com/PLTV/88888888/224/3221225601/index.m3u8,网络源,
CCTV15,https://stream1.freetv.fun/cb0830411664d3a45e05be072d306112a721a039769417366bdd74bf4ca41329.m3u8,网络源,
CCTV15,https://stream1.freetv.fun/73a759287d0886162dd6b7f71f9011eebf7849ffdc85ad172bb4285f3e4f419e.m3u8,网络源,
CCTV15,https://stream1.freetv.fun/932e62bcafc868cc1eaff14be17c9daf412a1f5c2cd1b29b2d494bf07c6d5857.m3u8,网络源,
CCTV15,https://stream1.freetv.fun/01c9fb1d9f15e4e599c750e98b2eb7bbc166f9c5b13441d21172074e01d4ddd2.m3u8,网络源,
CCTV15,https://stream1.freetv.fun/4edeffb19d7ee2314ded08b16b8dc527b7014a56f24d6313ca69a2157d429b08.m3u8,网络源,
CCTV15,https://stream1.freetv.fun/6ed8fc384e8f939f9a548d6869b196cc89795d1239acd78e7cecf3876f60ea67.m3u8,网络源,
CCTV15,https://stream1.freetv.fun/203af3c8b4c128e0b0bd06584a3ad928371b052d55b127f139aec8022043a791.m3u8,网络源,
CCTV15,https://stream1.freetv.fun/b17180549193f12c2104b05f75c124ca1702e96917aba74a23c8ac88fd7ea0df.m3u8,网络源,
CCTV15,https://stream1.freetv.fun/30df9bcbf1e18a973565cd2d06034f4b990ed08e51432dff8e73cab327b88ba8.m3u8,网络源,
CCTV15,https://stream1.freetv.fun/cbe825bf5f80f456b334a01413e11a83d5e5815a60ab7ab9367b5749adb15d29.m3u8,网络源,
CCTV15,https://stream1.freetv.fun/05c59142eeb716bb8448d69b52d02357573b651462d2c14b60cdfce47deb124e.m3u8,网络源,
CCTV15,https://stream1.freetv.fun/34f6b70a0267653f7b71226d2c587babf1f59bed3bf48b33f7c6fc8b98ee0afd.m3u8,网络源,
CCTV15,https://stream1.freetv.fun/648b7be65cb664f74ece6bf06fd0da367985b0f334507540fdbc65728052feee.m3u8,网络源,
CCTV15,https://stream1.freetv.fun/658ddc6e789ce16786ad546cf9f8be98fe107f282b045ab77998da6caf499a0d.m3u8,网络源,
CCTV15,https://stream1.freetv.fun/4527ac01c644a80db2af750c7a198c3b78d5bcbbe60e5417521aee7d44442e97.m3u8,网络源,
CCTV15,https://stream1.freetv.fun/3cd5992c0bc678290fbfb3ea5c9e3ae07fde910fecbb9119dec4ef12ecd4a717.m3u8,网络源,
CCTV15,https://stream1.freetv.fun/28ec8c575a461279bf71bed75bce89aa23f34a7a2e74252f3331446589be19ae.m3u8,网络源,
CCTV15,https://stream1.freetv.fun/b77d28e93a72e1987b7985d26fca84a6570c7c9d995e00ed7dfd78faba44c7a7.m3u8,网络源,
CCTV15,https://stream1.freetv.fun/cb3c72e7254e40411c7136bafb32bd8e1b6f4739c265c52851cff323a6a22b77.m3u8,网络源,
CCTV16,http://ottrrs.hl.chinamobile.com/PLTV/88888888/224/3221226100/index.m3u8,网络源,
CCTV16,https://stream1.freetv.fun/cdd93308f8ffbb06fab05e75d7c91d7ec6d9c68d865738572b52b3e8c959cf14.m3u8,网络源,
CCTV16,https://stream1.freetv.fun/f5e0459fd9f11d93ac18af88196997db1c71aeb6d27ce1bd24faccb628652629.m3u8,网络源,
CCTV16,https://stream1.freetv.fun/3fa27f5bf8136b49f28d477a805f1219c588cf21ffbada685497c73431d20c6e.m3u8,网络源,
CCTV16,https://stream1.freetv.fun/87de3fae6db73a08904421488de7b0ba39e5eccf12a85ec47f8ccfb0985d2fa7.m3u8,网络源,
CCTV16,http://38.75.136.137:98/gslb/dsdqbv/cctv16hd.m3u8?auth=test20251009,网络源,
CCTV16,http://dd.ddzb.fun/php/migu.php?id=cctv16,网络源,
CCTV16,https://epg.pw/stream/c1beb2abcba5aef09c2f58efc3ca84b76de2c7b9cf60762b0d79772d9e70d454.m3u8,网络源,
CCTV16,http://107.150.60.122/live/cctv16hd.m3u8,网络源,
CCTV16,http://192.151.150.154/live/cctv16hd.m3u8,网络源,
CCTV16,https://shcm-stream-cf1.stream.264788.xyz/cms001/ch00000090990000001258/index.m3u8?streamid=a78e16d1a56172e5525dedde279787a3&streamkey=070kmnWlSO6tVxvh6JyoORGIRdEtU2N6uMhBr52XFXMlpDP5cJR3WbAE4XDUyMtM85fygRhPAwq9wyn0AD7vg5QKiMGxk82vdtaBG0RYT7p2mBDXWyty&token=1775753992-d3736074ec706d13-0-d4be0b2d62639f66eea98eb8ecb876a6,网络源,
CCTV16,https://shcm-stream-cf1.stream.264788.xyz/cms001/ch00000090990000001248/index.m3u8?streamid=d8dbfb7e9b4e78fc73baf57e7b53ced6&streamkey=0PV1gjFJAoweF4LVajzXxaoztUAQMwW67tiJA6JLGkPCJcKRxpuZzz5AwmiVgG2pdjZenCdrzYSKbivhVp0vV4YVY9jTkEBEwZBck6RI5JjcvvlaM&token=1775845559-6db3e056d42232cc-0-2b3c1ca3d50bc644609beec7e3e8fdd4,网络源,
CCTV16,http://63.141.230.178:82/gslb/zbdq5.m3u8?id=cctv16hd,网络源,
CCTV16,http://183.129.255.66:8480/hls/17/index.m3u8,网络源,
CCTV16,http://php.jdshipin.com:8880/bst2.php?id=cctv16hd4k/15000000,网络源,
CCTV17,http://ottrrs.hl.chinamobile.com/PLTV/88888888/224/3221225765/index.m3u8,网络源,
CCTV17,http://player.cntv.cn/standard/live_HLSDRM20180524.swf?v=180.171.5.8.9.6.3.9&ChannelID=cctv17&videoTVChannel=cctv17&P2PChannelID=pd://cctv_p2p_cctv17&tai=cctv1&VideoName=cctv1&channelID=cctv17,网络源,
CCTV17,https://stream1.freetv.fun/23abb433c4d4d3f9b7404c436968ce01a4529c7914268869db9289798ce25dbb.m3u8,网络源,
CCTV17,https://stream1.freetv.fun/e70da46c7c0d4f2fff20967d48a6b0da3683e291d0b9a54b8bd22f36f2c46c4e.m3u8,网络源,
CCTV17,https://stream1.freetv.fun/d8b7ff5633a3ddbce9eaa0ff2431fa601b88302391aa01a7e37fbd2d940a7079.m3u8,网络源,
CCTV17,https://stream1.freetv.fun/ef60915d9516743e9d13ccf8cec20c5653b4eabe634e7f7bfbc90ff4d3798553.m3u8,网络源,
CCTV17,https://stream1.freetv.fun/1316eecb8e0b4da4df15c1027663095f3479ac52479f8c8605da5c1509555414.m3u8,网络源,
CCTV17,https://stream1.freetv.fun/b6866815f985fb51d1a8c195ef73afbd858d740c62358e35b9f665896b40dd91.m3u8,网络源,
CCTV17,https://stream1.freetv.fun/449874b3e1a98f0960a43b24a6c3625aa31c794fb9efcddc8c782a9566e84553.m3u8,网络源,
CCTV17,http://dd.ddzb.fun/php/migu.php?id=cctv17,网络源,
CCTV17,http://38.75.136.137:98/gslb/dsdqpub/cctv17hd.m3u8?auth=testpub,网络源,
CCTV17,http://107.150.60.122/live/cctv17hd.m3u8,网络源,
CCTV17,http://183.129.255.66:8480/hls/18/index.m3u8,网络源,
CCTV17,http://192.151.150.154/live/cctv17hd.m3u8,网络源,
CCTV17,http://58.57.40.22:9901/tsfile/live/0019_1.m3u8,网络源,
CCTV17,http://63.141.230.178:82/gslb/zbdq5.m3u8?id=cctv17hd,网络源,
风云剧场,http://107.150.60.122/live/fyjc.m3u8,网络源,
风云剧场,https://shcm-stream-cf1.stream.264788.xyz/cms001/ch00000090990000001650/index.m3u8?streamid=31e7b5b7032d25dd215a4069cdee1a48&streamkey=092SzM8qh4GNZmZA3rm8J5tyW0EBV9e1AcX3sOzPl60Tq40QwOQfr22hYT4Oi6v014YyjkURGvT8w8zB2Bg7NMOzBw6DeNLMEQIayEUyn5osgQLPrBIXv36KIO42&token=1775754322-08f47393d1a6d3c0-0-3f3c56613652db4d2f081625481d962a,网络源,
风云剧场,http://207.56.13.146:81/cdnlive/fyjc.m3u8,网络源,
风云剧场,https://live.264788.xyz/channel/fengyunjuchang?streamid=fb9584fe15e1e0bb2a733656352904fe&livekey=01WgOR41rriMmMkzNsd0UoaxJRwetZdxIvtVk,网络源,
风云剧场,https://live.264788.xyz/channel/fengyunjuchang?streamid=31e7b5b7032d25dd215a4069cdee1a48&livekey=01WgOR41rriMmMkzNsd0UoaxJRwetZdxIvtVk,网络源,
兵器科技,http://38.75.136.137:98/gslb/dsdqpub/bqkj.m3u8?auth=testpub,网络源,
兵器科技,https://shcm-stream-cf1.stream.264788.xyz/cms001/ch00000090990000001610/index.m3u8?streamid=530cb4e58bbc48b7fc26f5e0a2e47966&streamkey=01vY5fRxC8VyKflowXIjpDe18KG4zb4IJYt7IRjkmP139PykAFJm2e4f2ggI7qaYyYDdV2jg7DGq8J4XWj9dVR3dpcOhYSRLSKkLA4lKNSIEwluGcrMvak9&token=1775754372-8861cea21b137ebe-0-f503dcc0151e7ea385857ea5cfa73aa0,网络源,
兵器科技,http://207.56.13.146:81/cdnlive/gfjs.m3u8,网络源,
兵器科技,http://hao6688.3322.org:30066/stream/channelid/438074183?ticket=44fcc7bdc9d088a2a012504a3009dc538d089730&profile=pass,网络源,
兵器科技,https://live.264788.xyz/channel/bingqikeji?streamid=6fc55a0966bdad1e1cdf39a4d37dd776&livekey=01WgOR41rriMmMkzNsd0UoaxJRwetZdxIvtVk,网络源,
兵器科技,https://live.264788.xyz/channel/bingqikeji?streamid=530cb4e58bbc48b7fc26f5e0a2e47966&livekey=01WgOR41rriMmMkzNsd0UoaxJRwetZdxIvtVk,网络源,
第一剧场,http://107.150.60.122/live/dyjc.m3u8,网络源,
第一剧场,https://shcm-stream-cf1.stream.264788.xyz/cms001/ch00000090990000001621/index.m3u8?streamid=d81e188b59ece96b7e8f1ce34aea3ef8&streamkey=07xclP9QQ7A17NHSunxvhUhDmEAgCJHPSWwcmXXGtD5B1ctgr4sNGjOLgDUiqhY3hbKKrXCg3V0Mv4oFIdXvsvsAV0LnOhkY1hZzilPs1GDH833k0xqsPako&token=1775754265-e70414852ba80d73-0-504af0de169af5289009509fea184863,网络源,
第一剧场,http://hmfs.f3322.net:3388/hls/21/index.m3u8,网络源,
第一剧场,http://61.184.46.85:85/tsfile/live/1021_1.m3u8?key=txiptv&playlive=1&authid=0,网络源,
第一剧场,http://207.56.13.146:81/cdnlive/dyjc.m3u8,网络源,
第一剧场,https://live.264788.xyz/channel/diyijuchang?streamid=e9b0fb1ca135a4aeae12944494883794&livekey=01WgOR41rriMmMkzNsd0UoaxJRwetZdxIvtVk,网络源,
第一剧场,https://live.264788.xyz/channel/diyijuchang?streamid=d81e188b59ece96b7e8f1ce34aea3ef8&livekey=01WgOR41rriMmMkzNsd0UoaxJRwetZdxIvtVk,网络源,
央视台球,http://107.150.60.122/live/ystq.m3u8,网络源,
央视台球,https://shcm-stream-cf1.stream.264788.xyz/cms001/ch00000090990000001600/index.m3u8?streamid=04540cf3fa4df50b6e2fd9166c021d4b&streamkey=02BjlnRKVk4w1Ojwl0Q41u7qasJwePv45M3Tx7aAax93Zq5QEnEH7qLpHsyWobOiWCvunmJFhnRmIfEOv4rl3BaZDf4HVH0GjcLnULEFcC6BRgqtB3rX8Ah1RRq&token=1775754426-3ba023cd7fae153a-0-83a101ff80611422cb2ee97dc79dde3f,网络源,
央视台球,http://dassby.qqff.top:99/live/高尔夫网球/index.m3u8,网络源,
央视台球,http://dassby.qqff.top:99/live/央视台球/index.m3u8,网络源,
央视台球,http://207.56.13.146:81/cdnlive/ystq.m3u8,网络源,
央视台球,https://live.264788.xyz/channel/yangshitaiqiu?streamid=9679c6066eaea41803687ab95ac160aa&livekey=01WgOR41rriMmMkzNsd0UoaxJRwetZdxIvtVk,网络源,
央视台球,https://live.264788.xyz/channel/yangshitaiqiu?streamid=04540cf3fa4df50b6e2fd9166c021d4b&livekey=01WgOR41rriMmMkzNsd0UoaxJRwetZdxIvtVk,网络源,
风云足球,http://107.150.60.122/live/fyzq.m3u8,网络源,
风云足球,https://shcm-stream-cf1.stream.264788.xyz/cms001/ch00000090990000001590/index.m3u8?streamid=927ac8a2bbea16a44fbdc8cd59deabc8&streamkey=0WsC3jqv5pZMcVlxFBNnufmiOCXFZigfn61ogjSwht3bqXevILtdE9S00t1S31TUcNtpNMycyrjLcmhMwenwuh8FAxcPIPYTEQUX1MDXgmTdP03V9WzCfa1iP&token=1775754113-ea7ee6d53b99caad-0-c93511c176fc0c319dc73b7c39050be7,网络源,
风云足球,http://hmfs.f3322.net:3388/hls/9/index.m3u8,网络源,
风云足球,http://dassby.qqff.top:99/live/风云足球/index.m3u8,网络源,
风云足球,http://61.184.46.85:85/tsfile/live/1020_1.m3u8?key=txiptv&playlive=1&authid=0,网络源,
风云足球,http://207.56.13.146:81/cdnlive/fyzq.m3u8,网络源,
风云足球,https://live.264788.xyz/channel/fengyunzuqiu?streamid=d6252ab5e983d48dbbb244d84a4c99a6&livekey=01WgOR41rriMmMkzNsd0UoaxJRwetZdxIvtVk,网络源,
风云足球,https://live.264788.xyz/channel/fengyunzuqiu?streamid=927ac8a2bbea16a44fbdc8cd59deabc8&livekey=01WgOR41rriMmMkzNsd0UoaxJRwetZdxIvtVk,网络源,
高尔夫网球,http://207.56.13.146:81/cdnlive/gefwq.m3u8,网络源,
世界地理,http://107.150.60.122/live/sjdl.m3u8,网络源,
世界地理,https://shcm-stream-cf1.stream.264788.xyz/cms001/ch00000090990000001620/index.m3u8?streamid=8a034b40397504e25b3775c772237996&streamkey=01vY5fRxC8VyKg4oq30vfikHXTCAKySLP29l6OG91kQlzDttHgzNLkUw5kivm3PfNsVHJv5FgdsPBYFYI2IWpt7tfRCuFHqLT2pvX67ubMds8jl2DHtvOh0&token=1775754349-4f33f4f84a4abeba-0-91687dc8c9325092efa1d00f330d2710,网络源,
世界地理,http://dassby.qqff.top:99/live/世界地理/index.m3u8,网络源,
世界地理,http://120.76.248.139/live/bfgd/4200000177.m3u8,网络源,
世界地理,http://61.184.46.85:85/tsfile/live/1025_1.m3u8?key=txiptv&playlive=1&authid=0,网络源,
世界地理,http://207.56.13.146:81/cdnlive/sjdl.m3u8,网络源,
世界地理,https://live.264788.xyz/channel/shijiedili?streamid=8a034b40397504e25b3775c772237996&livekey=01WgOR41rriMmMkzNsd0UoaxJRwetZdxIvtVk,网络源,
世界地理,https://live.264788.xyz/channel/shijiedili?streamid=4db73bb90b7af6eb8506496390bb0d93&livekey=01WgOR41rriMmMkzNsd0UoaxJRwetZdxIvtVk,网络源,
风云音乐,http://107.150.60.122/live/fyyy.m3u8,网络源,
风云音乐,https://shcm-stream-cf1.stream.264788.xyz/cms001/ch00000090990000001660/index.m3u8?streamid=be37d16b874e7ba11dd383d7ecd75752&streamkey=02BjlnRKVk4w1Oyqq9aXRB4YtWxqlybIfl2lS5mkFVN5iNWAFYdKIFbyaEPKZTNBgIoU9bQc4m8PrS8Pw3iTRKs635HzsGgAANSe4AgbCngHqxM1kM6le1OCEWm&token=1775754243-94f06a5cf0b92094-0-743c505a12a44d0e7fd5d08f14b11504,网络源,
风云音乐,http://dassby.qqff.top:99/live/风云音乐/index.m3u8,网络源,
风云音乐,http://207.56.13.146:81/cdnlive/fyyy.m3u8,网络源,
风云音乐,https://live.264788.xyz/channel/fengyunyinyue?streamid=1b41fb9153cba3ee19bd5d1b323da27e&livekey=01WgOR41rriMmMkzNsd0UoaxJRwetZdxIvtVk,网络源,
风云音乐,https://live.264788.xyz/channel/fengyunyinyue?streamid=be37d16b874e7ba11dd383d7ecd75752&livekey=01WgOR41rriMmMkzNsd0UoaxJRwetZdxIvtVk,网络源,
女性时尚,http://207.56.13.146:81/cdnlive/nxss.m3u8,网络源,
女性时尚,http://dassby.qqff.top:99/live/女性时尚/index.m3u8,网络源,
女性时尚,http://hao6688.3322.org:30066/stream/channelid/743000278?ticket=e9caf6ca5bd6497cc5c7654fa922f9166a727868&profile=pass,网络源,
女性时尚,https://live.264788.xyz/channel/nvxingshishang?streamid=c4f2ed43508ea460b381e85ffd11c59f&livekey=01WgOR41rriMmMkzNsd0UoaxJRwetZdxIvtVk,网络源,
女性时尚,https://live.264788.xyz/channel/nvxingshishang?streamid=15732e48a35953bb064f0ffb4197035c&livekey=01WgOR41rriMmMkzNsd0UoaxJRwetZdxIvtVk,网络源,
怀旧剧场,http://107.150.60.122/live/hjjc.m3u8,网络源,
怀旧剧场,https://shcm-stream-cf1.stream.264788.xyz/cms001/ch00000090990000001640/index.m3u8?streamid=7e5d1abdddde08f588234f3f640f75ff&streamkey=092SzM8qh4GNZm8Sly0j0xG8Sg3yHIQW1svsz2WNbj7O78R6ErBo1ngfNZaXyLnHcB0EzcN18Jgg3T7PGY4Z4bPJb3uh7m1yZZAwSv5g1hznMWXe2xIsEOmyaW5R&token=1775754296-fcd63ac210d4c1d1-0-41aa2d5111a454de23251c36585cb18c,网络源,
怀旧剧场,http://dassby.qqff.top:99/live/怀旧剧场/index.m3u8,网络源,
怀旧剧场,http://120.76.248.139/live/bfgd/4200000224.m3u8,网络源,
怀旧剧场,http://61.184.46.85:85/tsfile/live/1022_1.m3u8?key=txiptv&playlive=1&authid=0,网络源,
怀旧剧场,http://207.56.13.146:81/cdnlive/hjjc.m3u8,网络源,
怀旧剧场,https://live.264788.xyz/channel/huaijiujuchang?streamid=7f368c23f1a4403746cbcbb75e4b9ac3&livekey=01WgOR41rriMmMkzNsd0UoaxJRwetZdxIvtVk,网络源,
怀旧剧场,https://live.264788.xyz/channel/huaijiujuchang?streamid=7e5d1abdddde08f588234f3f640f75ff&livekey=01WgOR41rriMmMkzNsd0UoaxJRwetZdxIvtVk,网络源,
央视文化精品,http://207.56.13.146:81/cdnlive/ysjp.m3u8,网络源,
央视文化精品,https://live.264788.xyz/channel/yangshiwenhuajingpin?streamid=bc185d1ef1e528922e83efd845006277&livekey=01WgOR41rriMmMkzNsd0UoaxJRwetZdxIvtVk,网络源,
央视文化精品,https://live.264788.xyz/channel/yangshiwenhuajingpin?streamid=618d33181dba2b51e9d3752d73d737b8&livekey=01WgOR41rriMmMkzNsd0UoaxJRwetZdxIvtVk,网络源,
卫生健康,http://38.75.136.137:98/gslb/dsdqpub/wsjk.m3u8?auth=testpub,网络源,
卫生健康,http://107.150.60.122/live/wsjk.m3u8,网络源,
卫生健康,http://207.56.13.146:81/cdnlive/wsjk.m3u8,网络源,
电视指南,http://107.150.60.122/live/dszn.m3u8,网络源,
电视指南,http://120.76.248.139/live/bfgd/4200000164.m3u8,网络源,
老故事,http://hlsztemgsplive.miguvideo.com:8080/migu/kailu/cctvlaogushi/50/20231109/index.m3u8?msisdn=20260521020210a74b1558ecdd43eba1319331e54050a6&mdspid=&spid=699004&netType=0&sid=5910022002&pid=2028597139&timestamp=20260521020210&Channel_ID=0116_2600000900-99000-201600010010027&ProgramID=884121956&ParentNodeID=-99&assertID=5910022002&client_ip=171.8.79.254&SecurityKey=20260521020210&promotionId=&mvid=5900006372&mcid=500020&playurlVersion=ZQ-A1-9.5.1-RELEASE&userid=&jmhm=&videocodec=h264&appCode=miguvideo_android&bean=mgspad&tid=android&conFee=0&encrypt=a2ef0393dc067bb2d1360fdf92f0ca0b,网络源,
老故事,http://223.247.25.205:1234/884121956,网络源,
老故事,http://59.110.175.70:10000/884121956,网络源,
老故事,http://123.113.205.253:3000/884121956,网络源,
老故事,http://8.135.27.147:1234/884121956,网络源,
老故事,http://27.12.12.42:1234/884121956,网络源,
老故事,http://47.119.24.76:59093/884121956,网络源,
老故事,http://111.122.65.136:1234/884121956,网络源,
老故事,http://110.154.192.40:7788/884121956,网络源,
老故事,http://14.153.176.89:1234/884121956,网络源,
老故事,http://124.77.202.8:49155/884121956,网络源,
老故事,http://101.6.130.102:1234/884121956,网络源,
老故事,http://hlsztemgsplive.miguvideo.com:8080/migu/kailu/cctvlaogushi/50/20231109/index.m3u8?msisdn=2026052006020770dbca40e11745f78fdaf74e9d386007&mdspid=&spid=699004&netType=0&sid=5910022002&pid=2028597139&timestamp=20260520060207&Channel_ID=0116_2600000900-99000-201600010010027&ProgramID=884121956&ParentNodeID=-99&assertID=5910022002&client_ip=171.8.79.254&SecurityKey=20260520060207&promotionId=&mvid=5900006372&mcid=500020&playurlVersion=ZQ-A1-9.5.1-RELEASE&userid=&jmhm=&videocodec=h264&appCode=miguvideo_android&bean=mgspad&tid=android&conFee=0&encrypt=65e793739f4f0d601336656310d64fd5,网络源,
老故事,http://gslbmgsplive.miguvideo.com/migu/kailu/cctvlaogushi/50/20231109/index.m3u8?msisdn=43d1364aa073a83b4631e3f48683f7bc&mdspid=&spid=699004&netType=0&sid=5910022002&pid=2028597139&timestamp=20260520055820&Channel_ID=0116_2600034600-99000-201600010010028&ProgramID=884121956&ParentNodeID=-99&assertID=5910022002&client_ip=39.98.188.45&SecurityKey=20260520055820&promotionId=&mvid=5900006372&mcid=500020&playurlVersion=ZQ-A1-9.5.1-RELEASE&userid=&jmhm=&videocodec=h264&appCode=miguvideo_android&bean=mgspad&tid=android&conFee=0&puData=14ac0e18e5a6181a6924ce5608e1d092&ddCalcu=2194v0aadcl10aee81086e55eac64128916a&sv=10004&ct=android,网络源,
老故事,http://hlsztemgsplive.miguvideo.com:8080/migu/kailu/cctvlaogushi/50/20231109/index.m3u8?msisdn=2026052010020759a98b0058674a0cb79f088c1833f876&mdspid=&spid=699004&netType=0&sid=5910022002&pid=2028597139&timestamp=20260520100207&Channel_ID=0116_2600000900-99000-201600010010027&ProgramID=884121956&ParentNodeID=-99&assertID=5910022002&client_ip=171.8.79.254&SecurityKey=20260520100207&promotionId=&mvid=5900006372&mcid=500020&playurlVersion=ZQ-A1-9.5.1-RELEASE&userid=&jmhm=&videocodec=h264&appCode=miguvideo_android&bean=mgspad&tid=android&conFee=0&encrypt=3ed9887684f5dcf564dafbfdfda6c451,网络源,
老故事,http://gslbmgsplive.miguvideo.com/migu/kailu/cctvlaogushi/50/20231109/index.m3u8?msisdn=20260516000054b242528e79a84277a4dfe031b1c5675e&mdspid=&spid=699004&netType=0&sid=5910022002&pid=2028597139&timestamp=20260516000054&Channel_ID=0116_2600000900-99000-201600010010027&ProgramID=884121956&ParentNodeID=-99&assertID=5910022002&client_ip=175.178.121.127&SecurityKey=20260516000054&promotionId=&mvid=5900006372&mcid=500020&playurlVersion=WX-A1-9.5.1-RELEASE&userid=&jmhm=&videocodec=h264&appCode=miguvideo_android&bean=mgspad&tid=android&conFee=0&puData=5d6ca9ff1d0a8523b9102bc583186dff&ddCalcu=f5fded616c48a0193f8f51cdb02a081592b3,网络源,
发现之旅,http://hlsztemgsplive.miguvideo.com:8080/wd_r3/cnr/faxianzhilv/1000/index.m3u8?msisdn=2026052102021171453381164044648f21ac24395bd329&mdspid=&spid=699004&netType=0&sid=5500212893&pid=2028597139&timestamp=20260521020211&Channel_ID=0116_2600000900-99000-201600010010027&ProgramID=624878970&ParentNodeID=-99&assertID=5500212893&client_ip=171.8.79.254&SecurityKey=20260521020211&promotionId=&mvid=5100001701&mcid=500020&playurlVersion=ZQ-A1-9.5.1-RELEASE&userid=&jmhm=&videocodec=h264&appCode=miguvideo_android&bean=mgspad&tid=android&conFee=0&encrypt=ad4e4353efa1e06b3fbbe8e968ce8ae0,网络源,
发现之旅,http://110.154.192.40:7788/624878970,网络源,
发现之旅,http://47.119.24.76:59093/624878970,网络源,
发现之旅,http://101.6.130.102:1234/624878970,网络源,
发现之旅,http://111.122.65.136:1234/624878970,网络源,
发现之旅,http://124.77.202.8:49155/624878970,网络源,
发现之旅,http://14.153.176.89:1234/624878970,网络源,
发现之旅,http://123.113.205.253:3000/624878970,网络源,
发现之旅,http://223.247.25.205:1234/624878970,网络源,
发现之旅,http://27.12.12.42:1234/624878970,网络源,
发现之旅,http://8.135.27.147:1234/624878970,网络源,
发现之旅,http://59.110.175.70:10000/624878970,网络源,
发现之旅,http://hlsztemgsplive.miguvideo.com:8080/wd_r3/cnr/faxianzhilv/1000/index.m3u8?msisdn=202605200602074e6869edb6184cfd9206cd7f77c137bc&mdspid=&spid=699004&netType=0&sid=5500212893&pid=2028597139&timestamp=20260520060207&Channel_ID=0116_2600000900-99000-201600010010027&ProgramID=624878970&ParentNodeID=-99&assertID=5500212893&client_ip=171.8.79.254&SecurityKey=20260520060207&promotionId=&mvid=5100001701&mcid=500020&playurlVersion=ZQ-A1-9.5.1-RELEASE&userid=&jmhm=&videocodec=h264&appCode=miguvideo_android&bean=mgspad&tid=android&conFee=0&encrypt=4edc765aaffd356132e3bc4d32a34f0d,网络源,
发现之旅,http://gslbmgsplive.miguvideo.com/wd_r3/cnr/faxianzhilv/2000/index.m3u8?msisdn=154a92f21cb5850464010956b61ccc74&mdspid=&spid=699004&netType=0&sid=5500212893&pid=2028597139&timestamp=20260520055820&Channel_ID=0116_2600034600-99000-201600010010028&ProgramID=624878970&ParentNodeID=-99&assertID=5500212893&client_ip=39.98.188.101&SecurityKey=20260520055820&promotionId=&mvid=5100001701&mcid=500020&playurlVersion=ZQ-A1-9.5.1-RELEASE&userid=&jmhm=&videocodec=h264&appCode=miguvideo_android&bean=mgspad&tid=android&conFee=0&puData=1ad47c3c535396036435e0c7619eb11b&ddCalcu=b11av1dab4le7a9c136c75c305e359364063&sv=10004&ct=android,网络源,
发现之旅,http://hlsztemgsplive.miguvideo.com:8080/wd_r3/cnr/faxianzhilv/1000/index.m3u8?msisdn=20260520100207c76d708f3f3a4987965ec48b5bf06f1e&mdspid=&spid=699004&netType=0&sid=5500212893&pid=2028597139&timestamp=20260520100207&Channel_ID=0116_2600000900-99000-201600010010027&ProgramID=624878970&ParentNodeID=-99&assertID=5500212893&client_ip=171.8.79.254&SecurityKey=20260520100207&promotionId=&mvid=5100001701&mcid=500020&playurlVersion=ZQ-A1-9.5.1-RELEASE&userid=&jmhm=&videocodec=h264&appCode=miguvideo_android&bean=mgspad&tid=android&conFee=0&encrypt=53e6bc8736f2a01c590fbfb144c5d1fa,网络源,
CCTV4K,http://198.204.240.250:82/live/cctv4k.m3u8?jsbt=1760148172&jsbk=8ce47519e62b009dfa80f8fbfb2dd932,网络源,
CCTV4K,http://198.204.240.250:82/live/cctv4k.m3u8?jsbt=1760495957&jsbk=138a7cd8fb02f369c744cf0ceb413e85,网络源,
CCTV4K,https://iptv.catvod.com/catvod?id=CCTV4K%E8%B6%85%E9%AB%98%E6%B8%85&line=2,网络源,
CCTV4K,https://iptv.catvod.com/catvod?id=CCTV4K%E8%B6%85%E9%AB%98%E6%B8%85&line=1,网络源,
CCTV4K,http://107.150.60.122/live/cctv4k.m3u8,网络源,
CCTV4K,https://live-play-hls.cctvnews.cctv.com/CCTVChannel/channel_cctv4k_mbd.m3u8?auth_key=1778832000-1-b59134a2ead43d7f783f943c8f535e7bb80c5169575b2e8efcd5b3ddea21b41c-b13ffb14737e1524ca1de6429363d1b1&yid=b59134a2ead43d7f783f943c8f535e7bb80c5169575b2e8efcd5b3ddea21b41c,网络源,
CCTV4K,https://shcm-stream-cf1.stream.264788.xyz/cms001/ch00000090990000001451/index.m3u8?streamid=69b8ad870d6e6b638349a2eb5d3c6e98&streamkey=0PV1gjFJAoweF3LBEa3Bs0tDJJ820W4wW1ZFaj9mvIJCTOb7YMJjyNipqSJ5XRwGMieXBE8k0nEcmgeD1GaGAG2QdDltcdT65Yz2RRyKTd82wMqT6&token=1775754026-64bf526cb923c04a-0-cf56d9188e3b064b963ed02898bf719d,网络源,
CCTV4K,http://vip1.xinketongxun.fun:8082/tsfile/live/1026_1.m3u8,网络源,
CCTV4K,https://stream1.freetv.fun/cctv4k-2.ctv,网络源,
CCTV4K,https://iptv.catvod.com/catvod?id=CCTV4K%E8%B6%85%E9%AB%98%E6%B8%85&line=5,网络源,
CCTV4K,https://iptv.catvod.com/catvod?id=CCTV4K%E8%B6%85%E9%AB%98%E6%B8%85&line=4,网络源,
CCTV4K,https://iptv.catvod.com/catvod?id=CCTV4K%E8%B6%85%E9%AB%98%E6%B8%85&line=3,网络源,
CCTV4K,http://111.170.156.74:3344/央视/cctv.php?id=cctv4k,网络源,
CCTV4K,http://hao6688.3322.org:30066/stream/channelid/444220679?ticket=4d56cb83348a3e3e75257e14239a0a76c18e1267&profile=pass,网络源,
CCTV4K,https://live-play-hls.cctvnews.cctv.com/CCTVChannel/channel_cctv4k_mbd.m3u8?auth_key=1779274800-1-b59134a2ead43d7f783f943c8f535e7bb80c5169575b2e8efcd5b3ddea21b41c-d89288d8e866acc3fc23881b8e85a7f5&yid=b59134a2ead43d7f783f943c8f535e7bb80c5169575b2e8efcd5b3ddea21b41c,网络源,
CCTV4K,https://live.264788.xyz/channel/cctv4k?streamid=ddf7c8a2b9355fd0327077c06958bd0f&livekey=01WgOR41rriMmMkzNsd0UoaxJRwetZdxIvtVk,网络源,
CCTV4K,https://live.264788.xyz/channel/cctv4k?streamid=69b8ad870d6e6b638349a2eb5d3c6e98&livekey=01WgOR41rriMmMkzNsd0UoaxJRwetZdxIvtVk,网络源,
CCTV4K,https://live.264788.xyz/channel/cctv4k?streamid=dc08cf9ff7243e2392ad3c40024e31b8&livekey=01WgOR41rriMmMkzNsd0UoaxJRwetZdxIvtVk,网络源,
CCTV4K,https://live.264788.xyz/channel/cctv4k?streamid=84c255985963e0e411a18999189b14c8&livekey=01WgOR41rriMmMkzNsd0UoaxJRwetZdxIvtVk,网络源,
CCTV8K,http://38.75.136.137:98/gslb/dsdqpub/cctv8k.m3u8?auth=testpub,网络源,
CCTV8K,http://107.150.60.122/live/cctv8k.m3u8,网络源,
CCTV8K,https://t.freetv.fun/live/cctv8k-3.php,网络源,
CETV1,http://ottrrs.hl.chinamobile.com/PLTV/88888888/224/3221225652/index.m3u8,网络源,
CETV1,http://player.cntv.cn/standard/live_HLSDRM20180524.swf?ChannelID=cetv1&videoTVChannel=cetv1&P2PChannelID=pd://cctv_p2p_hdcetv1&tai=cetv1&VideoName=cetv1&channelID=cetv1,网络源,
CETV1,http://hlsztemgsplive.miguvideo.com:8080/migu/kailu/cetv1/50/20240709/index.m3u8?msisdn=20260521040218d9976049193043e8afaea321049cbfb9&mdspid=&spid=699004&netType=0&sid=5910022150&pid=2028597139&timestamp=20260521040218&Channel_ID=0116_2600000900-99000-201600010010027&ProgramID=923287154&ParentNodeID=-99&assertID=5910022150&client_ip=171.8.79.254&SecurityKey=20260521040218&promotionId=&mvid=5900006636&mcid=500020&playurlVersion=ZQ-A1-9.5.1-RELEASE&userid=&jmhm=&videocodec=h264&appCode=miguvideo_android&bean=mgspad&tid=android&conFee=0&encrypt=efb50edf309128ead515dfa232f13538,网络源,
CETV1,http://hlsztemgsplive.miguvideo.com:8080/migu/kailu/cetv1/50/20240709/index.m3u8?msisdn=202605200402139c624b3cb4c744d084308cd101fa9c84&mdspid=&spid=699004&netType=0&sid=5910022150&pid=2028597139&timestamp=20260520040213&Channel_ID=0116_2600000900-99000-201600010010027&ProgramID=923287154&ParentNodeID=-99&assertID=5910022150&client_ip=171.8.79.254&SecurityKey=20260520040213&promotionId=&mvid=5900006636&mcid=500020&playurlVersion=ZQ-A1-9.5.1-RELEASE&userid=&jmhm=&videocodec=h264&appCode=miguvideo_android&bean=mgspad&tid=android&conFee=0&encrypt=27bacdce4dea31bc795df7e053576647,网络源,
CETV1,http://gslbmgsplive.miguvideo.com/migu/kailu/cetv1/51/20240709/index.m3u8?msisdn=28db4338735690ad4dd21e7cc439c775&mdspid=&spid=699004&netType=0&sid=5910022150&pid=2028597139&timestamp=20260520055910&Channel_ID=0116_2600034600-99000-201600010010028&ProgramID=923287154&ParentNodeID=-99&assertID=5910022150&client_ip=39.98.188.101&SecurityKey=20260520055910&promotionId=&mvid=5900006636&mcid=500020&playurlVersion=ZQ-A1-9.5.1-RELEASE&userid=&jmhm=&videocodec=h264&appCode=miguvideo_android&bean=mgspad&tid=android&conFee=0&puData=f3dc01a830e1b41307c8eafe2b8b6088&ddCalcu=8f83v0da6cdb0a81ba28e3f0aee18bc47103&sv=10004&ct=android,网络源,
CETV1,http://hlsztemgsplive.miguvideo.com:8080/migu/kailu/cetv1/50/20240709/index.m3u8?msisdn=20260520080213502655f841f6435185285bb11be2eb40&mdspid=&spid=699004&netType=0&sid=5910022150&pid=2028597139&timestamp=20260520080213&Channel_ID=0116_2600000900-99000-201600010010027&ProgramID=923287154&ParentNodeID=-99&assertID=5910022150&client_ip=171.8.79.254&SecurityKey=20260520080213&promotionId=&mvid=5900006636&mcid=500020&playurlVersion=ZQ-A1-9.5.1-RELEASE&userid=&jmhm=&videocodec=h264&appCode=miguvideo_android&bean=mgspad&tid=android&conFee=0&encrypt=6f241d6771da86408baa0cd3d8e919ca,网络源,
CETV1,http://gslbmgsplive.miguvideo.com/migu/kailu/cetv1/50/20240709/index.m3u8?msisdn=20260516000103d401b6c064ba464fafa3e1d7ff7580bc&mdspid=&spid=699004&netType=0&sid=5910022150&pid=2028597139&timestamp=20260516000103&Channel_ID=0116_2600000900-99000-201600010010027&ProgramID=923287154&ParentNodeID=-99&assertID=5910022150&client_ip=175.178.121.127&SecurityKey=20260516000103&promotionId=&mvid=5900006636&mcid=500020&playurlVersion=WX-A1-9.5.1-RELEASE&userid=&jmhm=&videocodec=h264&appCode=miguvideo_android&bean=mgspad&tid=android&conFee=0&puData=270794493a6f99b8e7463aa521da5e0a&ddCalcu=a207ee01573a90d4142953aaa63f69497be8,网络源,
CETV1,https://t.freetv.fun/live/cetv-1-2.m3u8,网络源,
CETV1,https://t.freetv.fun/live/cetv1-2-1.m3u8,网络源,
CETV1,https://t.freetv.fun/live/cetv1-3-1.m3u8,网络源,
CETV2,http://ottrrs.hl.chinamobile.com/PLTV/88888888/224/3221226425/index.m3u8,网络源,
CETV2,http://player.cntv.cn/standard/live_HLSDRM20180524.swf?ChannelID=cetv2&videoTVChannel=cetv2&P2PChannelID=pd://cctv_p2p_hdcetv2&tai=cetv2&VideoName=cetv2&channelID=cetv2,网络源,
CETV2,http://120.76.248.139/live/bfgd/4200000492.m3u8,网络源,
CETV2,http://hlsztemgsplive.miguvideo.com:8080/migu/kailu/cetv2/50/20240709/index.m3u8?msisdn=20260521040219b7429f7e0c984c53beb746c5589d40f7&mdspid=&spid=699004&netType=0&sid=5910022152&pid=2028597139&timestamp=20260521040219&Channel_ID=0116_2600000900-99000-201600010010027&ProgramID=923287211&ParentNodeID=-99&assertID=5910022152&client_ip=171.8.79.254&SecurityKey=20260521040219&promotionId=&mvid=5900006638&mcid=500020&playurlVersion=ZQ-A1-9.5.1-RELEASE&userid=&jmhm=&videocodec=h264&appCode=miguvideo_android&bean=mgspad&tid=android&conFee=0&encrypt=05f0b250332bb153a7eb60114eb2cf39,网络源,
CETV2,http://hlsztemgsplive.miguvideo.com:8080/migu/kailu/cetv2/50/20240709/index.m3u8?msisdn=20260520040213064d58d4454342e2b532c4892b4e4ea6&mdspid=&spid=699004&netType=0&sid=5910022152&pid=2028597139&timestamp=20260520040213&Channel_ID=0116_2600000900-99000-201600010010027&ProgramID=923287211&ParentNodeID=-99&assertID=5910022152&client_ip=171.8.79.254&SecurityKey=20260520040213&promotionId=&mvid=5900006638&mcid=500020&playurlVersion=ZQ-A1-9.5.1-RELEASE&userid=&jmhm=&videocodec=h264&appCode=miguvideo_android&bean=mgspad&tid=android&conFee=0&encrypt=ddd21d7ab5d83aab25bd7971b79be987,网络源,
CETV2,http://gslbmgsplive.miguvideo.com/migu/kailu/cetv2/51/20240709/index.m3u8?msisdn=28db4338735690ad4dd21e7cc439c775&mdspid=&spid=699004&netType=0&sid=5910022152&pid=2028597139&timestamp=20260520055910&Channel_ID=0116_2600034600-99000-201600010010028&ProgramID=923287211&ParentNodeID=-99&assertID=5910022152&client_ip=39.98.188.101&SecurityKey=20260520055910&promotionId=&mvid=5900006638&mcid=500020&playurlVersion=ZQ-A1-9.5.1-RELEASE&userid=&jmhm=&videocodec=h264&appCode=miguvideo_android&bean=mgspad&tid=android&conFee=0&puData=b4bc0fb5e754a362c41405e6161faea4&ddCalcu=4ba4vebaacaf0a1f6b156ee755044a1346c2&sv=10004&ct=android,网络源,
CETV2,http://hlsztemgsplive.miguvideo.com:8080/migu/kailu/cetv2/50/20240709/index.m3u8?msisdn=20260520080213edf817bf4a494b20b662ba1be3056422&mdspid=&spid=699004&netType=0&sid=5910022152&pid=2028597139&timestamp=20260520080213&Channel_ID=0116_2600000900-99000-201600010010027&ProgramID=923287211&ParentNodeID=-99&assertID=5910022152&client_ip=171.8.79.254&SecurityKey=20260520080213&promotionId=&mvid=5900006638&mcid=500020&playurlVersion=ZQ-A1-9.5.1-RELEASE&userid=&jmhm=&videocodec=h264&appCode=miguvideo_android&bean=mgspad&tid=android&conFee=0&encrypt=e31eb27c48ed5bfcfc270b711733332d,网络源,
CETV2,http://gslbmgsplive.miguvideo.com/migu/kailu/cetv2/50/20240709/index.m3u8?msisdn=20260516000103fda3b92f60ae41d2bce6343ac1ca11af&mdspid=&spid=699004&netType=0&sid=5910022152&pid=2028597139&timestamp=20260516000103&Channel_ID=0116_2600000900-99000-201600010010027&ProgramID=923287211&ParentNodeID=-99&assertID=5910022152&client_ip=175.178.121.127&SecurityKey=20260516000103&promotionId=&mvid=5900006638&mcid=500020&playurlVersion=WX-A1-9.5.1-RELEASE&userid=&jmhm=&videocodec=h264&appCode=miguvideo_android&bean=mgspad&tid=android&conFee=0&puData=d340fff628a17824750312d858766df2&ddCalcu=2df3ed416036f07f8f5682d82a1137085274,网络源,
CETV4,http://ottrrs.hl.chinamobile.com/PLTV/88888888/224/3221225783/index.m3u8,网络源,
CETV4,http://player.cntv.cn/standard/live_HLSDRM20180524.swf?ChannelID=cetv4&videoTVChannel=cetv4&P2PChannelID=pd://cctv_p2p_hdcetv4&tai=cetv4&VideoName=cetv4&channelID=cetv4,网络源,
CETV4,http://hlsztemgsplive.miguvideo.com:8080/migu/kailu/cetv4/50/20240709/index.m3u8?msisdn=20260521040219fbb383b329904fdb9bc1572419751bac&mdspid=&spid=699004&netType=0&sid=5910022154&pid=2028597139&timestamp=20260521040219&Channel_ID=0116_2600000900-99000-201600010010027&ProgramID=923287339&ParentNodeID=-99&assertID=5910022154&client_ip=171.8.79.254&SecurityKey=20260521040219&promotionId=&mvid=5900006640&mcid=500020&playurlVersion=ZQ-A1-9.5.1-RELEASE&userid=&jmhm=&videocodec=h264&appCode=miguvideo_android&bean=mgspad&tid=android&conFee=0&encrypt=abb4d2127faaa4f40e8be865d31e3626,网络源,
CETV4,http://hlsztemgsplive.miguvideo.com:8080/migu/kailu/cetv4/50/20240709/index.m3u8?msisdn=20260520040213f9480d71750b440db494df30c726bc95&mdspid=&spid=699004&netType=0&sid=5910022154&pid=2028597139&timestamp=20260520040213&Channel_ID=0116_2600000900-99000-201600010010027&ProgramID=923287339&ParentNodeID=-99&assertID=5910022154&client_ip=171.8.79.254&SecurityKey=20260520040213&promotionId=&mvid=5900006640&mcid=500020&playurlVersion=ZQ-A1-9.5.1-RELEASE&userid=&jmhm=&videocodec=h264&appCode=miguvideo_android&bean=mgspad&tid=android&conFee=0&encrypt=a96b17fe1444cec9a01bccd41fcf9d56,网络源,
CETV4,http://gslbmgsplive.miguvideo.com/migu/kailu/cetv4/51/20240709/index.m3u8?msisdn=9a2d2a85aef15f4f43609839cd907e22&mdspid=&spid=699004&netType=0&sid=5910022154&pid=2028597139&timestamp=20260520055910&Channel_ID=0116_2600034600-99000-201600010010028&ProgramID=923287339&ParentNodeID=-99&assertID=5910022154&client_ip=39.98.188.101&SecurityKey=20260520055910&promotionId=&mvid=5900006640&mcid=500020&playurlVersion=ZQ-A1-9.5.1-RELEASE&userid=&jmhm=&videocodec=h264&appCode=miguvideo_android&bean=mgspad&tid=android&conFee=0&puData=a1b771da45c9527c7acb61cce5e55ad2&ddCalcu=2ad1vaba57b57ae15deac4c51c69b5c2a77c&sv=10004&ct=android,网络源,
CETV4,http://hlsztemgsplive.miguvideo.com:8080/migu/kailu/cetv4/50/20240709/index.m3u8?msisdn=202605200802132b6163e560174ea2a2f794e77491b7e2&mdspid=&spid=699004&netType=0&sid=5910022154&pid=2028597139&timestamp=20260520080213&Channel_ID=0116_2600000900-99000-201600010010027&ProgramID=923287339&ParentNodeID=-99&assertID=5910022154&client_ip=171.8.79.254&SecurityKey=20260520080213&promotionId=&mvid=5900006640&mcid=500020&playurlVersion=ZQ-A1-9.5.1-RELEASE&userid=&jmhm=&videocodec=h264&appCode=miguvideo_android&bean=mgspad&tid=android&conFee=0&encrypt=830d38323ae41d6589acfedb67c50798,网络源,
CETV4,http://gslbmgsplive.miguvideo.com/migu/kailu/cetv4/50/20240709/index.m3u8?msisdn=202605160001034ddeb580f8b14a2882283619dc35a49f&mdspid=&spid=699004&netType=0&sid=5910022154&pid=2028597139&timestamp=20260516000103&Channel_ID=0116_2600000900-99000-201600010010027&ProgramID=923287339&ParentNodeID=-99&assertID=5910022154&client_ip=175.178.121.127&SecurityKey=20260516000103&promotionId=&mvid=5900006640&mcid=500020&playurlVersion=WX-A1-9.5.1-RELEASE&userid=&jmhm=&videocodec=h264&appCode=miguvideo_android&bean=mgspad&tid=android&conFee=0&puData=5520c995eaa0c21d008b99c447ac0c28&ddCalcu=8525ec21003cc0a979454eca9a90bc82010d,网络源,
CETV4,https://zby.130519.xyz/PLTV/11/224/3221226069/index.m3u8,网络源,
湖南卫视,http://ottrrs.hl.chinamobile.com/PLTV/88888888/224/3221226307/index.m3u8,网络源,
湖南卫视,http://ottrrs.hl.chinamobile.com/PLTV/88888888/224/3221225610/index.m3u8,网络源,
湖南卫视,https://stream1.freetv.fun/ee2701164e3077afe601326c475f60d17f4c82fc2988f8ae7053c350ddf8fda6.m3u8,网络源,
湖南卫视,https://stream1.freetv.fun/95c362f9fa908fd8a2eb7b94303c480dd99e8de01244cb72ba5a85dcbc121437.m3u8,网络源,
湖南卫视,https://stream1.freetv.fun/8109af647f56702f17e3fbffe6ca2766a6364dcaf3078e086513d7b6ed02b365.m3u8,网络源,
湖南卫视,https://stream1.freetv.fun/b06a69fc1f704977ea40e8cdacc211ffb6c3b0b4713504f7fe7383cba1decd31.m3u8,网络源,
湖南卫视,https://stream1.freetv.fun/6e1e8c8fa9c78b07103b13720938ec0762ed29ef240391c58de8287f6e030a9a.m3u8,网络源,
湖南卫视,https://stream1.freetv.fun/8f9c1b950218b09e8fb1b0d6b7416bdf4a4635a03c2f67f7880010d106038137.m3u8,网络源,
湖南卫视,https://stream1.freetv.fun/ef71867a8644735b09f5399278a3ce67b0cd46e1100159c789b9240a5bf4c2bb.m3u8,网络源,
湖南卫视,https://stream1.freetv.fun/4c9ed17b99d00d31663e2a1dd51e99df06d5e08390ddbdaae8c762e06420e26e.m3u8,网络源,
湖南卫视,https://stream1.freetv.fun/855f864a753430bdff0af1fa8b70958abde850657a3a03ebffc59580f6b826ae.m3u8,网络源,
湖南卫视,https://stream1.freetv.fun/44742c201d98e08645e55d00b1eaf24e88106dfbf729a2c8e05b54d81231fcee.m3u8,网络源,
湖南卫视,https://stream1.freetv.fun/a1f6a19e5c3cb69d177c2c23685c4f9a9fff147858f762c1f009ca40d91bd2aa.m3u8,网络源,
湖南卫视,https://stream1.freetv.fun/3addbcd2d23c56ddc32c16f652c4718410dc3e760468b4b14a33cfc2a7e84d52.m3u8,网络源,
湖南卫视,https://stream1.freetv.fun/5f57f38f549db9a3a2c3bd3ee1f755d9d29e0f2cfa6af6d1870b27d446807381.m3u8,网络源,
湖南卫视,https://stream1.freetv.fun/f2b4f1257679ac5705b60ad927003ba3615bfa2b88e85f60f77cea00c422b661.m3u8,网络源,
湖南卫视,https://stream1.freetv.fun/de66f0e2a8ae04c059b513a80449d5cc48463d9bee3e01e241a7c776d420d13a.m3u8,网络源,
湖南卫视,https://stream1.freetv.fun/a1bdb73d7739fce77368508dc82aff2bf83a73441468e548a9004f0763f6cb35.m3u8,网络源,
湖南卫视,https://stream1.freetv.fun/617c2068ca028b4d07e68696983047275cd46704b115ff77f296339e05bc5080.m3u8,网络源,
湖南卫视,https://stream1.freetv.fun/02b28f4fff585b935f49eea8a227955acd8b076ffd2832dd2d46031f3925c31a.m3u8,网络源,
浙江卫视,http://ottrrs.hl.chinamobile.com/PLTV/88888888/224/3221226339/index.m3u8,网络源,
浙江卫视,http://ottrrs.hl.chinamobile.com/PLTV/88888888/224/3221225612/index.m3u8,网络源,
浙江卫视,https://stream1.freetv.fun/98c2b365be87cf4c2159356795b46f802156d44b9752f5948ae7f2b3b7f323f0.m3u8,网络源,
浙江卫视,https://stream1.freetv.fun/25a68374e38b69e4e0daef2fd294dc23f4a597d1e4f8dfd4ca5f447359b5cf17.m3u8,网络源,
浙江卫视,https://stream1.freetv.fun/bf470a7853a795a94f57d26c21dc39bc604aa79ca5632a2de0197d27bde7ac2d.m3u8,网络源,
浙江卫视,https://stream1.freetv.fun/3bcf99d2946ccf8b6feabbc8298a4630913b805d5965a209a4d2de2ae9ffc79f.m3u8,网络源,
浙江卫视,https://stream1.freetv.fun/9db0b177cf33e55f518fee70eb5b8aca7d6d592cb2f228931613f92024e4dcee.m3u8,网络源,
浙江卫视,https://stream1.freetv.fun/72a0e9b3f0b9ffe0c25538f7c7a247ad13b6c88315ee5e0d9d2b8c48dd089067.m3u8,网络源,
浙江卫视,https://stream1.freetv.fun/2e3a01b886780ceca10b44bb6cdb57413757275a6fdcb083800db996bc2f81e3.m3u8,网络源,
浙江卫视,https://stream1.freetv.fun/bd399dd2f8b8ba3112838aec3794ea1f33993bceb20f2eff230b8d62409199c7.m3u8,网络源,
浙江卫视,https://stream1.freetv.fun/584a8d8dcc1704d3df7b0f7153ecea98303b2df8daae3897674bbb03b2abbb39.m3u8,网络源,
浙江卫视,https://stream1.freetv.fun/d35587d65e53779a3e25010f6839792d5a4430a22824793ec4b997e2c4ab3098.m3u8,网络源,
浙江卫视,https://stream1.freetv.fun/11fc10d9b4476ff868ef1efabfd865c3b4dad45404751880cd469332b0488a19.m3u8,网络源,
浙江卫视,https://stream1.freetv.fun/2d006495025116b5eeae6ac133fca1ea2ed38b48c255994add6b2153026222f5.m3u8,网络源,
浙江卫视,https://stream1.freetv.fun/bd540d6ea7715caff181ae644e1772b8c6a023f0eb172e5fa69bec70f4dfecfe.m3u8,网络源,
浙江卫视,https://stream1.freetv.fun/de894822c716882fdc3ccde13a1df6ab170cc15d56ed820dd683a6fd9a9ac182.m3u8,网络源,
浙江卫视,https://stream1.freetv.fun/3674992f7e26c934871ca5ce9cdcf0be39a13a863c537f76b3ac22cc10e61e11.m3u8,网络源,
浙江卫视,https://stream1.freetv.fun/5ffc0c126720cc8b92d57ecd040c3eab0f42b12a63351a984b59f3a6a476735e.m3u8,网络源,
浙江卫视,https://stream1.freetv.fun/0df862875bddfc375a0013f39f6b8787ba04f39160fa0449e305f8952e8209e9.m3u8,网络源,
东方卫视,http://ottrrs.hl.chinamobile.com/PLTV/88888888/224/3221226345/index.m3u8,网络源,
东方卫视,http://ottrrs.hl.chinamobile.com/PLTV/88888888/224/3221225735/index.m3u8,网络源,
东方卫视,https://stream1.freetv.fun/ac12b7b242b0187305631f391ba3ad1ecd532c25b8205c1733a06ca1c552405c.m3u8,网络源,
东方卫视,https://stream1.freetv.fun/a8d11bb4272a7aefc8c6a7056438b7329dce24c565aa1bc77593c02ddb36386f.m3u8,网络源,
东方卫视,https://stream1.freetv.fun/71b123caee16897d28527e0bdfd4b1f03ca19effeeec1ab28f82a3f80b25fef0.m3u8,网络源,
东方卫视,https://stream1.freetv.fun/e3d4f185eb27d026fd51e6f45e4151ef3a2b76e097db4754a485865d9467aebc.m3u8,网络源,
东方卫视,https://stream1.freetv.fun/7e289f331f52384fae58e2989a59322326324c8031a19553720d72e60bbfe02c.m3u8,网络源,
东方卫视,https://stream1.freetv.fun/2df6bf87a1f3e0fb1e5e166150a7b2f68840bbeedffddac9863085c08c27317a.m3u8,网络源,
东方卫视,https://stream1.freetv.fun/1adeb3128cbc7c74ed017192dc53a04fbf7d1add75418b57417546d1047b3a72.m3u8,网络源,
东方卫视,https://stream1.freetv.fun/87650fd7eefd9a91a6f07e37e46b0fba37d441a8c66bd5f621480ac75729b0f9.m3u8,网络源,
东方卫视,https://stream1.freetv.fun/56fc198d7ec4a227f6311d4ade4aad1840b5e88ec1217be3f57f765ac0355c1f.m3u8,网络源,
东方卫视,https://stream1.freetv.fun/25958193feebada21ab449c25162cd19070766c982f7595d9ae00e6eeccdd444.m3u8,网络源,
东方卫视,https://stream1.freetv.fun/936a731d0f0738a903c2968c7e4d48c09cc4bf042ad218afe2d91decd1032359.m3u8,网络源,
东方卫视,http://38.75.136.137:98/gslb/dsdqbv/dfwshd.m3u8?auth=test20251009,网络源,
东方卫视,https://iptv.catvod.com/catvod.php?id=dfws,网络源,
东方卫视,http://dd.ddzb.fun/php/migu.php?id=dfws,网络源,
江苏卫视,http://ottrrs.hl.chinamobile.com/PLTV/88888888/224/3221226310/index.m3u8,网络源,
江苏卫视,http://ottrrs.hl.chinamobile.com/PLTV/88888888/224/3221225613/index.m3u8,网络源,
江苏卫视,http://38.75.136.137:98/gslb/dsdqbv/jswshd.m3u8?auth=test20251009,网络源,
江苏卫视,https://stream1.freetv.fun/96ef33ca59d7fbb2c1b97b9be5411b111b57ea5c9886c4daedb3f5a420db56d7.m3u8,网络源,
江苏卫视,https://stream1.freetv.fun/5f53633b7ea4bc98a9984d9f199f4e45a74a7217a3f939aee14a4846a03dc69c.m3u8,网络源,
江苏卫视,https://stream1.freetv.fun/942bdc6135b9030e7a554f57e2487fe9f1051af73a481733707a560a874a58c3.m3u8,网络源,
江苏卫视,https://stream1.freetv.fun/5fb9a60d2e60d114fb3e0b187184ce46690e02ebfb16ee6efc0cb423aa95a591.m3u8,网络源,
江苏卫视,https://stream1.freetv.fun/8354132b8e31bd5a6b540978f17386c71e93f50df4454b0019475e887152850d.m3u8,网络源,
江苏卫视,https://stream1.freetv.fun/3e0ed5e0d1ff6197877752ca6c0def4aa65fd6c68bb539384e64836400697d77.m3u8,网络源,
江苏卫视,https://stream1.freetv.fun/ab96b0ba87db2285506cd908301589912d6162c0fbae266f556585184a115dcb.m3u8,网络源,
江苏卫视,https://stream1.freetv.fun/6c1f2a421ea8b3856f220b5180423e34bdcf41207baafb5b75f88536bb0c0f04.m3u8,网络源,
江苏卫视,https://stream1.freetv.fun/0649ab465998e527a93053f995b4a2ccd9ecb2a7b1eb05653f4d3a6033383fe2.m3u8,网络源,
江苏卫视,https://stream1.freetv.fun/0f935b36e555da8d24b280eec4698b02c1c113abc8ffd506021131a29c843969.m3u8,网络源,
江苏卫视,https://stream1.freetv.fun/b538dca1e93a7c33d25227141958f757f7cc11cf2126fab1deca9cd36ee2ba97.m3u8,网络源,
江苏卫视,https://stream1.freetv.fun/74e3817e2d49ca9f7ef3085c23657432144d05adb401c6b4d4957594c06ee1b5.m3u8,网络源,
江苏卫视,https://stream1.freetv.fun/8ed0870d4280b3b28954d9ae067b37ff8885ea15549512273090c7833634d40d.m3u8,网络源,
江苏卫视,https://stream1.freetv.fun/012d2a4cce4636c5171f9aeec96387bd726996f5faf60ae257f4548150a96d4f.m3u8,网络源,
江苏卫视,https://t.freetv.fun/live/jiang-su-wei-shi.m3u8,网络源,
江苏卫视,http://dd.ddzb.fun/php/migu.php?id=jsws,网络源,
安徽卫视,http://ottrrs.hl.chinamobile.com/PLTV/88888888/224/3221226391/index.m3u8,网络源,
安徽卫视,http://ottrrs.hl.chinamobile.com/PLTV/88888888/224/3221226498/index.m3u8,网络源,
安徽卫视,https://stream1.freetv.fun/fd5b9c563728d8fb69fea32ba4ed01d8eeeb316e1c8d7d7a5c8a688e95d14785.m3u8,网络源,
安徽卫视,https://stream1.freetv.fun/3b132909c51ece5bb6a4c50973030c42c593bd7b8c67c8914018a6250309efcb.m3u8,网络源,
安徽卫视,https://stream1.freetv.fun/7350af12feb5b0d1d77261d1d2086d9f8c1374e5ef5f3ff7fb8fb7fd09692b2f.m3u8,网络源,
安徽卫视,https://stream1.freetv.fun/4078e7515acfeb817260423a635931b5dafb07af568fe27dedb729f35491040a.m3u8,网络源,
安徽卫视,https://stream1.freetv.fun/4c2c313a8d2ebef4ad9b9a71d735b7b2308394f3376b5376fdbe5d77cc5e9719.m3u8,网络源,
安徽卫视,https://stream1.freetv.fun/21954b8aca89d17d6b188ebaa4a9782b8ede2997ba5434e49fa4c3bd45a4ef9a.m3u8,网络源,
安徽卫视,https://stream1.freetv.fun/a9be08089c9d15abe0bf7a88c8c87b644d55ed4e1a3b117bf9bdf6caf232696e.m3u8,网络源,
安徽卫视,https://stream1.freetv.fun/628f836552ae45288a839fd956c4e358ed2a16c7082ee854f37c299abfba9803.m3u8,网络源,
安徽卫视,https://stream1.freetv.fun/d49a1d695e1f53fd655e8b900478419355290340f4ebdccf3a1389eb8f99fdee.m3u8,网络源,
安徽卫视,https://stream1.freetv.fun/5b4822a5ec2db203657ad69a37c8ee684490003ec64dfd80eb0c8074110f60e2.m3u8,网络源,
安徽卫视,https://stream1.freetv.fun/fd1949e201c9a2b869f8ae6c74edce04e66c6e43897de0091916986770c24414.m3u8,网络源,
安徽卫视,https://stream1.freetv.fun/9b5b5c5949d83212b8aea9804acf7e7824ec7953c35179389e75c9cd358573e8.m3u8,网络源,
安徽卫视,https://stream1.freetv.fun/cdfbe455fb831ea9ed9682a5c21b5a04e91c0b311137e44af31d325f23c9029d.m3u8,网络源,
安徽卫视,https://stream1.freetv.fun/a06c5ae93a12771663f13ee6cc6a7fb5386db2116a5d765b8471f881a4b8569c.m3u8,网络源,
安徽卫视,https://stream1.freetv.fun/3db6340e04c19913bc16b227b8547df71fa7b082907bd6242e7dd09d35661e8e.m3u8,网络源,
安徽卫视,https://stream1.freetv.fun/1bdd22917df7b18c40de5b27bf116ab0183d3b909aed4e8c090e26235af96a9e.m3u8,网络源,
安徽卫视,https://stream1.freetv.fun/9c9db38199b42fd1dab2e638a2078d83cbb2548aa664d7bfcce3a78570a2051a.m3u8,网络源,
安徽卫视,https://stream1.freetv.fun/aa9b31c1dbeffb511830532e0b8f1413b48dd2c61e59e843d19ba9fc3a073241.m3u8,网络源,
东南卫视,http://ottrrs.hl.chinamobile.com/PLTV/88888888/224/3221226341/index.m3u8,网络源,
东南卫视,http://ottrrs.hl.chinamobile.com/PLTV/88888888/224/3221225620/index.m3u8,网络源,
东南卫视,https://stream1.freetv.fun/3295cda97e0d5804a6d7c4564289a50935677efa5f12de03bfe6d34e73109b04.m3u8,网络源,
东南卫视,https://stream1.freetv.fun/f15a5eae2b1ff31b04ac49128210355c6eefafef8947578068c324a46f006cfe.m3u8,网络源,
东南卫视,https://stream1.freetv.fun/a7c533ff91bfe374c28f5e6bf83d4abfb32c1ef0d50ab5d9e524ccf58e10f991.m3u8,网络源,
东南卫视,https://stream1.freetv.fun/3fa9797aa12d21a581dcf1534a15605ecaf7789df1803e2dd0543ae04897b95c.m3u8,网络源,
东南卫视,https://stream1.freetv.fun/2544012f0eb40e4c9acd86ed82a7059a87e3e11e4d1c2392beeab49bcac11cbd.m3u8,网络源,
东南卫视,https://stream1.freetv.fun/0c6abb0a6372c34c3280c58f0f9eac3b04a15f0b2b1b8d046d9d1a1d236c5ff8.m3u8,网络源,
东南卫视,https://stream1.freetv.fun/e107cbdb3db41f72a62c05f652a6cebd52ca23bdc40477d2effd2fabf63d0b8a.m3u8,网络源,
东南卫视,https://stream1.freetv.fun/d45f8468728cbbb400c9a38b3e5bd042beefbd08eaff09efb19e8ec7d9a34dec.m3u8,网络源,
东南卫视,https://stream1.freetv.fun/4d7ac833df136bffef1468d0b0b9f1f5d56c620106e66856f1083f496885f81c.m3u8,网络源,
东南卫视,https://stream1.freetv.fun/6aa84040a98ab3ba15fe43a0689c28f4dda723153024d1ee0fc770cc956edc24.m3u8,网络源,
东南卫视,https://stream1.freetv.fun/2a6b77e8aa07ad2ed1d1f9500e039043679d28639fa644a0fc9d1d7e6b9064d1.m3u8,网络源,
东南卫视,https://stream1.freetv.fun/aec96cccdb2b6747a2847037fe2551e76bf9cade4e7147da751a523a332bb390.m3u8,网络源,
东南卫视,https://stream1.freetv.fun/ece9b040569e5766b592af0a4b6fa356e04d0a806973f7e105db06a44c8f58be.m3u8,网络源,
东南卫视,https://stream1.freetv.fun/70abcb0b881539f6eca28137e803ff5f7ec964873f03cbb563f5dd595940ab2c.m3u8,网络源,
东南卫视,https://stream1.freetv.fun/ecd1f472ed5554a7b1fee4a1d24669f72077c9847d4df7a5cf5f5d70fc7d0ac0.m3u8,网络源,
东南卫视,https://stream1.freetv.fun/1b017b0a29ee9bd708f5678c1831a6b7a3847facc65fd93ab305d96fda185e13.m3u8,网络源,
东南卫视,http://player.cntv.cn/standard/live_HLSDRM20180606.swf?ChannelID=dongnan&P2PChannelID=pd://cctv_p2p_dongnan,网络源,
北京卫视,http://ottrrs.hl.chinamobile.com/PLTV/88888888/224/3221226450/index.m3u8,网络源,
北京卫视,http://ottrrs.hl.chinamobile.com/PLTV/88888888/224/3221225728/index.m3u8,网络源,
北京卫视,https://stream1.freetv.fun/4818396cf704a1fe08bc0f303152581f80cdd52f250f909e4989ffb3e3ca1f38.m3u8,网络源,
北京卫视,https://stream1.freetv.fun/ee7dbd9683ac6cf88aba32e1143668af708da41d4f9934eb8cf218a7b9a79710.m3u8,网络源,
北京卫视,https://stream1.freetv.fun/786bf920787f92216b3f39c74879c122dbb5dfe0f0d4082b5f43fdf3c8a75474.m3u8,网络源,
北京卫视,https://stream1.freetv.fun/d72c92b51bcf39a00530b020cb2e90b28e57622feff7e4915cacde3469c044fd.m3u8,网络源,
北京卫视,https://stream1.freetv.fun/c5769ca8df272ca99803feebc655cd01b1e4e663d4a4550d86ee338e1058ccfb.m3u8,网络源,
北京卫视,https://stream1.freetv.fun/a2b77b13f92531d7d4caf730dc6335d64bf721447832027bbc45fc614c5a3d64.m3u8,网络源,
北京卫视,https://stream1.freetv.fun/9a04539c74e46e6df1cc2314f4ad5b56e4f9183117ddabcaa54faf0f6fd2f6e4.m3u8,网络源,
北京卫视,https://stream1.freetv.fun/19f46e0763d00ec0cad5540cb41c024b1f817eac5780199fbed455a9a5cc0256.m3u8,网络源,
北京卫视,https://stream1.freetv.fun/51166c851b4753ec0e72441db024e4c5eea171a0e77a277480256ad29b8e1333.m3u8,网络源,
北京卫视,https://stream1.freetv.fun/72571dcfa2deeb5757def46d5433417ae8430a3a7fad1ea45d459f58a771568d.m3u8,网络源,
北京卫视,https://stream1.freetv.fun/5836a93c4e0bc4d1b0cb3313e2dbe6ee812e31fbb2cbe5eb73b33d087ce62746.m3u8,网络源,
北京卫视,https://stream1.freetv.fun/46ab56946a7aefb0c2efaeead6add73416a1f38b70b457f35faaf98ca19d9321.m3u8,网络源,
北京卫视,https://stream1.freetv.fun/81c57e64229ee26513ec49252330adea92adafa87cfe9d56626cf1847172632e.m3u8,网络源,
北京卫视,https://stream1.freetv.fun/d18ac7322433ae76836423994d1d40f1dff4c48870969cd9c11b11b7b89cc1c3.m3u8,网络源,
北京卫视,http://38.75.136.137:98/gslb/dsdqbv/bjwshd.m3u8?auth=test20251009,网络源,
北京卫视,https://stream1.freetv.fun/bfd48a0fc057ee1c7fc8b6cac592b9f9ca1cfd00b2ef04c0c68f6fea69970b27.m3u8,网络源,
北京卫视,http://dd.ddzb.fun/php/migu.php?id=bjws,网络源,
海南卫视,http://ottrrs.hl.chinamobile.com/PLTV/88888888/224/3221226465/index.m3u8,网络源,
海南卫视,http://ottrrs.hl.chinamobile.com/PLTV/88888888/224/3221225639/index.m3u8,网络源,
海南卫视,https://stream1.freetv.fun/7ab08bcfc83cd137133cc784cb28eb619716a6c9b5d68842adadd33f75f2560c.m3u8,网络源,
海南卫视,https://stream1.freetv.fun/4f4d773c30f9f5605059fd93020cb6a069fd48ea1e5950f49e936898cbc41a4f.m3u8,网络源,
海南卫视,https://stream1.freetv.fun/c07f118cdd595588f817c5025f96202d77a8a69fc1ab1354580d08871cdd0b6e.m3u8,网络源,
海南卫视,https://stream1.freetv.fun/20c9fd067efe47afe7423d8455241b13415e09bd17894c6cd83c5c12160bfff5.m3u8,网络源,
海南卫视,https://stream1.freetv.fun/d531a41d6b09993493e06a3d3534624bf69110aa3a9bb04c00473d9c53a05f73.m3u8,网络源,
海南卫视,https://stream1.freetv.fun/0049d96e959765beeaf1b4fa985e8eede131d981b534ec965e35abe823443954.m3u8,网络源,
海南卫视,https://stream1.freetv.fun/88ce9949660efb3e94cf208ff5bb4fa81f296b80fcfb50d09df87c28949e10a0.m3u8,网络源,
海南卫视,https://stream1.freetv.fun/3a6569cd256210f6ab2e3d5c81f2f81fd684349704bfb1ad0ab6ba7a317588a2.m3u8,网络源,
海南卫视,https://stream1.freetv.fun/d992d6b0979deedd845b1505d2ff726844d5c68bd19ac82e4e320df3228ac170.m3u8,网络源,
海南卫视,https://stream1.freetv.fun/faf88b6be72cb9e10d14b0844f084d7cb27f8985ae5f4674f67d6d1d13164def.m3u8,网络源,
海南卫视,https://stream1.freetv.fun/5d130292bc5632370395fb0b2cb1aa590d090e4d21a36435ab8d62eb9232d106.m3u8,网络源,
海南卫视,https://stream1.freetv.fun/6a69e26ab19372df3a064eaf2abc2047cb47c0ad16e3fdb15484aa90947248bd.m3u8,网络源,
海南卫视,https://stream1.freetv.fun/fb1d0f729749f8b3c605962ba1033c627c55f4dc7c38a5f4a8f65e3ed0d1b814.m3u8,网络源,
海南卫视,https://stream1.freetv.fun/0703c7d7180c9e155ea28c09371baa33ec959ddbff42f8ef6541a8e464c3e70d.m3u8,网络源,
海南卫视,https://stream1.freetv.fun/eb41049bd834ddfb4cd47ed858ee349a815138cb85042afded58871be645cc67.m3u8,网络源,
海南卫视,https://stream1.freetv.fun/e09cee26d4d52780ea1f93a2a2cd7241c312af4da9ba0cdb69e65e7c74d16355.m3u8,网络源,
海南卫视,https://stream1.freetv.fun/f4b04cb13ea35c749ab9b5dfa624fd97eda8e7dae8e3c2b935b39e7f01e71d6b.m3u8,网络源,
海南卫视,https://stream1.freetv.fun/7127df4bf112629de8dd6cbd97f4928bfa1782e0e0ff97b88372a5eb25e6a1c0.m3u8,网络源,
深圳卫视,http://ottrrs.hl.chinamobile.com/PLTV/88888888/224/3221226313/index.m3u8,网络源,
深圳卫视,http://ottrrs.hl.chinamobile.com/PLTV/88888888/224/3221225739/index.m3u8,网络源,
深圳卫视,https://stream1.freetv.fun/b6f191d152cd68e82619bf81baa62725dd590bca499c810e11b4babbe75cf8d5.m3u8,网络源,
深圳卫视,https://stream1.freetv.fun/59d27a1d92844dfed30e22eaf3058fdddef2262beb17a644baa4320a51c9e91a.m3u8,网络源,
深圳卫视,https://stream1.freetv.fun/4af1fc48f0f78481ea64d26b00a41cd2f3602a4cb9ecb8c6b21f6b578685e571.m3u8,网络源,
深圳卫视,https://stream1.freetv.fun/c88e71d3caecbd41fcc101d5b8fa25130581f9c7e8341dc5af20b30af6612aff.m3u8,网络源,
深圳卫视,https://stream1.freetv.fun/4ed655f1d1af7f8c33f44b669f7c406c14598b23f2a6757c8ac938679ce9361a.m3u8,网络源,
深圳卫视,https://stream1.freetv.fun/b3c40496fe966efbda4eabce98dd1814fe46f38e98934644e0cd9e318820ffcc.m3u8,网络源,
深圳卫视,https://stream1.freetv.fun/050a5064b02266de9cb307e22340bde7b9869e556d26e034323423e07deb99d1.m3u8,网络源,
深圳卫视,https://iptv.catvod.com/catvod.php?id=szws,网络源,
深圳卫视,http://107.150.60.122/live/szwshd.m3u8,网络源,
深圳卫视,http://192.151.150.154/live/szwshd.m3u8,网络源,
深圳卫视,https://www.yangshipin.cn/tv/home?pid=600002481,网络源,
厦门卫视,http://ottrrs.hl.chinamobile.com/PLTV/88888888/224/3221226390/index.m3u8,网络源,
厦门卫视,https://stream1.freetv.fun/c71a50d5cca22f2d65d97b8c3a3fb64d48fd6446bdba4c5a08135de2b235e837.m3u8,网络源,
厦门卫视,https://stream1.freetv.fun/1d1f4ee3272778c3d7965079694c5fa2b4daae8342dfb55a91a721fa64d486fb.m3u8,网络源,
厦门卫视,https://stream1.freetv.fun/aa65dd411565991ace44f9e5934bd018fdd52122e052d471a363b6ee839e1079.m3u8,网络源,
厦门卫视,https://stream1.freetv.fun/5da2a85177dcd23a50c3ab9e4cab815050b93d08339747a724575bceef3143bb.m3u8,网络源,
厦门卫视,https://stream1.freetv.fun/56e516f15802427b9b451c67772481b8d8866caaee127bd1547942e4306ae5ae.m3u8,网络源,
厦门卫视,https://stream1.freetv.fun/8a2a9ccafaf754063ce9d89bdb563b7408b96117d9e868780622f631a35ea400.m3u8,网络源,
厦门卫视,https://stream1.freetv.fun/fa7f6e9ffa48876e0a0c01d13236367138a865a5ebda64b80d0398a29ee8cdb7.m3u8,网络源,
厦门卫视,https://stream1.freetv.fun/59c7359694ec77f9bc678221c3134b608aa973a44b2ed669c823673c1b2a8e0e.m3u8,网络源,
厦门卫视,https://stream1.freetv.fun/d9d95afccb2b63cf3413a6d6c328c65150fe664af371f3c6e1ef2cdae2b68c65.m3u8,网络源,
厦门卫视,https://stream1.freetv.fun/cc2a1fdd054d0069e308a8c5358596fe1ba08562b102d8223a3b02e620082f96.m3u8,网络源,
厦门卫视,https://stream1.freetv.fun/cf7c26c2c6876a650312f14d2cbc9ed0b6345e59f7bdfbea939572011d0c9955.m3u8,网络源,
厦门卫视,https://stream1.freetv.fun/f8d1629f014d910f22eba5798df47afb57a1636020d0ef99783649dc37c7a627.m3u8,网络源,
厦门卫视,https://stream1.freetv.fun/b141ea6ce9d451944bdbb8a936f68e89d95ae4084af344105a486cd0d717debd.m3u8,网络源,
吉林卫视,http://ottrrs.hl.chinamobile.com/PLTV/88888888/224/3221226397/index.m3u8,网络源,
吉林卫视,http://ottrrs.hl.chinamobile.com/PLTV/88888888/224/3221226386/index.m3u8,网络源,
吉林卫视,https://stream1.freetv.fun/3638ffacb0a80fe415a91a12d71855c28bef9292217f9428a9ad860901524711.m3u8,网络源,
吉林卫视,https://stream1.freetv.fun/c8a8b8a24ab802c58f26f0520dc40cf341fbd5811ce1ae9327f2c63e26e8fc28.m3u8,网络源,
吉林卫视,https://stream1.freetv.fun/8902659853fc9de8743fb2c72cb6d2ba944394c9c6e90240b121bd98e511e92e.m3u8,网络源,
吉林卫视,https://stream1.freetv.fun/ac7968c8135cbc7855ccb74587fbf1ec61929dcf02f067f511ceb8f2637be000.m3u8,网络源,
吉林卫视,https://stream1.freetv.fun/1a39dcc5eb485ec258651bac95ae4c25c795204743b5432d0244c333696f8cbb.m3u8,网络源,
吉林卫视,https://stream1.freetv.fun/9548f79ce5b5396866119a617e8de99fc6f0440a466527055f4489c6c510bdcf.m3u8,网络源,
吉林卫视,https://stream1.freetv.fun/cab614f8ebae9e3910ad7ae7906cd9744026a241d109d19cb2f3317f5ce84e56.m3u8,网络源,
吉林卫视,https://stream1.freetv.fun/b0b6373ee2e6ea207170635f86711774aa06812f4cf2aa9d1a5e9117188f98e2.m3u8,网络源,
吉林卫视,https://stream1.freetv.fun/15bad2258aaef5dc3c8ad777f08c118643eed6f51fa4f556a74dd0f2b0267abb.m3u8,网络源,
吉林卫视,https://stream1.freetv.fun/4df223dda9ac0d494f3242da528e5f580814440520540e575131a2df8f4780d7.m3u8,网络源,
吉林卫视,https://stream1.freetv.fun/8121c38afe593255012114e6ba08edcb1081bbdf2f8b5fd5a37e77656435c3a0.m3u8,网络源,
吉林卫视,https://stream1.freetv.fun/a3abba70878bfd2955be6ae864330098da64fd76f370b0d069d3131b20aa5859.m3u8,网络源,
吉林卫视,https://stream1.freetv.fun/444a29ce0334e355b7f3aefa34b4c97cf208294ebeda8a2af39dbd4df2a21031.m3u8,网络源,
吉林卫视,https://stream1.freetv.fun/0b38bb4f01acb16ac008904877df1eac2eac8bc17ab45e48e9d024a6c4e33ca4.m3u8,网络源,
吉林卫视,https://stream1.freetv.fun/4294145909267be7e86b955a199ed4f03eeffa51273f469784c9bdf585c51593.m3u8,网络源,
吉林卫视,https://stream1.freetv.fun/38240e72b022695ae8540afd97ceab0e05e41c051da4785343d3a0fb1e3bbd80.m3u8,网络源,
吉林卫视,https://stream1.freetv.fun/3f194f12b5d86e319824e4b0524176bfbacc9ac3adefa0ffb074d592821bf043.m3u8,网络源,
吉林卫视,https://stream1.freetv.fun/8543613a4b69a8de52f4a1fa8052115426d328c8ee5989951dccffaedeace382.m3u8,网络源,
四川卫视,http://ottrrs.hl.chinamobile.com/PLTV/88888888/224/3221226338/index.m3u8,网络源,
四川卫视,http://ottrrs.hl.chinamobile.com/PLTV/88888888/224/3221226513/index.m3u8,网络源,
四川卫视,https://stream1.freetv.fun/a927de7105cff9da0acec8bab6d52c52f04ef294e1775186d8de7a80a87fe566.m3u8,网络源,
四川卫视,https://stream1.freetv.fun/9bb3a53b6db62ecb53c69b99d4b342269873b573e1132398147a869414a76978.m3u8,网络源,
四川卫视,https://stream1.freetv.fun/31f22aa98440a9ea139727d36f0100003890bccc2fe4cb2469e9893e99309f5f.m3u8,网络源,
四川卫视,https://stream1.freetv.fun/b8ce0029eb6a2eb158319b3b735397835baa258b31e06e356be8f43bedcf32ce.m3u8,网络源,
四川卫视,https://stream1.freetv.fun/a4fd9fe1601ae0bc171653ec9e7056ffc25b4db1c0b9b2c51f93629dbef064ae.m3u8,网络源,
四川卫视,https://stream1.freetv.fun/e728188709278d17759597dd39ed926dc1411ae78e6280a9805a867497769806.m3u8,网络源,
四川卫视,https://stream1.freetv.fun/527087db94595f8149818edbff1796a27936a74ad5037913f940114a3b585178.m3u8,网络源,
四川卫视,https://stream1.freetv.fun/99df454f11669ae2aaa1fec89653f0aadf09eaabd3bcb8c6a4b1e6253ba9850d.m3u8,网络源,
四川卫视,https://stream1.freetv.fun/1c0122fc8f14c05006e2c348f842557a612d5307a960c42b95758d6f5c36119f.m3u8,网络源,
四川卫视,https://stream1.freetv.fun/d85eb07fd9629b1c184177551010c7014e316d9eef3454a262bdf4dd79b0ef98.m3u8,网络源,
四川卫视,https://stream1.freetv.fun/d989f1f857bb56e9c77c055745354bbf0b840c9d1aef0f2195655c642c3c1bb5.m3u8,网络源,
四川卫视,https://stream1.freetv.fun/63e9694c4fa3f66b96b3ba2b7d2d636b81a61b917ebe370a7bc0ec11934ffef4.m3u8,网络源,
四川卫视,https://stream1.freetv.fun/504e01521b4e6f23f019831a2c22d575c4356696b92063ffa71ae01ad2111df8.m3u8,网络源,
四川卫视,https://stream1.freetv.fun/4fac296fd9cc5208891eb5a10f289404e7719e3c738bfdda26d726eb9e039e97.m3u8,网络源,
四川卫视,https://stream1.freetv.fun/197fd35f48748ce2cffdf9f0f2e86ecd3081f95a21c30c5b609824774f52a916.m3u8,网络源,
四川卫视,https://stream1.freetv.fun/570149aeadba6215aa6370c20ee7b85a3905bd412772b53ac1f2bad6488cfa81.m3u8,网络源,
四川卫视,https://stream1.freetv.fun/d98c7f303ea63c074b5a81788a7924c793425bcbb6a904b9b9e8e9355fb3db67.m3u8,网络源,
四川卫视,https://stream1.freetv.fun/118ec0d02a2b3eee76036b97d55e9a1cd168039a3b44278493d20b95b7fc1cea.m3u8,网络源,
天津卫视,http://ottrrs.hl.chinamobile.com/PLTV/88888888/224/3221226459/index.m3u8,网络源,
天津卫视,http://ottrrs.hl.chinamobile.com/PLTV/88888888/224/3221225740/index.m3u8,网络源,
天津卫视,https://stream1.freetv.fun/ce7dc064a1aba74e5cd30069e9b8c51e958bb5e4e6804b5070d1ce3e76ab7226.m3u8,网络源,
天津卫视,https://stream1.freetv.fun/b3eb13b745703627bd6e4f9a0864000c04f07d77719a4f9bc6f0aa0d5c370410.m3u8,网络源,
天津卫视,https://stream1.freetv.fun/4610be29d19e7cfa5b664f6cb93b9aba6e0707727f0c69bbb8df80f1e01c144d.m3u8,网络源,
天津卫视,https://stream1.freetv.fun/be0acdbb3974c65866118e7d81c8153d45267dc0802796ce4b6161a8a24afd2c.m3u8,网络源,
天津卫视,https://stream1.freetv.fun/c8c2f6c41f02c70866924be598307a49bab6a6fe432d423d6c7f09c65fdf5ada.m3u8,网络源,
天津卫视,https://stream1.freetv.fun/b174433fa74b990a5146d8f6ee46307b62bde3e61df3a44eb8aaa649af3cc6fd.m3u8,网络源,
天津卫视,https://stream1.freetv.fun/f3f1b06aca01e31238fcfd054e6ea39ee3ee3d45abe9f85a6cc48ee8396d4034.m3u8,网络源,
天津卫视,https://stream1.freetv.fun/e7bc8916d500f0d6e0818c0a3fb5dfc4658e8245bc79e4c4cf35ac9dab436fec.m3u8,网络源,
天津卫视,https://stream1.freetv.fun/f54dfeacf9ae29553ceac2597a814cef9b766b981be406945c46cc1fc89ca813.m3u8,网络源,
天津卫视,https://stream1.freetv.fun/575c9b547c7243696c3a5b309c67f197744e930ca65cb22899a19556519ee8d3.m3u8,网络源,
天津卫视,https://stream1.freetv.fun/376666927357c8d2ec2bd3711d0a14437d5d775edbd4e3a5fbb8a6b855ab9424.m3u8,网络源,
天津卫视,https://stream1.freetv.fun/c53b590edd83259c81e0c7236308f727d152af9ddb24496c8db1485b6a046e32.m3u8,网络源,
天津卫视,https://stream1.freetv.fun/0d3a11ab7b1579bed59253d1fda80783bd3d15b047c0f9336517bdc5d84d8e66.m3u8,网络源,
天津卫视,https://t.freetv.fun/live/tian-jin-wei-shi.m3u8,网络源,
宁夏卫视,http://ottrrs.hl.chinamobile.com/PLTV/88888888/224/3221225632/index.m3u8,网络源,
宁夏卫视,http://ottrrs.hl.chinamobile.com/PLTV/88888888/224/3221226454/index.m3u8,网络源,
宁夏卫视,https://stream1.freetv.fun/cc16a0fe49219a8e892e4ac0a89d626d09f0c5af7cd94198648427aca9719943.m3u8,网络源,
宁夏卫视,https://stream1.freetv.fun/c3a22585493b5fbb62ab4b873bbf60ce767e779781bf178117fcf0918e2de201.m3u8,网络源,
宁夏卫视,https://stream1.freetv.fun/7c97987fabe18f3ac68fed41bc53ceffb58399ae248785798ba08e384728f027.m3u8,网络源,
宁夏卫视,https://stream1.freetv.fun/63dad6a604b26db1cefabe6841934350b6b8a6738afb06227e878afe88b596ed.m3u8,网络源,
宁夏卫视,https://stream1.freetv.fun/34a63287556c44de75ad5a6ef9343c0d913325efeabaa26afcedd46095d60019.m3u8,网络源,
宁夏卫视,https://stream1.freetv.fun/9e9a0dd5cc6c79080efcaa9b958ea5c261ee2af517560e301ea605e75e264b70.m3u8,网络源,
宁夏卫视,https://stream1.freetv.fun/468724f3578ae4ba909c682f9425bdf41fbdddb9bb719f8932c2c27fb5904383.m3u8,网络源,
宁夏卫视,https://stream1.freetv.fun/3aa4677fca028368355fa4d42f6c2c101a5cc1407e4d0a83a23ddfe8f5ee3181.m3u8,网络源,
宁夏卫视,https://stream1.freetv.fun/d9f91e5ab7ea769b6fabc592149e71772171fb6eb53c004ea91855498d8c0296.m3u8,网络源,
宁夏卫视,https://stream1.freetv.fun/9dfcd15da42ab880c3f6eb7bcc68ba6e7b9b8ee5978f0549d2dfd881658ee498.m3u8,网络源,
宁夏卫视,https://stream1.freetv.fun/a5ab17e7871146d4e69d46060f01078914a3c8f468ea3264a143c0e08b515b50.m3u8,网络源,
宁夏卫视,https://stream1.freetv.fun/9da9d86dd9a71ab4526a2165e888246611ce4172aad35eb960f1eafaeec30f90.m3u8,网络源,
宁夏卫视,https://stream1.freetv.fun/a2498d1e0bc99fb08805758a9ea1ee9d80729bd77d22fb71cce4b0e14786dae1.m3u8,网络源,
宁夏卫视,https://stream1.freetv.fun/0a2e3dc73fe71f176d2f9a42332146579595595ad01e949be47dab5db3932307.m3u8,网络源,
宁夏卫视,https://stream1.freetv.fun/5b1c9dac9813c114b3edb5a667d5def01e6dc960f1b9ca0fd3f45cb78fc633c9.m3u8,网络源,
宁夏卫视,https://stream1.freetv.fun/40039676d37e53ccb6a0f96453991b56a72bfa3ed365f77dfe7afece235ad285.m3u8,网络源,
宁夏卫视,https://stream1.freetv.fun/ef99dc5205f9376d9f456db9340fa0630cc73aeb1e5836f955be24c4238e7549.m3u8,网络源,
宁夏卫视,https://stream1.freetv.fun/ee969918364f2f6e6bc56062125c9687ec7ffb6a2db0d4dda27be1eb74a692ac.m3u8,网络源,
山东卫视,http://ottrrs.hl.chinamobile.com/PLTV/88888888/224/3221226456/index.m3u8,网络源,
山东卫视,http://ottrrs.hl.chinamobile.com/PLTV/88888888/224/3221226507/index.m3u8,网络源,
山东卫视,https://stream1.freetv.fun/5b3f8b55c9ab9a236c5a900671932cbf4e8483a632e066e57ea7436c63bbe588.m3u8,网络源,
山东卫视,https://stream1.freetv.fun/b72f3d6fabe85266cc29ced982a92d33d6330c011a8a30eb4efb65760b83c210.m3u8,网络源,
山东卫视,https://stream1.freetv.fun/84a9d650a24c7a23413122151ff352b3a984ce28327f3f844f0c77cad6c71d72.m3u8,网络源,
山东卫视,https://stream1.freetv.fun/bd6a37694e1efa04e8be59b8fe452686598c61d790803ad97b04339d271a5f93.m3u8,网络源,
山东卫视,https://stream1.freetv.fun/c98c710b867198d8033667e191f55f8c562aed0832e4a4e9c239f864f1068d02.m3u8,网络源,
山东卫视,https://stream1.freetv.fun/d0569111c0728f6a0451bd995f63de75499c7a5e2cdb4b6d56fac13ca168a71e.m3u8,网络源,
山东卫视,https://stream1.freetv.fun/3e1e0c322f27f07b53308162d0629c956f569c879f3e1863ae85bc894c2e649d.m3u8,网络源,
山东卫视,https://stream1.freetv.fun/ee5f29385677d9ea1ff89cf38fa00166df33bc7a065c5821da8a74b1bae08262.m3u8,网络源,
山东卫视,https://stream1.freetv.fun/43b5c6d81b60a71ae667d0421138ab14f488e8352ef1ed366c97a42143bed350.m3u8,网络源,
山东卫视,https://stream1.freetv.fun/81a4a1600b213a26729f9e24d8381601889787ef3447b8a5dd0566e7e182b285.m3u8,网络源,
山东卫视,https://stream1.freetv.fun/c5d7e1d2bdcefe510e4d8ef42acdf78c2e399133bad012c2c8a9125d832da5ee.m3u8,网络源,
山东卫视,https://stream1.freetv.fun/798644055c27a846f52f237a6de44349b2243939ec738927c8377f2955127a36.m3u8,网络源,
山东卫视,https://stream1.freetv.fun/bdfeedd9cee7f96badac91e6dac2992ed6cdbe112d4cd5fddd82979fc2c9d0a5.m3u8,网络源,
山东卫视,https://stream1.freetv.fun/439c7c000473ecacf69a76d07e5a2754ea71c4dd72438caa79aea3e0efda70d9.m3u8,网络源,
山东卫视,https://stream1.freetv.fun/dc02290595664312c49f235a7ddcc445db57176503feb01bbada820d1abda853.m3u8,网络源,
山东卫视,https://stream1.freetv.fun/934000425c51d50edc50e8dd48d609d7cf5cea31c296b2a86f780b5acf7434ad.m3u8,网络源,
山东卫视,https://stream1.freetv.fun/24c31af25ba4edecf548069f91fd10e3a708c891e9755574d9d3e85f05a6cec7.m3u8,网络源,
山东卫视,https://stream1.freetv.fun/607df557e9f4c56e74d41e929b361f51ffdbfca57666bd349f2a63a97947e769.m3u8,网络源,
山西卫视,http://ottrrs.hl.chinamobile.com/PLTV/88888888/224/3221225624/index.m3u8,网络源,
山西卫视,http://ottrrs.hl.chinamobile.com/PLTV/88888888/224/3221226392/index.m3u8,网络源,
山西卫视,https://t.freetv.fun/live/shan-xi-wei-shi-3-2.m3u8,网络源,
山西卫视,https://t.freetv.fun/live/shan-xi-wei-shi.m3u8,网络源,
山西卫视,https://iptv.catvod.com/catvod.php?id=sxiws,网络源,
山西卫视,http://192.151.150.154/live/sxwshd.m3u8,网络源,
山西卫视,https://t.freetv.fun/live/shan-xi-wei-shi-1.php,网络源,
山西卫视,https://shcm-stream-cf1.stream.264788.xyz/cms001/ch00000090990000001070/index.m3u8?streamid=69e002ac7467d661ff7ad0671ed43f16&streamkey=0WsC3jqv5pZMcSBpgBBxd2D0umt1tSKSi27BGODgUbgKmpNFHvbCOoB1jiS38BGcqdqnYv1Lwf1kDVJChqdjBysYFrwXp16FokLT0zF8SXVpPlxGnKkcre4MH&token=1775845737-24439e66976a35ba-0-a2292544930cb7a5c4edaf7299f2e86b,网络源,
山西卫视,https://live.264788.xyz/channel/shanxiweishi?streamid=eeb7d60ca6e0db131ea7a092a3cd28d2&livekey=01WgOR41rriMmMkzNsd0UoaxJRwetZdxIvtVk,网络源,
山西卫视,http://113.15.109.216:59901/tsfile/live/0118_1.m3u8?key=txiptv&playlive=1&authid=0,网络源,
山西卫视,http://113.25.252.226:9901/tsfile/live/1039_1.m3u8?key=txiptv&playlive=1&authid=0,网络源,
山西卫视,http://113.141.220.55:9901/tsfile/live/0118_1.m3u8,网络源,
山西卫视,http://120.76.248.139/live/bfgd/4200000109.m3u8,网络源,
山西卫视,http://111.61.236.247:9081/hls/47/index.m3u8,网络源,
山西卫视,https://stream1.freetv.fun/shan-xi-wei-shi-25.m3u8,网络源,
山西卫视,http://36.32.174.67:60080/newlive/live/hls/43/live.m3u8,网络源,
山西卫视,https://live.264788.xyz/channel/shanxiweishi?streamid=8e0686e725376b7a0d2079c0e2beb3dd&livekey=01WgOR41rriMmMkzNsd0UoaxJRwetZdxIvtVk,网络源,
广东卫视,http://ottrrs.hl.chinamobile.com/PLTV/88888888/224/3221226248/index.m3u8,网络源,
广东卫视,http://ottrrs.hl.chinamobile.com/PLTV/88888888/224/3221226374/index.m3u8,网络源,
广东卫视,https://stream1.freetv.fun/af85fee1b8e836bd54cf69276660c22fffd54e31fe634856f6fd550ec77304d9.m3u8,网络源,
广东卫视,https://stream1.freetv.fun/789f20f011598d1de2038efdd927fd3eb7619798d61096ca13b1501a8db4292b.m3u8,网络源,
