频道名,地址,来源,图标
Yu-Gi-Oh! (1080p),https://amg01796-amg01796c19-rakuten-gb-7486.playouts.now.amagi.tv/playlist/amg01796-fastmediafast-yugioh2en-rakutengb/playlist.m3u8,网络源,https://i.imgur.com/Tl6aW2u.png
Yu-Gi-Oh! en espanol (1080p),https://amg01796-amg01796c18-rakuten-es-7491.playouts.now.amagi.tv/playlist/amg01796-fastmediafast-yugiohees-rakutenes/playlist.m3u8,网络源,https://i.imgur.com/VH8RiHg.png
Yuma77,https://securestream10.champds.com/LIVE/YumaCoAZLIVE/YumaCoAZLIVE.m3u8,网络源,https://i.imgur.com/KBriwwj.png
Yuma AZ CH 72 (1080p),https://livestream.telvue.com/yumaaz1/f7b44cfafd5c52223d5498196c8a2e7b.sdp/playlist.m3u8,网络源,https://i.imgur.com/QsFBCWv.png
Yuma AZ CH 73 (1080p),https://livestream.telvue.com/yumaaz2/f7b44cfafd5c52223d5498196c8a2e7b.sdp/playlist.m3u8,网络源,https://i.imgur.com/QsFBCWv.png
Yunavision (720p) [Not 24/7],https://tele-stream.telecasa.net/live/st1/yunavision-hd/index.m3u8,网络源,https://i.imgur.com/YjceEv5.png
Yurimaguas TV (720p),https://live-evg7.tv360.bitel.com.pe/bitel/yurimaguastvSRT/playlist.m3u8,网络源,https://i.imgur.com/VWC6Pt1.png
Yurivision (720p),https://live-evg5.tv360.bitel.com.pe/bitel/yurivisionSRT/playlist.m3u8,网络源,https://i.imgur.com/VhWuaER.jpeg
Z (Запорожье) (1080p),https://stream.ztv.zp.ua/hls/live.m3u8,网络源,https://i.imgur.com/E5aV5aa.png
Z Nation,https://jmp2.uk/plu-66b3af48d2d50d00083d6936.m3u8,网络源,https://images-1.rakuten.tv/storage/global-live-channel/translation/artwork/dff3a92e-c4aa-49c4-b1b6-4a847428b8d5-width200-quality90.png
Zabb Channel (720p),https://vdo.plathong.net/flash7057/flash7057/playlist.m3u8,网络源,https://i.imgur.com/4TMtUjW.png
Zagorodnaya Zhizn (576p),http://185.57.68.33/40/index.m3u8,网络源,https://i.imgur.com/RoYd5pz.png
Zagros,https://ncdn.telewebion.ir/zagros/live/playlist.m3u8,网络源,https://upload.wikimedia.org/wikipedia/fa/thumb/e/e4/Kermanshah_Zaghros.svg/960px-Kermanshah_Zaghros.svg.png
Zagros TV (1080p),https://hlspackager.akamaized.net/live/DB/ZAGROS_TV/HLS/ZAGROS_TV.m3u8,网络源,https://i.imgur.com/9Mspf32.png
Zainabia Channel,https://zainabia.livebox.co.in/ZainabiaChannelhls/channel.m3u8,网络源,
Zalaegerszegi TV (360p),https://cloudfront44.lexanetwork.com:1344/freerelay/zegtv.sdp/playlist.m3u8,网络源,https://i.imgur.com/MLVPf0i.png
Zapadoslovenska TV,https://dash2.antik.sk/live/test_zapadoslovenska/playlist.m3u8,网络源,https://i.imgur.com/D72Y1IB.png
Zaracay TV (1080p) [Not 24/7],https://video2.makrodigital.com/zaracay/zaracay/playlist.m3u8,网络源,https://i.imgur.com/6q0Gp9R.png
Zarin TV (1080p),https://fl1002.bozztv.com/gf-zarintv/index.m3u8,网络源,
Zarok TV (720p),https://zindikurmanci.zaroktv.com.tr/hls/stream.m3u8,网络源,https://i.imgur.com/o0eevnb.png
ZAS TV,https://cloud5.zastv.net/hls/zastv.m3u8,网络源,https://www.vivalivetv.com/public/files/shows/0/1/4058-294x165-FFFFFF.jpg
ZAZ (1080p),https://cloud.fastchannel.es/mic/manifiest/hls/zaztv/zaztv.m3u8,网络源,
ZB Bhakti (720p),https://server.zillarbarta.com/zbbhakti/index.m3u8,网络源,https://jiotvimages.cdn.jio.com/dare_images/images/zbbhakti.png
ZB Cartoon (1080p),https://server.zillarbarta.com/zbcatun/video.m3u8,网络源,https://jiotvimages.cdn.jio.com/dare_images/images/zbcatun.png
ZB Music (720p),https://server.zillarbarta.com/zbmusic/index.m3u8,网络源,https://jiotvimages.cdn.jio.com/dare_images/images/zbmusic.png
ZDF,https://dash4.antik.sk/live/test_zdf_avc_25p/playlist.m3u8,网络源,https://i.imgur.com/rtLb6m9.png
ZDFinfo (720p) [Geo-blocked],https://zdf-hls-17.akamaized.net/hls/live/2016500/de/high/master.m3u8,网络源,https://i.imgur.com/vtq1IWp.png
ZDFneo (720p) [Geo-blocked],https://zdf-hls-16.akamaized.net/hls/live/2016499/de/high/master.m3u8,网络源,https://i.imgur.com/1JIIGgL.png
Zdorovoe TV (576p),https://stream8.cinerama.uz/1428/tracks-v1a1/mono.m3u8,网络源,https://i.imgur.com/jedtE5l.png
Zed TV,https://zedhls.wns.live/hls/stream.m3u8,网络源,
Zee 24 Ghanta (576p),http://45.148.145.57/IN_Zee24Ghanta/index.m3u8,网络源,https://dtil.tmsimg.com/assets/GNLZZGG0022KGXP.png?lock=720x540
Zee 24 Kalak (720p),https://vg-zeefta.akamaized.net/ptnr-yupptv/title-zee24kalak/v1/manifest/611d79b11b77e2f571934fd80ca1413453772ac7/497f7199-758d-495d-9d2f-a5489231c428/14b7c8ec-16da-47f2-8d7e-5bbaec67b3e2/3.m3u8,网络源,https://dtil.tmsimg.com/assets/GNLZZGG00230P1R.png?lock=720x540
Zee 24 Taas (720p),https://dgrvlduwztkd4.cloudfront.net/index_5.m3u8,网络源,https://dtil.tmsimg.com/assets/GNLZZGG00230LKE.png?lock=720x540
Zee Action (576p),http://107.167.16.138/zeeaction/index.m3u8?token=test,网络源,https://dtil.tmsimg.com/assets/GNLZZGG0022K5ZV.png?lock=720x540
Zee Alwan (576p) [Not 24/7],https://tgn.bozztv.com/gin-dvrfl05/ga-zeealwan/index.m3u8,网络源,https://i.imgur.com/OLuCox7.png
Zee Bangla HD (720p),https://raw.githubusercontent.com/amazeyourself/adaptive-streams/refs/heads/main/streams/in/YuppTV/ZeeBanglaHD.m3u8,网络源,https://xstreamcp-assets-msp.streamready.in/assets/LIVETV/LIVECHANNEL/LIVETV_LIVETVCHANNEL_ZEE_BANGLA/images/LOGO_HD/LOGO_HD_image.png
Zee Bangla Sonar (576p),https://d1g8wgjurz8via.cloudfront.net/bpk-tv/ColorsHD/default/ColorsHD.m3u8,网络源,https://dtil.tmsimg.com/assets/GNLZZGG00287G7K.png?lock=720x540
Zee Bharat (720p),https://vg-zeefta.akamaized.net/ptnr-yupptv/title-zeehindustan/v1/master/611d79b11b77e2f571934fd80ca1413453772ac7/96bbab12-582e-4540-af70-510ab6824581/main.m3u8,网络源,https://dtil.tmsimg.com/assets/GNLZZGG00230QBL.png?lock=720x540
Zee Bihar Jharkhand (720p),https://raw.githubusercontent.com/amazeyourself/adaptive-streams/refs/heads/main/streams/in/YuppTV/ZeeBiharJharkhand.m3u8,网络源,https://dtil.tmsimg.com/assets/GNLZZGG00230Y44.png?lock=720x540
Zee Business (720p),https://dwby15d04agvq.cloudfront.net/index_5.m3u8,网络源,https://dtil.tmsimg.com/assets/GNLZZGG00230YYJ.png?lock=720x540
Zee Cine Classic (1080p),https://amg00862-amg00862c8-amgplt0173.playout.now3.amagi.tv/playlist/amg00862-amg00862c8-amgplt0173/playlist.m3u8,网络源,https://i.imgur.com/QCRhS1n.png
Zee Cinema (576p),https://d1g8wgjurz8via.cloudfront.net/bpk-tv/NGCHD/default/NGCHD.m3u8,网络源,https://xstreamcp-assets-msp.streamready.in/assets/LIVETV/LIVECHANNEL/LIVETV_LIVETVCHANNEL_ZEE_CINEMA/images/LOGO_HD/LOGO_HD_image.png
Zee Cinema APAC (720p),https://raw.githubusercontent.com/amazeyourself/adaptive-streams/refs/heads/main/streams/sg/YuppTV/ZeeCinemaAPAC.m3u8,网络源,https://xstreamcp-assets-msp.streamready.in/assets/LIVETV/LIVECHANNEL/LIVETV_LIVETVCHANNEL_ZEE_CINEMA/images/LOGO_HD/LOGO_HD_image.png
Zee Cinema ME (432p) [Geo-blocked],https://ev-eu-hw-fast-mpd.starzplayarabia.com/Zee_Cinema/dash/drm/index.mpd,网络源,https://xstreamcp-assets-msp.streamready.in/assets/LIVETV/LIVECHANNEL/LIVETV_LIVETVCHANNEL_ZEE_CINEMA/images/LOGO_HD/LOGO_HD_image.png
Zee Classic (576p),http://103.72.101.252:8080/live/1691.m3u8,网络源,https://xstreamcp-assets-msp.streamready.in/assets/LIVETV/LIVECHANNEL/LIVETV_LIVETVCHANNEL_ZEE_CLASSIC/images/LOGO_HD/LOGO_HD_image.png
Zee Comedy Nation (1080p),https://amg00862-amg00862c5-amgplt0173.playout.now3.amagi.tv/playlist/amg00862-amg00862c5-amgplt0173/playlist.m3u8,网络源,https://tvpnlogopus.samsungcloud.tv/platform/image/sourcelogo/vc/00/02/34/IN2100002GD_20260325T012327SQUARE.png
Zee Delhi NCR Haryana (720p),https://vg-zeefta.akamaized.net/ptnr-yupptv/title-zeedelhincr/v1/master/611d79b11b77e2f571934fd80ca1413453772ac7/cc483a15-1b39-4642-872d-5d08d362ed01/main.m3u8,网络源,https://dtil.tmsimg.com/assets/GNLZZGG0023166M.png?lock=720x540
Zee Dil Se (1080p),https://amg00862-amg00862c6-amgplt0173.playout.now3.amagi.tv/playlist/amg00862-amg00862c6-amgplt0173/playlist.m3u8,网络源,https://d2mxb63djushzm.cloudfront.net/images/Zee_Dil_Se.png
Zee Horror Nights (1080p),https://amg00862-amg00862c7-amgplt0173.playout.now3.amagi.tv/playlist/amg00862-amg00862c7-amgplt0173/playlist.m3u8,网络源,https://d3bd0tgyk368z1.cloudfront.net/zeelg/LG%20logo%20artwork/400x200/zhornights.png
Zee Kannada HD (1080p),https://yuppnimresmum.akamaized.net/28072023/smil:zeekannadahd.smil/playlist.m3u8?hdnts=st=1735898689~exp=1835898688~acl=*~hmac=f5fe24724fe05481e3841f9eb5ab8efdee0a3dd83645ae9dcf45703f525bab7b,网络源,https://xstreamcp-assets-msp.streamready.in/assets/LIVETV/LIVECHANNEL/LIVETV_LIVETVCHANNEL_ZEE_KANNADA_HD/images/LOGO_HD/LOGO_HD_image.png
Zee Kannada News (720p),https://d3vzwoqcbpfm8p.cloudfront.net/index_4.m3u8,网络源,https://jiotvimages.cdn.jio.com/dare_images/images/Zee_Kannada_News.png
Zee Madhya Pradesh Chhattisgarh (720p),https://vg-zeefta.akamaized.net/ptnr-yupptv/title-zeemadhyachhattisgarh/v1/master/611d79b11b77e2f571934fd80ca1413453772ac7/2ab17056-6187-4f0e-a34d-f436ac479d6c/main.m3u8,网络源,https://dtil.tmsimg.com/assets/GNLZZGG002316X5.png?lock=720x540
Zee Malayalam News (720p),https://d1ty2af03alkwd.cloudfront.net/index_4.m3u8,网络源,https://english.cdn.zeenews.com/images/logo/zee-malayalam-17.svg
Zee Marathi HD (720p),https://raw.githubusercontent.com/amazeyourself/adaptive-streams/refs/heads/main/streams/in/YuppTV/ZeeMarathiHD.m3u8,网络源,https://xstreamcp-assets-msp.streamready.in/assets/LIVETV/LIVECHANNEL/LIVETV_LIVETVCHANNEL_ZEE_MARATHI/images/LOGO_HD/LOGO_HD_image.png
Zee News (1080p),https://dknttpxmr0dwf.cloudfront.net/index_57.m3u8,网络源,https://dtil.tmsimg.com/assets/GNLZZGG0023VWYC.png?lock=720x540
Zee Nung (1080p) [Geo-blocked],https://amg17931-zee-amg17931c4-samsung-th-5592.playouts.now.amagi.tv/playlist/amg17931-asiatvusaltdfast-zeenung-samsungth/playlist.m3u8,网络源,https://i.imgur.com/OqlxU7t.png
Zee One (1080p),https://amg17931-zee-amg17931c6-samsung-au-8872.playouts.now.amagi.tv/playlist/amg17931-asiatvusaltdfast-zeeworld-samsungau/playlist.m3u8,网络源,https://upload.wikimedia.org/wikipedia/commons/2/24/Zee_One_Logo_2025.png
Zee One Français (720p),https://7689426c.wurl.com/master/f36d25e7e52f1ba8d7e56eb859c636563214f541/U2Ftc3VuZy1mcl9aZWVNYWdpY19ITFM/playlist.m3u8,网络源,https://upload.wikimedia.org/wikipedia/commons/2/24/Zee_One_Logo_2025.png
Zee One German (720p),https://e4955b54.wurl.com/master/f36d25e7e52f1ba8d7e56eb859c636563214f541/U2Ftc3VuZy1kZV9aZWVPbmVfSExT/playlist.m3u8,网络源,https://upload.wikimedia.org/wikipedia/commons/2/24/Zee_One_Logo_2025.png
Zee Punjab Haryana Himachal (720p),https://vg-zeefta.akamaized.net/ptnr-yupptv/title-zeepunjabharyanahima/v1/master/611d79b11b77e2f571934fd80ca1413453772ac7/65eed269-2f3a-4dd0-ac89-d18959af28e3/main.m3u8,网络源,https://dtil.tmsimg.com/assets/GNLZZGG0022KHKS.png?lock=720x540
Zee Rajasthan (720p),https://vg-zeefta.akamaized.net/ptnr-yupptv/title-zeerajashthannews/v1/master/611d79b11b77e2f571934fd80ca1413453772ac7/8e864b9a-1681-41a0-99a6-387490bc5b24/main.m3u8,网络源,https://dtil.tmsimg.com/assets/GNLZZGG00231732.png?lock=720x540
Zee South Flix (1080p),https://amg00862-amg00862c9-amgplt0173.playout.now3.amagi.tv/playlist/amg00862-amg00862c9-amgplt0173/playlist.m3u8,网络源,https://d3bd0tgyk368z1.cloudfront.net/zeelg/LG%20logo%20artwork/400x200/zsouthflix.png
Zee Talkies (576p),http://107.167.16.138/zeetalkies/index.m3u8?token=test,网络源,https://xstreamcp-assets-msp.streamready.in/assets/LIVETV/LIVECHANNEL/LIVETV_LIVETVCHANNEL_ZEE_TALKIES/images/LOGO_HD/LOGO_HD_image.png
Zee Tamil HD (720p),https://da86m1sqpm3o0.cloudfront.net/28072023/smil:zeetamil1.smil/playlist.m3u8,网络源,https://dtil.tmsimg.com/assets/GNLZZGG00233WCL.png?lock=720x540
Zee Tamil News (720p),https://raw.githubusercontent.com/amazeyourself/adaptive-streams/refs/heads/main/streams/in/ZMCL/ZeeTamilNews.m3u8,网络源,https://english.cdn.zeenews.com/images/logo/zee-tamil-logo-20.svg
Zee Telugu News (720p),https://d116gfrn8orazi.cloudfront.net/index.m3u8?akes=eyJ0eXAiOiJKV1QiLCJhbGciOiJIUzI1NiJ9.eyJleHAiOjE3NjcxOTc5NzJ9.O4qmdMPbHwKrCg6hFXvD70vjSPWKQd0a7NrjmFdeMB8,网络源,https://dtil.tmsimg.com/assets/GNLZZGG0023178R.png?lock=720x540
Zee TV Asia Pacific (720p),https://raw.githubusercontent.com/amazeyourself/adaptive-streams/refs/heads/main/streams/sg/YuppTV/ZeeTVHDAPAC.m3u8,网络源,https://upload.wikimedia.org/wikipedia/commons/thumb/a/a2/Zee_TV_Logo_2025.svg/960px-Zee_TV_Logo_2025.svg.png
Zee TV HD (720p) [Geo-blocked],http://41.205.93.154/ZEE-TV/index.m3u8,网络源,https://xstreamcp-assets-msp.streamready.in/assets/LIVETV/LIVECHANNEL/LIVETV_LIVETVCHANNEL_ZEE_TV/images/LOGO_HD/LOGO_HD_image.png
Zee Uttar Pradesh/Uttarakhand (720p),https://duw35ict5q7th.cloudfront.net/index_3.m3u8,网络源,https://dtil.tmsimg.com/assets/GNLZZGG002317GQ.png?lock=720x540
Zee Yuva (576p),http://103.72.101.252:8080/live/414.m3u8,网络源,https://xstreamcp-assets-msp.streamready.in/assets/LIVETV/LIVECHANNEL/LIVETV_LIVETVCHANNEL_ZEE_YUVA/images/LOGO_HD/LOGO_HD_image.png
Zee Zest HD (1080p),http://103.72.101.252:8080/live/2757.m3u8,网络源,https://xstreamcp-assets-msp.streamready.in/assets/LIVETV/LIVECHANNEL/LIVETV_LIVETVCHANNEL_ZEE_ZEST/images/LOGO_HD/LOGO_HD_image.png
Zeleve TV (720p),https://live-evg11.tv360.bitel.com.pe/bitel/zeleve/playlist.m3u8,网络源,https://i.imgur.com/CGWaunJ.jpeg
zenith (1080p),https://live.azenagroup.com/zenith/index.ll.m3u8,网络源,https://znth.tv/images/logo.png
ZFM Zoetermeer (720p),https://zfmzoetermeer.nl/live/master.m3u8,网络源,https://i.imgur.com/vrjACvy.png
Zhara (576p),http://hls127.freeott.top:8080/Zhara/video.m3u8,网络源,
Zhejiang TV International,https://ali-m-l.cztv.com/channels/lantian/channel10/1080p.m3u8,网络源,https://i.imgur.com/XOL1Hph.png
Zhivaya Planeta (576p),https://stream8.cinerama.uz/1250/tracks-v1a1/mono.m3u8,网络源,https://i.imgur.com/onNv1tM.png
Zhivaya priroda (1080p),http://stream.mcquack.net/83/index.m3u8,网络源,https://i.imgur.com/9lHQPdN.png
Zhivaya priroda HD (1080p),http://stream.mcquack.net/225/index.m3u8,网络源,https://i.imgur.com/9lHQPdN.png
ZICO TV (720p),https://gjirafa-video-live.gjirafa.net/gjvideo-live/j3a-n14-2pf-g3s/index.m3u8,网络源,https://i.imgur.com/8wbTnNW.png
Ziggo Sport 5 (1080p),http://145.239.5.177/349/index.m3u8,网络源,https://upload.wikimedia.org/wikipedia/commons/thumb/0/0e/Ziggo_Sport_logo.svg/960px-Ziggo_Sport_logo.svg.png
ZillarBarta News,https://server.zillarbarta.com/zillarbarta/index.m3u8,网络源,https://jiotvimages.cdn.jio.com/dare_images/images/zillarbarta.png
Zinc Nombre TV (720p) [Not 24/7],https://5790d294af2dc.streamlock.net/zincnombretv/live/playlist.m3u8,网络源,https://www.vivalivetv.com/public/files/shows/0/1/3751-294x165-FFFFFF.jpg
Zindagi TV (576p) [Not 24/7],https://5ad386ff92705.streamlock.net/live_transcoder/ngrp:zindagitv.stream_all/chunklist.m3u8,网络源,https://i.imgur.com/XBHvR5J.png
Zing! (576p),http://103.72.101.252:8080/live/585.m3u8,网络源,https://dtil.tmsimg.com/assets/GNLZZGG0025L26R.png?lock=720x540
Zitata TV,https://live.zitata.tv/direct-hls/playlist.m3u8,网络源,https://i.imgur.com/KJmefse.png
ZIZ TV (720p),https://media.slactech.com:1936/ZIZDirect/ZIZDirect/playlist.m3u8,网络源,https://i.imgur.com/fB09i6X.png
Zjarr TV (360p),https://zjarr.future.al/hls/playlist.m3u8,网络源,https://i.imgur.com/hNuWZWe.png
ZNS-TV (1080p),https://zns-edge1.streamcomedia.cloud/znstv13/zns1080p_stream/playlist.m3u8,网络源,https://i.imgur.com/h6nC8fe.png
ZO!34 (720p),https://video.uitzending.tv:19360/zo34/zo34.m3u8,网络源,https://i.imgur.com/yiihDg6.png
Zo'r TV (576p),https://stream8.cinerama.uz/1016/tracks-v1a1/mono.m3u8,网络源,https://i.imgur.com/NuzyhVM.png
Zodiak TV (1080p),https://ranacable.duckdns.org/ZodiakTv/index.m3u8,网络源,https://i.imgur.com/gE166hZ.jpeg
Zona Latina (720p),http://45.162.193.35/ZONALATINA/index.m3u8,网络源,https://i.imgur.com/lMyZZtk.png
Zona M,http://forever.megogo.xyz/iptv/QGB4M3H62GC7E3/2470/index.m3u8,网络源,https://i.imgur.com/a6Dy3ao.png
Zona Music TV (1080p),https://acceso.radiosportstv.online:3022/stream/play.m3u8,网络源,https://i.imgur.com/TJ5l9iI.png
Zona Play TV (720p),https://tv1.mediacp.eu:3131/live/dilxbgxylive.m3u8,网络源,https://i.imgur.com/GewcpHv.png
Zonavision TV [Not 24/7],https://ds.tvabierta.net/memfs/b295f254-7af9-45e4-bfc6-7e0bba41929d.m3u8,网络源,https://imgur.com/B3PrrMH.png
Zoo Moo (Australia) (1080p),https://zoomoo-samsungau.amagi.tv/playlist.m3u8,网络源,https://i.imgur.com/ciTJrnl.png
Zoom (1080p),http://138.121.15.230:9002/ZOOM/index.m3u8,网络源,https://i.imgur.com/euy5zp6.png
Zoom (720p),https://dai.google.com/linear/hls/event/JCAm25qkRXiKcK1AJMlvKQ/master.m3u8,网络源,https://xstreamcp-assets-msp.streamready.in/assets/LIVETV/LIVECHANNEL/LIVETV_LIVETVCHANNEL_ZOOM/images/LOGO_HD/image.png
Zoom Global (720p),https://d14c63magvk61v.cloudfront.net/strm/channels/zoom/master.m3u8,网络源,https://xstreamcp-assets-msp.streamready.in/assets/LIVETV/LIVECHANNEL/LIVETV_LIVETVCHANNEL_ZOOM/images/LOGO_HD/image.png
Zoom Tecnologico Plus (720p),https://5f700d5b2c46f.streamlock.net/zoomtec/zoomtec/playlist.m3u8,网络源,https://cdn.m3u.cl/logo/1617_Zoom_Tecnologico_Plus.png
Zoopark (576i),https://stream8.cinerama.uz/1417/tracks-v1a1/mono.m3u8,网络源,https://i.imgur.com/IO5jegK.png
Zougla TV (720p),https://zouglacam-mdc-secure.akamaized.net/zouglalive/backup/playlist.m3u8,网络源,https://i.imgur.com/AmW9d6H.jpg
ZTV (1080p),http://45.70.201.81:8000/play/a00u/index.m3u8,网络源,https://zplay.cl/img/ztv.png
Zuglo TV (360p),https://cloudfront44.lexanetwork.com:1344/freerelay/zuglotv.sdp/playlist.m3u8,网络源,https://i.imgur.com/wPqCtwR.png
Zuraca TV (720p),https://tv3.bitstreaming.net:3680/live/zuracatvlive.m3u8,网络源,https://i.imgur.com/NsNytWD.jpeg
Zurquí TV (720p),https://videoserver.tmcreativos.com:19360/gesfnvpamn/gesfnvpamn.m3u8,网络源,https://i.imgur.com/XvktUBB.jpg
Zvezda (1080p),http://51.158.144.33:2021/zvezda/index.m3u8,网络源,https://i.imgur.com/4PAcpfM.png
Zvezda HD (1080p),https://tvzvezda.bonus-tv.ru/cdn/tvzvezda/playlist.m3u8,网络源,https://i.imgur.com/4PAcpfM.png
Zvezda Plus (576p),http://45.145.32.13:20440/zvezdaplus/index.m3u8?token=test,网络源,https://i.imgur.com/NNmjD9Z.png
Zvezda Plus HD (1080p),http://tvzvezda.bonus-tv.ru/cdn/zvezdaplus/playlist.m3u8,网络源,https://i.imgur.com/NNmjD9Z.png
Zwei Music Television,https://zweiapp.b-cdn.net/1080p/index.m3u8,网络源,https://i.imgur.com/RbdpCNf.png
Zylo Cine Friki (1080p),https://d2mr4fu91mjx9m.cloudfront.net/v1/master/3722c60a815c199d9c0ef36c5b73da68a62b09d1/cc-rb0tx75ojbc5u/CineFriki_ES.m3u8,网络源,https://i.imgur.com/b3Ospym.png
Zylo Ciné Nanar (1080p),https://zylo-cinenanar-rakuten.amagi.tv/playlist.m3u8,网络源,https://i.imgur.com/YnUZd3W.png
Zylo Cine Western (1080p),https://d2nq34q0i1r3la.cloudfront.net/v1/master/3722c60a815c199d9c0ef36c5b73da68a62b09d1/cc-awohw8g217ho8/CineWestern_ES.m3u8,网络源,https://i.imgur.com/2UROzSc.png
Zylo Ciné Western (1080p),https://amg00711-zylo-amg00711c8-rakuten-uk-2686.playouts.now.amagi.tv/playlist/amg00711-zylofast-cinewestern-rakutenuk/playlist.m3u8,网络源,https://i.imgur.com/tteOFkL.png
Zylo Emotion' L (1080p),https://rakutenaa-zylo-emotional-rakuten-r1zkm.amagi.tv/playlist/rakutenAA-zylo-emotional-rakuten/playlist.m3u8,网络源,https://i.imgur.com/MP34aaj.png
Zylo Fréquence Novelas (1080p),https://d20oth1416y9a1.cloudfront.net/playlist/amg00711-zylofast-frequencenovelas-rakutenus/playlist.m3u8,网络源,https://i.imgur.com/fEjNAps.png
Zylo Into Crime (1080p),https://amg00711-zylo-amg00711c10-rakuten-fr-6731.playouts.now.amagi.tv/playlist.m3u8,网络源,https://i.imgur.com/43at4M2.png
Zylo ScreamIN (1080p),https://rakutenaa-zylo-screamin-rakuten-p11ej.amagi.tv/playlist/rakutenAA-zylo-screamin-rakuten/playlist.m3u8,网络源,https://i.imgur.com/tGmKbil.png
Zylo Todo Novelas (1080p),https://dtsszjrztq9ti.cloudfront.net/v1/master/3722c60a815c199d9c0ef36c5b73da68a62b09d1/cc-yshah5p4v45g1/ToDoNovelas_ES.m3u8,网络源,https://i.imgur.com/NuYwGok.png
АБАЗА-ТВ (1080p),https://public.apsny.camera/tv_abaza_tv_to_site/index.m3u8,网络源,https://i.imgur.com/7Jo7UAf.png
Авто Плюс (576p),http://31.148.48.15/Avto_Plus/index.m3u8,网络源,https://i.imgur.com/sVc8cFt.png
Аист ТВ (1080p),http://live2-aisttv.cdnvideo.ru/aisttv2/aisttv.sdp/playlist.m3u8,网络源,https://i.imgur.com/bcw0s4V.png
Арис 24 (720p) [Not 24/7],http://serv25.vintera.tv:8081/test/aris/playlist.m3u8,网络源,https://i.imgur.com/CTFVEAb.png
Арктика 24 (Архангельск) (1080p),https://vgtrkregion-reg.cdnvideo.ru/vgtrk/arhangelsk/arktika24-hd/index.m3u8,网络源,https://i.imgur.com/kmbdyr6.png
Архыз 24 (1080p),https://live.mediacdn.ru/sr1/arhis24/playlist.m3u8,网络源,https://i.imgur.com/blAtdkJ.png
Астрахань 24 (720p),https://streaming.astrakhan.ru/astrakhan24/playlist.m3u8,网络源,https://i.imgur.com/9WcnjQN.png
Астрахань.Ru Sport (720p),https://streaming.astrakhan.ru/astrakhanrusporthd/playlist.m3u8,网络源,https://i.imgur.com/BKaEtqL.png
Астрахань.Ru TV (480p),https://streaming.astrakhan.ru/astrakhanrulivehd/playlist.m3u8,网络源,https://i.imgur.com/w4ys6zm.png
Балта ТВ (768p),http://194.50.51.34/playlist.m3u8,网络源,https://cdn.teleon.tv/logo/balta-tv-ua.png
Башкортостан 24 (1080p),https://vgtrkregion-reg.cdnvideo.ru/vgtrk/ufa/bashkortostan24-hd/index.m3u8,网络源,https://i.imgur.com/s34Wtz6.png
Беларусь 5 Интернет (1080p) [Not 24/7],https://edge59.dc.beltelecom.by/ngtrk/smil:belarus5int.smil/playlist.m3u8,网络源,https://i.imgur.com/NJsRFud.png
Белгород 24 (1080p),https://belnovosti.cdn.easyhoster.ru:8443/stream.m3u8,网络源,https://i.imgur.com/EEirvyx.png
Бокс ТВ (720p),http://31.148.48.15/Boks_TV/index.m3u8,网络源,https://i.imgur.com/R1UjyfX.png
Большая Азия (720p),http://live-bigasia.cdnvideo.ru/bigasia/bigasia.smil/playlist.m3u8,网络源,https://i.imgur.com/vruuPKF.png
БСТ (Башкирское спутниковое телевидение) (576p),https://bsttv.bonus-tv.ru/cdn/bst/playlist.m3u8,网络源,https://i.imgur.com/IDotHmQ.png
Вера 24,https://5f05e059699ae.streamlock.net/WEB_Vera24/ngrp:Vera24.stream-adaptive/playlist.m3u8,网络源,https://i.imgur.com/Qer5Lnh.png
Ветта 24 (Пермь) (576p) [Not 24/7],http://serv24.vintera.tv:8081/vetta/vetta_office/playlist.m3u8,网络源,https://i.imgur.com/zKH1b5k.png
Вместе РФ,https://qcpdqumitwf.a.trbcdn.net/livemastersrt/pr4mw_lvie-vmesterf-srt.smil/playlist.m3u8,网络源,https://i.imgur.com/KI1qZNc.png
Волга (HD),http://tele2dvrnat01-02.cdnvideo.ru/stream/NAT_Volga/hls/1920x1080@4504/playlist.m3u8,网络源,https://i.imgur.com/xHs1pr1.png
Волгоград 24 (1080p),https://vgtrkregion-reg.cdnvideo.ru/vgtrk/volgograd/russia1-hd/index.m3u8,网络源,https://i.imgur.com/gFMnaU5.png
Восток 24 (Владивосток) (1080p),https://vgtrkregion-reg.cdnvideo.ru/vgtrk/vladivostok/vostok24-hd/index.m3u8,网络源,https://i.imgur.com/YEXDsMn.png
Глас (576p),http://85.238.112.69:8811/hls_sec/239.0.4.18-.m3u8,网络源,https://i.imgur.com/l5FEP9w.png
Губерния (Самара) (576p),http://live.guberniatv.cdnvideo.ru/guberniatv/guberniatv.sdp/playlist.m3u8,网络源,https://i.imgur.com/IlL57Rm.png
Дагестан (1080p),https://dagestan.mediacdn.ru/cdn/dagestan/playlist.m3u8,网络源,https://i.imgur.com/jumkRvc.png
Детское кино International [Not 24/7],https://autopilot.catcast.tv/content/38720/index.m3u8,网络源,https://i.imgur.com/dJqFRhQ.png
Дождь (1080p) [Geo-blocked],https://wl.tvrain.tv/transcode/ngrp:ses_all/playlist.m3u8,网络源,https://upload.wikimedia.org/wikipedia/commons/thumb/a/ad/Tvrain.svg/960px-Tvrain.svg.png
Доктор (1080p),http://31.148.48.15/Doktor/index.m3u8,网络源,https://i.imgur.com/VNirxxn.png
Дом Кино Премиум HD (1080p),http://31.148.48.15/Dom_Kino_Premium_HD/index.m3u8,网络源,https://i.imgur.com/rJpQtvK.png
Дон 24 (1080p),https://donmedia.bonus-tv.ru/cdn/donmedia/playlist.m3u8,网络源,https://i.imgur.com/fW15la1.png
Донбас Online (1080p) [Not 24/7],http://176.110.1.30:1935/live/donbasonline/playlist.m3u8,网络源,https://i.imgur.com/8h3kOI1.png
Евразия (Орск) (720p),https://infochh.trkeurasia.ru/hlsinfoch/infochhd.m3u8,网络源,https://i.imgur.com/4JUHIVS.png
ЖИВИ! (1080p),http://31.148.48.15/Zhivi/index.m3u8,网络源,https://i.imgur.com/LPqySGk.png
За!ТВ,https://streaming.televizor-24-tochka.ru/live/25.m3u8,网络源,https://i.imgur.com/pVPTl8J.png
Запад 24 (Калининград) (1080p),https://vgtrkregion-reg.cdnvideo.ru/vgtrk/kaliningrad/zapad24-hd/index.m3u8,网络源,https://i.imgur.com/HerCP0u.png
Зоо ТВ (576p),http://31.148.48.15/Zoo_TV/index.m3u8,网络源,https://i.imgur.com/p7WzqGS.png
Известия (1080p),http://igi-hls.cdnvideo.ru/igi/igi_tcode/playlist.m3u8,网络源,https://i.imgur.com/r5HzA6J.png
Иллюзион+ (576p),http://31.148.48.15/Illusion_plus/index.m3u8,网络源,https://i.imgur.com/9GvuHQ5.png
Ингушетия ТВ (1080p),https://ingushetia.mediacdn.ru/cdn/ingushetia/playlist.m3u8,网络源,https://i.imgur.com/Fw2Hkk4.png
К16 (Саров) (406p) [Not 24/7],http://serv25.vintera.tv:8081/test/k16/playlist.m3u8,网络源,https://i.imgur.com/7tNDKHe.png
Кавказ 24 (Ставрополь) (576p),https://vgtrkregion-reg.cdnvideo.ru/vgtrk/stavropol/kavkaz24-hd/index.m3u8,网络源,https://i.imgur.com/DyJw1Pi.png
Кинеко (1080p),http://31.148.48.15/Kineko_HD/index.m3u8,网络源,https://i.imgur.com/Otfvlmf.png
Кино 1 International [Not 24/7],http://kino-1.catcast.tv/content/38617/index.m3u8,网络源,https://i.imgur.com/zsCPLs4.png
КИНО ТВ (720p),http://31.148.48.15/Kino_TV_HD/index.m3u8,网络源,https://i.imgur.com/sMpamNO.png
КИНОСАТ (576p),http://31.148.48.15/Kineko/index.m3u8,网络源,https://i.imgur.com/7KsNvBz.png
Красная линия (480p),http://s55766.cdn.ngenix.net/s55766-media-origin/rline_high/index.m3u8,网络源,https://i.imgur.com/TgZ8Uv1.png
КРИК-ТВ (Екатеринбург) (1080p),http://cdn-01.bonus-tv.ru/kriktv_edge/playlist.m3u8,网络源,https://i.imgur.com/rtuChZR.png
Крым 24,https://cdn.1tvcrimea.ru/24tvcrimea.m3u8,网络源,https://i.imgur.com/k4C0uvp.png
Кто есть Кто (576p),http://31.148.48.15/Kto_est_kto/index.m3u8,网络源,https://i.imgur.com/PmD17UQ.png
Курай (Уфа) (576p),https://bsttv.bonus-tv.ru/cdn/kurai/playlist.m3u8,网络源,https://i.imgur.com/hZXBD9F.png
ЛДПР ТВ (1080p),http://46.46.143.222:1935/live/mp4:ldpr.stream/playlist.m3u8,网络源,https://i.imgur.com/gCmCRfe.png
Легендарный 24,https://sevas.1tvcrimea.ru/legendarniy24.m3u8,网络源,https://i.imgur.com/z9t6x8B.png
ЛенТВ24,https://player.smotrim.ru/iframe/stream/live_id/3e95d201-f87d-4ac1-8897-db2c66bb9657,网络源,https://i.imgur.com/d02uxkB.png
Луганск 24,https://streaming.televizor-24-tochka.ru/live/29.m3u8,网络源,https://i.imgur.com/AihoVc0.png
Магнат ТВ (1080p),https://s1.tv-nano.com/Magnat_HD_5119705/video.m3u8,网络源,https://i.imgur.com/r485aZL.png
МАТЧ! Арена (720p),http://31.148.48.15/Match_Arena_HD/index.m3u8,网络源,https://i.imgur.com/udTzwzu.png
МАТЧ! Игра (720p),http://31.148.48.15/Match_Igra_HD/index.m3u8,网络源,https://i.imgur.com/5XWpF19.png
Миллет (720p),https://live1.1tvcrimea.ru/milletlive.m3u8,网络源,https://i.imgur.com/hUjLRLy.png
Мир 24 (1080p),http://hls.mirtv.cdnvideo.ru/mirtv-parampublish/mir24_2500/playlist.m3u8,网络源,https://i.imgur.com/dj9c8Yd.png
Мир (+4) (576p),http://31.148.48.15/Mir/index.m3u8,网络源,https://i.imgur.com/AqWaJT8.png
Мир +2 (540p) [Not 24/7],http://hls.mirtv.cdnvideo.ru/mirtv-parampublish/mirtv2_2500/playlist.m3u8,网络源,https://i.imgur.com/AqWaJT8.png
Мир +7 (540p),http://hls.mirtv.cdnvideo.ru/mirtv-parampublish/mirtv7_2500/playlist.m3u8,网络源,https://i.imgur.com/AqWaJT8.png
Мир Белагорья (720p) [Geo-blocked],http://mirbelogorya.ru:8080/mirbelogorya/index.m3u8,网络源,https://mirbelogorya.ru/images/logo/Logo_Mir_Belogorya_purple_gradient.png
МТВ (Волгоград) (720p) [Not 24/7],http://hls.volgograd1vtv.cdnvideo.ru/volgograd1vtv/volgograd1vtv.sdp/playlist.m3u8,网络源,https://i.imgur.com/pdCAUrP.png
Муз союз (576p),https://hls-tvsoyuz.cdnvideo.ru/tvsoyuz2/muzsoyuz.6fw0-58xp-acts-esy0/playlist.m3u8,网络源,https://i.imgur.com/Puk1Bhx.png
Музыка 1 International [Not 24/7],https://kino-1.catcast.tv/content/37745/index.m3u8,网络源,https://i.imgur.com/DIKe5vA.png
Музыка Кино International [Not 24/7],https://kino-1.catcast.tv/content/37739/index.m3u8,网络源,https://i.imgur.com/2SG0Swa.png
Мульт (1080p),http://31.148.48.15/Mult_HD/index.m3u8,网络源,https://i.imgur.com/xi351Fx.png
Мультимания (576p),https://sirius.greenhosting.ru/MultimaniaRu/tracks-v1a1/mono.m3u8,网络源,https://i.imgur.com/abh8ZBA.png
Надежда (720p),https://live-tvhope.cdnvideo.ru/tvhope-pull/tvhope_1/playlist.m3u8,网络源,https://i.imgur.com/ah6VnFJ.png
Настоящее Время (1080p),https://rfe-ingest.akamaized.net/hls/live/2033043/tvmc05/master.m3u8,网络源,https://i.imgur.com/hKo8ApU.png
НАУКА (1080p),http://31.148.48.15/Nauka_2.0/index.m3u8,网络源,https://i.imgur.com/ZZxzueO.png
НВК Саха (1080p) [Not 24/7],https://live-saha.cdnvideo.ru/saha/saha/playlist.m3u8,网络源,https://i.imgur.com/LwXNUhf.png
Неизвестная Россия (1080p),https://cdn.ntv.ru/unknown_russia/playlist.m3u8,网络源,https://i.imgur.com/W7ste2f.png
Нижний Новгород 24 (1080p),https://vgtrkregion-reg.cdnvideo.ru/vgtrk/nigniynovgorod/nigniynovgorod24-hd/index.m3u8,网络源,https://i.imgur.com/ZWgPVIC.png
Ника ТВ (576p) [Not 24/7],https://live-nikatv.cdnvideo.ru/nikatv/nikatv.sdp/playlist.m3u8,网络源,https://i.imgur.com/dccsFAu.png
Новый Русский (720p),https://live.15plusmg.ru/memfs/f983b507-a170-41a9-85a9-d9afc6cba9c1.m3u8,网络源,https://i.imgur.com/iuRSScH.png
НТВ +1 (576p),https://cdn.ntv.ru/ntv1/playlist.m3u8,网络源,https://i.imgur.com/9r1BKzK.png
НТВ +2 (576p),https://cdn.ntv.ru/ntv2/playlist.m3u8,网络源,https://i.imgur.com/9r1BKzK.png
НТВ +4 (576p),https://cdn.ntv.ru/ntv4/playlist.m3u8,网络源,https://i.imgur.com/9r1BKzK.png
НТВ +7 (576p),https://cdn.ntv.ru/ntv7/playlist.m3u8,网络源,https://i.imgur.com/9r1BKzK.png
НТК ТВ (1080p) [Not 24/7],https://stream.ntktv.ua/s/ntk/ntk.m3u8,网络源,https://www.ntktv.ua/bitrix/templates/ntk_copy/images/logo.png
НТМ (Народное телевидение Мордовии) (720p) [Not 24/7],https://live-ntm13.cdnvideo.ru/ntm13/smil:ntm13.smil/playlist.m3u8,网络源,https://i.imgur.com/AH50pGT.png
НТС (Севастополь) (1080p) [Not 24/7],https://peqk71plnjy.a.trbcdn.net/livemaster/w4kz7pki62_nts_tv/playlist.m3u8,网络源,https://i.imgur.com/skkDR7q.png
о2тв (720p),http://31.148.48.15/O2_HD/index.m3u8,网络源,https://i.imgur.com/CM6z7fA.png
Общественное Независимое Телевидение (576p),http://85.238.112.40:8810/hls_sec/239.33.75.33-.m3u8,网络源,https://i.imgur.com/jFP50g2.png
Орбіта ТВ (360p) [Not 24/7],http://ftp.orbita.dn.ua/hls/orbita.m3u8,网络源,https://i.ibb.co/Bj4T9wB/logo-Orbita-fin14.png
Осетия Ирыстон (1080p),https://osir.mediacdn.ru/cdn/osetia/playlist.m3u8,网络源,https://i.imgur.com/N0Zn4zU.png
ОСН,http://osnmedia.servicecdn.ru/streams/17603_88089/playlist.m3u8,网络源,https://www.osnmedia.ru/wp-content/uploads/2024/11/osn-logo-header.png
ОТВ Приморье,https://jz2lo90hnpy.a.trbcdn.net/livemaster/yo8gr_live-5gorrrfpouq.smil/playlist.m3u8,网络源,https://i.imgur.com/2zd8trG.png
Открытый мир. Здоровье (576p),https://v4.proofix.ru/0mir/index.m3u8,网络源,https://i.imgur.com/7orZOJA.png
Ош Пирим (1080p) [Not 24/7],http://gohoski.fvds.ru:3000/mediabay/697/playlist.m3u8,网络源,https://i.ibb.co/9VBnyQ1/cropped-white.png
Первый Городской (Одесса) (576p),http://91.194.79.46:8081/stream2/channel2/playlist.m3u8,网络源,https://i.imgur.com/8qdc6aO.png
Первый канал (1080p),http://31.148.48.15/Pervii_kanal_HD/index.m3u8,网络源,https://i.imgur.com/RUSX0rX.png
Первый канал Европа,https://streaming.thestream.cyou/live/210.m3u8,网络源,https://i.imgur.com/RUSX0rX.png
Первый Крымский (720p),https://live1.1tvcrimea.ru/1tvcrimea.m3u8,网络源,https://i.imgur.com/i6hg7QG.png
Первый Музыкальный Канал HD (1080p),http://rtmp.one.by:1300,网络源,https://i.imgur.com/YdyFJrl.png
Первый Республиканский,https://streaming.televizor-24-tochka.ru/live/27.m3u8,网络源,https://i.imgur.com/ti4OMBv.png
Первый Ярославский (1080p),https://yaroslavl.mediacdn.ru/cdn/pervyaroslavsk/playlist.m3u8,网络源,https://yarreg.ru/gallery/news/2025/03/293241/3.jpeg
Пингвин (720p),https://sirius.greenhosting.ru/PingvinRu/video.m3u8,网络源,https://i.imgur.com/hfXoJIY.png
Поехали! (1080p),http://31.148.48.15/Poehali/index.m3u8,网络源,https://i.imgur.com/ZNCpbII.png
Прима (1080p),https://tele2dvrnat01-02.cdnvideo.ru/stream/NAT_Prima/hls/index.m3u8,网络源,https://i.imgur.com/33XGMch.png
Радио Говорит Москва (Веб-камера) (720p),https://video.govoritmoskva.ru/rufm/index.m3u8,网络源,https://i.imgur.com/z2mxf3E.png
Радио Шансон (720p) [Not 24/7],http://chanson-video.hostingradio.ru:8080/hls/chansonabr/live.m3u8,网络源,https://i.imgur.com/lbqM3K2.png
РЖД ТВ (1080p) [Geo-blocked],http://hls.tva.cdnvideo.ru/tva/tvahd.sdp/playlist.m3u8,网络源,https://i.imgur.com/lf1r9L6.png
Россия 1 (Адыгея) (1080p),http://vgtrkregion-reg.cdnvideo.ru/vgtrk/maykop/russia1-hd/index.m3u8,网络源,https://i.imgur.com/Osd2JHL.png
Россия 24 (Хабаровск) (1080p),https://vgtrkregion-reg.cdnvideo.ru/vgtrk/habarovsk/russia24-sd/index.m3u8,网络源,https://upload.wikimedia.org/wikipedia/commons/thumb/6/66/Rossiya-24_Logo.svg/960px-Rossiya-24_Logo.svg.png
Россия-РТР,https://streaming.televizor-24-tochka.ru/live/211.m3u8,网络源,https://i.imgur.com/0YEahxs.png
Русский Роман (1080p),http://31.148.48.15/Russkiy_Roman_HD/index.m3u8,网络源,https://i.imgur.com/cQN0P2B.png
Русский Экстрим (576p),http://31.148.48.15/Russkiy_Ekstrim/index.m3u8,网络源,https://i.imgur.com/hJK7mOW.png
С1 (Сургут) (1080p) [Not 24/7],https://sitv.ru/hls/stv.m3u8,网络源,https://i.imgur.com/chNBF5t.png
Салям (Уфа) (576p),https://bsttv.bonus-tv.ru/cdn/salyam/playlist.m3u8,网络源,https://i.imgur.com/FfULLr1.png
Самара 24 (1080p),https://vgtrkregion-reg.cdnvideo.ru/vgtrk/samara/samara24-hd/index.m3u8,网络源,https://i.imgur.com/YUe3Dwd.png
Самара ГИС (1080p) [Not 24/7],https://tv.samaragis.ru/new/new/tracks-v1a1/mono.m3u8,网络源,https://samaragis.ru/wp-includes/images/logo.png
Санкт-Петербург (576p),http://31.148.48.15/Sankt_Peterburg/index.m3u8,网络源,https://i.imgur.com/9At4oG7.png
Своё ТВ (Ставрополь) (1080p),https://svoetv.mediacdn.ru/cdn/svoetv/playlist.m3u8,网络源,https://i.imgur.com/3cP2fmX.png
Север (Нарьян-Мар),https://2vko9pchwon.a.trbcdn.net/livemaster/8ilgc_cw63ucn03p.smil/playlist.m3u8,网络源,https://i.imgur.com/sTOQLYl.png
Сибирь 24 (Красноярск) (1080p),https://vgtrkregion-reg.cdnvideo.ru/vgtrk/krasnoyarsk/sibir24-hd/index.m3u8,网络源,https://i.imgur.com/jgwQPl0.png
Сибирь 24 (Новосибирск) (1080p),https://vgtrkregion-reg.cdnvideo.ru/vgtrk/novosibirsk/sibir24-hd/index.m3u8,网络源,https://i.imgur.com/jgwQPl0.png
Симферополь 24,https://simf.1tvcrimea.ru/simferopol24.m3u8,网络源,https://i.imgur.com/S2QJ3bc.png
Сити Эдем Play Христианский Музыкальный [Not 24/7],https://cityeden.catcast.tv/content/34100/index.m3u8,网络源,https://i.imgur.com/ozEqob9.png
Сити Эдем АвтоГид [Not 24/7],https://cityeden.catcast.tv/content/47515/index.m3u8,网络源,https://i.imgur.com/qpe8L27.png
Сити Эдем Бирма Play [Not 24/7],https://cityeden.catcast.tv/content/34364/index.m3u8,网络源,https://i.imgur.com/38Q5L5W.png
Сити Эдем КиноАзия [Not 24/7],https://cityeden.catcast.tv/content/34393/index.m3u8,网络源,https://i.imgur.com/gaket4B.png
Сити Эдем КиноАрт [Not 24/7],https://cityeden.catcast.tv/content/38398/index.m3u8,网络源,https://i.imgur.com/67CWCtz.png
Сити Эдем КиноДетектив [Not 24/7],https://cityeden.catcast.tv/content/41327/index.m3u8,网络源,https://i.imgur.com/9rKHwBV.png
Сити Эдем КиноДок [Not 24/7],https://cityeden.catcast.tv/content/38354/index.m3u8,网络源,https://i.imgur.com/itRbMX3.png
Сити Эдем КиноДрама [Not 24/7],https://cityeden.catcast.tv/content/45269/index.m3u8,网络源,https://i.imgur.com/29ddffh.png
Сити Эдем КиноКлассика [Not 24/7],https://cityeden.catcast.tv/content/34185/index.m3u8,网络源,https://i.imgur.com/0qGCS1S.png
Сити Эдем КиноКомедия [Not 24/7],https://cityeden.catcast.tv/content/41331/index.m3u8,网络源,https://i.imgur.com/Aga2XVA.png
Сити Эдем КиноМистика [Not 24/7],https://cityeden.catcast.tv/content/40783/index.m3u8,网络源,https://i.imgur.com/s1Pid0K.png
Сити Эдем КиноСемья [Not 24/7],https://v2.catcast.tv/content/38128/index.m3u8,网络源,https://i.imgur.com/YoWOZMx.png
Сити Эдем КиноФантастика [Not 24/7],https://cityeden.catcast.tv/content/45268/index.m3u8,网络源,https://i.imgur.com/I64FeIO.png
Сити Эдем КиноЭкшен [Not 24/7],https://cityeden.catcast.tv/content/41333/index.m3u8,网络源,https://i.imgur.com/uuzuvD0.png
Сити Эдем Классическая Музыка [Not 24/7],https://cityeden.catcast.tv/content/47400/index.m3u8,网络源,https://i.imgur.com/l7BE8l6.png
Сити Эдем МедЗдрав [Not 24/7],https://cityeden.catcast.tv/content/47519/index.m3u8,网络源,https://i.imgur.com/BM4E0Kr.png
Сити Эдем Рецепты Гурмана [Not 24/7],https://cityeden.catcast.tv/content/47516/index.m3u8,网络源,https://i.imgur.com/wR0pvRc.png
Сити Эдем Сиртаки ТВ [Not 24/7],https://cityeden.catcast.tv/content/46421/index.m3u8,网络源,https://i.imgur.com/V3MTfyc.png
Сити Эдем ТВ Христианский [Not 24/7],https://cityeden.catcast.tv/content/34246/index.m3u8,网络源,https://i.imgur.com/X9kACKi.png
Сити Эдем ТелеНовелла [Not 24/7],https://cityeden.catcast.tv/content/46209/index.m3u8,网络源,https://i.imgur.com/mT5liTh.png
Смотрим Честный Детектив (1080p),https://live-vgtrksmotrim.cdnvideo.ru/vgtrksmotrim/smotrim-live-01.smil/playlist.m3u8,网络源,https://cdn-st3.smotrim.ru/vh/pictures/svg/444/241/8.svg
Сочи 24 HD (720p),http://serv30.vintera.tv:8081/sochi/sochi24_tv/playlist.m3u8,网络源,https://i.imgur.com/iwWxkl6.png
Союз (576p),https://hls-tvsoyuz.cdnvideo.ru/tvsoyuz/soyuz/playlist.m3u8,网络源,https://i.imgur.com/w3OewHc.png
СТАРТ Триумф,https://bl.webcaster.pro/media/playlist/free_fe8dc1b768a84b8b0333db826471f17e_hd/33_85479982/1080p/8666c3e935faf6ef47ffd601e8e48868/4821408969.m3u8,网络源,https://i.imgur.com/L9jTieL.png
Страна ФМ,https://live-stranafm.cdnvideo.ru/stranafm/smil:stranafm.smil/playlist.m3u8,网络源,https://i.imgur.com/WsPlKJJ.png
СургутИнформТВ,https://sitv.ru/vgtrk/stv.m3u8,网络源,https://i.imgur.com/OxvqXMt.png
Таврия,https://streaming.televizor-24-tochka.ru/live/24.m3u8,网络源,https://i.imgur.com/gqung6i.png
Тамыр (Уфа) (576p),https://bsttv.bonus-tv.ru/cdn/tamyr/playlist.m3u8,网络源,https://i.imgur.com/Ia3acCB.png
ТВК 24 (576p),https://air.tvk6.ru/tvk24/playlist.m3u8,网络源,https://upload.wikimedia.org/wikipedia/commons/e/e7/%D0%9B%D0%BE%D0%B3%D0%BE%D1%82%D0%B8%D0%BF_%D0%BA%D1%80%D0%B0%D1%81%D0%BD%D0%BE%D1%8F%D1%80%D1%81%D0%BA%D0%BE%D0%B3%D0%BE_%D1%82%D0%B5%D0%BB%D0%B5%D0%BA%D0%B0%D0%BD%D0%B0%D0%BB%D0%B0_%D0%A2%D0%92%D0%9A_%282015%29.png
Твое TV HD (1080p),http://tvoetv.space:8080/tvoetv/index.m3u8,网络源,https://i.imgur.com/kKAM7dP.png
Твое ТВ Юмор (1080p),http://tvoetv.space:8080/tvoetv_humor/index.m3u8,网络源,https://smotret.tv/images/tvoe-tv-yumor.webp
Телеканал 86 (Сургут) (1080p) [Not 24/7],https://sitv.ru/hls/s86.m3u8,网络源,https://i.imgur.com/0dRS4Cb.png
Телеканал Краснодар (1080p),https://live-tvkrasnodar.cdnvideo.ru/tvkrasnodar/tvkrasnodar.sdp/playlist.m3u8,网络源,https://i.imgur.com/YVtutzp.png
Телеканал Репортер Одесса (720p),http://cdn1.live-tv.od.ua:8081/31chod/31chod-abr/31chod/31chod/playlist.m3u8,网络源,https://i.imgur.com/LyA3kBR.png
Телепутешествия (576p),http://31.148.48.15/Teleputeshestviya/index.m3u8,网络源,https://i.imgur.com/eXJm1n3.png
Телерадиокомпания 555 (Алушта) (720p),http://trk555.tv:8888/live,网络源,https://i.imgur.com/JQZkxeA.png
Телплюс ТВ (Астрахань) (360p) [Not 24/7],https://streaming.astrakhan.ru/telplushd/playlist.m3u8,网络源,https://i.imgur.com/1zbcZ3p.png
Тернопіль 1 (720p),https://ott.columbus.te.ua/ternopil1/index.m3u8,网络源,https://i.imgur.com/f5EtIzV.png
ТКР (Рязань) (1080p) [Not 24/7],http://live.tkr.cdnvideo.ru/tkr/tkr.sdp/playlist.m3u8,网络源,https://i.imgur.com/VqtPB7L.png
Толк HD (720p),http://live-tolknews.cdnvideo.ru/tolknews/stream/playlist.m3u8,网络源,https://i.imgur.com/l7JZ79P.png
Точка ТВ (576p),http://31.148.48.15/Tochka_TV/index.m3u8,网络源,https://i.imgur.com/yyNR5jG.png
Три Ангела (720p),https://hls.tv.3angels.ru/stream.m3u8,网络源,https://i.imgur.com/4fhBbam.png
ТРК Алекс (576p),http://46.46.112.223/live/livestream1.m3u8,网络源,https://i.imgur.com/1uW5ex8.png
Урал 24 (Челябинск) (1080p),https://vgtrkregion-reg.cdnvideo.ru/vgtrk/chelyabinsk/ural24-hd/index.m3u8,网络源,https://i.imgur.com/eoI4KuB.png
УТРК Ала-Тоо 24 (480p) [Not 24/7],https://st2.mediabay.tv/KG_KTRK-Ala-too/playlist.m3u8,网络源,https://i.imgur.com/vBPmUQA.png
УТРК Музыка (480p) [Not 24/7],https://st2.mediabay.tv/KG_KTRK-Muzika/index.m3u8,网络源,https://www.utrk.kg/img/stream/45.png
УТРК Спорт (480p) [Not 24/7],https://st2.mediabay.tv/KG_KTRK-Sport/index.m3u8,网络源,https://i.imgur.com/ORCu0w0.png
Феникс плюс Кино (576p),http://31.148.48.15/Feniks_plus_kino/index.m3u8,网络源,https://i.imgur.com/S9OPMLE.png
Футбол (720p),http://31.148.48.15/Futbol_HD/index.m3u8,网络源,https://i.imgur.com/pEuaZVx.png
Херсон Плюс (576p),http://46.175.163.130/ks_plus/index.m3u8,网络源,https://i.imgur.com/DKDVoyD.png
Хузур ТВ (1080p) [Not 24/7],https://hls-mycdn08724960135.cdnvideo.ru/mycdn08724960135/stream1/playlist.m3u8,网络源,https://i.imgur.com/Abg1fct.png
ЧП Инфо (576p),http://edge3.iptv.macc.com.ua/life/magnolia_3/index.m3u8,网络源,https://i.imgur.com/2cYzroj.png
Шаян ТВ (Татарстан) (1080p),https://shayan.bonus-tv.ru/cdn/shayan/playlist.m3u8,网络源,https://i.imgur.com/CvFwczN.png
Щёлковское ТВ (576p) [Not 24/7],http://stream0.tv41.ru/live.m3u8,网络源,https://i.imgur.com/0us6l04.png
ЭлТР (480p) [Not 24/7],http://gohoski.fvds.ru:3000/mediabay/162/index.m3u8,网络源,https://i.ibb.co/r6czQwQ/365049798-774721644658455-5702658175909463406-n-2.png
ЭлТР Билим Илим (480p) [Not 24/7],http://gohoski.fvds.ru:3000/mediabay/611/index.m3u8,网络源,https://i.ibb.co/qswtSWm/428598841-309456895457301-6206911287895397651-n-1.png
Ювелирочка ТВ (576p),https://live-uvelirochka.cdnvideo.ru/uvelirochka/uvelirochka_720p3/playlist.m3u8,网络源,https://i.imgur.com/IcWtXCZ.png
Югра (1080p),https://live-ugratv.cdnvideo.ru/ugratv/ugratv/playlist.m3u8,网络源,https://i.imgur.com/561FRwI.png
中国气象 (576p) [Not 24/7],http://hls.weathertv.cn/tslslive/qCFIfHB/hls/live_sd.m3u8,网络源,https://i.imgur.com/syNwDpg.png
云南卫视 (1080p),https://hwapi.yunshicloud.com/8xughf/e0bx15.m3u8,网络源,https://www.tvchinese.net/uploads/tv/yunnantv.jpg
优漫卡通 (576p),http://183.207.249.15/PLTV/4/224/3221225933/index.m3u8,网络源,https://i.imgur.com/GZInf2W.png
兵团卫视 (540p) [Not 24/7],http://112.25.48.68/live/program/live/btws/1300000/mnf.m3u8,网络源,https://i.imgur.com/Y4qxDqz.png
凤凰中文 (720p),http://223.110.245.139/ott.js.chinamobile.com/PLTV/3/224/3221226922/index.m3u8,网络源,https://raw.githubusercontent.com/wanglindl/TVlogo/main/img/Phoenix1.png
凤凰资讯 (720p),http://223.110.245.167/ott.js.chinamobile.com/PLTV/3/224/3221226923/index.m3u8,网络源,https://i.imgur.com/mt4h3VO.png
动作电影 (1080p),http://39.134.19.68/dbiptv.sn.chinamobile.com/PLTV/88888888/224/3221226465/index.m3u8,网络源,https://i.imgur.com/AuiVcyh.png
发现之旅 (576p),http://125.210.152.18:9090/live/FXZL_750.m3u8,网络源,https://i.imgur.com/2FJfPDx.png
和政电视台,http://117.156.28.119/270000001111/1110000149/index.m3u8,网络源,https://upload.wikimedia.org/wikipedia/zh/2/28/%E7%94%98%E8%82%83%E5%8D%AB%E8%A7%86.png
四川卫视 (576p),http://39.134.115.163:8080/PLTV/88888910/224/3221225733/index.m3u8,网络源,https://i.imgur.com/r5xivih.png
四川妇女儿童 (720p) [Not 24/7],http://scgctvshow.sctv.com/hdlive/sctv7/index.m3u8,网络源,https://i.imgur.com/1lGO0vY.png
天津卫视 (1080p),http://39.134.115.163:8080/PLTV/88888910/224/3221225698/index.m3u8,网络源,https://i.imgur.com/Bg24eaH.png
宁夏卫视 (576p),http://39.134.115.163:8080/PLTV/88888910/224/3221225726/index.m3u8,网络源,https://i.imgur.com/nUQE4Ib.png
家庭影院 (1080p),http://39.134.19.153/dbiptv.sn.chinamobile.com/PLTV/88888888/224/3221226462/index.m3u8,网络源,https://i.imgur.com/AwBldBE.png
山东体育 (1080p) [Geo-blocked],http://livealone302.iqilu.com/iqilu/typd.m3u8,网络源,https://i.imgur.com/zX4RxvG.png
山东农科 (406p) [Geo-blocked],http://livealone302.iqilu.com/iqilu/nkpd.m3u8,网络源,https://i.imgur.com/EY2zH06.png
山东卫视 (720p),http://125.210.152.18:9090/live/SDWSHD_H265.m3u8,网络源,https://www.tvchinese.net/uploads/tv/shandongtv.jpg
山东卫视 (1080p),http://39.134.115.163:8080/PLTV/88888910/224/3221225697/index.m3u8,网络源,https://i.imgur.com/t3ICc4i.png
山东少儿 (406p) [Geo-blocked],http://livealone302.iqilu.com/iqilu/sepd.m3u8,网络源,https://i.imgur.com/ph7YKNa.png
山东生活 (1080p) [Geo-blocked],http://livealone302.iqilu.com/iqilu/shpd.m3u8,网络源,https://i.imgur.com/bWPiC14.png
山东综艺 (406p) [Geo-blocked],http://livealone302.iqilu.com/iqilu/zypd.m3u8,网络源,https://i.imgur.com/a2XK8N9.png
山东齐鲁 (1080p) [Geo-blocked],http://livealone302.iqilu.com/iqilu/qlpd.m3u8,网络源,https://i.imgur.com/U9wNMmm.png
康巴卫视 (576p),http://223.110.245.139/PLTV/4/224/3221227008/index.m3u8,网络源,https://i.imgur.com/UKKsnhD.png
徐州經濟生活 (1080p),http://223.110.245.167/ott.js.chinamobile.com/PLTV/3/224/3221225947/index.m3u8,网络源,
敦煌电视台 (1080p),http://117.156.28.119/270000001111/1110000028/index.m3u8,网络源,https://i.imgur.com/RpGKOQd.jpg
江苏体育 (576p),http://183.207.248.71/gitv/live1/G_JSTY/G_JSTY,网络源,https://www.tvchinese.net/uploads/tv/jsty.jpg
江苏公共 (576p),http://183.207.248.71/gitv/live1/G_JSGG/G_JSGG,网络源,https://www.tvchinese.net/uploads/tv/jsgg.jpg
江苏卫视 (1080p),http://39.134.24.166/dbiptv.sn.chinamobile.com/PLTV/88888890/224/3221226200/index.m3u8,网络源,
江苏城市 (576p),http://183.207.248.71/gitv/live1/G_JSCS/G_JSCS,网络源,https://www.tvchinese.net/uploads/tv/jscs.jpg
江苏影视 (576p),http://223.110.243.134/PLTV/4/224/3221225937/index.m3u8,网络源,https://www.tvchinese.net/uploads/tv/jsys.jpg
江苏教育 (576p),http://223.110.245.151/ott.js.chinamobile.com/PLTV/3/224/3221225923/index.m3u8,网络源,https://www.tvchinese.net/uploads/tv/jsjy.jpg
江苏综艺 (576p) [Not 24/7],http://183.207.248.71/gitv/live1/G_JSZY/G_JSZY,网络源,https://www.tvchinese.net/uploads/tv/jszy.jpg
江西卫视 (1080p),http://39.134.115.163:8080/PLTV/88888910/224/3221225705/index.m3u8,网络源,https://i.imgur.com/RrLthH3.png
浙江卫视 (1080p),http://39.134.115.163:8080/PLTV/88888910/224/3221225703/index.m3u8,网络源,https://i.imgur.com/NFFQNhq.png
滁州市广播电视台 公共频道 (400p),http://live.cztv.cc:85/live/ggpd.m3u8,网络源,https://i.imgur.com/9JfZJRv.png
滁州市广播电视台 新闻综合频道 (1080p),http://live.cztv.cc:85/live/xwpd.m3u8,网络源,https://i.imgur.com/9JfZJRv.png
滁州市广播电视台 科教频道 (400p),http://live.cztv.cc:85/live/sjpd.m3u8,网络源,https://i.imgur.com/9JfZJRv.png
白城新闻综合 [Geo-blocked],https://stream2.jlntv.cn/baicheng1/sd/live.m3u8,网络源,https://www.tvchinese.net/uploads/tv/baicheng.jpg
纪实人文 (1080p),http://39.135.138.59:18890/PLTV/88888910/224/3221225655/index.m3u8,网络源,https://i.imgur.com/CEcNWsE.png
耀才財經台 (576p),http://202.69.67.66:443/webcast/bshdlive-pc/playlist.m3u8,网络源,https://i.imgur.com/GVYSSgm.png
萍鄉新聞綜合 (576p) [Not 24/7],http://www.pxitv.com:8099/hls-live/livepkgr/_definst_/pxitvevent/pxtv1stream.m3u8,网络源,https://i.imgur.com/Kc7htop.jpg
西安丝路 (404p) [Not 24/7],http://stream2.xiancity.cn/xatv5/playlist.m3u8,网络源,https://i.imgur.com/52i1Qnz.png
西安商务资讯 (180p) [Not 24/7],http://stream2.xiancity.cn/xatv3/playlist.m3u8,网络源,https://i.imgur.com/dzdiY4O.png
贵州卫视 (576p),http://183.207.248.71/gitv/live1/G_GUIZHOU/G_GUIZHOU,网络源,https://i.imgur.com/nkcKCdr.png
辽宁卫视 (1080p),http://39.134.39.37/PLTV/88888888/224/3221226209/index.m3u8,网络源,https://i.imgur.com/XRfeNTd.png
酒泉新闻综合 (576p),http://117.156.28.119/270000001111/1110000001/index.m3u8,网络源,https://i.imgur.com/mPkG8Gi.png
金鹰卡通 (576p),http://223.110.245.145/ott.js.chinamobile.com/PLTV/3/224/3221226303/index.m3u8,网络源,https://i.imgur.com/xfVHrKQ.png
长沙女性 [Geo-blocked],http://35848.hlsplay.aodianyun.com/guangdianyun_35848/tv_channel_349.m3u8,网络源,https://www.tvchinese.net/uploads/tv/csnxpd.jpg
长沙政法 [Geo-blocked],http://35848.hlsplay.aodianyun.com/guangdianyun_35848/tv_channel_348.m3u8,网络源,https://www.tvchinese.net/uploads/tv/cszfpd.jpg
长沙新闻 [Geo-blocked],http://35848.hlsplay.aodianyun.com/guangdianyun_35848/tv_channel_346.m3u8,网络源,https://static.tvtropes.org/pmwiki/pub/images/hunantv_logo.png
青海卫视 (576p),http://39.134.115.163:8080/PLTV/88888910/224/3221225727/index.m3u8,网络源,https://i.imgur.com/Nyuxo8S.png
风尚购物 (1080p),http://183.207.248.71/cntv/live1/fengshanggw/fengshanggw,网络源,https://i.imgur.com/WNhfnUR.png
高台电视台 (1080p),http://117.156.28.119/270000001111/1110000146/index.m3u8,网络源,https://upload.wikimedia.org/wikipedia/zh/2/28/%E7%94%98%E8%82%83%E5%8D%AB%E8%A7%86.png
鹤壁新闻综合 (480p) [Not 24/7],http://pili-live-hls.hebitv.com/hebi/hebi.m3u8,网络源,https://i.imgur.com/Osw5yRW.png
黑龙江 (1080p),http://223.110.245.161/ott.js.chinamobile.com/PLTV/3/224/3221227492/index.m3u8,网络源,https://i.imgur.com/9fj1uba.png
免费订阅：请勿贩卖...,https://material.1989.click/v/302.mp4,网络源,https://material.1989.click/logo/温馨提示.png
维护时间：2025-1-15#佛系维护...,https://material.1989.click/v/301.mp4,网络源,https://material.1989.click/logo/温馨提示.png
睛彩广场舞「移动」,http://gslbserv.itv.cmvideo.cn/index.m3u8?channel-id=FifastbLive&Contentid=3000000020000011523&livemode=1&stbId=YanG-1989,网络源,https://material.1989.click/logo/睛彩广场舞.png
睛彩青少「移动」,http://gslbserv.itv.cmvideo.cn/index.m3u8?channel-id=FifastbLive&Contentid=3000000020000011525&livemode=1&stbId=YanG-1989,网络源,https://material.1989.click/logo/睛彩青少.png
睛彩竞技「移动」,http://gslbserv.itv.cmvideo.cn/index.m3u8?channel-id=FifastbLive&Contentid=3000000020000011528&livemode=1&stbId=YanG-1989,网络源,https://material.1989.click/logo/睛彩竞技.png
睛彩篮球「移动」,http://gslbserv.itv.cmvideo.cn/index.m3u8?channel-id=FifastbLive&Contentid=3000000020000011529&livemode=1&stbId=YanG-1989,网络源,https://material.1989.click/logo/睛彩篮球.png
咪咕直播 𝟜𝕂-𝟙「移动」,http://gslbserv.itv.cmvideo.cn/index.m3u8?channel-id=FifastbLive&Contentid=3000000010000005180&livemode=1&stbId=YanG-1989,网络源,https://material.1989.click/logo/咪咕.png
咪咕直播 𝟜𝕂-𝟚「移动」,http://gslbserv.itv.cmvideo.cn/index.m3u8?channel-id=FifastbLive&Contentid=3000000010000015686&livemode=1&stbId=YanG-1989,网络源,https://material.1989.click/logo/咪咕.png
咪咕直播 𝟙「移动」,http://gslbserv.itv.cmvideo.cn/index.m3u8?channel-id=FifastbLive&Contentid=3000000001000005308&livemode=1&stbId=YanG-1989,网络源,https://material.1989.click/logo/咪咕.png
咪咕直播 𝟚「移动」,http://gslbserv.itv.cmvideo.cn/index.m3u8?channel-id=FifastbLive&Contentid=3000000001000005969&livemode=1&stbId=YanG-1989,网络源,https://material.1989.click/logo/咪咕.png
咪咕直播 𝟛「移动」,http://gslbserv.itv.cmvideo.cn/index.m3u8?channel-id=FifastbLive&Contentid=3000000001000007218&livemode=1&stbId=YanG-1989,网络源,https://material.1989.click/logo/咪咕.png
咪咕直播 𝟜「移动」,http://gslbserv.itv.cmvideo.cn//index.m3u8?channel-id=FifastbLive&Contentid=3000000001000008001&livemode=1&stbId=YanG-1989,网络源,https://material.1989.click/logo/咪咕.png
咪咕直播 𝟝「移动」,http://gslbserv.itv.cmvideo.cn/index.m3u8?channel-id=FifastbLive&Contentid=3000000001000008176&livemode=1&stbId=YanG-1989,网络源,https://material.1989.click/logo/咪咕.png
咪咕直播 𝟞「移动」,http://gslbserv.itv.cmvideo.cn/index.m3u8?channel-id=FifastbLive&Contentid=3000000001000008379&livemode=1&stbId=YanG-1989,网络源,https://material.1989.click/logo/咪咕.png
咪咕直播 𝟟「移动」,http://gslbserv.itv.cmvideo.cn/index.m3u8?channel-id=FifastbLive&Contentid=3000000001000010129&livemode=1&stbId=YanG-1989,网络源,https://material.1989.click/logo/咪咕.png
咪咕直播 𝟠「移动」,http://gslbserv.itv.cmvideo.cn/index.m3u8?channel-id=FifastbLive&Contentid=3000000001000010948&livemode=1&stbId=YanG-1989,网络源,https://material.1989.click/logo/咪咕.png
咪咕直播 𝟡「移动」,http://gslbserv.itv.cmvideo.cn/index.m3u8?channel-id=FifastbLive&Contentid=3000000001000028638&livemode=1&stbId=YanG-1989,网络源,https://material.1989.click/logo/咪咕.png
咪咕直播 𝟙𝟘「移动」,http://gslbserv.itv.cmvideo.cn/index.m3u8?channel-id=FifastbLive&Contentid=3000000001000031494&livemode=1&stbId=YanG-1989,网络源,https://material.1989.click/logo/咪咕.png
咪咕直播 𝟙𝟙「移动」,http://gslbserv.itv.cmvideo.cn/index.m3u8?channel-id=FifastbLive&Contentid=3000000010000000097&livemode=1&stbId=YanG-1989,网络源,https://material.1989.click/logo/咪咕.png
咪咕直播 𝟙𝟚「移动」,http://gslbserv.itv.cmvideo.cn/index.m3u8?channel-id=FifastbLive&Contentid=3000000010000002019&livemode=1&stbId=YanG-1989,网络源,https://material.1989.click/logo/咪咕.png
咪咕直播 𝟙𝟛「移动」,http://gslbserv.itv.cmvideo.cn/index.m3u8?channel-id=FifastbLive&Contentid=3000000010000002809&livemode=1&stbId=YanG-1989,网络源,https://material.1989.click/logo/咪咕.png
咪咕直播 𝟙𝟜「移动」,http://gslbserv.itv.cmvideo.cn/index.m3u8?channel-id=FifastbLive&Contentid=3000000010000003915&livemode=1&stbId=YanG-1989,网络源,https://material.1989.click/logo/咪咕.png
咪咕直播 𝟙𝟝「移动」,http://gslbserv.itv.cmvideo.cn/index.m3u8?channel-id=FifastbLive&Contentid=3000000010000004193&livemode=1&stbId=YanG-1989,网络源,https://material.1989.click/logo/咪咕.png
咪咕直播 𝟙𝟞「移动」,http://gslbserv.itv.cmvideo.cn/index.m3u8?channel-id=FifastbLive&Contentid=3000000010000005837&livemode=1&stbId=YanG-1989,网络源,https://material.1989.click/logo/咪咕.png
咪咕直播 𝟙𝟟「移动」,http://gslbserv.itv.cmvideo.cn/index.m3u8?channel-id=FifastbLive&Contentid=3000000010000006077&livemode=1&stbId=YanG-1989,网络源,https://material.1989.click/logo/咪咕.png
咪咕直播 𝟙𝟠「移动」,http://gslbserv.itv.cmvideo.cn/index.m3u8?channel-id=FifastbLive&Contentid=3000000010000006658&livemode=1&stbId=YanG-1989,网络源,https://material.1989.click/logo/咪咕.png
咪咕直播 𝟙𝟡「移动」,http://gslbserv.itv.cmvideo.cn/index.m3u8?channel-id=FifastbLive&Contentid=3000000010000009788&livemode=1&stbId=YanG-1989,网络源,https://material.1989.click/logo/咪咕.png
咪咕直播 𝟚𝟘「移动」,http://gslbserv.itv.cmvideo.cn/index.m3u8?channel-id=FifastbLive&Contentid=3000000010000010833&livemode=1&stbId=YanG-1989,网络源,https://material.1989.click/logo/咪咕.png
咪咕直播 𝟚𝟙「移动」,http://gslbserv.itv.cmvideo.cn/index.m3u8?channel-id=FifastbLive&Contentid=3000000010000011297&livemode=1&stbId=YanG-1989,网络源,https://material.1989.click/logo/咪咕.png
咪咕直播 𝟚𝟚「移动」,http://gslbserv.itv.cmvideo.cn/index.m3u8?channel-id=FifastbLive&Contentid=3000000010000011518&livemode=1&stbId=YanG-1989,网络源,https://material.1989.click/logo/咪咕.png
咪咕直播 𝟚𝟛「移动」,http://gslbserv.itv.cmvideo.cn/index.m3u8?channel-id=FifastbLive&Contentid=3000000010000012558&livemode=1&stbId=YanG-1989,网络源,https://material.1989.click/logo/咪咕.png
咪咕直播 𝟚𝟜「移动」,http://gslbserv.itv.cmvideo.cn/index.m3u8?channel-id=FifastbLive&Contentid=3000000010000012616&livemode=1&stbId=YanG-1989,网络源,https://material.1989.click/logo/咪咕.png
咪咕直播 𝟚𝟝「移动」,http://gslbserv.itv.cmvideo.cn/index.m3u8?channel-id=FifastbLive&Contentid=3000000010000015470&livemode=1&stbId=YanG-1989,网络源,https://material.1989.click/logo/咪咕.png
咪咕直播 𝟚𝟞「移动」,http://gslbserv.itv.cmvideo.cn/index.m3u8?channel-id=FifastbLive&Contentid=3000000010000015560&livemode=1&stbId=YanG-1989,网络源,https://material.1989.click/logo/咪咕.png
咪咕直播 𝟚𝟟「移动」,http://gslbserv.itv.cmvideo.cn/index.m3u8?channel-id=FifastbLive&Contentid=3000000010000019839&livemode=1&stbId=YanG-1989,网络源,https://material.1989.click/logo/咪咕.png
咪咕直播 𝟚𝟠「移动」,http://gslbserv.itv.cmvideo.cn/index.m3u8?channel-id=FifastbLive&Contentid=3000000010000021904&livemode=1&stbId=YanG-1989,网络源,https://material.1989.click/logo/咪咕.png
咪咕直播 𝟚𝟡「移动」,http://gslbserv.itv.cmvideo.cn/index.m3u8?channel-id=FifastbLive&Contentid=3000000010000023434&livemode=1&stbId=YanG-1989,网络源,https://material.1989.click/logo/咪咕.png
咪咕直播 𝟛𝟘「移动」,http://gslbserv.itv.cmvideo.cn/index.m3u8?channel-id=FifastbLive&Contentid=3000000010000025380&livemode=1&stbId=YanG-1989,网络源,https://material.1989.click/logo/咪咕.png
咪咕直播 𝟛𝟙「移动」,http://gslbserv.itv.cmvideo.cn/index.m3u8?channel-id=FifastbLive&Contentid=3000000010000027691&livemode=1&stbId=YanG-1989,网络源,https://material.1989.click/logo/咪咕.png
咪咕直播 𝟛𝟚「移动」,http://gslbserv.itv.cmvideo.cn/index.m3u8?channel-id=FifastbLive&Contentid=3000000020000011518&livemode=1&stbId=YanG-1989,网络源,https://material.1989.click/logo/咪咕.png
咪咕直播 𝟛𝟛「移动」,http://gslbserv.itv.cmvideo.cn/index.m3u8?channel-id=FifastbLive&Contentid=3000000020000011519&livemode=1&stbId=YanG-1989,网络源,https://material.1989.click/logo/咪咕.png
咪咕直播 𝟛𝟜「移动」,http://gslbserv.itv.cmvideo.cn/index.m3u8?channel-id=FifastbLive&Contentid=3000000020000011520&livemode=1&stbId=YanG-1989,网络源,https://material.1989.click/logo/咪咕.png
咪咕直播 𝟛𝟝「移动」,http://gslbserv.itv.cmvideo.cn/index.m3u8?channel-id=FifastbLive&Contentid=3000000020000011521&livemode=1&stbId=YanG-1989,网络源,https://material.1989.click/logo/咪咕.png
咪咕直播 𝟛𝟞「移动」,http://gslbserv.itv.cmvideo.cn/index.m3u8?channel-id=FifastbLive&Contentid=3000000020000011522&livemode=1&stbId=YanG-1989,网络源,https://material.1989.click/logo/咪咕.png
「B站」热门赛事,http://dns.yiandrive.com:15907/bilibili/10,网络源,https://material.1989.click/logo/哔哩哔哩.png
「B站」CS 2,https://cdn-3.ttvb.eu.org/bilibili/21622811,网络源,https://material.1989.click/logo/哔哩哔哩.png
「虎牙」CS 2,https://cdn-3.ttvb.eu.org/huya/483917,网络源,https://material.1989.click/logo/虎牙.png
「B站」英雄联盟,https://cdn-3.ttvb.eu.org/bilibili/6,网络源,https://material.1989.click/logo/哔哩哔哩.png
「虎牙」英雄联盟 𝟙,https://cdn-3.ttvb.eu.org/huya/660000,网络源,https://material.1989.click/logo/虎牙.png
「虎牙」英雄联盟 𝟚,https://cdn-3.ttvb.eu.org/huya/660001,网络源,https://material.1989.click/logo/虎牙.png
「斗鱼」英雄联盟 𝟙,https://cdn-3.ttvb.eu.org/douyu/288016,网络源,https://material.1989.click/logo/斗鱼.png
「斗鱼」英雄联盟 𝟚,https://cdn-3.ttvb.eu.org/douyu/424559,网络源,https://material.1989.click/logo/斗鱼.png
「B站」英雄联盟•手游,https://cdn-3.ttvb.eu.org/bilibili/23138275,网络源,https://material.1989.click/logo/哔哩哔哩.png
「B站」王者荣耀 𝟙,https://cdn-3.ttvb.eu.org/bilibili/55,网络源,https://material.1989.click/logo/哔哩哔哩.png
「B站」王者荣耀 𝟚,https://cdn-3.ttvb.eu.org/bilibili/21654762,网络源,https://material.1989.click/logo/哔哩哔哩.png
「虎牙」王者荣耀 𝟙,https://cdn-3.ttvb.eu.org/huya/660002,网络源,https://material.1989.click/logo/虎牙.png
「虎牙」王者荣耀 𝟚,https://cdn-3.ttvb.eu.org/huya/660164,网络源,https://material.1989.click/logo/虎牙.png
「斗鱼」王者荣耀 𝟙,https://cdn-3.ttvb.eu.org/douyu/1863767,网络源,https://material.1989.click/logo/斗鱼.png
「斗鱼」王者荣耀 𝟚,https://cdn-3.ttvb.eu.org/douyu/1984839,网络源,https://material.1989.click/logo/斗鱼.png
「B站」绝地求生,https://cdn-3.ttvb.eu.org/bilibili/98,网络源,https://material.1989.click/logo/哔哩哔哩.png
「虎牙」绝地求生 𝟙,https://cdn-3.ttvb.eu.org/huya/660004,网络源,https://material.1989.click/logo/虎牙.png
「虎牙」绝地求生 𝟚,https://cdn-3.ttvb.eu.org/huya/660005,网络源,https://material.1989.click/logo/虎牙.png
「斗鱼」绝地求生,https://cdn-3.ttvb.eu.org/douyu/100,网络源,https://material.1989.click/logo/斗鱼.png
「虎牙」和平精英,https://cdn-3.ttvb.eu.org/huya/660006,网络源,https://material.1989.click/logo/虎牙.png
「斗鱼」和平精英,https://cdn-3.ttvb.eu.org/douyu/999,网络源,https://material.1989.click/logo/斗鱼.png
「虎牙」金铲铲之战,https://cdn-3.ttvb.eu.org/huya/660579,网络源,https://material.1989.click/logo/虎牙.png
「斗鱼」金铲铲之战,https://cdn-3.ttvb.eu.org/douyu/9715241,网络源,https://material.1989.click/logo/斗鱼.png
「虎牙」DOTA2,https://cdn-3.ttvb.eu.org/huya/660118,网络源,https://material.1989.click/logo/虎牙.png
「斗鱼」DOTA2,https://cdn-3.ttvb.eu.org/douyu/3811559,网络源,https://material.1989.click/logo/斗鱼.png
「斗鱼」云顶之弈,https://cdn-3.ttvb.eu.org/douyu/522423,网络源,https://material.1989.click/logo/斗鱼.png
「虎牙」永劫无间,https://cdn-3.ttvb.eu.org/huya/660115,网络源,https://material.1989.click/logo/虎牙.png
「斗鱼」永劫无间,https://cdn-3.ttvb.eu.org/huya/9662891,网络源,https://material.1989.click/logo/斗鱼.png
「B站」使命召唤•手游,https://cdn-3.ttvb.eu.org/bilibili/22741849,网络源,https://material.1989.click/logo/哔哩哔哩.png
「虎牙」使命召唤•手游,https://cdn-3.ttvb.eu.org/huya/11718629,网络源,https://material.1989.click/logo/虎牙.png
「斗鱼」使命召唤•手游,https://cdn-3.ttvb.eu.org/douyu/9223245,网络源,https://material.1989.click/logo/斗鱼.png
「虎牙」穿越火线,https://cdn-3.ttvb.eu.org/huya/660101,网络源,https://material.1989.click/logo/虎牙.png
「斗鱼」穿越火线 𝟙,https://cdn-3.ttvb.eu.org/douyu/605964,网络源,https://material.1989.click/logo/斗鱼.png
「斗鱼」穿越火线 𝟚,https://cdn-3.ttvb.eu.org/douyu/5388537,网络源,https://material.1989.click/logo/斗鱼.png
「虎牙」穿越火线•手游,https://cdn-3.ttvb.eu.org/huya/660102,网络源,https://material.1989.click/logo/虎牙.png
「B站」第五人格,https://cdn-3.ttvb.eu.org/bilibili/5555,网络源,https://material.1989.click/logo/哔哩哔哩.png
「虎牙」第五人格,https://cdn-3.ttvb.eu.org/huya/idvesports,网络源,https://material.1989.click/logo/虎牙.png
「斗鱼」第五人格,https://cdn-3.ttvb.eu.org/douyu/3226194,网络源,https://material.1989.click/logo/斗鱼.png
「虎牙」逆战,https://cdn-3.ttvb.eu.org/huya/nsl2021,网络源,https://material.1989.click/logo/虎牙.png
「B站」无畏契约,https://cdn-3.ttvb.eu.org/bilibili/22908869,网络源,https://material.1989.click/logo/哔哩哔哩.png
「虎牙」无畏契约,https://cdn-3.ttvb.eu.org/huya/660679,网络源,https://material.1989.click/logo/虎牙.png
「斗鱼」无畏契约,https://cdn-3.ttvb.eu.org/douyu/4585645,网络源,https://material.1989.click/logo/斗鱼.png
「斗鱼」原神,https://cdn-3.ttvb.eu.org/douyu/10853239,网络源,https://material.1989.click/logo/斗鱼.png
「B站」QQ飞车•手游,https://cdn-3.ttvb.eu.org/bilibili/21743919,网络源,https://material.1989.click/logo/哔哩哔哩.png
「斗鱼」QQ飞车•手游,https://cdn-3.ttvb.eu.org/douyu/5040227,网络源,https://material.1989.click/logo/斗鱼.png
「斗鱼」梦幻西游·手游,https://cdn-3.ttvb.eu.org/huya/9163712,网络源,https://material.1989.click/logo/斗鱼.png
「斗鱼」街霸,https://cdn-3.ttvb.eu.org/huya/11437,网络源,https://material.1989.click/logo/斗鱼.png
「B站」JJ斗地主,https://cdn-3.ttvb.eu.org/bilibili/22021983,网络源,https://material.1989.click/logo/哔哩哔哩.png
「斗鱼」JJ斗地主,https://cdn-3.ttvb.eu.org/douyu/488743,网络源,https://material.1989.click/logo/斗鱼.png
「斗鱼」我的世界,https://cdn-3.ttvb.eu.org/douyu/738878,网络源,https://material.1989.click/logo/斗鱼.png
「斗鱼」FIFA,https://cdn-3.ttvb.eu.org/douyu/7692166,网络源,https://material.1989.click/logo/斗鱼.png
「斗鱼」火影忍者,https://cdn-3.ttvb.eu.org/douyu/1997723,网络源,https://material.1989.click/logo/斗鱼.png
「斗鱼」跑跑卡丁车,https://cdn-3.ttvb.eu.org/douyu/7722576,网络源,https://material.1989.click/logo/斗鱼.png
「斗鱼」跑跑卡丁车•手游,https://cdn-3.ttvb.eu.org/douyu/6672862,网络源,https://material.1989.click/logo/斗鱼.png
音乐石榴「音乐」,https://cdn-3.ttvb.eu.org/huya/17091681,网络源,https://material.1989.click/logo/虎牙.png
音乐速递「音乐」,https://cdn-3.ttvb.eu.org/huya/19439762,网络源,https://material.1989.click/logo/虎牙.png
治愈•放松「音乐」,https://cdn-3.ttvb.eu.org/huya/21241811,网络源,https://material.1989.click/logo/虎牙.png
阅读•学习「音乐」,https://cdn-3.ttvb.eu.org/huya/21241813,网络源,https://material.1989.click/logo/虎牙.png
电视剧•1「解说」,https://cdn-3.ttvb.eu.org/huya/21277391,网络源,https://material.1989.click/logo/虎牙.png
电视剧•2「解说」,https://cdn-3.ttvb.eu.org/huya/25018873,网络源,https://material.1989.click/logo/虎牙.png
电影•1「解说」,https://cdn-3.ttvb.eu.org/huya/20289754,网络源,https://material.1989.click/logo/虎牙.png
电影•2「解说」,https://cdn-3.ttvb.eu.org/huya/24983280,网络源,https://material.1989.click/logo/虎牙.png
电影•3「解说」,https://cdn-3.ttvb.eu.org/huya/24396428,网络源,https://material.1989.click/logo/虎牙.png
动漫•1「解说」,https://cdn-3.ttvb.eu.org/huya/19757963,网络源,https://material.1989.click/logo/虎牙.png
恐怖电影「解说」,https://cdn-3.ttvb.eu.org/huya/23419131,网络源,https://material.1989.click/logo/虎牙.png
漫威「解说」,https://cdn-3.ttvb.eu.org/huya/17089779,网络源,https://material.1989.click/logo/虎牙.png
美剧「解说」,https://cdn-3.ttvb.eu.org/huya/20488841,网络源,https://material.1989.click/logo/虎牙.png
七龙珠「解说」,https://cdn-3.ttvb.eu.org/huya/25650806,网络源,https://material.1989.click/logo/虎牙.png
止戈电影「解说」,https://cdn-3.ttvb.eu.org/huya/19863777,网络源,https://material.1989.click/logo/虎牙.png
挨饿德•1「其他」,https://cdn-3.ttvb.eu.org/huya/20985858,网络源,https://material.1989.click/logo/虎牙.png
挨饿德•2「其他」,https://cdn-3.ttvb.eu.org/huya/17693860,网络源,https://material.1989.click/logo/虎牙.png
互扇巴掌大赛「其他」,https://cdn-3.ttvb.eu.org/huya/20072873,网络源,https://material.1989.click/logo/虎牙.png
荒野求生「其他」,https://cdn-3.ttvb.eu.org/huya/593667,网络源,https://material.1989.click/logo/虎牙.png
野行者「其他」,https://cdn-3.ttvb.eu.org/huya/20072663,网络源,https://material.1989.click/logo/虎牙.png
跳舞「其他」,https://cdn-3.ttvb.eu.org/huya/24634408,网络源,https://material.1989.click/logo/虎牙.png
茶啊二中「动画」,https://cdn-3.ttvb.eu.org/huya/11213191,网络源,https://material.1989.click/logo/虎牙.png
哆啦A梦「动漫」,https://cdn-3.ttvb.eu.org/huya/11601963,网络源,https://material.1989.click/logo/虎牙.png
航海王「动漫」,https://cdn-3.ttvb.eu.org/huya/16913382,网络源,https://material.1989.click/logo/虎牙.png
七龙珠「动漫」,https://cdn-3.ttvb.eu.org/huya/11601966,网络源,https://material.1989.click/logo/虎牙.png
猫和老鼠「动漫」,https://cdn-3.ttvb.eu.org/huya/11352879,网络源,https://material.1989.click/logo/虎牙.png
中华小当家「动漫」,https://cdn-3.ttvb.eu.org/huya/11342413,网络源,https://material.1989.click/logo/虎牙.png
20260915 06:50,http://ottrrs.hl.chinamobile.com/PLTV/88888888/224/3221226537/index.m3u8,网络源,
CCTV1,http://ottrrs.hl.chinamobile.com/PLTV/88888888/224/3221226016/index.m3u8,网络源,
CCTV1,http://198.204.228.26/live/cctv1hd.m3u8,网络源,
CCTV1,http://204.12.221.218:8181/3m1080p/cctv1.m3u8,网络源,
CCTV1,http://kkk.888.3116598.xyz/api.php?n=tttt&id=GRslVT&tk=FgM0vQMejxvG,网络源,
CCTV1,http://38.75.136.137:98/gslb/dsdqbv/cctv1hd.m3u8?auth=test20251009,网络源,
CCTV1,http://kkk.888.3116598.xyz/api.php?n=tttt&id=ol4Xj9&tk=FgM0vQMejxvG,网络源,
CCTV1,http://kkk.888.3116598.xyz/api.php?n=tttt&id=BovPet&tk=FgM0vQMejxvG,网络源,
CCTV1,http://kkk.888.3116598.xyz/api.php?n=tttt&id=sPzAe7&tk=FgM0vQMejxvG,网络源,
CCTV1,http://kkk.888.3116598.xyz/api.php?n=tttt&id=b3eXPo&tk=FgM0vQMejxvG,网络源,
CCTV1,http://kkk.888.3116598.xyz/api.php?n=tttt&id=DASpOl&tk=FgM0vQMejxvG,网络源,
CCTV1,http://kkk.888.3116598.xyz/api.php?n=tttt&id=PldLrS&tk=FgM0vQMejxvG,网络源,
CCTV1,http://kkk.888.3116598.xyz/api.php?n=tttt&id=M8UbAJ&tk=FgM0vQMejxvG,网络源,
CCTV1,http://kkk.888.3116598.xyz/api.php?n=tttt&id=VaAaU1&tk=FgM0vQMejxvG,网络源,
CCTV1,http://63.141.230.178:82/gslb/zbdq5.m3u8?id=cctv1hd,网络源,
CCTV1,http://173.208.212.130:8181/720p/cctv1.m3u8,网络源,
CCTV1,http://183.129.255.66:8480/hls/1/index.m3u8,网络源,
CCTV1,http://223.247.25.228:1234/608807420,网络源,
CCTV1,http://117.63.79.167:1234/608807420,网络源,
CCTV2,http://ottrrs.hl.chinamobile.com/PLTV/88888888/224/3221225588/index.m3u8,网络源,
CCTV2,http://107.150.60.122/live/cctv2hd.m3u8,网络源,
CCTV2,http://192.151.150.154/live/cctv2hd.m3u8,网络源,
CCTV2,http://173.208.212.130:8181/720p/cctv2.m3u8,网络源,
CCTV2,http://198.204.228.26/live/cctv2hd.m3u8,网络源,
CCTV2,http://204.12.221.218:8181/3m1080p/cctv2.m3u8,网络源,
CCTV2,http://173.208.212.130:8181/1080p/cctv2.m3u8,网络源,
CCTV2,http://69.30.245.50/live/cctv2.m3u8,网络源,
CCTV2,http://kkk.888.3116598.xyz/api.php?n=tttt&id=qaUykc&tk=FgM0vQMejxvG,网络源,
CCTV2,http://kkk.888.3116598.xyz/api.php?n=tttt&id=sJQzul&tk=FgM0vQMejxvG,网络源,
CCTV2,http://kkk.888.3116598.xyz/api.php?n=tttt&id=xwqfUv&tk=FgM0vQMejxvG,网络源,
CCTV2,http://kkk.888.3116598.xyz/api.php?n=tttt&id=uO3YKJ&tk=FgM0vQMejxvG,网络源,
CCTV2,http://kkk.888.3116598.xyz/api.php?n=tttt&id=kMsOKh&tk=FgM0vQMejxvG,网络源,
CCTV2,http://kkk.888.3116598.xyz/api.php?n=tttt&id=fSEU0s&tk=FgM0vQMejxvG,网络源,
CCTV2,http://kkk.888.3116598.xyz/api.php?n=tttt&id=l8iCee&tk=FgM0vQMejxvG,网络源,
CCTV2,http://63.141.230.178:82/gslb/zbdq5.m3u8?id=cctv2hd,网络源,
CCTV2,http://223.247.25.228:1234/631780532,网络源,
CCTV2,http://183.129.255.66:8480/hls/2/index.m3u8,网络源,
CCTV2,http://117.63.79.167:1234/631780532,网络源,
CCTV3,http://ottrrs.hl.chinamobile.com/PLTV/88888888/224/3221226021/index.m3u8,网络源,
CCTV3,http://107.150.60.122/live/cctv3hd.m3u8,网络源,
CCTV3,http://69.30.245.50/live/cctv3.m3u8,网络源,
CCTV3,https://piccpndali.v.myalicdn.com/audio/cctv3_2.m3u8,网络源,
CCTV3,http://kkk.888.3116598.xyz/api.php?n=tttt&id=CaQ9Sy&tk=FgM0vQMejxvG,网络源,
CCTV3,http://kkk.888.3116598.xyz/api.php?n=tttt&id=rt36k7&tk=FgM0vQMejxvG,网络源,
CCTV3,http://kkk.888.3116598.xyz/api.php?n=tttt&id=kBy2n1&tk=FgM0vQMejxvG,网络源,
CCTV3,http://kkk.888.3116598.xyz/api.php?n=tttt&id=fxi4hL&tk=FgM0vQMejxvG,网络源,
CCTV3,http://kkk.888.3116598.xyz/api.php?n=tttt&id=dFegbT&tk=FgM0vQMejxvG,网络源,
CCTV3,http://kkk.888.3116598.xyz/api.php?n=tttt&id=4mFBaV&tk=FgM0vQMejxvG,网络源,
CCTV3,http://kkk.888.3116598.xyz/api.php?n=tttt&id=ODKBWl&tk=FgM0vQMejxvG,网络源,
CCTV3,http://63.141.230.178:82/gslb/zbdq5.m3u8?id=cctv3hd,网络源,
CCTV3,http://223.247.25.228:1234/624878271,网络源,
CCTV3,http://183.129.255.66:8480/hls/3/index.m3u8,网络源,
CCTV3,http://fn.gcl.de5.net:5908/gsh950428/624878271,网络源,
CCTV3,http://120.76.248.139/live/bfgd/4200000062.m3u8,网络源,
CCTV3,http://221.226.51.220:50081/newlive/live/hls/3/live.m3u8,网络源,
CCTV3,http://182.61.15.163:80/624878271,网络源,
CCTV3,http://58.57.40.22:9901/tsfile/live/1002_1.m3u8,网络源,
CCTV4,http://ottrrs.hl.chinamobile.com/PLTV/88888888/224/3221226428/index.m3u8,网络源,
CCTV4,http://107.150.60.122/live/cctv4hd.m3u8,网络源,
CCTV4,http://173.208.212.130:8181/1080p/cctv4.m3u8,网络源,
CCTV4,http://kkk.888.3116598.xyz/api.php?n=tttt&id=MjsnQU&tk=FgM0vQMejxvG,网络源,
CCTV4,http://kkk.888.3116598.xyz/api.php?n=tttt&id=UqeuE0&tk=FgM0vQMejxvG,网络源,
CCTV4,http://kkk.888.3116598.xyz/api.php?n=tttt&id=m9nAWA&tk=FgM0vQMejxvG,网络源,
CCTV4,http://kkk.888.3116598.xyz/api.php?n=tttt&id=WdwTvm&tk=FgM0vQMejxvG,网络源,
CCTV4,http://kkk.888.3116598.xyz/api.php?n=tttt&id=S8SfWs&tk=FgM0vQMejxvG,网络源,
CCTV4,http://38.75.136.137:98/gslb/dsdqpub/cctv4k.m3u8?auth=testpub,网络源,
CCTV4,http://kkk.888.3116598.xyz/api.php?n=tttt&id=b0DLyC&tk=FgM0vQMejxvG,网络源,
CCTV4,http://63.141.230.178:82/gslb/zbdq5.m3u8?id=cctv4hd,网络源,
CCTV4,http://63.141.230.178:82/gslb/zbdq5.m3u8?id=cctv4k,网络源,
CCTV4,http://223.247.25.228:1234/631780421,网络源,
CCTV4,http://120.76.248.139/live/bfgd/4200000063.m3u8,网络源,
CCTV4,http://117.63.79.167:1234/631780421,网络源,
CCTV4,http://182.61.15.163:80/631780421,网络源,
CCTV4,http://58.57.40.22:9901/tsfile/live/1003_1.m3u8,网络源,
CCTV4,http://27.12.12.92:1234/631780421,网络源,
CCTV4,http://113.57.140.161:10081/newlive/live/hls/4/live.m3u8,网络源,
CCTV5,http://ottrrs.hl.chinamobile.com/PLTV/88888888/224/3221226019/index.m3u8,网络源,
CCTV5,http://69.30.245.50/live/cctv5.m3u8,网络源,
CCTV5,http://74.91.26.218:82/live/cctv5hd.m3u8,网络源,
CCTV5,http://107.150.60.122/live/cctv5hd.m3u8,网络源,
CCTV5,http://63.141.230.178:82/gslb/zbdq5.m3u8?id=cctv5hd,网络源,
CCTV5,http://173.208.212.130:8181/720p/cctv5.m3u8,网络源,
CCTV5,http://38.75.136.137:98/gslb/dsdqbv/cctv5hd.m3u8?auth=test20251009,网络源,
CCTV5,http://kkk.888.3116598.xyz/api.php?n=tttt&id=7saWCa&tk=FgM0vQMejxvG,网络源,
CCTV5,http://kkk.888.3116598.xyz/api.php?n=tttt&id=WCkN7r&tk=FgM0vQMejxvG,网络源,
CCTV5,http://kkk.888.3116598.xyz/api.php?n=tttt&id=1A4eT4&tk=FgM0vQMejxvG,网络源,
CCTV5,http://kkk.888.3116598.xyz/api.php?n=tttt&id=un8Qbv&tk=FgM0vQMejxvG,网络源,
CCTV5,http://kkk.888.3116598.xyz/api.php?n=tttt&id=rXZ2Ua&tk=FgM0vQMejxvG,网络源,
CCTV5,http://kkk.888.3116598.xyz/api.php?n=tttt&id=Gd7JGa&tk=FgM0vQMejxvG,网络源,
CCTV5,http://kkk.888.3116598.xyz/api.php?n=tttt&id=zMqirA&tk=FgM0vQMejxvG,网络源,
CCTV5,http://221.226.51.220:50081/newlive/live/hls/5/live.m3u8,网络源,
CCTV5,http://fn.gcl.de5.net:5908/gsh950428/641886683,网络源,
CCTV5,http://183.129.255.66:8480/hls/5/index.m3u8,网络源,
CCTV5,http://223.247.25.228:1234/641886683,网络源,
CCTV5,http://120.76.248.139/live/bfgd/4200000064.m3u8,网络源,
CCTV5,http://58.57.40.22:9901/tsfile/live/1004_1.m3u8,网络源,
CCTV5+,http://ottrrs.hl.chinamobile.com/PLTV/88888888/224/3221225603/index.m3u8,网络源,
CCTV5+,http://74.91.26.218:82/live/cctv5p.m3u8,网络源,
CCTV5+,http://63.141.230.178:82/gslb/zbdq5.m3u8?id=cctv5p,网络源,
CCTV5+,http://38.75.136.137:98/gslb/dsdqbv/cctv5p.m3u8?auth=test20251009,网络源,
CCTV5+,http://kkk.888.3116598.xyz/api.php?n=tttt&id=UHwStw&tk=FgM0vQMejxvG,网络源,
CCTV5+,http://kkk.888.3116598.xyz/api.php?n=tttt&id=OWbZsv&tk=FgM0vQMejxvG,网络源,
CCTV5+,http://kkk.888.3116598.xyz/api.php?n=tttt&id=UUAF8s&tk=FgM0vQMejxvG,网络源,
CCTV5+,http://kkk.888.3116598.xyz/api.php?n=tttt&id=9O5jfh&tk=FgM0vQMejxvG,网络源,
CCTV5+,http://kkk.888.3116598.xyz/api.php?n=tttt&id=0msREY&tk=FgM0vQMejxvG,网络源,
CCTV5+,http://kkk.888.3116598.xyz/api.php?n=tttt&id=hWGyoN&tk=FgM0vQMejxvG,网络源,
CCTV5+,http://38.75.136.137:98/gslb/dsdqpub/cctv5p.m3u8?auth=testpub,网络源,
CCTV5+,https://piccpndali.v.myalicdn.com/audio/cctv5plus_2.m3u8,网络源,
CCTV5+,http://223.247.25.228:1234/641886773,网络源,
CCTV5+,http://120.76.248.139/live/bfgd/4200000246.m3u8,网络源,
CCTV5+,http://183.129.255.66:8480/hls/6/index.m3u8,网络源,
CCTV5+,http://61.136.172.236:9901/tsfile/live/0016_1.m3u8,网络源,
CCTV5+,http://58.57.40.22:9901/tsfile/live/1005_1.m3u8,网络源,
CCTV5+,http://117.63.79.167:1234/641886773,网络源,
CCTV5+,http://61.162.52.6:8088/newlive/live/hls/6/live.m3u8,网络源,
CCTV5+,http://182.61.15.163:80/641886773,网络源,
CCTV6,http://ottrrs.hl.chinamobile.com/PLTV/88888888/224/3221226010/index.m3u8,网络源,
CCTV6,http://74.91.26.218:82/live/cctv6hd.m3u8,网络源,
CCTV6,http://198.204.228.26/live/cctv6hd.m3u8,网络源,
CCTV6,http://173.208.212.130:8181/1080p/cctv6.m3u8,网络源,
CCTV6,http://kkk.888.3116598.xyz/api.php?n=tttt&id=TNm461&tk=FgM0vQMejxvG,网络源,
CCTV6,http://kkk.888.3116598.xyz/api.php?n=tttt&id=gJZdKc&tk=FgM0vQMejxvG,网络源,
CCTV6,http://kkk.888.3116598.xyz/api.php?n=tttt&id=EVXXqj&tk=FgM0vQMejxvG,网络源,
CCTV6,http://kkk.888.3116598.xyz/api.php?n=tttt&id=OBjTQM&tk=FgM0vQMejxvG,网络源,
CCTV6,http://kkk.888.3116598.xyz/api.php?n=tttt&id=Krvt15&tk=FgM0vQMejxvG,网络源,
CCTV6,http://kkk.888.3116598.xyz/api.php?n=tttt&id=nOyqEK&tk=FgM0vQMejxvG,网络源,
CCTV6,http://kkk.888.3116598.xyz/api.php?n=tttt&id=jDsfYP&tk=FgM0vQMejxvG,网络源,
CCTV6,http://198.204.240.250:82/live/cctv6.m3u8,网络源,
CCTV6,http://223.247.25.228:1234/624878396,网络源,
CCTV6,http://183.129.255.66:8480/hls/7/index.m3u8,网络源,
CCTV6,http://117.63.79.167:1234/624878396,网络源,
CCTV6,http://120.76.248.139/live/bfgd/4200000065.m3u8,网络源,
CCTV6,http://61.136.172.236:9901/tsfile/live/0006_1.m3u8,网络源,
CCTV6,http://58.57.40.22:9901/tsfile/live/1006_1.m3u8,网络源,
CCTV6,https://piccpndali.v.myalicdn.com/audio/cctv6_2.m3u8,网络源,
CCTV7,http://ottrrs.hl.chinamobile.com/PLTV/88888888/224/3221225733/index.m3u8,网络源,
CCTV7,http://69.30.245.50/live/cctv7.m3u8,网络源,
CCTV7,http://107.150.60.122/live/cctv7hd.m3u8,网络源,
CCTV7,http://kkk.888.3116598.xyz/api.php?n=tttt&id=ZBnhzm&tk=FgM0vQMejxvG,网络源,
CCTV7,http://kkk.888.3116598.xyz/api.php?n=tttt&id=m9ZlCH&tk=FgM0vQMejxvG,网络源,
CCTV7,http://kkk.888.3116598.xyz/api.php?n=tttt&id=wbdmyk&tk=FgM0vQMejxvG,网络源,
CCTV7,http://kkk.888.3116598.xyz/api.php?n=tttt&id=AtyFM3&tk=FgM0vQMejxvG,网络源,
CCTV7,http://kkk.888.3116598.xyz/api.php?n=tttt&id=79zmv5&tk=FgM0vQMejxvG,网络源,
CCTV7,http://kkk.888.3116598.xyz/api.php?n=tttt&id=IxfPG7&tk=FgM0vQMejxvG,网络源,
CCTV7,http://kkk.888.3116598.xyz/api.php?n=tttt&id=8Deu2V&tk=FgM0vQMejxvG,网络源,
CCTV7,http://kkk.888.3116598.xyz/api.php?n=tttt&id=is7Yts&tk=FgM0vQMejxvG,网络源,
CCTV7,http://kkk.888.3116598.xyz/api.php?n=tttt&id=Ydh47G&tk=FgM0vQMejxvG,网络源,
CCTV7,http://kkk.888.3116598.xyz/api.php?n=tttt&id=Nyd4Tu&tk=FgM0vQMejxvG,网络源,
CCTV7,http://63.141.230.178:82/gslb/zbdq5.m3u8?id=cctv7hd,网络源,
CCTV7,http://221.226.51.220:50081/newlive/live/hls/8/live.m3u8,网络源,
CCTV7,http://183.129.255.66:8480/hls/8/index.m3u8,网络源,
CCTV7,http://8.138.7.223/tv/cctv7.m3u8,网络源,
CCTV7,http://223.247.25.228:1234/673168121,网络源,
CCTV7,http://120.76.248.139/live/bfgd/4200000127.m3u8,网络源,
CCTV8,http://ottrrs.hl.chinamobile.com/PLTV/88888888/224/3221226008/index.m3u8,网络源,
CCTV8,http://69.30.245.50/live/cctv8.m3u8,网络源,
CCTV8,http://173.208.212.130:8181/720p/cctv8.m3u8,网络源,
CCTV8,http://kkk.888.3116598.xyz/api.php?n=tttt&id=CQPTro&tk=FgM0vQMejxvG,网络源,
CCTV8,http://kkk.888.3116598.xyz/api.php?n=tttt&id=RaUW6p&tk=FgM0vQMejxvG,网络源,
CCTV8,http://kkk.888.3116598.xyz/api.php?n=tttt&id=7mQsA2&tk=FgM0vQMejxvG,网络源,
CCTV8,http://kkk.888.3116598.xyz/api.php?n=tttt&id=SAvka7&tk=FgM0vQMejxvG,网络源,
CCTV8,http://kkk.888.3116598.xyz/api.php?n=tttt&id=7aJTX8&tk=FgM0vQMejxvG,网络源,
CCTV8,http://kkk.888.3116598.xyz/api.php?n=tttt&id=c7lPNA&tk=FgM0vQMejxvG,网络源,
CCTV8,http://kkk.888.3116598.xyz/api.php?n=tttt&id=7mjYjo&tk=FgM0vQMejxvG,网络源,
CCTV8,http://38.75.136.137:98/gslb/dsdqpub/cctv8k.m3u8?auth=testpub,网络源,
CCTV8,http://63.141.230.178:82/gslb/zbdq5.m3u8?id=cctv8hd,网络源,
CCTV8,http://183.129.255.66:8480/hls/9/index.m3u8,网络源,
CCTV8,http://223.247.25.228:1234/624878356,网络源,
CCTV8,http://58.57.40.22:9901/tsfile/live/1008_1.m3u8,网络源,
CCTV8,http://120.76.248.139/live/bfgd/4200000066.m3u8,网络源,
CCTV8,http://221.226.51.220:50081/newlive/live/hls/9/live.m3u8,网络源,
CCTV8,http://61.136.172.236:9901/tsfile/live/0008_1.m3u8,网络源,
CCTV8,http://182.61.15.163:80/624878356,网络源,
CCTV9,http://ottrrs.hl.chinamobile.com/PLTV/88888888/224/3221225734/index.m3u8,网络源,
CCTV9,http://192.151.150.154/live/cctv9hd.m3u8,网络源,
CCTV9,http://74.91.26.218:82/live/cctv9hd.m3u8,网络源,
CCTV9,http://107.150.60.122/live/cctv9hd.m3u8,网络源,
CCTV9,http://198.204.228.26/live/cctv9hd.m3u8,网络源,
CCTV9,http://69.30.245.50/live/cctv9.m3u8,网络源,
CCTV9,http://kkk.888.3116598.xyz/api.php?n=tttt&id=Pm8WZb&tk=FgM0vQMejxvG,网络源,
CCTV9,http://kkk.888.3116598.xyz/api.php?n=tttt&id=JO2JF1&tk=FgM0vQMejxvG,网络源,
CCTV9,http://kkk.888.3116598.xyz/api.php?n=tttt&id=2MGlHi&tk=FgM0vQMejxvG,网络源,
CCTV9,http://kkk.888.3116598.xyz/api.php?n=tttt&id=HIR7zL&tk=FgM0vQMejxvG,网络源,
CCTV9,http://kkk.888.3116598.xyz/api.php?n=tttt&id=lLBdRL&tk=FgM0vQMejxvG,网络源,
CCTV9,http://kkk.888.3116598.xyz/api.php?n=tttt&id=WVQx9q&tk=FgM0vQMejxvG,网络源,
CCTV9,http://kkk.888.3116598.xyz/api.php?n=tttt&id=UZcVHL&tk=FgM0vQMejxvG,网络源,
CCTV9,http://63.141.230.178:82/gslb/zbdq5.m3u8?id=cctv9hd,网络源,
CCTV9,http://223.247.25.228:1234/673168140,网络源,
CCTV9,http://183.129.255.66:8480/hls/10/index.m3u8,网络源,
CCTV9,http://221.226.51.220:50081/newlive/live/hls/10/live.m3u8,网络源,
CCTV9,http://61.136.172.236:9901/tsfile/live/0009_1.m3u8,网络源,
CCTV9,http://183.11.239.36:808/hls/27/index.m3u8,网络源,
CCTV9,http://58.57.40.22:9901/tsfile/live/1009_1.m3u8,网络源,
CCTV10,http://ottrrs.hl.chinamobile.com/PLTV/88888888/224/3221225730/index.m3u8,网络源,
CCTV10,http://69.30.245.50/live/cctv10.m3u8,网络源,
CCTV10,http://204.12.221.218:8181/3m1080p/cctv10.m3u8,网络源,
CCTV10,http://38.75.136.137:98/gslb/dsdqbv/cctv10hd.m3u8?auth=test20251009,网络源,
CCTV10,http://kkk.888.3116598.xyz/api.php?n=tttt&id=ApqQA6&tk=FgM0vQMejxvG,网络源,
CCTV10,http://kkk.888.3116598.xyz/api.php?n=tttt&id=f6EGIo&tk=FgM0vQMejxvG,网络源,
CCTV10,http://kkk.888.3116598.xyz/api.php?n=tttt&id=rMXAES&tk=FgM0vQMejxvG,网络源,
CCTV10,http://kkk.888.3116598.xyz/api.php?n=tttt&id=T960Sd&tk=FgM0vQMejxvG,网络源,
CCTV10,http://kkk.888.3116598.xyz/api.php?n=tttt&id=CnWkT3&tk=FgM0vQMejxvG,网络源,
CCTV10,http://kkk.888.3116598.xyz/api.php?n=tttt&id=pVXTcf&tk=FgM0vQMejxvG,网络源,
CCTV10,http://kkk.888.3116598.xyz/api.php?n=tttt&id=ay9SyT&tk=FgM0vQMejxvG,网络源,
CCTV10,http://kkk.888.3116598.xyz/api.php?n=tttt&id=phh4M8&tk=FgM0vQMejxvG,网络源,
CCTV10,http://kkk.888.3116598.xyz/api.php?n=tttt&id=sannGl&tk=FgM0vQMejxvG,网络源,
CCTV10,http://63.141.230.178:82/gslb/zbdq5.m3u8?id=cctv10hd,网络源,
CCTV10,http://223.247.25.228:1234/624878405,网络源,
CCTV10,http://117.63.79.167:1234/624878405,网络源,
CCTV10,http://183.129.255.66:8480/hls/11/index.m3u8,网络源,
CCTV10,http://fn.gcl.de5.net:5908/gsh950428/624878405,网络源,
CCTV10,http://183.11.239.36:808/hls/28/index.m3u8,网络源,
CCTV11,http://ottrrs.hl.chinamobile.com/PLTV/88888888/224/3221225597/index.m3u8,网络源,
CCTV11,http://198.204.228.26/live/cctv11hd.m3u8,网络源,
CCTV11,http://204.12.221.218:8181/3m1080p/cctv11.m3u8,网络源,
CCTV11,http://38.75.136.137:98/gslb/dsdqpub/cctv11hd.m3u8?auth=testpub,网络源,
CCTV11,http://kkk.888.3116598.xyz/api.php?n=tttt&id=4Mx71z&tk=FgM0vQMejxvG,网络源,
CCTV11,http://kkk.888.3116598.xyz/api.php?n=tttt&id=POoalv&tk=FgM0vQMejxvG,网络源,
CCTV11,http://38.75.136.137:98/gslb/dsdqbv/cctv11hd.m3u8?auth=test20251009,网络源,
CCTV11,http://kkk.888.3116598.xyz/api.php?n=tttt&id=pKiHMB&tk=FgM0vQMejxvG,网络源,
CCTV11,http://kkk.888.3116598.xyz/api.php?n=tttt&id=LhZ7KG&tk=FgM0vQMejxvG,网络源,
CCTV11,http://kkk.888.3116598.xyz/api.php?n=tttt&id=Z5qUGH&tk=FgM0vQMejxvG,网络源,
CCTV11,http://kkk.888.3116598.xyz/api.php?n=tttt&id=4mwask&tk=FgM0vQMejxvG,网络源,
CCTV11,http://kkk.888.3116598.xyz/api.php?n=tttt&id=qMIdN3&tk=FgM0vQMejxvG,网络源,
CCTV11,http://kkk.888.3116598.xyz/api.php?n=tttt&id=fuKSMq&tk=FgM0vQMejxvG,网络源,
CCTV11,http://63.141.230.178:82/gslb/zbdq5.m3u8?id=cctv11hd,网络源,
CCTV11,http://183.129.255.66:8480/hls/12/index.m3u8,网络源,
CCTV11,http://223.247.25.228:1234/667987558,网络源,
CCTV11,http://221.226.51.220:50081/newlive/live/hls/12/live.m3u8,网络源,
CCTV11,http://61.136.172.236:9901/tsfile/live/0011_1.m3u8?key=txiptv&playlive=1&authid=0,网络源,
CCTV11,http://117.63.79.167:1234/667987558,网络源,
CCTV12,http://ottrrs.hl.chinamobile.com/PLTV/88888888/224/3221225731/index.m3u8,网络源,
CCTV12,http://107.150.60.122/live/cctv12hd.m3u8,网络源,
CCTV12,http://38.75.136.137:98/gslb/dsdqbv/cctv12hd.m3u8?auth=test20251009,网络源,
CCTV12,http://204.12.221.218:8181/3m1080p/cctv12.m3u8,网络源,
CCTV12,http://kkk.888.3116598.xyz/api.php?n=tttt&id=BPTL7D&tk=FgM0vQMejxvG,网络源,
CCTV12,http://38.75.136.137:98/gslb/dsdqpub/cctv12hd.m3u8?auth=testpub,网络源,
CCTV12,http://kkk.888.3116598.xyz/api.php?n=tttt&id=KzUWhw&tk=FgM0vQMejxvG,网络源,
CCTV12,http://kkk.888.3116598.xyz/api.php?n=tttt&id=fMMDXe&tk=FgM0vQMejxvG,网络源,
CCTV12,http://kkk.888.3116598.xyz/api.php?n=tttt&id=URpjqF&tk=FgM0vQMejxvG,网络源,
CCTV12,http://kkk.888.3116598.xyz/api.php?n=tttt&id=yc8lZU&tk=FgM0vQMejxvG,网络源,
CCTV12,http://kkk.888.3116598.xyz/api.php?n=tttt&id=0RllDc&tk=FgM0vQMejxvG,网络源,
CCTV12,http://kkk.888.3116598.xyz/api.php?n=tttt&id=UD8j7z&tk=FgM0vQMejxvG,网络源,
CCTV12,http://kkk.888.3116598.xyz/api.php?n=tttt&id=6Hpvtu&tk=FgM0vQMejxvG,网络源,
CCTV12,http://63.141.230.178:82/gslb/zbdq5.m3u8?id=cctv12hd,网络源,
CCTV12,http://223.247.25.228:1234/673168185,网络源,
CCTV12,http://120.76.248.139/live/bfgd/4200000131.m3u8,网络源,
CCTV12,http://183.129.255.66:8480/hls/13/index.m3u8,网络源,
CCTV12,http://58.57.40.22:9901/tsfile/live/1012_1.m3u8,网络源,
CCTV12,http://fn.gcl.de5.net:5908/gsh950428/673168185,网络源,
CCTV13,https://epg.pw/stream/5d3d047c64e44d0a24dc33e5700e579457201d2960036b43819bd930a0bb76a7.m3u8,网络源,
CCTV13,http://38.75.136.137:98/gslb/dsdqbv/cctv13hd.m3u8?auth=test20251009,网络源,
CCTV13,http://kkk.888.3116598.xyz/api.php?n=tttt&id=0OGyQt&tk=FgM0vQMejxvG,网络源,
CCTV13,http://kkk.888.3116598.xyz/api.php?n=tttt&id=ctTjyy&tk=FgM0vQMejxvG,网络源,
CCTV13,http://kkk.888.3116598.xyz/api.php?n=tttt&id=8D6cm9&tk=FgM0vQMejxvG,网络源,
CCTV13,http://kkk.888.3116598.xyz/api.php?n=tttt&id=cfGBkp&tk=FgM0vQMejxvG,网络源,
CCTV13,http://kkk.888.3116598.xyz/api.php?n=tttt&id=b9W20q&tk=FgM0vQMejxvG,网络源,
CCTV13,http://kkk.888.3116598.xyz/api.php?n=tttt&id=RVGrOZ&tk=FgM0vQMejxvG,网络源,
CCTV13,http://kkk.888.3116598.xyz/api.php?n=tttt&id=ZiNrmy&tk=FgM0vQMejxvG,网络源,
CCTV13,http://kkk.888.3116598.xyz/api.php?n=tttt&id=3eaJ7u&tk=FgM0vQMejxvG,网络源,
CCTV13,http://kkk.888.3116598.xyz/api.php?n=tttt&id=a62xON&tk=FgM0vQMejxvG,网络源,
CCTV13,http://kkk.888.3116598.xyz/api.php?n=tttt&id=rWsEHS&tk=FgM0vQMejxvG,网络源,
CCTV13,http://63.141.230.178:82/gslb/zbdq5.m3u8?id=cctv13hd,网络源,
CCTV13,http://183.129.255.66:8480/hls/14/index.m3u8,网络源,
CCTV13,http://223.247.25.228:1234/608807423,网络源,
CCTV13,http://120.76.248.139/live/bfgd/4200000067.m3u8,网络源,
CCTV13,http://117.63.79.167:1234/608807423,网络源,
CCTV13,http://61.136.172.236:9901/tsfile/live/0013_1.m3u8,网络源,
CCTV14,http://ottrrs.hl.chinamobile.com/PLTV/88888888/224/3221225732/index.m3u8,网络源,
CCTV14,http://198.204.228.26/live/cctv14hd.m3u8,网络源,
CCTV14,http://204.12.221.218:8181/3m1080p/cctv14.m3u8,网络源,
CCTV14,http://38.75.136.137:98/gslb/dsdqbv/cctv14hd.m3u8?auth=test20251009,网络源,
CCTV14,http://kkk.888.3116598.xyz/api.php?n=tttt&id=DxuQh6&tk=FgM0vQMejxvG,网络源,
CCTV14,http://kkk.888.3116598.xyz/api.php?n=tttt&id=CGoxq8&tk=FgM0vQMejxvG,网络源,
CCTV14,http://kkk.888.3116598.xyz/api.php?n=tttt&id=3eYTI1&tk=FgM0vQMejxvG,网络源,
CCTV14,http://kkk.888.3116598.xyz/api.php?n=tttt&id=XfpSLB&tk=FgM0vQMejxvG,网络源,
CCTV14,http://kkk.888.3116598.xyz/api.php?n=tttt&id=FJimDi&tk=FgM0vQMejxvG,网络源,
CCTV14,http://kkk.888.3116598.xyz/api.php?n=tttt&id=Ox3GOu&tk=FgM0vQMejxvG,网络源,
CCTV14,http://kkk.888.3116598.xyz/api.php?n=tttt&id=HgGM9k&tk=FgM0vQMejxvG,网络源,
CCTV14,http://kkk.888.3116598.xyz/api.php?n=tttt&id=DZackR&tk=FgM0vQMejxvG,网络源,
CCTV14,http://63.141.230.178:82/gslb/zbdq5.m3u8?id=cctv14hd,网络源,
CCTV14,http://223.247.25.228:1234/624878440,网络源,
CCTV14,http://183.129.255.66:8480/hls/15/index.m3u8,网络源,
CCTV14,http://221.226.51.220:50081/newlive/live/hls/15/live.m3u8,网络源,
CCTV14,http://117.63.79.167:1234/624878440,网络源,
CCTV14,http://61.136.172.236:9901/tsfile/live/0014_1.m3u8,网络源,
CCTV14,http://58.57.40.22:9901/tsfile/live/1014_1.m3u8,网络源,
CCTV15,http://ottrrs.hl.chinamobile.com/PLTV/88888888/224/3221225601/index.m3u8,网络源,
CCTV15,http://74.91.26.218:82/live/cctv15hd.m3u8,网络源,
CCTV15,http://204.12.221.218:8181/3m1080p/cctv15.m3u8,网络源,
CCTV15,http://198.204.228.26/live/cctv15hd.m3u8,网络源,
CCTV15,http://38.75.136.137:98/gslb/dsdqbv/cctv15hd.m3u8?auth=test20251009,网络源,
CCTV15,http://kkk.888.3116598.xyz/api.php?n=tttt&id=5Bku41&tk=FgM0vQMejxvG,网络源,
CCTV15,http://kkk.888.3116598.xyz/api.php?n=tttt&id=975jMH&tk=FgM0vQMejxvG,网络源,
CCTV15,http://kkk.888.3116598.xyz/api.php?n=tttt&id=Vy3kpu&tk=FgM0vQMejxvG,网络源,
CCTV15,http://kkk.888.3116598.xyz/api.php?n=tttt&id=ETisb8&tk=FgM0vQMejxvG,网络源,
CCTV15,http://kkk.888.3116598.xyz/api.php?n=tttt&id=DN2vWY&tk=FgM0vQMejxvG,网络源,
CCTV15,http://kkk.888.3116598.xyz/api.php?n=tttt&id=igs71Z&tk=FgM0vQMejxvG,网络源,
CCTV15,http://kkk.888.3116598.xyz/api.php?n=tttt&id=uDvEKH&tk=FgM0vQMejxvG,网络源,
CCTV15,http://63.141.230.178:82/gslb/zbdq5.m3u8?id=cctv15hd,网络源,
CCTV15,http://223.247.25.228:1234/673168223,网络源,
CCTV15,http://fn.gcl.de5.net:5908/gsh950428/673168223,网络源,
CCTV15,http://61.136.172.236:9901/tsfile/live/0015_1.m3u8,网络源,
CCTV15,http://183.129.255.66:8480/hls/16/index.m3u8,网络源,
CCTV15,http://58.57.40.22:9901/tsfile/live/1015_1.m3u8,网络源,
CCTV15,http://gmxw.7766.org:808/hls/102/index.m3u8,网络源,
CCTV16,http://ottrrs.hl.chinamobile.com/PLTV/88888888/224/3221226100/index.m3u8,网络源,
CCTV16,https://piccpndali.v.myalicdn.com/audio/cctv16_2.m3u8,网络源,
CCTV16,http://63.141.230.178:82/gslb/zbdq5.m3u8?id=cctv16hd,网络源,
CCTV16,http://198.204.228.26/live/cctv16hd.m3u8,网络源,
CCTV16,http://38.75.136.137:98/gslb/dsdqbv/cctv16hd.m3u8?auth=test20251009,网络源,
CCTV16,http://kkk.888.3116598.xyz/api.php?n=tttt&id=EU5wNH&tk=FgM0vQMejxvG,网络源,
CCTV16,http://kkk.888.3116598.xyz/api.php?n=tttt&id=WDJR2O&tk=FgM0vQMejxvG,网络源,
CCTV16,http://kkk.888.3116598.xyz/api.php?n=tttt&id=FLiBUu&tk=FgM0vQMejxvG,网络源,
CCTV16,http://kkk.888.3116598.xyz/api.php?n=tttt&id=hS36LX&tk=FgM0vQMejxvG,网络源,
CCTV16,http://kkk.888.3116598.xyz/api.php?n=tttt&id=Ur5nnx&tk=FgM0vQMejxvG,网络源,
CCTV16,http://38.75.136.137:98/gslb/dsdqpub/cctv16hd.m3u8?auth=testpub,网络源,
CCTV16,http://221.226.51.220:50081/newlive/live/hls/1/live.m3u8,网络源,
CCTV16,http://183.11.239.36:808/hls/169/index.m3u8,网络源,
CCTV16,http://58.56.162.102:4466/newlive/live/hls/17/live.m3u8,网络源,
CCTV16,http://113.57.140.161:10081/newlive/live/hls/17/live.m3u8,网络源,
CCTV16,http://120.198.86.186:9901/tsfile/live/1094_1.m3u8?key=txiptv&playlive=1&authid=0,网络源,
CCTV16,http://219.147.245.238:25480/newlive/live/hls/17/live.m3u8,网络源,
CCTV16,http://207.56.13.146:81/cdnlive/cctv16.m3u8,网络源,
CCTV16,https://itv.1920.qzz.io/api/ysp.php?id=cctv16,网络源,
CCTV17,http://ottrrs.hl.chinamobile.com/PLTV/88888888/224/3221225765/index.m3u8,网络源,
CCTV17,http://player.cntv.cn/standard/live_HLSDRM20180524.swf?v=180.171.5.8.9.6.3.9&ChannelID=cctv17&videoTVChannel=cctv17&P2PChannelID=pd://cctv_p2p_cctv17&tai=cctv1&VideoName=cctv1&channelID=cctv17,网络源,
CCTV17,http://kkk.888.3116598.xyz/api.php?n=tttt&id=RNeK17&tk=FgM0vQMejxvG,网络源,
CCTV17,http://38.75.136.137:98/gslb/dsdqbv/cctv17hd.m3u8?auth=test20251009,网络源,
CCTV17,http://kkk.888.3116598.xyz/api.php?n=tttt&id=mKG6Oi&tk=FgM0vQMejxvG,网络源,
CCTV17,http://kkk.888.3116598.xyz/api.php?n=tttt&id=hZOdaK&tk=FgM0vQMejxvG,网络源,
CCTV17,http://kkk.888.3116598.xyz/api.php?n=tttt&id=uFZfdl&tk=FgM0vQMejxvG,网络源,
CCTV17,http://kkk.888.3116598.xyz/api.php?n=tttt&id=FikbIE&tk=FgM0vQMejxvG,网络源,
CCTV17,http://kkk.888.3116598.xyz/api.php?n=tttt&id=cHEiBj&tk=FgM0vQMejxvG,网络源,
CCTV17,http://kkk.888.3116598.xyz/api.php?n=tttt&id=eqBvbO&tk=FgM0vQMejxvG,网络源,
CCTV17,http://38.75.136.137:98/gslb/dsdqpub/cctv17hd.m3u8?auth=testpub,网络源,
CCTV17,http://63.141.230.178:82/gslb/zbdq5.m3u8?id=cctv17hd,网络源,
CCTV17,http://223.247.25.228:1234/673168256,网络源,
CCTV17,http://183.129.255.66:8480/hls/18/index.m3u8,网络源,
CCTV17,http://fn.gcl.de5.net:5908/gsh950428/673168256,网络源,
CCTV17,http://58.57.40.22:9901/tsfile/live/0019_1.m3u8,网络源,
CCTV17,http://182.61.15.163:80/673168256,网络源,
CCTV17,http://117.63.79.167:1234/673168256,网络源,
CCTV17,http://27.12.12.92:1234/673168256,网络源,
风云剧场,http://173.208.212.130:8181/720p/fyjc.m3u8,网络源,
风云剧场,http://63.141.230.178:82/gslb/zbdq5.m3u8?id=fyjc,网络源,
风云剧场,http://183.11.239.36:808/hls/95/index.m3u8,网络源,
风云剧场,http://dassby.qqff.top:99/live/风云剧场/index.m3u8,网络源,
风云剧场,https://itv.1920.qzz.io/api/ysp.php?id=cctvfyjc,网络源,
兵器科技,https://live.264788.xyz/channel/bingqikeji?streamid=530cb4e58bbc48b7fc26f5e0a2e47966&livekey=01WgOR41rriMmMkzNsd0UoaxJRwetZdxIvtVk,网络源,
兵器科技,http://63.141.230.178:82/gslb/zbdq5.m3u8?id=gfjs,网络源,
兵器科技,http://207.56.13.146:81/cdnlive/gfjs.m3u8,网络源,
兵器科技,https://itv.1920.qzz.io/api/ysp.php?id=cctvbqkj,网络源,
第一剧场,https://live.264788.xyz/channel/diyijuchang?streamid=e9b0fb1ca135a4aeae12944494883794&livekey=01WgOR41rriMmMkzNsd0UoaxJRwetZdxIvtVk,网络源,
第一剧场,http://107.150.60.122/live/dyjc.m3u8,网络源,
第一剧场,https://live.264788.xyz/channel/diyijuchang?streamid=d81e188b59ece96b7e8f1ce34aea3ef8&livekey=01WgOR41rriMmMkzNsd0UoaxJRwetZdxIvtVk,网络源,
第一剧场,http://63.141.230.178:82/gslb/zbdq5.m3u8?id=dyjc,网络源,
第一剧场,http://183.11.239.36:808/hls/98/index.m3u8,网络源,
第一剧场,http://dassby.qqff.top:99/live/第一剧场/index.m3u8,网络源,
第一剧场,https://itv.1920.qzz.io/api/ysp.php?id=cctvdyjc,网络源,
央视台球,https://epg.pw/stream/ca9c1cd4b97fb824cedd7fedfd0c7a950afdd7f00751cfbb7c2d89831d7746a5.m3u8,网络源,
央视台球,https://epg.pw/stream/25677ac2e8c1f7c3dd6359c43eb5f0f54efb3f5c11f9dda18d01b3e0308ed017.m3u8,网络源,
央视台球,http://107.150.60.122/live/ystq.m3u8,网络源,
央视台球,http://63.141.230.178:82/gslb/zbdq5.m3u8?id=ystq,网络源,
央视台球,http://dassby.qqff.top:99/live/央视台球/index.m3u8,网络源,
央视台球,http://207.56.13.146:81/cdnlive/ystq.m3u8,网络源,
央视台球,https://itv.1920.qzz.io/api/ysp.php?id=cctvystq,网络源,
风云足球,http://63.141.230.178:82/gslb/zbdq5.m3u8?id=fyzq,网络源,
风云足球,http://120.76.248.139/live/bfgd/4200000225.m3u8,网络源,
风云足球,http://dassby.qqff.top:99/live/风云足球/index.m3u8,网络源,
风云足球,http://120.238.84.45:9901/tsfile/live/1087_1.m3u8?key=txiptv&playlive=1&authid=0,网络源,
风云足球,http://207.56.13.146:81/cdnlive/fyzq.m3u8,网络源,
风云足球,https://itv.1920.qzz.io/api/ysp.php?id=cctvfyzq,网络源,
高尔夫网球,http://104.152.209.49:8181/720p/gefwq.m3u8,网络源,
高尔夫网球,http://207.56.13.146:81/cdnlive/gefwq.m3u8,网络源,
高尔夫网球,http://63.141.230.178:82/gslb/zbdq5.m3u8?id=gefwq,网络源,
世界地理,http://63.141.230.178:82/gslb/zbdq5.m3u8?id=sjdl,网络源,
世界地理,http://120.76.248.139/live/bfgd/4200000177.m3u8,网络源,
世界地理,http://183.11.239.36:808/hls/11/index.m3u8,网络源,
世界地理,http://dassby.qqff.top:99/live/世界地理/index.m3u8,网络源,
世界地理,https://itv.1920.qzz.io/api/ysp.php?id=cctvsjdl,网络源,
风云音乐,https://live.264788.xyz/channel/fengyunyinyue?streamid=1b41fb9153cba3ee19bd5d1b323da27e&livekey=01WgOR41rriMmMkzNsd0UoaxJRwetZdxIvtVk,网络源,
风云音乐,https://live.264788.xyz/channel/fengyunyinyue?streamid=be37d16b874e7ba11dd383d7ecd75752&livekey=01WgOR41rriMmMkzNsd0UoaxJRwetZdxIvtVk,网络源,
风云音乐,http://63.141.230.178:82/gslb/zbdq5.m3u8?id=fyyy,网络源,
风云音乐,http://183.11.239.36:808/hls/99/index.m3u8,网络源,
风云音乐,http://dassby.qqff.top:99/live/风云音乐/index.m3u8,网络源,
风云音乐,http://207.56.13.146:81/cdnlive/fyyy.m3u8,网络源,
风云音乐,https://itv.1920.qzz.io/api/ysp.php?id=cctvfyyy,网络源,
女性时尚,http://63.141.230.178:82/gslb/zbdq5.m3u8?id=nxss,网络源,
女性时尚,http://120.76.248.139/live/bfgd/4200000176.m3u8,网络源,
女性时尚,http://183.11.239.36:808/hls/12/index.m3u8,网络源,
女性时尚,http://dassby.qqff.top:99/live/女性时尚/index.m3u8,网络源,
女性时尚,http://207.56.13.146:81/cdnlive/nxss.m3u8,网络源,
女性时尚,https://itv.1920.qzz.io/api/ysp.php?id=cctvnxss,网络源,
怀旧剧场,http://63.141.230.178:82/gslb/zbdq5.m3u8?id=hjjc,网络源,
怀旧剧场,http://120.76.248.139/live/bfgd/4200000224.m3u8,网络源,
怀旧剧场,http://183.11.239.36:808/hls/92/index.m3u8,网络源,
怀旧剧场,http://dassby.qqff.top:99/live/怀旧剧场/index.m3u8,网络源,
怀旧剧场,https://itv.1920.qzz.io/api/ysp.php?id=cctvhjjc,网络源,
央视文化精品,http://183.11.239.36:808/hls/97/index.m3u8,网络源,
央视文化精品,https://itv.1920.qzz.io/api/ysp.php?id=cctvyswhjp,网络源,
央视文化精品,http://63.141.230.178:82/gslb/zbdq5.m3u8?id=ysjp,网络源,
卫生健康,http://63.141.230.178:82/gslb/zbdq5.m3u8?id=wsjk,网络源,
电视指南,http://38.75.136.137:98/gslb/dsdqpub/dszn.m3u8?auth=testpub,网络源,
电视指南,http://63.141.230.178:82/gslb/zbdq5.m3u8?id=dszn,网络源,
电视指南,http://120.76.248.139/live/bfgd/4200000164.m3u8,网络源,
电视指南,http://183.11.239.36:808/hls/13/index.m3u8,网络源,
电视指南,https://itv.1920.qzz.io/api/ysp.php?id=cctvdszn,网络源,
老故事,http://kkk.888.3116598.xyz/api.php?n=tttt&id=ZcwZdM&tk=FgM0vQMejxvG,网络源,
老故事,http://111.231.6.102:1234/884121956,网络源,
老故事,http://223.247.25.228:1234/884121956,网络源,
老故事,http://117.63.79.167:1234/884121956,网络源,
老故事,http://113.98.11.46:3000/884121956,网络源,
老故事,http://47.119.24.76:59093/884121956,网络源,
老故事,http://27.12.12.92:1234/884121956,网络源,
老故事,http://120.48.113.49:6006/884121956,网络源,
老故事,http://120.4.118.150:1234/884121956,网络源,
老故事,http://222.134.19.49:8090/884121956,网络源,
老故事,http://182.61.15.47:80/884121956,网络源,
老故事,http://182.61.15.163:80/884121956,网络源,
老故事,http://47.104.178.59:3566/884121956,网络源,
老故事,http://122.227.204.50:1905/884121956,网络源,
老故事,http://27.11.209.151:3000/884121956,网络源,
老故事,http://116.236.204.18:1234/884121956,网络源,
老故事,http://114.240.227.49:7788/884121956,网络源,
老故事,http://fn.gcl.de5.net:5908/gsh950428/884121956,网络源,
老故事,http://jxj.zhgdyun.com:1234/884121956,网络源,
老故事,http://2280.eu.org:1234/884121956,网络源,
发现之旅,http://kkk.888.3116598.xyz/api.php?n=tttt&id=8Nx7PR&tk=FgM0vQMejxvG,网络源,
发现之旅,http://223.247.25.228:1234/624878970,网络源,
发现之旅,http://113.98.11.46:3000/624878970,网络源,
发现之旅,http://47.104.178.59:3566/624878970,网络源,
发现之旅,http://47.119.24.76:59093/624878970,网络源,
发现之旅,http://27.12.12.92:1234/624878970,网络源,
发现之旅,http://182.61.15.47:80/624878970,网络源,
发现之旅,http://117.63.79.167:1234/624878970,网络源,
发现之旅,http://182.61.15.163:80/624878970,网络源,
发现之旅,http://27.11.209.151:3000/624878970,网络源,
发现之旅,http://122.227.204.50:1905/624878970,网络源,
发现之旅,http://222.134.19.49:8090/624878970,网络源,
发现之旅,http://120.4.118.150:1234/624878970,网络源,
发现之旅,http://111.231.6.102:1234/624878970,网络源,
发现之旅,http://114.240.227.49:7788/624878970,网络源,
发现之旅,http://116.236.204.18:1234/624878970,网络源,
发现之旅,http://fn.gcl.de5.net:5908/gsh950428/624878970,网络源,
发现之旅,http://2280.eu.org:1234/624878970,网络源,
发现之旅,http://jxj.zhgdyun.com:1234/624878970,网络源,
发现之旅,http://mg.cttv.vip/624878970,网络源,
CCTV4K,https://live-play-hls.cctvnews.cctv.com/CCTVChannel/channel_cctv4k_mbd.m3u8?auth_key=1789117200-1-b59134a2ead43d7f783f943c8f535e7bb80c5169575b2e8efcd5b3ddea21b41c-f2c06a24c344d1c82379675d9cba4c6d&yid=b59134a2ead43d7f783f943c8f535e7bb80c5169575b2e8efcd5b3ddea21b41c,网络源,
CCTV4K,https://live-play-hls.cctvnews.cctv.com/CCTVChannel/channel_cctv4k_mbd.m3u8?auth_key=1789477200-1-b59134a2ead43d7f783f943c8f535e7bb80c5169575b2e8efcd5b3ddea21b41c-be48d27d933a7ceb4e01e7d8e3f1f30f&yid=b59134a2ead43d7f783f943c8f535e7bb80c5169575b2e8efcd5b3ddea21b41c,网络源,
CETV1,http://ottrrs.hl.chinamobile.com/PLTV/88888888/224/3221225652/index.m3u8,网络源,
CETV1,http://player.cntv.cn/standard/live_HLSDRM20180524.swf?ChannelID=cetv1&videoTVChannel=cetv1&P2PChannelID=pd://cctv_p2p_hdcetv1&tai=cetv1&VideoName=cetv1&channelID=cetv1,网络源,
CETV1,http://198.204.228.26/live/cetv1hd.m3u8,网络源,
CETV1,http://38.75.136.137:98/gslb/dsdqpub/cetv1hd.m3u8?auth=testpub,网络源,
CETV1,http://kkk.888.3116598.xyz/api.php?n=tttt&id=fL0XJF&tk=FgM0vQMejxvG,网络源,
CETV1,http://kkk.888.3116598.xyz/api.php?n=tttt&id=qYvFjP&tk=FgM0vQMejxvG,网络源,
CETV1,http://kkk.888.3116598.xyz/api.php?n=tttt&id=D3LTjJ&tk=FgM0vQMejxvG,网络源,
CETV1,http://63.141.230.178:82/gslb/zbdq5.m3u8?id=cetv1hd,网络源,
CETV1,http://124.221.146.169:7001/923287154,网络源,
CETV1,http://120.76.248.139/live/bfgd/4200000135.m3u8,网络源,
CETV1,http://183.11.239.36:808/hls/122/index.m3u8,网络源,
CETV1,http://47.119.24.76:59093/923287154,网络源,
CETV1,http://222.134.19.49:8090/923287154,网络源,
CETV1,http://122.227.204.50:1905/923287154,网络源,
CETV1,http://119.233.255.62:1234/923287154,网络源,
CETV1,http://120.198.86.186:9901/tsfile/live/1125_1.m3u8?key=txiptv&playlive=1&authid=0,网络源,
CETV1,http://fn.gcl.de5.net:5908/gsh950428/923287154,网络源,
CETV1,http://45.78.61.93:1234/923287154,网络源,
CETV1,http://106.3.210.21/mobilelive-pull.ysp.cctv.cn/ysp/2022823801.m3u8,网络源,
CETV1,http://2280.eu.org:1234/923287154,网络源,
CETV2,http://ottrrs.hl.chinamobile.com/PLTV/88888888/224/3221226425/index.m3u8,网络源,
CETV2,http://player.cntv.cn/standard/live_HLSDRM20180524.swf?ChannelID=cetv2&videoTVChannel=cetv2&P2PChannelID=pd://cctv_p2p_hdcetv2&tai=cetv2&VideoName=cetv2&channelID=cetv2,网络源,
CETV2,http://198.204.228.26/live/cetv2.m3u8,网络源,
CETV2,http://kkk.888.3116598.xyz/api.php?n=tttt&id=VcK9LD&tk=FgM0vQMejxvG,网络源,
CETV2,http://kkk.888.3116598.xyz/api.php?n=tttt&id=wXsslc&tk=FgM0vQMejxvG,网络源,
CETV2,http://fn.gcl.de5.net:5908/gsh950428/923287211,网络源,
CETV2,http://122.227.204.50:1905/923287211,网络源,
CETV2,http://222.134.19.49:8090/923287211,网络源,
CETV2,http://120.76.248.139/live/bfgd/4200000492.m3u8,网络源,
CETV2,http://2280.eu.org:1234/923287211,网络源,
CETV2,http://hlsztemgsplive.miguvideo.com:8080/migu/kailu/cetv2/50/20240709/index.m3u8?msisdn=20260915060320054ff47dfa184615986d708bca3fc0f4&mdspid=&spid=699004&netType=0&sid=5910022152&pid=2028597139&timestamp=20260915060320&Channel_ID=0116_2600000900-99000-201600010010027&ProgramID=923287211&ParentNodeID=-99&assertID=5910022152&client_ip=171.8.79.254&SecurityKey=20260915060320&promotionId=&mvid=5900006638&mcid=500020&playurlVersion=WX-A1-9.9.1-SNAPSHOT&userid=&jmhm=&videocodec=h264&appCode=miguvideo_android&bean=mgspad&tid=android&conFee=0&encrypt=c1549e44fd778955b753bfa13609cbb7,网络源,
CETV2,http://hlsztemgsplive.miguvideo.com:8080/migu/kailu/cetv2/50/20240709/index.m3u8?msisdn=20260914060318062a7779c0e249d28cdb1eb65f7f81b4&mdspid=&spid=699004&netType=0&sid=5910022152&pid=2028597139&timestamp=20260914060318&Channel_ID=0116_2600000900-99000-201600010010027&ProgramID=923287211&ParentNodeID=-99&assertID=5910022152&client_ip=171.8.79.254&SecurityKey=20260914060318&promotionId=&mvid=5900006638&mcid=500020&playurlVersion=ZQ-A1-9.9.1-SNAPSHOT&userid=&jmhm=&videocodec=h264&appCode=miguvideo_android&bean=mgspad&tid=android&conFee=0&encrypt=d3686e8d8d80149efc0e6a369710050d,网络源,
CETV2,http://119.233.255.62:1234/923287211,网络源,
CETV2,http://wfenf.x3322.net:7788/923287211,网络源,
CETV2,http://120.48.113.49:6006/923287211,网络源,
CETV2,http://www.ikerobot.com:1234/923287211,网络源,
CETV2,http://45.78.61.93:1234/923287211,网络源,
CETV2,http://222.213.105.65:7788/923287211,网络源,
CETV2,http://124.221.146.169:7001/923287211,网络源,
CETV2,http://mg.cttv.vip/923287211,网络源,
CETV3,http://kkk.888.3116598.xyz/api.php?n=tttt&id=s067jF&tk=FgM0vQMejxvG,网络源,
CETV4,http://ottrrs.hl.chinamobile.com/PLTV/88888888/224/3221225783/index.m3u8,网络源,
CETV4,http://player.cntv.cn/standard/live_HLSDRM20180524.swf?ChannelID=cetv4&videoTVChannel=cetv4&P2PChannelID=pd://cctv_p2p_hdcetv4&tai=cetv4&VideoName=cetv4&channelID=cetv4,网络源,
CETV4,http://198.204.228.26/live/cetv4.m3u8,网络源,
CETV4,http://kkk.888.3116598.xyz/api.php?n=tttt&id=bzOgmq&tk=FgM0vQMejxvG,网络源,
CETV4,http://kkk.888.3116598.xyz/api.php?n=tttt&id=cFDXDG&tk=FgM0vQMejxvG,网络源,
CETV4,http://kkk.888.3116598.xyz/api.php?n=tttt&id=rhrCc8&tk=FgM0vQMejxvG,网络源,
CETV4,http://124.221.146.169:7001/923287339,网络源,
CETV4,http://fn.gcl.de5.net:5908/gsh950428/923287339,网络源,
CETV4,http://120.48.113.49:6006/923287339,网络源,
CETV4,http://47.119.24.76:59093/923287339,网络源,
CETV4,http://122.227.204.50:1905/923287339,网络源,
CETV4,http://222.134.19.49:8090/923287339,网络源,
CETV4,http://2280.eu.org:1234/923287339,网络源,
CETV4,http://hlsztemgsplive.miguvideo.com:8080/migu/kailu/cetv4/50/20240709/index.m3u8?msisdn=202609150603204650c99ffd9e40f08473fde97385f77b&mdspid=&spid=699004&netType=0&sid=5910022154&pid=2028597139&timestamp=20260915060320&Channel_ID=0116_2600000900-99000-201600010010027&ProgramID=923287339&ParentNodeID=-99&assertID=5910022154&client_ip=171.8.79.254&SecurityKey=20260915060320&promotionId=&mvid=5900006640&mcid=500020&playurlVersion=WX-A1-9.9.1-SNAPSHOT&userid=&jmhm=&videocodec=h264&appCode=miguvideo_android&bean=mgspad&tid=android&conFee=0&encrypt=87ee9586dd93802b825f0d98f4553ea4,网络源,
CETV4,http://hlsztemgsplive.miguvideo.com:8080/migu/kailu/cetv4/50/20240709/index.m3u8?msisdn=20260914060318ed81a361cc9e4f2c97bfc9ae1253f05c&mdspid=&spid=699004&netType=0&sid=5910022154&pid=2028597139&timestamp=20260914060318&Channel_ID=0116_2600000900-99000-201600010010027&ProgramID=923287339&ParentNodeID=-99&assertID=5910022154&client_ip=171.8.79.254&SecurityKey=20260914060318&promotionId=&mvid=5900006640&mcid=500020&playurlVersion=ZQ-A1-9.9.1-SNAPSHOT&userid=&jmhm=&videocodec=h264&appCode=miguvideo_android&bean=mgspad&tid=android&conFee=0&encrypt=667bdfc2d4c750323c313d86efd51998,网络源,
CETV4,http://119.233.255.62:1234/923287339,网络源,
CETV4,http://45.78.61.93:1234/923287339,网络源,
CETV4,http://113.98.11.46:3000/923287339,网络源,
CETV4,http://222.213.105.65:7788/923287339,网络源,
CETV4,http://www.ikerobot.com:1234/923287339,网络源,
湖南卫视,http://ottrrs.hl.chinamobile.com/PLTV/88888888/224/3221226307/index.m3u8,网络源,
湖南卫视,http://ottrrs.hl.chinamobile.com/PLTV/88888888/224/3221225610/index.m3u8,网络源,
湖南卫视,http://satellitepull.cnr.cn/live/wx32hunws/playlist.m3u8,网络源,
湖南卫视,http://74.91.26.218:82/live/hnwshd.m3u8,网络源,
湖南卫视,http://107.150.60.122/live/hnwshd.m3u8,网络源,
湖南卫视,http://kkk.888.3116598.xyz/api.php?n=tttt&id=vNBzZk&tk=FgM0vQMejxvG,网络源,
湖南卫视,http://kkk.888.3116598.xyz/api.php?n=tttt&id=1yYo68&tk=FgM0vQMejxvG,网络源,
湖南卫视,http://kkk.888.3116598.xyz/api.php?n=tttt&id=7S9SpX&tk=FgM0vQMejxvG,网络源,
湖南卫视,http://kkk.888.3116598.xyz/api.php?n=tttt&id=O5QZhN&tk=FgM0vQMejxvG,网络源,
