频道名,地址,来源,图标
Saarland Fernsehen 2 (720p) [Not 24/7],https://saarland2.iptv-playoutcenter.de/saarland2/saarland2.stream_2/playlist.m3u8,网络源,https://i.imgur.com/Yv7j4ia.png
SAB TV (1080p),https://ml-pull-dvc-myco.io:2096/SAB_ENTERTAINMENT/tracks-v1a1/mono.ts.m3u8,网络源,https://i.imgur.com/hC7Sidr.png
Sabalan TV,https://ncdn.telewebion.ir/sabalan/live/playlist.m3u8,网络源,https://upload.wikimedia.org/wikipedia/fa/f/f2/Ardabil_SABALAN.png
SABC 1 (720p) [Geo-blocked],https://sabconeta.cdn.mangomolo.com/sabc1/smil:sabc1.stream.smil/master.m3u8,网络源,https://i.imgur.com/G8OXWe4.png
SABC 2 [Geo-blocked],https://sabctwota.cdn.mangomolo.com/sabc2/smil:sabc2.stream.smil/master.m3u8,网络源,https://i.imgur.com/rj6i9sn.png
SABC Lehae [Geo-blocked],https://sabctretalh.cdn.mangomolo.com/lehae/smil:lehae.stream.smil/master.m3u8,网络源,https://i.imgur.com/YhdnZHH.png
SABC News (720p) [Geo-blocked],https://sabconetanw.cdn.mangomolo.com/news/smil:news.stream.smil/master.m3u8,网络源,https://i.imgur.com/liLta8j.png
Sabor TV (720p),https://v1.tustreaming.cl/sabortv/index.m3u8,网络源,https://cdn.m3u.cl/logo/416_Sabor_TV.png
Sabrina The Teenage Witch,https://jmp2.uk/plu-66276091cee0d900085fe053.m3u8,网络源,https://images.pluto.tv/channels/66276091cee0d900085fe053/colorLogoPNG.png
Sabrina the Teenage Witch,https://jmp2.uk/plu-6512d72b473a540008592be5.m3u8,网络源,https://images.pluto.tv/channels/6512ecf63a0d700008db506a/colorLogoPNG.png
Sabrina the Teenage Witch DK,https://jmp2.uk/plu-6512ecf63a0d700008db506a.m3u8,网络源,https://images.pluto.tv/channels/6512ecf63a0d700008db506a/colorLogoPNG.png
Sabrina the Teenage Witch NO,https://jmp2.uk/plu-6512d3c96a84140008513ff5.m3u8,网络源,https://images.pluto.tv/channels/6512ecf63a0d700008db506a/colorLogoPNG.png
Sabrina: Total verhext!,https://jmp2.uk/plu-622f40c901d4b70007ad7609.m3u8,网络源,https://images.pluto.tv/channels/622f40c901d4b70007ad7609/colorLogoPNG.png
Sabz TV,https://ncdn.telewebion.ir/sabz/live/playlist.m3u8,网络源,https://upload.wikimedia.org/wikipedia/commons/thumb/7/7d/Logo_Golestan.png/960px-Logo_Golestan.png
Sach Bedhadak (576p),https://sbnews.nexcdn.online/sbnews/live/index.m3u8,网络源,https://dtil.tmsimg.com/assets/s158864_ld_h15_aa.png?lock=720x540
Sachsen Eins (1080p),https://sachsen1.iptv-playoutcenter.de/sachsen1/sachsen1.stream_1/playlist.m3u8,网络源,https://i.imgur.com/2EXNdd8.png
Sachsen Fernsehen Chemnitz (1080p),https://chemnitz.iptv-playoutcenter.de/chemnitz/chemnitzfernsehen.stream_1/playlist.m3u8,网络源,https://i.imgur.com/4SEAbVf.png
Sachsen Fernsehen Dresden (1080p) [Not 24/7],https://dresden.iptv-playoutcenter.de/dresden/dresdenfernsehen.stream_1/playlist.m3u8,网络源,https://i.imgur.com/rnvprGj.png
Sachsen Fernsehen Leipzig (1080p),https://leipzig.iptv-playoutcenter.de/leipzig/leipzigfernsehen.stream_1/playlist.m3u8,网络源,https://i.imgur.com/easmJUw.png
SADA TV (1080p) [Not 24/7],http://cdn12.henico.net:8080/live/sadatv/index.m3u8,网络源,https://i.ibb.co/cXPzpGp/SADA-CHANNEL-HBN-global-Punjabi-Satellite-TV.png
Sadhna (720p),https://6n3yow8pl9ok-hls-live.5centscdn.com/sadhanalivetv/live.stream/playlist.m3u8,网络源,https://xstreamcp-assets-msp.streamready.in/assets/LIVETV/LIVECHANNEL/LIVETV_LIVETVCHANNEL_SADHNA/images/LOGO_HD/image.png
Sadhna News Madhya Pradesh/Chhattisgarh (576p),https://mumt04.tangotv.in/m18aqlK4SADHNEWSPMRAJ/index.m3u8,网络源,https://i.imgur.com/799WMit.png
Sadhna Plus News (720p),https://6n3yow8pl9ok-hls-live.5centscdn.com/sadhananewstv/live.stream/playlist.m3u8,网络源,https://jiotvimages.cdn.jio.com/dare_images/images/Sadhna_News_Plus.png
Sadhna TV (576p),https://mumt05.tangotv.in/87NeALx2SADHNATV/index.m3u8,网络源,https://dtil.tmsimg.com/assets/s143736_ld_h15_aa.png?lock=720x540
Safari TV (576p),https://mumt04.tangotv.in/m18aqlK4SAFARITV/index.m3u8,网络源,https://xstreamcp-assets-msp.streamready.in/assets/LIVETV/LIVECHANNEL/LIVETV_LIVETVCHANNEL_SAFARI_TV/images/LOGO_HD/image.png
Safeer TV (1080p),https://cdn3.wowza.com/1/YStGZlJRdktzZkdK/VXROZWNW/hls/live/playlist.m3u8,网络源,https://image.roku.com/developer_channels/prod/8389e15af8fe49ac7c36d201c24ebf62fbe5b22897c2879ca26ae936e0ed308d.png
Sahana News (576p),https://mumt03.tangotv.in/Dsly5z3HSAHANANEWS/index.m3u8,网络源,https://i.imgur.com/3odbJJq.png
Sahand TV,https://ncdn.telewebion.ir/sahand/live/playlist.m3u8,网络源,https://upload.wikimedia.org/wikipedia/fa/thumb/3/37/Tabriz_Sahand.svg/960px-Tabriz_Sahand.svg.png
Sai TV (576p),https://mumbai-edge.smartplaytv.in/SaiTV/index.m3u8,网络源,https://xstreamcp-assets-msp.streamready.in/assets/LIVETV/LIVECHANNEL/LIVETV_LIVETVCHANNEL_SAI_TV/images/LOGO_HD/image.png
Sairam TV (576p),https://mumt04.tangotv.in/m18aqlK4SAIRAMTV/index.m3u8,网络源,
Sakshi TV (576p),https://yuppmedtaorire.akamaized.net/v1/master/a0d007312bfd99c47f76b77ae26b1ccdaae76cb1/sakshi_nim_https/240122/sakshi/playlist.m3u8,网络源,https://xstreamcp-assets-msp.streamready.in/assets/LIVETV/LIVECHANNEL/LIVETV_LIVETVCHANNEL_SAKSHI_TV/images/LOGO_HD/image.png
Salaam TV (720p),https://d2o3r1shda7xvv.cloudfront.net/index_5.m3u8,网络源,https://dtil.tmsimg.com/assets/s144466_ld_h15_aa.png?lock=720x540
Salamat TV,https://ncdn.telewebion.ir/salamat/live/playlist.m3u8,网络源,https://upload.wikimedia.org/wikipedia/fa/f/f0/IRIB_Salamat_Logo.png
Salem News Channel (1080p),https://amg00732-salemmediagroup-snc-ono-ekp8j.amagi.tv/playlist/amg00732-salemmediagroup-snc-ono/playlist.m3u8,网络源,https://i.imgur.com/aDbc64y.png
Salira TV (720p),https://live.salira.tv/p/3870/hybrid/play.m3u8,网络源,https://upload.wikimedia.org/wikipedia/commons/6/6b/Logo_Salira_TV.png
Salsa Gorda Television (1080p) [Not 24/7],https://live20.bozztv.com/akamaissh101/ssh101/qMUAZEy/playlist.m3u8,网络源,https://i.imgur.com/3IhYd7G.jpg
Salt TV (Uganda),https://stream.salttelevision.com/hls/stream.m3u8,网络源,https://i.imgur.com/AK9nE6Y.png
Salto 1 (720p),https://d11lnfpmek70tc.cloudfront.net/nlpo/clr-nlpo/2103d417/index.m3u8,网络源,https://i.imgur.com/hyubvS5.png
Salto 2 (720p),https://d11lnfpmek70tc.cloudfront.net/nlpo/clr-nlpo/bad78523/index.m3u8,网络源,https://i.imgur.com/6H3ycdL.png
Salto 4 (720p),https://salto-streams.nl/hls/sotv2.m3u8,网络源,https://i.vimeocdn.com/portrait/31947989_640x640
Salto ADE (720p),https://live.salto.nl/hls/at5.m3u8,网络源,https://i.vimeocdn.com/portrait/31947989_640x640
Salto Brasa Music (1080p),https://salto-streams.nl/hls/sotv1.m3u8,网络源,https://i.vimeocdn.com/portrait/31947989_640x640
Salvacion TV (720p),https://stream.eleden.com/livesalvatv/ngrp:livesalvatv_all/playlist.m3u8,网络源,https://i.imgur.com/6HOViG9.png
Salvation TV (India) (1080p),https://ktismaservers.in:3902/live/salvationtvlive.m3u8,网络源,https://content.jdmagicbox.com/comp/bangalore/l5/080pxx80.xx80.150207120517.e4l5/catalogue/salvation-tv-network-pvt-m-g-road-bangalore-religious-organizations-1sabn2d.jpg
Salvation TV (Nigeria) (576p),https://viewmedia7219.bozztv.com/wmedia/viewmedia100/web_017/Stream/playlist.m3u8,网络源,https://i.imgur.com/Nb08dfK.png
Salve TV (720p),https://58de7a369a9c4.streamlock.net/salvetv/ngrp:stream_720p_web/playlist.m3u8,网络源,https://i.imgur.com/GhKjHMG.png
Salyam (576p),https://bsttv.bonus-tv.ru/cdn/salyam/playlist.m3u8,网络源,https://i.imgur.com/FfULLr1.png
Samaa TV (576p),http://103.250.28.74:8000/play/a022/index.m3u8,网络源,https://i.imgur.com/r3U4A1P.png
Samachar Plus 24x7 (576p),https://mumt05.tangotv.in/87NeALx2VERTENTSAMACHARPLUS/index.m3u8,网络源,https://jiotvimages.cdn.jio.com/dare_images/images/Samachar_Plus.png
Samara 24 (1080p),https://vgtrkregion-reg.cdnvideo.ru/vgtrk/samara/samara24-hd/index.m3u8,网络源,https://i.imgur.com/YUe3Dwd.png
Samara-GIS (1080p) [Not 24/7],https://tv.samaragis.ru/new/new/tracks-v1a1/mono.m3u8,网络源,https://samaragis.ru/wp-includes/images/logo.png
Samarra TV,https://live.bradosti.net/live/samaraweb_playlist.m3u8,网络源,https://i.imgur.com/7uQoIXi.png
Samay Kolkata (1080p),https://server.livelegitpro.in/samaykolkata/samaykolkata/index.m3u8,网络源,https://jiotvimages.cdn.jio.com/dare_images/images/Samay_Kolkata.png
Samiaki TV (540p) [Not 24/7],http://live.cast-control.eu:1935/samiaki/samiaki/playlist.m3u8,网络源,https://i.imgur.com/9Pf1we6.png
Sampit TV (720p) [Not 24/7],https://sampit-tv.siar.us/live/sampit-tv.m3u8,网络源,https://i.imgur.com/8cFJa8G.png
Samsung Wildlife (720p) [Geo-blocked],https://pb-olm46bexcljjf.akamaized.net/Samsung_Wild_Life.m3u8,网络源,https://i.imgur.com/x06npU2.png
San Ignacio TV (720p),https://amixtv.live:3753/live/sitvlive.m3u8,网络源,https://i.ibb.co/XJNGsv0/903784d2b8df3f29a43579b78d4341d3.png
San Isidro TV (720p) [Not 24/7],https://5790d294af2dc.streamlock.net/expresooriental/expresooriental/playlist.m3u8,网络源,https://i.imgur.com/pwmJrsm.jpg
San Jose TV (1080p),https://rtmp.info/sanjosetv/envivo/playlist.m3u8,网络源,https://i.ibb.co/mbB8hqL/blanco-crop.png
San Luis +,https://stream.radiosmundiales.com/hls/sanluismas/sanluismas.m3u8,网络源,https://i.imgur.com/bGoGiry.png
San Marino RTV (720p),https://d2hrvno5bw6tg2.cloudfront.net/smrtv-ch01/smil:ch-01.smil/chunklist.m3u8,网络源,https://i.imgur.com/ZJSWusT.png
San Marino RTV Sport (720p),https://d2hrvno5bw6tg2.cloudfront.net/smrtv-ch02/smil:ch-02.smil/master.m3u8,网络源,https://i.imgur.com/PGm944g.png
San Nicolas TV (720p),https://v4.tustreaming.cl/sannicolastv/index.m3u8,网络源,https://i.imgur.com/z94YCpH.png
San Pedro TV (1080p) [Not 24/7],https://iptv.ixfo.com.ar:30443/live/sanpedrotv/playlist.m3u8,网络源,https://i.imgur.com/UkpXogr.png
San Vito Television,https://stream.lamegatv.com/hls/sanvitotelevision/index.m3u8,网络源,https://i.imgur.com/Yd7JOxr.png
Sana Plus (1080p),https://mumbai-edge.smartplaytv.in/SanaPlusHD/index.m3u8,网络源,https://i.imgur.com/N6tKUZv.png
Sana TV (1080p),https://vglivessai.akamaized.net/us/v1/master/611d79b11b77e2f571934fd80ca1413453772ac7/b6d9e864-ec16-410a-804d-ccf8f720bfaa/index.m3u8,网络源,https://i.imgur.com/CR7DGBv.png
Sandesh News (576p),https://mumt01.tangotv.in/O5aw8Zn3SANDESHNEWS/index.m3u8,网络源,https://dtil.tmsimg.com/assets/s143755_ld_h15_aa.png?lock=720x540
Sandzak TV (576p),https://streaming.iptv.nextfiber.rs/nxt004/master.m3u8,网络源,https://i.imgur.com/lm9Fgsp.png
Sangat TV (576p),https://mumt06.tangotv.in/qYyB8fXVSANGATTV/index.m3u8,网络源,https://upload.wikimedia.org/wikipedia/en/c/c3/Sangat_TV_logo.png
Sangeet Bangla (720p),https://cdn.pishow.tv/ott/live/1143/master.m3u8,网络源,https://ltsk-cdn.s3.eu-west-1.amazonaws.com/jumpstart/Temp_Live/cdn/HLS/Channel/transparentImages/Sangeet%20Bangla.png
Sangeet Bhojpuri (576p),https://mumt01.tangotv.in/O5aw8Zn3SANGEETBHOJPURI/index.m3u8,网络源,https://dtil.tmsimg.com/assets/s143757_ld_h15_aa.png?lock=720x540
Sangeet Marathi (720p),https://cdn.pishow.tv/ott/live/1229/master.m3u8,网络源,https://xstreamcp-assets-msp.streamready.in/assets/LIVETV/LIVECHANNEL/LIVETV_LIVETVCHANNEL_SANGEET_MARATHI/images/LOGO_HD/image.png
Sangkem TV,https://live.sangkemtv.com/memfs/sangkem.m3u8,网络源,https://i.imgur.com/728fAcC.png
Sankara TV (576p),https://mumt05.tangotv.in/87NeALx2SRISANKARA/index.m3u8,网络源,https://i.imgur.com/2z0bDRD.png
Sankhya TV (720p),https://5c59fd5680a05.streamlock.net/live/_definst_/ngrp:SANKHYATV.stream_all/playlist.m3u8,网络源,https://i.ibb.co/Dgv6PvM/STV-NEW-LOGO-WITH-WHITE-SHADOW.png
Sankt-Peterburg (576p),http://31.148.48.15/Sankt_Peterburg/index.m3u8,网络源,https://i.imgur.com/9At4oG7.png
Sankt-Peterburg HD (720p),https://stream.smotrim.ru/hls2/ext_spbtv/playlist_5.m3u8,网络源,https://i.imgur.com/9At4oG7.png
Sansad TV 1 HD (1080p),https://d2lk5u59tns74c.cloudfront.net/out/v1/fff8f20221d5456e8922e689d71dedc3/index.m3u8,网络源,https://xstreamcp-assets-msp.streamready.in/assets/LIVETV/LIVECHANNEL/LIVETV_LIVETVCHANNEL_SANSAD_TV_SYMHYP_1_HD/images/LOGO_HD/LOGO_HD_image.png
Sansad TV 2,https://cdn.pishow.tv/ott/live/39/master.m3u8,网络源,https://dtil.tmsimg.com/assets/s143761_ld_h15_aa.png?lock=720x540
Sansad TV 2 HD (1080p),https://d2lk5u59tns74c.cloudfront.net/out/v1/e4182054dce340da9e0ff38b6b3658a4/index.m3u8,网络源,https://dtil.tmsimg.com/assets/s143761_ld_h15_aa.png?lock=720x540
Sanskar TV (1080p),https://d26idhjf0y1p2g.cloudfront.net/out/v1/cd66dd25b9774cb29943bab54bbf3e2f/index.m3u8,网络源,https://xstreamcp-assets-msp.streamready.in/assets/LIVETV/LIVECHANNEL/LIVETV_LIVETVCHANNEL_SANSKAR/images/LOGO_HD/image.png
Sanskar UK (1080p),https://d34z4embz0hjf6.cloudfront.net/out/v1/7ac2789ff9a544a49337d1ffc54ce61c/index.m3u8,网络源,https://i.imgur.com/AU5vSPF.png
Sanskar USA (1080p),https://d2netiedy8cz3x.cloudfront.net/out/v1/9bf6fa4ac8d6432cb98da13b121ba3c2/index.m3u8,网络源,https://i.imgur.com/5WBWruX.png
Sanskar Web TV (1080p),https://deatfcv3xdvi3.cloudfront.net/out/v1/7a43dd2f64e34ec28da1b4bd6923251a/index.m3u8,网络源,https://i.imgur.com/mu2B6hw.png
Santa Cecilia TV (1080p),https://5fb29de4928ea.streamlock.net/2063/2063/playlist.m3u8,网络源,https://i.imgur.com/KxYsq1d.png
Santa Cruz TV (1080p) [Not 24/7],https://host.streamingnation.live/p/3345/hybrid/play.m3u8,网络源,https://santacruztv8.com/assets/images/logo.png
Santa Fe Canal (1080p),https://canalsantaferts.argtelemax.workers.dev/,网络源,https://i.imgur.com/C1mY5X4.png
Santa Maria Television (720p) [Not 24/7],https://pantera1-100gb-cl-movistar.dps.live/smtv/smtv.smil/playlist.m3u8,网络源,https://i.imgur.com/SnbGpoK.png
Santel TV,https://tv3.bitstreaming.net:3540/live/santeltvlive.m3u8,网络源,https://i.imgur.com/jmJx0jo.png
Santiago TV (720p) [Not 24/7],https://edge.essastream.com/telemilenio/playlist.m3u8,网络源,https://i.imgur.com/10SUxGZ.png
Santvani Channel (576p),https://cdn.pishow.tv/ott/live/475/master.m3u8,网络源,https://dtil.tmsimg.com/assets/s143763_ld_h15_aa.png?lock=720x540
Saphire (1080p),http://77.232.131.211/Sapfir/manifest.m3u8,网络源,https://i.imgur.com/NMOBvle.png
Sarafan (576p),http://stream.mcquack.net/81/index.m3u8,网络源,https://i.imgur.com/u4q1rMT.png
Saraounia TV,https://live20.bozztv.com/dvrfl06/astv/astv-saraouna/index.m3u8,网络源,https://i.imgur.com/O8XIcpH.png
Sarapiqui TV (720p) [Not 24/7],http://tiquiciatv.com:1935/stv/web/playlist.m3u8,网络源,https://i.imgur.com/obTnd32.png
Sarbedaran TV,https://ncdn.telewebion.ir/sarbedaran/live/playlist.m3u8,网络源,https://static.telewebion.com/channelsLogo/ad6e035d-4215-4d88-a25e-da6ff8e0526f/default
Sardari TV (1080p) [Not 24/7],http://158.69.124.9:1935/sardaritv/sardaritv/playlist.m3u8,网络源,
Sarv Dharam Sangam (720p),https://live.castmaxcloud.com/live/sdsangam2.m3u8,网络源,https://xstreamcp-assets-msp.streamready.in/assets/LIVETV/LIVECHANNEL/LIVETV_LIVETVCHANNEL_SARV_DHARAM_SANGAM/images/LOGO_HD/image.png
Sarv Dharm Sangam (576p),https://mumt01.tangotv.in/O5aw8Zn3SARAVDHARAMSANGAM/index.m3u8,网络源,https://jiotvimages.cdn.jio.com/dare_images/images/channel/cacbd93588fb35c8a65c86fcf4310dc0.png
Saryarqa (720p) [Not 24/7],https://stream.kaztrk.kz/regional/karagandytv/index.m3u8,网络源,https://i.imgur.com/EIXwi1c.png
SAS TV (720p),https://cdn.streamhispanatv.net:3390/live/sastvgtlive.m3u8,网络源,https://i.imgur.com/VShjB3o.png
Sat 7 Arabic (240p),https://svs.itworkscdn.net/sat7arabiclive/sat7arabic.smil/playlist_dvr.m3u8,网络源,https://i.imgur.com/BzDjQeQ.png
Sat 7 Kids (1080p),https://svs.itworkscdn.net/sat7kidslive/sat7kids.smil/playlist_dvr.m3u8,网络源,https://i.imgur.com/M0ik0i2.png
Sat 7 Pars,https://sat7phls.wns.live/hls/stream.m3u8,网络源,https://i.imgur.com/VTLQeul.png
Sat 7 Turk (1080p),https://live.artidijitalmedya.com/artidijital_sat7turk/sat7turk/playlist.m3u8,网络源,https://i.imgur.com/cKQIK4i.png
SAT.1 Gold (576p),https://dash4.antik.sk/live/test_sat_eins_gold_tizen/playlist.m3u8,网络源,https://upload.wikimedia.org/wikipedia/commons/thumb/6/6d/Sat.1_Gold_Logo_2019.svg/960px-Sat.1_Gold_Logo_2019.svg.png
Sathiyam TV (576p),https://mumt07.tangotv.in/zHjX9OFlSATHIYAMTV/index.m3u8,网络源,https://dtil.tmsimg.com/assets/s143765_ld_h15_aa.png?lock=720x540
Satsang TV (1080p),https://d2vfwvjxwtwq1t.cloudfront.net/out/v1/6b24239d5517495b986e7705490c6e65/index.m3u8,网络源,https://xstreamcp-assets-msp.streamready.in/assets/LIVETV/LIVECHANNEL/LIVETV_LIVETVCHANNEL_SATSANG/images/LOGO_HD/image.png
Satsang Web TV (1080p),https://d1ji7e9jbzm5g8.cloudfront.net/out/v1/769f22f64d80442889306b9c4abea63c/index.m3u8,网络源,https://i.imgur.com/40kNu1w.png
Saudi Thaqafiya TV (1080p),https://shd-gcp-live.edgenextcdn.net/live/bitmovin-thaqafeyyah/28c0d2a20dbf1dc049ce15d3973f494b/index.m3u8,网络源,https://shahid.mbc.net/mediaObject/55f69983-5b4b-47c7-9c25-06ed5ad860a4?height=auto&width=512&croppingPoint=&version=1&type=jpeg
Saudia Radio (1080p),https://live.kwikmotion.com/sbrksasaudiaradiolive/srpksasaudiaradio/playlist.m3u8,网络源,https://aloula.faulio.com/storage/mediagallery/32/f9/fullhd_4c7e170fe0169d36ed17d45a645d4e69fb961793.png
Savane TV,https://savane24.tv:5443/LiveApp/streams/Y4fyif69Q0ll6MeH2190896734859843.m3u8,网络源,https://i.imgur.com/mv3S1Zc.png
Savoir media CFTU-DT (360p),https://hls.savoir.media/live/stream.m3u8,网络源,https://upload.wikimedia.org/wikipedia/commons/9/97/Savoir_m%C3%A9dia_logo_3.png
Sayare TV (720p) [Not 24/7],https://goliveafrica.media:9998/live/636dedfa327d7/index.m3u8,网络源,https://i.imgur.com/M2Fnxj7.png
SBB TV,https://cdn-th-vip2.livestreaming.in.th/watsanghathan/watsanghathan/playlist.m3u8,网络源,https://i.imgur.com/B1tyK1Z.png
SBC (1080p),https://shd-gcp-live.edgenextcdn.net/live/bitmovin-sbc/90e09c0c28db26435799b4a14892a167/index.m3u8,网络源,https://i.imgur.com/9JSQglj.png
SBC TV (720p) [Not 24/7],http://cdn.mediavisionuae.com:1935/live/sbctv.stream/playlist.m3u8,网络源,https://i.imgur.com/VLhgTIA.png
SBN TV (720p),https://watch.sardius.media/channels/Ea867F3e1F56B06/site_c5402f016A/live.m3u8,网络源,https://i.imgur.com/XLGIz2O.png
SBN TV Global (720p),https://watch.sardius.media/channels/Ea867F3e1F56B06/site_8D363D13Eb/live.m3u8,网络源,https://i.imgur.com/NJu6oYB.png
SBN TV International (720p),https://watch.sardius.media/channels/Ea867F3e1F56B06/site_09a4778E89/live.m3u8,网络源,https://i.imgur.com/NJu6oYB.png
SBS6 Classics (1080p) [Geo-blocked],https://sbs6classic.prd1.talpatvcdn.nl/v1/master/8ada1ed2ae3b9c3db6fc5e604cfa78fc7d2d745e/sbs6classic_ssai/fea54560ba684701a2143f33a9cf4489/index.m3u8,网络源,https://upload.wikimedia.org/wikipedia/commons/8/8d/SBS_6_logo_2013.png
SBS WorldWatch,http://44.32.200.142:5004/auto/v35,网络源,https://i.imgur.com/gCKMxrW.png
SBT Cuiaba,https://video09.logicahost.com.br/sbtcuiaba/sbtcuiaba/playlist.m3u8,网络源,https://i.imgur.com/EZJWQ3i.png
SBT Interior (720p),https://cdn.jmvstream.com/w/LVW-10801/LVW10801_Xvg4R0u57n/playlist.m3u8,网络源,https://i.imgur.com/IkZfa4j.png
SBT Kids (1080p) [Geo-blocked],https://8994803e454548319ffc0775bc04e0c1.mediatailor.us-east-1.amazonaws.com/v1/master/215c0da80606fed29372070168106400a6ca7e1a/SSAI-TVZyn/index.m3u8,网络源,https://upload.wikimedia.org/wikipedia/pt/1/19/SBTKids2026.png
SBT Nacional (720p),http://170.84.165.204/SBT_HD/index.m3u8,网络源,https://i.imgur.com/tc1ALuu.png
SBT News (720p),https://dai.google.com/linear/hls/event/1XSOdtQ0SH2G8OEmEfGgjQ/master.m3u8,网络源,https://upload.wikimedia.org/wikipedia/commons/4/42/SBT_News_2025.svg
SBT Nova Mutum,https://video09.logicahost.com.br/sbtmutum/sbtmutum/playlist.m3u8,网络源,https://upload.wikimedia.org/wikipedia/pt/d/d0/Logotipo_do_SBT_Nova_Mutum.png
SBT Rondonopolis,https://video09.logicahost.com.br/sbtroo/sbtroo/playlist.m3u8,网络源,https://upload.wikimedia.org/wikipedia/pt/d/d5/Logotipo_do_SBT_Rondon%C3%B3polis.png
SBT TV,http://122.155.12.107:1935/live/sbt_tv_aac_300/playlist.m3u8,网络源,https://i.imgur.com/rmNDylW.png
SBTV (1080p) [Not 24/7],https://live.leveex.hr/hls/live.m3u8,网络源,https://i.imgur.com/MIampxZ.png
SC Currents,https://reflect-communitytv.cablecast.tv/live-5/live/stream-3/live.m3u8,网络源,https://i.imgur.com/8FZsNyK.png
Schie TV (576i),https://d2n2i1jp4j20kw.cloudfront.net/nlpo/clr-nlpo/schietv/index.m3u8,网络源,https://i.imgur.com/kt4Aqvq.png
Schladming-Dachstein TV (720p),https://m317.video-stream-hosting.de/gzSoftware-live/_definst_/smil:livestream.smil/playlist.m3u8,网络源,https://i.ibb.co/VjnzhMM/Logo-Schl-Dachstein-TV-HP-JPG.jpg
Schwab Network (1080p),https://content.uplynk.com/channel/f9aafa1f132e40af9b9e7238bc18d128.m3u8,网络源,https://i.imgur.com/zmQnKV6.png
Scientology Network (1080p),https://stream6.scientology.org/master.m3u8,网络源,https://i.imgur.com/HOYF8NA.png
Scientology Network KSCN-TV,https://stream-losangeles.scientology.org/master.m3u8,网络源,https://i.imgur.com/HOYF8NA.png
Scientology Network WFTT-TV,https://stream-tampa.scientology.org/master.m3u8,网络源,https://i.imgur.com/HOYF8NA.png
SciFi (720p),http://41.205.93.154/SYFY/index.m3u8,网络源,https://upload.wikimedia.org/wikipedia/commons/d/d1/SciFi_2026.svg
Scorch TV (1080p),https://w6oy7x7jlxrg-hls-live.5centscdn.com/MandETV/955ad3298db330b5ee880c2c9e6f23a0.sdp/playlist.m3u8,网络源,https://i.imgur.com/CNszwj1.png
Scorpion (Germany),https://jmp2.uk/plu-63d000ef4e83e700086e0d6c.m3u8,网络源,https://images.pluto.tv/channels/63d000ef4e83e700086e0d6c/colorLogoPNG.png
Scorpion (Sweden),https://jmp2.uk/plu-63a1c9c2847a090007f248da.m3u8,网络源,https://images.pluto.tv/channels/63a1caefc8d285000799e8af/colorLogoPNG.png
Scorpion (Sweden) DK,https://jmp2.uk/plu-63a1caefc8d285000799e8af.m3u8,网络源,https://images.pluto.tv/channels/63a1caefc8d285000799e8af/colorLogoPNG.png
Scorpion (Sweden) NO,https://jmp2.uk/plu-63a1c959d9dd51000825d659.m3u8,网络源,https://images.pluto.tv/channels/63a1caefc8d285000799e8af/colorLogoPNG.png
Scottsdale Channel 11,https://cdn3.wowza.com/5/RXJNMFI3VlVkOEFP/scottsdale/G0040_007/chunklist.m3u8,网络源,https://i.imgur.com/lfE6Q9i.png
ScreamIN (1080p),https://rakutenaa-zylo-screamin-rakuten-p11ej.amagi.tv/playlist/rakutenAA-zylo-screamin-rakuten/playlist.m3u8,网络源,https://i.imgur.com/tGmKbil.png
Screen Dreams (720p),https://stream-us-east-1.getpublica.com/playlist.m3u8?network_id=2240,网络源,https://i.imgur.com/AHIo9oz.png
Scripps News (1080p),https://aegis-cloudfront-1.tubi.video/7e1c26b7-7975-4240-9a4f-480eaa8f3ea4/playlist.m3u8,网络源,https://i.imgur.com/W0Jvi5o.png
SCTV2 (720p),https://liveh12.vtvprime.vn/hls/SCTV2/index.m3u8,网络源,https://i.imgur.com/8i5DXIg.png
SCTV3 (720p),https://vtvgolive-sctvdrm.vtvdigital.vn/bsod999cuteptgyoutuber/1234567890/manifest/sctv3/master.m3u8,网络源,https://i.imgur.com/tfk298I.png
SCTV4 (720p),https://vtvgolive-sctvdrm.vtvdigital.vn/manifest/sctv4/master.m3u8,网络源,https://i.imgur.com/qkZhzQq.png
SCTV6 (720p),https://vtvgolive-sctvdrm.vtvdigital.vn/manifest/sctv6/master.m3u8,网络源,https://i.imgur.com/2oOVS42.png
SCTV7 (720p),https://vtvgolive-sctvdrm.vtvdigital.vn/manifest/sctv7/master.m3u8,网络源,https://i.imgur.com/xbIUZYd.png
SCTV9 (720p),https://vtvgolive-sctvdrm.vtvdigital.vn/manifest/sctv9/master.m3u8,网络源,https://i.imgur.com/OJMbhow.png
SCTV11 (720p),https://vtvgolive-sctvdrm.vtvdigital.vn/manifest/sctv11/master.m3u8,网络源,https://i.imgur.com/ZmFfy9o.png
SCTV12 (720p),https://vtvgolive-sctvdrm.vtvdigital.vn/manifest/sctv12/master.m3u8,网络源,https://i.imgur.com/5pDFkH0.png
SCTV13 (720p),https://vtvgolive-sctvdrm.vtvdigital.vn/manifest/sctv13/master.m3u8,网络源,https://i.imgur.com/aoz1iDw.png
SCTV14 (720p),https://vtvgolive-sctvdrm.vtvdigital.vn/manifest/sctv14/master.m3u8,网络源,https://i.imgur.com/rIqmRNK.png
SCTV16 (720p),https://vtvgolive-sctvdrm.vtvdigital.vn/manifest/sctv16/master.m3u8,网络源,https://i.imgur.com/ldCYtvt.png
SCTV18 (720p),https://vtvgolive-sctvdrm.vtvdigital.vn/manifest/sctv18/master.m3u8,网络源,https://i.imgur.com/FfUSlgI.png
SCTV19 (720p),https://vtvgolive-sctvdrm.vtvdigital.vn/manifest/sctv19/master.m3u8,网络源,https://i.imgur.com/yBAFZRs.png
SCTV20 (720p),https://vtvgolive-sctvdrm.vtvdigital.vn/manifest/sctv20/master.m3u8,网络源,https://i.imgur.com/7ABZhfZ.png
SCVTV (1080p),https://reflect-scvtv.cablecast.tv/live-2/live/live.m3u8,网络源,https://i.imgur.com/qEsZbZz.png
SEA TV (1080p),https://seatv.netlinkbroadcaster.com/hls/test.m3u8,网络源,https://i.imgur.com/oZPorvg.png
Sea TV (360p),http://dtv.vol.net.ua/Sea_TV_HD/index.m3u8,网络源,https://i.imgur.com/11dzVLi.png
SEC Network (1080p),http://23.237.104.106:8080/USA_SEC_NETWORK/index.m3u8,网络源,https://upload.wikimedia.org/wikipedia/commons/thumb/b/b9/SEC_Network_logo.svg/960px-SEC_Network_logo.svg.png
Seenluft24 (1080p),https://h056.video-stream-hosting.de/easycast7-live/_definst_/mp4:livestreamhd20/playlist.m3u8?ref=,网络源,https://i.imgur.com/3TgBg9v.jpg
SelangorTV (1080p),https://live.mana2.my/SelangorTv/index.m3u8?auth_key=1745177902-0210d7bbc24749879b1c370bfbd2b512-0-1a02652c616fd55ef43edbcf07d9c7dd&token=1745177902-0210d7bbc24749879b1c370bfbd2b512-0-1a02652c616fd55ef43edbcf07d9c7dd,网络源,https://www.selangor.gov.my/selangor/resources/Image/LOGO/SelangorTV.png
Semarang TV (720p),http://116.254.112.74/hls/cakralive.m3u8,网络源,https://i.imgur.com/KFC2WSB.png
Semerkand TV (1080p) [Not 24/7],https://b01c02nl.mediatriple.net/videoonlylive/mtisvwurbfcyslive/broadcast_58d915bd40efc.smil/playlist.m3u8,网络源,https://i.imgur.com/UVGGrQd.png
Semillitas TV (576p),http://45.5.117.99:8000/play/a0g3/index.m3u8,网络源,https://i.imgur.com/u3yujUd.png
Semnan TV,https://ncdn.telewebion.ir/semnan/live/playlist.m3u8,网络源,https://upload.wikimedia.org/wikipedia/fa/3/35/Semnan_TV.png
Senal Colombia (1080p),http://209.14.115.253:8081/SENALCOLOMBIA/index.m3u8,网络源,https://i.imgur.com/Y9x16vl.png
Senal Digital TV [Not 24/7],https://soportedvb.click:3494/live/senaldigitaltvlive.m3u8,网络源,https://imgur.com/KGqUu1X.jpg
Senal Peru TV (404p) [Not 24/7],https://livestream.perucast.com/hls/stream.m3u8,网络源,https://i.imgur.com/1q0R6R9.png
Senal U,https://live20.bozztv.com/giatv/giatv-canal30tda/canal30tda/chunks.m3u8,网络源,https://i.ibb.co/yBYcKTj/Senal-U-Uncuyo-en-vivo-Online.png
Senales TV,https://live.dionelysterrero.com/senalestv/stream.m3u8,网络源,https://i.imgur.com/7Zr79F2.png
Senato TV (1080p),https://senato-live.morescreens.com/SENATO_1_001/playlist.m3u8,网络源,https://i.imgur.com/h4NyN5d.png
Sender Neu Jerusalem (576p),https://bild-und-ton.stream/snj-de/snj-de.smil/.m3u8,网络源,
Seneweb TV [Geo-blocked],https://vdo2.pro-fhi.net:3297/stream/play.m3u8,网络源,https://i.imgur.com/i9P2qjs.png
Senillosa TV,https://player.videohost.click/senillosatv/senillosatv/playlist.m3u8,网络源,https://yt3.ggpht.com/ytc/AKedOLTrvk7gv0uCQ8QdGREqv6Rtzm4F6UMetdxKub6D=s400-c-k-c0x00ffffff-no-rj
SenJeunes TV (480p) [Not 24/7],https://stream.sen-gt.com/senjeunestv/myStream/playlist.m3u8,网络源,https://i.imgur.com/MeCSPsI.jpg
SensaCine TV x Pluto,https://jmp2.uk/plu-676e7b4a4bd636000819c6a7.m3u8,网络源,https://images.pluto.tv/channels/676e7b4a4bd636000819c6a7/colorLogoPNG_1748957675934.png
Sensacion Costa,https://tvcosta.gleeze.com/memfs/4d48db09-0b1e-4803-8da7-22be388bdd7e.m3u8,网络源,https://i.imgur.com/oYQoWAB.png
Senses TV (1080p),http://31.14.41.69:8080/hls/sensesonline/index.m3u8,网络源,https://i.imgur.com/hnTx8eK.png
Sensing Murder,https://jmp2.uk/plu-5e9ed47c26ebb000074af566.m3u8,网络源,https://i.imgur.com/HYEABSt.png
Senzi (720p),http://lb.streaming.sk/senzi/stream/playlist.m3u8,网络源,https://i.imgur.com/1qJMmBu.png
Sepehr TV,https://ncdn.telewebion.ir/sepehr/live/playlist.m3u8,网络源,https://upload.wikimedia.org/wikipedia/commons/thumb/5/59/Sepehrtv.png/960px-Sepehrtv.png
Seraphim TV [Not 24/7],https://restream.churchtv247.co.za/Apostle/Hggc@24/1.m3u8,网络源,https://i.imgur.com/MfeKk07.png
Sercano TV (720p) [Not 24/7],http://stream.grupoabchn.com:1935/SERCANOHD/SERCANOLive.smil/playlist.m3u8,网络源,https://pbs.twimg.com/profile_images/972873782972076032/6cacahDX_400x400.jpg
Sercem TV (1080p),https://canli.sercemtv.com.tr/hls/0/stream.m3u8,网络源,https://sercemtv.com.tr/sercemlogo.jpg
Serie Club (720p),http://145.239.5.177/355/index.m3u8,网络源,https://i.imgur.com/V8wRRg5.png
Serie Max,https://video1.getstreamhosting.com:1936/8330/8330/playlist.m3u8,网络源,https://i.imgur.com/GaRQXHT.png
Series by Pluto TV,https://jmp2.uk/plu-5f8ed2d1c34c2300073bf02c.m3u8,网络源,https://images.pluto.tv/channels/5f8ed2d1c34c2300073bf02c/colorLogoPNG_1775048963457.png
Series Classic (720p),https://cdn-tiva-video10-logicahost-com-br.smartbit.co/serieclassic/serieclassic/playlist.m3u8,网络源,https://storage.googleapis.com/soultv-prod-media/media/img/mobile/featured/bg_mobile.jpg
Sertao TV (720p),http://wz4.dnip.com.br/sertaotv/sertaotv.sdp/playlist.m3u8,网络源,https://i.imgur.com/b5xOCsC.png
ServusTV (1080p) [Geo-blocked],https://stv-live.akamaized.net/hls/live/2031011/lingeoSTVATwebPri/master.m3u8,网络源,https://i.imgur.com/6W637Gn.png
SESC TV (1080p),https://slbps-ml-sambatech.akamaized.net/samba-live/2472/7424/8a00fe7cc36ac263b2c3e9324497d5ff/video/93a9920d-1b24-4c5e-a7d2-63d5489f59b5_index.m3u8,网络源,https://i.imgur.com/Mu8O6CV.png
SET News (1080p) [Geo-blocked],http://seb.sason.top/sc/sllive_fhd.m3u8,网络源,https://i.imgur.com/EGVbAvJ.png
Seven (576p),http://31.148.48.15/7TV/index.m3u8,网络源,https://i.imgur.com/GpCwqUF.png
Seven Channel (720p) [Not 24/7],https://xykt-fix.github.io/liveh42-syhtv-mn/7Channel_HD/03.m3u8,网络源,https://i.imgur.com/9Ld5ATz.png
Sever,https://2vko9pchwon.a.trbcdn.net/livemaster/8ilgc_cw63ucn03p.smil/playlist.m3u8,网络源,https://i.imgur.com/sTOQLYl.png
Sevilla FC TV (360p) [Not 24/7],https://open.http.mp.streamamg.com/p/3001314/sp/300131400/playManifest/entryId/0_ye0b8tc0/format/applehttp/protocol/https/uiConfId/30026292/a.m3u8,网络源,https://i.imgur.com/yujGVbm.png
Sevimli TV (1080p),https://stream8.cinerama.uz/1017/tracks-v1a1/playlist.m3u8,网络源,https://i.imgur.com/iMwzRlr.png
Sextavision (1080p),https://5ff3d9babae13.streamlock.net/fzkqsdfray/fzkqsdfray/playlist.m3u8,网络源,https://i.imgur.com/mwUZBU9.png
SF Commons 29 (480p),https://reflect-bayarea.cablecast.tv/live-5/live/live.m3u8,网络源,https://i.imgur.com/aVkJkgm.png
SF Commons 76 (480p),https://reflect-bayarea.cablecast.tv/live-6/live/live.m3u8,网络源,https://i.imgur.com/7L53Gju.png
Sfera TV (480p) [Not 24/7],https://stream.sferatv.pl/sferatvlive/live.m3u8,网络源,https://i.imgur.com/aK7xfKi.png
SFGovTV2 (720p),https://cdn3.wowza.com/5/ZFdxUW9BQWt2UWRL/sanfrancisco/G0051_050/playlist.m3u8,网络源,https://i.imgur.com/SOk5m5B.png
SFGovTV (720p),https://cdn3.wowza.com/5/ZFdxUW9BQWt2UWRL/sanfrancisco/G0051_048/playlist.m3u8,网络源,https://i.imgur.com/uYXuwmV.png
SGTN-49 (720p),https://rpn.bozztv.com/gusa/gusa-stgn/index.m3u8,网络源,https://i.imgur.com/4fbJRWW.png
SGTV (1080p),https://live.seminolecountyfl.gov/live-2/live/stream-1/live.m3u8,网络源,https://i.imgur.com/rVyWa2A.png
Shabab FM (720p) [Not 24/7],https://streaming.zaytonatube.com:8081/ShababFM/shabab/index.m3u8,网络源,https://i.imgur.com/4Cyz4Bn.png
Shabakeh 7,https://sh7hls.wns.live/hls/stream.m3u8,网络源,https://i.imgur.com/oHmh5Jb.png
Shakthi TV (576p),https://mumbai-edge.smartplaytv.in/ShakthiTV/index.m3u8,网络源,https://i.imgur.com/RX6IwK8.png
Shalom (1080p),https://d2c4zqo2rb5uf1.cloudfront.net/master.m3u8,网络源,https://dtil.tmsimg.com/assets/s143774_ld_h15_aa.png?lock=720x540
Shalom Global (1080p),https://d28xtgmk9tfk6b.cloudfront.net/master.m3u8,网络源,https://dtil.tmsimg.com/assets/s143774_ld_h15_aa.png?lock=720x540
Shalom America (720p) [Not 24/7],https://livestreamcdn.net:444/ShalomTV/ShalomTV/playlist.m3u8,网络源,https://i.imgur.com/qUjsV79.png
Shalom TV (360p),https://media.streambrothers.com:1936/8400/8400/playlist.m3u8,网络源,https://i.imgur.com/lJ4MLHn.png
Shalom World (1080p),https://broadcaster-1.cclouds.in/srt-2/channel2_abr/playlist.m3u8,网络源,https://i.imgur.com/wnNd3b8.png
Shalom World Australia (1080p) [Geo-blocked],https://broadcaster-1.cclouds.in/srt-3/channel3_abr/playlist.m3u8,网络源,https://i.imgur.com/wnNd3b8.png
Shalom World Europe (1080p),https://broadcaster-1.cclouds.in/srt/channel1_abr/playlist.m3u8,网络源,https://i.imgur.com/wnNd3b8.png
Shalom World Prayer (1080p),https://broadcaster-1.cclouds.in/srt-4/channel4_abr/playlist.m3u8,网络源,https://i.imgur.com/uUrTto3.png
Shams TV (Afghanistan),https://fflive-darya-educationtv.b-cdn.net/master.m3u8,网络源,https://i.imgur.com/Lsy31iZ.jpeg
Shams TV (Iraq) (1080p),https://stream.shams.tv/hls/stream.m3u8,网络源,https://www.semakurd.net/sites/default/files/imagecache/400xY/shemis-tv.jpg
Shamshad TV [Not 24/7],https://5a1178b42cc03.streamlock.net/shamshadtelevision/shamshadtelevision/playlist.m3u8,网络源,https://upload.wikimedia.org/wikipedia/commons/2/28/Shamshad_tv_logo.jpg
Shandong Satellite TV (720p),http://125.210.152.18:9090/live/SDWSHD_H265.m3u8,网络源,https://www.tvchinese.net/uploads/tv/shandongtv.jpg
Shandong TV (1080p),http://39.134.115.163:8080/PLTV/88888910/224/3221225697/index.m3u8,网络源,https://i.imgur.com/t3ICc4i.png
Shanson TV (576p),http://catchup.videoline.ru/shanson/index.m3u8,网络源,https://i.imgur.com/Fk4sd8t.png
Shant TV (1080p),http://stream.mcquack.net/37/index.m3u8,网络源,https://i.imgur.com/AyitGj7.png
Sharjah 2 (1080p),https://svs.itworkscdn.net/smc2live/smc2tv.smil/playlist.m3u8,网络源,https://i.imgur.com/Wd3Xvd1.png
Sharjah Radio (1080p),https://svs.itworkscdn.net/smcradiolive/smcradiolive/playlist.m3u8,网络源,https://i.imgur.com/q7GGALe.png
Sharjah Radio Quran (1080p),https://live.kwikmotion.com/smcquranlive/quranradiolive/playlist.m3u8,网络源,https://i.imgur.com/MxZlOvc.png
Sharjah Sports (1080p) [Geo-blocked],https://svs.itworkscdn.net/smc4sportslive/smc4tv.smil/playlist.m3u8,网络源,https://i.imgur.com/CsEElsJ.png
Sharjah TV (1080p),https://live.kwikmotion.com/smc1live/smc1tv.smil/playlist.m3u8,网络源,https://i.imgur.com/Oz2bPOt.png
Sharnam TV (576p),https://mumt06.tangotv.in/qYyB8fXVSHARNAMTV/index.m3u8,网络源,https://papaji.freetvindia.com/media/channels/SarnamTV.png
Sharq Radio TV (1080p),https://59nyqa5elwap-hls-live.5centscdn.com/Sharq/eec89088ee408b80387155272b113256.sdp/playlist.m3u8,网络源,https://upload.wikimedia.org/wikipedia/commons/thumb/7/70/Sharq_TV_Logo_2020.jpg/960px-Sharq_TV_Logo_2020.jpg
Shayan TV (1080p),https://shayan.bonus-tv.ru/cdn/shayan/playlist.m3u8,网络源,https://i.imgur.com/CvFwczN.png
Shchyolkovskoe TV (576p) [Not 24/7],http://stream0.tv41.ru/live.m3u8,网络源,https://i.imgur.com/0us6l04.png
Shef (1080p),https://cdn-dvr.ntv.ru/Shef/index.m3u8,网络源,https://cdn2-static.ntv.ru/home/promo/24740/shef_llive.jpg
Sheffield Live TV (360p) [Not 24/7],http://tv.sheffieldlive.org/hls/main.m3u8,网络源,https://i.imgur.com/p0QzCFs.png
Shekinah TV (1080p),https://livetv.timeiptv.in/ShekinahNewsIndia/955ad3298db330b5ee880c2c9e6f23a0.sdp/playlist.m3u8,网络源,https://jiotvimages.cdn.jio.com/dare_images/images/Shekinah.png
Shelanu.TV (720p),https://1247634592.rsc.cdn77.org/1247634592/playlist.m3u8,网络源,https://i.imgur.com/UVz2Ojq.png
Shemaroo Bollywood (1080p),https://cdn-uw2-prod.tsv2.amagi.tv/linear/amg00864-shemarooenterta-shemabollywood-ono/playlist.m3u8,网络源,https://i.imgur.com/TFxLj80.png
Shemaroo Filmi Gaane (1080p),https://prod-runn.cdn.runn.tv/shemaroo/stream/smrfgn/playlist.m3u8,网络源,https://jiotvimages.cdn.jio.com/dare_images/images/channel/0d5b07555b2d4415aa9f145273095ed7.png
Shemaroo Josh (576p),https://mumt04.tangotv.in/m18aqlK4SHEMAROOJOSH/index.m3u8,网络源,https://dtil.tmsimg.com/assets/GNLZZGG00297P3E.png?lock=720x540
Shemaroo Marathi Bana (720p),https://airtelapp.shemaroo.com/marathibana/smil:marathibanaadp.smil/playlist.m3u8,网络源,https://xstreamcp-assets-msp.streamready.in/assets/LIVETV/LIVECHANNEL/LIVETV_LIVETVCHANNEL_SHEMAROO_MARATHIBANA/images/LOGO_HD/image.png
Shemaroo TV (720p),https://airtelapp.shemaroo.com/shemarootv/smil:shemarootvadp.smil/playlist.m3u8,网络源,https://xstreamcp-assets-msp.streamready.in/assets/LIVETV/LIVECHANNEL/LIVETV_LIVETVCHANNEL_SHEMAROO_TV/images/LOGO_HD/image.png
Shemaroo Umang (720p),https://airtelapp.shemaroo.com/shemarooumang/smil:shemarooumangadp.smil/playlist.m3u8,网络源,https://xstreamcp-assets-msp.streamready.in/assets/LIVETV/LIVECHANNEL/LIVETV_LIVETVCHANNEL_SHEMAROO_UMANG/images/LOGO_HD/image.png
Shenzhen Satellite TV (2160p),https://livepull-tcms.sztv.com.cn/live/sz4Kpgm.m3u8,网络源,
Shift TV (1080p),https://hls.shift.tv/live/shifttv/playlist.m3u8,网络源,https://i.imgur.com/mudXVT8.png
Shine Star TV (720p) [Not 24/7],https://f-tx-edge-87.christianworldmedia.com/shinetvpak2/mp4:shinetvpak2/playlist.m3u8,网络源,https://i.imgur.com/I3lTIeN.png
Shinsegae TV Shopping (720p),https://liveout.catenoid.net/live-02-shinsegaetvshopping/shinsegaetvshopping_720p/playlist.m3u8,网络源,https://i.imgur.com/Hq3yjqA.png
Shokiruyushchee HD (1080p),http://stream.mcquack.net/75/index.m3u8,网络源,https://i.imgur.com/UG63hZ0.png
Shop Channel (1080p) [Not 24/7],https://stream3.shopch.jp/HLS/master.m3u8,网络源,https://www.shopch.jp/com/images/common/logo_2021.png
Shop LC (1080p),https://cdn-shop-lc-01.akamaized.net/Content/DASH_DASH/Live/channel(ott)/master.mpd,网络源,https://upload.wikimedia.org/wikipedia/commons/6/69/ShopHQ_2019_Logo.png
Shopping Live (720p),https://nonmirya7cc.a.trbcdn.net/livemaster/tzrz5_sazlypl5ot.smil/playlist.m3u8,网络源,https://i.imgur.com/EMmGnjV.png
Shopping NT (720p),https://live.shoppingntmall.com/live/10011.m3u8,网络源,https://i.imgur.com/BgbJp5X.png
Shot TV (576p),http://hls127.freeott.top:8080/SHOT_TV/video.m3u8,网络源,https://i.imgur.com/MLSG7tA.png
Shout! Factory TV (1080p),https://d1s1wrpgemt9re.cloudfront.net/Shout_TV.m3u8,网络源,https://i.imgur.com/AgoGr6y.png
Show do Milhao (1080p) [Geo-blocked],https://d38s7rrdbnh4oy.cloudfront.net/v1/master/215c0da80606fed29372070168106400a6ca7e1a/SSAI-Saudades/index.m3u8,网络源,https://upload.wikimedia.org/wikipedia/pt/b/b2/Show_do_Milh%C3%A3o_Logo_2024.webp
Show Turk (1080p),https://raw.githubusercontent.com/bnyusuf67-crypto/streams/refs/heads/main/streams/shturk.m3u8,网络源,https://i.imgur.com/fdZpGDj.png
Showtime (1080p),http://4.30.180.36:8420/showtime/mono.m3u8?token=test,网络源,https://upload.wikimedia.org/wikipedia/commons/thumb/0/09/Paramount%2B_with_Showtime_logo.svg/960px-Paramount%2B_with_Showtime_logo.svg.png
Showtime Family Zone (720p),http://23.237.104.106:8080/USA_SHOWTIME_FAMILY/index.m3u8,网络源,https://thumb.wikimedia.org/wikipedia/commons/thumb/0/0b/Showtime_Family_Zone.svg/960px-Showtime_Family_Zone.svg.png
ShowVen TV (720p),https://cdnbarinas.tvzamora.com/showven/index.m3u8,网络源,https://i.imgur.com/AJIN8Dc.png
Shraddha TV (480p),https://edge3-moblive.yuppcdn.net/drm1/smil:shraddhatvdrm.smil/index.m3u8,网络源,https://i.imgur.com/sZ3fEMi.png
Shubh Cinema TV (720p),https://d393sxaxig6bax.cloudfront.net/out/v1/589cf2cf44bf42bb941e817a2240d62e/index.m3u8,网络源,https://i.imgur.com/RQhorAG.png
Shubh TV (1080p),https://d2g1vdc6ozl2o8.cloudfront.net/out/v1/0a0dc7d7911b4fddbb4dfc963fdd4b9e/index.m3u8,网络源,https://xstreamcp-assets-msp.streamready.in/assets/LIVETV/LIVECHANNEL/LIVETV_LIVETVCHANNEL_SHUBH_TV/images/LOGO_HD/image.png
Shubhsandesh TV (576p),https://mumt03.tangotv.in/Dsly5z3HSHUBHSANDESH/index.m3u8,网络源,https://xstreamcp-assets-msp.streamready.in/assets/LIVETV/LIVECHANNEL/LIVETV_LIVETVCHANNEL_SHUBHSANDESH_TV/images/LOGO_HD/image.png
Sibir 24 (1080p),https://vgtrkregion-reg.cdnvideo.ru/vgtrk/novosibirsk/sibir24-hd/index.m3u8,网络源,https://i.imgur.com/jgwQPl0.png
Sibir 24 KYA (1080p),https://vgtrkregion-reg.cdnvideo.ru/vgtrk/krasnoyarsk/sibir24-hd/index.m3u8,网络源,https://i.imgur.com/jgwQPl0.png
SIC Alta Definicao (1080p),https://production-fast-sic.content.okast.tv/fa2e8c4385712f9aa54bbe52b1bd9b6b/channels/d9070446-8448-455e-8075-773b1ba12562/fc831b20-f252-4e7d-8cc5-2d05f4d43c1c/media_.m3u8,网络源,https://i.imgur.com/VdPwyQv.png
SIC Replay (1080p),https://production-fast-sic.content.okast.tv/fa2e8c4385712f9a7dce4ff2dcebac2e/channels/d9070446-8448-455e-8075-773b1ba12562/d47eae0f-ad77-414a-9a1d-2a6628ba18c3/media_.m3u8,网络源,https://i.imgur.com/fj84mXz.png
SIC TV (720p),https://parecisfmlive.brasilstream.com.br/hls/parecisfmlive/index.m3u8,网络源,https://i.imgur.com/mHxQyB2.png
Sicardi TV (720p),https://vivo.solumedia.com:19360/sicarditv/sicarditv.m3u8,网络源,https://i.imgur.com/W2EUIL2.png
Sichuan Satellite TV (576p),http://39.134.115.163:8080/PLTV/88888910/224/3221225733/index.m3u8,网络源,https://i.imgur.com/r5xivih.png
Sichuan TV Women and Children Channel (720p) [Not 24/7],http://scgctvshow.sctv.com/hdlive/sctv7/index.m3u8,网络源,https://i.imgur.com/1lGO0vY.png
SICOM Television XHPBZC-TDT (720p) [Not 24/7],https://5d0d1d7a6be9e.streamlock.net/sicom/canal1/playlist.m3u8,网络源,https://i.imgur.com/dbJKErB.png
Siembra TV (Dominican Republic) (720p),https://streamunoapp.com:3809/live/siembratvlive.m3u8,网络源,https://www.vivalivetv.com/public/files/shows/0/1/3226-294x165-FFFFFF.jpg
Siembra TV (Venezuela) [Not 24/7],https://cloud2.streaminglivehd.com:1936/siembratv/siembratv/playlist.m3u8,网络源,https://i.imgur.com/zRX91Xr.png
Sigma TV (576p) [Not 24/7],https://sl2.sigmatv.com/hls/live.m3u8,网络源,https://i.imgur.com/DXKx102.png
Sikh Spiritual Centre Rexdale (720p),https://cdn12.henico.net:8443/live/ssct/index.m3u8,网络源,https://i.imgur.com/YKXoIsr.png
Silk Way (1080p),https://hlspackager.akamaized.net/live/DB/SILKWAY/SILKWAY/SILKWAY.m3u8,网络源,https://i.imgur.com/SJNDksF.png
Silk Way Cinema (1080p) [Geo-blocked],https://stream.qazcdn.net/ex6r514/silkwaycinema/index.m3u8,网络源,https://www.cableman.ru/sites/default/files/Silk-way-CINEMA.png
Silver Screen (576p),http://103.250.28.74:8000/play/a044/index.m3u8,网络源,https://i.imgur.com/s4Rv6pK.png
Silverbird News 24 (576p),https://viewmedia7219.bozztv.com/wmedia/viewmedia100/web_029/Stream/playlist.m3u8,网络源,https://i.imgur.com/9jcV9oG.png
Simavision Canal 18 (720p),https://soportedvb.click:3668/live/simavisiontvlive.m3u8,网络源,https://i.imgur.com/io9o30K.jpg
Simaye Azadi (1080p),https://simaytv.akamaized.net/hls/live/2043550/simayhls/index.m3u8,网络源,https://i.imgur.com/yXcczMq.png
Simferopol 24,https://simf.1tvcrimea.ru/simferopol24.m3u8,网络源,https://i.imgur.com/S2QJ3bc.png
Simon (720p) [Geo-blocked],https://hls.simon.ua/live-HD/live/playlist.m3u8,网络源,https://i.imgur.com/FfYVCJC.png
Simpang5 TV (360p) [Not 24/7],http://122.248.43.242:1935/SIMPANG5TV/_definst_/myStream/playlist.m3u8,网络源,https://upload.wikimedia.org/wikipedia/commons/d/dc/Simpang5_TV.png
Sin tetas no hay paraiso,https://jmp2.uk/plu-604bdf4e6d0abc0007ba77ad.m3u8,网络源,https://i.imgur.com/fpwU2IQ.png
Sindh TV (1080p),http://103.250.28.74:8000/play/a00u/index.m3u8,网络源,https://i.imgur.com/izpeOsx.png
Sindh TV News (1080p),http://103.250.28.74:8000/play/a00v/index.m3u8,网络源,https://i.imgur.com/Ap9K1lj.png
Siping TV,http://stream2.jlntv.cn/sptv/sd/live.m3u8?_upt=f27750421743154598,网络源,https://www.tvchinese.net/uploads/tv/sptv1.jpg
SIPSE TV 8.1 (1080p) [Not 24/7],https://webprod.sipse.com.mx:8080/show/merida.m3u8,网络源,https://i.imgur.com/123P7dV.png
SIPSE TVCUN 8.1 (1080p) [Not 24/7],https://webprod.sipse.com.mx:8080/show/tvcun.m3u8,网络源,https://i.imgur.com/uiTgClU.png
Siri Kannada (576p),https://mumt03.tangotv.in/Dsly5z3HSIRIKANNADA/index.m3u8,网络源,https://dtil.tmsimg.com/assets/s143790_ld_h9_aa.png?lock=720x540
Siri Kannada All Time (576p),https://mumt07.tangotv.in/zHjX9OFlSIRIKANNADAALLTIME/index.m3u8,网络源,https://i.imgur.com/IR0BrEX.jpeg
Sirippoli TV (576p),https://segment.yuppcdn.net/240122/siripoli/playlist.m3u8,网络源,https://dtil.tmsimg.com/assets/s143791_ld_h9_aa.png?lock=720x540
Siris TV (720p),https://cdn.streammy.events/siris/playout/playlist.m3u8,网络源,https://i.imgur.com/4qKe18X.png
Siscom TV,https://video2.lhdserver.es/siscomtv/live.m3u8,网络源,https://i.imgur.com/0JUlFZ4.png
Sistema Michoacano de TV (1080p) [Not 24/7],https://s5.mexside.net:1936/enlinea/enlinea/playlist.m3u8,网络源,https://i.imgur.com/7MXF4Fd.png
Sitcom Legends,https://jmp2.uk/plu-633354b63df9700007f6a1b7.m3u8,网络源,https://images.pluto.tv/channels/633354b63df9700007f6a1b7/colorLogoPNG.png
Sitel (480p),http://51.178.133.43:8081/tvstanici/s1/playlist.m3u8,网络源,https://i.imgur.com/pdobwKt.png
SiTV (1080p) [Not 24/7],http://190.122.104.210:5080/LiveApp/streams/sitv2.m3u8,网络源,https://i.imgur.com/f8bDccF.png
Sivan TV (1080p),http://sivantv.livebox.co.in/sivantvhls/sivan.m3u8,网络源,https://i.ibb.co/b3HG9wm/Logo-site.png
SIXO TV (360p),https://cloudfront44.lexanetwork.com:1344/relay01/HDE038.sdp/playlist.m3u8,网络源,https://i.ibb.co/GTPs9Xy/9068.png
sixx,https://dash4.antik.sk/live/test_sixx_tizen/playlist.m3u8,网络源,https://upload.wikimedia.org/wikipedia/commons/thumb/1/12/Sixx_Logo.svg/960px-Sixx_Logo.svg.png
Siyatha TV (576p),https://rtmp01.voaplus.com/hls/6x6ik312qk4grfxocfcv.m3u8,网络源,https://i.imgur.com/9Zc8G7i.png
SK 1 (720p),http://cdn10.live-tv.od.ua:8081/sk1zt/sk1zt720p/playlist.m3u8,网络源,https://i.imgur.com/XiXwr5h.png
Skai TV (720p),http://skai-live-back.siliconweb.com/media/cambria4/index.m3u8,网络源,https://i.imgur.com/mrKRFnf.png
Sketchy AF,https://jmp2.uk/plu-67882c1c7b11714b795c2008.m3u8,网络源,https://images.pluto.tv/channels/67882c1c7b11714b795c2008/colorLogoPNG.png
SKI TV (1080p) [Not 24/7],https://d2xeo83q8fcni6.cloudfront.net/v1/master/9d062541f2ff39b5c0f48b743c6411d25f62fc25/SkiTV-SportsTribal/193.m3u8,网络源,https://i.imgur.com/S6qgwLG.png
Skjonnhetsfellen Danmark,https://jmp2.uk/plu-643810f2e8a4aa0008ccf575.m3u8,网络源,https://images.pluto.tv/channels/643810f2e8a4aa0008ccf575/colorLogoPNG.png
Skonhetsfallan Danmark,https://jmp2.uk/plu-643808dce0789d00084797f6.m3u8,网络源,https://images.pluto.tv/channels/643808dce0789d00084797f6/colorLogoPNG.png
Skonne ombygninger,https://jmp2.uk/plu-61c19d329b8260000744331b.m3u8,网络源,https://images.pluto.tv/channels/61c19d329b8260000744331b/colorLogoPNG.png
Skoraya pomoshch (1080p),https://cdn-dvr.ntv.ru/Skoraja_pomosh/index.m3u8,网络源,https://cdn2-static.ntv.ru/home/promo/24740/skoraya_pom_llive.jpg
Skwad Play (1080p),https://stream-us-east-1.getpublica.com/playlist.m3u8?network_id=71,网络源,https://i.imgur.com/cP56PrG.png
Sky Folk TV (720p) [Not 24/7],https://eu.live.skyfolk.mk/live.m3u8,网络源,https://i.imgur.com/ya5xpUL.png
Sky Mix HD (720p),http://188.138.29.131/skymix/index.m3u8,网络源,https://i.imgur.com/hHEz5rq.png
Sky Nature (576p),https://tvsen6.aynaott.com/skynature/index.m3u8,网络源,https://d2n0069hmnqmmx.cloudfront.net/epgdata/1.0/newchanlogos/512/512/skychb1194.png
Sky News,https://jmp2.uk/plu-55b285cd2665de274553d66f.m3u8,网络源,https://d2n0069hmnqmmx.cloudfront.net/epgdata/1.0/newchanlogos/512/512/skychb1404.png
Sky News HD (1080p),https://xemzi.short.gy/1000018,网络源,https://d2n0069hmnqmmx.cloudfront.net/epgdata/1.0/newchanlogos/512/512/skychb1404.png
Sky News Arabia (1080p),https://live-stream.skynewsarabia.com/c-horizontal-channel/horizontal-stream/index.m3u8,网络源,https://i.imgur.com/SvjU4h6.png
Sky News Arabia SD (1080p) [Not 24/7],https://stream.skynewsarabia.com/ott/ott.m3u8,网络源,https://i.imgur.com/SvjU4h6.png
Sky News Arabia Vertical (1080p),https://live-stream.skynewsarabia.com/c-vertical-channel/vertical-stream/index.m3u8,网络源,https://i.imgur.com/FjtzQQs.png
Sky News Arabia Vertical SD (1280p) [Not 24/7],https://stream.skynewsarabia.com/vertical/vertical.m3u8,网络源,https://i.imgur.com/FjtzQQs.png
Sky News Extra 1 (540p),https://skynewsau-live.akamaized.net/hls/live/2002689/skynewsau-extra1/master.m3u8,网络源,https://i.imgur.com/ZsPb8nL.png
Sky News Extra 2 (540p) [Not 24/7],https://skynewsau-live.akamaized.net/hls/live/2002690/skynewsau-extra2/master.m3u8,网络源,https://i.imgur.com/ZsPb8nL.png
Sky News Extra 3 (1080p),https://skynewsau-live.akamaized.net/hls/live/2002691/skynewsau-extra3/master.m3u8,网络源,https://i.imgur.com/ZsPb8nL.png
Sky News Urdu (720p),https://lbgo.bozztv.com/ssh101/ssh101/skynews/playlist.m3u8,网络源,https://raw.githubusercontent.com/songwenhui239/Songwenhui239/refs/heads/main/sky-news-urdu-pk.png
Sky News Weather (720p),https://distro001-gb-hls1-prd.delivery.skycdp.com/easel_cdn/ngrp:weather_loop.stream_all/playlist.m3u8,网络源,https://pbs.twimg.com/profile_images/1604994875459518464/lGt2wEqM_400x400.jpg
Sky Open (1080p) [Geo-blocked],https://primetv-prod.akamaized.net/v1/prime-freeview-aes128.m3u8,网络源,https://i.imgur.com/eYyYojh.png
Sky Open +1 (576p) [Geo-blocked],https://linear-p.media.skyone.co.nz/primeplus1.clear.m3u8,网络源,https://i.imgur.com/eYyYojh.png
Sky Racing 1 (720p),https://636ffd31f0e12.streamlock.net/RacingStream1/RacingStream1/playlist.m3u8,网络源,https://i.imgur.com/Hf0EiaW.png
Sky Racing 2 (720p),https://636ffd31f0e12.streamlock.net/RacingStream2/RacingStream2/playlist.m3u8,网络源,https://i.imgur.com/TxQvFnQ.png
Sky Sports Cricket (Ireland) (1080p),https://leaf.highfly.dev/m3u/now-sky-sports-cricket/live.m3u8,网络源,https://d2n0069hmnqmmx.cloudfront.net/epgdata/1.0/newchanlogos/512/512/skychb1302.png
Sky Sports F1 (1080p),https://xemzi.short.gy/2000005,网络源,https://d2n0069hmnqmmx.cloudfront.net/epgdata/1.0/newchanlogos/512/512/skychb1306.png
Sky Sports Football (720p),http://188.138.29.131/skyfootball/index.m3u8,网络源,https://d2n0069hmnqmmx.cloudfront.net/epgdata/1.0/newchanlogos/512/512/skychb3838.png
Sky Sports Golf HD (1080p),https://leaf.highfly.dev/m3u/now-sky-sports-golf/live.m3u8,网络源,https://d2n0069hmnqmmx.cloudfront.net/epgdata/1.0/newchanlogos/512/512/skychb1322.png
Sky Thoroughbred Central (720p) [Geo-blocked],https://skylivetab-new.akamaized.net/hls/live/2038782/stcsd/index.m3u8,网络源,https://i.imgur.com/1SxIsnw.png
SL 1,https://slonehls.wns.live/hls/stream.m3u8,网络源,https://i.imgur.com/n9cuM2W.jpg
SL 2,https://sltwohls.wns.live/hls/stream.m3u8,网络源,https://i.imgur.com/BVuUx5R.jpg
Slager Muzika,https://stream-23.mazana.tv/slagrmuzika.m3u8s,网络源,https://i.imgur.com/hKdXwrW.png
Slager Original,https://stream-13.mazana.tv/slagroriginal.m3u8s,网络源,https://i.imgur.com/0YjeWcq.png
Sleutelstad TV (720p),https://video-eu1.streamerr.co/hls/s7fdeb27a49/live.m3u8,网络源,https://i.imgur.com/ljVGMWV.png
SLO County Channel 21 (360p),https://agp-nimble.streamguys1.com/SLOC/SLOC/playlist.m3u8,网络源,https://i.imgur.com/CyQ472C.png
Slopes TV (720p),https://stream-us-east-1.getpublica.com/playlist.m3u8?network_id=2241,网络源,https://i.imgur.com/8bzAfgK.png
Slotstad TV (720p),https://d3eq9mufmyqgh4.cloudfront.net/nlpo/clr-nlpo/slotstadtv/index.m3u8,网络源,https://i.imgur.com/NXCUiuF.png
Smart LifeStyle TV (720p),https://brightstar-sls-pull-secure.akamaized.net/brightstarsls/stream.m3u8,网络源,https://i.imgur.com/kHFlTEy.png
Smash TV (720p),https://stream.smashmalta.com:25463/live/webplayer/livestream/47.m3u8,网络源,https://i.imgur.com/Yg6ZWKu.png
SMCTV Channel 23 (720p),https://livestream.telvue.com/santamariactv1/f7b44cfafd5c52223d5498196c8a2e7b.sdp/playlist.m3u8,网络源,https://i.imgur.com/J2SKPoY.png
SMCTV Channel 24 (720p),https://livestream.telvue.com/santamariactv2/f7b44cfafd5c52223d5498196c8a2e7b.sdp/playlist.m3u8,网络源,https://i.imgur.com/4Autljp.png
SMCTV Channel 25 (720p),https://livestream.telvue.com/santamariactv3/f7b44cfafd5c52223d5498196c8a2e7b.sdp/playlist.m3u8,网络源,https://i.imgur.com/5jBOsTc.png
Smithsonian Channel Pluto TV,https://jmp2.uk/plu-6298bd10d88ef000073f16b7.m3u8,网络源,https://images.pluto.tv/channels/6298bd10d88ef000073f16b7/colorLogoPNG.png
Smithsonian Channel Pluto TV LatAm,https://jmp2.uk/plu-63a084934734f30007457b2c.m3u8,网络源,https://images.pluto.tv/channels/6298bd10d88ef000073f16b7/colorLogoPNG.png
Smithsonian Channel Selects (Sweden),https://jmp2.uk/plu-61fb9907b1b78d000717ed9f.m3u8,网络源,https://images.pluto.tv/channels/61fb988e032c0100077d5252/colorLogoPNG.png
Smithsonian Channel Selects (Sweden) DK,https://jmp2.uk/plu-61fb988e032c0100077d5252.m3u8,网络源,https://images.pluto.tv/channels/61fb988e032c0100077d5252/colorLogoPNG.png
Smithsonian Channel Selects (United States),https://jmp2.uk/plu-5f21ea08007a49000762d349.m3u8,网络源,https://i.imgur.com/Kt5j8Vr.png
SMNI (720p),https://stream.kdlc.click/hls/0/stream.m3u8,网络源,https://i.imgur.com/9QhVnqY.jpg
Smotrim 100% Detskoe (720p),https://stream.smotrim.ru/hls/fasttv05/playlist_3.m3u8,网络源,https://i.imgur.com/1hsNeTa.png
Smotrim 100% Fakty (720p),https://stream.smotrim.ru/hls/fasttv06/playlist_3.m3u8,网络源,https://i.imgur.com/dB3cJzO.png
Smotrim 100% Klassika (720p),https://stream.smotrim.ru/hls/fasttv03/playlist_3.m3u8,网络源,https://i.imgur.com/aASNpKq.png
Smotrim 100% Lyubov (720p),https://stream.smotrim.ru/hls/fasttv01/playlist_2.m3u8,网络源,https://i.imgur.com/4EFh0nu.png
Smotrim 100% Muzhskoe (720p),https://stream.smotrim.ru/hls/fasttv02/playlist_3.m3u8,网络源,https://i.imgur.com/UY3fjYU.png
Smotrim 100% Prazdnik (720p),https://stream.smotrim.ru/hls/fasttv04/playlist_3.m3u8,网络源,https://i.imgur.com/NEcqFse.png
Smotrim Chestnyy Detektiv (1080p),https://live-vgtrksmotrim.cdnvideo.ru/vgtrksmotrim/smotrim-live-01.smil/playlist.m3u8,网络源,https://cdn-st3.smotrim.ru/vh/pictures/svg/444/241/8.svg
Smurf TV (480p),https://stream.ads.ottera.tv/playlist.m3u8?network_id=4065,网络源,https://img.static-ottera.com/prod/tg/linear_channel/thumbnails/widescreen/EJIyYyBMkbW5UntSCAkGp-uLla7Z8KWHvDjyEqoOf3k.jpg
SNL Vault (1080p),https://d4whmvwm0rdvi.cloudfront.net/10007/99993017/hls/master.m3u8?ads.xumo_channelId=99993017,网络源,https://provider-static.plex.tv/epg/cms/production/712dae9e-9111-4bbc-8ea4-242e891ab5b3/snl-vault-fclogo-72-dpi-1500-x-1000-3-2-channel-logo-dark-plex-1.png
SNN TV [Not 24/7],https://live2.snn.ir/hls/snn2_hd720/index.m3u8,网络源,https://i.imgur.com/V8DYqMJ.png
SNT (480p),https://d3epa8orr2qy3m.cloudfront.net/ts:abr.m3u8,网络源,https://upload.wikimedia.org/wikipedia/commons/a/af/SNT_LOGO.jpg
SNTV Daljir (576p),https://ap02.iqplay.tv:8082/iqb8002/s2tve/playlist.m3u8,网络源,https://i.imgur.com/zmVKI26.jpg
So... Real UK (720p),https://all3media-soreal-1-gb.samsung.wurl.tv/playlist.m3u8,网络源,https://i.imgur.com/wZ2uj9d.png
Sochi24 (720p),http://serv30.vintera.tv:8081/sochi/sochi24_tv/playlist.m3u8,网络源,https://i.imgur.com/iwWxkl6.png
Sochi Live (720p) [Not 24/7],http://serv30.vintera.tv:8081/sochi/sochi_stream/playlist.m3u8,网络源,https://www.cableman.ru/sites/default/files/sochi_live.png
Sohail TV (1080p),https://iptv.sohailtv.com/sohail/playlist/index.m3u8,网络源,https://i.ibb.co/dtzjKfT/Sohail-TV.png
Soham TV (576p),https://mumt03.tangotv.in/Dsly5z3HSOHAMTV/index.m3u8,网络源,https://i.imgur.com/cpedJ0L.png
SOL2 (1080p),https://live.streamteam.eu:8443/sol2playout/sol2/live/playlist.m3u8,网络源,https://i.imgur.com/VEbhJRA.png
Sol Musica (720p),https://d2glyu450vvghm.cloudfront.net/v1/master/3722c60a815c199d9c0ef36c5b73da68a62b09d1/cc-21u4g5cjglv02/sm.m3u8,网络源,https://i.imgur.com/rbJrmPw.png
Sol TV (Bolivia) (720p),http://190.211.140.91:8081/SVTranscoder/SOLTVabr.stream/playlist.m3u8,网络源,https://i.imgur.com/2m8PVpA.png
Sol TV (Guatemala) (720p),https://cdn.streamhispanatv.net:3409/live/soltvlive.m3u8,网络源,https://i.ibb.co/YXYv8sf/logo-soltv2.png
Solar Television (720p),https://live-evg11.tv360.bitel.com.pe/bitel/solartvSRT/playlist.m3u8,网络源,https://i.imgur.com/ufnWpUf.png
Solidaria TV (720p),https://canadaremar2.todostreaming.es/live/solidariatv-webhd.m3u8,网络源,https://i.imgur.com/Bgm2iZY.png
Solive TV,https://stmv6.voxtvhd.com.br/solivetv/solivetv/playlist.m3u8,网络源,https://i.imgur.com/dyUxugT.png
Solnce (576p),http://31.148.48.15/Solnce/index.m3u8,网络源,https://i.imgur.com/HCefxaK.png
Solo Bailalo (480p),https://5ff3d9babae13.streamlock.net/8000/8000/playlist.m3u8,网络源,https://i.imgur.com/SImJE7c.png
Solo TV,https://sproxy.solotv.cl/hls/live/fhd.m3u8,网络源,https://stream.making.cl/logo-solotv.png
Solovyov Live (1080p),https://stream.smotrim.ru/hls2/solovievlive/playlist_6.m3u8,网络源,https://images.iptv.rt.ru/images/d7efm08mifeaf9jacb30.png
SolTV (El Salvador) (720p),https://videostream.shockmedia.com.ar/hls/canalsoltv/canalsoltv.m3u8,网络源,https://i.imgur.com/jaBxxpt.png
SolTV (Equatorial Guinea) (720p),https://stream.solmediaeg.com/soltv/soltv.m3u8,网络源,https://i.imgur.com/TJHk6Va.png
SolTV (Peru),https://5790d294af2dc.streamlock.net:443/streamtv/streamtv/playlist.m3u8,网络源,https://i.imgur.com/GtNkuAc.png
Soltvadkerti Televizio (720p),http://79.120.178.90:1935/soltvadkerttv/soltvlive/playlist.m3u8,网络源,https://i.imgur.com/ihdk45P.png
Somali National TV (576p),https://ap02.iqplay.tv:8082/iqb8002/s4ne/playlist.m3u8,网络源,https://i.imgur.com/2y8gv7V.png
Somos Entre Rios (360p),https://live20.bozztv.com/akamaissh101/ssh101/somosentrerios/playlist.m3u8,网络源,https://files.catbox.moe/ufv5z0.png
Somos TV (720p) [Not 24/7],https://vcp3.myplaytv.com/somostv/somostv/playlist.m3u8,网络源,https://i.imgur.com/jOroeJZ.png
Songdew TV (396p),https://yuppnimrestreammum.akamaized.net/181224/smil:songdewtv.smil/playlist.m3u8?hdnts=st=1735898689~exp=1835898688~acl=*~hmac=f5fe24724fe05481e3841f9eb5ab8efdee0a3dd83645ae9dcf45703f525bab7b,网络源,https://dtil.tmsimg.com/assets/s142920_ld_h9_aa.png?lock=720x540
SONGTV Russia,https://songtv.hls.iptvdc.com/web-russia/playlist.m3u8,网络源,https://i.imgur.com/nM7LbmV.png
Sonic (576p),http://103.185.24.134:3001/SONIC/index.m3u8,网络源,https://xstreamcp-assets-msp.streamready.in/assets/LIVETV/LIVECHANNEL/LIVETV_LIVETVCHANNEL_SONIC/images/LOGO_HD/image.png
Sonic TV (720p),https://stream-us-east-1.getpublica.com/playlist.m3u8?network_id=2260,网络源,https://i.imgur.com/TKhRlrR.png
Sonnenklar TV (1080p),http://euvia.cdn.ses-ps.com/HLS-Live/index.m3u8,网络源,https://i.imgur.com/g4QeXwF.png
Sono Onda TV (720p),https://live.obslivestream.com/sonoondatv/index.m3u8,网络源,https://i.imgur.com/HWHeqWY.png
Sonus FM (1080p) [Not 24/7],http://www.sonus.fm:1935/public/stream_source/playlist.m3u8,网络源,https://i.imgur.com/h29rUcG.png
Sony Aath (1080p),https://cloudplay-sonyliv.pages.dev/aath.m3u8,网络源,https://xstreamcp-assets-msp.streamready.in/assets/LIVETV/LIVECHANNEL/LIVETV_LIVETVCHANNEL_SONY_8/images/LOGO_HD/image.png
Sony BBC Earth HD (1080p),https://cloudplay-sonyliv.pages.dev/bbcearthhd.m3u8,网络源,https://dtil.tmsimg.com/assets/s143800_ld_h15_aa.png?lock=720x540
Sony Canal Novelas,https://a89829b8dca2471ab52ea9a57bc28a35.mediatailor.us-east-1.amazonaws.com/v1/master/0fb304b2320b25f067414d481a779b77db81760d/CanelaTV_SonyCanalNovelas/playlist.m3u8,网络源,
Sony Channel (Argentina) (1080p),http://138.121.15.230:9002/SONY/index.m3u8,网络源,https://upload.wikimedia.org/wikipedia/commons/thumb/b/b9/Sony_Channel_Logo.png/960px-Sony_Channel_Logo.png
Sony Channel (Brazil) (720p),http://170.83.16.50/SONY_CHANNEL/index.m3u8,网络源,https://upload.wikimedia.org/wikipedia/commons/thumb/b/b9/Sony_Channel_Logo.png/960px-Sony_Channel_Logo.png
Sony Channel Andes (1080p),http://15.204.246.24:8080/SonyHD/index.m3u8,网络源,https://upload.wikimedia.org/wikipedia/commons/thumb/b/b9/Sony_Channel_Logo.png/960px-Sony_Channel_Logo.png
Sony Entertainment Television HD (1080p),http://38.96.178.205/SONYHD/index.m3u8,网络源,https://dtil.tmsimg.com/assets/s159096_ld_h15_aa.png?lock=720x540
Sony KAL Hindi (1080p),https://wurlsonypicturestv.global.transmit.live/hls/68deeb1c0238cda82df543dd/v1/spt_sonykal_1/lg_us/latest/main/hls/playlist.m3u8,网络源,https://i.imgur.com/9Qq8DKh.png
Sony Marathi (1080p),https://cloudplay-sonyliv.pages.dev/marathi.m3u8,网络源,https://xstreamcp-assets-msp.streamready.in/assets/LIVETV/LIVECHANNEL/LIVETV_LIVETVCHANNEL_SONY_MARATHI/images/LOGO_HD/image.png
Sony Max 2 (1080p),https://cloudplay-sonyliv.pages.dev/max2.m3u8,网络源,https://i.imgur.com/gqUYk6C.png
Sony Max (1080p),https://cloudplay-sonyliv.pages.dev/max.m3u8,网络源,https://dtil.tmsimg.com/assets/s157590_ld_h15_aa.png?lock=720x540
Sony Max HD (1080p),https://cloudplay-sonyliv.pages.dev/maxhd.m3u8,网络源,https://dtil.tmsimg.com/assets/s157590_ld_h15_aa.png?lock=720x540
Sony Movies (720p),http://45.162.64.114/SONY_MOVIES/index.m3u8,网络源,https://upload.wikimedia.org/wikipedia/commons/thumb/9/9b/Sony_Movies_Logo.svg/500px-Sony_Movies_Logo.svg.png
Sony Movies Latin America (720p),http://15.204.246.24:8080/SonyMoviesHD/index.m3u8,网络源,https://upload.wikimedia.org/wikipedia/commons/thumb/9/9b/Sony_Movies_Logo.svg/500px-Sony_Movies_Logo.svg.png
Sony One Blacklist (1080p),https://06cb85ad6ccb4a6b97f561e62d16ad3f.mediatailor.us-west-2.amazonaws.com/v1/master/ba62fe743df0fe93366eba3a257d792884136c7f/LINEAR-822-FR-SONYONETHEBLACKLIST-LG_FR/playlist.m3u8,网络源,https://i.imgur.com/uJC8rXr.png
Sony One Favoris (1080p),https://49d735318d6b4c30a24a7997ea594e1b.mediatailor.us-west-2.amazonaws.com/v1/master/ba62fe743df0fe93366eba3a257d792884136c7f/LINEAR-820-FR-SONYONEFAVORIS-LG_FR/playlist.m3u8,网络源,https://i.imgur.com/RO4AM4b.png
Sony One Hits Action (1080p),https://5098a8b860504a3690fd2e7c0a18d68f.mediatailor.us-west-2.amazonaws.com/v1/master/ba62fe743df0fe93366eba3a257d792884136c7f/LINEAR-817-FR-SONYONEHITSACTION-LG_FR/playlist.m3u8,网络源,https://i.imgur.com/pXsZEsR.png
Sony One Hits Comedie (1080p),https://7aa9671895264ec9a384dfed1b992171.mediatailor.us-west-2.amazonaws.com/v1/master/ba62fe743df0fe93366eba3a257d792884136c7f/LINEAR-818-FR-SONYONEHITSCOMDIE-LG_FR/playlist.m3u8,网络源,https://i.imgur.com/8sHuxxS.png
Sony Pal (1080p),https://cloudplay-sonyliv.pages.dev/pal.m3u8,网络源,https://xstreamcp-assets-msp.streamready.in/assets/LIVETV/LIVECHANNEL/LIVETV_LIVETVCHANNEL_SONY_PAL/images/LOGO_HD/image.png
Sony Pix HD (1080p),https://cloudplay-sonyliv.pages.dev/pixhd.m3u8,网络源,https://i.postimg.cc/Z5G8j67L/PIX-HD-WHITE.png
Sony SAB HD (1080p),https://cloudplay-sonyliv.pages.dev/sabhd.m3u8,网络源,https://xstreamcp-assets-msp.streamready.in/assets/LIVETV/LIVECHANNEL/LIVETV_LIVETVCHANNEL_SONY_SAB/images/LOGO_HD/image.png
Sony Sports Ten 1 (1080p),https://cloudplay-sonyliv.pages.dev/ten1.m3u8,网络源,https://xstreamcp-assets-msp.streamready.in/assets/LIVETV/LIVECHANNEL/LIVETV_LIVETVCHANNEL_SONY_SPORTS_TEN_1/images/LOGO_HD/image.png
Sony Sports Ten 1 HD (1080p),https://cloudplay-sonyliv.pages.dev/ten1hd.m3u8,网络源,https://xstreamcp-assets-msp.streamready.in/assets/LIVETV/LIVECHANNEL/LIVETV_LIVETVCHANNEL_SONY_SPORTS_TEN_1/images/LOGO_HD/image.png
Sony Sports Ten 2 (1080p),https://cloudplay-sonyliv.pages.dev/ten2.m3u8,网络源,https://xstreamcp-assets-msp.streamready.in/assets/LIVETV/LIVECHANNEL/LIVETV_LIVETVCHANNEL_SONY_SPORTS_TEN_2/images/LOGO_HD/image.png
Sony Sports Ten 2 HD (1080p),https://cloudplay-sonyliv.pages.dev/ten2hd.m3u8,网络源,https://xstreamcp-assets-msp.streamready.in/assets/LIVETV/LIVECHANNEL/LIVETV_LIVETVCHANNEL_SONY_SPORTS_TEN_2/images/LOGO_HD/image.png
Sony Sports Ten 3 Hindi (1080p),https://cloudplay-sonyliv.pages.dev/ten3.m3u8,网络源,https://dtil.tmsimg.com/assets/GNLZZGG0025TCMR.png?lock=720x540
Sony Sports Ten 3 Hindi HD (1080p),https://cloudplay-sonyliv.pages.dev/ten3hd.m3u8,网络源,https://dtil.tmsimg.com/assets/GNLZZGG0025TCMR.png?lock=720x540
Sony Sports Ten 4 (1080p),https://cloudplay-sonyliv.pages.dev/ten4.m3u8,网络源,https://dtil.tmsimg.com/assets/GNLZZGG0025T4PV.png?lock=720x540
Sony Sports Ten 4 Telugu (1080p),https://cloudplay-sonyliv.pages.dev/ten4hd.m3u8,网络源,https://dtil.tmsimg.com/assets/s149166_ld_h15_aa.png?lock=720x540
Sony Sports Ten 5 (1080p),https://cloudplay-sonyliv.pages.dev/ten5.m3u8,网络源,https://xstreamcp-assets-msp.streamready.in/assets/LIVETV/LIVECHANNEL/LIVETV_LIVETVCHANNEL_SONY_SPORTS_TEN_5/images/LOGO_HD/image.png
Sony Sports Ten 5 HD (1080p),https://cloudplay-sonyliv.pages.dev/ten5hd.m3u8,网络源,https://xstreamcp-assets-msp.streamready.in/assets/LIVETV/LIVECHANNEL/LIVETV_LIVETVCHANNEL_SONY_SPORTS_TEN_5/images/LOGO_HD/image.png
Sony Wah (1080p),https://cloudplay-sonyliv.pages.dev/wah.m3u8,网络源,https://xstreamcp-assets-msp.streamready.in/assets/LIVETV/LIVECHANNEL/LIVETV_LIVETVCHANNEL_SONY_WAH/images/LOGO_HD/image.png
Sony Yay! (1080p),https://cloudplay-sonyliv.pages.dev/yay.m3u8,网络源,https://xstreamcp-assets-msp.streamready.in/assets/LIVETV/LIVECHANNEL/LIVETV_LIVETVCHANNEL_SONY_YAY/images/LOGO_HD/image.png
Soona TV,https://vs20.live.opencaster.com/soonatv_a1a564a9/index.m3u8,网络源,https://i.imgur.com/Pk8zzTL.jpeg
Sooriyan TV (1080p),https://live20.bozztv.com/giatv/giatv-Infinittyott/Infinittyott/playlist.m3u8,网络源,https://i.ibb.co/LSyydKj/Sooriyan-TV-Tamil.jpg
Sophia TV (Germany) (720p),https://bild-und-ton.stream/sophiatv-en/smil:sophia-tv-en.smil/playlist.m3u8,网络源,https://i.imgur.com/1hNgHbB.png
Sophia TV (Italy) (720p),https://bild-und-ton.stream/sophiatv-it/smil:sophia-tv-it.smil/playlist.m3u8,网络源,https://i.imgur.com/RPXusvS.png
Sophia TV Espanol (720p),https://bild-und-ton.stream/sophiatv-es/smil:sophia-tv-es.smil/playlist.m3u8,网络源,https://i.imgur.com/T2JPCq2.png
Sophia TV Francais (720p),https://bild-und-ton.stream/sophiatv-fr/smil:sophia-tv-fr.smil/playlist.m3u8,网络源,https://i.imgur.com/T2JPCq2.png
Sor TV (720p),http://188.237.212.16:8888/live/cameraFeed.m3u8,网络源,https://i.imgur.com/BcfZgD8.png
SOS Docteur TV (480p) [Not 24/7],https://wmoy82n4y2a7-hls-live.5centscdn.com/sostv/live.stream/playlist.m3u8,网络源,https://i.imgur.com/wQpooHw.png
SOS Kanal Plus (720p),https://53be5ef2d13aa.streamlock.net/soskanalplus/soskanalplus.stream/playlist.m3u8,网络源,https://i.imgur.com/9SD40uH.png
SOU TV,https://video10.logicahost.com.br/soutv/soutv/playlist.m3u8,网络源,https://i.ibb.co/8cKmCNm/ezgif-com-gif-maker.png
Sound View Community Media (480p),https://livestream.telvue.com/soundviewcmt2/f7b44cfafd5c52223d5498196c8a2e7b.sdp/playlist.m3u8,网络源,https://i.imgur.com/3gASzGc.png
Soundcity TV,https://cs2.push2stream.com/SOUNDCITY/playlist.m3u8,网络源,https://i.imgur.com/fKtPcT4.png
South Park (Germany),https://jmp2.uk/plu-628751bb7154a40007168843.m3u8,网络源,https://images.pluto.tv/channels/628751bb7154a40007168843/colorLogoPNG_1748431640253.png
South Park (Germany) GB,https://jmp2.uk/plu-64edf6eaa7ec0d000812f58c.m3u8,网络源,https://images.pluto.tv/channels/628751bb7154a40007168843/colorLogoPNG_1748431640253.png
South Park (Germany) IT,https://jmp2.uk/plu-62bc1f502b70e3000706298e.m3u8,网络源,https://images.pluto.tv/channels/628751bb7154a40007168843/colorLogoPNG_1748431640253.png
South Park (Sweden),https://jmp2.uk/plu-61c0b627e3ed94000793c18a.m3u8,网络源,https://images.pluto.tv/channels/61c098df897b9d00070375c8/colorLogoPNG_1754471522651.png
South Park (Sweden) DK,https://jmp2.uk/plu-61c098df897b9d00070375c8.m3u8,网络源,https://images.pluto.tv/channels/61c098df897b9d00070375c8/colorLogoPNG_1754471522651.png
South Park (Sweden) NO,https://jmp2.uk/plu-61c1e88cd168ea0007068133.m3u8,网络源,https://images.pluto.tv/channels/61c098df897b9d00070375c8/colorLogoPNG_1754471522651.png
South Park (United States),https://jmp2.uk/plu-62bdb1c5e25122000798ac79.m3u8,网络源,https://images.pluto.tv/channels/62bdb1c5e25122000798ac79/colorLogoPNG.png
South Park Armageddon,https://jmp2.uk/plu-660bff7dc8311c0008b4bdb4.m3u8,网络源,https://images.pluto.tv/channels/660bff28516d260008479e23/colorLogoPNG.png
South Park Armageddon DK,https://jmp2.uk/plu-660bff28516d260008479e23.m3u8,网络源,https://images.pluto.tv/channels/660bff28516d260008479e23/colorLogoPNG.png
South Park Armageddon NO,https://jmp2.uk/plu-660bff5724e1d000085b7c07.m3u8,网络源,https://images.pluto.tv/channels/660bff28516d260008479e23/colorLogoPNG.png
South Park En Francais,https://jmp2.uk/plu-62bdb919d36cbd0007e6ab8a.m3u8,网络源,https://images.pluto.tv/channels/62bdb919d36cbd0007e6ab8a/colorLogoPNG.png
South Park Rockin' Out,https://jmp2.uk/plu-664f13aff9992200084a3532.m3u8,网络源,https://images.pluto.tv/channels/664f132c8ea5560008ce4d86/colorLogoPNG.png
South Park Rockin' Out DK,https://jmp2.uk/plu-664f132c8ea5560008ce4d86.m3u8,网络源,https://images.pluto.tv/channels/664f132c8ea5560008ce4d86/colorLogoPNG.png
South Park Rockin' Out NO,https://jmp2.uk/plu-664f1370f78a8500092df452.m3u8,网络源,https://images.pluto.tv/channels/664f132c8ea5560008ce4d86/colorLogoPNG.png
South Park Version Original,https://jmp2.uk/plu-63d7a8e5a9957100086bfc23.m3u8,网络源,https://images.pluto.tv/channels/63d7a8e5a9957100086bfc23/colorLogoPNG.png
South Park: Butters Collection (Germany),https://jmp2.uk/plu-646b14a0e94c3800082a8d3a.m3u8,网络源,https://images.pluto.tv/channels/646b14a0e94c3800082a8d3a/colorLogoPNG.png
South Park: Butters Collection (Sweden),https://jmp2.uk/plu-65d881d566eec8000887f6bb.m3u8,网络源,https://images.pluto.tv/channels/65d87a66ec9fda0008a5ac11/colorLogoPNG.png
South Park: Butters Collection (Sweden) DK,https://jmp2.uk/plu-65d87a66ec9fda0008a5ac11.m3u8,网络源,https://images.pluto.tv/channels/65d87a66ec9fda0008a5ac11/colorLogoPNG.png
South Park: Butters Collection (Sweden) NO,https://jmp2.uk/plu-65d87fcb66eec8000887f4aa.m3u8,网络源,https://images.pluto.tv/channels/65d87a66ec9fda0008a5ac11/colorLogoPNG.png
South Park: Cartman Collection (Germany),https://jmp2.uk/plu-646b14747cb4b1000875724d.m3u8,网络源,https://images.pluto.tv/channels/646b14747cb4b1000875724d/colorLogoPNG.png
South Park: Cartman Collection (Sweden),https://jmp2.uk/plu-65d881b1332fec000833a122.m3u8,网络源,https://images.pluto.tv/channels/65d87a058145cb0008265c2e/colorLogoPNG.png
South Park: Cartman Collection (Sweden) DK,https://jmp2.uk/plu-65d87a058145cb0008265c2e.m3u8,网络源,https://images.pluto.tv/channels/65d87a058145cb0008265c2e/colorLogoPNG.png
South Park: Cartman Collection (Sweden) NO,https://jmp2.uk/plu-65d87fa0f7f0af0008b2358b.m3u8,网络源,https://images.pluto.tv/channels/65d87a058145cb0008265c2e/colorLogoPNG.png
South Park: Cartman Collection (United States),https://jmp2.uk/plu-65df4934f7f0af0008c32545.m3u8,网络源,https://images.pluto.tv/channels/65df4934f7f0af0008c32545/colorLogoPNG.png
South Park: Colecao Cartman,https://jmp2.uk/plu-65df71008b24c80008f04281.m3u8,网络源,https://images.pluto.tv/channels/65df71008b24c80008f04281/colorLogoPNG.png
South Park: Colecao Kenny,https://jmp2.uk/plu-65df704366eec8000898e32f.m3u8,网络源,https://images.pluto.tv/channels/65df704366eec8000898e32f/colorLogoPNG.png
South Park: Colecao Kyle,https://jmp2.uk/plu-65df713dec9fda0008b7a81d.m3u8,网络源,https://images.pluto.tv/channels/65df713dec9fda0008b7a81d/colorLogoPNG.png
South Park: Colecao Stan,https://jmp2.uk/plu-65df70b0f7f0af0008c3b316.m3u8,网络源,https://images.pluto.tv/channels/65df70b0f7f0af0008c3b316/colorLogoPNG.png
South Park: Coleccion Cartman,https://jmp2.uk/plu-65df731cec9fda0008b7aa8d.m3u8,网络源,https://images.pluto.tv/channels/65df731cec9fda0008b7aa8d/colorLogoPNG.png
South Park: Coleccion Kenny,https://jmp2.uk/plu-65df7272ec9fda0008b7a970.m3u8,网络源,https://images.pluto.tv/channels/65df7272ec9fda0008b7a970/colorLogoPNG.png
South Park: Coleccion Kyle,https://jmp2.uk/plu-65df73520d4561000817c29b.m3u8,网络源,https://images.pluto.tv/channels/65df73520d4561000817c29b/colorLogoPNG.png
South Park: Coleccion Stan,https://jmp2.uk/plu-65df72db18036500081a8292.m3u8,网络源,https://images.pluto.tv/channels/65df72db18036500081a8292/colorLogoPNG.png
South Park: Into the Stars,https://jmp2.uk/plu-664f0eea0120f40008bf97d6.m3u8,网络源,https://images.pluto.tv/channels/664f0eaa8ce31100088036bd/colorLogoPNG.png
South Park: Into the Stars DK,https://jmp2.uk/plu-664f0eaa8ce31100088036bd.m3u8,网络源,https://images.pluto.tv/channels/664f0eaa8ce31100088036bd/colorLogoPNG.png
South Park: Into the Stars NO,https://jmp2.uk/plu-664f0ecc41af640008e37b43.m3u8,网络源,https://images.pluto.tv/channels/664f0eaa8ce31100088036bd/colorLogoPNG.png
South Park: Kenny Collection (Germany),https://jmp2.uk/plu-646b1404ee6a2f00082b5d66.m3u8,网络源,https://images.pluto.tv/channels/646b1404ee6a2f00082b5d66/colorLogoPNG.png
South Park: Kenny Collection (Sweden),https://jmp2.uk/plu-65d880cea25d5e0008315b0a.m3u8,网络源,https://images.pluto.tv/channels/65d879bd0d4561000805d190/colorLogoPNG.png
South Park: Kenny Collection (Sweden) DK,https://jmp2.uk/plu-65d879bd0d4561000805d190.m3u8,网络源,https://images.pluto.tv/channels/65d879bd0d4561000805d190/colorLogoPNG.png
South Park: Kenny Collection (Sweden) NO,https://jmp2.uk/plu-65d87f53ec9fda0008a5b810.m3u8,网络源,https://images.pluto.tv/channels/65d879bd0d4561000805d190/colorLogoPNG.png
South Park: Kenny Collection (United States),https://jmp2.uk/plu-65df47f428730900089f83ac.m3u8,网络源,https://images.pluto.tv/channels/65df47f428730900089f83ac/colorLogoPNG.png
South Park: Kyle Collection (Germany),https://jmp2.uk/plu-646b14d0e1979c0008915a09.m3u8,网络源,https://images.pluto.tv/channels/646b14d0e1979c0008915a09/colorLogoPNG.png
South Park: Kyle Collection (Sweden),https://jmp2.uk/plu-65d882394e01740008a36768.m3u8,网络源,https://images.pluto.tv/channels/65d87a908145cb0008265c6d/colorLogoPNG.png
South Park: Kyle Collection (Sweden) DK,https://jmp2.uk/plu-65d87a908145cb0008265c6d.m3u8,网络源,https://images.pluto.tv/channels/65d87a908145cb0008265c6d/colorLogoPNG.png
South Park: Kyle Collection (Sweden) NO,https://jmp2.uk/plu-65d88004ec9fda0008a5b8b3.m3u8,网络源,https://images.pluto.tv/channels/65d87a908145cb0008265c6d/colorLogoPNG.png
South Park: Kyle Collection (United States),https://jmp2.uk/plu-65df49b30d45610008172c5b.m3u8,网络源,https://images.pluto.tv/channels/65df49b30d45610008172c5b/colorLogoPNG.png
South Park: Original Version,https://jmp2.uk/plu-646b150a15939400089e2702.m3u8,网络源,https://images.pluto.tv/channels/646b150a15939400089e2702/colorLogoPNG.png
South Park: Stan Collection (Germany),https://jmp2.uk/plu-646b1438e94c3800082a8cff.m3u8,网络源,https://images.pluto.tv/channels/646b1438e94c3800082a8cff/colorLogoPNG.png
South Park: Stan Collection (Sweden),https://jmp2.uk/plu-65d881914e01740008a36603.m3u8,网络源,https://images.pluto.tv/channels/65d879e266eec8000887e91b/colorLogoPNG.png
South Park: Stan Collection (Sweden) DK,https://jmp2.uk/plu-65d879e266eec8000887e91b.m3u8,网络源,https://images.pluto.tv/channels/65d879e266eec8000887e91b/colorLogoPNG.png
South Park: Stan Collection (Sweden) NO,https://jmp2.uk/plu-65d87f7a28730900088e7fbf.m3u8,网络源,https://images.pluto.tv/channels/65d879e266eec8000887e91b/colorLogoPNG.png
South Park: Stan Collection (United States),https://jmp2.uk/plu-65df48ba28730900089f8480.m3u8,网络源,https://images.pluto.tv/channels/65df48ba28730900089f8480/colorLogoPNG.png
South Park: Welcome to Canada!,https://jmp2.uk/plu-663115d923e24f000843b49c.m3u8,网络源,https://images.pluto.tv/channels/663115d923e24f000843b49c/colorLogoPNG.png
South Station (1080p),https://cc-yw7ztecy8do3q.akamaized.net/v1/master/3722c60a815c199d9c0ef36c5b73da68a62b09d1/cc-yw7ztecy8do3q/SS_IN.m3u8,网络源,https://tvpnlogopus.samsungcloud.tv/platform/image/sourcelogo/vc/00/02/34/IN3800008CX_20260325T012316SQUARE.png
Soweto TV (576p),https://cdn.freevisiontv.co.za/sttv/smil:soweto.stream.smil/playlist.m3u8,网络源,https://admango.cdn.mangomolo.com/analytics/uploads/188/654228e5b5.jpg
SOY Plancha TV (720p),https://59ef525c24caa.streamlock.net/vmtv/soyplancha/playlist.m3u8,网络源,https://i.ibb.co/P4kpMgk/1689344714578.jpg
Soyuz (576p),https://hls-tvsoyuz.cdnvideo.ru/tvsoyuz/soyuz/playlist.m3u8,网络源,https://i.imgur.com/w3OewHc.png
Soyuzny (576p),https://souzny.mediacdn.ru/cdn/souzny/playlist.m3u8,网络源,https://www.mtis.by/upload/medialibrary/717/v07nk6rmf6m1mno8ujhbkcg8nstkfjgv/Slide%2016_9%20-%2050.png
Space Live powered by sen (1080p),https://linear-1224.frequency.stream/dist/lg-uk/1224/hls/master/playlist.m3u8,网络源,https://static.frequency.com/studio/itv/channels/1224-400x200.png
Spacetoon Arabic (576p),https://live-uae-next.spacetoongo.com/ST_MENA_NEXT/hls/r9p2hjipmw2kl.m3u8,网络源,https://upload.wikimedia.org/wikipedia/en/2/2b/Spacetoon_logo.png
Spark TV (1080p),https://candlelightmedia-sparklightlove-4-us.roku.wurl.tv/playlist.m3u8,网络源,https://i.imgur.com/svc98Kg.png
Spas (576p),http://hls127.freeott.top:8080/Spas/video.m3u8,网络源,https://i.imgur.com/yY39nMg.png
SPC Canal 15 (720p),https://tv.centaurychile.com/magicatv/streams/22AdscM3Y6Un17Zo4747081346569358.m3u8,网络源,https://i.imgur.com/8GzjELt.jpeg
Speedline TV,https://cdn-us-east-prod-ingest-infra-dacast-com.akamaized.net/dbe59037-07a0-4f1c-82a2-7de94b4b62d2/index.m3u8,网络源,https://i.imgur.com/1lXShsh.png
SpektraTV (720p),https://cloudvideo.servers10.com:8081/8026/tracks-v1a1/index.m3u8,网络源,https://i.imgur.com/0zCt8e4.png
Spektrum (Czech Republic),http://88.212.15.19/live/test_spektrum/playlist.m3u8,网络源,https://i.imgur.com/F5Uosum.png
Spektrum Home (Czech Republic),http://88.212.15.19/live/test_home_hevc/playlist.m3u8,网络源,https://i.imgur.com/VaVi65F.png
SperantaTV (1080p),https://jstre.am/live/jsl:2gNjpghXRLE.m3u8,网络源,https://i.imgur.com/KUyqQCX.png
Spike Outdoors,https://jmp2.uk/plu-5c393cad2de254456f7ef8c2.m3u8,网络源,https://i.imgur.com/cdCD2A2.png
Spike Pluto TV,https://jmp2.uk/plu-5812bcc8237a6ff45d16c407.m3u8,网络源,https://i.imgur.com/woY8Ecb.png
Spirit TV (720p) [Not 24/7],https://cdnlive.myspirit.tv/LS-ATL-43240-2/index.m3u8,网络源,https://i.imgur.com/yCp6vXz.png
Spondon (1080p),https://nktv.smartstream.video/smartstream-us/spondon/spondon/playlist.m3u8,网络源,https://www.spondontv.com/wp-content/uploads/2025/10/cropped-SPONDON_Blue-Violet_1-copy-300x100.png
SpongeBob Schwammkopf (720p),https://jmp2.uk/plu-5d00e8adaab96b5635b2a005.m3u8,网络源,https://images.pluto.tv/channels/5d00e8adaab96b5635b2a005/colorLogoPNG.png
SpongeBob SquarePants (720p),https://jmp2.uk/plu-63f87d057533d80008ab9549.m3u8,网络源,https://images.pluto.tv/channels/63f87d057533d80008ab9549/colorLogoPNG.png
Sport (Kyrgyzstan) (480p) [Not 24/7],https://st2.mediabay.tv/KG_KTRK-Sport/index.m3u8,网络源,https://i.imgur.com/ORCu0w0.png
Sport (Slovakia) (1080p),http://88.212.15.27/live/test_rtvs_sport_hevc/playlist.m3u8,网络源,https://i.imgur.com/oAtcxNZ.png
Sport (Uzbekistan),https://stream8.cinerama.uz/1004/tracks-v1a1/mono.m3u8,网络源,https://i.imgur.com/2WJE9CM.png
Sport TV (1080p),http://178.124.179.122:8080/SportTV/mpegts,网络源,https://www.beltelecom.by/sites/default/files/styles/200200/public/tv-channels/2025-10/sporttv.png
Sport+ Qazaqstan (1080p),https://fs.uplink.kz/sport+/mono.m3u8?token=onlinetv,网络源,https://i.imgur.com/vIV7x6n.png
Sportitalia 24 (720p) [Geo-blocked],https://di-yx2saj20.vo.lswcdn.net/sportitalia/smil:silive24.smil/playlist.m3u8,网络源,https://i.imgur.com/RSwnoLn.png
Sportitalia (1080p),https://edge-001.streamup.eu/sportitalia/sihd_abr/playlist.m3u8,网络源,https://i.imgur.com/0CJGGgd.png
Sportitalia Motori (720p) [Geo-blocked],https://di-yx2saj20.vo.lswcdn.net/sportitalia/smil:simotori.smil/playlist.m3u8,网络源,https://i.imgur.com/hu56Ya5.png
Sportitalia Solocalcio (1080p),https://distribution.sportitalialive.it/sportitalia/sisolocalcio_abr/playlist.m3u8,网络源,https://i.imgur.com/hu56Ya5.png
Sportivnyy (1080p),https://live-3.otcnet.ru/sportivny/index.m3u8,网络源,https://i.imgur.com/ujS6mMo.png
Sports Television [Not 24/7],https://kctv.koryofront.org/stream/sports/index.m3u8,网络源,https://i.imgur.com/HvFpGeH.png
SportsGrid (1080p),https://sportsgrid-tribal.amagi.tv/playlist.m3u8,网络源,https://i.imgur.com/ulGKX30.png
SporTV 3 (720p),http://170.83.49.66:8083/SPORTV3HD/index.m3u8,网络源,https://i.imgur.com/mWOR8pi.png
Sporty TV,https://dash2.antik.sk/live/sporty_tv/index.m3u8,网络源,https://i.imgur.com/Wz5bQKx.jpeg
SPOTV 2 (720p),http://58.8.186.128:10006/bysid/2630,网络源,https://i.imgur.com/YD8fbTH.png
SPOTV (720p),http://58.8.186.128:10006/bysid/2614,网络源,https://i.imgur.com/HaoVsm5.png
SPTV (360p),https://cdn3.wowza.com/5/RXJNMFI3VlVkOEFP/stpete/G0187_003/playlist.m3u8,网络源,https://i.imgur.com/fl8I3cg.png
Sqala TV (720p),https://live-evg8.tv360.bitel.com.pe/bitel/studiotvhuanta/playlist.m3u8,网络源,https://i.imgur.com/DJ05m8s.png
SQCS Canal 4 (1080p),https://video0.rogohosting.com:19360/4982/4982.m3u8,网络源,https://i.imgur.com/qnx8nBP.png
SR Fernsehen (720p),https://srfs.akamaized.net/hls/live/689649/srfsgeo/index.m3u8,网络源,https://upload.wikimedia.org/wikipedia/commons/thumb/9/9c/SR_Fernsehen_Logo_2023.svg/960px-SR_Fernsehen_Logo_2023.svg.png
SRC TV (720p),http://highvolume155.streampartner.nl/adminsrc/adminsrc/playlist.m3u8,网络源,https://i.imgur.com/VSSbjrM.png
SRF (1080p),https://58de7a369a9c4.streamlock.net/srf/stream_720p/playlist.m3u8,网络源,https://i.imgur.com/92XNBmr.png
SSSR TV (1080p),http://str2.iptvhd.ru:8080/sssr_kino/index.m3u8,网络源,https://i.imgur.com/ieONjAZ.png
St Lucie Public Schools,https://reflect-stlucie-ps-fl.cablecast.tv/live-1/live/stream-1/WIFI-1896k-720p.m3u8,网络源,https://i.imgur.com/wnB0fWG.png
Stadium (720p),https://wurl120sports.global.transmit.live/hls/679a907dce42a042c23ace37/v1/stadium_gracenote/samsung_us/latest/main/hls/playlist.m3u8,网络源,https://upload.wikimedia.org/wikipedia/en/thumb/5/53/Stadium_%28sports_network%29_logo.svg/960px-Stadium_%28sports_network%29_logo.svg.png
Star 101 FM [Not 24/7],https://live2.tensila.com/knut-v-1.choice/hls/master.m3u8,网络源,https://star101.gu/images/fb_icon.jpg
Star Asia (720p),http://103.250.28.74:8000/play/a010/index.m3u8,网络源,https://i.imgur.com/9coLhX8.png
Star Channel (Bulgaria) (720p),http://hls127.freeott.top:8080/BG_FOX/video.m3u8,网络源,https://upload.wikimedia.org/wikipedia/commons/thumb/8/89/Star_Channel_2020.svg/960px-Star_Channel_2020.svg.png
Star Channel (Chile) (720p),http://138.121.15.230:9002/STAR-CHANNEL/index.m3u8,网络源,https://upload.wikimedia.org/wikipedia/commons/thumb/8/89/Star_Channel_2020.svg/960px-Star_Channel_2020.svg.png
STAR Channel (720p),https://live-fi.tvkaista.net/star-channel/live.m3u8,网络源,https://upload.wikimedia.org/wikipedia/commons/thumb/8/89/Star_Channel_2020.svg/960px-Star_Channel_2020.svg.png
Star Channel (Greece) (1080p),http://livestar.siliconweb.com/starvod/star4/star4.m3u8,网络源,https://i.imgur.com/6NUpxhr.png
Star Channel International (720p),https://livestar.siliconweb.com/starvod/star_int/star_int.m3u8,网络源,https://i.imgur.com/6NUpxhr.png
Star Channel Latin America (1080p),http://15.204.246.24:8080/STARCHANNELHD/index.m3u8,网络源,https://upload.wikimedia.org/wikipedia/commons/thumb/8/89/Star_Channel_2020.svg/960px-Star_Channel_2020.svg.png
Star Cinema,https://dash2.antik.sk/live/test_star_cinema_atktv/playlist.m3u8,网络源,https://i.imgur.com/5sis895.png
Star Crime (Bulgaria) (720p),http://hls127.freeott.top:8080/BG_FOX_Crime/video.m3u8,网络源,https://upload.wikimedia.org/wikipedia/commons/thumb/4/40/Star_Crime_2023.svg/960px-Star_Crime_2023.svg.png
Star Family (1080p),https://dash2.antik.sk/live/test_star_family_atktv/playlist.m3u8,网络源,https://i.imgur.com/eGuGHnZ.png
Star Gold 2 (576p),http://107.167.16.138/stargold2/index.m3u8?token=test,网络源,https://i.imgur.com/G0ZfzZr.png
Star Jalsha (576p) [Geo-blocked],http://cdn98.com/play/live.php?mac=00:1A:79:99:54:11&stream=225805&extension=ts&play_token=o1cczsG9wV,网络源,https://i.imgur.com/IlufzR5.png
Star Jalsha HD (720p),https://da86m1sqpm3o0.cloudfront.net/28072023/smil:starjalsha.smil/chunklist_b1928000.m3u8,网络源,https://i.imgur.com/IlufzR5.png
Star Kentrikis Elladas (1080p),https://telmaco-cdn.akamaized.net/starcgr/default/index.m3u8,网络源,https://i.imgur.com/ZBt6beo.png
Star Life (Bulgaria) (720p),http://hls127.freeott.top:8080/BG_FOX_Life/video.m3u8,网络源,https://upload.wikimedia.org/wikipedia/commons/thumb/f/f9/Star_Life_2021.svg/960px-Star_Life_2021.svg.png
Star Maa HD (720p),https://da86m1sqpm3o0.cloudfront.net/28072023/smil:starmaa1.smil/chunklist_b2628000.m3u8,网络源,https://i.imgur.com/5c9PVS0.png
Star Maa Movies HD (720p),https://da86m1sqpm3o0.cloudfront.net/28072023/smil:maamovies.smil/chunklist_b2628000.m3u8,网络源,https://dtil.tmsimg.com/assets/s143826_ld_h15_aa.png?lock=720x540
Star Plus Televizija (1080p) [Not 24/7],https://live.muzickatv.mk/live/StarMusic2.m3u8,网络源,https://i.imgur.com/01yz22a.png
Star Pravah HD (720p),https://da86m1sqpm3o0.cloudfront.net/28072023/smil:starpravah.smil/chunklist_b1928000.m3u8,网络源,https://i.imgur.com/ZT0u7AK.png
Star Sports 2 HD (720p),http://tvsen5.aynascope.net/cXPB2LKkErN9/index.m3u8,网络源,https://xstreamcp-assets-msp.streamready.in/assets/LIVETV/LIVECHANNEL/LIVETV_LIVETVCHANNEL_STAR_SPORTS_2/images/LOGO_HD/image.png
Star Sports 2 Hindi (720p),https://tvsen5.aynaott.com/cXPB2LKkErN9/index.m3u8,网络源,https://i.imgur.com/kHerF19.png
Star Sports 2 Telugu HD (576p),https://real-vk.proxy.nellaiiptv.com/SDMEDIA/index.m3u8,网络源,https://i.imgur.com/m7DvvqF.png
Star Sports Select 2 HD (720p),http://tvsen7.aynascope.net/ssport2hd/index.m3u8,网络源,https://i.imgur.com/FtRT73R.png
Star Tamil Television (360p),https://edge4-moblive.yuppcdn.net/trans1sd/smil:strtml19.smil/playlist.m3u8?dvr=,网络源,https://i.imgur.com/fjHcr9z.jpg
Star Trek,https://jmp2.uk/plu-5f99ac4fded33000078f29ab.m3u8,网络源,https://images.pluto.tv/channels/5efbd39f8c4ce900075d7698/colorLogoPNG.png
Star Trek LatAm,https://jmp2.uk/plu-5ec5761aabe4690007f6e047.m3u8,网络源,https://images.pluto.tv/channels/5efbd39f8c4ce900075d7698/colorLogoPNG.png
Star Trek US,https://jmp2.uk/plu-5efbd39f8c4ce900075d7698.m3u8,网络源,https://images.pluto.tv/channels/5efbd39f8c4ce900075d7698/colorLogoPNG.png
Star Trek Movies,https://jmp2.uk/plu-6400c2a6cb41a40008dbe5bc.m3u8,网络源,https://images.pluto.tv/channels/6400c281dff38e00083f59da/colorLogoPNG.png
Star Trek Movies DK,https://jmp2.uk/plu-6400c281dff38e00083f59da.m3u8,网络源,https://images.pluto.tv/channels/6400c281dff38e00083f59da/colorLogoPNG.png
Star Trek Movies NO,https://jmp2.uk/plu-6400c228498393000878a9b7.m3u8,网络源,https://images.pluto.tv/channels/6400c281dff38e00083f59da/colorLogoPNG.png
Star Trek: Deep Space Nine,https://jmp2.uk/plu-65c69bbfd77d450008c7ffee.m3u8,网络源,https://images.pluto.tv/channels/65c69bbfd77d450008c7ffee/colorLogoPNG_1758310416057.png
Star Trek: The Next Generation (Germany),https://jmp2.uk/plu-69776ce979545c21a1220bff.m3u8,网络源,https://images.pluto.tv/channels/69776ce979545c21a1220bff/colorLogoPNG_1769434849537.png
Star Trek: The Next Generation (United States),https://jmp2.uk/plu-695c32e61ca20bb8ca802eb9.m3u8,网络源,https://images.pluto.tv/channels/695c32e61ca20bb8ca802eb9/colorLogoPNG_1768440087394.png
Star Trek: The Original Series (Germany),https://jmp2.uk/plu-69776b58036e883f39e5ab8a.m3u8,网络源,https://images.pluto.tv/channels/69776b58036e883f39e5ab8a/colorLogoPNG_1769434091096.png
Star Trek: The Original Series (Sweden),https://jmp2.uk/plu-693ade4d569386f93f235bb6.m3u8,网络源,https://images.pluto.tv/channels/693add137e308621c051e733/colorLogoPNG_1765465486347.png
Star Trek: The Original Series (Sweden) DK,https://jmp2.uk/plu-693add137e308621c051e733.m3u8,网络源,https://images.pluto.tv/channels/693add137e308621c051e733/colorLogoPNG_1765465486347.png
Star Trek: The Original Series (Sweden) NO,https://jmp2.uk/plu-693addd62bf6cf7414c4b2fc.m3u8,网络源,https://images.pluto.tv/channels/693add137e308621c051e733/colorLogoPNG_1765465486347.png
Star Trek: Voyager (Germany),https://jmp2.uk/plu-65787f2eb228b7000843fa5c.m3u8,网络源,https://images.pluto.tv/channels/65787f2eb228b7000843fa5c/colorLogoPNG.png
Star Trek: Voyager (Germany) IT,https://jmp2.uk/plu-65cb73d33ba51e00084cabad.m3u8,网络源,https://images.pluto.tv/channels/65787f2eb228b7000843fa5c/colorLogoPNG.png
Star Trek: Voyager (United States),https://jmp2.uk/plu-634dacf51d90320007fcd5fa.m3u8,网络源,https://images.pluto.tv/channels/634dacf51d90320007fcd5fa/colorLogoPNG_1758310287876.png
Star TV (Moldova),http://forever.megogo.xyz/iptv/QGB4M3H62GC7E3/2465/index.m3u8,网络源,https://i.imgur.com/6BBnG6f.png
Star TV (Turkiye) (720p),https://dogus.daioncdn.net/startv/startv_720p.m3u8?app=a20ac41e-bdc3-4aa1-934d-26b484480ac9&ce=3&sid=8l4w3lst4co5,网络源,https://i.imgur.com/9O3DHRB.png
Star Vijay UK (396p),https://da86m1sqpm3o0.cloudfront.net/28072023/smil:starvijayuk.smil/playlist.m3u8,网络源,https://i.imgur.com/dZtJHAe.png
Starnet (480p),https://5a1178b42cc03.streamlock.net/8220/8220/playlist.m3u8,网络源,https://i.imgur.com/J3jB7Kr.png
StarPlus HD (1080i),http://202.70.146.135:8000/play/a009/index.m3u8,网络源,https://i.imgur.com/xWxNy3L.png
START Air (1080p),http://176.118.197.101/START_AIR/index.m3u8,网络源,https://images.iptv.rt.ru/images/d60qp8omife4gis72tk0.png
START Air HD (1080p),http://str2.iptvhd.ru:8080/START_Air_HD/index.m3u8,网络源,https://images.iptv.rt.ru/images/d60qp8omife4gis72tk0.png
Start Triumf,https://bl.webcaster.pro/media/playlist/free_fe8dc1b768a84b8b0333db826471f17e_hd/33_85479982/1080p/8666c3e935faf6ef47ffd601e8e48868/4821408969.m3u8,网络源,https://i.imgur.com/L9jTieL.png
Start TV (480p),https://live.cast-control.eu/StartMedia/StartMedia/playlist.m3u8,网络源,https://i.ibb.co/4PrPG5j/Start-TV-Corfu-Radio-100-1-www-startmedia-gr-1.jpg
START World (576p),https://fs.uplink.kz/start_world/mono.m3u8?token=onlinetv,网络源,https://images.iptv.rt.ru/images/d6iist8mifeailfopupg.png
START World HD (1080p),http://str2.iptvhd.ru:8080/START_World_HD/index.m3u8,网络源,https://images.iptv.rt.ru/images/d6iist8mifeailfopupg.png
Starz Cinema (720p),http://23.237.104.106:8080/USA_STARZ_CINEMA/index.m3u8,网络源,https://i.imgur.com/ghzzKoT.png
Starz Comedy (1080p),http://23.237.104.106:8080/USA_STARZ_COMEDY/index.m3u8,网络源,https://i.imgur.com/JpKvjZe.png
Starz Edge (720p),http://168.228.44.241:9998/play/a0e0/index.m3u8,网络源,https://i.imgur.com/MvH3Cz2.png
Starz Encore Spanish (720p),http://168.228.44.241:9998/play/a0e1/index.m3u8,网络源,https://upload.wikimedia.org/wikipedia/commons/thumb/d/dd/Starz_Encore_Espa%C3%B1ol_Logo_2022.svg/960px-Starz_Encore_Espa%C3%B1ol_Logo_2022.svg.png
Starz Kids & Family (1080p),http://23.237.104.106:8080/USA_STARZ_FAMILY/index.m3u8,网络源,https://i.imgur.com/eE9FzEP.png
Steelbird Music (720p) [Not 24/7],https://cdn2.in/SteelbirdMusicTVhls/live.m3u8,网络源,https://jiotvimages.cdn.jio.com/dare_images/images/Steelbird_Music.png
Steiermark TV (1080p),https://h056.video-stream-hosting.de/easycast8-live/_definst_/mp4:livestreamhd4/playlist.m3u8?ref=,网络源,https://i.imgur.com/AJrUPze.png
Stereo 5 TV (720p),https://stream1.aswifi.it/stereo5/live/index.m3u8,网络源,https://i.imgur.com/sCDcYFW.png
Sterk TV (1080p),https://hlspackager.akamaized.net/live/DB/STERK_TV/HLS/STERK_TV.m3u8,网络源,https://i.imgur.com/bIheNAI.png
Stingray Cityscapes (1080p),https://aka-live1050.delivery.roku.com/7572d640-7373-4137-8b14-a3afff395349/t2-origin/out/v1/live.m3u8,网络源,https://encrypted-tbn0.gstatic.com/images?q=tbn:ANd9GcRZlXPCl4ze9lr2DnadYazKxuyyEEWmgO1O1Q&s
Stingray Classic Rock (1080p),https://lotus.stingray.com/manifest/ose-101ads-montreal/samsungtvplus/master.m3u8,网络源,https://i.imgur.com/FBgu8yB.png
Stingray Classica (1080p),https://lotus.stingray.com/manifest/classica-cla008-montreal/samsungtvplus/master.m3u8,网络源,https://i.imgur.com/nh1k5RC.png
Stingray Cozy Cafe (1080p),https://aka-live1050.delivery.roku.com/372c813e-1fb9-41d4-a4d0-5fbd803659c5/t2-origin/out/v1/live.m3u8,网络源,https://encrypted-tbn0.gstatic.com/images?q=tbn:ANd9GcT-PtqqxxfI0SgHcNO5YJqxdufqnVtPFwpDvQ&s
Stingray DJAZZ (1080p),https://lotus.stingray.com/manifest/djazz-djaads-montreal/samsungtvplus/master.m3u8,网络源,https://upload.wikimedia.org/wikipedia/commons/thumb/1/14/Stingray_Djazz.png/960px-Stingray_Djazz.png
Stingray Easy Listening (1080p),https://lotus.stingray.com/manifest/ose-137ads-montreal/samsungtvplus/master.m3u8,网络源,https://upload.wikimedia.org/wikipedia/commons/thumb/5/5b/Stingray_Music_logo.svg/960px-Stingray_Music_logo.svg.png
Stingray Everything '80s (1080p),https://lotus.stingray.com/manifest/ose-128ads-montreal/samsungtvplus/master.m3u8,网络源,https://i.imgur.com/6E3wYrb.png
Stingray Flashback 70's (1080p),https://lotus.stingray.com/manifest/ose-115ads-montreal/samsungtvplus/master.m3u8,网络源,https://i.imgur.com/jf5C9QF.png
Stingray Greatest Holiday Hits,https://d39g1vxj2ef6in.cloudfront.net/v1/manifest/3fec3e5cac39a52b2132f9c66c83dae043dc17d4/prod-rakuten-stitched/54947915-6504-4548-aaef-eabd451f8607/1.m3u8,网络源,https://i.imgur.com/Hz2d6og.png
Stingray Hit List (1080p),https://lotus.stingray.com/manifest/ose-107ads-montreal/samsungtvplus/master.m3u8,网络源,https://i.imgur.com/lgpIwId.png
Stingray Holiday Hits (1080p),https://lotus.stingray.com/manifest/ose-155ads-montreal/samsungtvplus/master.m3u8,网络源,https://i.imgur.com/4xVVKH8.png
Stingray Holidayscapes (1080p),https://d10cyxntpn0bwm.cloudfront.net/master.m3u8,网络源,https://images.plex.tv/photo?size=large-1920&scale=1&url=https%3A%2F%2Fprovider-static.plex.tv%2Fepg%2Fcms%2Fproduction%2F9cb4b15c-8244-4499-ae2c-9a92d4cdff6d%2F13895_SHS_Plex_Logos_Holidays_1500x1000_Dark-Background.png
Stingray Hot Country (1080p),https://lotus.stingray.com/manifest/ose-108ads-montreal/samsungtvplus/master.m3u8,网络源,https://i.imgur.com/PZhxyIT.png
Stingray iConcerts HD (1080p),http://str2.iptvhd.ru:8080/iConcertsHD/index.m3u8,网络源,https://i.imgur.com/GKc7RFz.png
Stingray Jukebox Oldies (1080p),https://lotus.stingray.com/manifest/ose-021ads-montreal/samsungtvplus/master.m3u8,网络源,https://upload.wikimedia.org/wikipedia/commons/thumb/5/5b/Stingray_Music_logo.svg/960px-Stingray_Music_logo.svg.png
Stingray Karaoke (1080p),https://lotus.stingray.com/manifest/karaoke-kar000-montreal/samsungtvplus/master.m3u8,网络源,https://i.imgur.com/9TLTLS3.png
Stingray Naturescape (1080p),https://lotus.stingray.com/manifest/naturescape-a003-montreal/samsungtvplus/master.m3u8,网络源,https://i.imgur.com/882kd90.png
Stingray Nothin' But 90s (1080p),https://lotus.stingray.com/manifest/ose-142ads-montreal/samsungtvplus/master.m3u8,网络源,https://i.imgur.com/Tq3I0po.png
Stingray Pop Adult (1080p),https://lotus.stingray.com/manifest/ose-104ads-montreal/samsungtvplus/master.m3u8,网络源,https://i.imgur.com/H2ugC9L.png
Stingray Remember the 80s,https://d39g1vxj2ef6in.cloudfront.net/v1/manifest/3fec3e5cac39a52b2132f9c66c83dae043dc17d4/prod-rakuten-stitched/68cc5f97-cf6c-4ff7-9125-f56f272dbcb6/1.m3u8,网络源,https://i.imgur.com/duwc8E8.png
Stingray Rock Alternative (1080p),https://lotus.stingray.com/manifest/ose-102ads-montreal/samsungtvplus/master.m3u8,网络源,https://i.imgur.com/mt8ulVX.png
Stingray Romance Latino (1080p),https://lotus.stingray.com/manifest/ose-202ads-montreal/samsungtvplus/master.m3u8,网络源,https://upload.wikimedia.org/wikipedia/commons/thumb/5/5b/Stingray_Music_logo.svg/960px-Stingray_Music_logo.svg.png
Stingray Smooth Jazz (1080p),https://lotus.stingray.com/manifest/ose-140ads-montreal/samsungtvplus/master.m3u8,网络源,https://i.imgur.com/h1DsOzH.png
Stingray Soul Storm (1080p),https://lotus.stingray.com/manifest/ose-134ads-montreal/samsungtvplus/master.m3u8,网络源,https://i.imgur.com/dU1KC3f.png
Stingray The Spa (1080p),https://lotus.stingray.com/manifest/ose-122ads-montreal/samsungtvplus/master.m3u8,网络源,https://i.imgur.com/ywAN923.png
Stingray TikTok Radio (1080p),https://d3f4oii5n0oeqi.cloudfront.net/11701/88814594/hls/master.m3u8?ads.xumo_channelId=88814594,网络源,https://www.stingray.com/wp-content/uploads/2024/12/tiktok-radio_logo-new2.svg
Stingray Today's K-Pop (1080p),https://lotus.stingray.com/manifest/ose-317ads-montreal/samsungtvplus/master.m3u8,网络源,https://i.imgur.com/mMbntB5.png
Stingray Today's Latin Pop (1080p),https://lotus.stingray.com/manifest/ose-190ads-montreal/samsungtvplus/master.m3u8,网络源,https://i.imgur.com/Os3kRRP.png
Stockton Gov TV (720p),https://cdn3.wowza.com/5/dk84U1p2UUdoMGxT/stockton/G0044_008/playlist.m3u8,网络源,https://i.imgur.com/Ko4m4iw.png
Storie Criminali,https://jmp2.uk/plu-66177d18c8311c0008d077d0.m3u8,网络源,https://images.pluto.tv/channels/66177d18c8311c0008d077d0/colorLogoPNG.png
Stories by AMC,https://amc-amcpresents-1-us.xumo.wurl.tv/playlist.m3u8,网络源,https://i.imgur.com/QJtwJoS.png
Story Television KPVM-LD,https://2-fss-1.streamhoster.com/pl_122/206858-4412976-1/playlist.m3u8,网络源,https://upload.wikimedia.org/wikipedia/en/e/e1/Story_television_logo.png
Story Television WCIU-TV,https://2-fss-1.streamhoster.com/pl_122/206858-4412976-1/chunklist.m3u8,网络源,https://upload.wikimedia.org/wikipedia/en/e/e1/Story_television_logo.png
StoryChannel TV (720p),https://136044159.r.cdnsun.net/storychannel.m3u8,网络源,https://i.imgur.com/ZBV6xph.png
STOU Channel (720p),https://stream1.stou.ac.th/live/stou_720p/playlist.m3u8,网络源,https://i.imgur.com/L3T2QZz.png
Strana FM,https://live-stranafm.cdnvideo.ru/stranafm/smil:stranafm.smil/playlist.m3u8,网络源,https://i.imgur.com/WsPlKJJ.png
Strashnoe HD (1080p),http://str2.iptvhd.ru:8080/StrashnoeHD/index.m3u8,网络源,https://i.imgur.com/VhI688z.png
StreamForce 360 (1080p),https://sistemastr.tropicalmoonmedia.com:443/live/9E495C5FDA503D7F71037F2D2C5D3FA3/16.m3u8,网络源,https://streamforce360.com/wp-content/uploads/2026/06/logo-streamforce-30-20026-e1782248482848.png
Streekstad Central (1080p),https://videostreams.streekstadcentraal.nl/hls/streekstad_alkmaar/streekstad_alkmaar.m3u8,网络源,https://i.imgur.com/9gM6rPb.png
StreekTV (720p) [Not 24/7],http://cdn22.streampartner.nl/streektv/streektv/playlist.m3u8,网络源,https://i.imgur.com/48lkh57.png
Strongman (720p),https://rightsboosterltd-scl-2-eu.rakuten.wurl.tv/playlist.m3u8,网络源,https://i.imgur.com/bVQBF6R.png
Strongman UK (720p),https://rightsboosterltd-scl-1-eu.rakuten.wurl.tv/playlist.m3u8,网络源,https://i.imgur.com/bVQBF6R.png
Strongman Champions League (720p),https://rightsboosterltd-scl-1-be.samsung.wurl.tv/playlist.m3u8,网络源,https://images-0.rakuten.tv/storage/global-live-channel/translation/artwork/30ccc088-dca7-4458-ad5a-328fef06e1ca-width200-quality90.png
Stryk TV (1080p),https://fffffff110156200.tvustream.com:8298/ryfy.m3u8,网络源,https://i.imgur.com/rKkHhkX.png
STS (576p),http://tshift-1.telecoma.tv/sts/index.m3u8,网络源,https://i.imgur.com/ilUzAeb.png
STS HD (1080p),http://stream.mcquack.net/138/index.m3u8,网络源,https://i.imgur.com/ilUzAeb.png
STS International (576p),http://178.134.1.158:8081/CTC/index.m3u8,网络源,https://i.imgur.com/mwiC0RG.png
STS kids (1080p),http://31.148.48.15/STS_Kids_HD/index.m3u8,网络源,https://i.imgur.com/o9kLpAL.png
STS kids HD (1080p),http://45.145.32.13:20440/ctc_kids_hd/index.m3u8?token=test,网络源,https://i.imgur.com/o9kLpAL.png
STS kids International (576p),https://fs.uplink.kz/sts_kids/mono.m3u8?token=onlinetv,网络源,https://i.imgur.com/o9kLpAL.png
StuBru (1080p),https://live.vrtcdn.be/groupb/live/450aa9d1-7173-47f3-aaaa-9701426f8ddd/live.isml/.m3u8,网络源,https://i.ibb.co/y0TcsXw/512px-VRT-Stu-Bru-logo-svg.png
Studio040 TV (720p),https://d591ovpa48r6h.cloudfront.net/nlpo/clr-nlpo/studio040tv/index.m3u8,网络源,https://i.imgur.com/NBludRL.png
Studio + TV (1080p),https://vd01.streaminghd.net.ar:3113/hybrid/play.m3u8,网络源,https://carjocosa.space/studio/logo.png
Studio One + (720p),https://cdn.pishow.tv/ott/live/276/master.m3u8,网络源,https://i.imgur.com/yOPB7JB.png
Studio Pasco TV (720p),https://live-evg7.tv360.bitel.com.pe/bitel/studiopasco/playlist.m3u8,网络源,https://i.imgur.com/zgyNuVE.jpeg
Studio Rheden (1080p),https://stream.studiorhedenlive.nl/hlstv/stream.m3u8,网络源,https://i.imgur.com/swfxaac.png
Studio Universal Latin America (1080p),http://15.204.246.24:8080/StudioUniversalHD/index.m3u8,网络源,https://upload.wikimedia.org/wikipedia/commons/thumb/7/74/StudioUniversal2016.png/960px-StudioUniversal2016.png
Studio Universal Latin America Brazil (720p),http://187.102.210.46/universo/index.m3u8,网络源,https://upload.wikimedia.org/wikipedia/commons/thumb/7/74/StudioUniversal2016.png/960px-StudioUniversal2016.png
Studio Yuva (576p),https://mumt01.tangotv.in/O5aw8Zn3STUDIOYUVA/index.m3u8,网络源,https://i.imgur.com/BOhgz2T.png
Stugfixarna Norge,https://jmp2.uk/plu-61c18ec6ac860c0007684981.m3u8,网络源,https://images.pluto.tv/channels/61c18ec6ac860c0007684981/colorLogoPNG.png
STV (Belarus) HD (720p),https://ctv.dc.beltelecom.by/ctv/ctv.stream/playlist.m3u8,网络源,https://upload.wikimedia.org/wikipedia/commons/thumb/3/33/%D0%9B%D0%BE%D0%B3%D0%BE%D1%82%D0%B8%D0%BF_%D0%B1%D0%B5%D0%BB%D0%BE%D1%80%D1%83%D1%81%D1%81%D0%BA%D0%BE%D0%B3%D0%BE_%D1%82%D0%B5%D0%BB%D0%B5%D0%BA%D0%B0%D0%BD%D0%B0%D0%BB%D0%B0_%C2%AB%D0%A1%D0%A2%D0%92%C2%BB.svg/960px-%D0%9B%D0%BE%D0%B3%D0%BE%D1%82%D0%B8%D0%BF_%D0%B1%D0%B5%D0%BB%D0%BE%D1%80%D1%83%D1%81%D1%81%D0%BA%D0%BE%D0%B3%D0%BE_%D1%82%D0%B5%D0%BB%D0%B5%D0%BA%D0%B0%D0%BD%D0%B0%D0%BB%D0%B0_%C2%AB%D0%A1%D0%A2%D0%92%C2%BB.svg.png
STV (Croatia) (720p),http://89.201.163.244:8080/hls/hdmi.m3u8,网络源,https://i.imgur.com/Z3yRl17.png
STV (Indonesia) (720p) [Not 24/7],http://122.248.43.242:1935/SAMARINDATV/_definst_/myStream/playlist.m3u8,网络源,https://i.imgur.com/EIrXgT8.png
STV (United States) (360p),https://vodcdn.bamboo-cloud.com/livehls/6a81edf1063044437202e65c/master.m3u8,网络源,https://i.postimg.cc/4dHXzBRr/In-Shot-20260816-223433608.png
STVE Telebasica (1080p),https://streamingcws30.com/suyapa/videosuyapa/playlist.m3u8,网络源,https://i.imgur.com/nUsq67m.png
STZ TV (1080p),https://cdn.live.br1.jmvstream.com/webtv/AVJ-12952/playlist/playlist.m3u8,网络源,https://i.imgur.com/SeF2I7q.png
Subbota! (1080p),https://bl.rutube.ru/livestream/310744c10a5809da38aa445c952976da/index.m3u8?e=2066519758&s=dmUf6BUQzDBTwtQOseAfog&scheme=https,网络源,https://i.imgur.com/nsk8PpB.png
Subbota! HD (1080p),http://stream.mcquack.net/269/index.m3u8,网络源,https://i.imgur.com/nsk8PpB.png
Subhavaartha TV (720p),https://2mk9qae4rwyb-hls-live.wmncdn.net/shubhavartha/live.stream/playlist.m3u8,网络源,https://xstreamcp-assets-msp.streamready.in/assets/LIVETV/LIVECHANNEL/LIVETV_LIVETVCHANNEL_SUBHAVAARTHA/images/LOGO_HD/image.png
Subin TV (1080p),https://stream.galaxyott.live/live/subintv/index.m3u8,网络源,https://jiotvimages.cdn.jio.com/dare_images/images/subintvtamil.png
Suceso TV (720p) [Not 24/7],https://live.enhdtv.com:8081/8060/index.m3u8,网络源,https://i.imgur.com/BwRNes1.png
Such TV,https://video.primexsports.com/suchnews/live/playlist.m3u8,网络源,https://i.imgur.com/yYMh3JJ.png
Sucremanta TV (720p),https://lbgo.bozztv.com/ssh101/ssh101/ok2026/playlist.m3u8,网络源,https://i.imgur.com/noN0Yhe.png
Sudan TV (360p),https://cdn-globecast.akamaized.net/live/eds/sudan_tv/hls_roku/index.m3u8,网络源,https://i.imgur.com/XUPAYAA.png
Sudarshan News (1080p),https://ott.livelegitpro.in/sudarshannews/sudarshannews/tracks-v1/index.fmp4.m3u8,网络源,https://xstreamcp-assets-msp.streamready.in/assets/LIVETV/LIVECHANNEL/LIVETV_LIVETVCHANNEL_SUDARSHAN_NEWS/images/LOGO_HD/image.png
Sukan RTM (1080p) [Geo-blocked],https://d25tgymtnqzu8s.cloudfront.net/smil:sukan/manifest.mpd,网络源,https://i.imgur.com/1pYYSu2.png
Suke TV (720p),https://live.mana2.my/SukeTv/index.m3u8?auth_key=1745177878-c9b78020e8d64aac92e7d5db06493530-0-951f497899c978ee5fbc2f1375671272&token=1745177878-c9b78020e8d64aac92e7d5db06493530-0-951f497899c978ee5fbc2f1375671272,网络源,https://i.imgur.com/hCwH3s0.png
Sula TV (1080p),https://tv.webmedialive.com/sulatv/live/playlist.m3u8,网络源,https://i.imgur.com/v90r5jS.png
Sultra TV (720p) [Not 24/7],http://122.248.43.242:1935/SULTRATV/_definst_/myStream/playlist.m3u8,网络源,https://i.imgur.com/cmpbNJz.png
Summer of Movies,https://jmp2.uk/plu-6654adb1f99922000854388c.m3u8,网络源,https://images.pluto.tv/channels/6654adb1f99922000854388c/colorLogoPNG.png
SUMtv English (1080p),https://bozztv.com/uni10rtmp/ssstv1-cdn/smil:ssstv1web.smil/playlist.m3u8,网络源,https://i.imgur.com/hp1rJjX.png
SUMtv Latino (1080p),https://bozztv.com/uni10rtmp/ssstv2-cdn/smil:ssstv2web.smil/playlist.m3u8,网络源,https://i.imgur.com/ZObFN8Z.png
Sun Gemini (576p),http://ptuf.ridsys.in/riptv/live/GEMINI_TV/index.m3u8,网络源,https://sund-images.sunnxt.com/194396/300x300_SunGemini_194396_22c18c1e-7eb9-4855-9c4e-12e109911559.png
Sun RTV (720p) [Not 24/7],https://live.artidijitalmedya.com/artidijital_sunrtv/sunrtv/playlist.m3u8,网络源,https://i.imgur.com/64tph9N.png
Sunna TV (576p),https://viewmedia7219.bozztv.com/wmedia/viewmedia100/web_015/Stream/playlist.m3u8,网络源,https://i.imgur.com/K2Snk2T.png
Suno News HD (1080p),http://103.250.28.74:8000/play/a02a/index.m3u8,网络源,https://i.imgur.com/FeSntVO.jpg
SunuLabel TV (480p) [Not 24/7],https://live3.acangroup.org:1929/publiclive/sunulabel/playlist.m3u8,网络源,https://i.imgur.com/Ibp7IBk.jpeg
Super7FM (720p),https://tv.livestreaminggroup.info:3295/live/super7tvlive.m3u8,网络源,https://i.imgur.com/TJEqwZo.png
Super9 TV (480p) [Not 24/7],https://tv.radiohosting.online:1936/TV344/TV344/playlist.m3u8,网络源,https://i.imgur.com/TntqGmR.png
Super Cable,http://191.102.39.254:5000/live/5up3r5/playlist.m3u8,网络源,https://i.imgur.com/KYtJp8F.png
Super Canal (Dominican Republic) (1080p) [Not 24/7],https://cnn.hostlagarto.com/supercanalhd/playlist.m3u8,网络源,https://i.imgur.com/AZBamNi.png
Super Canal (Peru) (720p),https://live-evg7.tv360.bitel.com.pe/bitel/supercanalSRT/playlist.m3u8,网络源,https://i.imgur.com/eotfCMd.png
Super Channel 12 (1080p),https://servilive.com:3263/live/channel12live.m3u8,网络源,https://i.imgur.com/dLHIvKz.png
Super Digital TV (1080p) [Not 24/7],https://mp.panelchs.com/hls/8032/8032.m3u8,网络源,https://www.vivalivetv.com/public/files/shows/0/1/3431-294x165-FFFFFF.jpg
Super Hungama (576p),http://103.185.24.134:3001/SUPER-HUNGAMA/index.m3u8,网络源,https://xstreamcp-assets-msp.streamready.in/assets/LIVETV/LIVECHANNEL/LIVETV_LIVETVCHANNEL_SUPER_HUNGAMA/images/LOGO_HD/image.png
Super J TV Teramo (720p),https://54627d4fc5996.streamlock.net/SuperJtv/SuperJtv/playlist.m3u8,网络源,https://i.imgur.com/H3uItqg.png
Super Q Panama (1080p),https://vcp8.myplaytv.com:1936/superq/superq/playlist.m3u8,网络源,https://i.imgur.com/ocTnqi7.png
Super Simple Songs (1080p),https://janson-supersimplesongs-1-us.roku.wurl.tv/playlist.m3u8,网络源,https://i.imgur.com/3k4F7O9.png
Super Six (720p),https://5db313b643fd8.streamlock.net/SUPERSIXLombardia/SUPERSIXLombardia/playlist.m3u8,网络源,https://upload.wikimedia.org/wikipedia/commons/0/0a/SuperSix_TV_Logo.png
Super TV 55 (720p) [Geo-blocked],https://ss2.tvrdomi.com:1936/supertv55/supertv55/playlist.m3u8,网络源,https://3.bp.blogspot.com/-WO2ZKryfWoU/Wr1pO5clk_I/AAAAAAAAdJk/QYRg8_bp4OgmIWI55Y4m6i5o8RiWfCHWwCLcBGAs/s200/SuperTV55.jpg
Super TV (Bosnia and Herzegovina) (720p),https://mirtv.club/live/mirtv/index.m3u8,网络源,https://i.imgur.com/XYWgd3E.png
Super TV (Italy) (720p),http://wms.shared.streamshow.it/supertv/mp4:supertv/playlist.m3u8,网络源,https://i.imgur.com/hxF3yhw.png
Super TV (Romania) (576p),http://iptv.supertv.ro:8000/play/a001/index.m3u8,网络源,https://i.imgur.com/pzxUE0O.png
Super TV Oristano (720p) [Not 24/7],http://193.70.81.40:1935/supertvoristano/supertvoristano/playlist.m3u8,网络源,https://upload.wikimedia.org/wikipedia/it/2/22/Logosupertvoristano.png
Super!,https://495c5a85d9074f29acffeaea9e0215eb.msvdn.net/super/super_main/super_main_hbbtv/playlist.m3u8,网络源,https://upload.wikimedia.org/wikipedia/commons/thumb/2/2d/Super%21_logo_2021.svg/960px-Super%21_logo_2021.svg.png
Super! iCarly,https://jmp2.uk/plu-609401db8cf51c00084b592e.m3u8,网络源,https://i.imgur.com/IWcQfF2.png
Super! Pop,https://jmp2.uk/plu-6093f7b5bb49b90007cecaad.m3u8,网络源,https://i.imgur.com/2FfREQE.png
Super! SpongeBob (720p),https://jmp2.uk/plu-6093f9281db477000759fce0.m3u8,网络源,https://i.imgur.com/65wxNn4.png
Super+ (360p),http://dtv.vol.net.ua/super_plus/index.m3u8,网络源,https://upload.wikimedia.org/wikipedia/commons/thumb/f/fb/Super%2B_UA_%282024%29.svg/960px-Super%2B_UA_%282024%29.svg.png
SuperGeroi (1080p),http://31.148.48.15/Malish_TV/index.m3u8,网络源,https://i.imgur.com/c0zZUR1.png
Supermusica TV (720p),https://backupmaxmedia.hvmultiplay.com/hls/stream4/supermusica.m3u8,网络源,https://i.imgur.com/MiVs42N.jpeg
Supernatural Drama,https://jmp2.uk/plu-5f24662bebe0f0000767de32.m3u8,网络源,https://images.pluto.tv/channels/5f24662bebe0f0000767de32/colorLogoPNG.png
Superscreen TV (412p),https://video1.getstreamhosting.com:1936/8398/8398/playlist.m3u8,网络源,https://i.imgur.com/uTNmSWE.png
SuperTennis (1080p),https://live-embed.supertennix.hiway.media/restreamer/supertennix_client/gpu-a-c0-16/restreamer/outgest/aa3673f1-e178-44a9-a947-ef41db73211a/manifest.m3u8,网络源,https://upload.wikimedia.org/wikipedia/it/thumb/6/6a/SuperTennis_-_Logo_2016.svg/960px-SuperTennis_-_Logo_2016.svg.png
Superyacht TV (1080p),https://sy.wns.live/hls/stream.m3u8,网络源,https://i.imgur.com/cgjgjE1.png
Supremateve (720p) [Not 24/7],https://ss2.tvrdomi.com:1936/supremateve/supremateve/playlist.m3u8,网络源,https://canalesdominicanos.live/template/images/radios/small/supremateve.jpeg
Supreme Master TV (720p),https://lbs-us1.suprememastertv.com/720p.m3u8,网络源,https://i.imgur.com/kFMHayP.png
SUR TV (1080p),https://redirector.rudo.video/hls-video/ey6283je82983je9823je8jowowiekldk9838274/surtv/surtv.smil/playlist.m3u8,网络源,https://i.imgur.com/wDCqoor.png
Sur TV (720p) [Not 24/7],https://ss2.tvrdomi.com:1936/eradiofonicas/eradiofonicas/playlist.m3u8,网络源,https://i.imgur.com/oAyvK0N.jpeg
SUR TV Itapua,http://45.170.130.224:8000/play/a036/index.m3u8?hls,网络源,https://i.imgur.com/ltJQvZd.png
Suram TV (720p),https://us.streaminghd.cl/suramtv/index.m3u8,网络源,https://i.imgur.com/2N9LCES.png
Surau TV (720p),http://ikitv.sqn.at:8000/play/a00l/index.m3u8,网络源,https://i.imgur.com/CKoxcWL.png
Surena TV,https://vs20.live.opencaster.com/surenatv_187f915a/index.m3u8,网络源,https://i.imgur.com/ZQRb3L3.png
Surgut 24,https://sitv.ru/vgtrk/stv.m3u8,网络源,https://i.imgur.com/OxvqXMt.png
Suria [Geo-blocked],https://d11h6a6nhl9kj9.cloudfront.net/hls/clr4ctv_suria/master.m3u8,网络源,https://i.imgur.com/9xWAwzy.png
Suriya TV (1080p),https://stream.ottlive.co.in/suryatvtamil/index.m3u8,网络源,https://jiotvimages.cdn.jio.com/dare_images/images/suryatvtamil.png
Suriyan TV (576p),https://stream.sscloud7.com/live/suriyantv/index.m3u8,网络源,https://ltsk-cdn.s3.eu-west-1.amazonaws.com/jumpstart/Temp_Live/cdn/HLS/Channel/transparentImages/Suriyan-tv-logo_2000_X_1125_Transpharent.png
Survivor (1080p),https://amg00627-amg00627c16-samsung-nz-2811.playouts.now.amagi.tv/playlist/amg00627-banijayfast-survivor-samsungnz/playlist.m3u8,网络源,https://i.imgur.com/Zz9SgY8.png
Suspilne. Donbas (576p),http://hls127.freeott.top:8080/UA_DONBAS/video.m3u8,网络源,https://i.imgur.com/GPXrpJC.png
Suspilne. Kultura (1080p),http://stream.mcquack.net/435/index.m3u8,网络源,https://i.imgur.com/hHMJV8e.png
Suspilne. Kyiv (360p),https://live-nstu.cdn-03.cosmonova.net.ua/mobile-app/main/nstu-kyiv/master.m3u8,网络源,https://i.imgur.com/MeR1dJw.png
Sutel TV [Geo-blocked],https://vipottbpkstream.vip.hr/Content/onevip-hls/Live/Channel(Shutel)/index.m3u8,网络源,https://i.imgur.com/hk3lhuF.png
Suvarna News SD (576p),https://streams.tangotv.in/SUVARNANEWS/ORIGIN/index.m3u8,网络源,https://i.imgur.com/0H1HObK.png
Suwannabhumi Channel (720p),https://live.bangkokstream.com:19360/suwannabhumi/suwannabhumi.m3u8,网络源,https://i.imgur.com/6AGKP0A.png
Suyapa TV (1080p),https://streamingcws30.com/suyapa2/videosuyapa2/playlist.m3u8,网络源,https://i.imgur.com/I7GuToz.png
SV+ (720p),http://45.167.2.101:8000/play/a0qx/index.m3u8,网络源,https://i.imgur.com/bCcnLVL.png
SvampBob Fyrkant (720p),https://jmp2.uk/plu-61c0ba0816e2fd00086cb6b1.m3u8,网络源,https://images.pluto.tv/channels/61c0ba0816e2fd00086cb6b1/colorLogoPNG.png
SvampeBob Firkant (720p),https://jmp2.uk/plu-61c09ac98a80a4000703f992.m3u8,网络源,https://images.pluto.tv/channels/61c09ac98a80a4000703f992/colorLogoPNG.png
SvampeBob Firkant NO (720p),https://jmp2.uk/plu-61c1d59a244e500007581861.m3u8,网络源,https://images.pluto.tv/channels/61c09ac98a80a4000703f992/colorLogoPNG.png
Svarozhychy,http://svarozhichi.cdn-03.cosmonova.net.ua/mobile-app/main/svarozhichi/master.m3u8,网络源,https://i.imgur.com/VnAgQA4.png
SVBC 2 (1080p),https://player.mslivestream.net/tamil/ac206e74d75b285755ee4924df87d951.sdp/playlist.m3u8,网络源,https://dtil.tmsimg.com/assets/s143890_ld_h9_aa.png?lock=720x540
SVBC 3 (720p),https://player.mslivestream.net/svbc/2e628d7e1b65d31254fd7705ff7ee64d.sdp/playlist.m3u8,网络源,https://jiotvimages.cdn.jio.com/dare_images/images/SVBC3.png
SVBC 4 (1080p),https://player.mslivestream.net/mslive/13a2927187b9700ae7ea82d7841d5b68.sdp/playlist.m3u8,网络源,https://jiotvimages.cdn.jio.com/dare_images/images/SVBC4.png
SVBC (1080p),https://player.mslivestream.net/telugu/5d076e5c3d34cb8bb08e54a4bb7e223e.sdp/playlist.m3u8,网络源,https://dtil.tmsimg.com/assets/s143889_ld_h9_ab.png?lock=720x540
Svenska Hollywoodfruar,https://jmp2.uk/plu-61c1921610d254000727eebd.m3u8,网络源,https://images.pluto.tv/channels/61c1921610d254000727eebd/colorLogoPNG.png
Svenska Truckers,https://jmp2.uk/plu-61f128f68a1dfc00086470af.m3u8,网络源,https://images.pluto.tv/channels/61f128f68a1dfc00086470af/colorLogoPNG.png
Svenska Truckers NO,https://jmp2.uk/plu-645cc855e1979c000875ee47.m3u8,网络源,https://images.pluto.tv/channels/61f128f68a1dfc00086470af/colorLogoPNG.png
SVG TV (576p) [Geo-blocked],https://customer-1drvoydzrkhpnbh4.cloudflarestream.com/64f76b07446d5d8801c4b9f6192ac79b/manifest/video.m3u8,网络源,https://i.imgur.com/fGLz34S.png
Svoboda,http://88.212.15.19/live/svoboda/index.m3u8,网络源,https://web02.antik.sk/assets/img/channels/db23090472360f39401398f924a47461.svg
Svoyo TV (1080p),https://svoetv.mediacdn.ru/cdn/svoetv/playlist.m3u8,网络源,https://i.imgur.com/3cP2fmX.png
SVT1 HD (1080p) [Geo-blocked],https://svt-live-channel.akamaized.net/l4/se/svt1/master-fmp4.m3u8?defaultSubLang=1&format=hls,网络源,https://i.imgur.com/j6KusQX.png
SVT2 HD (1080p) [Geo-blocked],https://svt-live-channel.akamaized.net/l6/se/svt2/master-fmp4.m3u8?defaultSubLang=1&format=hls,网络源,https://i.imgur.com/pGWvCxp.png
Swadesh News (720p),https://cdn.pishow.tv/ott/live/465/master.m3u8,网络源,https://jiotvimages.cdn.jio.com/dare_images/images/Swadesh_News.png
Swamiji TV American (1080p) [Not 24/7],https://stream.swamiji.tv/YogaIPTV/smil:YogaStreamUS.smil/playlist.m3u8,网络源,https://i.imgur.com/nrLcuzs.png
Swamiji TV Australian (1080p) [Not 24/7],https://stream.swamiji.tv/YogaIPTV/smil:YogaStreamAU.smil/playlist.m3u8,网络源,https://i.imgur.com/nrLcuzs.png
Swamiji TV European (1080p) [Not 24/7],https://stream.swamiji.tv/YogaIPTV/smil:YogaStream.smil/playlist.m3u8,网络源,https://i.imgur.com/nrLcuzs.png
Swaraj Express SMBC (576p),https://d1msejlow1t3l4.cloudfront.net/fta/swarajexpresssmbc/playlist.m3u8,网络源,https://jiotvimages.cdn.jio.com/dare_images/images/SMBC_TV.png
Swarnavahini (480p),https://teledrama.ebc.lk/TTT/proxy.php,网络源,https://i.imgur.com/0hnpeq9.png
Swastik TV (720p),https://server.playontv.in/swastiktv/index.m3u8,网络源,https://jiotvimages.cdn.jio.com/dare_images/images/swastiktv.png
Swatantra TV (1080p),https://mumbai-edge.smartplaytv.in/SwatantraTV/index.m3u8,网络源,https://jiotvimages.cdn.jio.com/dare_images/images/Swatantra_News.png
Swerve Combat (1080p),https://linear-253.frequency.stream/mt/roku/253/hls/master/playlist.m3u8,网络源,https://i.imgur.com/eFZh7aG.png
Swerve Sports (720p),https://a-cdn.klowdtv.com/live3/swervewomenssports_720p/playlist.m3u8,网络源,https://i.imgur.com/GT0Yi2T.png
SWR 3 Visual Radio (720p),https://swrswr3vr-hls.akamaized.net/hls/live/2018683/swr3vr/master.m3u8,网络源,https://i.imgur.com/PxSgxRO.jpg
SWR Fernsehen Baden-Wurttemberg (720p) [Geo-blocked],https://swrbwd-hls.akamaized.net/hls/live/2018672/swrbwd/master.m3u8,网络源,https://upload.wikimedia.org/wikipedia/commons/thumb/2/26/SWR_Logo_2023.svg/960px-SWR_Logo_2023.svg.png
SWR Fernsehen HD,https://dash4.antik.sk/live/test_swr_tizen/playlist.m3u8,网络源,https://upload.wikimedia.org/wikipedia/commons/thumb/2/26/SWR_Logo_2023.svg/960px-SWR_Logo_2023.svg.png
SWR Fernsehen Rheinland-Pfalz (720p) [Geo-blocked],https://swrrpd-hls.akamaized.net/hls/live/2018676/swrrpd/master.m3u8,网络源,https://upload.wikimedia.org/wikipedia/commons/thumb/2/26/SWR_Logo_2023.svg/960px-SWR_Logo_2023.svg.png
SX3 (1080p) [Geo-blocked],https://directes-tv-cat.3catdirectes.cat/live-content/super3-hls/master.m3u8,网络源,https://upload.wikimedia.org/wikipedia/commons/thumb/0/01/SX3_logo.svg/960px-SX3_logo.svg.png
SYFY (720p),http://23.237.104.106:8080/USA_SYFY/index.m3u8,网络源,https://i.imgur.com/4fMWhUE.png
Synagogue TV (576p),https://viewmedia7219.bozztv.com/wmedia/viewmedia100/web_038/Stream/playlist.m3u8,网络源,https://i.imgur.com/MOaBr9M.png
Syri (720p),https://stream.syritv.al/live/syritv/playlist.m3u8,网络源,https://i.imgur.com/EEHyKdL.jpeg
Syria TV (1080p),https://live.kwikmotion.com/syriatvlive/syriatv.smil/playlist_dvr.m3u8,网络源,https://i.imgur.com/FjuVuXF.jpeg
Syros TV1 (720p),https://eco.streams.ovh:1936/syrostv1/syrostv1/playlist.m3u8,网络源,https://i.imgur.com/arQe5qS.png
Szecseny TV (720p),http://iptv.eurocable.co.hu/EC-SZECSENYTVHD/index.m3u8,网络源,https://i.imgur.com/ilRmZtF.png
Szolnok TV (1080p),https://cloudfront44.lexanetwork.com:1344/relay01/livestream004.sdp/playlist.m3u8,网络源,https://i.imgur.com/Eiab9MP.png
T2 Movies,https://ca-rt.onetv.app/T2Movies/index-0.m3u8?token=onetv202,网络源,
T2 TV,https://t2hls.wns.live/hls/stream.m3u8,网络源,https://i.imgur.com/Wu8MBb7.png
T5 Satelital,https://stream.t5satelital.blog/hls/t5satelitalweb.m3u8,网络源,https://i.imgur.com/ZcD0rUP.png
T7 (720p),https://gjirafa-video-live.gjirafa.net/gjvideo-livestream-specific/1z8-byc-4ee-lc9/index.m3u8,网络源,https://i.imgur.com/b7FvSJj.png
T9 (288p),https://streaming.softwarecreation.it/tnove/tnove/playlist.m3u8,网络源,https://i.imgur.com/kQKzpYj.png
T13 En Vivo (1080p),https://redirector.dps.live/hls/t13/playlist.m3u8,网络源,https://i.imgur.com/2Vlkl2x.png
T18 (1080p),https://raw.githubusercontent.com/Paradise-91/ParaTV/main/streams/t18/t18-dm.m3u8,网络源,https://upload.wikimedia.org/wikipedia/commons/thumb/9/99/Logo_de_la_chaine_T18.svg/500px-Logo_de_la_chaine_T18.svg.png
T24 (576p),http://178.134.1.158:8081/t24/index.m3u8,网络源,https://i.imgur.com/1W6R14o.png
T News (720p),https://cdn.pishow.tv/ott/live/385/master.m3u8,网络源,https://dtil.tmsimg.com/assets/s143919_ld_h15_aa.png?lock=720x540
T Sports 7,https://live-us1.thaimomo.com/live-as/chtsport-1/playlist.m3u8,网络源,https://i.imgur.com/KyI0s5n.png
T Sports (1080p),https://tvsen5.aynaott.com/TnMn5kZz8aLm/index.m3u8,网络源,https://i.imgur.com/2JzlorD.png
T+E (720p),http://185.246.209.113/T+E/index.m3u8,网络源,https://upload.wikimedia.org/wikipedia/en/4/4e/T%2BE_Television.png
T-Vinet (480p),https://unlimited1-us.dps.live/inet2/inet2.smil/playlist.m3u8,网络源,https://i.imgur.com/KisHIpA.png
Taaza TV (720p),https://live.we2live.in/taazatv/live/playlist.m3u8,网络源,https://jiotvimages.cdn.jio.com/dare_images/images/Taaza_TV.png
Tabarestan TV,https://ncdn.telewebion.ir/tabarestan/live/playlist.m3u8,网络源,https://upload.wikimedia.org/wikipedia/commons/thumb/8/83/IRIB_Mazandaran_Last_Orange_Logo.png/960px-IRIB_Mazandaran_Last_Orange_Logo.png
Tabbar Hits (1080p),https://vglivessai.akamaized.net/sg/v1/master/611d79b11b77e2f571934fd80ca1413453772ac7/e11b0319-52e8-4190-ab03-3931cc68eac9/index.m3u8,网络源,https://xstreamcp-assets-msp.streamready.in/assets/LIVETV/LIVECHANNEL/LIVETV_LIVETVCHANNEL_TABBAR_HITS/images/LOGO_HD/image.png
Tac12,https://ingest1-video.streaming-pro.com/tac12_ABR/stream/tacdotze/srtweb_1080/chunks.m3u8,网络源,https://i.imgur.com/XHOVbSu.png
Taevas TV7 (720p),https://vod.tv7.fi/tv7-ee/smil:tv7-ee.smil/playlist.m3u8,网络源,https://i.imgur.com/usXedIj.png
TAG TV (1080p) [Not 24/7],http://cdn11.live247stream.com/tag/tv/playlist.m3u8,网络源,https://i.imgur.com/4PA2adF.png
tagesschau24 (720p),https://tagesschau.akamaized.net/hls/live/2020115/tagesschau/tagesschau_1/master.m3u8,网络源,https://i.imgur.com/LH0Gctv.png
Taha TV (576p),https://stream.starmenajo.com/hls/app/live/ts:fhd.m3u8,网络源,https://i.imgur.com/hdsrxvX.png
Taivas TV7 (720p),https://vod.tv7.fi/tv7-fi/smil:tv7-fi.smil/playlist.m3u8,网络源,https://i.imgur.com/JyJNiXy.png
Taiwan Indigenous TV (720p),https://streamipcfapp.akamaized.net/live/_definst_/live_720/key_b1500.m3u8,网络源,https://i.imgur.com/QqIdVqz.png
Taiwan Plus TV (1080p),https://bcovlive-a.akamaihd.net/rce33d845cb9e42dfa302c7ac345f7858/ap-northeast-1/6282251407001/playlist.m3u8,网络源,https://jiotvimages.cdn.jio.com/dare_images/images/Taiwan_Plus.png
Takbeer TV (720p),https://cd198.anystream.uk:9092/iqapp/t5kb86tv/playlist.m3u8,网络源,https://i.imgur.com/Cvnps2J.jpg
Takeshi's Castle,https://jmp2.uk/plu-6054a9f4bc8a5f000771504c.m3u8,网络源,https://images.pluto.tv/channels/6054a9f4bc8a5f000771504c/colorLogoPNG.png
Tal TV (1080p),https://mediaserver1.castpin.com/hls/taltv/index.m3u8,网络源,https://i.imgur.com/KWMP0t1.png
Talanga TV Canal 39 (480p) [Not 24/7],https://stream.oursnetworktv.com/latin/Tv39Talanga/playlist.m3u8,网络源,https://i.imgur.com/5GiUzHC.jpg
Talent TV (720p),http://live.talenttv.lk:8080/hls/x8kd5n3tm8e8lsv/index.m3u8,网络源,https://talenttv.lk/logo-footer.png
Talkin Live Classics TV (480p),https://2-fss-1.streamhoster.com/pl_122/206338-3120682-1/playlist.m3u8,网络源,https://play-lh.googleusercontent.com/qt4POaxei89y6DP7sRJlRNv-yo4jlG3HuVO2Jb54Rf6T7aJ-j7RLG2z4aY9YrU5d0Q=w240-h480-rw
Talking Pictures TV (576p),http://92.114.85.72:8000/play/a0la,网络源,https://i.imgur.com/S1zoIp7.png
talkSPORT (1080p),https://af7a8b4e.wurl.com/master/f36d25e7e52f1ba8d7e56eb859c636563214f541/TEctZ2JfdGFsa1NQT1JUX0hMUw/playlist.m3u8,网络源,https://upload.wikimedia.org/wikipedia/en/9/9d/Talksport_logo.png
TalkTV (1080p),https://488f4ce4.wurl.com/master/f36d25e7e52f1ba8d7e56eb859c636563214f541/TEctZ2JfVGFsa19ITFM/playlist.m3u8,网络源,https://i.imgur.com/KxHWpQB.png
TAM TV,https://rtmp.tamtv.com.ve/tmp_hls/stream/index.m3u8,网络源,https://upload.wikimedia.org/wikipedia/commons/5/56/Logo_TAM.png
Tamadon TV (720p),https://hls.tamadon.live/hls/stream.m3u8,网络源,https://i.imgur.com/edGyj5H.png
Tamasha,https://ncdn.telewebion.ir/hdtest/live/playlist.m3u8,网络源,https://upload.wikimedia.org/wikipedia/fa/thumb/f/f2/IRIB_tamashaTV.svg/960px-IRIB_tamashaTV.svg.png
Tamil Janam (576p),https://mumt01.tangotv.in/O5aw8Zn3JANAMTVTAMIL/index.m3u8,网络源,https://jiotvimages.cdn.jio.com/dare_images/images/Janam_Tamil.png
Tamilan TV (576p),https://mumt04.tangotv.in/m18aqlK4TAMILANTELEVISION/index.m3u8,网络源,https://jiotvimages.cdn.jio.com/dare_images/images/Tamilan_Television.png
TamilVision-TV (1080p),https://live.cmr24.fm/TVI/HD/chunks.m3u8,网络源,https://i.imgur.com/DodsLuW.png
Tamyr (576p),https://bsttv.bonus-tv.ru/cdn/tamyr/playlist.m3u8,网络源,https://i.imgur.com/Ia3acCB.png
Tanasuh TV (1080p),https://kilolink.pulsarstarsolutions.com/live/smil:tanasuhtv.smil/manifest.m3u8,网络源,https://i.imgur.com/iBAhM2v.png
Tanzania Safari Channel (576p),https://stream-134630.castr.net/5fe35eae8c53540cab83659a/live_31dabe40323511f08b8efff0016f3b67/index.m3u8,网络源,https://i.imgur.com/fcLFYhn.png
TAP TV Channel 23 (720p),https://livestream.telvue.com/lompoccmttv1/f7b44cfafd5c52223d5498196c8a2e7b.sdp/playlist.m3u8,网络源,https://i.imgur.com/5mhYHtD.png
TAP TV Channel 24 (720p),https://livestream.telvue.com/lompoccmttv2/f7b44cfafd5c52223d5498196c8a2e7b.sdp/playlist.m3u8,网络源,https://i.imgur.com/5mhYHtD.png
TAP TV Channel 25 (720p),https://livestream.telvue.com/lompoccmttv3/f7b44cfafd5c52223d5498196c8a2e7b.sdp/playlist.m3u8,网络源,https://i.imgur.com/5mhYHtD.png
Tapesh 2,https://maxtvhls.wns.live/hls/stream.m3u8,网络源,https://i.imgur.com/q0rCXDs.png
Tarab (1080p),https://shd-amg-fast-btpls.shahid.net/tx002/playlist.m3u8,网络源,https://assets.mbcmood.com/channels/1738059679TARAB_Logo.png
Tarang Music (720p),https://livetv.tarangplus.in/tarangmusic-origin/live/playlist.m3u8,网络源,https://i.imgur.com/oSm8zFD.png
Tarang TV (720p),https://livetv.tarangplus.in/tarangtv-origin/live/playlist.m3u8,网络源,https://xstreamcp-assets-msp.streamready.in/assets/LIVETV/LIVECHANNEL/LIVETV_LIVETVCHANNEL_TARANG/images/LOGO_HD/image.png
Taraqqiyot TV,https://stream8.cinerama.uz/1204/tracks-v1a1/mono.m3u8,网络源,https://i.imgur.com/V3rtPEl.jpg
Taroteame (576p),https://5d2733224ac48.streamlock.net/taroteame/tarot_web/playlist.m3u8,网络源,
Tastemade (1080p),https://rakutenaa-tm-intl-aus-rakuten-eu-n1gtg.amagi.tv/playlist/rakutenAA-tm-intl-aus-rakuten-eu/playlist.m3u8,网络源,https://i.imgur.com/xP7Ehn8.png
Tastemade UK (1080p),https://tastemade-tdint-rakuten.amagi.tv/playlist.m3u8,网络源,https://i.imgur.com/xP7Ehn8.png
Tastemade Brasil (720p),https://jmp2.uk/plu-5fd1419a3b4f4b000773ba85.m3u8,网络源,https://i.imgur.com/FPy4zF4.png
Tastemade en Espanol (1080p) [Geo-blocked],https://tastemadees16us-xumo.amagi.tv/playlist.m3u8,网络源,https://i.imgur.com/8s6aRwv.png
Tastemade Travel (1080p),https://d6ef3usc6d9cl.cloudfront.net/Tastemade_Travel.m3u8,网络源,https://i.imgur.com/8s6aRwv.png
Tatai TV (1080p),https://cloudfront44.lexanetwork.com:1344/relay01/broadcast006.sdp/playlist.m3u8,网络源,https://i.imgur.com/skXYntc.png
TATV (720p) [Not 24/7],https://v2.siar.us/tatv/live.sdp/playlist.m3u8,网络源,https://i.imgur.com/1f0EC7t.png
Taurianova TV (720p),https://5f22d76e220e1.streamlock.net/taurianovatv/taurianovatv/playlist.m3u8,网络源,https://www.taurianovatv.it/wp-content/uploads/2024/04/cropped-FotoJet-2-HD15.jpg
Tavriya,https://streaming.televizor-24-tochka.ru/live/24.m3u8,网络源,https://i.imgur.com/gqung6i.png
Tay Ninh TV (720p),https://live-hq.evgcdn.net/live/2851dc2c9af68834814a89e61db0faee561/chunklist.m3u8,网络源,https://tayninhtv.vn/static/images/logo.png
Tayari West TV (1080p),https://stream.hydeinnovations.com/tarari-west/index.m3u8,网络源,https://i.imgur.com/tbnOtUZ.jpeg
TBC1,https://tbc.maintek.co/LiveApp/streams/YF43nTzH0duMyUA2130641323343587.m3u8,网络源,https://i.imgur.com/OmiVZ1u.png
TBC2 (1080p),https://stream-134630.castr.net/5fe35eae8c53540cab83659a/live_44ed95e05b6d11f18d5d85805abbdd6f/index.m3u8,网络源,https://i.imgur.com/VkUJt2q.png
TBCN (480p),https://reflect-tampa-bay-community.cablecast.tv/live-16/live/live.m3u8,网络源,https://i.imgur.com/nNxl3F4.png
TBMM TV (720p),https://meclistv-live.ercdn.net/meclistv/meclistv.m3u8,网络源,https://upload.wikimedia.org/wikipedia/commons/thumb/c/c5/TBMM_TV_logo.svg/960px-TBMM_TV_logo.svg.png
TBN (1080p),https://livecdn.use1-0004.jwplive.com/live/sites/Yal8cmyO/media/fCGf6ROk/live.isml/.m3u8,网络源,https://upload.wikimedia.org/wikipedia/commons/thumb/6/6f/TBN_logo_2015.jpg/960px-TBN_logo_2015.jpg
TBN Armenia,https://164475.gvideo.io/mpegts/164475_650646/master_mpegts.m3u8,网络源,https://i.imgur.com/U5XsT3j.png
TBN Baltia (1080p),http://dc.tbnbaltia.eu:8088/dvr/rewind-21600.m3u8,网络源,https://i.imgur.com/rKBaK56.png
TBN Espana (576p),https://edge.xn--tbnespaa-j3a.es/LiveApp/streams/tbnlive.m3u8,网络源,https://i.imgur.com/oGvsUH9.png
TBN Inspire (1080p),https://livecdn.use1-0004.jwplive.com/live/sites/Yal8cmyO/media/yfFI83Xz/live.isml/.m3u8,网络源,https://i.imgur.com/GSM0Pkr.png
TBN Nejat TV,https://hls.nejat.live/hls/stream.m3u8,网络源,https://i.imgur.com/e4WffQA.png
TBN Pacific,https://broadcast.tbnpacific.org.au:4430/stream/TBNPacificTV/playlist.m3u8,网络源,https://i.imgur.com/yWJTxKk.png
TBN UK (1080p),https://live-tbn-ssai.simplestreamcdn.com/v1/master/774d979dd66704abea7c5b62cb34c6815fda0d35/tbn-live/manifest.m3u8,网络源,https://i.imgur.com/vFllwLd.png
TBN Ukraine (720p),https://5d23269b3ec0c.streamlock.net/WEB_Ukraine24/ngrp:Ukraine24.stream-adaptive/playlist.m3u8,网络源,https://i.imgur.com/PhbrGyM.png
TBS TV (720p),https://cdntv.tbs.seoul.kr/tbs/tbs_tv_web.smil/playlist.m3u8,网络源,https://i.imgur.com/iOnWS6V.png
TC Television (1080p),http://45.224.97.181:9999/TC/index.m3u8,网络源,https://i.imgur.com/okK02EN.png
TCM 10 HD (1080p),https://live.tcm10.com.br/tcm10hd/stream.m3u8,网络源,https://i.imgur.com/aMuMVvB.png
TCS+ (480p) [Not 24/7],https://telecorporacion.cdn.vustreams.com/live/19b307cf-3f2d-44cb-bce6-0fd65365c56a/live.isml/live.m3u8,网络源,https://i.imgur.com/iYFWG06.png
TCT (1080p),https://cdn.jwplayer.com/live/broadcast/frRD2nUK.m3u8,网络源,https://i.imgur.com/J5iRMgi.png
TDI Radio TV,https://peer2.tdiradio.com/static/streaming-playlists/hls/8f5d84ce-e8ac-4109-9975-9665f5605557/master.m3u8,网络源,https://i.imgur.com/POdTmaD.png
TDK 42,https://live-tdk42kz.cdnvideo.ru/tdk42kz/tdk42kz_720.smil/playlist.m3u8,网络源,https://i.imgur.com/iVhdcS7.png
TDM Entertainment (720p),https://live3.tdm.com.mo/ch6/hd_ch6.live/playlist.m3u8,网络源,https://i.imgur.com/7ml2bfx.png
TDM Information (720p) [Not 24/7],https://live3.tdm.com.mo/ch5/info_ch5.live/playlist.m3u8,网络源,https://i.imgur.com/h7HfsLx.png
TDM Ou Mun (720p),http://61.244.22.4/ch1/ch1.live/playlist.m3u8,网络源,https://i.imgur.com/qDI3aMp.png
TDM Sports (720p),https://live3.tdm.com.mo/ch4/sport_ch4.live/playlist.m3u8,网络源,https://i.imgur.com/AsWLf8S.png
TDM-Macau Satellite (720p),https://live3.tdm.com.mo/ch3/ch3.live/playlist.m3u8,网络源,https://i.imgur.com/iIfZsD6.png
TDN Medios (720p) [Not 24/7],https://castv10.plugstreaming.com:19360/tdntv/tdntv.m3u8,网络源,https://i.imgur.com/C8dSJM7.png
TDT Multimedia (720p),https://video01.brascast.com/juan6318/juan6318/playlist.m3u8,网络源,https://i.imgur.com/JkCywl5.png
TDtv (720p),https://cloudvideo.servers10.com:8081/8230/index.m3u8,网络源,https://i.imgur.com/OFSOvpd.jpg
TDV TV (240p),https://stream.oursnetworktv.com/latin/TierraDeValientes/playlist.m3u8,网络源,https://i.ibb.co/C2mr74y/Ee0f72e3708fb045177dd894cc93ae99.png
Te Reo (1080p),https://i.mjh.nz/.r/te-reo.m3u8,网络源,https://i.imgur.com/3CNvYUN.png
Tea TV (720p),https://livefta.malimarcdn.com/ftaedge00/teatv.sdp/playlist.m3u8,网络源,https://i.imgur.com/WorbnyD.jpg
Teatr (576p),http://hls127.freeott.top:8080/Teatr/video.m3u8,网络源,https://i.imgur.com/nc2ijCH.png
Teatro TV (720p),https://m.iostream.it/hls/teatrotv/teatrotv.m3u8,网络源,https://i.imgur.com/GbyLSc2.png
TechStorm (720p) [Geo-blocked],https://cdn-telkomsel-01.akamaized.net/Content/HLS/Live/channel(abe4ead2-1a88-4330-9f41-382fcf94bba2)/index.m3u8,网络源,https://i.imgur.com/fAprFBJ.png
TED (1080p),https://d1b16tvvxk3tnu.cloudfront.net/TED.m3u8,网络源,https://i.imgur.com/KeIhwNP.png
Teen Mom (Germany),https://jmp2.uk/plu-62e7fc8c0d061100083946a9.m3u8,网络源,https://images.pluto.tv/channels/62e7fc8c0d061100083946a9/colorLogoPNG.png
Teen Mom (Germany) FR (720p),https://jmp2.uk/plu-62f3f05505e621000783df2f.m3u8,网络源,https://images.pluto.tv/channels/62e7fc8c0d061100083946a9/colorLogoPNG.png
Teen Mom (Germany) GB,https://jmp2.uk/plu-62d550d81054990007db7798.m3u8,网络源,https://images.pluto.tv/channels/62e7fc8c0d061100083946a9/colorLogoPNG.png
Teen Mom (United States),https://jmp2.uk/plu-6127e12ed140e900077e7b6f.m3u8,网络源,https://i.imgur.com/8o3ClCV.png
Teenage Mutant Ninja Turtles (720p),https://jmp2.uk/plu-62619405c733e8000732d1fe.m3u8,网络源,https://images.pluto.tv/channels/62619405c733e8000732d1fe/colorLogoPNG.png
TeenNick (Israel) [Not 24/7],http://315e5a5d.ottrast.com/iptv/MM4E93NGF5LADZ/2334/index.m3u8,网络源,https://upload.wikimedia.org/wikipedia/commons/thumb/b/bd/TeenNick_2019_logo.svg/960px-TeenNick_2019_logo.svg.png
TeenNick (United States) (576p),http://tvsen7.aynascope.net/teennick/index.m3u8,网络源,https://upload.wikimedia.org/wikipedia/commons/thumb/b/bd/TeenNick_2019_logo.svg/960px-TeenNick_2019_logo.svg.png
Tegar TV Lampung (480p),http://wms.klikhost.com:1935/tegartv/tegartv/playlist.m3u8,网络源,https://i.imgur.com/0Vp3f2J.png
Tehran TV,https://ncdn.telewebion.ir/tehran/live/playlist.m3u8,网络源,https://upload.wikimedia.org/wikipedia/commons/thumb/a/a9/IRIBTV5.svg/500px-IRIBTV5.svg.png
Tehzeeb TV (720p),https://cdn.pishow.tv/ott/live/239/master.m3u8,网络源,https://i.imgur.com/PCVOdup.png
Tekyemadahi,https://ncdn.telewebion.ir/tekyemadahi/live/playlist.m3u8,网络源,https://static.telewebion.com/channelsLogo/d602596d-7b8d-48ef-8f51-9344b4ac0eb6/default
Telavision (720p),https://stream.oursnetworktv.com/latin/telaVision/playlist.m3u8,网络源,https://i.imgur.com/vzjqAZh.jpg
Tele 1 (1080p),https://tele1-live.ercdn.net/tele1/tele1.m3u8,网络源,https://upload.wikimedia.org/wikipedia/tr/4/43/Tele1_logosu.png
TELE 4 Ojocaliente (720p),https://stream.oursnetworktv.com/latin/encoder53/playlist.m3u8,网络源,https://i.imgur.com/TkzIqR2.jpg
TELE 6 (720p),https://lbgo.bozztv.com/ssh101/ssh101/tele6/playlist.m3u8,网络源,https://i.imgur.com/p7tt72X.png
Tele7ABC HD (720p),https://live.tele7abc.ro/hls/stream/index.m3u8,网络源,https://i.imgur.com/CheqyWH.png
Tele7music (576i),https://live.tele7music.ro/hls/stream/index.m3u8,网络源,https://i.imgur.com/11b5W8u.png
Tele Abruzzo (384p),http://uk4.streamingpulse.com:1935/TeleabruzzoTV/TeleabruzzoTV/playlist.m3u8,网络源,https://i.imgur.com/XymK2PR.png
Tele Antillas (1080p),http://45.171.108.253:8888/TELEANTILLAS/index.m3u8,网络源,https://i.imgur.com/G1pJZkC.png
Tele Boston (480p),https://tv2.fastcast4u.com:3238/live/radiotelebostonlive.m3u8,网络源,https://i.imgur.com/xeTtup8.png
Tele Chiara (720p),http://fms.tvavicenza.it:1935/telechiara/diretta/playlist.m3u8,网络源,https://i.imgur.com/LpXeY4v.png
Tele Congo (720p),http://51.254.199.122:8080/telecongo/index.m3u8,网络源,https://i.imgur.com/gbFtP14.png
Tele Dajabon TV (720p) [Not 24/7],https://5790d294af2dc.streamlock.net/dajabon/dajabon/playlist.m3u8,网络源,https://www.vivalivetv.com/public/files/shows/0/1/3822-294x165-FFFFFF.jpg
Tele Dominicana TV (720p) [Not 24/7],https://vdopanel.jlahozconsulting.com/p/3417/hybrid/play.m3u8,网络源,https://dominicanchannels.com/wp-content/uploads/teledominicana.png
Tele Elx (1080p),https://tvdirecto.teleelx.es/stream/teleelx.m3u8,网络源,https://i.imgur.com/w5NTWpl.png
Tele Fe Bolivia (720p),https://59d39900ebfb8.streamlock.net/telefehd/telefehd/playlist.m3u8,网络源,
Tele Haiti (1088p) [Not 24/7],http://66.175.238.147:1935/live/myStream/playlist.m3u8,网络源,https://i.imgur.com/Hso9j58.png
Tele Liban (720p) [Not 24/7],https://cdn.catiacast.video/abr/ed8f807e2548db4507d2a6f4ba0c4a06/playlist.m3u8,网络源,https://i.imgur.com/5VPYxJi.png
Tele Liguria Sud (576p),https://5f22d76e220e1.streamlock.net/tls/tls/playlist.m3u8,网络源,https://i.imgur.com/OxgSGUW.png
Tele Louange (1080p),https://5790d294af2dc.streamlock.net/8124/8124/playlist.m3u8,网络源,https://i.imgur.com/DjnMUuL.png
Tele M1 (720p) [Not 24/7],https://cdnapisec.kaltura.com/p/1719221/sp/171922100/playManifest/entryId/1_ljzy3evp/format/applehttp/protocol/https/a.m3u8,网络源,https://i.imgur.com/oFiixzK.png
Tele MB (1080p),https://tvlocales-live.freecaster.com/telemb/95d2f6ca-817a-48c0-aba5-6323a621c2d6/95d2f6ca-817a-48c0-aba5-6323a621c2d6.isml/master.m3u8,网络源,https://i.imgur.com/XAggjM4.png
Tele Mocoa Canal 10 (720p),https://live.amelbatv.co:81/telemocoalive/index.m3u8,网络源,https://i.imgur.com/XHtpEfu.png
Tele Ola 44 (576i) [Not 24/7],https://teleola.ddns.net/hls/stream.m3u8,网络源,https://dominicanchannels.com/wp-content/uploads/tele-ola.jpeg
Tele One 16,https://648026e87a75e.streamlock.net/teleone/teleone/playlist.m3u8,网络源,
Tele Pam (1080p),https://watch.haitilive.net/app/2020/telepam/index.fmp4.m3u8,网络源,https://i.ibb.co/xMYMyHh/telepammmm.png
Tele Pegaso Catania (404p) [Not 24/7],https://flash2.xdevel.com/telepegasocanale812/telepegasocanale812/playlist.m3u8,网络源,https://i.imgur.com/2syaOJz.png
Tele Peyi (720p),https://edge20.vedge.infomaniak.com/livecast/ik:33dm06/manifest.m3u8,网络源,https://i.imgur.com/LJ9sXaB.png
Tele Poder TV (720p) [Not 24/7],https://cdn.telepoder.online:3229/dash/stream.m3u8,网络源,https://www.telepoder.online/wp-content/uploads/2024/02/cropped-cropped-Logo-PoderTV2.png
Tele Posadas (720p),https://lbgo.bozztv.com/giatv/giatv-teleposadastv/teleposadastv/playlist.m3u8,网络源,https://i.imgur.com/88MVgwX.png
Tele Proyecto TV [Not 24/7],https://5790d294af2dc.streamlock.net/Teleproyecto/Teleproyecto/playlist.m3u8,网络源,https://imgur.com/LmBxN5x.png
Tele Quattro (720p),https://59d7d6f47d7fc.streamlock.net/telequattro/telequattro/playlist.m3u8,网络源,https://telequattro.medianordest.it/wp-content/uploads/2020/10/T4Logo120.png
Tele Radio Sciacca (240p) [Not 24/7],http://5cbd3bc28341f.streamlock.net:1935/trs_live/teleradiosciacca-tv/playlist.m3u8,网络源,https://i.imgur.com/uyNOVUW.png
Tele Regency TV (576p),https://streams.playtv.com.ng/Tele-Regency_TRTV/index.m3u8,网络源,https://teleregency.tv/logo-white.png
Tele Safor (720p) [Not 24/7],https://video.telesafor.com/hls/video.m3u8,网络源,https://i.imgur.com/EowJfr0.png
Tele Sahel (1080p),https://mediaserver1.castpin.com/hls/telesahel/index.m3u8,网络源,https://i.imgur.com/vboq428.png
Tele Saltillo,https://servilive.com:3879/live/telesaltillolive.m3u8,网络源,https://i.imgur.com/PgBtvgO.png
Tele Tchad (1080p),https://strhlslb01.streamakaci.tv/str_tchad_tchad/str_tchad_multi/playlist.m3u8,网络源,https://i.imgur.com/udSzfHD.png
Tele Uno (720p) [Not 24/7],http://tv.teleunotv.cr:1935/TVUNO/TVUNO/playlist.m3u8,网络源,https://i.imgur.com/eRwYxc2.png
Tele UV [Not 24/7],https://58fe359775f31.streamlock.net/tvuv/myStream/playlist.m3u8,网络源,https://i.imgur.com/8MdUH69.jpeg
Tele Zoukla,https://vdo.pro-fhi.net:3228/stream/play.m3u8,网络源,https://i.imgur.com/lWYKgPC.png
Teleacras (576p),https://5cbd3bc28341f.streamlock.net:444/teleacras/live/playlist.m3u8,网络源,https://i.imgur.com/c3Kw2XT.png
Telealtura (1080p) [Not 24/7],https://lbgo.bozztv.com/ssh101/ssh101/telealtura/playlist.m3u8,网络源,https://i.imgur.com/Ql2eaP0.png
Teleamazonas (1080p),http://45.171.108.253:8888/TELEAMAZONAS/index.m3u8,网络源,https://upload.wikimedia.org/wikipedia/commons/thumb/e/e0/Teleamazonas_Logo.png/960px-Teleamazonas_Logo.png
Teleangol (720p),https://pantera1-100gb-cl-movistar.dps.live/teleangol/teleangol.smil/playlist.m3u8,网络源,https://i.imgur.com/nhPFGs8.png
Teleangol Radio (720p),https://pantera1-100gb-cl-movistar.dps.live/teleangolradio/teleangolradio.smil/playlist.m3u8,网络源,https://i.imgur.com/nhPFGs8.png
Teleantioquia (1080p),http://138.121.15.230:9002/TELEANTIOQUIA/index.m3u8,网络源,https://i.imgur.com/6WMV2Az.png
TeleAragua (480p),http://45.173.198.59:8080/hls/nginx3.m3u8?tla=,网络源,https://i.imgur.com/jPzcb2S.png
TeleArena (480p),https://5ce9406b73c33.streamlock.net/TeleArena/TeleArena.stream/playlist.m3u8,网络源,https://i.imgur.com/cTmsGJD.png
TeleBendicion (720p) [Not 24/7],https://ss2.tvrdomi.com:1936/telebendicion/telebendicion/playlist.m3u8,网络源,https://i.imgur.com/nh4sNVI.png
Telebocono (720p) [Not 24/7],https://ssh101stream.ssh101.com/akamaissh101/ssh101/tcbstreaming/playlist.m3u8,网络源,https://i.imgur.com/YDE4Jsi.jpg
TeleBrunca (720p) [Not 24/7],https://59ef525c24caa.streamlock.net/telebrunca/telebrunca/playlist.m3u8,网络源,https://i.imgur.com/m3xu6Ms.png
Telecadena 7 y 4 (576p),http://45.167.2.101:8000/play/a07n/index.m3u8,网络源,https://i.imgur.com/PTN7fCa.png
Telecanal 12 (720p) [Not 24/7],https://edge.essastream.com/telecanal12/tracks-v1a1/mono.m3u8,网络源,https://i.imgur.com/90cTK8S.png
Telecanal 28 (1080p) [Not 24/7],https://edge.essastream.com/telecanal28/tracks-v1a1/mono.m3u8,网络源,https://i.imgur.com/hEJ6lZ9.png
Telecanal (720p),http://45.232.210.1:8029/play/a00s/index.m3u8,网络源,https://i.imgur.com/3g6SbSt.png
Telecanal Santa Cruz (720p),https://origin-us.streaminghd.cl/telecanal/telecanal/playlist.m3u8,网络源,https://i.imgur.com/5byPkd7.png
Telecaribe (1080p),http://138.121.15.230:9002/TELECARIBE/index.m3u8,网络源,https://i.imgur.com/E35cXHt.png
TeleCauquenes (720p),https://lbgo.bozztv.com/ssh101/ssh101/telecauquenestv/playlist.m3u8,网络源,https://i.imgur.com/cNYDqhp.png
Teleceiba (720p),https://teleceiba.com/stream/tlcb720.m3u8,网络源,https://i.imgur.com/oPSfsvy.png
Telecentro (Venezuela) (480p) [Not 24/7],https://streamtv.intervenhosting.net:3531/live/telecentrovelive.m3u8,网络源,https://i.imgur.com/QtRNfaj.png
TeleCibaoHD (720p) [Not 24/7],https://edge.essastream.com/telecibaotv/tracks-v1a1/mono.m3u8,网络源,https://i.imgur.com/IpInp05.png
Telecinco (240p),https://videohd.live:19360/8016/8016.m3u8,网络源,https://i.imgur.com/ZDenyAE.png
Telecity Lombardia (1080p),https://64b16f23efbee.streamlock.net/telecitylombardia/telecitylombardia/playlist.m3u8,网络源,https://i.imgur.com/TxApoQf.png
Telecolor Lombardia (1080p) [Not 24/7],https://1aadf145546f475282c5b4e658c0ac4b.msvdn.net/live/324149/hlbAWtl/playlist.m3u8,网络源,https://i.imgur.com/QfJqBno.png
Telecolor Yurimaguas (720p) [Not 24/7],https://live.obslivestream.com/telecolormux/index.m3u8,网络源,https://i.imgur.com/Ug6XNIU.png
Telecomercio TV (720p) [Not 24/7],https://streaming.grupomediosdelnorte.com:19360/telecomerciotv/telecomerciotv.m3u8,网络源,https://imgur.com/FtV5TCs.jpg
Telecontacto,https://streaming.grupomediosdelnorte.com:19360/telecontacto/telecontacto.m3u8,网络源,https://i.imgur.com/TMvV9dF.png
Telecosta (Ecuador),https://telecosta.botlife.app/memfs/6ba9dc9a-aff4-4e4e-9466-a9f0c714b60b.m3u8,网络源,https://i.imgur.com/1DqLy8H.png
Telecosta (Guatemala) (720p),https://tv91.hostingnuclear.com:19360/telecosta/telecosta.m3u8,网络源,https://www.telecostaescuintla.com/gallery_gen/f57408fa00aca6d969248be4b56b48e6.png
TeleDanli (720p) [Not 24/7],https://cloud2.streaminglivehd.com:1936/8224/8224/playlist.m3u8,网络源,https://i.imgur.com/BACuUSc.png
Teledeporte,https://rtve01p.origin.c21livecloud.com/live-origin/tdp-hls/bitrate_1.m3u8,网络源,https://i.ibb.co/0jxLdjnY/TDP.png
TeleDom,https://iam-profi.ru/hls-live/livepkgr/_definst_/liveevent/td720.m3u8,网络源,https://i.imgur.com/071JRrb.png
Telefe Buenos Aires (1080p),http://45.134.141.161:2200/ARG/TELEFE_HD/index.m3u8,网络源,https://upload.wikimedia.org/wikipedia/commons/thumb/c/cc/Telefe_%28nuevo_logo%29.png/960px-Telefe_%28nuevo_logo%29.png
Telefe Interior (720p),http://200.91.32.158:8080/telefehdvalle/index.m3u8,网络源,https://upload.wikimedia.org/wikipedia/commons/thumb/c/cc/Telefe_%28nuevo_logo%29.png/960px-Telefe_%28nuevo_logo%29.png
Telefe Internacional (576p),http://190.108.83.69:8000/play/a08l/index.m3u8,网络源,https://i.imgur.com/HNcCX3h.png
Telefe Rosario (720p) [Geo-blocked],https://smt-usr-edge01.sensa.com.ar/output/ARR2/TelefeRosarioH/playlist.m3u8,网络源,https://upload.wikimedia.org/wikipedia/commons/thumb/3/30/Telefe_Rosario_%282018%29.png/960px-Telefe_Rosario_%282018%29.png
Telefe Salta,https://canal11saltatv.unpocodeawita.workers.dev/,网络源,https://upload.wikimedia.org/wikipedia/commons/thumb/1/13/Telefe_Salta_%282018%29.png/960px-Telefe_Salta_%282018%29.png
Telefe Tucuman (1080p),https://g2.mc-hor.transport.edge-access.net/a05/ngrp:elochotv-100168_all/Playlist.m3u8?sense=true,网络源,https://upload.wikimedia.org/wikipedia/commons/thumb/2/28/Telefe_Tucum%C3%A1n_%282018%29.png/960px-Telefe_Tucum%C3%A1n_%282018%29.png
Telefoggia (480p) [Not 24/7],http://wms.shared.streamshow.it/telefoggia/mp4:telefoggia/playlist.m3u8,网络源,https://i.imgur.com/ImvO2rV.png
TeleFormula (720p),https://mdstrm.com/live-stream-playlist/62f2c855f7981b5a5a2d8763.m3u8,网络源,https://i.imgur.com/y0a0xwY.png
Telefriuli (1080p),https://5757bf2aa08e42248fb9b9d620f5d900.msvdn.net/live/S11646715/pE3ax0lT0rBd/playlist.m3u8,网络源,https://i.imgur.com/He3uCs6.png
Telefuturo (Dominican Republic) (480p) [Not 24/7],http://190.122.104.210:5080/LiveApp/streams/tfuturo.m3u8,网络源,https://i.imgur.com/QpnctoU.png
Teleganes (720p),https://nlb2-live.emitstream.com/hls/5z6oj7ziwxzfnj78vg2m/master.m3u8,网络源,https://i.imgur.com/BXyplMX.png
Telegela 647,https://64b16f23efbee.streamlock.net/telegela/telegela/playlist.m3u8,网络源,https://i.imgur.com/ppkX45f.png
TeleGohelle,https://videas.agglo-lenslievin.fr/index.m3u8,网络源,https://i.imgur.com/Oa3Pwbf.png
Telegranda (720p) [Not 24/7],http://live.sloode.com:1935/telegranda_live/C2AD-0664-DC75-4744/playlist.m3u8,网络源,https://i.imgur.com/j3r0URO.png
Telehit Musica (1080p),http://181.119.66.28:8081/TELEHIT-MUSICA/index.m3u8,网络源,https://i.imgur.com/CofYjWh.png
Teleimpacto (720p) [Not 24/7],https://vpss2003.streamprolive.com/hls/live.m3u8,网络源,https://i.imgur.com/dBEysOV.png
Teleislas (486p) [Not 24/7],https://5ab772334c39c.streamlock.net/live-teleislas/teleislas/playlist.m3u8,网络源,https://i.imgur.com/aKHGRyk.png
Telejato (720p),https://telejato.liberotratto.com/hls/0/stream.m3u8,网络源,https://i.imgur.com/2EJdCJO.png
Telekanal Krasnodar (1080p),https://live-tvkrasnodar.cdnvideo.ru/tvkrasnodar/tvkrasnodar.sdp/playlist.m3u8,网络源,https://i.imgur.com/YVtutzp.png
Telekanal RAI (480p),https://stream.rai.ua/rai/stream.m3u8,网络源,https://i.imgur.com/Ouv51WB.png
Telekriti (720p) [Not 24/7],https://neon.streams.gr:8081/telekriti/index.m3u8,网络源,https://telekriti.com/wp-content/uploads/2023/08/NEW-LOGO-7c-300x50.png
Teleliberta (486p) [Not 24/7],https://api.new.livestream.com/accounts/17114188/events/4902226/live.m3u8,网络源,https://i.imgur.com/424KS6J.png
TeleM Botosani (540p) [Not 24/7],http://89.137.197.15:8080/testing/pl5/playlist/ram/playlist.m3u8,网络源,https://i.imgur.com/3EZ8CmJ.png
Telemadrid HD (1080p),https://live.telemadrid.cross-media.es/6389770581112/eu-central-1/6416060453001/eyJhbGciOiJIUzI1NiIsInR5cCI6IkpXVCJ9.eyJob3N0IjoiajI5YjgyLmVncmVzcy5haGc3NmwiLCJhY2NvdW50X2lkIjoiNjQxNjA2MDQ1MzAwMSIsImVobiI6ImxpdmUudGVsZW1hZHJpZC5jcm9zcy1tZWRpYS5lcyIsImlzcyI6ImJsaXZlLXBsYXliYWNrLXNvdXJjZS1hcGkiLCJzdWIiOiJwYXRobWFwdG9rZW4iLCJhdWQiOlsiNjQxNjA2MDQ1MzAwMSJdLCJqdGkiOiI2Mzg5NzcwNTgxMTEyIn0.kqriAMUkHT6m0V6wkCHJum_EUyL4PAi1zJMKlfmYHEU/playlist-hls.m3u8,网络源,https://upload.wikimedia.org/wikipedia/commons/thumb/7/71/TeleMadrid.svg/960px-TeleMadrid.svg.png
TeleMajg (480p),https://59d7d6f47d7fc.streamlock.net/telemajg/telemajg/playlist.m3u8,网络源,https://i.imgur.com/j5fnQ1h.png
Telemantova (1080p),https://5ce9406b73c33.streamlock.net/TeleMantova/livestream/playlist.m3u8,网络源,https://i.imgur.com/WYXiov6.png
Telemar (720p),https://cloudpro.servidoresdestream.com:8081/8020/index.m3u8,网络源,https://i.imgur.com/0vX9oJF.png
TeleMas (720p) [Not 24/7],https://acceso.mediosdecostarica.com:3192/hybrid/play.m3u8,网络源,https://i.imgur.com/5Rc8mA5.png
Telemas (1080p),https://s.emisoras.tv:8081/telemas/index.m3u8,网络源,https://i.imgur.com/eORs1yt.jpg
Telemax (Argentina),https://stream-gtlc.telecentro.net.ar/hls/telemaxhls/main.m3u8,网络源,https://upload.wikimedia.org/wikipedia/commons/thumb/1/13/Telemax_Argentina_%282018%29.png/960px-Telemax_Argentina_%282018%29.png
Telemax (Dominican Republic) (1080p) [Not 24/7],https://edge.essastream.com/telemax/tracks-v1a1/mono.m3u8,网络源,https://i.imgur.com/QvKmjvV.png
Telemax (Guatemala) (720p) [Not 24/7],https://cdn.streamhispanatv.net:3824/live/telemaxlive.m3u8,网络源,https://i.imgur.com/HisGao7.png
Telemax (Mexico) XEWH-TDT (1080p),https://s5.mexside.net:1936/telemax/telemax/playlist.m3u8,网络源,https://i.imgur.com/klhTyDU.png
Telemedios Canal 8 (1080p) [Not 24/7],https://hls.tvabierta.net/hls/008.m3u8,网络源,https://i.imgur.com/xhEAw7z.png
Telemetro (720p),http://181.78.121.15:8000/play/a001/index.m3u8,网络源,https://i.imgur.com/vJJrGgV.png
Telemetro TV [Not 24/7],https://streamunoapp.com:3366/live/telemetrolive.m3u8,网络源,https://imgur.com/Ck2NL0t.png
TeleMia (576p),https://playerssl.telemia.tv/fileadmin/hls/TelemiaHD/telemia85_mediachunks.m3u8,网络源,https://upload.wikimedia.org/wikipedia/commons/a/a6/Telemia.png
TeleMia Extra (576p),https://playerssl.telemia.tv/fileadmin/hls/TelemiaExtra/telemiaextra_mediachunks.m3u8,网络源,https://upload.wikimedia.org/wikipedia/commons/a/a6/Telemia.png
