频道名,地址,来源,图标
[VGA]翡翠台2,https://t.freetv.fun/live/fei-cui-tai-2-1.m3u8,网络源,https://epg.pw/media/images/channel/2023/08/11/large/20230811204705073159_58.png
[VGA]cn: 耀才财经,https://t.freetv.fun/live/cn-yao-cai-cai-jing.m3u8,网络源,https://epg.pw/media/images/channel/2022/08/06/large/20220806003654467692_44.jpg
[HD]耀才财经,https://t.freetv.fun/live/yao-cai-cai-jing-3.m3u8,网络源,https://epg.pw/media/images/channel/2022/08/06/large/20220806003654467692_44.jpg
[VGA]耀才财经频道,https://t.freetv.fun/live/yao-cai-cai-jing-pin-dao.m3u8,网络源,https://epg.pw/media/images/channel/2022/08/06/large/20220806003654467692_44.jpg
[SD]耀才财经频道,https://t.freetv.fun/live/yao-cai-cai-jing-pin-dao-1.m3u8,网络源,https://epg.pw/media/images/channel/2022/08/06/large/20220806003654467692_44.jpg
[VGA]耀才财经,https://t.freetv.fun/live/yao-cai-cai-jing-1-1.m3u8,网络源,https://epg.pw/media/images/channel/2022/08/06/large/20220806003654467692_44.jpg
[SD]耀才财经,https://t.freetv.fun/live/yao-cai-cai-jing-2-1.m3u8,网络源,https://epg.pw/media/images/channel/2022/08/06/large/20220806003654467692_44.jpg
[VGA]老巴电影,https://t.freetv.fun/live/lao-ba-dian-ying.m3u8,网络源,https://epg.pw/media/img/logo/1_366.jpg
[VGA]老卓电影,https://t.freetv.fun/live/lao-zhuo-dian-ying.m3u8,网络源,https://epg.pw/media/img/logo/1_366.jpg
[VGA]老卓电影,https://t.freetv.fun/live/lao-zhuo-dian-ying-1.m3u8,网络源,https://epg.pw/media/img/logo/1_366.jpg
[VGA]肇庆综合,https://t.freetv.fun/live/zhao-qing-zong-he.m3u8,网络源,https://epg.pw/media/images/channel/2022/11/01/large/20221101000157850612_73.jpg
[VGA]肇庆综合,https://t.freetv.fun/live/zhao-qing-zong-he-1.m3u8,网络源,https://epg.pw/media/images/channel/2022/11/01/large/20221101000157850612_73.jpg
[VGA]自贡公共,https://t.freetv.fun/live/zi-gong-gong-gong-3.m3u8,网络源,https://epg.pw/media/uploads/tmp_logo/2017/03/15/20170315180143213881_95.jpg
[VGA]自贡公共,https://t.freetv.fun/live/zi-gong-gong-gong-2.flv,网络源,https://epg.pw/media/uploads/tmp_logo/2017/03/15/20170315180143213881_95.jpg
[SD]自贡公共,https://t.freetv.fun/live/zi-gong-gong-gong-3.flv,网络源,https://epg.pw/media/uploads/tmp_logo/2017/03/15/20170315180143213881_95.jpg
[VGA]自贡综合,https://t.freetv.fun/live/zi-gong-zong-he-3.m3u8,网络源,https://epg.pw/media/uploads/tmp_logo/2017/03/15/20170315180040859436_26.jpg
[VGA]自贡综合,https://t.freetv.fun/live/zi-gong-zong-he-2.flv,网络源,https://epg.pw/media/uploads/tmp_logo/2017/03/15/20170315180040859436_26.jpg
[SD]自贡综合,https://t.freetv.fun/live/zi-gong-zong-he-3.flv,网络源,https://epg.pw/media/uploads/tmp_logo/2017/03/15/20170315180040859436_26.jpg
[VGA]自贡综合,https://t.freetv.fun/live/zi-gong-zong-he-3-1.m3u8,网络源,https://epg.pw/media/uploads/tmp_logo/2017/03/15/20170315180040859436_26.jpg
[VGA]自贡综合,https://t.freetv.fun/live/zi-gong-zong-he-4.m3u8,网络源,https://epg.pw/media/uploads/tmp_logo/2017/03/15/20170315180040859436_26.jpg
[VGA]台湾戏剧,https://t.freetv.fun/live/tai-wan-xi-ju.php,网络源,https://epg.pw/media/images/channel/2022/02/10/large/20220210222715150771_24.png
[VGA]台灣戲劇,https://t.freetv.fun/live/tai-wan-xi-ju-1.php,网络源,https://epg.pw/media/images/channel/2022/02/10/large/20220210222715150771_24.png
[VGA]台湾戏剧,https://t.freetv.fun/live/tai-wan-xi-ju-1-1.php,网络源,https://epg.pw/media/images/channel/2022/02/10/large/20220210222715150771_24.png
[VGA]臺灣戲劇,https://t.freetv.fun/live/tai-wan-xi-ju-2.php,网络源,https://epg.pw/media/images/channel/2022/02/10/large/20220210222715150771_24.png
[VGA]台灣戲劇,https://t.freetv.fun/live/tai-wan-xi-ju-1-2.php,网络源,https://epg.pw/media/images/channel/2022/02/10/large/20220210222715150771_24.png
[VGA]台灣戲劇,https://t.freetv.fun/live/tai-wan-xi-ju-2-1.m3u8,网络源,https://epg.pw/media/images/channel/2022/02/10/large/20220210222715150771_24.png
[VGA]台灣戲劇,https://t.freetv.fun/live/tai-wan-xi-ju-3.m3u8,网络源,https://epg.pw/media/images/channel/2022/02/10/large/20220210222715150771_24.png
[VGA]台灣戲劇,https://t.freetv.fun/live/tai-wan-xi-ju-4.m3u8,网络源,https://epg.pw/media/images/channel/2022/02/10/large/20220210222715150771_24.png
[VGA]台灣戲劇,https://t.freetv.fun/live/tai-wan-xi-ju-5.m3u8,网络源,https://epg.pw/media/images/channel/2022/02/10/large/20220210222715150771_24.png
[VGA]台灣戲劇,https://t.freetv.fun/live/tai-wan-xi-ju-6.m3u8,网络源,https://epg.pw/media/images/channel/2022/02/10/large/20220210222715150771_24.png
[VGA]台灣戲劇,https://t.freetv.fun/live/tai-wan-xi-ju-7.m3u8,网络源,https://epg.pw/media/images/channel/2022/02/10/large/20220210222715150771_24.png
[VGA]台灣戲劇,https://t.freetv.fun/live/tai-wan-xi-ju-8.m3u8,网络源,https://epg.pw/media/images/channel/2022/02/10/large/20220210222715150771_24.png
[VGA]台灣戲劇,https://t.freetv.fun/live/tai-wan-xi-ju-9.m3u8,网络源,https://epg.pw/media/images/channel/2022/02/10/large/20220210222715150771_24.png
[VGA]台灣戲劇,https://t.freetv.fun/live/tai-wan-xi-ju-10.m3u8,网络源,https://epg.pw/media/images/channel/2022/02/10/large/20220210222715150771_24.png
[VGA]台灣戲劇,https://t.freetv.fun/live/tai-wan-xi-ju-11.m3u8,网络源,https://epg.pw/media/images/channel/2022/02/10/large/20220210222715150771_24.png
[VGA]台灣戲劇,https://t.freetv.fun/live/tai-wan-xi-ju-12.m3u8,网络源,https://epg.pw/media/images/channel/2022/02/10/large/20220210222715150771_24.png
[VGA]台灣戲劇,https://t.freetv.fun/live/tai-wan-xi-ju-13.m3u8,网络源,https://epg.pw/media/images/channel/2022/02/10/large/20220210222715150771_24.png
[VGA]台灣戲劇,https://t.freetv.fun/live/tai-wan-xi-ju-14.m3u8,网络源,https://epg.pw/media/images/channel/2022/02/10/large/20220210222715150771_24.png
[VGA]台灣戲劇,https://t.freetv.fun/live/tai-wan-xi-ju-15.m3u8,网络源,https://epg.pw/media/images/channel/2022/02/10/large/20220210222715150771_24.png
[VGA]台湾戏剧台,https://t.freetv.fun/live/tai-wan-xi-ju-tai.ts,网络源,https://epg.pw/media/images/channel/2022/02/10/large/20220210222715150771_24.png
[VGA]台湾戏剧台,https://t.freetv.fun/live/tai-wan-xi-ju-tai-1.ts,网络源,https://epg.pw/media/images/channel/2022/02/10/large/20220210222715150771_24.png
[VGA]ahuei-TTV台視,https://t.freetv.fun/live/ahuei-ttvtai-shi.m3u8,网络源,https://epg.pw/media/uploads/tmp_logo/2015/09/29/20150929121750759037_14.jpg
[VGA]台視sd360,https://t.freetv.fun/live/tai-shi-sd360.m3u8,网络源,https://epg.pw/media/uploads/tmp_logo/2015/09/29/20150929121750759037_14.jpg
[VGA]台視hd720,https://t.freetv.fun/live/tai-shi-hd720.m3u8,网络源,https://epg.pw/media/uploads/tmp_logo/2015/09/29/20150929121750759037_14.jpg
[VGA]台視,https://t.freetv.fun/live/tai-shi-1-1.m3u8,网络源,https://epg.pw/media/uploads/tmp_logo/2015/09/29/20150929121750759037_14.jpg
[VGA]台視,https://t.freetv.fun/live/tai-shi-4-1.m3u8,网络源,https://epg.pw/media/uploads/tmp_logo/2015/09/29/20150929121750759037_14.jpg
[VGA]台視,https://t.freetv.fun/live/tai-shi-5-1.m3u8,网络源,https://epg.pw/media/uploads/tmp_logo/2015/09/29/20150929121750759037_14.jpg
[VGA]台視,https://t.freetv.fun/live/tai-shi-6-1.m3u8,网络源,https://epg.pw/media/uploads/tmp_logo/2015/09/29/20150929121750759037_14.jpg
[VGA]台視,https://t.freetv.fun/live/tai-shi-7.m3u8,网络源,https://epg.pw/media/uploads/tmp_logo/2015/09/29/20150929121750759037_14.jpg
[VGA]台視,https://t.freetv.fun/live/tai-shi-8.m3u8,网络源,https://epg.pw/media/uploads/tmp_logo/2015/09/29/20150929121750759037_14.jpg
[VGA]台視,https://t.freetv.fun/live/tai-shi-9.m3u8,网络源,https://epg.pw/media/uploads/tmp_logo/2015/09/29/20150929121750759037_14.jpg
[VGA]台視,https://t.freetv.fun/live/tai-shi-10.m3u8,网络源,https://epg.pw/media/uploads/tmp_logo/2015/09/29/20150929121750759037_14.jpg
[VGA]台視,https://t.freetv.fun/live/tai-shi-11.m3u8,网络源,https://epg.pw/media/uploads/tmp_logo/2015/09/29/20150929121750759037_14.jpg
[VGA]台視,https://t.freetv.fun/live/tai-shi-12.m3u8,网络源,https://epg.pw/media/uploads/tmp_logo/2015/09/29/20150929121750759037_14.jpg
[VGA]台視,https://t.freetv.fun/live/tai-shi-13.m3u8,网络源,https://epg.pw/media/uploads/tmp_logo/2015/09/29/20150929121750759037_14.jpg
[VGA]台視,https://t.freetv.fun/live/tai-shi-14.m3u8,网络源,https://epg.pw/media/uploads/tmp_logo/2015/09/29/20150929121750759037_14.jpg
[VGA]台視,https://t.freetv.fun/live/tai-shi-15.m3u8,网络源,https://epg.pw/media/uploads/tmp_logo/2015/09/29/20150929121750759037_14.jpg
[VGA]台視,https://t.freetv.fun/live/tai-shi-16.m3u8,网络源,https://epg.pw/media/uploads/tmp_logo/2015/09/29/20150929121750759037_14.jpg
[VGA]台视国际台,https://t.freetv.fun/live/tai-shi-guo-ji-tai.m3u8,网络源,https://epg.pw/media/images/channel/2022/08/03/large/20220803162548478104_50.jpg
[BD]台视新闻 hd,https://t.freetv.fun/live/tai-shi-xin-wen-hd-2.m3u8,网络源,https://epg.pw/media/images/channel/2022/11/27/large/20221127002436544853_95.png
[BD]台视新闻 hd,https://t.freetv.fun/live/tai-shi-xin-wen-hd-1.m3u8,网络源,https://epg.pw/media/images/channel/2022/11/27/large/20221127002436544853_95.png
[BD]台视新聞,https://t.freetv.fun/live/tai-shi-xin-wen-5.m3u8,网络源,https://epg.pw/media/uploads/tmp_logo/2016/11/22/20161122123940121042_91.png
[BD]台視新聞,https://t.freetv.fun/live/tai-shi-xin-wen-7.m3u8,网络源,https://epg.pw/media/uploads/tmp_logo/2016/11/22/20161122123940121042_91.png
[BD]台視新聞,https://t.freetv.fun/live/tai-shi-xin-wen-1-3.m3u8,网络源,https://epg.pw/media/uploads/tmp_logo/2016/11/22/20161122123940121042_91.png
[VGA]台視新聞,https://t.freetv.fun/live/tai-shi-xin-wen-2-1.m3u8,网络源,https://epg.pw/media/uploads/tmp_logo/2016/11/22/20161122123940121042_91.png
[VGA]台視新聞,https://t.freetv.fun/live/tai-shi-xin-wen-3-1.php,网络源,https://epg.pw/media/uploads/tmp_logo/2016/11/22/20161122123940121042_91.png
[VGA]台視新聞,https://t.freetv.fun/live/tai-shi-xin-wen-4-2.m3u8,网络源,https://epg.pw/media/uploads/tmp_logo/2016/11/22/20161122123940121042_91.png
[VGA]台視新聞,https://t.freetv.fun/live/tai-shi-xin-wen-5-2.m3u8,网络源,https://epg.pw/media/uploads/tmp_logo/2016/11/22/20161122123940121042_91.png
[VGA]台視新聞,https://t.freetv.fun/live/tai-shi-xin-wen-6-2.m3u8,网络源,https://epg.pw/media/uploads/tmp_logo/2016/11/22/20161122123940121042_91.png
[VGA]台視新聞,https://t.freetv.fun/live/tai-shi-xin-wen-7-2.m3u8,网络源,https://epg.pw/media/uploads/tmp_logo/2016/11/22/20161122123940121042_91.png
[VGA]台視新聞,https://t.freetv.fun/live/tai-shi-xin-wen-8.m3u8,网络源,https://epg.pw/media/uploads/tmp_logo/2016/11/22/20161122123940121042_91.png
[VGA]台視新聞,https://t.freetv.fun/live/tai-shi-xin-wen-9.m3u8,网络源,https://epg.pw/media/uploads/tmp_logo/2016/11/22/20161122123940121042_91.png
[VGA]台視新聞,https://t.freetv.fun/live/tai-shi-xin-wen-10.m3u8,网络源,https://epg.pw/media/uploads/tmp_logo/2016/11/22/20161122123940121042_91.png
[VGA]台視新聞,https://t.freetv.fun/live/tai-shi-xin-wen-11.m3u8,网络源,https://epg.pw/media/uploads/tmp_logo/2016/11/22/20161122123940121042_91.png
[VGA]台視新聞,https://t.freetv.fun/live/tai-shi-xin-wen-12.m3u8,网络源,https://epg.pw/media/uploads/tmp_logo/2016/11/22/20161122123940121042_91.png
[VGA]台視新聞,https://t.freetv.fun/live/tai-shi-xin-wen-13.m3u8,网络源,https://epg.pw/media/uploads/tmp_logo/2016/11/22/20161122123940121042_91.png
[VGA]台視新聞,https://t.freetv.fun/live/tai-shi-xin-wen-14.m3u8,网络源,https://epg.pw/media/uploads/tmp_logo/2016/11/22/20161122123940121042_91.png
[VGA]台視新聞,https://t.freetv.fun/live/tai-shi-xin-wen-15.m3u8,网络源,https://epg.pw/media/uploads/tmp_logo/2016/11/22/20161122123940121042_91.png
[VGA]台視新聞,https://t.freetv.fun/live/tai-shi-xin-wen-16.m3u8,网络源,https://epg.pw/media/uploads/tmp_logo/2016/11/22/20161122123940121042_91.png
[VGA]台視新聞,https://t.freetv.fun/live/tai-shi-xin-wen-17.m3u8,网络源,https://epg.pw/media/uploads/tmp_logo/2016/11/22/20161122123940121042_91.png
[VGA]台視新聞,https://t.freetv.fun/live/tai-shi-xin-wen-18.m3u8,网络源,https://epg.pw/media/uploads/tmp_logo/2016/11/22/20161122123940121042_91.png
[VGA]台视综合,https://t.freetv.fun/live/tai-shi-zong-he.m3u8,网络源,https://epg.pw/media/images/channel/2023/10/07/large/20231007173906735735_65.png
[VGA]台视综合,https://t.freetv.fun/live/tai-shi-zong-he-1.php,网络源,https://epg.pw/media/images/channel/2023/10/07/large/20231007173906735735_65.png
[VGA]台视综合台,https://t.freetv.fun/live/tai-shi-zong-he-tai.ts,网络源,https://epg.pw/media/images/channel/2023/10/07/large/20231007173906735735_65.png
[VGA]台视综合台,https://t.freetv.fun/live/tai-shi-zong-he-tai-1.ts,网络源,https://epg.pw/media/images/channel/2023/10/07/large/20231007173906735735_65.png
[BD]台视综合 *a,https://t.freetv.fun/live/tai-shi-zong-he-a.m3u8,网络源,https://epg.pw/media/images/channel/2023/10/07/large/20231007173906735735_65.png
[BD]台視综合,https://t.freetv.fun/live/tai-shi-zong-he-2.php,网络源,https://epg.pw/media/images/channel/2022/02/26/large/20220226153847780456_55.png
[VGA]台視綜合,https://t.freetv.fun/live/tai-shi-zong-he-3.m3u8,网络源,https://epg.pw/media/images/channel/2022/02/26/large/20220226153847780456_55.png
[VGA]臺視綜合,https://t.freetv.fun/live/tai-shi-zong-he-4.php,网络源,https://epg.pw/media/images/channel/2022/02/26/large/20220226153847780456_55.png
[BD]台视财经 *a,https://t.freetv.fun/live/tai-shi-cai-jing-a.m3u8,网络源,https://epg.pw/media/images/channel/2022/03/04/large/20220304150417211587_14.jpg
[VGA]台视财经,https://t.freetv.fun/live/tai-shi-cai-jing.m3u8,网络源,https://epg.pw/media/images/channel/2016/01/14/large/20160114205737775986_67.jpg
[VGA]台視財經,https://t.freetv.fun/live/tai-shi-cai-jing-1.php,网络源,https://epg.pw/media/images/channel/2016/01/14/large/20160114205737775986_67.jpg
[VGA]台视财经,https://t.freetv.fun/live/tai-shi-cai-jing-1-1.php,网络源,https://epg.pw/media/images/channel/2016/01/14/large/20160114205737775986_67.jpg
[VGA]台视财经,https://t.freetv.fun/live/tai-shi-cai-jing-2.php,网络源,https://epg.pw/media/images/channel/2016/01/14/large/20160114205737775986_67.jpg
[VGA]台視財經,https://t.freetv.fun/live/tai-shi-cai-jing-1-2.m3u8,网络源,https://epg.pw/media/images/channel/2016/01/14/large/20160114205737775986_67.jpg
[VGA]台視財經,https://t.freetv.fun/live/tai-shi-cai-jing-2-1.m3u8,网络源,https://epg.pw/media/images/channel/2016/01/14/large/20160114205737775986_67.jpg
[VGA]台視財經,https://t.freetv.fun/live/tai-shi-cai-jing-3.m3u8,网络源,https://epg.pw/media/images/channel/2016/01/14/large/20160114205737775986_67.jpg
[VGA]台視財經,https://t.freetv.fun/live/tai-shi-cai-jing-4.m3u8,网络源,https://epg.pw/media/images/channel/2016/01/14/large/20160114205737775986_67.jpg
[VGA]台視財經,https://t.freetv.fun/live/tai-shi-cai-jing-5.m3u8,网络源,https://epg.pw/media/images/channel/2016/01/14/large/20160114205737775986_67.jpg
[VGA]台視財經,https://t.freetv.fun/live/tai-shi-cai-jing-6.m3u8,网络源,https://epg.pw/media/images/channel/2016/01/14/large/20160114205737775986_67.jpg
[VGA]台視財經,https://t.freetv.fun/live/tai-shi-cai-jing-7.m3u8,网络源,https://epg.pw/media/images/channel/2016/01/14/large/20160114205737775986_67.jpg
[VGA]台视财经台,https://t.freetv.fun/live/tai-shi-cai-jing-tai.ts,网络源,https://epg.pw/media/images/channel/2016/01/14/large/20160114205737775986_67.jpg
[VGA]台视财经台,https://t.freetv.fun/live/tai-shi-cai-jing-tai-1.ts,网络源,https://epg.pw/media/images/channel/2016/01/14/large/20160114205737775986_67.jpg
[VGA]舟山新闻综合,https://t.freetv.fun/live/zhou-shan-xin-wen-zong-he-2.m3u8,网络源,https://epg.pw/media/images/channel/2022/11/01/large/20221101021019292176_54.jpg
[VGA]乐山新闻综合,https://t.freetv.fun/live/le-shan-xin-wen-zong-he.m3u8,网络源,https://epg.pw/media/images/channel/2022/11/01/large/20221101021019292176_54.jpg
[VGA]乐山新闻综合,https://t.freetv.fun/live/le-shan-xin-wen-zong-he-1.flv,网络源,https://epg.pw/media/images/channel/2022/11/01/large/20221101021019292176_54.jpg
[BD]浙江|萧山新闻综合,https://t.freetv.fun/live/zhe-jiang-xiao-shan-xin-wen-zong-he.m3u8,网络源,https://epg.pw/media/images/channel/2022/11/01/large/20221101021019292176_54.jpg
[BD]新闻综合,https://t.freetv.fun/live/xin-wen-zong-he.m3u8,网络源,https://epg.pw/media/images/channel/2022/11/01/large/20221101021019292176_54.jpg
[SD]浙江舟山新闻综合,https://t.freetv.fun/live/zhe-jiang-zhou-shan-xin-wen-zong-he.m3u8,网络源,https://epg.pw/media/images/channel/2022/11/01/large/20221101021019292176_54.jpg
[VGA]白山新闻综合,https://t.freetv.fun/live/bai-shan-xin-wen-zong-he-1.m3u8,网络源,https://epg.pw/media/images/channel/2022/11/01/large/20221101021019292176_54.jpg
[VGA]荆州垄上,https://t.freetv.fun/live/jing-zhou-long-shang.m3u8,网络源,https://epg.pw/media/img/logo/3_334.jpg
[BD]荆门新闻综合,https://t.freetv.fun/live/jing-men-xin-wen-zong-he-2.m3u8,网络源,https://epg.pw/media/images/channel/2022/10/31/large/20221031230159254376_46.jpg
[BD]荆门新闻综合,https://t.freetv.fun/live/jing-men-xin-wen-zong-he-1-1.m3u8,网络源,https://epg.pw/media/images/channel/2022/10/31/large/20221031230159254376_46.jpg
[VGA]cn: 漳州新闻综合,https://t.freetv.fun/live/cn-zhang-zhou-xin-wen-zong-he.m3u8,网络源,https://epg.pw/media/images/channel/2022/10/31/large/20221031230159254376_46.jpg
[BD]荆门新闻综合,https://t.freetv.fun/live/jing-men-xin-wen-zong-he-2-1.m3u8,网络源,https://epg.pw/media/images/channel/2022/10/31/large/20221031230159254376_46.jpg
[BD]荆门新闻综合,https://t.freetv.fun/live/jing-men-xin-wen-zong-he-3.m3u8,网络源,https://epg.pw/media/images/channel/2022/10/31/large/20221031230159254376_46.jpg
[VGA]荆门新闻综合,https://t.freetv.fun/live/jing-men-xin-wen-zong-he-4.m3u8,网络源,https://epg.pw/media/images/channel/2022/10/31/large/20221031230159254376_46.jpg
[BD]荆门新闻综合,https://t.freetv.fun/live/jing-men-xin-wen-zong-he-5.m3u8,网络源,https://epg.pw/media/images/channel/2022/10/31/large/20221031230159254376_46.jpg
[VGA]华藏卫视 fhd,https://t.freetv.fun/live/hua-cang-wei-shi-fhd.flv,网络源,https://epg.pw/media/images/channel/2023/07/19/large/20230719113212699628_92.jpg
[VGA]华藏卫视,https://t.freetv.fun/live/hua-cang-wei-shi.ts,网络源,https://epg.pw/media/images/channel/2023/07/19/large/20230719113212699628_92.jpg
[VGA]华藏卫视,https://t.freetv.fun/live/hua-cang-wei-shi-1.ts,网络源,https://epg.pw/media/images/channel/2023/07/19/large/20230719113212699628_92.jpg
[VGA]华视,https://t.freetv.fun/live/hua-shi-5.m3u8,网络源,https://epg.pw/media/images/channel/2020/07/26/large/20200726143140379428_88.jpg
[VGA]华视 fhd,https://t.freetv.fun/live/hua-shi-fhd.flv,网络源,https://epg.pw/media/images/channel/2020/07/26/large/20200726143140379428_88.jpg
[VGA]华视频道,https://t.freetv.fun/live/hua-shi-pin-dao.m3u8,网络源,https://epg.pw/media/images/channel/2020/07/26/large/20200726143140379428_88.jpg
[BD]华视,https://t.freetv.fun/live/hua-shi-5.php,网络源,https://epg.pw/media/images/channel/2020/07/26/large/20200726143140379428_88.jpg
[BD]華視,https://t.freetv.fun/live/hua-shi-3-1.php,网络源,https://epg.pw/media/images/channel/2022/05/06/large/20220506164257585081_80.png
[VGA]華視,https://t.freetv.fun/live/hua-shi-6.ts,网络源,https://epg.pw/media/images/channel/2022/05/06/large/20220506164257585081_80.png
[VGA]華視,https://t.freetv.fun/live/hua-shi-1-2.m3u8,网络源,https://epg.pw/media/images/channel/2022/05/06/large/20220506164257585081_80.png
[VGA]華視,https://t.freetv.fun/live/hua-shi-2-2.m3u8,网络源,https://epg.pw/media/images/channel/2022/05/06/large/20220506164257585081_80.png
[VGA]華視,https://t.freetv.fun/live/hua-shi-4-2.m3u8,网络源,https://epg.pw/media/images/channel/2022/05/06/large/20220506164257585081_80.png
[VGA]華視,https://t.freetv.fun/live/hua-shi-5-2.m3u8,网络源,https://epg.pw/media/images/channel/2022/05/06/large/20220506164257585081_80.png
[VGA]華視,https://t.freetv.fun/live/hua-shi-6-1.m3u8,网络源,https://epg.pw/media/images/channel/2022/05/06/large/20220506164257585081_80.png
[VGA]華視,https://t.freetv.fun/live/hua-shi-7.m3u8,网络源,https://epg.pw/media/images/channel/2022/05/06/large/20220506164257585081_80.png
[VGA]華視,https://t.freetv.fun/live/hua-shi-8.m3u8,网络源,https://epg.pw/media/images/channel/2022/05/06/large/20220506164257585081_80.png
[VGA]華視,https://t.freetv.fun/live/hua-shi-9.m3u8,网络源,https://epg.pw/media/images/channel/2022/05/06/large/20220506164257585081_80.png
[VGA]華視,https://t.freetv.fun/live/hua-shi-10.m3u8,网络源,https://epg.pw/media/images/channel/2022/05/06/large/20220506164257585081_80.png
[VGA]華視,https://t.freetv.fun/live/hua-shi-11.m3u8,网络源,https://epg.pw/media/images/channel/2022/05/06/large/20220506164257585081_80.png
[VGA]華視,https://t.freetv.fun/live/hua-shi-12.m3u8,网络源,https://epg.pw/media/images/channel/2022/05/06/large/20220506164257585081_80.png
[VGA]華視,https://t.freetv.fun/live/hua-shi-13.m3u8,网络源,https://epg.pw/media/images/channel/2022/05/06/large/20220506164257585081_80.png
[VGA]華視,https://t.freetv.fun/live/hua-shi-14.m3u8,网络源,https://epg.pw/media/images/channel/2022/05/06/large/20220506164257585081_80.png
[VGA]華視,https://t.freetv.fun/live/hua-shi-15.m3u8,网络源,https://epg.pw/media/images/channel/2022/05/06/large/20220506164257585081_80.png
[VGA]華視,https://t.freetv.fun/live/hua-shi-16.m3u8,网络源,https://epg.pw/media/images/channel/2022/05/06/large/20220506164257585081_80.png
[VGA]華視,https://t.freetv.fun/live/hua-shi-17.m3u8,网络源,https://epg.pw/media/images/channel/2022/05/06/large/20220506164257585081_80.png
[VGA]華視,https://t.freetv.fun/live/hua-shi-18.m3u8,网络源,https://epg.pw/media/images/channel/2022/05/06/large/20220506164257585081_80.png
[VGA]華視,https://t.freetv.fun/live/hua-shi-19.m3u8,网络源,https://epg.pw/media/images/channel/2022/05/06/large/20220506164257585081_80.png
[VGA]華視,https://t.freetv.fun/live/hua-shi-20.m3u8,网络源,https://epg.pw/media/images/channel/2022/05/06/large/20220506164257585081_80.png
[VGA]華視,https://t.freetv.fun/live/hua-shi-21.m3u8,网络源,https://epg.pw/media/images/channel/2022/05/06/large/20220506164257585081_80.png
[VGA]華視,https://t.freetv.fun/live/hua-shi-22.m3u8,网络源,https://epg.pw/media/images/channel/2022/05/06/large/20220506164257585081_80.png
[VGA]華視,https://t.freetv.fun/live/hua-shi-23.m3u8,网络源,https://epg.pw/media/images/channel/2022/05/06/large/20220506164257585081_80.png
[VGA]華視,https://t.freetv.fun/live/hua-shi-24.m3u8,网络源,https://epg.pw/media/images/channel/2022/05/06/large/20220506164257585081_80.png
[VGA]華視,https://t.freetv.fun/live/hua-shi-25.m3u8,网络源,https://epg.pw/media/images/channel/2022/05/06/large/20220506164257585081_80.png
[VGA]華視,https://t.freetv.fun/live/hua-shi-26.m3u8,网络源,https://epg.pw/media/images/channel/2022/05/06/large/20220506164257585081_80.png
[VGA]華視,https://t.freetv.fun/live/hua-shi-27.m3u8,网络源,https://epg.pw/media/images/channel/2022/05/06/large/20220506164257585081_80.png
[BD]华视,https://t.freetv.fun/live/hua-shi-1-1.m3u8,网络源,https://epg.pw/media/images/channel/2016/12/24/large/20161224233801697871_73.jpg
[BD]华视,https://t.freetv.fun/live/hua-shi-2-1.ts,网络源,https://epg.pw/media/images/channel/2016/12/24/large/20161224233801697871_73.jpg
[VGA]华视,https://t.freetv.fun/live/hua-shi-3-2.m3u8,网络源,https://epg.pw/media/images/channel/2016/12/24/large/20161224233801697871_73.jpg
[VGA]华视,https://t.freetv.fun/live/hua-shi-4-1.m3u8,网络源,https://epg.pw/media/images/channel/2016/12/24/large/20161224233801697871_73.jpg
[VGA]华视,https://t.freetv.fun/live/hua-shi-5-1.php,网络源,https://epg.pw/media/images/channel/2016/12/24/large/20161224233801697871_73.jpg
[BD]华视 *28,https://t.freetv.fun/live/hua-shi-28.m3u8,网络源,https://epg.pw/media/images/channel/2016/12/24/large/20161224233801697871_73.jpg
[BD]华视 *a,https://t.freetv.fun/live/hua-shi-a.m3u8,网络源,https://epg.pw/media/images/channel/2016/12/24/large/20161224233801697871_73.jpg
[VGA]华视教育体育文化,https://t.freetv.fun/live/hua-shi-jiao-yu-ti-yu-wen-hua.m3u8,网络源,https://epg.pw/media/images/channel/2022/03/11/large/20220311004339137241_37.png
[VGA]華視教育體育文化,https://t.freetv.fun/live/hua-shi-jiao-yu-ti-yu-wen-hua-1.m3u8,网络源,https://epg.pw/media/images/channel/2022/03/11/large/20220311004339137241_37.png
[VGA]华视新闻台,https://t.freetv.fun/live/hua-shi-xin-wen-tai.m3u8,网络源,https://epg.pw/media/uploads/tmp_logo/2017/05/08/20170508123606517919_39.png
[VGA]華視新聞,https://t.freetv.fun/live/hua-shi-xin-wen.php,网络源,https://epg.pw/media/uploads/tmp_logo/2017/05/08/20170508123606517919_39.png
[VGA]華視新聞,https://t.freetv.fun/live/hua-shi-xin-wen-1-1.m3u8,网络源,https://epg.pw/media/uploads/tmp_logo/2017/05/08/20170508123606517919_39.png
[VGA]華視新聞,https://t.freetv.fun/live/hua-shi-xin-wen-2-1.m3u8,网络源,https://epg.pw/media/uploads/tmp_logo/2017/05/08/20170508123606517919_39.png
[VGA]華視新聞,https://t.freetv.fun/live/hua-shi-xin-wen-3-1.m3u8,网络源,https://epg.pw/media/uploads/tmp_logo/2017/05/08/20170508123606517919_39.png
[VGA]華視新聞,https://t.freetv.fun/live/hua-shi-xin-wen-4-1.m3u8,网络源,https://epg.pw/media/uploads/tmp_logo/2017/05/08/20170508123606517919_39.png
[VGA]華視新聞,https://t.freetv.fun/live/hua-shi-xin-wen-5.m3u8,网络源,https://epg.pw/media/uploads/tmp_logo/2017/05/08/20170508123606517919_39.png
[VGA]華視新聞,https://t.freetv.fun/live/hua-shi-xin-wen-6.m3u8,网络源,https://epg.pw/media/uploads/tmp_logo/2017/05/08/20170508123606517919_39.png
[VGA]華視新聞,https://t.freetv.fun/live/hua-shi-xin-wen-7.m3u8,网络源,https://epg.pw/media/uploads/tmp_logo/2017/05/08/20170508123606517919_39.png
[VGA]華視新聞,https://t.freetv.fun/live/hua-shi-xin-wen-8.m3u8,网络源,https://epg.pw/media/uploads/tmp_logo/2017/05/08/20170508123606517919_39.png
[VGA]华视新闻信息台,https://t.freetv.fun/live/hua-shi-xin-wen-xin-xi-tai.ts,网络源,https://epg.pw/media/uploads/tmp_logo/2017/05/08/20170508123606517919_39.png
[VGA]华视新闻信息台,https://t.freetv.fun/live/hua-shi-xin-wen-xin-xi-tai-1.ts,网络源,https://epg.pw/media/uploads/tmp_logo/2017/05/08/20170508123606517919_39.png
[BD]華視新聞,https://t.freetv.fun/live/hua-shi-xin-wen-9.php,网络源,https://epg.pw/media/uploads/tmp_logo/2017/05/08/20170508123606517919_39.png
[VGA]华视新闻,https://t.freetv.fun/live/hua-shi-xin-wen-1.m3u8,网络源,https://epg.pw/media/images/channel/2023/07/18/large/20230718001252593456_95.jpg
[VGA]华视新闻,https://t.freetv.fun/live/hua-shi-xin-wen-2.php,网络源,https://epg.pw/media/images/channel/2023/07/18/large/20230718001252593456_95.jpg
[VGA]华视新闻,https://t.freetv.fun/live/hua-shi-xin-wen-3.php,网络源,https://epg.pw/media/images/channel/2023/07/18/large/20230718001252593456_95.jpg
[VGA]华视新闻,https://t.freetv.fun/live/hua-shi-xin-wen-4.php,网络源,https://epg.pw/media/images/channel/2023/07/18/large/20230718001252593456_95.jpg
[VGA]华视新闻资讯,https://t.freetv.fun/live/hua-shi-xin-wen-zi-xun-1.m3u8,网络源,https://epg.pw/media/images/channel/2023/07/18/large/20230718001309024626_13.jpg
[VGA]华视新闻资讯 hd,https://t.freetv.fun/live/hua-shi-xin-wen-zi-xun-hd.flv,网络源,https://epg.pw/media/images/channel/2023/07/18/large/20230718001309024626_13.jpg
[VGA]華視新聞資訊,https://t.freetv.fun/live/hua-shi-xin-wen-zi-xun-2.m3u8,网络源,https://epg.pw/media/images/channel/2023/07/18/large/20230718001309024626_13.jpg
[VGA]华视美洲频道,https://t.freetv.fun/live/hua-shi-mei-zhou-pin-dao.m3u8,网络源,https://epg.pw/media/images/channel/2022/03/08/large/20220308134554250595_79.jpg
[VGA]华语剧台 hd,https://t.freetv.fun/live/hua-yu-ju-tai-hd.flv,网络源,https://epg.pw/media/images/channel/2023/07/02/large/20230702014823054487_43.jpeg
[BD]華語劇,https://t.freetv.fun/live/hua-yu-ju.m3u8,网络源,https://epg.pw/media/images/channel/2023/07/02/large/20230702014823054487_43.jpeg
[VGA]华语剧,https://t.freetv.fun/live/hua-yu-ju-1.flv,网络源,https://epg.pw/media/images/channel/2023/07/02/large/20230702014823054487_43.jpeg
[VGA]华语电视3,https://t.freetv.fun/live/hua-yu-dian-shi-3.m3u8,网络源,https://epg.pw/media/images/channel/2022/05/12/large/20220512210929519219_52.jpg
[BD]华语电视2,https://t.freetv.fun/live/hua-yu-dian-shi-2.m3u8,网络源,https://epg.pw/media/images/channel/2022/05/12/large/20220512210929519219_52.jpg
[BD]华语电视,https://t.freetv.fun/live/hua-yu-dian-shi.m3u8,网络源,https://epg.pw/media/images/channel/2022/05/12/large/20220512210929519219_52.jpg
[VGA]芜湖公共,https://t.freetv.fun/live/wu-hu-gong-gong.m3u8,网络源,https://epg.pw/media/images/channel/2022/11/01/large/20221101023238051358_73.jpg
[VGA]芜湖公共,https://t.freetv.fun/live/wu-hu-gong-gong-1.m3u8,网络源,https://epg.pw/media/images/channel/2022/11/01/large/20221101023238051358_73.jpg
[VGA]芜湖新闻综合,https://t.freetv.fun/live/wu-hu-xin-wen-zong-he.m3u8,网络源,https://epg.pw/media/images/channel/2024/03/13/large/20240313170702205738_60.png
[VGA]芜湖新闻综合,https://t.freetv.fun/live/wu-hu-xin-wen-zong-he-1.m3u8,网络源,https://epg.pw/media/images/channel/2024/03/13/large/20240313170702205738_60.png
[VGA]芜湖生活,https://t.freetv.fun/live/wu-hu-sheng-huo.m3u8,网络源,https://epg.pw/media/images/channel/2024/03/13/large/20240313170720966155_63.png
[VGA]芜湖生活,https://t.freetv.fun/live/wu-hu-sheng-huo-1.m3u8,网络源,https://epg.pw/media/images/channel/2024/03/13/large/20240313170720966155_63.png
[VGA]苏州 *b,https://t.freetv.fun/live/su-zhou-b.m3u8,网络源,https://epg.pw/media/images/channel/2023/07/02/large/20230702014734392249_44.jpeg
[VGA]苏州文化生活,https://t.freetv.fun/live/su-zhou-wen-hua-sheng-huo-3.m3u8,网络源,https://epg.pw/media/img/logo/3_311.jpg
[VGA]苏州文化生活,https://t.freetv.fun/live/su-zhou-wen-hua-sheng-huo-2-1.m3u8,网络源,https://epg.pw/media/img/logo/3_311.jpg
[VGA]苏州新闻综合,https://t.freetv.fun/live/su-zhou-xin-wen-zong-he-4.m3u8,网络源,https://epg.pw/media/img/logo/3_313.jpg
[VGA]江苏新闻综合,https://t.freetv.fun/live/jiang-su-xin-wen-zong-he.m3u8,网络源,https://epg.pw/media/img/logo/3_313.jpg
[VGA]苏州新闻综合,https://t.freetv.fun/live/su-zhou-xin-wen-zong-he-2-1.m3u8,网络源,https://epg.pw/media/img/logo/3_313.jpg
[VGA]生活资讯,https://t.freetv.fun/live/sheng-huo-zi-xun.php,网络源,https://epg.pw/media/images/channel/2022/11/01/large/20221101022305569107_15.jpg
[VGA]苏州生活资讯,https://t.freetv.fun/live/su-zhou-sheng-huo-zi-xun-3.m3u8,网络源,https://epg.pw/media/img/logo/3_309.jpg
[VGA]苏州生活资讯,https://t.freetv.fun/live/su-zhou-sheng-huo-zi-xun-2-1.m3u8,网络源,https://epg.pw/media/img/logo/3_309.jpg
[VGA]苏州社会经济,https://t.freetv.fun/live/su-zhou-she-hui-jing-ji-3.m3u8,网络源,https://epg.pw/media/img/logo/3_312.jpg
[VGA]苏州社会经济,https://t.freetv.fun/live/su-zhou-she-hui-jing-ji-2-1.m3u8,网络源,https://epg.pw/media/img/logo/3_312.jpg
[HD]苏州电影娱乐信息,https://t.freetv.fun/live/su-zhou-dian-ying-yu-le-xin-xi.m3u8,网络源,https://epg.pw/media/images/channel/2022/11/01/large/20221101022222053424_96.jpg
[HD]苏州电影娱乐信息,https://t.freetv.fun/live/su-zhou-dian-ying-yu-le-xin-xi-1.flv,网络源,https://epg.pw/media/images/channel/2022/11/01/large/20221101022222053424_96.jpg
[VGA]苏州娱乐,https://t.freetv.fun/live/su-zhou-yu-le.m3u8,网络源,https://epg.pw/media/images/channel/2022/11/01/large/20221101022222053424_96.jpg
[VGA]苏州电影娱乐,https://t.freetv.fun/live/su-zhou-dian-ying-yu-le-1.m3u8,网络源,https://epg.pw/media/img/logo/3_310.jpg
[SD]舒兰新闻综合,https://t.freetv.fun/live/shu-lan-xin-wen-zong-he-3.m3u8,网络源,https://epg.pw/media/images/channel/2021/10/07/large/20211007160952022833_53.png
[VGA]舒兰新闻综合,https://t.freetv.fun/live/shu-lan-xin-wen-zong-he-1.m3u8,网络源,https://epg.pw/media/images/channel/2021/10/07/large/20211007160952022833_53.png
[VGA]惠州新闻综合,https://t.freetv.fun/live/hui-zhou-xin-wen-zong-he.m3u8,网络源,https://epg.pw/media/images/channel/2021/10/07/large/20211007160952022833_53.png
[HD]兰溪新闻综合,https://t.freetv.fun/live/lan-xi-xin-wen-zong-he-2.m3u8,网络源,https://epg.pw/media/images/channel/2021/10/07/large/20211007160952022833_53.png
[VGA]漳州新闻综合,https://t.freetv.fun/live/zhang-zhou-xin-wen-zong-he-1.m3u8,网络源,https://epg.pw/media/images/channel/2021/10/07/large/20211007160952022833_53.png
[VGA]叙州新闻综合,https://t.freetv.fun/live/xu-zhou-xin-wen-zong-he-2.m3u8,网络源,https://epg.pw/media/images/channel/2021/10/07/large/20211007160952022833_53.png
[VGA]滨州新闻综合,https://t.freetv.fun/live/bin-zhou-xin-wen-zong-he.m3u8,网络源,https://epg.pw/media/images/channel/2021/10/07/large/20211007160952022833_53.png
[VGA]滁州新闻综合,https://t.freetv.fun/live/chu-zhou-xin-wen-zong-he.m3u8,网络源,https://epg.pw/media/images/channel/2021/10/07/large/20211007160952022833_53.png
[VGA]横州新闻综合,https://t.freetv.fun/live/heng-zhou-xin-wen-zong-he.m3u8,网络源,https://epg.pw/media/images/channel/2021/10/07/large/20211007160952022833_53.png
[VGA]徐州新闻综合,https://t.freetv.fun/live/xu-zhou-xin-wen-zong-he-1.m3u8,网络源,https://epg.pw/media/images/channel/2021/10/07/large/20211007160952022833_53.png
[HD]徐州新闻综合,https://t.freetv.fun/live/xu-zhou-xin-wen-zong-he-4.m3u8,网络源,https://epg.pw/media/images/channel/2021/10/07/large/20211007160952022833_53.png
[HD]徐州新闻综合,https://t.freetv.fun/live/xu-zhou-xin-wen-zong-he-5.m3u8,网络源,https://epg.pw/media/images/channel/2021/10/07/large/20211007160952022833_53.png
[VGA]舒兰新闻综合,https://t.freetv.fun/live/shu-lan-xin-wen-zong-he-2-1.m3u8,网络源,https://epg.pw/media/images/channel/2024/07/28/large/20240728221915654699_44.jpg
[SD]舒兰新闻综合,https://t.freetv.fun/live/shu-lan-xin-wen-zong-he-3-1.m3u8,网络源,https://epg.pw/media/images/channel/2024/07/28/large/20240728221915654699_44.jpg
[HD]兰溪新闻综合,https://t.freetv.fun/live/lan-xi-xin-wen-zong-he-1-1.m3u8,网络源,https://epg.pw/media/images/channel/2024/07/28/large/20240728221915654699_44.jpg
[VGA]徐州新闻综合,https://t.freetv.fun/live/xu-zhou-xin-wen-zong-he-3.m3u8,网络源,https://epg.pw/media/images/channel/2024/07/28/large/20240728221915654699_44.jpg
[VGA]泉州新闻综合,https://t.freetv.fun/live/quan-zhou-xin-wen-zong-he.php,网络源,https://epg.pw/media/images/channel/2024/07/28/large/20240728221915654699_44.jpg
[VGA]漳州新闻综合,https://t.freetv.fun/live/zhang-zhou-xin-wen-zong-he-1.php,网络源,https://epg.pw/media/images/channel/2024/07/28/large/20240728221915654699_44.jpg
[VGA]锦州新闻综合,https://t.freetv.fun/live/jin-zhou-xin-wen-zong-he.m3u8,网络源,https://epg.pw/media/images/channel/2024/07/28/large/20240728221915654699_44.jpg
[VGA]蜡笔小新,https://t.freetv.fun/live/zha-bi-xiao-xin.flv,网络源,https://epg.pw/media/images/channel/2019/04/05/large/20190405231332742435_36.png
[VGA]蜡笔小新,https://t.freetv.fun/live/zha-bi-xiao-xin-1.php,网络源,https://epg.pw/media/images/channel/2019/04/05/large/20190405231332742435_36.png
[VGA]蜡笔小新,https://t.freetv.fun/live/zha-bi-xiao-xin-2.php,网络源,https://epg.pw/media/images/channel/2019/04/05/large/20190405231332742435_36.png
[VGA]衡水公共频道,https://t.freetv.fun/live/heng-shui-gong-gong-pin-dao.m3u8,网络源,https://epg.pw/media/img/logo/3_363.jpg
[VGA]溧水新闻综合,https://t.freetv.fun/live/li-shui-xin-wen-zong-he-1.m3u8,网络源,https://epg.pw/media/images/channel/2022/10/31/large/20221031233853196280_14.jpg
[VGA]文水新闻综合,https://t.freetv.fun/live/wen-shui-xin-wen-zong-he.m3u8,网络源,https://epg.pw/media/images/channel/2022/10/31/large/20221031233853196280_14.jpg
[VGA]泗水新闻综合,https://t.freetv.fun/live/si-shui-xin-wen-zong-he.php,网络源,https://epg.pw/media/images/channel/2022/10/31/large/20221031233853196280_14.jpg
[BD]衡水新闻综合,https://t.freetv.fun/live/heng-shui-xin-wen-zong-he.m3u8,网络源,https://epg.pw/media/images/channel/2022/10/31/large/20221031233853196280_14.jpg
[VGA]衡阳县电视,https://t.freetv.fun/live/heng-yang-xian-dian-shi.m3u8,网络源,https://epg.pw/media/img/logo/3_322.jpg
[VGA]西安商务资讯,https://t.freetv.fun/live/xi-an-shang-wu-zi-xun-1.m3u8,网络源,https://epg.pw/media/images/channel/2022/06/11/large/20220611224831692755_47.jpg
[BD]西安影视,https://t.freetv.fun/live/xi-an-ying-shi.m3u8,网络源,https://epg.pw/media/images/channel/2022/06/11/large/20220611231249490826_24.jpg
[BD]西安戏剧影视,https://t.freetv.fun/live/xi-an-xi-ju-ying-shi.flv,网络源,https://epg.pw/media/images/channel/2022/06/11/large/20220611231249490826_24.jpg
[VGA]西安戏剧影视,https://t.freetv.fun/live/xi-an-xi-ju-ying-shi-1.m3u8,网络源,https://epg.pw/media/images/channel/2022/06/11/large/20220611231249490826_24.jpg
[VGA]西安新闻综合,https://t.freetv.fun/live/xi-an-xin-wen-zong-he-1.m3u8,网络源,https://epg.pw/media/images/channel/2022/06/11/large/20220611224649720469_86.jpg
[VGA]广西|隆安新闻综合,https://t.freetv.fun/live/yan-xi-long-an-xin-wen-zong-he.m3u8,网络源,https://epg.pw/media/images/channel/2022/06/11/large/20220611224649720469_86.jpg
[VGA]西安新闻综合,https://t.freetv.fun/live/xi-an-xin-wen-zong-he-1-1.m3u8,网络源,https://epg.pw/media/images/channel/2022/06/11/large/20220611224649720469_86.jpg
[SD]西安新闻,https://t.freetv.fun/live/xi-an-xin-wen.m3u8,网络源,https://epg.pw/media/images/channel/2022/06/11/large/20220611224649720469_86.jpg
[SD]西安都市,https://t.freetv.fun/live/xi-an-du-shi.m3u8,网络源,https://epg.pw/media/img/logo/3_56.jpg
[BD]西安都市,https://t.freetv.fun/live/xi-an-du-shi-1.m3u8,网络源,https://epg.pw/media/img/logo/3_56.jpg
[VGA]西安都市,https://t.freetv.fun/live/xi-an-du-shi-2.m3u8,网络源,https://epg.pw/media/img/logo/3_56.jpg
[VGA]景宁新闻综合,https://t.freetv.fun/live/jing-zhu-xin-wen-zong-he.m3u8,网络源,https://epg.pw/media/images/channel/2022/05/31/large/20220531230922691320_46.jpg
[VGA]休宁新闻综合,https://t.freetv.fun/live/xiu-zhu-xin-wen-zong-he.m3u8,网络源,https://epg.pw/media/images/channel/2022/05/31/large/20220531230922691320_46.jpg
[VGA]西青新闻综合,https://t.freetv.fun/live/xi-qing-xin-wen-zong-he-1.m3u8,网络源,https://epg.pw/media/images/channel/2022/05/31/large/20220531230922691320_46.jpg
[BD]西宁新闻综合频道,https://t.freetv.fun/live/xi-zhu-xin-wen-zong-he-pin-dao.m3u8,网络源,https://epg.pw/media/images/channel/2022/05/31/large/20220531230922691320_46.jpg
[BD]青海西宁新闻综合,https://t.freetv.fun/live/qing-hai-xi-zhu-xin-wen-zong-he.m3u8,网络源,https://epg.pw/media/images/channel/2022/05/31/large/20220531230922691320_46.jpg
[BD]宁海新闻综合,https://t.freetv.fun/live/zhu-hai-xin-wen-zong-he.flv,网络源,https://epg.pw/media/images/channel/2022/05/31/large/20220531230922691320_46.jpg
[VGA]西藏影视文化,https://t.freetv.fun/live/xi-cang-ying-shi-wen-hua-1.php,网络源,https://epg.pw/media/images/channel/2022/05/30/large/20220530222246719342_54.jpg
[BD]西藏影视文化,https://t.freetv.fun/live/xi-cang-ying-shi-wen-hua-1-1.php,网络源,https://epg.pw/media/images/channel/2022/05/30/large/20220530222246719342_54.jpg
[SD]西藏藏语卫视,https://t.freetv.fun/live/xi-cang-cang-yu-wei-shi-2.m3u8,网络源,https://epg.pw/media/images/channel/2022/08/25/large/20220825232059210399_40.png
[VGA]西藏藏语卫视,https://t.freetv.fun/live/xi-cang-cang-yu-wei-shi-2.php,网络源,https://epg.pw/media/images/channel/2022/08/25/large/20220825232059210399_40.png
[BD]藏语卫视,https://t.freetv.fun/live/cang-yu-wei-shi.php,网络源,https://epg.pw/media/images/channel/2022/08/25/large/20220825232059210399_40.png
[VGA]西藏藏语,https://t.freetv.fun/live/xi-cang-cang-yu.m3u8,网络源,https://epg.pw/media/images/channel/2022/08/25/large/20220825232059210399_40.png
[VGA]西藏卫视,https://t.freetv.fun/live/xi-cang-wei-shi-13.m3u8,网络源,https://epg.pw/media/images/channel/2022/05/31/large/20220531231110733151_44.jpg
[BD]西藏卫视,https://t.freetv.fun/live/xi-cang-wei-shi-5-1.m3u8,网络源,https://epg.pw/media/images/channel/2022/05/31/large/20220531231110733151_44.jpg
[BD]西藏卫视,https://t.freetv.fun/live/xi-cang-wei-shi-6.php,网络源,https://epg.pw/media/images/channel/2022/05/31/large/20220531231110733151_44.jpg
[BD]西藏卫视,https://t.freetv.fun/live/xi-cang-wei-shi-10.m3u8,网络源,https://epg.pw/media/images/channel/2022/05/31/large/20220531231110733151_44.jpg
[VGA]cn: 西藏卫视,https://t.freetv.fun/live/cn-xi-cang-wei-shi.m3u8,网络源,https://epg.pw/media/images/channel/2022/05/31/large/20220531231110733151_44.jpg
[SD]西藏卫视,https://t.freetv.fun/live/xi-cang-wei-shi-2-2.m3u8,网络源,https://epg.pw/media/images/channel/2022/05/31/large/20220531231110733151_44.jpg
[VGA]西藏卫视,https://t.freetv.fun/live/xi-cang-wei-shi-3-2.m3u8,网络源,https://epg.pw/media/images/channel/2022/05/31/large/20220531231110733151_44.jpg
[VGA]西藏卫视,https://t.freetv.fun/live/xi-cang-wei-shi-4-1.m3u8,网络源,https://epg.pw/media/images/channel/2022/05/31/large/20220531231110733151_44.jpg
[VGA]西藏卫视,https://t.freetv.fun/live/xi-cang-wei-shi-13.php,网络源,https://epg.pw/media/images/channel/2022/05/31/large/20220531231110733151_44.jpg
[BD]西藏卫视,https://t.freetv.fun/live/xi-cang-wei-shi-7-1.php,网络源,https://epg.pw/media/images/channel/2022/05/31/large/20220531231110733151_44.jpg
[BD]西藏卫视,https://t.freetv.fun/live/xi-cang-wei-shi-12.m3u8,网络源,https://epg.pw/media/images/channel/2022/05/31/large/20220531231110733151_44.jpg
[SD]西藏卫视,https://t.freetv.fun/live/xi-cang-wei-shi-26.m3u8,网络源,https://epg.pw/media/images/channel/2022/05/31/large/20220531231110733151_44.jpg
[VGA]西藏卫视,https://t.freetv.fun/live/xi-cang-wei-shi-39.m3u8,网络源,https://epg.pw/media/images/channel/2022/05/31/large/20220531231110733151_44.jpg
[BD]西藏卫视,https://t.freetv.fun/live/xi-cang-wei-shi-11.m3u8,网络源,https://epg.pw/media/images/channel/2022/05/31/large/20220531231110733151_44.jpg
[BD]西藏卫视,https://t.freetv.fun/live/xi-cang-wei-shi-13.smil,网络源,https://epg.pw/media/images/channel/2022/05/31/large/20220531231110733151_44.jpg
[BD]西藏卫视,https://t.freetv.fun/live/xi-cang-wei-shi-1-1.m3u8,网络源,https://epg.pw/media/images/channel/2022/05/31/large/20220531231110733151_44.jpg
[BD]西藏卫视,https://t.freetv.fun/live/xi-cang-wei-shi-9-1.m3u8,网络源,https://epg.pw/media/images/channel/2022/05/31/large/20220531231110733151_44.jpg
[VGA]西藏卫视,https://t.freetv.fun/live/xi-cang-wei-shi-16.m3u8,网络源,https://epg.pw/media/images/channel/2022/05/31/large/20220531231110733151_44.jpg
[VGA]西藏卫视 标清,https://t.freetv.fun/live/xi-cang-wei-shi-biao-qing-1-1.m3u8,网络源,https://epg.pw/media/images/channel/2022/05/31/large/20220531231110733151_44.jpg
[VGA]西藏卫视高清,https://t.freetv.fun/live/xi-cang-wei-shi-gao-qing.smil,网络源,https://epg.pw/media/images/channel/2022/05/31/large/20220531231110733151_44.jpg
[BD]西藏卫视 标清,https://t.freetv.fun/live/xi-cang-wei-shi-biao-qing-1.php,网络源,https://epg.pw/media/images/channel/2022/05/31/large/20220531231110733151_44.jpg
[VGA]西藏卫视 标清,https://t.freetv.fun/live/xi-cang-wei-shi-biao-qing-1.m3u8,网络源,https://epg.pw/media/images/channel/2022/05/31/large/20220531231110733151_44.jpg
[VGA]視納華仁紀實,https://t.freetv.fun/live/shi-na-hua-ren-ji-shi.php,网络源,https://epg.pw/media/images/channel/2024/08/14/large/20240814093932687647_39.png
[VGA]視納華仁紀實,https://t.freetv.fun/live/shi-na-hua-ren-ji-shi-1.m3u8,网络源,https://epg.pw/media/images/channel/2024/08/14/large/20240814093932687647_39.png
[VGA]視納華仁紀實,https://t.freetv.fun/live/shi-na-hua-ren-ji-shi-2.m3u8,网络源,https://epg.pw/media/images/channel/2024/08/14/large/20240814093932687647_39.png
[VGA]視納華仁紀實,https://t.freetv.fun/live/shi-na-hua-ren-ji-shi-3.m3u8,网络源,https://epg.pw/media/images/channel/2024/08/14/large/20240814093932687647_39.png
[VGA]視納華仁紀實,https://t.freetv.fun/live/shi-na-hua-ren-ji-shi-4.m3u8,网络源,https://epg.pw/media/images/channel/2024/08/14/large/20240814093932687647_39.png
[VGA]視納華仁紀實,https://t.freetv.fun/live/shi-na-hua-ren-ji-shi-5.m3u8,网络源,https://epg.pw/media/images/channel/2024/08/14/large/20240814093932687647_39.png
[VGA]視納華仁紀實,https://t.freetv.fun/live/shi-na-hua-ren-ji-shi-6.m3u8,网络源,https://epg.pw/media/images/channel/2024/08/14/large/20240814093932687647_39.png
[VGA]視納華仁紀實,https://t.freetv.fun/live/shi-na-hua-ren-ji-shi-7.m3u8,网络源,https://epg.pw/media/images/channel/2024/08/14/large/20240814093932687647_39.png
[VGA]視納華仁紀實,https://t.freetv.fun/live/shi-na-hua-ren-ji-shi-8.m3u8,网络源,https://epg.pw/media/images/channel/2024/08/14/large/20240814093932687647_39.png
[VGA]視納華仁紀實,https://t.freetv.fun/live/shi-na-hua-ren-ji-shi-9.m3u8,网络源,https://epg.pw/media/images/channel/2024/08/14/large/20240814093932687647_39.png
[VGA]視納華仁紀實,https://t.freetv.fun/live/shi-na-hua-ren-ji-shi-10.m3u8,网络源,https://epg.pw/media/images/channel/2024/08/14/large/20240814093932687647_39.png
[VGA]視納華仁紀實,https://t.freetv.fun/live/shi-na-hua-ren-ji-shi-11.m3u8,网络源,https://epg.pw/media/images/channel/2024/08/14/large/20240814093932687647_39.png
[VGA]視納華仁紀實,https://t.freetv.fun/live/shi-na-hua-ren-ji-shi-12.m3u8,网络源,https://epg.pw/media/images/channel/2024/08/14/large/20240814093932687647_39.png
[VGA]視納華仁紀實,https://t.freetv.fun/live/shi-na-hua-ren-ji-shi-13.m3u8,网络源,https://epg.pw/media/images/channel/2024/08/14/large/20240814093932687647_39.png
[VGA]視納華仁紀實,https://t.freetv.fun/live/shi-na-hua-ren-ji-shi-14.m3u8,网络源,https://epg.pw/media/images/channel/2024/08/14/large/20240814093932687647_39.png
[VGA]視納華仁紀實,https://t.freetv.fun/live/shi-na-hua-ren-ji-shi-15.m3u8,网络源,https://epg.pw/media/images/channel/2024/08/14/large/20240814093932687647_39.png
[VGA]視納華仁紀實,https://t.freetv.fun/live/shi-na-hua-ren-ji-shi-16.m3u8,网络源,https://epg.pw/media/images/channel/2024/08/14/large/20240814093932687647_39.png
[BD]視納華仁紀實,https://t.freetv.fun/live/shi-na-hua-ren-ji-shi-17.php,网络源,https://epg.pw/media/images/channel/2024/08/14/large/20240814093932687647_39.png
[VGA]诚心电视台,https://t.freetv.fun/live/cheng-xin-dian-shi-tai.ts,网络源,https://epg.pw/media/uploads/tmp_logo/2017/07/16/20170716212317382059_28.jpg
[VGA]诚心电视台,https://t.freetv.fun/live/cheng-xin-dian-shi-tai-1.ts,网络源,https://epg.pw/media/uploads/tmp_logo/2017/07/16/20170716212317382059_28.jpg
[VGA]猪哥亮歌厅秀,https://t.freetv.fun/live/zhu-ge-liang-ge-ting-xiu.flv,网络源,https://epg.pw/media/images/channel/2024/10/22/large/20241022022602435323_42.jpg
[VGA]豬哥亮歌廳秀,https://t.freetv.fun/live/zhu-ge-liang-ge-ting-xiu-1.php,网络源,https://epg.pw/media/images/channel/2024/10/22/large/20241022022602435323_42.jpg
[VGA]猪哥亮哥厅秀,https://t.freetv.fun/live/zhu-ge-liang-ge-ting-xiu-2.php,网络源,https://epg.pw/media/images/channel/2024/10/22/large/20241022022602435323_42.jpg
[VGA]猪哥亮歌厅秀,https://t.freetv.fun/live/zhu-ge-liang-ge-ting-xiu-1-1.ts,网络源,https://epg.pw/media/images/channel/2024/10/22/large/20241022022602435323_42.jpg
[VGA]豬哥亮歌廳秀,https://t.freetv.fun/live/zhu-ge-liang-ge-ting-xiu-1-2.m3u8,网络源,https://epg.pw/media/images/channel/2024/10/22/large/20241022022602435323_42.jpg
[VGA]豬哥亮歌廳秀,https://t.freetv.fun/live/zhu-ge-liang-ge-ting-xiu-2-1.m3u8,网络源,https://epg.pw/media/images/channel/2024/10/22/large/20241022022602435323_42.jpg
[VGA]豬哥亮歌廳秀,https://t.freetv.fun/live/zhu-ge-liang-ge-ting-xiu-3.m3u8,网络源,https://epg.pw/media/images/channel/2024/10/22/large/20241022022602435323_42.jpg
[VGA]豬哥亮歌廳秀,https://t.freetv.fun/live/zhu-ge-liang-ge-ting-xiu-4.m3u8,网络源,https://epg.pw/media/images/channel/2024/10/22/large/20241022022602435323_42.jpg
[VGA]豬哥亮歌廳秀,https://t.freetv.fun/live/zhu-ge-liang-ge-ting-xiu-5.m3u8,网络源,https://epg.pw/media/images/channel/2024/10/22/large/20241022022602435323_42.jpg
[VGA]豬哥亮歌廳秀,https://t.freetv.fun/live/zhu-ge-liang-ge-ting-xiu-6.m3u8,网络源,https://epg.pw/media/images/channel/2024/10/22/large/20241022022602435323_42.jpg
[VGA]豬哥亮歌廳秀,https://t.freetv.fun/live/zhu-ge-liang-ge-ting-xiu-7.m3u8,网络源,https://epg.pw/media/images/channel/2024/10/22/large/20241022022602435323_42.jpg
[VGA]豬哥亮歌廳秀,https://t.freetv.fun/live/zhu-ge-liang-ge-ting-xiu-8.m3u8,网络源,https://epg.pw/media/images/channel/2024/10/22/large/20241022022602435323_42.jpg
[VGA]豬哥亮歌廳秀,https://t.freetv.fun/live/zhu-ge-liang-ge-ting-xiu-9.m3u8,网络源,https://epg.pw/media/images/channel/2024/10/22/large/20241022022602435323_42.jpg
[VGA]豬哥亮歌廳秀,https://t.freetv.fun/live/zhu-ge-liang-ge-ting-xiu-10.m3u8,网络源,https://epg.pw/media/images/channel/2024/10/22/large/20241022022602435323_42.jpg
[VGA]豬哥亮歌廳秀,https://t.freetv.fun/live/zhu-ge-liang-ge-ting-xiu-11.m3u8,网络源,https://epg.pw/media/images/channel/2024/10/22/large/20241022022602435323_42.jpg
[VGA]豬哥亮歌廳秀,https://t.freetv.fun/live/zhu-ge-liang-ge-ting-xiu-12.m3u8,网络源,https://epg.pw/media/images/channel/2024/10/22/large/20241022022602435323_42.jpg
[VGA]豬哥亮歌廳秀,https://t.freetv.fun/live/zhu-ge-liang-ge-ting-xiu-13.m3u8,网络源,https://epg.pw/media/images/channel/2024/10/22/large/20241022022602435323_42.jpg
[VGA]豬哥亮歌廳秀,https://t.freetv.fun/live/zhu-ge-liang-ge-ting-xiu-14.m3u8,网络源,https://epg.pw/media/images/channel/2024/10/22/large/20241022022602435323_42.jpg
[VGA]豬哥亮歌廳秀,https://t.freetv.fun/live/zhu-ge-liang-ge-ting-xiu-15.m3u8,网络源,https://epg.pw/media/images/channel/2024/10/22/large/20241022022602435323_42.jpg
[BD]豬哥亮歌廳秀,https://t.freetv.fun/live/zhu-ge-liang-ge-ting-xiu-16.php,网络源,https://epg.pw/media/images/channel/2024/10/22/large/20241022022602435323_42.jpg
[VGA]贵州卫视,https://t.freetv.fun/live/gui-zhou-wei-shi-11.m3u8,网络源,https://epg.pw/media/images/channel/2022/05/31/large/20220531144236171971_20.jpg
[BD]贵州卫视,https://t.freetv.fun/live/gui-zhou-wei-shi-1-2.m3u8,网络源,https://epg.pw/media/images/channel/2022/05/31/large/20220531144236171971_20.jpg
[SD]贵州卫视,https://t.freetv.fun/live/gui-zhou-wei-shi-2-1.m3u8,网络源,https://epg.pw/media/images/channel/2022/05/31/large/20220531144236171971_20.jpg
[BD]贵州卫视,https://t.freetv.fun/live/gui-zhou-wei-shi-3-2.m3u8,网络源,https://epg.pw/media/images/channel/2022/05/31/large/20220531144236171971_20.jpg
[BD]贵州卫视,https://t.freetv.fun/live/gui-zhou-wei-shi-4-2.m3u8,网络源,https://epg.pw/media/images/channel/2022/05/31/large/20220531144236171971_20.jpg
[VGA]贵州卫视,https://t.freetv.fun/live/gui-zhou-wei-shi-5-1.m3u8,网络源,https://epg.pw/media/images/channel/2022/05/31/large/20220531144236171971_20.jpg
[VGA]贵州卫视[1920*1080],https://t.freetv.fun/live/gui-zhou-wei-shi-1920-1080.m3u8,网络源,https://epg.pw/media/images/channel/2022/05/31/large/20220531144236171971_20.jpg
[VGA]贵州卫视[1920*1080],https://t.freetv.fun/live/gui-zhou-wei-shi-1920-1080-1.m3u8,网络源,https://epg.pw/media/images/channel/2022/05/31/large/20220531144236171971_20.jpg
[VGA]贵州卫视,https://t.freetv.fun/live/gui-zhou-wei-shi-3-2.php,网络源,https://epg.pw/media/images/channel/2022/05/31/large/20220531144236171971_20.jpg
[BD]贵州卫视,https://t.freetv.fun/live/gui-zhou-wei-shi-4-2.php,网络源,https://epg.pw/media/images/channel/2022/05/31/large/20220531144236171971_20.jpg
[SD]贵州卫视,https://t.freetv.fun/live/gui-zhou-wei-shi-18.m3u8,网络源,https://epg.pw/media/images/channel/2022/05/31/large/20220531144236171971_20.jpg
[BD]贵州卫视,https://t.freetv.fun/live/gui-zhou-wei-shi-16.m3u8,网络源,https://epg.pw/media/images/channel/2022/05/31/large/20220531144236171971_20.jpg
[BD]贵州卫视,https://t.freetv.fun/live/gui-zhou-wei-shi-11.php,网络源,https://epg.pw/media/images/channel/2022/05/31/large/20220531144236171971_20.jpg
[VGA]贵州卫视,https://t.freetv.fun/live/gui-zhou-wei-shi-1-2.php,网络源,https://epg.pw/media/images/channel/2022/05/31/large/20220531144236171971_20.jpg
[VGA]贵州卫视,https://t.freetv.fun/live/gui-zhou-wei-shi-6-2.m3u8,网络源,https://epg.pw/media/images/channel/2022/05/31/large/20220531144236171971_20.jpg
[VGA]贵州卫视,https://t.freetv.fun/live/gui-zhou-wei-shi-7-2.m3u8,网络源,https://epg.pw/media/images/channel/2022/05/31/large/20220531144236171971_20.jpg
[VGA]贵州卫视高清,https://t.freetv.fun/live/gui-zhou-wei-shi-gao-qing-1.m3u8,网络源,https://epg.pw/media/images/channel/2022/05/31/large/20220531144236171971_20.jpg
[SD]贵州卫视,https://t.freetv.fun/live/gui-zhou-wei-shi-27.m3u8,网络源,https://epg.pw/media/images/channel/2022/05/31/large/20220531144236171971_20.jpg
[BD]贵州卫视,https://t.freetv.fun/live/gui-zhou-wei-shi-8-1.m3u8,网络源,https://epg.pw/media/images/channel/2022/05/31/large/20220531144236171971_20.jpg
[BD]贵州卫视,https://t.freetv.fun/live/gui-zhou-wei-shi-9-1.m3u8,网络源,https://epg.pw/media/images/channel/2022/05/31/large/20220531144236171971_20.jpg
[SD]贵州卫视,https://t.freetv.fun/live/gui-zhou-wei-shi-10-1.m3u8,网络源,https://epg.pw/media/images/channel/2022/05/31/large/20220531144236171971_20.jpg
[VGA]贵州卫视,https://t.freetv.fun/live/gui-zhou-wei-shi-11-1.m3u8,网络源,https://epg.pw/media/images/channel/2022/05/31/large/20220531144236171971_20.jpg
[BD]贵州卫视,https://t.freetv.fun/live/gui-zhou-wei-shi-12.m3u8,网络源,https://epg.pw/media/images/channel/2022/05/31/large/20220531144236171971_20.jpg
[SD]贵州卫视,https://t.freetv.fun/live/gui-zhou-wei-shi-13.m3u8,网络源,https://epg.pw/media/images/channel/2022/05/31/large/20220531144236171971_20.jpg
[BD]贵州卫视,https://t.freetv.fun/live/gui-zhou-wei-shi-15.m3u8,网络源,https://epg.pw/media/images/channel/2022/05/31/large/20220531144236171971_20.jpg
[SD]贵州卫视,https://t.freetv.fun/live/gui-zhou-wei-shi-17.m3u8,网络源,https://epg.pw/media/images/channel/2022/05/31/large/20220531144236171971_20.jpg
[SD]贵州卫视,https://t.freetv.fun/live/gui-zhou-wei-shi-19.m3u8,网络源,https://epg.pw/media/images/channel/2022/05/31/large/20220531144236171971_20.jpg
[VGA]贵州卫视 高清,https://t.freetv.fun/live/gui-zhou-wei-shi-gao-qing-2.m3u8,网络源,https://epg.pw/media/images/channel/2022/05/31/large/20220531144236171971_20.jpg
[VGA]贵州卫视-1,https://t.freetv.fun/live/gui-zhou-wei-shi-1-3.php,网络源,https://epg.pw/media/images/channel/2022/05/31/large/20220531144236171971_20.jpg
[VGA]贵州卫视-5,https://t.freetv.fun/live/gui-zhou-wei-shi-5-2.php,网络源,https://epg.pw/media/images/channel/2022/05/31/large/20220531144236171971_20.jpg
[BD]贵州卫视,https://t.freetv.fun/live/gui-zhou-wei-shi-30.m3u8,网络源,https://epg.pw/media/images/channel/2022/05/31/large/20220531144236171971_20.jpg
[BD]贵州卫视,https://t.freetv.fun/live/gui-zhou-wei-shi-31.m3u8,网络源,https://epg.pw/media/images/channel/2022/05/31/large/20220531144236171971_20.jpg
[BD]贵州卫视,https://t.freetv.fun/live/gui-zhou-wei-shi-32.m3u8,网络源,https://epg.pw/media/images/channel/2022/05/31/large/20220531144236171971_20.jpg
[VGA]贵州卫视高清,https://t.freetv.fun/live/gui-zhou-wei-shi-gao-qing-1.smil,网络源,https://epg.pw/media/images/channel/2022/05/31/large/20220531144236171971_20.jpg
[VGA]贵州卫视 8m1080,https://t.freetv.fun/live/gui-zhou-wei-shi-8m1080.m3u8,网络源,https://epg.pw/media/images/channel/2022/05/31/large/20220531144236171971_20.jpg
[VGA]贵州卫视 8m1080,https://t.freetv.fun/live/gui-zhou-wei-shi-8m1080-1.m3u8,网络源,https://epg.pw/media/images/channel/2022/05/31/large/20220531144236171971_20.jpg
[VGA]贵州卫视-2,https://t.freetv.fun/live/gui-zhou-wei-shi-2-2.php,网络源,https://epg.pw/media/images/channel/2022/05/31/large/20220531144236171971_20.jpg
[VGA]贵州卫视-4,https://t.freetv.fun/live/gui-zhou-wei-shi-4-3.php,网络源,https://epg.pw/media/images/channel/2022/05/31/large/20220531144236171971_20.jpg
[VGA]贵州卫视 高清,https://t.freetv.fun/live/gui-zhou-wei-shi-gao-qing-1-1.m3u8,网络源,https://epg.pw/media/images/channel/2022/05/31/large/20220531144236171971_20.jpg
[VGA]平阳新闻综合,https://t.freetv.fun/live/ping-yang-xin-wen-zong-he.m3u8,网络源,https://epg.pw/media/images/channel/2022/05/27/large/20220527161138725957_91.jpg
[VGA]灌阳新闻综合,https://t.freetv.fun/live/guan-yang-xin-wen-zong-he.m3u8,网络源,https://epg.pw/media/images/channel/2022/05/27/large/20220527161138725957_91.jpg
[VGA]贵港新闻综合,https://t.freetv.fun/live/gui-gang-xin-wen-zong-he.m3u8,网络源,https://epg.pw/media/images/channel/2022/05/27/large/20220527161138725957_91.jpg
[BD]魅力足球,https://t.freetv.fun/live/mei-li-zu-qiu-3.php,网络源,https://epg.pw/media/images/channel/2024/07/10/large/20240710150644069369_72.png
[VGA]魅力足球,https://t.freetv.fun/live/mei-li-zu-qiu-1-2.m3u8,网络源,https://epg.pw/media/images/channel/2024/07/10/large/20240710150644069369_72.png
[VGA]魅力足球,https://t.freetv.fun/live/mei-li-zu-qiu-3.m3u8,网络源,https://epg.pw/media/images/channel/2024/07/10/large/20240710150644069369_72.png
[VGA]足球,https://t.freetv.fun/live/zu-qiu.smil,网络源,https://epg.pw/media/images/channel/2024/07/10/large/20240710150644069369_72.png
[VGA]足球,https://t.freetv.fun/live/zu-qiu-1.m3u8,网络源,https://epg.pw/media/images/channel/2024/07/10/large/20240710150644069369_72.png
[VGA]足球,https://t.freetv.fun/live/zu-qiu-2.m3u8,网络源,https://epg.pw/media/images/channel/2024/07/10/large/20240710150644069369_72.png
[VGA]足球,https://t.freetv.fun/live/zu-qiu-3.m3u8,网络源,https://epg.pw/media/images/channel/2024/07/10/large/20240710150644069369_72.png
[VGA]农林卫视,https://t.freetv.fun/live/nong-lin-wei-shi-1.m3u8,网络源,https://epg.pw/media/images/channel/2022/01/15/large/20220115214129172948_47.png
[VGA]中国农林卫视,https://t.freetv.fun/live/zhong-guo-nong-lin-wei-shi.m3u8,网络源,https://epg.pw/media/images/channel/2022/01/15/large/20220115214129172948_47.png
[VGA]中国农林卫视,https://t.freetv.fun/live/zhong-guo-nong-lin-wei-shi-1.m3u8,网络源,https://epg.pw/media/images/channel/2022/01/15/large/20220115214129172948_47.png
[VGA]中国农林卫视,https://t.freetv.fun/live/zhong-guo-nong-lin-wei-shi-2.m3u8,网络源,https://epg.pw/media/images/channel/2022/01/15/large/20220115214129172948_47.png
[BD]中国农林卫视,https://t.freetv.fun/live/zhong-guo-nong-lin-wei-shi-3.m3u8,网络源,https://epg.pw/media/images/channel/2022/01/15/large/20220115214129172948_47.png
[VGA]连云港新闻,https://t.freetv.fun/live/lian-yun-gang-xin-wen.m3u8,网络源,https://epg.pw/media/images/channel/2019/08/06/large/20190806212508654005_27.png
[SD]连云港综合,https://t.freetv.fun/live/lian-yun-gang-zong-he.m3u8,网络源,https://epg.pw/media/images/channel/2022/11/01/large/20221101022805784877_41.jpg
[SD]连云港新闻综合,https://t.freetv.fun/live/lian-yun-gang-xin-wen-zong-he-1.m3u8,网络源,https://epg.pw/media/images/channel/2022/11/01/large/20221101022805784877_41.jpg
[HD]运城公共频道,https://t.freetv.fun/live/yun-cheng-gong-gong-pin-dao.m3u8,网络源,https://epg.pw/media/images/channel/2022/11/01/large/20221101014352867136_74.jpg
[HD]运城新闻综合,https://t.freetv.fun/live/yun-cheng-xin-wen-zong-he.m3u8,网络源,https://epg.pw/media/images/channel/2022/11/01/large/20221101014323350393_56.jpg
[SD]山西运城新闻综合,https://t.freetv.fun/live/shan-xi-yun-cheng-xin-wen-zong-he.m3u8,网络源,https://epg.pw/media/images/channel/2022/11/01/large/20221101014323350393_56.jpg
[HD]运城科技教育,https://t.freetv.fun/live/yun-cheng-ke-ji-jiao-yu.m3u8,网络源,https://epg.pw/media/images/channel/2022/11/01/large/20221101014421180412_68.jpg
[SD]山西运城科技教育,https://t.freetv.fun/live/shan-xi-yun-cheng-ke-ji-jiao-yu.m3u8,网络源,https://epg.pw/media/images/channel/2022/11/01/large/20221101014421180412_68.jpg
[VGA]运通财经台,https://t.freetv.fun/live/yun-tong-cai-jing-tai.m3u8,网络源,https://epg.pw/media/images/channel/2022/08/03/large/20220803173208797361_72.jpg
[VGA]达文西,https://t.freetv.fun/live/da-wen-xi.php,网络源,https://epg.pw/media/images/channel/2024/08/14/large/20240814042042678791_12.png
[VGA]达文西,https://t.freetv.fun/live/da-wen-xi-1.php,网络源,https://epg.pw/media/images/channel/2024/08/14/large/20240814042042678791_12.png
[VGA]達文西,https://t.freetv.fun/live/da-wen-xi-2.php,网络源,https://epg.pw/media/images/channel/2024/08/14/large/20240814042042678791_12.png
[VGA]達文西,https://t.freetv.fun/live/da-wen-xi-1-1.m3u8,网络源,https://epg.pw/media/images/channel/2024/08/14/large/20240814042042678791_12.png
[VGA]達文西,https://t.freetv.fun/live/da-wen-xi-2-1.m3u8,网络源,https://epg.pw/media/images/channel/2024/08/14/large/20240814042042678791_12.png
[VGA]達文西,https://t.freetv.fun/live/da-wen-xi-3.m3u8,网络源,https://epg.pw/media/images/channel/2024/08/14/large/20240814042042678791_12.png
[VGA]達文西,https://t.freetv.fun/live/da-wen-xi-4.m3u8,网络源,https://epg.pw/media/images/channel/2024/08/14/large/20240814042042678791_12.png
[VGA]達文西,https://t.freetv.fun/live/da-wen-xi-5.m3u8,网络源,https://epg.pw/media/images/channel/2024/08/14/large/20240814042042678791_12.png
[VGA]達文西,https://t.freetv.fun/live/da-wen-xi-6.m3u8,网络源,https://epg.pw/media/images/channel/2024/08/14/large/20240814042042678791_12.png
[VGA]達文西,https://t.freetv.fun/live/da-wen-xi-7.m3u8,网络源,https://epg.pw/media/images/channel/2024/08/14/large/20240814042042678791_12.png
[VGA]達文西,https://t.freetv.fun/live/da-wen-xi-8.m3u8,网络源,https://epg.pw/media/images/channel/2024/08/14/large/20240814042042678791_12.png
[VGA]達文西,https://t.freetv.fun/live/da-wen-xi-9.m3u8,网络源,https://epg.pw/media/images/channel/2024/08/14/large/20240814042042678791_12.png
[VGA]達文西,https://t.freetv.fun/live/da-wen-xi-10.m3u8,网络源,https://epg.pw/media/images/channel/2024/08/14/large/20240814042042678791_12.png
[VGA]達文西,https://t.freetv.fun/live/da-wen-xi-11.m3u8,网络源,https://epg.pw/media/images/channel/2024/08/14/large/20240814042042678791_12.png
[VGA]達文西,https://t.freetv.fun/live/da-wen-xi-12.m3u8,网络源,https://epg.pw/media/images/channel/2024/08/14/large/20240814042042678791_12.png
[VGA]達文西,https://t.freetv.fun/live/da-wen-xi-13.m3u8,网络源,https://epg.pw/media/images/channel/2024/08/14/large/20240814042042678791_12.png
[VGA]達文西,https://t.freetv.fun/live/da-wen-xi-14.m3u8,网络源,https://epg.pw/media/images/channel/2024/08/14/large/20240814042042678791_12.png
[VGA]達文西,https://t.freetv.fun/live/da-wen-xi-15.m3u8,网络源,https://epg.pw/media/images/channel/2024/08/14/large/20240814042042678791_12.png
[BD]達文西,https://t.freetv.fun/live/da-wen-xi-16.php,网络源,https://epg.pw/media/images/channel/2024/08/14/large/20240814042042678791_12.png
[BD]辽宁公共,https://t.freetv.fun/live/liao-zhu-gong-gong.m3u8,网络源,https://epg.pw/media/images/channel/2022/05/31/large/20220531155932261297_92.jpg
[VGA]辽宁公共,https://t.freetv.fun/live/liao-zhu-gong-gong-1.m3u8,网络源,https://epg.pw/media/images/channel/2022/05/31/large/20220531155932261297_92.jpg
[VGA]辽宁北方,https://t.freetv.fun/live/liao-zhu-bei-fang-1.m3u8,网络源,https://epg.pw/media/images/channel/2022/05/31/large/20220531160050742564_64.jpg
[VGA]辽宁影视,https://t.freetv.fun/live/liao-zhu-ying-shi.php,网络源,https://epg.pw/media/images/channel/2022/05/31/large/20220531160145390872_94.jpg
[BD]辽宁影视剧,https://t.freetv.fun/live/liao-zhu-ying-shi-ju.m3u8,网络源,https://epg.pw/media/images/channel/2022/05/31/large/20220531160145390872_94.jpg
[VGA]辽宁教育青少,https://t.freetv.fun/live/liao-zhu-jiao-yu-qing-shao-1.m3u8,网络源,https://epg.pw/media/images/channel/2022/05/31/large/20220531160254366906_42.jpg
[VGA]辽宁生活,https://t.freetv.fun/live/liao-zhu-sheng-huo-1.m3u8,网络源,https://epg.pw/media/images/channel/2022/05/31/large/20220531160328362491_96.jpg
[VGA]辽宁移动电视,https://t.freetv.fun/live/liao-zhu-yi-dong-dian-shi.m3u8,网络源,https://epg.pw/media/images/channel/2021/10/12/large/20211012202328542255_56.png
[BD]辽宁经济,https://t.freetv.fun/live/liao-zhu-jing-ji.m3u8,网络源,https://epg.pw/media/images/channel/2022/05/31/large/20220531224301396432_61.jpg
[VGA]辽宁经济,https://t.freetv.fun/live/liao-zhu-jing-ji-1.m3u8,网络源,https://epg.pw/media/images/channel/2022/05/31/large/20220531224301396432_61.jpg
[VGA]辽宁卫视,https://t.freetv.fun/live/liao-zhu-wei-shi-17.m3u8,网络源,https://epg.pw/media/images/channel/2025/01/28/large/20250128060733782674_48.jpg
[BD]辽宁卫视,https://t.freetv.fun/live/liao-zhu-wei-shi-1-2.m3u8,网络源,https://epg.pw/media/images/channel/2025/01/28/large/20250128060733782674_48.jpg
[SD]辽宁卫视,https://t.freetv.fun/live/liao-zhu-wei-shi-2-1.m3u8,网络源,https://epg.pw/media/images/channel/2025/01/28/large/20250128060733782674_48.jpg
[BD]辽宁卫视,https://t.freetv.fun/live/liao-zhu-wei-shi-7-1.m3u8,网络源,https://epg.pw/media/images/channel/2025/01/28/large/20250128060733782674_48.jpg
[BD]辽宁卫视,https://t.freetv.fun/live/liao-zhu-wei-shi-9.m3u8,网络源,https://epg.pw/media/images/channel/2025/01/28/large/20250128060733782674_48.jpg
[BD]辽宁卫视,https://t.freetv.fun/live/liao-zhu-wei-shi-12.m3u8,网络源,https://epg.pw/media/images/channel/2025/01/28/large/20250128060733782674_48.jpg
[BD]辽宁卫视,https://t.freetv.fun/live/liao-zhu-wei-shi-14.m3u8,网络源,https://epg.pw/media/images/channel/2025/01/28/large/20250128060733782674_48.jpg
[VGA]辽宁卫视,https://t.freetv.fun/live/liao-zhu-wei-shi-3-4.m3u8,网络源,https://epg.pw/media/images/channel/2025/01/28/large/20250128060733782674_48.jpg
[VGA]辽宁卫视,https://t.freetv.fun/live/liao-zhu-wei-shi-4-3.m3u8,网络源,https://epg.pw/media/images/channel/2025/01/28/large/20250128060733782674_48.jpg
[VGA]辽宁卫视[1920*1080],https://t.freetv.fun/live/liao-zhu-wei-shi-1920-1080.m3u8,网络源,https://epg.pw/media/images/channel/2025/01/28/large/20250128060733782674_48.jpg
[VGA]辽宁卫视[1920*1080],https://t.freetv.fun/live/liao-zhu-wei-shi-1920-1080-1.m3u8,网络源,https://epg.pw/media/images/channel/2025/01/28/large/20250128060733782674_48.jpg
[VGA]辽宁卫视,https://t.freetv.fun/live/liao-zhu-wei-shi-6-1.php,网络源,https://epg.pw/media/images/channel/2025/01/28/large/20250128060733782674_48.jpg
[BD]辽宁卫视,https://t.freetv.fun/live/liao-zhu-wei-shi-7-1.php,网络源,https://epg.pw/media/images/channel/2025/01/28/large/20250128060733782674_48.jpg
[BD]辽宁卫视,https://t.freetv.fun/live/liao-zhu-wei-shi-16.m3u8,网络源,https://epg.pw/media/images/channel/2025/01/28/large/20250128060733782674_48.jpg
[BD]辽宁卫视,https://t.freetv.fun/live/liao-zhu-wei-shi-13.m3u8,网络源,https://epg.pw/media/images/channel/2025/01/28/large/20250128060733782674_48.jpg
[BD]辽宁卫视,https://t.freetv.fun/live/liao-zhu-wei-shi-19.m3u8,网络源,https://epg.pw/media/images/channel/2025/01/28/large/20250128060733782674_48.jpg
[BD]辽宁卫视,https://t.freetv.fun/live/liao-zhu-wei-shi-17.php,网络源,https://epg.pw/media/images/channel/2025/01/28/large/20250128060733782674_48.jpg
[BD]辽宁卫视,https://t.freetv.fun/live/liao-zhu-wei-shi-5-2.m3u8,网络源,https://epg.pw/media/images/channel/2025/01/28/large/20250128060733782674_48.jpg
[VGA]辽宁卫视hd,https://t.freetv.fun/live/liao-zhu-wei-shi-hd.php,网络源,https://epg.pw/media/images/channel/2025/01/28/large/20250128060733782674_48.jpg
[BD]辽宁卫视,https://t.freetv.fun/live/liao-zhu-wei-shi-15.m3u8,网络源,https://epg.pw/media/images/channel/2025/01/28/large/20250128060733782674_48.jpg
[BD]辽宁卫视,https://t.freetv.fun/live/liao-zhu-wei-shi-6-1.m3u8,网络源,https://epg.pw/media/images/channel/2025/01/28/large/20250128060733782674_48.jpg
[BD]辽宁卫视,https://t.freetv.fun/live/liao-zhu-wei-shi-8-1.m3u8,网络源,https://epg.pw/media/images/channel/2025/01/28/large/20250128060733782674_48.jpg
[SD]辽宁卫视,https://t.freetv.fun/live/liao-zhu-wei-shi-10-1.m3u8,网络源,https://epg.pw/media/images/channel/2025/01/28/large/20250128060733782674_48.jpg
[BD]辽宁卫视,https://t.freetv.fun/live/liao-zhu-wei-shi-11-1.m3u8,网络源,https://epg.pw/media/images/channel/2025/01/28/large/20250128060733782674_48.jpg
[VGA]辽宁卫视,https://t.freetv.fun/live/liao-zhu-wei-shi-17-1.m3u8,网络源,https://epg.pw/media/images/channel/2025/01/28/large/20250128060733782674_48.jpg
[BD]辽宁卫视,https://t.freetv.fun/live/liao-zhu-wei-shi-18.m3u8,网络源,https://epg.pw/media/images/channel/2025/01/28/large/20250128060733782674_48.jpg
[BD]辽宁卫视,https://t.freetv.fun/live/liao-zhu-wei-shi-20.m3u8,网络源,https://epg.pw/media/images/channel/2025/01/28/large/20250128060733782674_48.jpg
[VGA]辽宁卫视,https://t.freetv.fun/live/liao-zhu-wei-shi-23.m3u8,网络源,https://epg.pw/media/images/channel/2025/01/28/large/20250128060733782674_48.jpg
[VGA]辽宁卫视高清,https://t.freetv.fun/live/liao-zhu-wei-shi-gao-qing-1-1.smil,网络源,https://epg.pw/media/images/channel/2025/01/28/large/20250128060733782674_48.jpg
[BD]辽宁卫视,https://t.freetv.fun/live/liao-zhu-wei-shi-24.m3u8,网络源,https://epg.pw/media/images/channel/2025/01/28/large/20250128060733782674_48.jpg
[VGA]辽宁卫视高清,https://t.freetv.fun/live/liao-zhu-wei-shi-gao-qing.smil,网络源,https://epg.pw/media/images/channel/2022/05/31/large/20220531155536893321_81.jpg
[VGA]辽宁卫视 高清,https://t.freetv.fun/live/liao-zhu-wei-shi-gao-qing-1.m3u8,网络源,https://epg.pw/media/images/channel/2022/05/31/large/20220531155536893321_81.jpg
[VGA]辽宁卫视 8m1080,https://t.freetv.fun/live/liao-zhu-wei-shi-8m1080.m3u8,网络源,https://epg.pw/media/images/channel/2022/05/31/large/20220531155536893321_81.jpg
[VGA]辽宁卫视 8m1080,https://t.freetv.fun/live/liao-zhu-wei-shi-8m1080-1.m3u8,网络源,https://epg.pw/media/images/channel/2022/05/31/large/20220531155536893321_81.jpg
[VGA]辽宁都市,https://t.freetv.fun/live/liao-zhu-du-shi-1.php,网络源,https://epg.pw/media/images/channel/2022/05/31/large/20220531160427828013_65.jpg
[BD]辽宁都市,https://t.freetv.fun/live/liao-zhu-du-shi-1.m3u8,网络源,https://epg.pw/media/images/channel/2022/05/31/large/20220531160427828013_65.jpg
[VGA]辽宁都市,https://t.freetv.fun/live/liao-zhu-du-shi-1-1.m3u8,网络源,https://epg.pw/media/images/channel/2022/05/31/large/20220531160427828013_65.jpg
[VGA]辽宁体育,https://t.freetv.fun/live/liao-zhu-ti-yu-1.php,网络源,https://epg.pw/media/images/channel/2022/05/31/large/20220531155857680390_73.jpg
[BD]辽宁体育,https://t.freetv.fun/live/liao-zhu-ti-yu-1.m3u8,网络源,https://epg.pw/media/images/channel/2022/05/31/large/20220531155857680390_73.jpg
[VGA]辽宁体育,https://t.freetv.fun/live/liao-zhu-ti-yu-1-1.m3u8,网络源,https://epg.pw/media/images/channel/2022/05/31/large/20220531155857680390_73.jpg
[VGA]辽宁体育,https://t.freetv.fun/live/liao-zhu-ti-yu-2.m3u8,网络源,https://epg.pw/media/images/channel/2022/05/31/large/20220531155857680390_73.jpg
[HD]烟台新闻综合,https://t.freetv.fun/live/yan-tai-xin-wen-zong-he-1.m3u8,网络源,https://epg.pw/media/img/logo/3_369.jpg
[HD]邢台生活,https://t.freetv.fun/live/xing-tai-sheng-huo.m3u8,网络源,https://epg.pw/media/img/logo/3_368.jpg
[VGA]邢台综合频道,https://t.freetv.fun/live/xing-tai-zong-he-pin-dao-2.flv,网络源,https://epg.pw/media/images/channel/2022/10/31/large/20221031233706366035_78.jpg
[HD]邢台综合频道,https://t.freetv.fun/live/xing-tai-zong-he-pin-dao-1.m3u8,网络源,https://epg.pw/media/images/channel/2022/10/31/large/20221031233706366035_78.jpg
[HD]邢台综合,https://t.freetv.fun/live/xing-tai-zong-he-2.m3u8,网络源,https://epg.pw/media/images/channel/2022/10/31/large/20221031233706366035_78.jpg
[VGA]邢台综合,https://t.freetv.fun/live/xing-tai-zong-he-1.m3u8,网络源,https://epg.pw/media/images/channel/2022/10/31/large/20221031233706366035_78.jpg
[SD]邢台综合频道,https://t.freetv.fun/live/xing-tai-zong-he-pin-dao-2.m3u8,网络源,https://epg.pw/media/images/channel/2022/10/31/large/20221031233706366035_78.jpg
[VGA]邢台综合,https://t.freetv.fun/live/xing-tai-zong-he-4.m3u8,网络源,https://epg.pw/media/images/channel/2022/10/31/large/20221031233706366035_78.jpg
[VGA]宿州新闻综合,https://t.freetv.fun/live/su-zhou-xin-wen-zong-he-1-3.m3u8,网络源,https://epg.pw/media/images/channel/2019/08/06/large/20190806212024462835_94.png
[BD]宿州新闻综合,https://t.freetv.fun/live/su-zhou-xin-wen-zong-he-2.m3u8,网络源,https://epg.pw/media/images/channel/2019/08/06/large/20190806212024462835_94.png
[VGA]赣州新闻综合,https://t.freetv.fun/live/gan-zhou-xin-wen-zong-he-2.m3u8,网络源,https://epg.pw/media/images/channel/2019/08/06/large/20190806212024462835_94.png
[BD]叙州新闻综合,https://t.freetv.fun/live/xu-zhou-xin-wen-zong-he-1-1.m3u8,网络源,https://epg.pw/media/images/channel/2019/08/06/large/20190806212024462835_94.png
[VGA]郴州综合,https://t.freetv.fun/live/chen-zhou-zong-he.m3u8,网络源,https://epg.pw/media/images/channel/2019/08/06/large/20190806212024462835_94.png
[VGA]郴州综合,https://t.freetv.fun/live/chen-zhou-zong-he-1.m3u8,网络源,https://epg.pw/media/images/channel/2019/08/06/large/20190806212024462835_94.png
[VGA]郑州商都高清,https://t.freetv.fun/live/zheng-zhou-shang-du-gao-qing.smil,网络源,https://epg.pw/media/img/logo/2_28.jpg
[VGA]郑州影视戏曲,https://t.freetv.fun/live/zheng-zhou-ying-shi-xi-qu.smil,网络源,https://epg.pw/media/img/logo/2_24.jpg
[VGA]池州新闻综合,https://t.freetv.fun/live/chi-zhou-xin-wen-zong-he-2.flv,网络源,https://epg.pw/media/img/logo/2_29.jpg
[VGA]池州新闻综合,https://t.freetv.fun/live/chi-zhou-xin-wen-zong-he-1.flv,网络源,https://epg.pw/media/img/logo/2_29.jpg
[BD]采昌,https://t.freetv.fun/live/cai-chang-1.m3u8,网络源,https://epg.pw/media/images/channel/2022/08/03/large/20220803165226227722_22.jpg
[VGA]采昌影剧,https://t.freetv.fun/live/cai-chang-ying-ju.m3u8,网络源,https://epg.pw/media/images/channel/2022/08/03/large/20220803165226227722_22.jpg
[VGA]采昌影劇,https://t.freetv.fun/live/cai-chang-ying-ju-1.php,网络源,https://epg.pw/media/images/channel/2022/08/03/large/20220803165226227722_22.jpg
[VGA]采昌影剧,https://t.freetv.fun/live/cai-chang-ying-ju-1-1.php,网络源,https://epg.pw/media/images/channel/2022/08/03/large/20220803165226227722_22.jpg
[VGA]采昌影劇,https://t.freetv.fun/live/cai-chang-ying-ju-1-2.m3u8,网络源,https://epg.pw/media/images/channel/2022/08/03/large/20220803165226227722_22.jpg
[VGA]采昌影劇,https://t.freetv.fun/live/cai-chang-ying-ju-2.m3u8,网络源,https://epg.pw/media/images/channel/2022/08/03/large/20220803165226227722_22.jpg
[VGA]采昌影劇,https://t.freetv.fun/live/cai-chang-ying-ju-3.m3u8,网络源,https://epg.pw/media/images/channel/2022/08/03/large/20220803165226227722_22.jpg
[VGA]采昌影劇,https://t.freetv.fun/live/cai-chang-ying-ju-4.m3u8,网络源,https://epg.pw/media/images/channel/2022/08/03/large/20220803165226227722_22.jpg
[VGA]采昌影劇,https://t.freetv.fun/live/cai-chang-ying-ju-5.m3u8,网络源,https://epg.pw/media/images/channel/2022/08/03/large/20220803165226227722_22.jpg
[VGA]采昌影劇,https://t.freetv.fun/live/cai-chang-ying-ju-6.m3u8,网络源,https://epg.pw/media/images/channel/2022/08/03/large/20220803165226227722_22.jpg
[VGA]采昌影劇,https://t.freetv.fun/live/cai-chang-ying-ju-7.m3u8,网络源,https://epg.pw/media/images/channel/2022/08/03/large/20220803165226227722_22.jpg
[VGA]采昌影劇,https://t.freetv.fun/live/cai-chang-ying-ju-8.m3u8,网络源,https://epg.pw/media/images/channel/2022/08/03/large/20220803165226227722_22.jpg
[VGA]采昌影劇,https://t.freetv.fun/live/cai-chang-ying-ju-9.m3u8,网络源,https://epg.pw/media/images/channel/2022/08/03/large/20220803165226227722_22.jpg
[VGA]采昌影劇,https://t.freetv.fun/live/cai-chang-ying-ju-10.m3u8,网络源,https://epg.pw/media/images/channel/2022/08/03/large/20220803165226227722_22.jpg
[VGA]采昌影劇,https://t.freetv.fun/live/cai-chang-ying-ju-11.m3u8,网络源,https://epg.pw/media/images/channel/2022/08/03/large/20220803165226227722_22.jpg
[VGA]采昌影劇,https://t.freetv.fun/live/cai-chang-ying-ju-12.m3u8,网络源,https://epg.pw/media/images/channel/2022/08/03/large/20220803165226227722_22.jpg
[VGA]采昌影劇,https://t.freetv.fun/live/cai-chang-ying-ju-13.m3u8,网络源,https://epg.pw/media/images/channel/2022/08/03/large/20220803165226227722_22.jpg
[VGA]采昌影劇,https://t.freetv.fun/live/cai-chang-ying-ju-14.m3u8,网络源,https://epg.pw/media/images/channel/2022/08/03/large/20220803165226227722_22.jpg
[VGA]采昌影劇,https://t.freetv.fun/live/cai-chang-ying-ju-15.m3u8,网络源,https://epg.pw/media/images/channel/2022/08/03/large/20220803165226227722_22.jpg
[BD]采昌影劇,https://t.freetv.fun/live/cai-chang-ying-ju-16-1.php,网络源,https://epg.pw/media/images/channel/2022/08/03/large/20220803165226227722_22.jpg
[VGA]重庆新闻超高清,https://t.freetv.fun/live/zhong-qing-xin-wen-chao-gao-qing.m3u8,网络源,https://epg.pw/media/images/channel/2022/05/28/large/20220528101327496903_71.jpg
[VGA]重庆卫视,https://t.freetv.fun/live/zhong-qing-wei-shi-9.m3u8,网络源,https://epg.pw/media/images/channel/2024/03/11/large/20240311111314058451_54.png
[BD]重庆卫视,https://t.freetv.fun/live/zhong-qing-wei-shi-1-1.m3u8,网络源,https://epg.pw/media/images/channel/2024/03/11/large/20240311111314058451_54.png
[BD]重庆卫视,https://t.freetv.fun/live/zhong-qing-wei-shi-4-2.m3u8,网络源,https://epg.pw/media/images/channel/2024/03/11/large/20240311111314058451_54.png
[VGA]重庆卫视,https://t.freetv.fun/live/zhong-qing-wei-shi-11.m3u8,网络源,https://epg.pw/media/images/channel/2024/03/11/large/20240311111314058451_54.png
[VGA]重庆卫视,https://t.freetv.fun/live/zhong-qing-wei-shi-2-3.m3u8,网络源,https://epg.pw/media/images/channel/2024/03/11/large/20240311111314058451_54.png
[VGA]重庆卫视,https://t.freetv.fun/live/zhong-qing-wei-shi-3-3.m3u8,网络源,https://epg.pw/media/images/channel/2024/03/11/large/20240311111314058451_54.png
[VGA]重庆卫视[1920*1080],https://t.freetv.fun/live/zhong-qing-wei-shi-1920-1080.m3u8,网络源,https://epg.pw/media/images/channel/2024/03/11/large/20240311111314058451_54.png
[VGA]重庆卫视,https://t.freetv.fun/live/zhong-qing-wei-shi-3-3.php,网络源,https://epg.pw/media/images/channel/2024/03/11/large/20240311111314058451_54.png
[BD]重庆卫视,https://t.freetv.fun/live/zhong-qing-wei-shi-4-2.php,网络源,https://epg.pw/media/images/channel/2024/03/11/large/20240311111314058451_54.png
[BD]重庆卫视,https://t.freetv.fun/live/zhong-qing-wei-shi-17.m3u8,网络源,https://epg.pw/media/images/channel/2024/03/11/large/20240311111314058451_54.png
[BD]重庆卫视,https://t.freetv.fun/live/zhong-qing-wei-shi-9.php,网络源,https://epg.pw/media/images/channel/2024/03/11/large/20240311111314058451_54.png
[VGA]重庆卫视,https://t.freetv.fun/live/zhong-qing-wei-shi-5-2.m3u8,网络源,https://epg.pw/media/images/channel/2024/03/11/large/20240311111314058451_54.png
[VGA]重庆卫视,https://t.freetv.fun/live/zhong-qing-wei-shi-6-2.m3u8,网络源,https://epg.pw/media/images/channel/2024/03/11/large/20240311111314058451_54.png
[VGA]重庆卫视,https://t.freetv.fun/live/zhong-qing-wei-shi-7-2.m3u8,网络源,https://epg.pw/media/images/channel/2024/03/11/large/20240311111314058451_54.png
[BD]重庆卫视,https://t.freetv.fun/live/zhong-qing-wei-shi-10.m3u8,网络源,https://epg.pw/media/images/channel/2024/03/11/large/20240311111314058451_54.png
[HD]重庆卫视,https://t.freetv.fun/live/zhong-qing-wei-shi-25.m3u8,网络源,https://epg.pw/media/images/channel/2024/03/11/large/20240311111314058451_54.png
[BD]重庆卫视,https://t.freetv.fun/live/zhong-qing-wei-shi-21.m3u8,网络源,https://epg.pw/media/images/channel/2024/03/11/large/20240311111314058451_54.png
[BD]重庆卫视,https://t.freetv.fun/live/zhong-qing-wei-shi-8-1.m3u8,网络源,https://epg.pw/media/images/channel/2024/03/11/large/20240311111314058451_54.png
[BD]重庆卫视,https://t.freetv.fun/live/zhong-qing-wei-shi-9-1.m3u8,网络源,https://epg.pw/media/images/channel/2024/03/11/large/20240311111314058451_54.png
[BD]重庆卫视,https://t.freetv.fun/live/zhong-qing-wei-shi-12-1.m3u8,网络源,https://epg.pw/media/images/channel/2024/03/11/large/20240311111314058451_54.png
[BD]重庆卫视,https://t.freetv.fun/live/zhong-qing-wei-shi-13.m3u8,网络源,https://epg.pw/media/images/channel/2024/03/11/large/20240311111314058451_54.png
[SD]重庆卫视,https://t.freetv.fun/live/zhong-qing-wei-shi-14.m3u8,网络源,https://epg.pw/media/images/channel/2024/03/11/large/20240311111314058451_54.png
[SD]重庆卫视,https://t.freetv.fun/live/zhong-qing-wei-shi-15.m3u8,网络源,https://epg.pw/media/images/channel/2024/03/11/large/20240311111314058451_54.png
[SD]重庆卫视,https://t.freetv.fun/live/zhong-qing-wei-shi-16.m3u8,网络源,https://epg.pw/media/images/channel/2024/03/11/large/20240311111314058451_54.png
[VGA]重庆卫视,https://t.freetv.fun/live/zhong-qing-wei-shi-18.m3u8,网络源,https://epg.pw/media/images/channel/2024/03/11/large/20240311111314058451_54.png
[VGA]重庆卫视,https://t.freetv.fun/live/zhong-qing-wei-shi-19.m3u8,网络源,https://epg.pw/media/images/channel/2024/03/11/large/20240311111314058451_54.png
[BD]重庆卫视,https://t.freetv.fun/live/zhong-qing-wei-shi-20.m3u8,网络源,https://epg.pw/media/images/channel/2024/03/11/large/20240311111314058451_54.png
[VGA]重庆卫视,https://t.freetv.fun/live/zhong-qing-wei-shi-23.m3u8,网络源,https://epg.pw/media/images/channel/2024/03/11/large/20240311111314058451_54.png
[VGA]重庆卫视,https://t.freetv.fun/live/zhong-qing-wei-shi-26.m3u8,网络源,https://epg.pw/media/images/channel/2024/03/11/large/20240311111314058451_54.png
[BD]重庆卫视,https://t.freetv.fun/live/zhong-qing-wei-shi-27.m3u8,网络源,https://epg.pw/media/images/channel/2024/03/11/large/20240311111314058451_54.png
[VGA]重庆卫视,https://t.freetv.fun/live/zhong-qing-wei-shi-28.m3u8,网络源,https://epg.pw/media/images/channel/2024/03/11/large/20240311111314058451_54.png
[VGA]重庆卫视,https://t.freetv.fun/live/zhong-qing-wei-shi-29.m3u8,网络源,https://epg.pw/media/images/channel/2024/03/11/large/20240311111314058451_54.png
[VGA]重庆卫视,https://t.freetv.fun/live/zhong-qing-wei-shi-30.php,网络源,https://epg.pw/media/images/channel/2024/03/11/large/20240311111314058451_54.png
[VGA]重庆卫视,https://t.freetv.fun/live/zhong-qing-wei-shi-31.flv,网络源,https://epg.pw/media/images/channel/2024/03/11/large/20240311111314058451_54.png
[VGA]重庆卫视超高清,https://t.freetv.fun/live/zhong-qing-wei-shi-chao-gao-qing.m3u8,网络源,https://epg.pw/media/images/channel/2024/03/11/large/20240311111314058451_54.png
[VGA]重庆卫视hd,https://t.freetv.fun/live/zhong-qing-wei-shi-hd.php,网络源,https://epg.pw/media/images/channel/2024/03/11/large/20240311114110024425_46.png
[VGA]重庆卫视高清,https://t.freetv.fun/live/zhong-qing-wei-shi-gao-qing-1.m3u8,网络源,https://epg.pw/media/images/channel/2024/03/11/large/20240311114110024425_46.png
[VGA]重庆卫视.,https://t.freetv.fun/live/zhong-qing-wei-shi-12.m3u8,网络源,https://epg.pw/media/images/channel/2024/03/11/large/20240311114110024425_46.png
[BD]重庆卫视高清,https://t.freetv.fun/live/zhong-qing-wei-shi-gao-qing-1.smil,网络源,https://epg.pw/media/images/channel/2024/03/11/large/20240311114110024425_46.png
[VGA]重庆卫视 高清,https://t.freetv.fun/live/zhong-qing-wei-shi-gao-qing-2.m3u8,网络源,https://epg.pw/media/images/channel/2024/03/11/large/20240311114110024425_46.png
[VGA]重庆卫视 高清,https://t.freetv.fun/live/zhong-qing-wei-shi-gao-qing-1-1.m3u8,网络源,https://epg.pw/media/images/channel/2024/03/11/large/20240311114110024425_46.png
[VGA]金光布袋戲,https://t.freetv.fun/live/jin-guang-bu-dai-xi.php,网络源,https://epg.pw/media/images/channel/2023/07/03/large/20230703010822122677_34.jpeg
[VGA]金光布袋戲,https://t.freetv.fun/live/jin-guang-bu-dai-xi-1.m3u8,网络源,https://epg.pw/media/images/channel/2023/07/03/large/20230703010822122677_34.jpeg
[VGA]金光布袋戲,https://t.freetv.fun/live/jin-guang-bu-dai-xi-2.m3u8,网络源,https://epg.pw/media/images/channel/2023/07/03/large/20230703010822122677_34.jpeg
[VGA]金光布袋戲,https://t.freetv.fun/live/jin-guang-bu-dai-xi-3.m3u8,网络源,https://epg.pw/media/images/channel/2023/07/03/large/20230703010822122677_34.jpeg
[VGA]金光布袋戲,https://t.freetv.fun/live/jin-guang-bu-dai-xi-4.m3u8,网络源,https://epg.pw/media/images/channel/2023/07/03/large/20230703010822122677_34.jpeg
[VGA]金光布袋戲,https://t.freetv.fun/live/jin-guang-bu-dai-xi-5.m3u8,网络源,https://epg.pw/media/images/channel/2023/07/03/large/20230703010822122677_34.jpeg
[VGA]金光布袋戲,https://t.freetv.fun/live/jin-guang-bu-dai-xi-6.m3u8,网络源,https://epg.pw/media/images/channel/2023/07/03/large/20230703010822122677_34.jpeg
[VGA]金光布袋戲,https://t.freetv.fun/live/jin-guang-bu-dai-xi-7.m3u8,网络源,https://epg.pw/media/images/channel/2023/07/03/large/20230703010822122677_34.jpeg
[VGA]金光布袋戏,https://t.freetv.fun/live/jin-guang-bu-dai-xi-8.m3u8,网络源,https://epg.pw/media/images/channel/2023/07/03/large/20230703010822122677_34.jpeg
[VGA]金光布袋戏,https://t.freetv.fun/live/jin-guang-bu-dai-xi-1-1.m3u8,网络源,https://epg.pw/media/images/channel/2023/07/03/large/20230703010822122677_34.jpeg
[VGA]金华教育科技,https://t.freetv.fun/live/jin-hua-jiao-yu-ke-ji-1.m3u8,网络源,https://epg.pw/media/img/logo/3_98.jpg
[VGA]金华新闻综合,https://t.freetv.fun/live/jin-hua-xin-wen-zong-he-1.m3u8,网络源,https://epg.pw/media/img/logo/3_99.jpg
[VGA]金川新闻综合,https://t.freetv.fun/live/jin-chuan-xin-wen-zong-he-2.m3u8,网络源,https://epg.pw/media/img/logo/3_99.jpg
[VGA]金华新闻综合,https://t.freetv.fun/live/jin-hua-xin-wen-zong-he-1-1.m3u8,网络源,https://epg.pw/media/img/logo/3_99.jpg
[VGA]金川新闻综合,https://t.freetv.fun/live/jin-chuan-xin-wen-zong-he-1-1.m3u8,网络源,https://epg.pw/media/images/channel/2022/11/01/large/20221101020503465691_84.jpg
[BD]金川新闻综合,https://t.freetv.fun/live/jin-chuan-xin-wen-zong-he-2-1.m3u8,网络源,https://epg.pw/media/images/channel/2022/11/01/large/20221101020503465691_84.jpg
[BD]金鹰卡通,https://t.freetv.fun/live/jin-ying-qia-tong-8.smil,网络源,https://epg.pw/media/images/channel/2025/01/28/large/20250128060714767131_10.jpg
[SD]金鹰卡通,https://t.freetv.fun/live/jin-ying-qia-tong-1-1.m3u8,网络源,https://epg.pw/media/images/channel/2025/01/28/large/20250128060714767131_10.jpg
[SD]金鹰卡通,https://t.freetv.fun/live/jin-ying-qia-tong-2-2.m3u8,网络源,https://epg.pw/media/images/channel/2025/01/28/large/20250128060714767131_10.jpg
[VGA]金鹰卡通,https://t.freetv.fun/live/jin-ying-qia-tong-8.m3u8,网络源,https://epg.pw/media/images/channel/2025/01/28/large/20250128060714767131_10.jpg
[SD]金鹰卡通,https://t.freetv.fun/live/jin-ying-qia-tong-4-1.m3u8,网络源,https://epg.pw/media/images/channel/2025/01/28/large/20250128060714767131_10.jpg
[SD]金鹰卡通,https://t.freetv.fun/live/jin-ying-qia-tong-5.m3u8,网络源,https://epg.pw/media/images/channel/2025/01/28/large/20250128060714767131_10.jpg
[VGA]金鹰卡通,https://t.freetv.fun/live/jin-ying-qia-tong-3-2.m3u8,网络源,https://epg.pw/media/images/channel/2025/01/28/large/20250128060714767131_10.jpg
[VGA]金鹰卡通,https://t.freetv.fun/live/jin-ying-qia-tong-8.php,网络源,https://epg.pw/media/images/channel/2025/01/28/large/20250128060714767131_10.jpg
[SD]金鹰卡通,https://t.freetv.fun/live/jin-ying-qia-tong-9.m3u8,网络源,https://epg.pw/media/images/channel/2025/01/28/large/20250128060714767131_10.jpg
[SD]金鹰卡通,https://t.freetv.fun/live/jin-ying-qia-tong-10.m3u8,网络源,https://epg.pw/media/images/channel/2025/01/28/large/20250128060714767131_10.jpg
[BD]金鹰卡通,https://t.freetv.fun/live/jin-ying-qia-tong-12.m3u8,网络源,https://epg.pw/media/images/channel/2025/01/28/large/20250128060714767131_10.jpg
[SD]金鹰卡通,https://t.freetv.fun/live/jin-ying-qia-tong-13.m3u8,网络源,https://epg.pw/media/images/channel/2025/01/28/large/20250128060714767131_10.jpg
[SD]金鹰卡通,https://t.freetv.fun/live/jin-ying-qia-tong-15.m3u8,网络源,https://epg.pw/media/images/channel/2025/01/28/large/20250128060714767131_10.jpg
[SD]金鹰卡通,https://t.freetv.fun/live/jin-ying-qia-tong-16.m3u8,网络源,https://epg.pw/media/images/channel/2025/01/28/large/20250128060714767131_10.jpg
[SD]金鹰卡通,https://t.freetv.fun/live/jin-ying-qia-tong-18.m3u8,网络源,https://epg.pw/media/images/channel/2025/01/28/large/20250128060714767131_10.jpg
[BD]金鹰卡通,https://t.freetv.fun/live/jin-ying-qia-tong-6-1.m3u8,网络源,https://epg.pw/media/images/channel/2025/01/28/large/20250128060714767131_10.jpg
[SD]金鹰卡通,https://t.freetv.fun/live/jin-ying-qia-tong-7-1.m3u8,网络源,https://epg.pw/media/images/channel/2025/01/28/large/20250128060714767131_10.jpg
[BD]金鹰卡通,https://t.freetv.fun/live/jin-ying-qia-tong-8-1.m3u8,网络源,https://epg.pw/media/images/channel/2025/01/28/large/20250128060714767131_10.jpg
[HD]金鹰卡通,https://t.freetv.fun/live/jin-ying-qia-tong-11.m3u8,网络源,https://epg.pw/media/images/channel/2025/01/28/large/20250128060714767131_10.jpg
[SD]金鹰卡通,https://t.freetv.fun/live/jin-ying-qia-tong-14.m3u8,网络源,https://epg.pw/media/images/channel/2025/01/28/large/20250128060714767131_10.jpg
[VGA]金鹰卡通 标清,https://t.freetv.fun/live/jin-ying-qia-tong-biao-qing-1.m3u8,网络源,https://epg.pw/media/images/channel/2025/01/28/large/20250128060714767131_10.jpg
[VGA]金鹰卡通高清,https://t.freetv.fun/live/jin-ying-qia-tong-gao-qing.php,网络源,https://epg.pw/media/images/channel/2023/04/16/large/20230416033010045707_80.jpg
[VGA]金鹰卡通 标清,https://t.freetv.fun/live/jin-ying-qia-tong-biao-qing.m3u8,网络源,https://epg.pw/media/images/channel/2023/04/16/large/20230416033010045707_80.jpg
[VGA]金鹰纪实,https://t.freetv.fun/live/jin-ying-ji-shi-17.m3u8,网络源,https://epg.pw/media/images/channel/2023/06/05/large/20230605010658568388_25.jpg
[VGA]金鹰纪实,https://t.freetv.fun/live/jin-ying-ji-shi-1-3.m3u8,网络源,https://epg.pw/media/images/channel/2023/06/05/large/20230605010658568388_25.jpg
[VGA]金鹰纪实,https://t.freetv.fun/live/jin-ying-ji-shi-2-1.m3u8,网络源,https://epg.pw/media/images/channel/2023/06/05/large/20230605010658568388_25.jpg
[VGA]金鹰纪实,https://t.freetv.fun/live/jin-ying-ji-shi-3-1.m3u8,网络源,https://epg.pw/media/images/channel/2023/06/05/large/20230605010658568388_25.jpg
[VGA]金鹰纪实,https://t.freetv.fun/live/jin-ying-ji-shi-4-1.m3u8,网络源,https://epg.pw/media/images/channel/2023/06/05/large/20230605010658568388_25.jpg
[VGA]金鹰纪实,https://t.freetv.fun/live/jin-ying-ji-shi-5-1.m3u8,网络源,https://epg.pw/media/images/channel/2023/06/05/large/20230605010658568388_25.jpg
[VGA]金鹰纪实,https://t.freetv.fun/live/jin-ying-ji-shi-6-1.m3u8,网络源,https://epg.pw/media/images/channel/2023/06/05/large/20230605010658568388_25.jpg
[VGA]金鹰纪实,https://t.freetv.fun/live/jin-ying-ji-shi-7-1.m3u8,网络源,https://epg.pw/media/images/channel/2023/06/05/large/20230605010658568388_25.jpg
[VGA]金鹰纪实,https://t.freetv.fun/live/jin-ying-ji-shi-8.m3u8,网络源,https://epg.pw/media/images/channel/2023/06/05/large/20230605010658568388_25.jpg
[VGA]金鹰纪实,https://t.freetv.fun/live/jin-ying-ji-shi-9.m3u8,网络源,https://epg.pw/media/images/channel/2023/06/05/large/20230605010658568388_25.jpg
[VGA]金鹰纪实,https://t.freetv.fun/live/jin-ying-ji-shi-10-1.m3u8,网络源,https://epg.pw/media/images/channel/2023/06/05/large/20230605010658568388_25.jpg
[BD]金鹰纪实,https://t.freetv.fun/live/jin-ying-ji-shi-17.php,网络源,https://epg.pw/media/images/channel/2023/06/05/large/20230605010658568388_25.jpg
[VGA]金鹰纪实高清,https://t.freetv.fun/live/jin-ying-ji-shi-gao-qing-2.m3u8,网络源,https://epg.pw/media/images/channel/2023/06/05/large/20230605010658568388_25.jpg
[VGA]金鹰纪实 高清,https://t.freetv.fun/live/jin-ying-ji-shi-gao-qing-1.m3u8,网络源,https://epg.pw/media/images/channel/2023/06/05/large/20230605010658568388_25.jpg
[VGA]金鹰纪实高清,https://t.freetv.fun/live/jin-ying-ji-shi-gao-qing-2.smil,网络源,https://epg.pw/media/images/channel/2023/06/05/large/20230605010658568388_25.jpg
[SD]金鹰纪实,https://t.freetv.fun/live/jin-ying-ji-shi-12-1.m3u8,网络源,https://epg.pw/media/images/channel/2023/06/05/large/20230605010658568388_25.jpg
[VGA]金鹰纪实 hd,https://t.freetv.fun/live/jin-ying-ji-shi-hd.m3u8,网络源,https://epg.pw/media/images/channel/2023/04/16/large/20230416033048251395_97.jpg
[VGA]银川公共,https://t.freetv.fun/live/yin-chuan-gong-gong.m3u8,网络源,https://epg.pw/media/images/channel/2022/10/24/large/20221024210252894861_95.jpg
[VGA]银川文体,https://t.freetv.fun/live/yin-chuan-wen-ti.m3u8,网络源,https://epg.pw/media/images/channel/2022/10/24/large/20221024210343653743_78.jpg
[VGA]银川生活,https://t.freetv.fun/live/yin-chuan-sheng-huo.m3u8,网络源,https://epg.pw/media/images/channel/2022/10/24/large/20221024210425456556_40.jpg
[BD]钱江都市,https://t.freetv.fun/live/qian-jiang-du-shi.m3u8,网络源,https://epg.pw/media/images/channel/2022/05/30/large/20220530221252076188_72.jpg
[VGA]钱江都市,https://t.freetv.fun/live/qian-jiang-du-shi-1.m3u8,网络源,https://epg.pw/media/images/channel/2022/05/30/large/20220530221252076188_72.jpg
[HD]靖江新闻综合,https://t.freetv.fun/live/jing-jiang-xin-wen-zong-he-5.m3u8,网络源,https://epg.pw/media/images/channel/2022/11/01/large/20221101022911570371_38.jpg
[SD]江夏新闻综合,https://t.freetv.fun/live/jiang-xia-xin-wen-zong-he-1.m3u8,网络源,https://epg.pw/media/images/channel/2022/11/01/large/20221101022911570371_38.jpg
[VGA]靖江新闻综合,https://t.freetv.fun/live/jing-jiang-xin-wen-zong-he-2.m3u8,网络源,https://epg.pw/media/images/channel/2022/11/01/large/20221101022911570371_38.jpg
[HD]怒江新闻综合,https://t.freetv.fun/live/nu-jiang-xin-wen-zong-he-2.m3u8,网络源,https://epg.pw/media/images/channel/2022/11/01/large/20221101022911570371_38.jpg
[VGA]怒江新闻综合,https://t.freetv.fun/live/nu-jiang-xin-wen-zong-he-1.m3u8,网络源,https://epg.pw/media/images/channel/2022/11/01/large/20221101022911570371_38.jpg
[VGA]通江新闻综合,https://t.freetv.fun/live/tong-jiang-xin-wen-zong-he.m3u8,网络源,https://epg.pw/media/images/channel/2022/11/01/large/20221101022911570371_38.jpg
[VGA]夹江新闻综合,https://t.freetv.fun/live/jia-jiang-xin-wen-zong-he-2.m3u8,网络源,https://epg.pw/media/images/channel/2022/11/01/large/20221101022911570371_38.jpg
[VGA]江油新闻综合,https://t.freetv.fun/live/jiang-you-xin-wen-zong-he-1.m3u8,网络源,https://epg.pw/media/images/channel/2022/11/01/large/20221101022911570371_38.jpg
[VGA]江津新闻综合,https://t.freetv.fun/live/jiang-jin-xin-wen-zong-he-1-1.m3u8,网络源,https://epg.pw/media/images/channel/2022/11/01/large/20221101022911570371_38.jpg
[VGA]靖江新闻綜合,https://t.freetv.fun/live/jing-jiang-xin-wen-zong-he-1-2.m3u8,网络源,https://epg.pw/media/images/channel/2022/11/01/large/20221101022911570371_38.jpg
[SD]江夏新闻综合,https://t.freetv.fun/live/jiang-xia-xin-wen-zong-he-1-1.flv,网络源,https://epg.pw/media/images/channel/2022/11/01/large/20221101022911570371_38.jpg
[VGA]潜江新闻综合,https://t.freetv.fun/live/qian-jiang-xin-wen-zong-he.m3u8,网络源,https://epg.pw/media/images/channel/2022/11/01/large/20221101022911570371_38.jpg
[BD]镇江新闻综合,https://t.freetv.fun/live/zhen-jiang-xin-wen-zong-he.m3u8,网络源,https://epg.pw/media/images/channel/2022/11/01/large/20221101022911570371_38.jpg
[BD]镇江新闻综合,https://t.freetv.fun/live/zhen-jiang-xin-wen-zong-he-1.m3u8,网络源,https://epg.pw/media/images/channel/2022/11/01/large/20221101022911570371_38.jpg
[BD]镇江新闻综合,https://t.freetv.fun/live/zhen-jiang-xin-wen-zong-he-2.m3u8,网络源,https://epg.pw/media/images/channel/2022/11/01/large/20221101022911570371_38.jpg
[VGA]镇江新闻综合,https://t.freetv.fun/live/zhen-jiang-xin-wen-zong-he-3.m3u8,网络源,https://epg.pw/media/images/channel/2022/11/01/large/20221101022911570371_38.jpg
[BD]江阴新闻综合,https://t.freetv.fun/live/jiang-yin-xin-wen-zong-he-3.m3u8,网络源,https://epg.pw/media/images/channel/2022/11/01/large/20221101022911570371_38.jpg
[BD]江阴新闻综合,https://t.freetv.fun/live/jiang-yin-xin-wen-zong-he-4.m3u8,网络源,https://epg.pw/media/images/channel/2022/11/01/large/20221101022911570371_38.jpg
[VGA]江津新闻综合,https://t.freetv.fun/live/jiang-jin-xin-wen-zong-he-2-1.m3u8,网络源,https://epg.pw/media/images/channel/2022/11/01/large/20221101022911570371_38.jpg
[VGA]镇江新闻综合,https://t.freetv.fun/live/zhen-jiang-xin-wen-zong-he-4.m3u8,网络源,https://epg.pw/media/images/channel/2022/11/01/large/20221101022911570371_38.jpg
[BD]镇江新闻综合,https://t.freetv.fun/live/zhen-jiang-xin-wen-zong-he-5.m3u8,网络源,https://epg.pw/media/images/channel/2022/11/01/large/20221101022911570371_38.jpg
[VGA]镜新闻,https://t.freetv.fun/live/jing-xin-wen-1.m3u8,网络源,https://epg.pw/media/images/channel/2022/11/26/large/20221126155808519742_55.jpg
[VGA]镜新闻 fhd,https://t.freetv.fun/live/jing-xin-wen-fhd.flv,网络源,https://epg.pw/media/images/channel/2022/11/26/large/20221126155808519742_55.jpg
[VGA]镜新闻台,https://t.freetv.fun/live/jing-xin-wen-tai.m3u8,网络源,https://epg.pw/media/images/channel/2022/11/26/large/20221126155808519742_55.jpg
[BD]鏡電視新聞,https://t.freetv.fun/live/jing-dian-shi-xin-wen-3.m3u8,网络源,https://epg.pw/media/images/channel/2022/11/26/large/20221126155808519742_55.jpg
[BD]新闻,https://t.freetv.fun/live/xin-wen.m3u8,网络源,https://epg.pw/media/images/channel/2023/06/05/large/20230605011449264065_58.jpg
[VGA]闽镜新闻,https://t.freetv.fun/live/min-jing-xin-wen.m3u8,网络源,https://epg.pw/media/images/channel/2023/06/05/large/20230605011449264065_58.jpg
[VGA]镜新闻,https://t.freetv.fun/live/jing-xin-wen-1-1.m3u8,网络源,https://epg.pw/media/images/channel/2023/06/05/large/20230605011449264065_58.jpg
[VGA]镜新闻,https://t.freetv.fun/live/jing-xin-wen-2.php,网络源,https://epg.pw/media/images/channel/2023/06/05/large/20230605011449264065_58.jpg
[VGA]长春综合,https://t.freetv.fun/live/chang-chun-zong-he-1.m3u8,网络源,https://epg.pw/media/images/channel/2022/08/12/large/20220812220117628376_52.jpg
[SD]长春双阳综合,https://t.freetv.fun/live/chang-chun-shuang-yang-zong-he.m3u8,网络源,https://epg.pw/media/images/channel/2022/08/12/large/20220812220117628376_52.jpg
[VGA]长春综合,https://t.freetv.fun/live/chang-chun-zong-he-1-1.m3u8,网络源,https://epg.pw/media/images/channel/2022/08/12/large/20220812220117628376_52.jpg
[VGA]长春综合,https://t.freetv.fun/live/chang-chun-zong-he-2.m3u8,网络源,https://epg.pw/media/images/channel/2022/08/12/large/20220812220117628376_52.jpg
[SD]长沙新闻,https://t.freetv.fun/live/chang-sha-xin-wen-2.m3u8,网络源,https://epg.pw/media/images/channel/2022/05/30/large/20220530223441906867_43.jpg
[SD]长沙新闻,https://t.freetv.fun/live/chang-sha-xin-wen-1-1.m3u8,网络源,https://epg.pw/media/images/channel/2022/05/30/large/20220530223441906867_43.jpg
[SD]长沙新闻,https://t.freetv.fun/live/chang-sha-xin-wen-2-1.m3u8,网络源,https://epg.pw/media/images/channel/2022/05/30/large/20220530223441906867_43.jpg
[SD]长沙新闻,https://t.freetv.fun/live/chang-sha-xin-wen-3.m3u8,网络源,https://epg.pw/media/images/channel/2022/05/30/large/20220530223441906867_43.jpg
[SD]长沙新闻,https://t.freetv.fun/live/chang-sha-xin-wen-6.m3u8,网络源,https://epg.pw/media/images/channel/2022/05/30/large/20220530223441906867_43.jpg
[SD]长沙新闻,https://t.freetv.fun/live/chang-sha-xin-wen-7.m3u8,网络源,https://epg.pw/media/images/channel/2022/05/30/large/20220530223441906867_43.jpg
[VGA]开封公共,https://t.freetv.fun/live/kai-feng-gong-gong-1.m3u8,网络源,https://epg.pw/media/images/channel/2022/10/31/large/20221031233333436214_84.jpg
[HD]开化新闻综合,https://t.freetv.fun/live/kai-hua-xin-wen-zong-he-1.m3u8,网络源,https://epg.pw/media/img/logo/2_16.jpg
[VGA]开封新闻综合,https://t.freetv.fun/live/kai-feng-xin-wen-zong-he-1.m3u8,网络源,https://epg.pw/media/img/logo/2_16.jpg
[VGA]河南开封新闻综合,https://t.freetv.fun/live/he-nan-kai-feng-xin-wen-zong-he.m3u8,网络源,https://epg.pw/media/img/logo/2_16.jpg
[VGA]开江新闻综合,https://t.freetv.fun/live/kai-jiang-xin-wen-zong-he.m3u8,网络源,https://epg.pw/media/images/channel/2022/10/31/large/20221031233253543959_87.jpg
[VGA]开化新闻综合,https://t.freetv.fun/live/kai-hua-xin-wen-zong-he-1-1.m3u8,网络源,https://epg.pw/media/images/channel/2022/10/31/large/20221031233253543959_87.jpg
[HD]阿里郎电视,https://t.freetv.fun/live/a-li-lang-dian-shi-2.m3u8,网络源,https://epg.pw/media/images/channel/2024/03/13/large/20240313163715241378_36.png
[HD]arirang阿里郎,https://t.freetv.fun/live/ariranga-li-lang-1.m3u8,网络源,https://epg.pw/media/images/channel/2024/03/13/large/20240313163715241378_36.png
[VGA]陕西三套,https://t.freetv.fun/live/shan-xi-san-tao.m3u8,网络源,https://epg.pw/media/images/channel/2022/05/06/large/20220506162555200671_47.png
[VGA]陕西二套,https://t.freetv.fun/live/shan-xi-er-tao.m3u8,网络源,https://epg.pw/media/images/channel/2022/05/06/large/20220506154641927597_50.png
[BD]陕西四套,https://t.freetv.fun/live/shan-xi-si-tao.m3u8,网络源,https://epg.pw/media/images/channel/2022/05/06/large/20220506162726145202_11.png
[VGA]陕西新闻资讯,https://t.freetv.fun/live/shan-xi-xin-wen-zi-xun-1.php,网络源,https://epg.pw/media/images/channel/2022/05/31/large/20220531151006730386_52.jpg
[VGA]陕西新闻资讯,https://t.freetv.fun/live/shan-xi-xin-wen-zi-xun-2.m3u8,网络源,https://epg.pw/media/images/channel/2022/05/31/large/20220531151006730386_52.jpg
[BD]陕西新闻资讯,https://t.freetv.fun/live/shan-xi-xin-wen-zi-xun-3.m3u8,网络源,https://epg.pw/media/images/channel/2022/05/31/large/20220531151006730386_52.jpg
[BD]陕西新闻资讯,https://t.freetv.fun/live/shan-xi-xin-wen-zi-xun-4.m3u8,网络源,https://epg.pw/media/images/channel/2022/05/31/large/20220531151006730386_52.jpg
[VGA]陕西新闻资讯,https://t.freetv.fun/live/shan-xi-xin-wen-zi-xun-5.m3u8,网络源,https://epg.pw/media/images/channel/2022/05/31/large/20220531151006730386_52.jpg
[VGA]陕西卫视,https://t.freetv.fun/live/shan-xi-wei-shi-22.m3u8,网络源,https://epg.pw/media/images/channel/2022/05/31/large/20220531150903888489_91.jpg
[BD]陕西卫视,https://t.freetv.fun/live/shan-xi-wei-shi-22.smil,网络源,https://epg.pw/media/images/channel/2022/05/31/large/20220531150903888489_91.jpg
[BD]陕西卫视,https://t.freetv.fun/live/shan-xi-wei-shi-6.m3u8,网络源,https://epg.pw/media/images/channel/2022/05/31/large/20220531150903888489_91.jpg
[HD]陕西卫视,https://t.freetv.fun/live/shan-xi-wei-shi-7.m3u8,网络源,https://epg.pw/media/images/channel/2022/05/31/large/20220531150903888489_91.jpg
[VGA]陕西卫视,https://t.freetv.fun/live/shan-xi-wei-shi-1-4.m3u8,网络源,https://epg.pw/media/images/channel/2022/05/31/large/20220531150903888489_91.jpg
[VGA]陕西卫视,https://t.freetv.fun/live/shan-xi-wei-shi-2-5.m3u8,网络源,https://epg.pw/media/images/channel/2022/05/31/large/20220531150903888489_91.jpg
[VGA]陕西卫视,https://t.freetv.fun/live/shan-xi-wei-shi-3-4.m3u8,网络源,https://epg.pw/media/images/channel/2022/05/31/large/20220531150903888489_91.jpg
[BD]陕西卫视,https://t.freetv.fun/live/shan-xi-wei-shi-5-3.php,网络源,https://epg.pw/media/images/channel/2022/05/31/large/20220531150903888489_91.jpg
[VGA]陕西卫视,https://t.freetv.fun/live/shan-xi-wei-shi-22.php,网络源,https://epg.pw/media/images/channel/2022/05/31/large/20220531150903888489_91.jpg
[BD]陕西卫视,https://t.freetv.fun/live/shan-xi-wei-shi-9-1.m3u8,网络源,https://epg.pw/media/images/channel/2022/05/31/large/20220531150903888489_91.jpg
[SD]陕西卫视,https://t.freetv.fun/live/shan-xi-wei-shi-39.m3u8,网络源,https://epg.pw/media/images/channel/2022/05/31/large/20220531150903888489_91.jpg
[BD]陕西卫视,https://t.freetv.fun/live/shan-xi-wei-shi-4-2.m3u8,网络源,https://epg.pw/media/images/channel/2022/05/31/large/20220531150903888489_91.jpg
[BD]陕西卫视,https://t.freetv.fun/live/shan-xi-wei-shi-5-3.m3u8,网络源,https://epg.pw/media/images/channel/2022/05/31/large/20220531150903888489_91.jpg
[SD]陕西卫视,https://t.freetv.fun/live/shan-xi-wei-shi-10-1.m3u8,网络源,https://epg.pw/media/images/channel/2022/05/31/large/20220531150903888489_91.jpg
[BD]陕西卫视,https://t.freetv.fun/live/shan-xi-wei-shi-11-1.m3u8,网络源,https://epg.pw/media/images/channel/2022/05/31/large/20220531150903888489_91.jpg
[SD]陕西卫视,https://t.freetv.fun/live/shan-xi-wei-shi-12-1.m3u8,网络源,https://epg.pw/media/images/channel/2022/05/31/large/20220531150903888489_91.jpg
[BD]陕西卫视,https://t.freetv.fun/live/shan-xi-wei-shi-14-2.m3u8,网络源,https://epg.pw/media/images/channel/2022/05/31/large/20220531150903888489_91.jpg
[BD]陕西卫视,https://t.freetv.fun/live/shan-xi-wei-shi-15-1.m3u8,网络源,https://epg.pw/media/images/channel/2022/05/31/large/20220531150903888489_91.jpg
[BD]陕西卫视,https://t.freetv.fun/live/shan-xi-wei-shi-21-1.m3u8,网络源,https://epg.pw/media/images/channel/2022/05/31/large/20220531150903888489_91.jpg
[VGA]陕西卫视标清,https://t.freetv.fun/live/shan-xi-wei-shi-biao-qing.php,网络源,https://epg.pw/media/images/channel/2022/05/31/large/20220531150903888489_91.jpg
[VGA]陕西卫视 标清,https://t.freetv.fun/live/shan-xi-wei-shi-biao-qing-2.m3u8,网络源,https://epg.pw/media/images/channel/2022/05/31/large/20220531150903888489_91.jpg
[VGA]陕西卫视 标清,https://t.freetv.fun/live/shan-xi-wei-shi-biao-qing-1-1.m3u8,网络源,https://epg.pw/media/images/channel/2022/05/31/large/20220531150903888489_91.jpg
[VGA]陕西卫视高清,https://t.freetv.fun/live/shan-xi-wei-shi-gao-qing-2.php,网络源,https://epg.pw/media/images/channel/2022/05/31/large/20220531150903888489_91.jpg
[VGA]陕西西部电影,https://t.freetv.fun/live/shan-xi-xi-bu-dian-ying-1.m3u8,网络源,https://epg.pw/media/images/channel/2022/05/31/large/20220531151605390141_16.jpg
[SD]陕西都市青春,https://t.freetv.fun/live/shan-xi-du-shi-qing-chun.m3u8,网络源,https://epg.pw/media/images/channel/2022/05/31/large/20220531151504287238_45.jpg
[VGA]陕西都市青春,https://t.freetv.fun/live/shan-xi-du-shi-qing-chun-1.php,网络源,https://epg.pw/media/images/channel/2022/05/31/large/20220531151504287238_45.jpg
[VGA]陕西都市青春,https://t.freetv.fun/live/shan-xi-du-shi-qing-chun-2.m3u8,网络源,https://epg.pw/media/images/channel/2022/05/31/large/20220531151504287238_45.jpg
[VGA]陕西体育休闲,https://t.freetv.fun/live/shan-xi-ti-yu-xiu-xian.php,网络源,https://epg.pw/media/images/channel/2022/05/31/large/20220531151408095945_53.jpg
[HD]体育休闲,https://t.freetv.fun/live/ti-yu-xiu-xian-1.m3u8,网络源,https://epg.pw/media/images/channel/2022/05/31/large/20220531151408095945_53.jpg
[VGA]陕西体育,https://t.freetv.fun/live/shan-xi-ti-yu.m3u8,网络源,https://epg.pw/media/images/channel/2022/05/31/large/20220531151408095945_53.jpg
[VGA]陕西体育,https://t.freetv.fun/live/shan-xi-ti-yu-1.m3u8,网络源,https://epg.pw/media/images/channel/2022/05/31/large/20220531151408095945_53.jpg
[VGA]陕西体育,https://t.freetv.fun/live/shan-xi-ti-yu-2.m3u8,网络源,https://epg.pw/media/images/channel/2022/05/31/large/20220531151408095945_53.jpg
[VGA]阳光卫视,https://t.freetv.fun/live/yang-guang-wei-shi.m3u8,网络源,https://epg.pw/media/img/logo/2013/10/30/0ea1ec522738d3cb28fd6ac14d84e515.jpg
[HD]云南娱乐,https://t.freetv.fun/live/yun-nan-yu-le.m3u8,网络源,https://epg.pw/media/images/channel/2021/10/12/large/20211012202855973308_65.png
[HD]云南影视,https://t.freetv.fun/live/yun-nan-ying-shi.m3u8,网络源,https://epg.pw/media/images/channel/2022/05/31/large/20220531145247906980_49.jpg
[VGA]云南卫视,https://t.freetv.fun/live/yun-nan-wei-shi-14.m3u8,网络源,https://epg.pw/media/images/channel/2022/05/31/large/20220531145024469645_82.jpg
[BD]云南卫视,https://t.freetv.fun/live/yun-nan-wei-shi-1-1.m3u8,网络源,https://epg.pw/media/images/channel/2022/05/31/large/20220531145024469645_82.jpg
[SD]云南卫视,https://t.freetv.fun/live/yun-nan-wei-shi-2-2.m3u8,网络源,https://epg.pw/media/images/channel/2022/05/31/large/20220531145024469645_82.jpg
[BD]云南卫视,https://t.freetv.fun/live/yun-nan-wei-shi-3-2.m3u8,网络源,https://epg.pw/media/images/channel/2022/05/31/large/20220531145024469645_82.jpg
[VGA]cn: 云南卫视,https://t.freetv.fun/live/cn-yun-nan-wei-shi.m3u8,网络源,https://epg.pw/media/images/channel/2022/05/31/large/20220531145024469645_82.jpg
[VGA]云南卫视,https://t.freetv.fun/live/yun-nan-wei-shi-3-2.php,网络源,https://epg.pw/media/images/channel/2022/05/31/large/20220531145024469645_82.jpg
[BD]云南卫视,https://t.freetv.fun/live/yun-nan-wei-shi-4-2.php,网络源,https://epg.pw/media/images/channel/2022/05/31/large/20220531145024469645_82.jpg
[VGA]云南卫视,https://t.freetv.fun/live/yun-nan-wei-shi-6-1.m3u8,网络源,https://epg.pw/media/images/channel/2022/05/31/large/20220531145024469645_82.jpg
[BD]云南卫视,https://t.freetv.fun/live/yun-nan-wei-shi-9.m3u8,网络源,https://epg.pw/media/images/channel/2022/05/31/large/20220531145024469645_82.jpg
[VGA]云南卫视,https://t.freetv.fun/live/yun-nan-wei-shi-10.m3u8,网络源,https://epg.pw/media/images/channel/2022/05/31/large/20220531145024469645_82.jpg
[BD]云南卫视,https://t.freetv.fun/live/yun-nan-wei-shi-14.php,网络源,https://epg.pw/media/images/channel/2022/05/31/large/20220531145024469645_82.jpg
[SD]云南卫视,https://t.freetv.fun/live/yun-nan-wei-shi-4-2.m3u8,网络源,https://epg.pw/media/images/channel/2022/05/31/large/20220531145024469645_82.jpg
[BD]云南卫视,https://t.freetv.fun/live/yun-nan-wei-shi-11.m3u8,网络源,https://epg.pw/media/images/channel/2022/05/31/large/20220531145024469645_82.jpg
[VGA]云南卫视,https://t.freetv.fun/live/yun-nan-wei-shi-21.m3u8,网络源,https://epg.pw/media/images/channel/2022/05/31/large/20220531145024469645_82.jpg
[BD]云南卫视,https://t.freetv.fun/live/yun-nan-wei-shi-25.m3u8,网络源,https://epg.pw/media/images/channel/2022/05/31/large/20220531145024469645_82.jpg
[SD]云南卫视,https://t.freetv.fun/live/yun-nan-wei-shi-13.m3u8,网络源,https://epg.pw/media/images/channel/2022/05/31/large/20220531145024469645_82.jpg
[BD]云南卫视,https://t.freetv.fun/live/yun-nan-wei-shi-5-1.m3u8,网络源,https://epg.pw/media/images/channel/2022/05/31/large/20220531145024469645_82.jpg
[BD]云南卫视,https://t.freetv.fun/live/yun-nan-wei-shi-7-1.m3u8,网络源,https://epg.pw/media/images/channel/2022/05/31/large/20220531145024469645_82.jpg
[BD]云南卫视,https://t.freetv.fun/live/yun-nan-wei-shi-8-1.m3u8,网络源,https://epg.pw/media/images/channel/2022/05/31/large/20220531145024469645_82.jpg
[SD]云南卫视,https://t.freetv.fun/live/yun-nan-wei-shi-12-1.m3u8,网络源,https://epg.pw/media/images/channel/2022/05/31/large/20220531145024469645_82.jpg
[SD]云南卫视,https://t.freetv.fun/live/yun-nan-wei-shi-14-1.m3u8,网络源,https://epg.pw/media/images/channel/2022/05/31/large/20220531145024469645_82.jpg
[SD]云南卫视,https://t.freetv.fun/live/yun-nan-wei-shi-15.m3u8,网络源,https://epg.pw/media/images/channel/2022/05/31/large/20220531145024469645_82.jpg
[BD]云南卫视,https://t.freetv.fun/live/yun-nan-wei-shi-16.m3u8,网络源,https://epg.pw/media/images/channel/2022/05/31/large/20220531145024469645_82.jpg
[SD]云南卫视,https://t.freetv.fun/live/yun-nan-wei-shi-17.m3u8,网络源,https://epg.pw/media/images/channel/2022/05/31/large/20220531145024469645_82.jpg
[BD]云南卫视,https://t.freetv.fun/live/yun-nan-wei-shi-18.m3u8,网络源,https://epg.pw/media/images/channel/2022/05/31/large/20220531145024469645_82.jpg
[VGA]云南卫视,https://t.freetv.fun/live/yun-nan-wei-shi-19.m3u8,网络源,https://epg.pw/media/images/channel/2022/05/31/large/20220531145024469645_82.jpg
[VGA]云南卫视高清,https://t.freetv.fun/live/yun-nan-wei-shi-gao-qing.smil,网络源,https://epg.pw/media/images/channel/2022/05/31/large/20220531145024469645_82.jpg
[VGA]云南卫视,https://t.freetv.fun/live/yun-nan-wei-shi-20.m3u8,网络源,https://epg.pw/media/images/channel/2022/05/31/large/20220531145024469645_82.jpg
[VGA]云南卫视 标清,https://t.freetv.fun/live/yun-nan-wei-shi-biao-qing-1.m3u8,网络源,https://epg.pw/media/images/channel/2022/05/31/large/20220531145024469645_82.jpg
[BD]云南卫视,https://t.freetv.fun/live/yun-nan-wei-shi-22.m3u8,网络源,https://epg.pw/media/images/channel/2022/05/31/large/20220531145024469645_82.jpg
[BD]云南卫视,https://t.freetv.fun/live/yun-nan-wei-shi-23.m3u8,网络源,https://epg.pw/media/images/channel/2022/05/31/large/20220531145024469645_82.jpg
[VGA]云南卫视hd,https://t.freetv.fun/live/yun-nan-wei-shi-hd.php,网络源,https://epg.pw/media/images/channel/2022/05/31/large/20220531145024469645_82.jpg
[VGA]云南卫视 高清,https://t.freetv.fun/live/yun-nan-wei-shi-gao-qing-1.m3u8,网络源,https://epg.pw/media/images/channel/2022/05/31/large/20220531145024469645_82.jpg
[VGA]云南卫视 标清,https://t.freetv.fun/live/yun-nan-wei-shi-biao-qing.m3u8,网络源,https://epg.pw/media/images/channel/2022/05/31/large/20220531145024469645_82.jpg
[HD]云南都市,https://t.freetv.fun/live/yun-nan-du-shi.m3u8,网络源,https://epg.pw/media/images/channel/2021/10/12/large/20211012202751642735_81.png
[VGA]云南都市,https://t.freetv.fun/live/yun-nan-du-shi-1.m3u8,网络源,https://epg.pw/media/images/channel/2021/10/12/large/20211012202751642735_81.png
[HD]电影2,https://t.freetv.fun/live/dian-ying-2.m3u8,网络源,https://epg.pw/media/img/logo/1_291.jpg
[VGA]中国电影频道香港版,https://t.freetv.fun/live/zhong-guo-dian-ying-pin-dao-xiang-gang-ban.m3u8,网络源,https://epg.pw/media/
[HD]电影,https://t.freetv.fun/live/dian-ying.m3u8,网络源,https://epg.pw/media/
[BD]电影,https://t.freetv.fun/live/dian-ying-1.flv,网络源,https://epg.pw/media/
[BD]电影,https://t.freetv.fun/live/dian-ying-2-1.flv,网络源,https://epg.pw/media/
[BD]电影,https://t.freetv.fun/live/dian-ying-3.flv,网络源,https://epg.pw/media/
[VGA]电影,https://t.freetv.fun/live/dian-ying-4.flv,网络源,https://epg.pw/media/
[BD]电影,https://t.freetv.fun/live/dian-ying-5.flv,网络源,https://epg.pw/media/
[BD]电影,https://t.freetv.fun/live/dian-ying-6.flv,网络源,https://epg.pw/media/
[SD]电影,https://t.freetv.fun/live/dian-ying-7.flv,网络源,https://epg.pw/media/
[HD]电影,https://t.freetv.fun/live/dian-ying-8.m3u8,网络源,https://epg.pw/media/
[HD]电影,https://t.freetv.fun/live/dian-ying-9.flv,网络源,https://epg.pw/media/
[VGA]电影,https://t.freetv.fun/live/dian-ying-10.flv,网络源,https://epg.pw/media/
[HD]电影,https://t.freetv.fun/live/dian-ying-11.flv,网络源,https://epg.pw/media/
[BD]电影,https://t.freetv.fun/live/dian-ying-12.flv,网络源,https://epg.pw/media/
[BD]电影,https://t.freetv.fun/live/dian-ying-13.flv,网络源,https://epg.pw/media/
[HD]电影,https://t.freetv.fun/live/dian-ying-16.m3u8,网络源,https://epg.pw/media/
[SD]电影,https://t.freetv.fun/live/dian-ying-20.m3u8,网络源,https://epg.pw/media/
[HD]电影,https://t.freetv.fun/live/dian-ying-36.m3u8,网络源,https://epg.pw/media/
[VGA]高清电影,https://t.freetv.fun/live/gao-qing-dian-ying.m3u8,网络源,https://epg.pw/media/
[VGA]高清电影,https://t.freetv.fun/live/gao-qing-dian-ying-1.m3u8,网络源,https://epg.pw/media/
[VGA]高清电影,https://t.freetv.fun/live/gao-qing-dian-ying-2.m3u8,网络源,https://epg.pw/media/
[VGA]爱电影,https://t.freetv.fun/live/ai-dian-ying.smil,网络源,https://epg.pw/media/
[VGA]霹靂台灣,https://t.freetv.fun/live/pi-li-tai-wan.php,网络源,https://epg.pw/media/images/channel/2019/01/15/large/20190115225535004724_70.jpg
[VGA]霹雳台湾台,https://t.freetv.fun/live/pi-li-tai-wan-tai.ts,网络源,https://epg.pw/media/images/channel/2019/01/15/large/20190115225535004724_70.jpg
[VGA]霹雳台湾台,https://t.freetv.fun/live/pi-li-tai-wan-tai-1.ts,网络源,https://epg.pw/media/images/channel/2019/01/15/large/20190115225535004724_70.jpg
[VGA]青岛影视,https://t.freetv.fun/live/qing-dao-ying-shi.m3u8,网络源,https://epg.pw/media/img/logo/3_236.jpg
[VGA]青川新闻综合,https://t.freetv.fun/live/qing-chuan-xin-wen-zong-he-1.m3u8,网络源,https://epg.pw/media/images/channel/2022/11/01/large/20221101010914571200_67.jpg
[VGA]青岛新闻综合,https://t.freetv.fun/live/qing-dao-xin-wen-zong-he.m3u8,网络源,https://epg.pw/media/img/logo/3_238.jpg
[VGA]青岛生活服务,https://t.freetv.fun/live/qing-dao-sheng-huo-fu-wu.m3u8,网络源,https://epg.pw/media/img/logo/3_237.jpg
[VGA]青岛都市,https://t.freetv.fun/live/qing-dao-du-shi.m3u8,网络源,https://epg.pw/media/img/logo/3_234.jpg
[VGA]靖天卡通台 hd,https://t.freetv.fun/live/jing-tian-qia-tong-tai-hd.flv,网络源,https://epg.pw/media/images/channel/2023/07/20/large/20230720211529385804_31.png
[VGA]靖天卡通,https://t.freetv.fun/live/jing-tian-qia-tong-1.m3u8,网络源,https://epg.pw/media/images/channel/2023/07/20/large/20230720211529385804_31.png
[VGA]靖天卡通,https://t.freetv.fun/live/jing-tian-qia-tong-2.m3u8,网络源,https://epg.pw/media/images/channel/2023/07/20/large/20230720211529385804_31.png
[VGA]靖天卡通,https://t.freetv.fun/live/jing-tian-qia-tong-3.m3u8,网络源,https://epg.pw/media/images/channel/2023/07/20/large/20230720211529385804_31.png
[VGA]靖天卡通,https://t.freetv.fun/live/jing-tian-qia-tong-4.m3u8,网络源,https://epg.pw/media/images/channel/2023/07/20/large/20230720211529385804_31.png
[VGA]靖天卡通,https://t.freetv.fun/live/jing-tian-qia-tong-5.m3u8,网络源,https://epg.pw/media/images/channel/2023/07/20/large/20230720211529385804_31.png
[VGA]靖天卡通,https://t.freetv.fun/live/jing-tian-qia-tong-6.m3u8,网络源,https://epg.pw/media/images/channel/2023/07/20/large/20230720211529385804_31.png
[VGA]靖天卡通,https://t.freetv.fun/live/jing-tian-qia-tong-7.m3u8,网络源,https://epg.pw/media/images/channel/2023/07/20/large/20230720211529385804_31.png
[VGA]靖天卡通,https://t.freetv.fun/live/jing-tian-qia-tong-8.m3u8,网络源,https://epg.pw/media/images/channel/2023/07/20/large/20230720211529385804_31.png
[VGA]靖天卡通,https://t.freetv.fun/live/jing-tian-qia-tong-9.m3u8,网络源,https://epg.pw/media/images/channel/2023/07/20/large/20230720211529385804_31.png
[VGA]靖天卡通,https://t.freetv.fun/live/jing-tian-qia-tong-10.m3u8,网络源,https://epg.pw/media/images/channel/2023/07/20/large/20230720211529385804_31.png
[VGA]靖天卡通,https://t.freetv.fun/live/jing-tian-qia-tong-11.m3u8,网络源,https://epg.pw/media/images/channel/2023/07/20/large/20230720211529385804_31.png
[VGA]靖天卡通,https://t.freetv.fun/live/jing-tian-qia-tong-12.m3u8,网络源,https://epg.pw/media/images/channel/2023/07/20/large/20230720211529385804_31.png
[VGA]靖天卡通,https://t.freetv.fun/live/jing-tian-qia-tong-13.m3u8,网络源,https://epg.pw/media/images/channel/2023/07/20/large/20230720211529385804_31.png
[VGA]靖天卡通,https://t.freetv.fun/live/jing-tian-qia-tong-14.m3u8,网络源,https://epg.pw/media/images/channel/2023/07/20/large/20230720211529385804_31.png
[VGA]靖天卡通,https://t.freetv.fun/live/jing-tian-qia-tong-15.m3u8,网络源,https://epg.pw/media/images/channel/2023/07/20/large/20230720211529385804_31.png
[VGA]靖天卡通,https://t.freetv.fun/live/jing-tian-qia-tong-16.m3u8,网络源,https://epg.pw/media/images/channel/2023/07/20/large/20230720211529385804_31.png
[VGA]靖天卡通,https://t.freetv.fun/live/jing-tian-qia-tong-17.m3u8,网络源,https://epg.pw/media/images/channel/2023/07/20/large/20230720211529385804_31.png
[VGA]靖天卡通台,https://t.freetv.fun/live/jing-tian-qia-tong-tai.ts,网络源,https://epg.pw/media/images/channel/2023/07/20/large/20230720211529385804_31.png
[VGA]靖天卡通台,https://t.freetv.fun/live/jing-tian-qia-tong-tai-1.ts,网络源,https://epg.pw/media/images/channel/2023/07/20/large/20230720211529385804_31.png
[BD]靖天卡通,https://t.freetv.fun/live/jing-tian-qia-tong-18.php,网络源,https://epg.pw/media/images/channel/2023/07/20/large/20230720211529385804_31.png
[VGA]靖天国际台 hd,https://t.freetv.fun/live/jing-tian-guo-ji-tai-hd.flv,网络源,https://epg.pw/media/images/channel/2023/07/20/large/20230720211901276301_20.png
[VGA]靖天国际,https://t.freetv.fun/live/jing-tian-guo-ji-2.php,网络源,https://epg.pw/media/images/channel/2023/07/20/large/20230720211901276301_20.png
[VGA]靖天国际,https://t.freetv.fun/live/jing-tian-guo-ji-3.m3u8,网络源,https://epg.pw/media/images/channel/2023/07/20/large/20230720211901276301_20.png
[VGA]靖天國際,https://t.freetv.fun/live/jing-tian-guo-ji-1.m3u8,网络源,https://epg.pw/media/images/channel/2023/07/20/large/20230720211901276301_20.png
[VGA]靖天國際,https://t.freetv.fun/live/jing-tian-guo-ji-2-1.m3u8,网络源,https://epg.pw/media/images/channel/2023/07/20/large/20230720211901276301_20.png
[VGA]靖天國際,https://t.freetv.fun/live/jing-tian-guo-ji-3-1.m3u8,网络源,https://epg.pw/media/images/channel/2023/07/20/large/20230720211901276301_20.png
[VGA]靖天國際,https://t.freetv.fun/live/jing-tian-guo-ji-4.m3u8,网络源,https://epg.pw/media/images/channel/2023/07/20/large/20230720211901276301_20.png
[VGA]靖天國際,https://t.freetv.fun/live/jing-tian-guo-ji-5.m3u8,网络源,https://epg.pw/media/images/channel/2023/07/20/large/20230720211901276301_20.png
[VGA]靖天國際,https://t.freetv.fun/live/jing-tian-guo-ji-6.m3u8,网络源,https://epg.pw/media/images/channel/2023/07/20/large/20230720211901276301_20.png
[VGA]靖天國際,https://t.freetv.fun/live/jing-tian-guo-ji-7.m3u8,网络源,https://epg.pw/media/images/channel/2023/07/20/large/20230720211901276301_20.png
[VGA]靖天國際,https://t.freetv.fun/live/jing-tian-guo-ji-8.m3u8,网络源,https://epg.pw/media/images/channel/2023/07/20/large/20230720211901276301_20.png
[VGA]靖天國際,https://t.freetv.fun/live/jing-tian-guo-ji-9.m3u8,网络源,https://epg.pw/media/images/channel/2023/07/20/large/20230720211901276301_20.png
[VGA]靖天國際,https://t.freetv.fun/live/jing-tian-guo-ji-10.m3u8,网络源,https://epg.pw/media/images/channel/2023/07/20/large/20230720211901276301_20.png
[VGA]靖天國際,https://t.freetv.fun/live/jing-tian-guo-ji-11.m3u8,网络源,https://epg.pw/media/images/channel/2023/07/20/large/20230720211901276301_20.png
[VGA]靖天國際,https://t.freetv.fun/live/jing-tian-guo-ji-12.m3u8,网络源,https://epg.pw/media/images/channel/2023/07/20/large/20230720211901276301_20.png
[VGA]靖天國際,https://t.freetv.fun/live/jing-tian-guo-ji-13.m3u8,网络源,https://epg.pw/media/images/channel/2023/07/20/large/20230720211901276301_20.png
[VGA]靖天國際,https://t.freetv.fun/live/jing-tian-guo-ji-14.m3u8,网络源,https://epg.pw/media/images/channel/2023/07/20/large/20230720211901276301_20.png
[VGA]靖天國際,https://t.freetv.fun/live/jing-tian-guo-ji-15.m3u8,网络源,https://epg.pw/media/images/channel/2023/07/20/large/20230720211901276301_20.png
[BD]靖天國際,https://t.freetv.fun/live/jing-tian-guo-ji-16.php,网络源,https://epg.pw/media/images/channel/2023/07/20/large/20230720211901276301_20.png
[VGA]靖天戏剧,https://t.freetv.fun/live/jing-tian-xi-ju-1.php,网络源,https://epg.pw/media/images/channel/2023/07/20/large/20230720211720021890_59.png
[BD]靖天戏剧,https://t.freetv.fun/live/jing-tian-xi-ju-1.m3u8,网络源,https://epg.pw/media/images/channel/2023/07/20/large/20230720211720021890_59.png
[VGA]靖天戲劇,https://t.freetv.fun/live/jing-tian-xi-ju-2.php,网络源,https://epg.pw/media/images/channel/2023/07/20/large/20230720211720021890_59.png
[VGA]靖天戲劇,https://t.freetv.fun/live/jing-tian-xi-ju-1-1.m3u8,网络源,https://epg.pw/media/images/channel/2023/07/20/large/20230720211720021890_59.png
[VGA]靖天戲劇,https://t.freetv.fun/live/jing-tian-xi-ju-2-1.m3u8,网络源,https://epg.pw/media/images/channel/2023/07/20/large/20230720211720021890_59.png
[VGA]靖天戲劇,https://t.freetv.fun/live/jing-tian-xi-ju-3.m3u8,网络源,https://epg.pw/media/images/channel/2023/07/20/large/20230720211720021890_59.png
[VGA]靖天戲劇,https://t.freetv.fun/live/jing-tian-xi-ju-4.m3u8,网络源,https://epg.pw/media/images/channel/2023/07/20/large/20230720211720021890_59.png
[VGA]靖天戲劇,https://t.freetv.fun/live/jing-tian-xi-ju-5.m3u8,网络源,https://epg.pw/media/images/channel/2023/07/20/large/20230720211720021890_59.png
[VGA]靖天戲劇,https://t.freetv.fun/live/jing-tian-xi-ju-6.m3u8,网络源,https://epg.pw/media/images/channel/2023/07/20/large/20230720211720021890_59.png
[VGA]靖天戲劇,https://t.freetv.fun/live/jing-tian-xi-ju-7.m3u8,网络源,https://epg.pw/media/images/channel/2023/07/20/large/20230720211720021890_59.png
[VGA]靖天戲劇,https://t.freetv.fun/live/jing-tian-xi-ju-8.m3u8,网络源,https://epg.pw/media/images/channel/2023/07/20/large/20230720211720021890_59.png
[VGA]靖天戲劇,https://t.freetv.fun/live/jing-tian-xi-ju-9.m3u8,网络源,https://epg.pw/media/images/channel/2023/07/20/large/20230720211720021890_59.png
[VGA]靖天戲劇,https://t.freetv.fun/live/jing-tian-xi-ju-10.m3u8,网络源,https://epg.pw/media/images/channel/2023/07/20/large/20230720211720021890_59.png
[VGA]靖天戲劇,https://t.freetv.fun/live/jing-tian-xi-ju-11.m3u8,网络源,https://epg.pw/media/images/channel/2023/07/20/large/20230720211720021890_59.png
[VGA]靖天戲劇,https://t.freetv.fun/live/jing-tian-xi-ju-12.m3u8,网络源,https://epg.pw/media/images/channel/2023/07/20/large/20230720211720021890_59.png
[VGA]靖天戲劇,https://t.freetv.fun/live/jing-tian-xi-ju-13.m3u8,网络源,https://epg.pw/media/images/channel/2023/07/20/large/20230720211720021890_59.png
[VGA]靖天戲劇,https://t.freetv.fun/live/jing-tian-xi-ju-14.m3u8,网络源,https://epg.pw/media/images/channel/2023/07/20/large/20230720211720021890_59.png
[VGA]靖天戲劇,https://t.freetv.fun/live/jing-tian-xi-ju-15.m3u8,网络源,https://epg.pw/media/images/channel/2023/07/20/large/20230720211720021890_59.png
[VGA]靖天戏剧台,https://t.freetv.fun/live/jing-tian-xi-ju-tai.ts,网络源,https://epg.pw/media/images/channel/2023/07/20/large/20230720211720021890_59.png
[VGA]靖天戏剧台,https://t.freetv.fun/live/jing-tian-xi-ju-tai-1.ts,网络源,https://epg.pw/media/images/channel/2023/07/20/large/20230720211720021890_59.png
[BD]靖天戲劇,https://t.freetv.fun/live/jing-tian-xi-ju-16.php,网络源,https://epg.pw/media/images/channel/2023/07/20/large/20230720211720021890_59.png
[BD]靖天日本,https://t.freetv.fun/live/jing-tian-ri-ben-1.php,网络源,https://epg.pw/media/images/channel/2023/07/20/large/20230720211326607261_29.png
[VGA]靖天日本,https://t.freetv.fun/live/jing-tian-ri-ben-1-1.m3u8,网络源,https://epg.pw/media/images/channel/2023/07/20/large/20230720211326607261_29.png
[VGA]靖天日本,https://t.freetv.fun/live/jing-tian-ri-ben-2.m3u8,网络源,https://epg.pw/media/images/channel/2023/07/20/large/20230720211326607261_29.png
[VGA]靖天日本,https://t.freetv.fun/live/jing-tian-ri-ben-3.m3u8,网络源,https://epg.pw/media/images/channel/2023/07/20/large/20230720211326607261_29.png
[VGA]靖天日本,https://t.freetv.fun/live/jing-tian-ri-ben-4.m3u8,网络源,https://epg.pw/media/images/channel/2023/07/20/large/20230720211326607261_29.png
[VGA]靖天日本,https://t.freetv.fun/live/jing-tian-ri-ben-5.m3u8,网络源,https://epg.pw/media/images/channel/2023/07/20/large/20230720211326607261_29.png
[VGA]靖天日本,https://t.freetv.fun/live/jing-tian-ri-ben-6.m3u8,网络源,https://epg.pw/media/images/channel/2023/07/20/large/20230720211326607261_29.png
[VGA]靖天日本,https://t.freetv.fun/live/jing-tian-ri-ben-7.m3u8,网络源,https://epg.pw/media/images/channel/2023/07/20/large/20230720211326607261_29.png
[VGA]靖天日本,https://t.freetv.fun/live/jing-tian-ri-ben-8.m3u8,网络源,https://epg.pw/media/images/channel/2023/07/20/large/20230720211326607261_29.png
[VGA]靖天日本,https://t.freetv.fun/live/jing-tian-ri-ben-9.m3u8,网络源,https://epg.pw/media/images/channel/2023/07/20/large/20230720211326607261_29.png
[VGA]靖天日本,https://t.freetv.fun/live/jing-tian-ri-ben-10.m3u8,网络源,https://epg.pw/media/images/channel/2023/07/20/large/20230720211326607261_29.png
[VGA]靖天日本,https://t.freetv.fun/live/jing-tian-ri-ben-11.m3u8,网络源,https://epg.pw/media/images/channel/2023/07/20/large/20230720211326607261_29.png
[VGA]靖天日本,https://t.freetv.fun/live/jing-tian-ri-ben-12.m3u8,网络源,https://epg.pw/media/images/channel/2023/07/20/large/20230720211326607261_29.png
[VGA]靖天日本,https://t.freetv.fun/live/jing-tian-ri-ben-13.m3u8,网络源,https://epg.pw/media/images/channel/2023/07/20/large/20230720211326607261_29.png
[VGA]靖天日本,https://t.freetv.fun/live/jing-tian-ri-ben-14.m3u8,网络源,https://epg.pw/media/images/channel/2023/07/20/large/20230720211326607261_29.png
[VGA]靖天日本,https://t.freetv.fun/live/jing-tian-ri-ben-15.m3u8,网络源,https://epg.pw/media/images/channel/2023/07/20/large/20230720211326607261_29.png
[VGA]靖天日本台,https://t.freetv.fun/live/jing-tian-ri-ben-tai.ts,网络源,https://epg.pw/media/images/channel/2023/07/20/large/20230720211326607261_29.png
[VGA]靖天日本台,https://t.freetv.fun/live/jing-tian-ri-ben-tai-1.ts,网络源,https://epg.pw/media/images/channel/2023/07/20/large/20230720211326607261_29.png
[BD]靖天日本,https://t.freetv.fun/live/jing-tian-ri-ben-16.php,网络源,https://epg.pw/media/images/channel/2023/07/20/large/20230720211326607261_29.png
[BD]靖天映画,https://t.freetv.fun/live/jing-tian-ying-hua.m3u8,网络源,https://epg.pw/media/images/channel/2023/07/20/large/20230720211824734749_31.png
[VGA]靖天映畫,https://t.freetv.fun/live/jing-tian-ying-hua-1.php,网络源,https://epg.pw/media/images/channel/2023/07/20/large/20230720211824734749_31.png
[VGA]靖天映畫,https://t.freetv.fun/live/jing-tian-ying-hua-1-1.m3u8,网络源,https://epg.pw/media/images/channel/2023/07/20/large/20230720211824734749_31.png
[VGA]靖天映畫,https://t.freetv.fun/live/jing-tian-ying-hua-2.m3u8,网络源,https://epg.pw/media/images/channel/2023/07/20/large/20230720211824734749_31.png
[VGA]靖天映畫,https://t.freetv.fun/live/jing-tian-ying-hua-3.m3u8,网络源,https://epg.pw/media/images/channel/2023/07/20/large/20230720211824734749_31.png
[VGA]靖天映畫,https://t.freetv.fun/live/jing-tian-ying-hua-4.m3u8,网络源,https://epg.pw/media/images/channel/2023/07/20/large/20230720211824734749_31.png
[VGA]靖天映畫,https://t.freetv.fun/live/jing-tian-ying-hua-5.m3u8,网络源,https://epg.pw/media/images/channel/2023/07/20/large/20230720211824734749_31.png
[VGA]靖天映畫,https://t.freetv.fun/live/jing-tian-ying-hua-6.m3u8,网络源,https://epg.pw/media/images/channel/2023/07/20/large/20230720211824734749_31.png
[VGA]靖天映畫,https://t.freetv.fun/live/jing-tian-ying-hua-7.m3u8,网络源,https://epg.pw/media/images/channel/2023/07/20/large/20230720211824734749_31.png
[VGA]靖天映畫,https://t.freetv.fun/live/jing-tian-ying-hua-8.m3u8,网络源,https://epg.pw/media/images/channel/2023/07/20/large/20230720211824734749_31.png
[VGA]靖天映畫,https://t.freetv.fun/live/jing-tian-ying-hua-9.m3u8,网络源,https://epg.pw/media/images/channel/2023/07/20/large/20230720211824734749_31.png
[VGA]靖天映畫,https://t.freetv.fun/live/jing-tian-ying-hua-10.m3u8,网络源,https://epg.pw/media/images/channel/2023/07/20/large/20230720211824734749_31.png
[VGA]靖天映畫,https://t.freetv.fun/live/jing-tian-ying-hua-11.m3u8,网络源,https://epg.pw/media/images/channel/2023/07/20/large/20230720211824734749_31.png
[VGA]靖天映畫,https://t.freetv.fun/live/jing-tian-ying-hua-12.m3u8,网络源,https://epg.pw/media/images/channel/2023/07/20/large/20230720211824734749_31.png
[VGA]靖天映畫,https://t.freetv.fun/live/jing-tian-ying-hua-13.m3u8,网络源,https://epg.pw/media/images/channel/2023/07/20/large/20230720211824734749_31.png
[VGA]靖天映畫,https://t.freetv.fun/live/jing-tian-ying-hua-14.m3u8,网络源,https://epg.pw/media/images/channel/2023/07/20/large/20230720211824734749_31.png
[VGA]靖天映畫,https://t.freetv.fun/live/jing-tian-ying-hua-15.m3u8,网络源,https://epg.pw/media/images/channel/2023/07/20/large/20230720211824734749_31.png
[VGA]靖天映画台,https://t.freetv.fun/live/jing-tian-ying-hua-tai.ts,网络源,https://epg.pw/media/images/channel/2023/07/20/large/20230720211824734749_31.png
[VGA]靖天映画台,https://t.freetv.fun/live/jing-tian-ying-hua-tai-1.ts,网络源,https://epg.pw/media/images/channel/2023/07/20/large/20230720211824734749_31.png
[BD]靖天映畫,https://t.freetv.fun/live/jing-tian-ying-hua-16.php,网络源,https://epg.pw/media/images/channel/2023/07/20/large/20230720211824734749_31.png
[VGA]靖天欢乐,https://t.freetv.fun/live/jing-tian-huan-le.php,网络源,https://epg.pw/media/images/channel/2023/07/20/large/20230720211755214321_72.png
[VGA]靖天欢乐,https://t.freetv.fun/live/jing-tian-huan-le-1.php,网络源,https://epg.pw/media/images/channel/2023/07/20/large/20230720211755214321_72.png
[VGA]靖天歡樂,https://t.freetv.fun/live/jing-tian-huan-le-2.php,网络源,https://epg.pw/media/images/channel/2023/07/20/large/20230720211755214321_72.png
[VGA]靖天歡樂,https://t.freetv.fun/live/jing-tian-huan-le-1-1.m3u8,网络源,https://epg.pw/media/images/channel/2023/07/20/large/20230720211755214321_72.png
[VGA]靖天歡樂,https://t.freetv.fun/live/jing-tian-huan-le-2-1.m3u8,网络源,https://epg.pw/media/images/channel/2023/07/20/large/20230720211755214321_72.png
[VGA]靖天歡樂,https://t.freetv.fun/live/jing-tian-huan-le-3.m3u8,网络源,https://epg.pw/media/images/channel/2023/07/20/large/20230720211755214321_72.png
[VGA]靖天歡樂,https://t.freetv.fun/live/jing-tian-huan-le-4.m3u8,网络源,https://epg.pw/media/images/channel/2023/07/20/large/20230720211755214321_72.png
[VGA]靖天歡樂,https://t.freetv.fun/live/jing-tian-huan-le-5.m3u8,网络源,https://epg.pw/media/images/channel/2023/07/20/large/20230720211755214321_72.png
[VGA]靖天歡樂,https://t.freetv.fun/live/jing-tian-huan-le-6.m3u8,网络源,https://epg.pw/media/images/channel/2023/07/20/large/20230720211755214321_72.png
[VGA]靖天歡樂,https://t.freetv.fun/live/jing-tian-huan-le-7.m3u8,网络源,https://epg.pw/media/images/channel/2023/07/20/large/20230720211755214321_72.png
[VGA]靖天歡樂,https://t.freetv.fun/live/jing-tian-huan-le-8.m3u8,网络源,https://epg.pw/media/images/channel/2023/07/20/large/20230720211755214321_72.png
[VGA]靖天歡樂,https://t.freetv.fun/live/jing-tian-huan-le-9.m3u8,网络源,https://epg.pw/media/images/channel/2023/07/20/large/20230720211755214321_72.png
[VGA]靖天歡樂,https://t.freetv.fun/live/jing-tian-huan-le-10.m3u8,网络源,https://epg.pw/media/images/channel/2023/07/20/large/20230720211755214321_72.png
[VGA]靖天歡樂,https://t.freetv.fun/live/jing-tian-huan-le-11.m3u8,网络源,https://epg.pw/media/images/channel/2023/07/20/large/20230720211755214321_72.png
[VGA]靖天歡樂,https://t.freetv.fun/live/jing-tian-huan-le-12.m3u8,网络源,https://epg.pw/media/images/channel/2023/07/20/large/20230720211755214321_72.png
[VGA]靖天歡樂,https://t.freetv.fun/live/jing-tian-huan-le-13.m3u8,网络源,https://epg.pw/media/images/channel/2023/07/20/large/20230720211755214321_72.png
[VGA]靖天歡樂,https://t.freetv.fun/live/jing-tian-huan-le-14.m3u8,网络源,https://epg.pw/media/images/channel/2023/07/20/large/20230720211755214321_72.png
[VGA]靖天歡樂,https://t.freetv.fun/live/jing-tian-huan-le-15.m3u8,网络源,https://epg.pw/media/images/channel/2023/07/20/large/20230720211755214321_72.png
[VGA]靖天欢乐台,https://t.freetv.fun/live/jing-tian-huan-le-tai.ts,网络源,https://epg.pw/media/images/channel/2023/07/20/large/20230720211755214321_72.png
[VGA]靖天欢乐台,https://t.freetv.fun/live/jing-tian-huan-le-tai-1.ts,网络源,https://epg.pw/media/images/channel/2023/07/20/large/20230720211755214321_72.png
[BD]靖天歡樂,https://t.freetv.fun/live/jing-tian-huan-le-16.php,网络源,https://epg.pw/media/images/channel/2023/07/20/large/20230720211755214321_72.png
[VGA]靖天综合,https://t.freetv.fun/live/jing-tian-zong-he.php,网络源,https://epg.pw/media/images/channel/2023/07/20/large/20230720211628838481_19.png
[VGA]靖天綜合,https://t.freetv.fun/live/jing-tian-zong-he-1.php,网络源,https://epg.pw/media/images/channel/2023/07/20/large/20230720211628838481_19.png
[VGA]靖天综合,https://t.freetv.fun/live/jing-tian-zong-he-1-1.php,网络源,https://epg.pw/media/images/channel/2023/07/20/large/20230720211628838481_19.png
[VGA]靖天綜合,https://t.freetv.fun/live/jing-tian-zong-he-1-2.m3u8,网络源,https://epg.pw/media/images/channel/2023/07/20/large/20230720211628838481_19.png
[VGA]靖天綜合,https://t.freetv.fun/live/jing-tian-zong-he-2.m3u8,网络源,https://epg.pw/media/images/channel/2023/07/20/large/20230720211628838481_19.png
[VGA]靖天綜合,https://t.freetv.fun/live/jing-tian-zong-he-3.m3u8,网络源,https://epg.pw/media/images/channel/2023/07/20/large/20230720211628838481_19.png
[VGA]靖天綜合,https://t.freetv.fun/live/jing-tian-zong-he-4.m3u8,网络源,https://epg.pw/media/images/channel/2023/07/20/large/20230720211628838481_19.png
[VGA]靖天綜合,https://t.freetv.fun/live/jing-tian-zong-he-5.m3u8,网络源,https://epg.pw/media/images/channel/2023/07/20/large/20230720211628838481_19.png
[VGA]靖天綜合,https://t.freetv.fun/live/jing-tian-zong-he-6.m3u8,网络源,https://epg.pw/media/images/channel/2023/07/20/large/20230720211628838481_19.png
[VGA]靖天綜合,https://t.freetv.fun/live/jing-tian-zong-he-7.m3u8,网络源,https://epg.pw/media/images/channel/2023/07/20/large/20230720211628838481_19.png
[VGA]靖天综合台,https://t.freetv.fun/live/jing-tian-zong-he-tai.ts,网络源,https://epg.pw/media/images/channel/2023/07/20/large/20230720211628838481_19.png
[VGA]靖天综合台,https://t.freetv.fun/live/jing-tian-zong-he-tai-1.ts,网络源,https://epg.pw/media/images/channel/2023/07/20/large/20230720211628838481_19.png
[BD]靖天綜合,https://t.freetv.fun/live/jing-tian-zong-he-8.php,网络源,https://epg.pw/media/images/channel/2023/07/20/large/20230720211628838481_19.png
[VGA]靖天育乐,https://t.freetv.fun/live/jing-tian-yu-le.php,网络源,https://epg.pw/media/images/channel/2023/07/20/large/20230720211234557699_27.png
[VGA]靖天育乐,https://t.freetv.fun/live/jing-tian-yu-le-1.php,网络源,https://epg.pw/media/images/channel/2023/07/20/large/20230720211234557699_27.png
[VGA]靖天育樂,https://t.freetv.fun/live/jing-tian-yu-le-2.php,网络源,https://epg.pw/media/images/channel/2023/07/20/large/20230720211234557699_27.png
[VGA]靖天育樂,https://t.freetv.fun/live/jing-tian-yu-le-1-1.m3u8,网络源,https://epg.pw/media/images/channel/2023/07/20/large/20230720211234557699_27.png
[VGA]靖天育樂,https://t.freetv.fun/live/jing-tian-yu-le-2-1.m3u8,网络源,https://epg.pw/media/images/channel/2023/07/20/large/20230720211234557699_27.png
[VGA]靖天育樂,https://t.freetv.fun/live/jing-tian-yu-le-3.m3u8,网络源,https://epg.pw/media/images/channel/2023/07/20/large/20230720211234557699_27.png
[VGA]靖天育樂,https://t.freetv.fun/live/jing-tian-yu-le-4.m3u8,网络源,https://epg.pw/media/images/channel/2023/07/20/large/20230720211234557699_27.png
[VGA]靖天育樂,https://t.freetv.fun/live/jing-tian-yu-le-5.m3u8,网络源,https://epg.pw/media/images/channel/2023/07/20/large/20230720211234557699_27.png
[VGA]靖天育樂,https://t.freetv.fun/live/jing-tian-yu-le-6.m3u8,网络源,https://epg.pw/media/images/channel/2023/07/20/large/20230720211234557699_27.png
[VGA]靖天育樂,https://t.freetv.fun/live/jing-tian-yu-le-7.m3u8,网络源,https://epg.pw/media/images/channel/2023/07/20/large/20230720211234557699_27.png
[VGA]靖天育樂,https://t.freetv.fun/live/jing-tian-yu-le-8.m3u8,网络源,https://epg.pw/media/images/channel/2023/07/20/large/20230720211234557699_27.png
[VGA]靖天育樂,https://t.freetv.fun/live/jing-tian-yu-le-9.m3u8,网络源,https://epg.pw/media/images/channel/2023/07/20/large/20230720211234557699_27.png
[VGA]靖天育樂,https://t.freetv.fun/live/jing-tian-yu-le-10.m3u8,网络源,https://epg.pw/media/images/channel/2023/07/20/large/20230720211234557699_27.png
[VGA]靖天育樂,https://t.freetv.fun/live/jing-tian-yu-le-11.m3u8,网络源,https://epg.pw/media/images/channel/2023/07/20/large/20230720211234557699_27.png
[VGA]靖天育樂,https://t.freetv.fun/live/jing-tian-yu-le-12.m3u8,网络源,https://epg.pw/media/images/channel/2023/07/20/large/20230720211234557699_27.png
[VGA]靖天育樂,https://t.freetv.fun/live/jing-tian-yu-le-13.m3u8,网络源,https://epg.pw/media/images/channel/2023/07/20/large/20230720211234557699_27.png
[VGA]靖天育樂,https://t.freetv.fun/live/jing-tian-yu-le-14.m3u8,网络源,https://epg.pw/media/images/channel/2023/07/20/large/20230720211234557699_27.png
[VGA]靖天育樂,https://t.freetv.fun/live/jing-tian-yu-le-15.m3u8,网络源,https://epg.pw/media/images/channel/2023/07/20/large/20230720211234557699_27.png
[VGA]靖天育乐台,https://t.freetv.fun/live/jing-tian-yu-le-tai.ts,网络源,https://epg.pw/media/images/channel/2023/07/20/large/20230720211234557699_27.png
[VGA]靖天育乐台,https://t.freetv.fun/live/jing-tian-yu-le-tai-1.ts,网络源,https://epg.pw/media/images/channel/2023/07/20/large/20230720211234557699_27.png
[BD]靖天育樂,https://t.freetv.fun/live/jing-tian-yu-le-16.php,网络源,https://epg.pw/media/images/channel/2023/07/20/large/20230720211234557699_27.png
[VGA]靖天資訊,https://t.freetv.fun/live/jing-tian-zi-xun.php,网络源,https://epg.pw/media/images/channel/2023/07/20/large/20230720211439196918_86.png
[VGA]靖天資訊,https://t.freetv.fun/live/jing-tian-zi-xun-1.php,网络源,https://epg.pw/media/images/channel/2023/07/20/large/20230720211439196918_86.png
[VGA]靖天資訊,https://t.freetv.fun/live/jing-tian-zi-xun-2.m3u8,网络源,https://epg.pw/media/images/channel/2023/07/20/large/20230720211439196918_86.png
[VGA]靖天資訊,https://t.freetv.fun/live/jing-tian-zi-xun-3.m3u8,网络源,https://epg.pw/media/images/channel/2023/07/20/large/20230720211439196918_86.png
[VGA]靖天資訊,https://t.freetv.fun/live/jing-tian-zi-xun-4.m3u8,网络源,https://epg.pw/media/images/channel/2023/07/20/large/20230720211439196918_86.png
[VGA]靖天資訊,https://t.freetv.fun/live/jing-tian-zi-xun-5.m3u8,网络源,https://epg.pw/media/images/channel/2023/07/20/large/20230720211439196918_86.png
[VGA]靖天資訊,https://t.freetv.fun/live/jing-tian-zi-xun-6.m3u8,网络源,https://epg.pw/media/images/channel/2023/07/20/large/20230720211439196918_86.png
[VGA]靖天資訊,https://t.freetv.fun/live/jing-tian-zi-xun-7.m3u8,网络源,https://epg.pw/media/images/channel/2023/07/20/large/20230720211439196918_86.png
[VGA]靖天資訊,https://t.freetv.fun/live/jing-tian-zi-xun-8.m3u8,网络源,https://epg.pw/media/images/channel/2023/07/20/large/20230720211439196918_86.png
[VGA]靖天資訊,https://t.freetv.fun/live/jing-tian-zi-xun-9.m3u8,网络源,https://epg.pw/media/images/channel/2023/07/20/large/20230720211439196918_86.png
[VGA]靖天資訊,https://t.freetv.fun/live/jing-tian-zi-xun-10.m3u8,网络源,https://epg.pw/media/images/channel/2023/07/20/large/20230720211439196918_86.png
[VGA]靖天資訊,https://t.freetv.fun/live/jing-tian-zi-xun-11.m3u8,网络源,https://epg.pw/media/images/channel/2023/07/20/large/20230720211439196918_86.png
[VGA]靖天資訊,https://t.freetv.fun/live/jing-tian-zi-xun-12.m3u8,网络源,https://epg.pw/media/images/channel/2023/07/20/large/20230720211439196918_86.png
[VGA]靖天資訊,https://t.freetv.fun/live/jing-tian-zi-xun-13.m3u8,网络源,https://epg.pw/media/images/channel/2023/07/20/large/20230720211439196918_86.png
[VGA]靖天資訊,https://t.freetv.fun/live/jing-tian-zi-xun-14.m3u8,网络源,https://epg.pw/media/images/channel/2023/07/20/large/20230720211439196918_86.png
[VGA]靖天資訊,https://t.freetv.fun/live/jing-tian-zi-xun-15.m3u8,网络源,https://epg.pw/media/images/channel/2023/07/20/large/20230720211439196918_86.png
[VGA]靖天资讯台,https://t.freetv.fun/live/jing-tian-zi-xun-tai.ts,网络源,https://epg.pw/media/images/channel/2023/07/20/large/20230720211439196918_86.png
[VGA]靖天资讯台,https://t.freetv.fun/live/jing-tian-zi-xun-tai-1.ts,网络源,https://epg.pw/media/images/channel/2023/07/20/large/20230720211439196918_86.png
[BD]靖天資訊,https://t.freetv.fun/live/jing-tian-zi-xun-16.php,网络源,https://epg.pw/media/images/channel/2023/07/20/large/20230720211439196918_86.png
[VGA]靖天电影,https://t.freetv.fun/live/jing-tian-dian-ying-1.php,网络源,https://epg.pw/media/images/channel/2023/07/20/large/20230720211600121903_76.png
[VGA]靖天电影,https://t.freetv.fun/live/jing-tian-dian-ying-1.m3u8,网络源,https://epg.pw/media/images/channel/2023/07/20/large/20230720211600121903_76.png
[VGA]靖天電影,https://t.freetv.fun/live/jing-tian-dian-ying-2.php,网络源,https://epg.pw/media/images/channel/2023/07/20/large/20230720211600121903_76.png
[VGA]靖天电影,https://t.freetv.fun/live/jing-tian-dian-ying-1-1.php,网络源,https://epg.pw/media/images/channel/2023/07/20/large/20230720211600121903_76.png
[VGA]靖天電影,https://t.freetv.fun/live/jing-tian-dian-ying-1-2.php,网络源,https://epg.pw/media/images/channel/2023/07/20/large/20230720211600121903_76.png
[VGA]靖天電影,https://t.freetv.fun/live/jing-tian-dian-ying-2-1.m3u8,网络源,https://epg.pw/media/images/channel/2023/07/20/large/20230720211600121903_76.png
[VGA]靖天電影,https://t.freetv.fun/live/jing-tian-dian-ying-3.m3u8,网络源,https://epg.pw/media/images/channel/2023/07/20/large/20230720211600121903_76.png
[VGA]靖天電影,https://t.freetv.fun/live/jing-tian-dian-ying-4.m3u8,网络源,https://epg.pw/media/images/channel/2023/07/20/large/20230720211600121903_76.png
[VGA]靖天電影,https://t.freetv.fun/live/jing-tian-dian-ying-5.m3u8,网络源,https://epg.pw/media/images/channel/2023/07/20/large/20230720211600121903_76.png
[VGA]靖天電影,https://t.freetv.fun/live/jing-tian-dian-ying-6.m3u8,网络源,https://epg.pw/media/images/channel/2023/07/20/large/20230720211600121903_76.png
[VGA]靖天電影,https://t.freetv.fun/live/jing-tian-dian-ying-7.m3u8,网络源,https://epg.pw/media/images/channel/2023/07/20/large/20230720211600121903_76.png
[VGA]靖天電影,https://t.freetv.fun/live/jing-tian-dian-ying-8.m3u8,网络源,https://epg.pw/media/images/channel/2023/07/20/large/20230720211600121903_76.png
[VGA]靖天電影,https://t.freetv.fun/live/jing-tian-dian-ying-9.m3u8,网络源,https://epg.pw/media/images/channel/2023/07/20/large/20230720211600121903_76.png
[VGA]靖天電影,https://t.freetv.fun/live/jing-tian-dian-ying-10.m3u8,网络源,https://epg.pw/media/images/channel/2023/07/20/large/20230720211600121903_76.png
[VGA]靖天電影,https://t.freetv.fun/live/jing-tian-dian-ying-11.m3u8,网络源,https://epg.pw/media/images/channel/2023/07/20/large/20230720211600121903_76.png
[VGA]靖天電影,https://t.freetv.fun/live/jing-tian-dian-ying-12.m3u8,网络源,https://epg.pw/media/images/channel/2023/07/20/large/20230720211600121903_76.png
[VGA]靖天電影,https://t.freetv.fun/live/jing-tian-dian-ying-13.m3u8,网络源,https://epg.pw/media/images/channel/2023/07/20/large/20230720211600121903_76.png
[VGA]靖天電影,https://t.freetv.fun/live/jing-tian-dian-ying-14.m3u8,网络源,https://epg.pw/media/images/channel/2023/07/20/large/20230720211600121903_76.png
[VGA]靖天電影,https://t.freetv.fun/live/jing-tian-dian-ying-15.m3u8,网络源,https://epg.pw/media/images/channel/2023/07/20/large/20230720211600121903_76.png
[VGA]靖天电影台,https://t.freetv.fun/live/jing-tian-dian-ying-tai.ts,网络源,https://epg.pw/media/images/channel/2023/07/20/large/20230720211600121903_76.png
[VGA]靖天电影台,https://t.freetv.fun/live/jing-tian-dian-ying-tai-1.ts,网络源,https://epg.pw/media/images/channel/2023/07/20/large/20230720211600121903_76.png
[BD]靖天電影,https://t.freetv.fun/live/jing-tian-dian-ying-16.php,网络源,https://epg.pw/media/images/channel/2023/07/20/large/20230720211600121903_76.png
[VGA]靖洋卡通,https://t.freetv.fun/live/jing-yang-qia-tong.php,网络源,https://epg.pw/media/images/channel/2022/03/04/large/20220304215939266079_17.png
[VGA]靖洋卡通,https://t.freetv.fun/live/jing-yang-qia-tong-1.m3u8,网络源,https://epg.pw/media/images/channel/2022/03/04/large/20220304215939266079_17.png
[VGA]靖洋卡通,https://t.freetv.fun/live/jing-yang-qia-tong-2.m3u8,网络源,https://epg.pw/media/images/channel/2022/03/04/large/20220304215939266079_17.png
[VGA]靖洋卡通,https://t.freetv.fun/live/jing-yang-qia-tong-3.m3u8,网络源,https://epg.pw/media/images/channel/2022/03/04/large/20220304215939266079_17.png
[VGA]靖洋卡通,https://t.freetv.fun/live/jing-yang-qia-tong-4.m3u8,网络源,https://epg.pw/media/images/channel/2022/03/04/large/20220304215939266079_17.png
[VGA]靖洋卡通,https://t.freetv.fun/live/jing-yang-qia-tong-5.m3u8,网络源,https://epg.pw/media/images/channel/2022/03/04/large/20220304215939266079_17.png
[VGA]靖洋卡通,https://t.freetv.fun/live/jing-yang-qia-tong-6.m3u8,网络源,https://epg.pw/media/images/channel/2022/03/04/large/20220304215939266079_17.png
[VGA]靖洋卡通,https://t.freetv.fun/live/jing-yang-qia-tong-7.m3u8,网络源,https://epg.pw/media/images/channel/2022/03/04/large/20220304215939266079_17.png
[VGA]靖洋卡通,https://t.freetv.fun/live/jing-yang-qia-tong-8.m3u8,网络源,https://epg.pw/media/images/channel/2022/03/04/large/20220304215939266079_17.png
[VGA]靖洋卡通,https://t.freetv.fun/live/jing-yang-qia-tong-9.m3u8,网络源,https://epg.pw/media/images/channel/2022/03/04/large/20220304215939266079_17.png
[VGA]靖洋卡通,https://t.freetv.fun/live/jing-yang-qia-tong-10.m3u8,网络源,https://epg.pw/media/images/channel/2022/03/04/large/20220304215939266079_17.png
[VGA]靖洋卡通,https://t.freetv.fun/live/jing-yang-qia-tong-11.m3u8,网络源,https://epg.pw/media/images/channel/2022/03/04/large/20220304215939266079_17.png
[VGA]靖洋卡通,https://t.freetv.fun/live/jing-yang-qia-tong-12.m3u8,网络源,https://epg.pw/media/images/channel/2022/03/04/large/20220304215939266079_17.png
[VGA]靖洋卡通,https://t.freetv.fun/live/jing-yang-qia-tong-13.m3u8,网络源,https://epg.pw/media/images/channel/2022/03/04/large/20220304215939266079_17.png
[VGA]靖洋卡通,https://t.freetv.fun/live/jing-yang-qia-tong-14.m3u8,网络源,https://epg.pw/media/images/channel/2022/03/04/large/20220304215939266079_17.png
[VGA]靖洋卡通,https://t.freetv.fun/live/jing-yang-qia-tong-15.m3u8,网络源,https://epg.pw/media/images/channel/2022/03/04/large/20220304215939266079_17.png
[BD]靖洋卡通,https://t.freetv.fun/live/jing-yang-qia-tong-16.php,网络源,https://epg.pw/media/images/channel/2022/03/04/large/20220304215939266079_17.png
[VGA]靖洋戏剧,https://t.freetv.fun/live/jing-yang-xi-ju.m3u8,网络源,https://epg.pw/media/images/channel/2023/07/11/large/20230711224936326578_83.jpg
[VGA]靖洋戲劇,https://t.freetv.fun/live/jing-yang-xi-ju-1.php,网络源,https://epg.pw/media/images/channel/2023/07/11/large/20230711224936326578_83.jpg
[VGA]靖洋戏剧,https://t.freetv.fun/live/jing-yang-xi-ju-1-1.php,网络源,https://epg.pw/media/images/channel/2023/07/11/large/20230711224936326578_83.jpg
[VGA]靖洋戲劇,https://t.freetv.fun/live/jing-yang-xi-ju-1-2.m3u8,网络源,https://epg.pw/media/images/channel/2023/07/11/large/20230711224936326578_83.jpg
[VGA]靖洋戲劇,https://t.freetv.fun/live/jing-yang-xi-ju-2.m3u8,网络源,https://epg.pw/media/images/channel/2023/07/11/large/20230711224936326578_83.jpg
[VGA]靖洋戲劇,https://t.freetv.fun/live/jing-yang-xi-ju-3.m3u8,网络源,https://epg.pw/media/images/channel/2023/07/11/large/20230711224936326578_83.jpg
[VGA]靖洋戲劇,https://t.freetv.fun/live/jing-yang-xi-ju-4.m3u8,网络源,https://epg.pw/media/images/channel/2023/07/11/large/20230711224936326578_83.jpg
[VGA]靖洋戲劇,https://t.freetv.fun/live/jing-yang-xi-ju-5.m3u8,网络源,https://epg.pw/media/images/channel/2023/07/11/large/20230711224936326578_83.jpg
[VGA]靖洋戲劇,https://t.freetv.fun/live/jing-yang-xi-ju-6.m3u8,网络源,https://epg.pw/media/images/channel/2023/07/11/large/20230711224936326578_83.jpg
[VGA]靖洋戲劇,https://t.freetv.fun/live/jing-yang-xi-ju-7.m3u8,网络源,https://epg.pw/media/images/channel/2023/07/11/large/20230711224936326578_83.jpg
[VGA]靖洋戲劇,https://t.freetv.fun/live/jing-yang-xi-ju-8.m3u8,网络源,https://epg.pw/media/images/channel/2023/07/11/large/20230711224936326578_83.jpg
[VGA]靖洋戲劇,https://t.freetv.fun/live/jing-yang-xi-ju-9.m3u8,网络源,https://epg.pw/media/images/channel/2023/07/11/large/20230711224936326578_83.jpg
[VGA]靖洋戲劇,https://t.freetv.fun/live/jing-yang-xi-ju-10.m3u8,网络源,https://epg.pw/media/images/channel/2023/07/11/large/20230711224936326578_83.jpg
[VGA]靖洋戲劇,https://t.freetv.fun/live/jing-yang-xi-ju-11.m3u8,网络源,https://epg.pw/media/images/channel/2023/07/11/large/20230711224936326578_83.jpg
[VGA]靖洋戲劇,https://t.freetv.fun/live/jing-yang-xi-ju-12.m3u8,网络源,https://epg.pw/media/images/channel/2023/07/11/large/20230711224936326578_83.jpg
[VGA]靖洋戲劇,https://t.freetv.fun/live/jing-yang-xi-ju-13.m3u8,网络源,https://epg.pw/media/images/channel/2023/07/11/large/20230711224936326578_83.jpg
[VGA]靖洋戲劇,https://t.freetv.fun/live/jing-yang-xi-ju-14.m3u8,网络源,https://epg.pw/media/images/channel/2023/07/11/large/20230711224936326578_83.jpg
[VGA]靖洋戲劇,https://t.freetv.fun/live/jing-yang-xi-ju-15.m3u8,网络源,https://epg.pw/media/images/channel/2023/07/11/large/20230711224936326578_83.jpg
[VGA]靖洋戏剧台,https://t.freetv.fun/live/jing-yang-xi-ju-tai.ts,网络源,https://epg.pw/media/images/channel/2023/07/11/large/20230711224936326578_83.jpg
[VGA]靖洋戏剧台,https://t.freetv.fun/live/jing-yang-xi-ju-tai-1.ts,网络源,https://epg.pw/media/images/channel/2023/07/11/large/20230711224936326578_83.jpg
[BD]靖洋戲劇,https://t.freetv.fun/live/jing-yang-xi-ju-16.php,网络源,https://epg.pw/media/images/channel/2023/07/11/large/20230711224936326578_83.jpg
[VGA]非凡商业台,https://t.freetv.fun/live/fei-fan-shang-ye-tai-2.php,网络源,https://epg.pw/media/images/channel/2022/05/14/large/20220514163601233713_40.jpg
[VGA]非凡商业,https://t.freetv.fun/live/fei-fan-shang-ye.php,网络源,https://epg.pw/media/images/channel/2022/05/14/large/20220514163601233713_40.jpg
[VGA]非凡商業,https://t.freetv.fun/live/fei-fan-shang-ye-1.php,网络源,https://epg.pw/media/images/channel/2022/05/14/large/20220514163601233713_40.jpg
[VGA]非凡商业,https://t.freetv.fun/live/fei-fan-shang-ye-1-1.php,网络源,https://epg.pw/media/images/channel/2022/05/14/large/20220514163601233713_40.jpg
[VGA]非凡商業,https://t.freetv.fun/live/fei-fan-shang-ye-1-2.m3u8,网络源,https://epg.pw/media/images/channel/2022/05/14/large/20220514163601233713_40.jpg
[VGA]非凡商業,https://t.freetv.fun/live/fei-fan-shang-ye-2.m3u8,网络源,https://epg.pw/media/images/channel/2022/05/14/large/20220514163601233713_40.jpg
[VGA]非凡商業,https://t.freetv.fun/live/fei-fan-shang-ye-3.m3u8,网络源,https://epg.pw/media/images/channel/2022/05/14/large/20220514163601233713_40.jpg
[VGA]非凡商業,https://t.freetv.fun/live/fei-fan-shang-ye-4.m3u8,网络源,https://epg.pw/media/images/channel/2022/05/14/large/20220514163601233713_40.jpg
[VGA]非凡商業,https://t.freetv.fun/live/fei-fan-shang-ye-5.m3u8,网络源,https://epg.pw/media/images/channel/2022/05/14/large/20220514163601233713_40.jpg
[VGA]非凡商業,https://t.freetv.fun/live/fei-fan-shang-ye-6.m3u8,网络源,https://epg.pw/media/images/channel/2022/05/14/large/20220514163601233713_40.jpg
[VGA]非凡商業,https://t.freetv.fun/live/fei-fan-shang-ye-7.m3u8,网络源,https://epg.pw/media/images/channel/2022/05/14/large/20220514163601233713_40.jpg
[VGA]非凡商業,https://t.freetv.fun/live/fei-fan-shang-ye-8.m3u8,网络源,https://epg.pw/media/images/channel/2022/05/14/large/20220514163601233713_40.jpg
