频道名,地址,来源,图标
[SD]матч! боец,https://t.freetv.fun/live/match-boets-2.m3u8,网络源,https://epg.pw/media/uploads/tmp_logo/2017/02/18/20170218033306981153_44.jpg
[SD]матч! боец,https://t.freetv.fun/live/match-boets-3.m3u8,网络源,https://epg.pw/media/uploads/tmp_logo/2017/02/18/20170218033306981153_44.jpg
[BD]мир 24,https://t.freetv.fun/live/mir-24.m3u8,网络源,https://epg.pw/media/images/channel/2022/05/06/large/20220506174922581585_83.png
[SD]мир 24,https://t.freetv.fun/live/mir-24-4.m3u8,网络源,https://epg.pw/media/images/channel/2022/05/06/large/20220506174922581585_83.png
[BD]мир 24,https://t.freetv.fun/live/mir-24-6.m3u8,网络源,https://epg.pw/media/images/channel/2022/05/06/large/20220506174922581585_83.png
[SD]мир 24,https://t.freetv.fun/live/mir-24-7.m3u8,网络源,https://epg.pw/media/images/channel/2022/05/06/large/20220506174922581585_83.png
[BD]мир 24,https://t.freetv.fun/live/mir-24-8.m3u8,网络源,https://epg.pw/media/images/channel/2022/05/06/large/20220506174922581585_83.png
[BD]мир 24,https://t.freetv.fun/live/mir-24-9.m3u8,网络源,https://epg.pw/media/images/channel/2022/05/06/large/20220506174922581585_83.png
[BD]мир24,https://t.freetv.fun/live/mir24.m3u8,网络源,https://epg.pw/media/images/channel/2022/05/06/large/20220506174922581585_83.png
[BD]мир 24,https://t.freetv.fun/live/mir-24-10.m3u8,网络源,https://epg.pw/media/images/channel/2022/05/06/large/20220506174922581585_83.png
[SD]мир 24,https://t.freetv.fun/live/mir-24-11.m3u8,网络源,https://epg.pw/media/images/channel/2022/05/06/large/20220506174922581585_83.png
[SD]мир 24 (1080p),https://t.freetv.fun/live/mir-24-1080p.m3u8,网络源,https://epg.pw/media/images/channel/2022/05/06/large/20220506174922581585_83.png
[SD]муз тв,https://t.freetv.fun/live/muz-tv.m3u8,网络源,https://epg.pw/media/uploads/tmp_logo/2016/11/27/20161127053952273915_85.png
[SD]музтв,https://t.freetv.fun/live/muztv-2.m3u8,网络源,https://epg.pw/media/uploads/tmp_logo/2016/11/27/20161127053952273915_85.png
[SD]музтв,https://t.freetv.fun/live/muztv-3.m3u8,网络源,https://epg.pw/media/uploads/tmp_logo/2016/11/27/20161127053952273915_85.png
[VGA]муз,https://t.freetv.fun/live/muz.m3u8,网络源,https://epg.pw/media/uploads/tmp_logo/2016/11/27/20161127053952273915_85.png
[SD]музтв,https://t.freetv.fun/live/muztv-5.m3u8,网络源,https://epg.pw/media/uploads/tmp_logo/2016/11/27/20161127053952273915_85.png
[SD]музтв,https://t.freetv.fun/live/muztv-7.m3u8,网络源,https://epg.pw/media/uploads/tmp_logo/2016/11/27/20161127053952273915_85.png
[SD]музтв,https://t.freetv.fun/live/muztv-8.m3u8,网络源,https://epg.pw/media/uploads/tmp_logo/2016/11/27/20161127053952273915_85.png
[SD]муз тв,https://t.freetv.fun/live/muz-tv-1.m3u8,网络源,https://epg.pw/media/uploads/tmp_logo/2016/11/27/20161127053952273915_85.png
[SD]муз тв,https://t.freetv.fun/live/muz-tv-2.m3u8,网络源,https://epg.pw/media/uploads/tmp_logo/2016/11/27/20161127053952273915_85.png
[BD]матур тв,https://t.freetv.fun/live/matur-tv.m3u8,网络源,https://epg.pw/media/images/channel/2021/11/13/large/20211113232255096058_95.png
[SD]матч тв,https://t.freetv.fun/live/match-tv-3.m3u8,网络源,https://epg.pw/media/images/channel/2021/11/13/large/20211113232255096058_95.png
[SD]матч тв,https://t.freetv.fun/live/match-tv-5.m3u8,网络源,https://epg.pw/media/images/channel/2021/11/13/large/20211113232255096058_95.png
[SD]матч тв,https://t.freetv.fun/live/match-tv-6.m3u8,网络源,https://epg.pw/media/images/channel/2021/11/13/large/20211113232255096058_95.png
[BD]матч,https://t.freetv.fun/live/match-1.m3u8,网络源,https://epg.pw/media/images/channel/2021/11/13/large/20211113232255096058_95.png
[SD]матур тв (1080p),https://t.freetv.fun/live/matur-tv-1080p.m3u8,网络源,https://epg.pw/media/images/channel/2021/11/13/large/20211113232255096058_95.png
[SD]матч! игра,https://t.freetv.fun/live/match-igra.m3u8,网络源,https://epg.pw/media/images/channel/2022/05/06/large/20220506174045561066_52.png
[SD]матч! арена,https://t.freetv.fun/live/match-arena.m3u8,网络源,https://epg.pw/media/images/channel/2022/05/06/large/20220506174045561066_52.png
[HD]матч! арена,https://t.freetv.fun/live/match-arena-1.m3u8,网络源,https://epg.pw/media/images/channel/2022/05/06/large/20220506174045561066_52.png
[SD]матч!,https://t.freetv.fun/live/match.m3u8,网络源,https://epg.pw/media/images/channel/2022/05/06/large/20220506174045561066_52.png
[HD]матч! игра,https://t.freetv.fun/live/match-igra-1.m3u8,网络源,https://epg.pw/media/images/channel/2022/05/06/large/20220506174045561066_52.png
[SD]матч! арена,https://t.freetv.fun/live/match-arena-2-1.m3u8,网络源,https://epg.pw/media/images/channel/2022/05/06/large/20220506174045561066_52.png
[SD]матч! арена,https://t.freetv.fun/live/match-arena-3.m3u8,网络源,https://epg.pw/media/images/channel/2022/05/06/large/20220506174045561066_52.png
[SD]матч! игра,https://t.freetv.fun/live/match-igra-3.m3u8,网络源,https://epg.pw/media/images/channel/2022/05/06/large/20220506174045561066_52.png
[SD]матч! игра,https://t.freetv.fun/live/match-igra-4.m3u8,网络源,https://epg.pw/media/images/channel/2022/05/06/large/20220506174045561066_52.png
[SD]матч! игра,https://t.freetv.fun/live/match-igra-5.m3u8,网络源,https://epg.pw/media/images/channel/2022/05/06/large/20220506174045561066_52.png
[SD]матч! арена,https://t.freetv.fun/live/match-arena-4.m3u8,网络源,https://epg.pw/media/images/channel/2022/05/06/large/20220506174045561066_52.png
[SD]матч! арена,https://t.freetv.fun/live/match-arena-5.m3u8,网络源,https://epg.pw/media/images/channel/2022/05/06/large/20220506174045561066_52.png
[SD]матч! арена,https://t.freetv.fun/live/match-arena-6.m3u8,网络源,https://epg.pw/media/images/channel/2022/05/06/large/20220506174045561066_52.png
[SD]матч! арена (720p),https://t.freetv.fun/live/match-arena-720p.m3u8,网络源,https://epg.pw/media/images/channel/2022/05/06/large/20220506174045561066_52.png
[SD]матч! игра (720p),https://t.freetv.fun/live/match-igra-720p.m3u8,网络源,https://epg.pw/media/images/channel/2022/05/06/large/20220506174045561066_52.png
[SD]мир,https://t.freetv.fun/live/mir-1.m3u8,网络源,https://epg.pw/media/images/channel/2022/05/06/large/20220506174918399193_61.png
[SD]мир,https://t.freetv.fun/live/mir-2.m3u8,网络源,https://epg.pw/media/images/channel/2022/05/06/large/20220506174918399193_61.png
[VGA]мир,https://t.freetv.fun/live/mir-3.m3u8,网络源,https://epg.pw/media/images/channel/2022/05/06/large/20220506174918399193_61.png
[BD]мир,https://t.freetv.fun/live/mir-5.m3u8,网络源,https://epg.pw/media/images/channel/2022/05/06/large/20220506174918399193_61.png
[SD]мир,https://t.freetv.fun/live/mir-6.m3u8,网络源,https://epg.pw/media/images/channel/2022/05/06/large/20220506174918399193_61.png
[SD]мир,https://t.freetv.fun/live/mir-7.m3u8,网络源,https://epg.pw/media/images/channel/2022/05/06/large/20220506174918399193_61.png
[SD]мир,https://t.freetv.fun/live/mir-9.m3u8,网络源,https://epg.pw/media/images/channel/2022/05/06/large/20220506174918399193_61.png
[SD]мир,https://t.freetv.fun/live/mir-11.m3u8,网络源,https://epg.pw/media/images/channel/2022/05/06/large/20220506174918399193_61.png
[BD]мир,https://t.freetv.fun/live/mir-12.m3u8,网络源,https://epg.pw/media/images/channel/2022/05/06/large/20220506174918399193_61.png
[SD]мир,https://t.freetv.fun/live/mir-13.m3u8,网络源,https://epg.pw/media/images/channel/2022/05/06/large/20220506174918399193_61.png
[SD]мир,https://t.freetv.fun/live/mir-14.m3u8,网络源,https://epg.pw/media/images/channel/2022/05/06/large/20220506174918399193_61.png
[SD]мир kz,https://t.freetv.fun/live/mir-kz.m3u8,网络源,https://epg.pw/media/images/channel/2022/05/06/large/20220506174918399193_61.png
[SD]мир (1080p) [not 24/7],https://t.freetv.fun/live/mir-1080p-not-24-7.m3u8,网络源,https://epg.pw/media/images/channel/2022/05/06/large/20220506174918399193_61.png
[SD]мир ( plus 4) (576p),https://t.freetv.fun/live/mir-plus-4-576p.m3u8,网络源,https://epg.pw/media/images/channel/2022/05/06/large/20220506174918399193_61.png
[SD]музыка первого,https://t.freetv.fun/live/muzyka-pervogo-1.m3u8,网络源,https://epg.pw/media/uploads/tmp_logo/2017/01/19/20170119050548543583_72.png
[HD]музыка 6,https://t.freetv.fun/live/muzyka-6.m3u8,网络源,https://epg.pw/media/uploads/tmp_logo/2017/01/19/20170119050548543583_72.png
[BD]музыка 7,https://t.freetv.fun/live/muzyka-7.m3u8,网络源,https://epg.pw/media/uploads/tmp_logo/2017/01/19/20170119050548543583_72.png
[HD]музыка 4,https://t.freetv.fun/live/muzyka-4.m3u8,网络源,https://epg.pw/media/uploads/tmp_logo/2017/01/19/20170119050548543583_72.png
[HD]музыка 5,https://t.freetv.fun/live/muzyka-5.m3u8,网络源,https://epg.pw/media/uploads/tmp_logo/2017/01/19/20170119050548543583_72.png
[HD]музыка 3,https://t.freetv.fun/live/muzyka-3.m3u8,网络源,https://epg.pw/media/uploads/tmp_logo/2017/01/19/20170119050548543583_72.png
[HD]музыка 1,https://t.freetv.fun/live/muzyka-1.m3u8,网络源,https://epg.pw/media/uploads/tmp_logo/2017/01/19/20170119050548543583_72.png
[HD]музыка 2,https://t.freetv.fun/live/muzyka-2.m3u8,网络源,https://epg.pw/media/uploads/tmp_logo/2017/01/19/20170119050548543583_72.png
[SD]музыка первого,https://t.freetv.fun/live/muzyka-pervogo-2.m3u8,网络源,https://epg.pw/media/uploads/tmp_logo/2017/01/19/20170119050548543583_72.png
[SD]мультимания,https://t.freetv.fun/live/multimaniia.m3u8,网络源,https://epg.pw/media/images/channel/2024/04/04/large/20240404163615517839_10.png
[SD]мультиландия,https://t.freetv.fun/live/multilandiia.m3u8,网络源,https://epg.pw/media/images/channel/2024/04/04/large/20240404163615517839_10.png
[SD]мультимания,https://t.freetv.fun/live/multimaniia-1.m3u8,网络源,https://epg.pw/media/images/channel/2024/04/04/large/20240404163615517839_10.png
[SD]мультиландия,https://t.freetv.fun/live/multilandiia-2.m3u8,网络源,https://epg.pw/media/images/channel/2024/04/04/large/20240404163615517839_10.png
[SD]мультиландия (576p),https://t.freetv.fun/live/multilandiia-576p.m3u8,网络源,https://epg.pw/media/images/channel/2024/04/04/large/20240404163615517839_10.png
[SD]мультимания (576p),https://t.freetv.fun/live/multimaniia-576p.m3u8,网络源,https://epg.pw/media/images/channel/2024/04/04/large/20240404163615517839_10.png
[HD]ника тв,https://t.freetv.fun/live/nika-tv-1.m3u8,网络源,https://epg.pw/media/images/channel/2022/05/06/large/20220506175023691245_88.png
[HD]ника тв,https://t.freetv.fun/live/nika-tv-1-1.m3u8,网络源,https://epg.pw/media/images/channel/2022/05/06/large/20220506175023691245_88.png
[HD]рика тв,https://t.freetv.fun/live/rika-tv.m3u8,网络源,https://epg.pw/media/images/channel/2022/05/06/large/20220506175023691245_88.png
[SD]ника тв (576p) [not 24/7],https://t.freetv.fun/live/nika-tv-576p-not-24-7.m3u8,网络源,https://epg.pw/media/images/channel/2022/05/06/large/20220506175023691245_88.png
[SD]нст,https://t.freetv.fun/live/nst-1.m3u8,网络源,https://epg.pw/media/uploads/tmp_logo/2017/02/23/20170223042952991305_11.png
[SD]нст,https://t.freetv.fun/live/nst-3.m3u8,网络源,https://epg.pw/media/uploads/tmp_logo/2017/02/23/20170223042952991305_11.png
[SD]нтв-мир,https://t.freetv.fun/live/ntv-mir.m3u8,网络源,https://epg.pw/media/images/channel/2022/05/06/large/20220506175050395781_63.png
[SD]нтв-хит,https://t.freetv.fun/live/ntv-khit-1.m3u8,网络源,https://epg.pw/media/images/channel/2022/05/06/large/20220506175050395781_63.png
[VGA]нтв мир,https://t.freetv.fun/live/ntv-mir-1.m3u8,网络源,https://epg.pw/media/images/channel/2022/05/06/large/20220506175050395781_63.png
[SD]нтв хит,https://t.freetv.fun/live/ntv-khit-1-1.m3u8,网络源,https://epg.pw/media/images/channel/2022/05/06/large/20220506175050395781_63.png
[BD]нтв,https://t.freetv.fun/live/ntv-4.m3u8,网络源,https://epg.pw/media/images/channel/2022/05/06/large/20220506175050395781_63.png
[SD]нтв,https://t.freetv.fun/live/ntv-5.m3u8,网络源,https://epg.pw/media/images/channel/2022/05/06/large/20220506175050395781_63.png
[SD]нтв,https://t.freetv.fun/live/ntv-6.m3u8,网络源,https://epg.pw/media/images/channel/2022/05/06/large/20220506175050395781_63.png
[SD]нтв,https://t.freetv.fun/live/ntv-7.m3u8,网络源,https://epg.pw/media/images/channel/2022/05/06/large/20220506175050395781_63.png
[SD]нтв,https://t.freetv.fun/live/ntv-10.m3u8,网络源,https://epg.pw/media/images/channel/2022/05/06/large/20220506175050395781_63.png
[SD]нтв,https://t.freetv.fun/live/ntv-11.m3u8,网络源,https://epg.pw/media/images/channel/2022/05/06/large/20220506175050395781_63.png
[SD]нтв,https://t.freetv.fun/live/ntv-12.m3u8,网络源,https://epg.pw/media/images/channel/2022/05/06/large/20220506175050395781_63.png
[SD]нтв хит,https://t.freetv.fun/live/ntv-khit-3.m3u8,网络源,https://epg.pw/media/images/channel/2022/05/06/large/20220506175050395781_63.png
[SD]нтв,https://t.freetv.fun/live/ntv-13.m3u8,网络源,https://epg.pw/media/images/channel/2022/05/06/large/20220506175050395781_63.png
[SD]нтв,https://t.freetv.fun/live/ntv-14.m3u8,网络源,https://epg.pw/media/images/channel/2022/05/06/large/20220506175050395781_63.png
[SD]нтв,https://t.freetv.fun/live/ntv-15.m3u8,网络源,https://epg.pw/media/images/channel/2022/05/06/large/20220506175050395781_63.png
[SD]нтв ( plus 4) (576p),https://t.freetv.fun/live/ntv-plus-4-576p.m3u8,网络源,https://epg.pw/media/images/channel/2022/05/06/large/20220506175050395781_63.png
[SD]нтв хит (576p),https://t.freetv.fun/live/ntv-khit-576p.m3u8,网络源,https://epg.pw/media/images/channel/2022/05/06/large/20220506175050395781_63.png
[SD]футбол,https://t.freetv.fun/live/futbol-1-1.m3u8,网络源,https://epg.pw/media/uploads/tmp_logo/2015/02/20/20150220201635235834_20.jpg
[SD]футбол (720p),https://t.freetv.fun/live/futbol-720p.m3u8,网络源,https://epg.pw/media/uploads/tmp_logo/2015/02/20/20150220201635235834_20.jpg
[SD]нтв-сериал,https://t.freetv.fun/live/ntv-serial.m3u8,网络源,https://epg.pw/media/uploads/tmp_logo/2017/01/22/20170122171254282461_30.png
[SD]нтв сериал,https://t.freetv.fun/live/ntv-serial-1.m3u8,网络源,https://epg.pw/media/uploads/tmp_logo/2017/01/22/20170122171254282461_30.png
[SD]нтв сериал,https://t.freetv.fun/live/ntv-serial-1-1.m3u8,网络源,https://epg.pw/media/uploads/tmp_logo/2017/01/22/20170122171254282461_30.png
[SD]нтв сериал (576p),https://t.freetv.fun/live/ntv-serial-576p.m3u8,网络源,https://epg.pw/media/uploads/tmp_logo/2017/01/22/20170122171254282461_30.png
[HD]нтн sd,https://t.freetv.fun/live/ntn-sd.m3u8,网络源,https://epg.pw/media/images/channel/2022/05/06/large/20220506173900196271_61.png
[HD]нтн,https://t.freetv.fun/live/ntn.m3u8,网络源,https://epg.pw/media/images/channel/2022/05/06/large/20220506173900196271_61.png
[BD]нтн,https://t.freetv.fun/live/ntn-1.m3u8,网络源,https://epg.pw/media/images/channel/2022/05/06/large/20220506173900196271_61.png
[BD]нтн,https://t.freetv.fun/live/ntn-2.m3u8,网络源,https://epg.pw/media/images/channel/2022/05/06/large/20220506173900196271_61.png
[BD]настоящее время,https://t.freetv.fun/live/nastoiashchee-vremia-1.m3u8,网络源,https://epg.pw/media/images/channel/2023/06/01/large/20230601234920168591_85.png
[SD]отр,https://t.freetv.fun/live/otr.m3u8,网络源,https://epg.pw/media/images/channel/2022/05/25/large/20220525022234713792_13.png
[SD]отр,https://t.freetv.fun/live/otr-3.m3u8,网络源,https://epg.pw/media/images/channel/2022/05/25/large/20220525022234713792_13.png
[SD]отр,https://t.freetv.fun/live/otr-4.m3u8,网络源,https://epg.pw/media/images/channel/2022/05/25/large/20220525022234713792_13.png
[SD]отр,https://t.freetv.fun/live/otr-5.m3u8,网络源,https://epg.pw/media/images/channel/2022/05/25/large/20220525022234713792_13.png
[SD]отр,https://t.freetv.fun/live/otr-6.m3u8,网络源,https://epg.pw/media/images/channel/2022/05/25/large/20220525022234713792_13.png
[SD]отр,https://t.freetv.fun/live/otr-7.m3u8,网络源,https://epg.pw/media/images/channel/2022/05/25/large/20220525022234713792_13.png
[VGA]отр,https://t.freetv.fun/live/otr-10.m3u8,网络源,https://epg.pw/media/images/channel/2022/05/25/large/20220525022234713792_13.png
[SD]просвещение,https://t.freetv.fun/live/prosveshchenie.m3u8,网络源,https://epg.pw/media/images/channel/2022/05/06/large/20220506174237220246_75.png
[BD]первый музыкальный канал,https://t.freetv.fun/live/pervyi-muzykalnyi-kanal.m3u8,网络源,https://epg.pw/media/images/channel/2022/05/06/large/20220506164618232540_39.png
[BD]первый канал,https://t.freetv.fun/live/pervyi-kanal-2.m3u8,网络源,https://epg.pw/media/images/channel/2022/05/06/large/20220506164618232540_39.png
[VGA]первый музыкальный канал,https://t.freetv.fun/live/pervyi-muzykalnyi-kanal-1.m3u8,网络源,https://epg.pw/media/images/channel/2022/05/06/large/20220506164618232540_39.png
[SD]первый канал,https://t.freetv.fun/live/pervyi-kanal-5.m3u8,网络源,https://epg.pw/media/images/channel/2022/05/06/large/20220506164618232540_39.png
[SD]первый канал,https://t.freetv.fun/live/pervyi-kanal-6.m3u8,网络源,https://epg.pw/media/images/channel/2022/05/06/large/20220506164618232540_39.png
[SD]первый канал,https://t.freetv.fun/live/pervyi-kanal-7.m3u8,网络源,https://epg.pw/media/images/channel/2022/05/06/large/20220506164618232540_39.png
[SD]первый канал,https://t.freetv.fun/live/pervyi-kanal-8.m3u8,网络源,https://epg.pw/media/images/channel/2022/05/06/large/20220506164618232540_39.png
[BD]первый канал армения am,https://t.freetv.fun/live/pervyi-kanal-armeniia-am.m3u8,网络源,https://epg.pw/media/images/channel/2022/05/06/large/20220506164618232540_39.png
[SD]первый канал,https://t.freetv.fun/live/pervyi-kanal-10.m3u8,网络源,https://epg.pw/media/images/channel/2022/05/06/large/20220506164618232540_39.png
[SD]первый канал,https://t.freetv.fun/live/pervyi-kanal-11.m3u8,网络源,https://epg.pw/media/images/channel/2022/05/06/large/20220506164618232540_39.png
[SD]первый канал евразия,https://t.freetv.fun/live/pervyi-kanal-evraziia-1.m3u8,网络源,https://epg.pw/media/images/channel/2022/05/06/large/20220506164618232540_39.png
[SD]первый канал,https://t.freetv.fun/live/pervyi-kanal-13.m3u8,网络源,https://epg.pw/media/images/channel/2022/05/06/large/20220506164618232540_39.png
[SD]первый музыкальный канал (1080p),https://t.freetv.fun/live/pervyi-muzykalnyi-kanal-1080p.m3u8,网络源,https://epg.pw/media/images/channel/2022/05/06/large/20220506164618232540_39.png
[SD]первый канал (1080p),https://t.freetv.fun/live/pervyi-kanal-1080p.m3u8,网络源,https://epg.pw/media/images/channel/2022/05/06/large/20220506164618232540_39.png
[SD]перец,https://t.freetv.fun/live/perets.php,网络源,https://epg.pw/media/images/channel/2022/05/06/large/20220506174552888449_84.png
[BD]перший,https://t.freetv.fun/live/pershii.m3u8,网络源,https://epg.pw/media/uploads/tmp_logo/2014/06/01/20140601223020220468_59.png
[BD]перший,https://t.freetv.fun/live/pershii-1.m3u8,网络源,https://epg.pw/media/uploads/tmp_logo/2014/06/01/20140601223020220468_59.png
[BD]перший,https://t.freetv.fun/live/pershii-2.m3u8,网络源,https://epg.pw/media/uploads/tmp_logo/2014/06/01/20140601223020220468_59.png
[SD]живая планета,https://t.freetv.fun/live/zhivaia-planeta.m3u8,网络源,https://epg.pw/media/uploads/tmp_logo/2017/02/26/20170226043945102800_42.jpg
[HD]ртр планета сша,https://t.freetv.fun/live/rtr-planeta-ssha-1.m3u8,网络源,https://epg.pw/media/uploads/tmp_logo/2017/02/26/20170226043945102800_42.jpg
[HD]ртр планета снг,https://t.freetv.fun/live/rtr-planeta-sng.m3u8,网络源,https://epg.pw/media/uploads/tmp_logo/2017/02/26/20170226043945102800_42.jpg
[HD]ртр планета евро,https://t.freetv.fun/live/rtr-planeta-evro.m3u8,网络源,https://epg.pw/media/uploads/tmp_logo/2017/02/26/20170226043945102800_42.jpg
[SD]моя планета,https://t.freetv.fun/live/moia-planeta.m3u8,网络源,https://epg.pw/media/uploads/tmp_logo/2017/02/26/20170226043945102800_42.jpg
[SD]матч планета,https://t.freetv.fun/live/match-planeta.php,网络源,https://epg.pw/media/uploads/tmp_logo/2017/02/26/20170226043945102800_42.jpg
[HD]моя планета,https://t.freetv.fun/live/moia-planeta-2.m3u8,网络源,https://epg.pw/media/uploads/tmp_logo/2017/02/26/20170226043945102800_42.jpg
[SD]моя планета,https://t.freetv.fun/live/moia-planeta-3.m3u8,网络源,https://epg.pw/media/uploads/tmp_logo/2017/02/26/20170226043945102800_42.jpg
[SD]моя планета,https://t.freetv.fun/live/moia-planeta-4.m3u8,网络源,https://epg.pw/media/uploads/tmp_logo/2017/02/26/20170226043945102800_42.jpg
[SD]моя планета,https://t.freetv.fun/live/moia-planeta-5.m3u8,网络源,https://epg.pw/media/uploads/tmp_logo/2017/02/26/20170226043945102800_42.jpg
[SD]живая планета,https://t.freetv.fun/live/zhivaia-planeta-2.m3u8,网络源,https://epg.pw/media/uploads/tmp_logo/2017/02/26/20170226043945102800_42.jpg
[SD]моя планета,https://t.freetv.fun/live/moia-planeta-6.m3u8,网络源,https://epg.pw/media/uploads/tmp_logo/2017/02/26/20170226043945102800_42.jpg
[SD]тнв-планета,https://t.freetv.fun/live/tnv-planeta-1.m3u8,网络源,https://epg.pw/media/uploads/tmp_logo/2017/02/26/20170226043945102800_42.jpg
[SD]ртр планета,https://t.freetv.fun/live/rtr-planeta-1.m3u8,网络源,https://epg.pw/media/uploads/tmp_logo/2017/02/26/20170226043945102800_42.jpg
[SD]живая планета,https://t.freetv.fun/live/zhivaia-planeta-3.m3u8,网络源,https://epg.pw/media/uploads/tmp_logo/2017/02/26/20170226043945102800_42.jpg
[SD]живая планета,https://t.freetv.fun/live/zhivaia-planeta-4.m3u8,网络源,https://epg.pw/media/uploads/tmp_logo/2017/02/26/20170226043945102800_42.jpg
[SD]живая планета,https://t.freetv.fun/live/zhivaia-planeta-5.m3u8,网络源,https://epg.pw/media/uploads/tmp_logo/2017/02/26/20170226043945102800_42.jpg
[SD]живая планета (576p),https://t.freetv.fun/live/zhivaia-planeta-576p.m3u8,网络源,https://epg.pw/media/uploads/tmp_logo/2017/02/26/20170226043945102800_42.jpg
[SD]моя планета (720p),https://t.freetv.fun/live/moia-planeta-720p.m3u8,网络源,https://epg.pw/media/uploads/tmp_logo/2017/02/26/20170226043945102800_42.jpg
[BD]360° подмосковье,https://t.freetv.fun/live/360deg-podmoskove.m3u8,网络源,https://epg.pw/media/uploads/tmp_logo/2014/05/30/20140530205510153277_28.png
[SD]пятница! int.,https://t.freetv.fun/live/piatnitsa-int.php,网络源,https://epg.pw/media/images/channel/2022/05/06/large/20220506174124071664_50.png
[SD]пятница! (576p),https://t.freetv.fun/live/piatnitsa-576p.m3u8,网络源,https://epg.pw/media/images/channel/2022/05/06/large/20220506174124071664_50.png
[SD]рен тв,https://t.freetv.fun/live/ren-tv.m3u8,网络源,https://epg.pw/media/images/channel/2022/05/06/large/20220506174921581047_26.png
[SD]рен тв,https://t.freetv.fun/live/ren-tv-2.m3u8,网络源,https://epg.pw/media/images/channel/2022/05/06/large/20220506174921581047_26.png
[SD]рен тв,https://t.freetv.fun/live/ren-tv-3.m3u8,网络源,https://epg.pw/media/images/channel/2022/05/06/large/20220506174921581047_26.png
[SD]рен тв,https://t.freetv.fun/live/ren-tv-4.m3u8,网络源,https://epg.pw/media/images/channel/2022/05/06/large/20220506174921581047_26.png
[SD]рен тв,https://t.freetv.fun/live/ren-tv-6.m3u8,网络源,https://epg.pw/media/images/channel/2022/05/06/large/20220506174921581047_26.png
[SD]рен тв,https://t.freetv.fun/live/ren-tv-9.m3u8,网络源,https://epg.pw/media/images/channel/2022/05/06/large/20220506174921581047_26.png
[SD]рен-тв,https://t.freetv.fun/live/ren-tv-5.m3u8,网络源,https://epg.pw/media/images/channel/2022/05/06/large/20220506174921581047_26.png
[BD]360° новости,https://t.freetv.fun/live/360deg-novosti.m3u8,网络源,https://epg.pw/media/uploads/tmp_logo/2014/05/30/20140530210133774226_77.png
[BD]360° новости,https://t.freetv.fun/live/360deg-novosti-1.m3u8,网络源,https://epg.pw/media/uploads/tmp_logo/2014/05/30/20140530210133774226_77.png
[BD]360° новости,https://t.freetv.fun/live/360deg-novosti-2.m3u8,网络源,https://epg.pw/media/uploads/tmp_logo/2014/05/30/20140530210133774226_77.png
[BD]россия 24,https://t.freetv.fun/live/rossiia-24.m3u8,网络源,https://epg.pw/media/images/channel/2022/05/06/large/20220506174957550925_86.png
[SD]россия 24,https://t.freetv.fun/live/rossiia-24-1.m3u8,网络源,https://epg.pw/media/images/channel/2022/05/06/large/20220506174957550925_86.png
[SD]россия 24,https://t.freetv.fun/live/rossiia-24-2.m3u8,网络源,https://epg.pw/media/images/channel/2022/05/06/large/20220506174957550925_86.png
[SD]россия 24,https://t.freetv.fun/live/rossiia-24-3.m3u8,网络源,https://epg.pw/media/images/channel/2022/05/06/large/20220506174957550925_86.png
[BD]россия 24,https://t.freetv.fun/live/rossiia-24-4.m3u8,网络源,https://epg.pw/media/images/channel/2022/05/06/large/20220506174957550925_86.png
[SD]россия 24,https://t.freetv.fun/live/rossiia-24-6.m3u8,网络源,https://epg.pw/media/images/channel/2022/05/06/large/20220506174957550925_86.png
[SD]россия 24,https://t.freetv.fun/live/rossiia-24-7.m3u8,网络源,https://epg.pw/media/images/channel/2022/05/06/large/20220506174957550925_86.png
[SD]россия 24,https://t.freetv.fun/live/rossiia-24-8.m3u8,网络源,https://epg.pw/media/images/channel/2022/05/06/large/20220506174957550925_86.png
[SD]россия 24,https://t.freetv.fun/live/rossiia-24-9.m3u8,网络源,https://epg.pw/media/images/channel/2022/05/06/large/20220506174957550925_86.png
[SD]радость моя,https://t.freetv.fun/live/radost-moia.m3u8,网络源,https://epg.pw/media/
[SD]радость моя (576p),https://t.freetv.fun/live/radost-moia-576p.m3u8,网络源,https://epg.pw/media/
[SD]россия 1,https://t.freetv.fun/live/rossiia-1.m3u8,网络源,https://epg.pw/media/images/channel/2022/05/06/large/20220506174157086341_53.png
[BD]россия 1,https://t.freetv.fun/live/rossiia-1-1.m3u8,网络源,https://epg.pw/media/images/channel/2022/05/06/large/20220506174157086341_53.png
[BD]россия 1,https://t.freetv.fun/live/rossiia-1-2.m3u8,网络源,https://epg.pw/media/images/channel/2022/05/06/large/20220506174157086341_53.png
[SD]россия 1,https://t.freetv.fun/live/rossiia-1-3.m3u8,网络源,https://epg.pw/media/images/channel/2022/05/06/large/20220506174157086341_53.png
[SD]россия 1,https://t.freetv.fun/live/rossiia-1-4.m3u8,网络源,https://epg.pw/media/images/channel/2022/05/06/large/20220506174157086341_53.png
[SD]россия 1,https://t.freetv.fun/live/rossiia-1-11.m3u8,网络源,https://epg.pw/media/images/channel/2022/05/06/large/20220506174157086341_53.png
[SD]россия 1,https://t.freetv.fun/live/rossiia-1-12.m3u8,网络源,https://epg.pw/media/images/channel/2022/05/06/large/20220506174157086341_53.png
[BD]россия 1,https://t.freetv.fun/live/rossiia-1-13.m3u8,网络源,https://epg.pw/media/images/channel/2022/05/06/large/20220506174157086341_53.png
[SD]россия 1,https://t.freetv.fun/live/rossiia-1-14.m3u8,网络源,https://epg.pw/media/images/channel/2022/05/06/large/20220506174157086341_53.png
[SD]россия 1,https://t.freetv.fun/live/rossiia-1-15.m3u8,网络源,https://epg.pw/media/images/channel/2022/05/06/large/20220506174157086341_53.png
[SD]россия 1,https://t.freetv.fun/live/rossiia-1-16.m3u8,网络源,https://epg.pw/media/images/channel/2022/05/06/large/20220506174157086341_53.png
[SD]россия 1 (1080p),https://t.freetv.fun/live/rossiia-1-1080p.m3u8,网络源,https://epg.pw/media/images/channel/2022/05/06/large/20220506174157086341_53.png
[SD]россия 1 ( plus 6) (576p),https://t.freetv.fun/live/rossiia-1-plus-6-576p.m3u8,网络源,https://epg.pw/media/images/channel/2022/05/06/large/20220506174157086341_53.png
[VGA]россия-ртр,https://t.freetv.fun/live/rossiia-rtr-2.m3u8,网络源,https://epg.pw/media/uploads/tmp_logo/2015/02/20/20150220202000704121_90.jpg
[BD]россия к,https://t.freetv.fun/live/rossiia-k.m3u8,网络源,https://epg.pw/media/uploads/tmp_logo/2017/03/05/20170305231259379381_15.png
[SD]россия к,https://t.freetv.fun/live/rossiia-k-1.m3u8,网络源,https://epg.pw/media/uploads/tmp_logo/2017/03/05/20170305231259379381_15.png
[SD]россия к,https://t.freetv.fun/live/rossiia-k-3.m3u8,网络源,https://epg.pw/media/uploads/tmp_logo/2017/03/05/20170305231259379381_15.png
[SD]россия к,https://t.freetv.fun/live/rossiia-k-4.m3u8,网络源,https://epg.pw/media/uploads/tmp_logo/2017/03/05/20170305231259379381_15.png
[SD]россия к,https://t.freetv.fun/live/rossiia-k-5.m3u8,网络源,https://epg.pw/media/uploads/tmp_logo/2017/03/05/20170305231259379381_15.png
[SD]россия к,https://t.freetv.fun/live/rossiia-k-6.m3u8,网络源,https://epg.pw/media/uploads/tmp_logo/2017/03/05/20170305231259379381_15.png
[SD]россия к,https://t.freetv.fun/live/rossiia-k-8.m3u8,网络源,https://epg.pw/media/uploads/tmp_logo/2017/03/05/20170305231259379381_15.png
[BD]русский роман,https://t.freetv.fun/live/russkii-roman.m3u8,网络源,https://epg.pw/media/uploads/tmp_logo/2017/01/02/20170102201616990949_19.png
[SD]русский роман,https://t.freetv.fun/live/russkii-roman-1.m3u8,网络源,https://epg.pw/media/uploads/tmp_logo/2017/01/02/20170102201616990949_19.png
[SD]русский роман,https://t.freetv.fun/live/russkii-roman-4.m3u8,网络源,https://epg.pw/media/uploads/tmp_logo/2017/01/02/20170102201616990949_19.png
[SD]русский роман,https://t.freetv.fun/live/russkii-roman-5.m3u8,网络源,https://epg.pw/media/uploads/tmp_logo/2017/01/02/20170102201616990949_19.png
[SD]русский роман (1080p),https://t.freetv.fun/live/russkii-roman-1080p.m3u8,网络源,https://epg.pw/media/uploads/tmp_logo/2017/01/02/20170102201616990949_19.png
[SD]русский бестселлер,https://t.freetv.fun/live/russkii-bestseller.m3u8,网络源,https://epg.pw/media/uploads/tmp_logo/2017/01/05/20170105005645520573_56.png
[SD]русский бестселлер,https://t.freetv.fun/live/russkii-bestseller-3.m3u8,网络源,https://epg.pw/media/uploads/tmp_logo/2017/01/05/20170105005645520573_56.png
[SD]русский бестселлер (576p),https://t.freetv.fun/live/russkii-bestseller-576p.m3u8,网络源,https://epg.pw/media/uploads/tmp_logo/2017/01/05/20170105005645520573_56.png
[SD]рыжий,https://t.freetv.fun/live/ryzhii.m3u8,网络源,https://epg.pw/media/images/channel/2022/02/10/large/20220210221516105322_42.png
[SD]рыжий,https://t.freetv.fun/live/ryzhii-1.m3u8,网络源,https://epg.pw/media/images/channel/2022/02/10/large/20220210221516105322_42.png
[SD]рыжий,https://t.freetv.fun/live/ryzhii-2.m3u8,网络源,https://epg.pw/media/images/channel/2022/02/10/large/20220210221516105322_42.png
[SD]стс,https://t.freetv.fun/live/sts.m3u8,网络源,https://epg.pw/media/images/channel/2022/05/06/large/20220506175047720510_67.png
[BD]стс,https://t.freetv.fun/live/sts-1.m3u8,网络源,https://epg.pw/media/images/channel/2022/05/06/large/20220506175047720510_67.png
[SD]стс,https://t.freetv.fun/live/sts-2.m3u8,网络源,https://epg.pw/media/images/channel/2022/05/06/large/20220506175047720510_67.png
[SD]стс,https://t.freetv.fun/live/sts-3.m3u8,网络源,https://epg.pw/media/images/channel/2022/05/06/large/20220506175047720510_67.png
[SD]стс,https://t.freetv.fun/live/sts-5.m3u8,网络源,https://epg.pw/media/images/channel/2022/05/06/large/20220506175047720510_67.png
[SD]стс,https://t.freetv.fun/live/sts-6.m3u8,网络源,https://epg.pw/media/images/channel/2022/05/06/large/20220506175047720510_67.png
[SD]стс,https://t.freetv.fun/live/sts-7.m3u8,网络源,https://epg.pw/media/images/channel/2022/05/06/large/20220506175047720510_67.png
[SD]стс int.,https://t.freetv.fun/live/sts-int.m3u8,网络源,https://epg.pw/media/images/channel/2022/05/06/large/20220506175047720510_67.png
[SD]стс,https://t.freetv.fun/live/sts-9.m3u8,网络源,https://epg.pw/media/images/channel/2022/05/06/large/20220506175047720510_67.png
[SD]стс ( plus 4) (576p),https://t.freetv.fun/live/sts-plus-4-576p.m3u8,网络源,https://epg.pw/media/images/channel/2022/05/06/large/20220506175047720510_67.png
[BD]сибирь 24,https://t.freetv.fun/live/sibir-24.m3u8,网络源,https://epg.pw/media/uploads/tmp_logo/2017/01/28/20170128035234438021_42.jpg
[BD]сибирь 24,https://t.freetv.fun/live/sibir-24-1.m3u8,网络源,https://epg.pw/media/uploads/tmp_logo/2017/01/28/20170128035234438021_42.jpg
[BD]наша сибирь 4к,https://t.freetv.fun/live/nasha-sibir-4k.m3u8,网络源,https://epg.pw/media/uploads/tmp_logo/2017/01/28/20170128035234438021_42.jpg
[BD]спорт,https://t.freetv.fun/live/sport-1.m3u8,网络源,https://epg.pw/media/uploads/tmp_logo/2015/02/20/20150220202228960137_57.jpg
[HD]футбол,https://t.freetv.fun/live/futbol-1.m3u8,网络源,https://epg.pw/media/images/channel/2021/11/13/large/20211113232253661774_95.png
[SD]тв центр,https://t.freetv.fun/live/tv-tsentr.m3u8,网络源,https://epg.pw/media/images/channel/2022/05/06/large/20220506174012569826_95.png
[VGA]тв центр,https://t.freetv.fun/live/tv-tsentr-1.m3u8,网络源,https://epg.pw/media/images/channel/2022/05/06/large/20220506174012569826_95.png
[SD]тнв-планета (казань) (576p),https://t.freetv.fun/live/tnv-planeta-kazan-576p.m3u8,网络源,https://epg.pw/media/uploads/tmp_logo/2015/02/20/20150220202603966020_87.jpg
[SD]тнт 4,https://t.freetv.fun/live/tnt-4.m3u8,网络源,https://epg.pw/media/images/channel/2022/05/06/large/20220506174349957501_91.png
[SD]тнт,https://t.freetv.fun/live/tnt-2.m3u8,网络源,https://epg.pw/media/images/channel/2022/05/06/large/20220506174349957501_91.png
[SD]тнт4,https://t.freetv.fun/live/tnt4-2.m3u8,网络源,https://epg.pw/media/images/channel/2022/05/06/large/20220506174349957501_91.png
[SD]тнт,https://t.freetv.fun/live/tnt-4-1.m3u8,网络源,https://epg.pw/media/images/channel/2022/05/06/large/20220506174349957501_91.png
[SD]тнт,https://t.freetv.fun/live/tnt-8.m3u8,网络源,https://epg.pw/media/images/channel/2022/05/06/large/20220506174349957501_91.png
[SD]тнт,https://t.freetv.fun/live/tnt-9.m3u8,网络源,https://epg.pw/media/images/channel/2022/05/06/large/20220506174349957501_91.png
[SD]тнт4,https://t.freetv.fun/live/tnt4-3.m3u8,网络源,https://epg.pw/media/images/channel/2022/05/06/large/20220506174349957501_91.png
[SD]тнт,https://t.freetv.fun/live/tnt-10.m3u8,网络源,https://epg.pw/media/images/channel/2022/05/06/large/20220506174349957501_91.png
[SD]тнт,https://t.freetv.fun/live/tnt-13.m3u8,网络源,https://epg.pw/media/images/channel/2022/05/06/large/20220506174349957501_91.png
[SD]тнт 4,https://t.freetv.fun/live/tnt-4-1-1.m3u8,网络源,https://epg.pw/media/images/channel/2022/05/06/large/20220506174349957501_91.png
[SD]тнт4 (576p),https://t.freetv.fun/live/tnt4-576p.m3u8,网络源,https://epg.pw/media/images/channel/2022/05/06/large/20220506174349957501_91.png
[SD]тнт ( plus 4) (576p),https://t.freetv.fun/live/tnt-plus-4-576p.m3u8,网络源,https://epg.pw/media/images/channel/2022/05/06/large/20220506174349957501_91.png
[BD]нтк тв,https://t.freetv.fun/live/ntk-tv.m3u8,网络源,https://epg.pw/media/uploads/tmp_logo/2017/08/11/20170811173912918063_11.jpg
[SD]точка тв,https://t.freetv.fun/live/tochka-tv.m3u8,网络源,https://epg.pw/media/uploads/tmp_logo/2017/08/11/20170811173912918063_11.jpg
[SD]восток тв,https://t.freetv.fun/live/vostok-tv-1.m3u8,网络源,https://epg.pw/media/uploads/tmp_logo/2017/08/11/20170811173912918063_11.jpg
[SD]точка тв,https://t.freetv.fun/live/tochka-tv-1.m3u8,网络源,https://epg.pw/media/uploads/tmp_logo/2017/08/11/20170811173912918063_11.jpg
[BD]точка тв,https://t.freetv.fun/live/tochka-tv-2.m3u8,网络源,https://epg.pw/media/uploads/tmp_logo/2017/08/11/20170811173912918063_11.jpg
[SD]точка тв (576p),https://t.freetv.fun/live/tochka-tv-576p.m3u8,网络源,https://epg.pw/media/uploads/tmp_logo/2017/08/11/20170811173912918063_11.jpg
[BD]дом,https://t.freetv.fun/live/dom.m3u8,网络源,https://epg.pw/media/uploads/tmp_logo/2017/01/22/20170122173455996757_36.png
[HD]теледом,https://t.freetv.fun/live/teledom.m3u8,网络源,https://epg.pw/media/uploads/tmp_logo/2015/11/26/20151126210533526518_65.jpg
[HD]звезда,https://t.freetv.fun/live/zvezda-2.m3u8,网络源,https://epg.pw/media/images/channel/2022/05/06/large/20220506174948569612_67.png
[BD]звезда,https://t.freetv.fun/live/zvezda-3.m3u8,网络源,https://epg.pw/media/images/channel/2022/05/06/large/20220506174948569612_67.png
[SD]звезда,https://t.freetv.fun/live/zvezda-4.m3u8,网络源,https://epg.pw/media/images/channel/2022/05/06/large/20220506174948569612_67.png
[SD]звезда,https://t.freetv.fun/live/zvezda-5.m3u8,网络源,https://epg.pw/media/images/channel/2022/05/06/large/20220506174948569612_67.png
[SD]звезда,https://t.freetv.fun/live/zvezda-6.m3u8,网络源,https://epg.pw/media/images/channel/2022/05/06/large/20220506174948569612_67.png
[SD]звезда,https://t.freetv.fun/live/zvezda-7.m3u8,网络源,https://epg.pw/media/images/channel/2022/05/06/large/20220506174948569612_67.png
[SD]звезда,https://t.freetv.fun/live/zvezda-8.m3u8,网络源,https://epg.pw/media/images/channel/2022/05/06/large/20220506174948569612_67.png
[SD]звезда,https://t.freetv.fun/live/zvezda-10.m3u8,网络源,https://epg.pw/media/images/channel/2022/05/06/large/20220506174948569612_67.png
[SD]звезда,https://t.freetv.fun/live/zvezda-11.m3u8,网络源,https://epg.pw/media/images/channel/2022/05/06/large/20220506174948569612_67.png
[SD]звезда (1080p),https://t.freetv.fun/live/zvezda-1080p.m3u8,网络源,https://epg.pw/media/images/channel/2022/05/06/large/20220506174948569612_67.png
[SD]телеканал 86 (сургут),https://t.freetv.fun/live/telekanal-86-surgut-1.m3u8,网络源,https://epg.pw/media/images/channel/2021/11/13/large/20211113232251974085_92.png
[SD]тамыр,https://t.freetv.fun/live/tamyr.m3u8,网络源,https://epg.pw/media/images/channel/2021/10/16/large/20211016224755339636_86.png
[BD]телеканал мтм,https://t.freetv.fun/live/telekanal-mtm.m3u8,网络源,https://epg.pw/media/images/channel/2021/10/16/large/20211016224755339636_86.png
[SD]тамыр,https://t.freetv.fun/live/tamyr-1.m3u8,网络源,https://epg.pw/media/images/channel/2021/10/16/large/20211016224755339636_86.png
[SD]телеканал 86 (сургут) (1080p) [not 24/7],https://t.freetv.fun/live/telekanal-86-surgut-1080p-not-24-7.m3u8,网络源,https://epg.pw/media/images/channel/2021/11/13/large/20211113232250627875_33.png
[BD]телеканал 86,https://t.freetv.fun/live/telekanal-86.m3u8,网络源,https://epg.pw/media/images/channel/2021/11/13/large/20211113232247788135_95.png
[SD]телеканал 86,https://t.freetv.fun/live/telekanal-86-1.m3u8,网络源,https://epg.pw/media/images/channel/2021/11/13/large/20211113232247788135_95.png
[SD]телекафе,https://t.freetv.fun/live/telekafe.m3u8,网络源,https://epg.pw/media/uploads/tmp_logo/2015/02/20/20150220202523604560_78.jpg
[SD]телекафе,https://t.freetv.fun/live/telekafe-2.m3u8,网络源,https://epg.pw/media/uploads/tmp_logo/2015/02/20/20150220202523604560_78.jpg
[SD]телекафе,https://t.freetv.fun/live/telekafe-3.m3u8,网络源,https://epg.pw/media/uploads/tmp_logo/2015/02/20/20150220202523604560_78.jpg
[SD]телекафе,https://t.freetv.fun/live/telekafe-5.m3u8,网络源,https://epg.pw/media/uploads/tmp_logo/2015/02/20/20150220202523604560_78.jpg
[SD]телекафе,https://t.freetv.fun/live/telekafe-6.m3u8,网络源,https://epg.pw/media/uploads/tmp_logo/2015/02/20/20150220202523604560_78.jpg
[HD]украина,https://t.freetv.fun/live/ukraina.m3u8,网络源,https://epg.pw/media/uploads/tmp_logo/2017/03/06/20170306002035934782_15.jpg
[HD]украина 2,https://t.freetv.fun/live/ukraina-2.m3u8,网络源,https://epg.pw/media/uploads/tmp_logo/2017/03/06/20170306002035934782_15.jpg
[HD]украина 2,https://t.freetv.fun/live/ukraina-2-1.m3u8,网络源,https://epg.pw/media/uploads/tmp_logo/2017/03/06/20170306002035934782_15.jpg
[VGA]шансон тв (512p),https://t.freetv.fun/live/shanson-tv-512p-1.m3u8,网络源,https://epg.pw/media/images/channel/2022/05/06/large/20220506175008148579_31.png
[VGA]шансон тв,https://t.freetv.fun/live/shanson-tv-1.m3u8,网络源,https://epg.pw/media/images/channel/2022/05/06/large/20220506175008148579_31.png
[HD]радио шансон,https://t.freetv.fun/live/radio-shanson-1-1.m3u8,网络源,https://epg.pw/media/images/channel/2022/05/06/large/20220506175008148579_31.png
[SD]шансон тв,https://t.freetv.fun/live/shanson-tv-2.m3u8,网络源,https://epg.pw/media/images/channel/2022/05/06/large/20220506175008148579_31.png
[SD]шансон тв,https://t.freetv.fun/live/shanson-tv-3.m3u8,网络源,https://epg.pw/media/images/channel/2022/05/06/large/20220506175008148579_31.png
[SD]шансон тв,https://t.freetv.fun/live/shanson-tv-5.m3u8,网络源,https://epg.pw/media/images/channel/2022/05/06/large/20220506175008148579_31.png
[SD]шансон тв,https://t.freetv.fun/live/shanson-tv-6.m3u8,网络源,https://epg.pw/media/images/channel/2022/05/06/large/20220506175008148579_31.png
[SD]шансон тв,https://t.freetv.fun/live/shanson-tv-7.m3u8,网络源,https://epg.pw/media/images/channel/2022/05/06/large/20220506175008148579_31.png
[SD]радио шансон (720p) [not 24/7],https://t.freetv.fun/live/radio-shanson-720p-not-24-7.m3u8,网络源,https://epg.pw/media/images/channel/2022/05/06/large/20220506175008148579_31.png
[SD]россия культура,https://t.freetv.fun/live/rossiia-kultura.m3u8,网络源,https://epg.pw/media/uploads/tmp_logo/2015/02/20/20150220202751533535_58.jpg
[SD]россия ртр,https://t.freetv.fun/live/rossiia-rtr.m3u8,网络源,https://epg.pw/media/uploads/tmp_logo/2015/02/20/20150220202751533535_58.jpg
[BD]твое тв юмор,https://t.freetv.fun/live/tvoe-tv-iumor.m3u8,网络源,https://epg.pw/media/uploads/tmp_logo/2016/05/18/20160518204729089307_65.png
[BD]твоё тв юмор,https://t.freetv.fun/live/tvoe-tv-iumor-1.m3u8,网络源,https://epg.pw/media/uploads/tmp_logo/2016/05/18/20160518204729089307_65.png
[SD]твое тв юмор (1080p),https://t.freetv.fun/live/tvoe-tv-iumor-1080p.m3u8,网络源,https://epg.pw/media/uploads/tmp_logo/2016/05/18/20160518204729089307_65.png
[SD]ностальгия,https://t.freetv.fun/live/nostalgiia-1.m3u8,网络源,https://epg.pw/media/uploads/tmp_logo/2015/02/20/20150220201128121385_39.jpg
[SD]ностальгия,https://t.freetv.fun/live/nostalgiia-3.m3u8,网络源,https://epg.pw/media/uploads/tmp_logo/2015/02/20/20150220201128121385_39.jpg
[SD]ностальгия,https://t.freetv.fun/live/nostalgiia-4.m3u8,网络源,https://epg.pw/media/uploads/tmp_logo/2015/02/20/20150220201128121385_39.jpg
[SD]ностальгия,https://t.freetv.fun/live/nostalgiia-6.m3u8,网络源,https://epg.pw/media/uploads/tmp_logo/2015/02/20/20150220201128121385_39.jpg
[SD]ностальгия (576p),https://t.freetv.fun/live/nostalgiia-576p.m3u8,网络源,https://epg.pw/media/uploads/tmp_logo/2015/02/20/20150220201128121385_39.jpg
[BD]calcala 10 ערוץ,https://t.freetv.fun/live/calcala-10-rvts.m3u8,网络源,https://epg.pw/media/uploads/tmp_logo/2015/12/12/20151212033736253761_80.jpg
[HD]gpb 1tv პირველი არხი,https://t.freetv.fun/live/gpb-1tv-pirveli-arxi.m3u8,网络源,https://epg.pw/media/uploads/tmp_logo/2016/12/19/20161219001132229147_38.jpg
[SD]三沙卫视,https://t.freetv.fun/live/san-sha-wei-shi.m3u8,网络源,https://epg.pw/media/images/channel/2022/05/14/large/20220514162237808392_17.jpg
[SD]三沙卫视,https://t.freetv.fun/live/san-sha-wei-shi-1.m3u8,网络源,https://epg.pw/media/images/channel/2022/05/14/large/20220514162237808392_17.jpg
[SD]三沙卫视,https://t.freetv.fun/live/san-sha-wei-shi-2.m3u8,网络源,https://epg.pw/media/images/channel/2022/05/14/large/20220514162237808392_17.jpg
[SD]三沙卫视,https://t.freetv.fun/live/san-sha-wei-shi-3.m3u8,网络源,https://epg.pw/media/images/channel/2022/05/14/large/20220514162237808392_17.jpg
[SD]三沙卫视,https://t.freetv.fun/live/san-sha-wei-shi-5.m3u8,网络源,https://epg.pw/media/images/channel/2022/05/14/large/20220514162237808392_17.jpg
[SD]三沙卫视,https://t.freetv.fun/live/san-sha-wei-shi-7.m3u8,网络源,https://epg.pw/media/images/channel/2022/05/14/large/20220514162237808392_17.jpg
[BD]三沙卫视,https://t.freetv.fun/live/san-sha-wei-shi-9.m3u8,网络源,https://epg.pw/media/images/channel/2022/05/14/large/20220514162237808392_17.jpg
[BD]三沙卫视,https://t.freetv.fun/live/san-sha-wei-shi-13.m3u8,网络源,https://epg.pw/media/images/channel/2022/05/14/large/20220514162237808392_17.jpg
[BD]三沙卫视,https://t.freetv.fun/live/san-sha-wei-shi-16.m3u8,网络源,https://epg.pw/media/images/channel/2022/05/14/large/20220514162237808392_17.jpg
[SD]三沙卫视,https://t.freetv.fun/live/san-sha-wei-shi-17.m3u8,网络源,https://epg.pw/media/images/channel/2022/05/14/large/20220514162237808392_17.jpg
[SD]三沙卫视,https://t.freetv.fun/live/san-sha-wei-shi-20.m3u8,网络源,https://epg.pw/media/images/channel/2022/05/14/large/20220514162237808392_17.jpg
[VGA]三沙卫视,https://t.freetv.fun/live/san-sha-wei-shi-21.m3u8,网络源,https://epg.pw/media/images/channel/2022/05/14/large/20220514162237808392_17.jpg
[SD]上海新闻综合,https://t.freetv.fun/live/shang-hai-xin-wen-zong-he.m3u8,网络源,https://epg.pw/media/images/channel/2024/07/28/large/20240728175315523478_16.jpg
[SD]上海新闻综合,https://t.freetv.fun/live/shang-hai-xin-wen-zong-he-1.php,网络源,https://epg.pw/media/images/channel/2024/07/28/large/20240728175315523478_16.jpg
[SD]上海新闻综合,https://t.freetv.fun/live/shang-hai-xin-wen-zong-he-2.m3u8,网络源,https://epg.pw/media/images/channel/2024/07/28/large/20240728175315523478_16.jpg
[BD]上海新闻综合,https://t.freetv.fun/live/shang-hai-xin-wen-zong-he-3.m3u8,网络源,https://epg.pw/media/images/channel/2024/07/28/large/20240728175315523478_16.jpg
[BD]颍上新闻综合,https://t.freetv.fun/live/ying-shang-xin-wen-zong-he-1.php,网络源,https://epg.pw/media/images/channel/2024/07/28/large/20240728175315523478_16.jpg
[HD]上海新闻综合,https://t.freetv.fun/live/shang-hai-xin-wen-zong-he-4.m3u8,网络源,https://epg.pw/media/images/channel/2024/07/28/large/20240728175315523478_16.jpg
[BD]上海都市,https://t.freetv.fun/live/shang-hai-du-shi.m3u8,网络源,https://epg.pw/media/images/channel/2024/07/28/large/20240728225114975519_45.png
[SD]上海都市,https://t.freetv.fun/live/shang-hai-du-shi-1.m3u8,网络源,https://epg.pw/media/images/channel/2024/07/28/large/20240728225114975519_45.png
[SD]上海都市,https://t.freetv.fun/live/shang-hai-du-shi-2.m3u8,网络源,https://epg.pw/media/images/channel/2024/07/28/large/20240728225114975519_45.png
[SD]上海都市,https://t.freetv.fun/live/shang-hai-du-shi-3.m3u8,网络源,https://epg.pw/media/images/channel/2024/07/28/large/20240728225114975519_45.png
[HD]上海都市,https://t.freetv.fun/live/shang-hai-du-shi-4.m3u8,网络源,https://epg.pw/media/images/channel/2024/07/28/large/20240728225114975519_45.png
[VGA]上海都市,https://t.freetv.fun/live/shang-hai-du-shi-5.m3u8,网络源,https://epg.pw/media/images/channel/2024/07/28/large/20240728225114975519_45.png
[BD]颍上新闻综合,https://t.freetv.fun/live/ying-shang-xin-wen-zong-he.flv,网络源,https://epg.pw/media/images/channel/2023/10/13/large/20231013202735777838_86.png
[BD]中山综合,https://t.freetv.fun/live/zhong-shan-zong-he-2.m3u8,网络源,https://epg.pw/media/img/logo/3_383.jpg
[VGA]东莞新闻综合,https://t.freetv.fun/live/dong-wan-xin-wen-zong-he-3.m3u8,网络源,https://epg.pw/media/images/channel/2022/11/01/large/20221101014703270530_22.jpg
[BD]五星体育,https://t.freetv.fun/live/wu-xing-ti-yu-1.m3u8,网络源,https://epg.pw/media/images/channel/2026/03/11/large/20260311054355480267_59.jpg
[HD]五星体育,https://t.freetv.fun/live/wu-xing-ti-yu.m3u8,网络源,https://epg.pw/media/images/channel/2026/03/11/large/20260311054355480267_59.jpg
[SD]五星体育,https://t.freetv.fun/live/wu-xing-ti-yu-2.m3u8,网络源,https://epg.pw/media/images/channel/2026/03/11/large/20260311054355480267_59.jpg
[BD]五星体育,https://t.freetv.fun/live/wu-xing-ti-yu-4.m3u8,网络源,https://epg.pw/media/images/channel/2026/03/11/large/20260311054355480267_59.jpg
[BD]五星体育,https://t.freetv.fun/live/wu-xing-ti-yu-5.m3u8,网络源,https://epg.pw/media/images/channel/2026/03/11/large/20260311054355480267_59.jpg
[BD]伊春新闻综合,https://t.freetv.fun/live/yi-chun-xin-wen-zong-he.m3u8,网络源,https://epg.pw/media/images/channel/2024/03/12/large/20240312205453249542_90.png
[HD]白山新闻综合,https://t.freetv.fun/live/bai-shan-xin-wen-zong-he.m3u8,网络源,https://epg.pw/media/img/logo/3_388.jpg
[SD]优漫卡通,https://t.freetv.fun/live/you-man-qia-tong-1.m3u8,网络源,https://epg.pw/media/images/channel/2022/05/30/large/20220530225428953453_32.jpg
[SD]优漫卡通,https://t.freetv.fun/live/you-man-qia-tong-2.m3u8,网络源,https://epg.pw/media/images/channel/2022/05/30/large/20220530225428953453_32.jpg
[SD]优漫卡通,https://t.freetv.fun/live/you-man-qia-tong-4.m3u8,网络源,https://epg.pw/media/images/channel/2022/05/30/large/20220530225428953453_32.jpg
[VGA]优漫卡通,https://t.freetv.fun/live/you-man-qia-tong.m3u8,网络源,https://epg.pw/media/images/channel/2022/05/30/large/20220530225428953453_32.jpg
[SD]优漫卡通,https://t.freetv.fun/live/you-man-qia-tong-3.m3u8,网络源,https://epg.pw/media/images/channel/2022/05/30/large/20220530225428953453_32.jpg
[HD]优漫卡通,https://t.freetv.fun/live/you-man-qia-tong-5.m3u8,网络源,https://epg.pw/media/images/channel/2022/05/30/large/20220530225428953453_32.jpg
[VGA]优漫卡通,https://t.freetv.fun/live/you-man-qia-tong-6.m3u8,网络源,https://epg.pw/media/images/channel/2022/05/30/large/20220530225428953453_32.jpg
[HD]内江科教生活,https://t.freetv.fun/live/nei-jiang-ke-jiao-sheng-huo.m3u8,网络源,https://epg.pw/media/images/channel/2023/07/22/large/20230722142304073171_20.png
[HD]内江综合,https://t.freetv.fun/live/nei-jiang-zong-he.m3u8,网络源,https://epg.pw/media/images/channel/2023/07/22/large/20230722142242811328_18.png
[VGA]内江综合,https://t.freetv.fun/live/nei-jiang-zong-he-1.m3u8,网络源,https://epg.pw/media/images/channel/2023/07/22/large/20230722142242811328_18.png
[BD]内江资中综合,https://t.freetv.fun/live/nei-jiang-zi-zhong-zong-he.m3u8,网络源,https://epg.pw/media/images/channel/2023/07/22/large/20230722142242811328_18.png
[BD]内蒙古卫视,https://t.freetv.fun/live/nei-meng-gu-wei-shi-2.php,网络源,https://epg.pw/media/images/channel/2022/05/31/large/20220531160914023715_85.jpg
[SD]内蒙古卫视,https://t.freetv.fun/live/nei-meng-gu-wei-shi-4.m3u8,网络源,https://epg.pw/media/images/channel/2022/05/31/large/20220531160914023715_85.jpg
[BD]内蒙古卫视,https://t.freetv.fun/live/nei-meng-gu-wei-shi-7.m3u8,网络源,https://epg.pw/media/images/channel/2022/05/31/large/20220531160914023715_85.jpg
[VGA]内蒙古卫视,https://t.freetv.fun/live/nei-meng-gu-wei-shi.m3u8,网络源,https://epg.pw/media/images/channel/2022/05/31/large/20220531160914023715_85.jpg
[BD]内蒙古卫视,https://t.freetv.fun/live/nei-meng-gu-wei-shi-1.m3u8,网络源,https://epg.pw/media/images/channel/2022/05/31/large/20220531160914023715_85.jpg
[BD]内蒙古卫视,https://t.freetv.fun/live/nei-meng-gu-wei-shi-17.m3u8,网络源,https://epg.pw/media/images/channel/2022/05/31/large/20220531160914023715_85.jpg
[VGA]内蒙古卫视,https://t.freetv.fun/live/nei-meng-gu-wei-shi-24.m3u8,网络源,https://epg.pw/media/images/channel/2022/05/31/large/20220531160914023715_85.jpg
[BD]内蒙古卫视,https://t.freetv.fun/live/nei-meng-gu-wei-shi-12.m3u8,网络源,https://epg.pw/media/images/channel/2022/05/31/large/20220531160914023715_85.jpg
[BD]内蒙古卫视,https://t.freetv.fun/live/nei-meng-gu-wei-shi-14.m3u8,网络源,https://epg.pw/media/images/channel/2022/05/31/large/20220531160914023715_85.jpg
[SD]内蒙古卫视,https://t.freetv.fun/live/nei-meng-gu-wei-shi-3.m3u8,网络源,https://epg.pw/media/images/channel/2022/05/31/large/20220531160914023715_85.jpg
[BD]内蒙古卫视,https://t.freetv.fun/live/nei-meng-gu-wei-shi-5.m3u8,网络源,https://epg.pw/media/images/channel/2022/05/31/large/20220531160914023715_85.jpg
[VGA]内蒙古卫视,https://t.freetv.fun/live/nei-meng-gu-wei-shi-6.m3u8,网络源,https://epg.pw/media/images/channel/2022/05/31/large/20220531160914023715_85.jpg
[SD]内蒙古卫视,https://t.freetv.fun/live/nei-meng-gu-wei-shi-9.m3u8,网络源,https://epg.pw/media/images/channel/2022/05/31/large/20220531160914023715_85.jpg
[SD]内蒙古卫视,https://t.freetv.fun/live/nei-meng-gu-wei-shi-10.m3u8,网络源,https://epg.pw/media/images/channel/2022/05/31/large/20220531160914023715_85.jpg
[BD]内蒙古卫视,https://t.freetv.fun/live/nei-meng-gu-wei-shi-11.m3u8,网络源,https://epg.pw/media/images/channel/2022/05/31/large/20220531160914023715_85.jpg
[SD]内蒙古卫视,https://t.freetv.fun/live/nei-meng-gu-wei-shi-13.m3u8,网络源,https://epg.pw/media/images/channel/2022/05/31/large/20220531160914023715_85.jpg
[SD]内蒙古卫视,https://t.freetv.fun/live/nei-meng-gu-wei-shi-15.m3u8,网络源,https://epg.pw/media/images/channel/2022/05/31/large/20220531160914023715_85.jpg
[BD]内蒙古卫视,https://t.freetv.fun/live/nei-meng-gu-wei-shi-16.m3u8,网络源,https://epg.pw/media/images/channel/2022/05/31/large/20220531160914023715_85.jpg
[BD]内蒙古卫视,https://t.freetv.fun/live/nei-meng-gu-wei-shi-18.m3u8,网络源,https://epg.pw/media/images/channel/2022/05/31/large/20220531160914023715_85.jpg
[BD]内蒙古卫视,https://t.freetv.fun/live/nei-meng-gu-wei-shi-20.m3u8,网络源,https://epg.pw/media/images/channel/2022/05/31/large/20220531160914023715_85.jpg
[BD]内蒙古卫视,https://t.freetv.fun/live/nei-meng-gu-wei-shi-21.m3u8,网络源,https://epg.pw/media/images/channel/2022/05/31/large/20220531160914023715_85.jpg
[BD]内蒙古卫视,https://t.freetv.fun/live/nei-meng-gu-wei-shi-22.m3u8,网络源,https://epg.pw/media/images/channel/2022/05/31/large/20220531160914023715_85.jpg
[BD]内蒙古卫视,https://t.freetv.fun/live/nei-meng-gu-wei-shi-23.m3u8,网络源,https://epg.pw/media/images/channel/2022/05/31/large/20220531160914023715_85.jpg
[BD]兵团卫视,https://t.freetv.fun/live/bing-tuan-wei-shi-1.m3u8,网络源,https://epg.pw/media/images/channel/2025/01/28/large/20250128061107039210_54.png
[BD]兵团卫视,https://t.freetv.fun/live/bing-tuan-wei-shi-5.php,网络源,https://epg.pw/media/images/channel/2025/01/28/large/20250128061107039210_54.png
[BD]兵团卫视,https://t.freetv.fun/live/bing-tuan-wei-shi.m3u8,网络源,https://epg.pw/media/images/channel/2025/01/28/large/20250128061107039210_54.png
[BD]兵团卫视,https://t.freetv.fun/live/bing-tuan-wei-shi-2.m3u8,网络源,https://epg.pw/media/images/channel/2025/01/28/large/20250128061107039210_54.png
[SD]兵团卫视,https://t.freetv.fun/live/bing-tuan-wei-shi-14.m3u8,网络源,https://epg.pw/media/images/channel/2025/01/28/large/20250128061107039210_54.png
[SD]兵团卫视,https://t.freetv.fun/live/bing-tuan-wei-shi-7.m3u8,网络源,https://epg.pw/media/images/channel/2025/01/28/large/20250128061107039210_54.png
[SD]兵团卫视,https://t.freetv.fun/live/bing-tuan-wei-shi-8.m3u8,网络源,https://epg.pw/media/images/channel/2025/01/28/large/20250128061107039210_54.png
[BD]兵团卫视,https://t.freetv.fun/live/bing-tuan-wei-shi-17.m3u8,网络源,https://epg.pw/media/images/channel/2025/01/28/large/20250128061107039210_54.png
[SD]兵团卫视,https://t.freetv.fun/live/bing-tuan-wei-shi-4.m3u8,网络源,https://epg.pw/media/images/channel/2025/01/28/large/20250128061107039210_54.png
[SD]兵团卫视,https://t.freetv.fun/live/bing-tuan-wei-shi-3.m3u8,网络源,https://epg.pw/media/images/channel/2025/01/28/large/20250128061107039210_54.png
[BD]兵团卫视,https://t.freetv.fun/live/bing-tuan-wei-shi-6.m3u8,网络源,https://epg.pw/media/images/channel/2025/01/28/large/20250128061107039210_54.png
[HD]兵团卫视,https://t.freetv.fun/live/bing-tuan-wei-shi-10.m3u8,网络源,https://epg.pw/media/images/channel/2025/01/28/large/20250128061107039210_54.png
[VGA]兵团卫视,https://t.freetv.fun/live/bing-tuan-wei-shi-12.m3u8,网络源,https://epg.pw/media/images/channel/2025/01/28/large/20250128061107039210_54.png
[BD]兵团卫视,https://t.freetv.fun/live/bing-tuan-wei-shi-15.m3u8,网络源,https://epg.pw/media/images/channel/2025/01/28/large/20250128061107039210_54.png
[HD]兵团卫视,https://t.freetv.fun/live/bing-tuan-wei-shi-18.m3u8,网络源,https://epg.pw/media/images/channel/2025/01/28/large/20250128061107039210_54.png
[HD]兵团卫视,https://t.freetv.fun/live/bing-tuan-wei-shi-19.m3u8,网络源,https://epg.pw/media/images/channel/2025/01/28/large/20250128061107039210_54.png
[BD]兵团卫视,https://t.freetv.fun/live/bing-tuan-wei-shi-20.m3u8,网络源,https://epg.pw/media/images/channel/2025/01/28/large/20250128061107039210_54.png
[HD]剧集,https://t.freetv.fun/live/ju-ji.flv,网络源,https://epg.pw/media/img/logo/1_286.jpg
[SD]动漫秀场,https://t.freetv.fun/live/dong-man-xiu-chang.m3u8,网络源,https://epg.pw/media/images/channel/2024/07/28/large/20240728160943951323_78.png
[SD]动漫秀场,https://t.freetv.fun/live/dong-man-xiu-chang-3.m3u8,网络源,https://epg.pw/media/images/channel/2024/07/28/large/20240728160943951323_78.png
[BD]动漫秀场,https://t.freetv.fun/live/dong-man-xiu-chang-1.m3u8,网络源,https://epg.pw/media/images/channel/2024/07/28/large/20240728160943951323_78.png
[SD]动漫秀场,https://t.freetv.fun/live/dong-man-xiu-chang-2.m3u8,网络源,https://epg.pw/media/images/channel/2024/07/28/large/20240728160943951323_78.png
[BD]北京卫视,https://t.freetv.fun/live/bei-jing-wei-shi-2.m3u8,网络源,https://epg.pw/media/images/channel/2024/10/29/large/20241029101351559578_45.png
[BD]北京卫视,https://t.freetv.fun/live/bei-jing-wei-shi-6.m3u8,网络源,https://epg.pw/media/images/channel/2024/10/29/large/20241029101351559578_45.png
[VGA]北京卫视,https://t.freetv.fun/live/bei-jing-wei-shi-7.m3u8,网络源,https://epg.pw/media/images/channel/2024/10/29/large/20241029101351559578_45.png
[VGA]北京卫视,https://t.freetv.fun/live/bei-jing-wei-shi-9.php,网络源,https://epg.pw/media/images/channel/2024/10/29/large/20241029101351559578_45.png
[VGA]北京卫视,https://t.freetv.fun/live/bei-jing-wei-shi-11.m3u8,网络源,https://epg.pw/media/images/channel/2024/10/29/large/20241029101351559578_45.png
[BD]北京卫视,https://t.freetv.fun/live/bei-jing-wei-shi-19.m3u8,网络源,https://epg.pw/media/images/channel/2024/10/29/large/20241029101351559578_45.png
[BD]北京卫视,https://t.freetv.fun/live/bei-jing-wei-shi-20.m3u8,网络源,https://epg.pw/media/images/channel/2024/10/29/large/20241029101351559578_45.png
[BD]北京卫视,https://t.freetv.fun/live/bei-jing-wei-shi.m3u8,网络源,https://epg.pw/media/images/channel/2024/10/29/large/20241029101351559578_45.png
[BD]北京卫视,https://t.freetv.fun/live/bei-jing-wei-shi-4.m3u8,网络源,https://epg.pw/media/images/channel/2024/10/29/large/20241029101351559578_45.png
[BD]北京卫视,https://t.freetv.fun/live/bei-jing-wei-shi-15.m3u8,网络源,https://epg.pw/media/images/channel/2024/10/29/large/20241029101351559578_45.png
[BD]北京卫视,https://t.freetv.fun/live/bei-jing-wei-shi-41.m3u8,网络源,https://epg.pw/media/images/channel/2024/10/29/large/20241029101351559578_45.png
[SD]北京卫视,https://t.freetv.fun/live/bei-jing-wei-shi-16.m3u8,网络源,https://epg.pw/media/images/channel/2024/10/29/large/20241029101351559578_45.png
[BD]北京卫视,https://t.freetv.fun/live/bei-jing-wei-shi-17.m3u8,网络源,https://epg.pw/media/images/channel/2024/10/29/large/20241029101351559578_45.png
[BD]北京卫视,https://t.freetv.fun/live/bei-jing-wei-shi-3.m3u8,网络源,https://epg.pw/media/images/channel/2024/10/29/large/20241029101351559578_45.png
[HD]北京卫视,https://t.freetv.fun/live/bei-jing-wei-shi-5.m3u8,网络源,https://epg.pw/media/images/channel/2024/10/29/large/20241029101351559578_45.png
[BD]北京卫视,https://t.freetv.fun/live/bei-jing-wei-shi-8.m3u8,网络源,https://epg.pw/media/images/channel/2024/10/29/large/20241029101351559578_45.png
[VGA]北京卫视,https://t.freetv.fun/live/bei-jing-wei-shi-10.m3u8,网络源,https://epg.pw/media/images/channel/2024/10/29/large/20241029101351559578_45.png
[VGA]北京卫视,https://t.freetv.fun/live/bei-jing-wei-shi-12.php,网络源,https://epg.pw/media/images/channel/2024/10/29/large/20241029101351559578_45.png
[VGA]北京卫视,https://t.freetv.fun/live/bei-jing-wei-shi-13.m3u8,网络源,https://epg.pw/media/images/channel/2024/10/29/large/20241029101351559578_45.png
[BD]北京卫视,https://t.freetv.fun/live/bei-jing-wei-shi-21.m3u8,网络源,https://epg.pw/media/images/channel/2024/10/29/large/20241029101351559578_45.png
[BD]北京卫视,https://t.freetv.fun/live/bei-jing-wei-shi-22.m3u8,网络源,https://epg.pw/media/images/channel/2024/10/29/large/20241029101351559578_45.png
[BD]北京卫视,https://t.freetv.fun/live/bei-jing-wei-shi-23.m3u8,网络源,https://epg.pw/media/images/channel/2024/10/29/large/20241029101351559578_45.png
[VGA]北京卫视,https://t.freetv.fun/live/bei-jing-wei-shi-24.m3u8,网络源,https://epg.pw/media/images/channel/2024/10/29/large/20241029101351559578_45.png
[BD]北京卫视,https://t.freetv.fun/live/bei-jing-wei-shi-27.m3u8,网络源,https://epg.pw/media/images/channel/2024/10/29/large/20241029101351559578_45.png
[BD]北京卫视,https://t.freetv.fun/live/bei-jing-wei-shi-28.m3u8,网络源,https://epg.pw/media/images/channel/2024/10/29/large/20241029101351559578_45.png
[BD]北京卫视,https://t.freetv.fun/live/bei-jing-wei-shi-29.m3u8,网络源,https://epg.pw/media/images/channel/2024/10/29/large/20241029101351559578_45.png
[BD]北京卫视,https://t.freetv.fun/live/bei-jing-wei-shi-31.m3u8,网络源,https://epg.pw/media/images/channel/2024/10/29/large/20241029101351559578_45.png
[HD]北京卫视,https://t.freetv.fun/live/bei-jing-wei-shi-35.m3u8,网络源,https://epg.pw/media/images/channel/2024/10/29/large/20241029101351559578_45.png
[HD]十堰经济旅游,https://t.freetv.fun/live/shi-yan-jing-ji-lu-you.m3u8,网络源,https://epg.pw/media/images/channel/2023/07/22/large/20230722144541317412_42.png
[VGA]十堰经济旅游,https://t.freetv.fun/live/shi-yan-jing-ji-lu-you-1.m3u8,网络源,https://epg.pw/media/images/channel/2023/07/22/large/20230722144541317412_42.png
[HD]十堰经济,https://t.freetv.fun/live/shi-yan-jing-ji.m3u8,网络源,https://epg.pw/media/images/channel/2023/07/22/large/20230722144541317412_42.png
[HD]南京新闻综合,https://t.freetv.fun/live/nan-jing-xin-wen-zong-he.m3u8,网络源,https://epg.pw/media/images/channel/2022/05/31/large/20220531150344913095_13.jpg
[VGA]南京新闻综合,https://t.freetv.fun/live/nan-jing-xin-wen-zong-he-1.m3u8,网络源,https://epg.pw/media/images/channel/2022/05/31/large/20220531150344913095_13.jpg
[BD]南国都市,https://t.freetv.fun/live/nan-guo-du-shi.m3u8,网络源,https://epg.pw/media/images/channel/2023/07/19/large/20230719065040166476_47.jpg
[SD]南宁影视 高清,https://t.freetv.fun/live/nan-zhu-ying-shi-gao-qing.php,网络源,https://epg.pw/media/images/channel/2022/06/11/large/20220611224429328022_36.jpg
[VGA]南宁新闻综合,https://t.freetv.fun/live/nan-zhu-xin-wen-zong-he-1.m3u8,网络源,https://epg.pw/media/images/channel/2022/06/11/large/20220611224520871696_94.jpg
[VGA]南宁新闻综合,https://t.freetv.fun/live/nan-zhu-xin-wen-zong-he-1-1.m3u8,网络源,https://epg.pw/media/images/channel/2022/06/11/large/20220611224520871696_94.jpg
[HD]南部新闻综合,https://t.freetv.fun/live/nan-bu-xin-wen-zong-he-1.m3u8,网络源,https://epg.pw/media/images/channel/2022/06/11/large/20220611224520871696_94.jpg
[SD]四平新闻综合,https://t.freetv.fun/live/si-ping-xin-wen-zong-he.m3u8,网络源,https://epg.pw/media/images/channel/2022/11/01/large/20221101002314166539_20.jpg
[VGA]四平新闻综合,https://t.freetv.fun/live/si-ping-xin-wen-zong-he-2.m3u8,网络源,https://epg.pw/media/images/channel/2022/11/01/large/20221101002314166539_20.jpg
[VGA]四平新闻综合,https://t.freetv.fun/live/si-ping-xin-wen-zong-he-1.m3u8,网络源,https://epg.pw/media/images/channel/2022/11/01/large/20221101002314166539_20.jpg
[BD]河南沁阳新闻综合,https://t.freetv.fun/live/he-nan-qin-yang-xin-wen-zong-he.m3u8,网络源,https://epg.pw/media/img/logo/2_19.jpg
[SD]河南舞阳新闻综合,https://t.freetv.fun/live/he-nan-wu-yang-xin-wen-zong-he.m3u8,网络源,https://epg.pw/media/img/logo/2_19.jpg
[BD]台州新闻综合,https://t.freetv.fun/live/tai-zhou-xin-wen-zong-he.m3u8,网络源,https://epg.pw/media/images/channel/2022/11/01/large/20221101020712299758_11.jpg
[SD]合肥新闻,https://t.freetv.fun/live/he-fei-xin-wen.m3u8,网络源,https://epg.pw/media/images/channel/2022/05/27/large/20220527164234697314_53.jpg
[VGA]合肥新闻,https://t.freetv.fun/live/he-fei-xin-wen-1.m3u8,网络源,https://epg.pw/media/images/channel/2022/05/27/large/20220527164234697314_53.jpg
[SD]吉林综艺文化,https://t.freetv.fun/live/ji-lin-zong-yi-wen-hua-1.m3u8,网络源,https://epg.pw/media/images/channel/2024/07/28/large/20240728203909178119_58.png
[SD]吉林综艺文化,https://t.freetv.fun/live/ji-lin-zong-yi-wen-hua-1-1.m3u8,网络源,https://epg.pw/media/images/channel/2024/07/28/large/20240728203909178119_58.png
[SD]吉林综艺文化,https://t.freetv.fun/live/ji-lin-zong-yi-wen-hua-2.m3u8,网络源,https://epg.pw/media/images/channel/2024/07/28/large/20240728203909178119_58.png
[BD]吉林卫视,https://t.freetv.fun/live/ji-lin-wei-shi.m3u8,网络源,https://epg.pw/media/images/channel/2024/07/28/large/20240728163659540434_96.png
[BD]吉林卫视,https://t.freetv.fun/live/ji-lin-wei-shi-4.m3u8,网络源,https://epg.pw/media/images/channel/2024/07/28/large/20240728163659540434_96.png
[BD]吉林卫视,https://t.freetv.fun/live/ji-lin-wei-shi-6.m3u8,网络源,https://epg.pw/media/images/channel/2024/07/28/large/20240728163659540434_96.png
[BD]吉林卫视,https://t.freetv.fun/live/ji-lin-wei-shi-1.m3u8,网络源,https://epg.pw/media/images/channel/2024/07/28/large/20240728163659540434_96.png
[VGA]吉林卫视,https://t.freetv.fun/live/ji-lin-wei-shi-15.m3u8,网络源,https://epg.pw/media/images/channel/2024/07/28/large/20240728163659540434_96.png
[SD]吉林卫视,https://t.freetv.fun/live/ji-lin-wei-shi-10.m3u8,网络源,https://epg.pw/media/images/channel/2024/07/28/large/20240728163659540434_96.png
[SD]吉林卫视,https://t.freetv.fun/live/ji-lin-wei-shi-34.m3u8,网络源,https://epg.pw/media/images/channel/2024/07/28/large/20240728163659540434_96.png
[HD]吉林卫视,https://t.freetv.fun/live/ji-lin-wei-shi-22.m3u8,网络源,https://epg.pw/media/images/channel/2024/07/28/large/20240728163659540434_96.png
[BD]吉林卫视,https://t.freetv.fun/live/ji-lin-wei-shi-2.m3u8,网络源,https://epg.pw/media/images/channel/2024/07/28/large/20240728163659540434_96.png
[SD]吉林卫视,https://t.freetv.fun/live/ji-lin-wei-shi-3.m3u8,网络源,https://epg.pw/media/images/channel/2024/07/28/large/20240728163659540434_96.png
[HD]吉林卫视,https://t.freetv.fun/live/ji-lin-wei-shi-5.m3u8,网络源,https://epg.pw/media/images/channel/2024/07/28/large/20240728163659540434_96.png
[SD]吉林卫视,https://t.freetv.fun/live/ji-lin-wei-shi-7.m3u8,网络源,https://epg.pw/media/images/channel/2024/07/28/large/20240728163659540434_96.png
[BD]吉林卫视,https://t.freetv.fun/live/ji-lin-wei-shi-8.m3u8,网络源,https://epg.pw/media/images/channel/2024/07/28/large/20240728163659540434_96.png
[BD]吉林卫视,https://t.freetv.fun/live/ji-lin-wei-shi-9.m3u8,网络源,https://epg.pw/media/images/channel/2024/07/28/large/20240728163659540434_96.png
[SD]吉林卫视,https://t.freetv.fun/live/ji-lin-wei-shi-11.m3u8,网络源,https://epg.pw/media/images/channel/2024/07/28/large/20240728163659540434_96.png
[SD]吉林卫视,https://t.freetv.fun/live/ji-lin-wei-shi-13.m3u8,网络源,https://epg.pw/media/images/channel/2024/07/28/large/20240728163659540434_96.png
[BD]吉林卫视,https://t.freetv.fun/live/ji-lin-wei-shi-14.m3u8,网络源,https://epg.pw/media/images/channel/2024/07/28/large/20240728163659540434_96.png
[BD]吉林卫视,https://t.freetv.fun/live/ji-lin-wei-shi-18.m3u8,网络源,https://epg.pw/media/images/channel/2024/07/28/large/20240728163659540434_96.png
[VGA]吉林卫视,https://t.freetv.fun/live/ji-lin-wei-shi-19.m3u8,网络源,https://epg.pw/media/images/channel/2024/07/28/large/20240728163659540434_96.png
[BD]吉林卫视,https://t.freetv.fun/live/ji-lin-wei-shi-20.m3u8,网络源,https://epg.pw/media/images/channel/2024/07/28/large/20240728163659540434_96.png
[BD]吉林卫视,https://t.freetv.fun/live/ji-lin-wei-shi-21.php,网络源,https://epg.pw/media/images/channel/2024/07/28/large/20240728163659540434_96.png
[BD]吉林卫视,https://t.freetv.fun/live/ji-lin-wei-shi-23.php,网络源,https://epg.pw/media/images/channel/2024/07/28/large/20240728163659540434_96.png
[HD]哆啦a梦,https://t.freetv.fun/live/chi-la-ameng.flv,网络源,https://epg.pw/media/images/channel/2019/04/05/large/20190405224107214258_16.jpg
[BD]哈哈炫动,https://t.freetv.fun/live/ha-ha-xuan-dong.m3u8,网络源,https://epg.pw/media/images/channel/2024/07/28/large/20240728170921300690_78.png
[VGA]黑龙江哈尔滨都市资讯,https://t.freetv.fun/live/hei-long-jiang-ha-er-bin-du-shi-zi-xun.m3u8,网络源,https://epg.pw/media/images/channel/2022/10/24/large/20221024220307974062_61.jpg
[HD]嘉佳卡通,https://t.freetv.fun/live/jia-jia-qia-tong.php,网络源,https://epg.pw/media/images/channel/2024/01/14/large/20240114130936768099_46.png
[SD]嘉佳卡通,https://t.freetv.fun/live/jia-jia-qia-tong-2.m3u8,网络源,https://epg.pw/media/images/channel/2024/01/14/large/20240114130936768099_46.png
[SD]嘉佳卡通,https://t.freetv.fun/live/jia-jia-qia-tong-1.m3u8,网络源,https://epg.pw/media/images/channel/2024/01/14/large/20240114130936768099_46.png
[SD]嘉佳卡通,https://t.freetv.fun/live/jia-jia-qia-tong-3.m3u8,网络源,https://epg.pw/media/images/channel/2024/01/14/large/20240114130936768099_46.png
[SD]嘉佳卡通,https://t.freetv.fun/live/jia-jia-qia-tong-6.m3u8,网络源,https://epg.pw/media/images/channel/2024/01/14/large/20240114130936768099_46.png
[BD]嘉佳卡通,https://t.freetv.fun/live/jia-jia-qia-tong-11.m3u8,网络源,https://epg.pw/media/images/channel/2024/01/14/large/20240114130936768099_46.png
[VGA]嘉佳卡通,https://t.freetv.fun/live/jia-jia-qia-tong-12.m3u8,网络源,https://epg.pw/media/images/channel/2024/01/14/large/20240114130936768099_46.png
[BD]四川卫视,https://t.freetv.fun/live/si-chuan-wei-shi-2.m3u8,网络源,https://epg.pw/media/images/channel/2022/05/28/large/20220528220452110808_30.jpg
[BD]四川卫视,https://t.freetv.fun/live/si-chuan-wei-shi-6.php,网络源,https://epg.pw/media/images/channel/2022/05/28/large/20220528220452110808_30.jpg
[VGA]四川卫视,https://t.freetv.fun/live/si-chuan-wei-shi.m3u8,网络源,https://epg.pw/media/images/channel/2022/05/28/large/20220528220452110808_30.jpg
[BD]四川卫视,https://t.freetv.fun/live/si-chuan-wei-shi-1.m3u8,网络源,https://epg.pw/media/images/channel/2022/05/28/large/20220528220452110808_30.jpg
[BD]四川卫视,https://t.freetv.fun/live/si-chuan-wei-shi-4.m3u8,网络源,https://epg.pw/media/images/channel/2022/05/28/large/20220528220452110808_30.jpg
[SD]四川卫视,https://t.freetv.fun/live/si-chuan-wei-shi-20.m3u8,网络源,https://epg.pw/media/images/channel/2022/05/28/large/20220528220452110808_30.jpg
[HD]四川卫视,https://t.freetv.fun/live/si-chuan-wei-shi-22.m3u8,网络源,https://epg.pw/media/images/channel/2022/05/28/large/20220528220452110808_30.jpg
[BD]四川卫视,https://t.freetv.fun/live/si-chuan-wei-shi-23.m3u8,网络源,https://epg.pw/media/images/channel/2022/05/28/large/20220528220452110808_30.jpg
[BD]四川卫视,https://t.freetv.fun/live/si-chuan-wei-shi-3.m3u8,网络源,https://epg.pw/media/images/channel/2022/05/28/large/20220528220452110808_30.jpg
[BD]四川卫视,https://t.freetv.fun/live/si-chuan-wei-shi-5.m3u8,网络源,https://epg.pw/media/images/channel/2022/05/28/large/20220528220452110808_30.jpg
[BD]四川卫视,https://t.freetv.fun/live/si-chuan-wei-shi-7.m3u8,网络源,https://epg.pw/media/images/channel/2022/05/28/large/20220528220452110808_30.jpg
[BD]四川卫视,https://t.freetv.fun/live/si-chuan-wei-shi-8.m3u8,网络源,https://epg.pw/media/images/channel/2022/05/28/large/20220528220452110808_30.jpg
[BD]四川卫视,https://t.freetv.fun/live/si-chuan-wei-shi-9.m3u8,网络源,https://epg.pw/media/images/channel/2022/05/28/large/20220528220452110808_30.jpg
[BD]四川卫视,https://t.freetv.fun/live/si-chuan-wei-shi-10.m3u8,网络源,https://epg.pw/media/images/channel/2022/05/28/large/20220528220452110808_30.jpg
[VGA]四川卫视,https://t.freetv.fun/live/si-chuan-wei-shi-11.m3u8,网络源,https://epg.pw/media/images/channel/2022/05/28/large/20220528220452110808_30.jpg
[BD]四川卫视,https://t.freetv.fun/live/si-chuan-wei-shi-12.m3u8,网络源,https://epg.pw/media/images/channel/2022/05/28/large/20220528220452110808_30.jpg
[SD]四川卫视,https://t.freetv.fun/live/si-chuan-wei-shi-14.m3u8,网络源,https://epg.pw/media/images/channel/2022/05/28/large/20220528220452110808_30.jpg
[BD]四川卫视,https://t.freetv.fun/live/si-chuan-wei-shi-15.m3u8,网络源,https://epg.pw/media/images/channel/2022/05/28/large/20220528220452110808_30.jpg
[BD]四川卫视,https://t.freetv.fun/live/si-chuan-wei-shi-16.php,网络源,https://epg.pw/media/images/channel/2022/05/28/large/20220528220452110808_30.jpg
[BD]四川卫视,https://t.freetv.fun/live/si-chuan-wei-shi-17.m3u8,网络源,https://epg.pw/media/images/channel/2022/05/28/large/20220528220452110808_30.jpg
[SD]四川卫视,https://t.freetv.fun/live/si-chuan-wei-shi-18.m3u8,网络源,https://epg.pw/media/images/channel/2022/05/28/large/20220528220452110808_30.jpg
[VGA]四川卫视,https://t.freetv.fun/live/si-chuan-wei-shi-19.m3u8,网络源,https://epg.pw/media/images/channel/2022/05/28/large/20220528220452110808_30.jpg
[BD]四川卫视,https://t.freetv.fun/live/si-chuan-wei-shi-21.m3u8,网络源,https://epg.pw/media/images/channel/2022/05/28/large/20220528220452110808_30.jpg
[SD]四川卫视,https://t.freetv.fun/live/si-chuan-wei-shi-24.m3u8,网络源,https://epg.pw/media/images/channel/2022/05/28/large/20220528220452110808_30.jpg
[SD]四川卫视,https://t.freetv.fun/live/si-chuan-wei-shi-25.m3u8,网络源,https://epg.pw/media/images/channel/2022/05/28/large/20220528220452110808_30.jpg
[SD]四川卫视,https://t.freetv.fun/live/si-chuan-wei-shi-26.m3u8,网络源,https://epg.pw/media/images/channel/2022/05/28/large/20220528220452110808_30.jpg
[BD]四川卫视,https://t.freetv.fun/live/si-chuan-wei-shi-30.m3u8,网络源,https://epg.pw/media/images/channel/2022/05/28/large/20220528220452110808_30.jpg
[SD]四川卫视,https://t.freetv.fun/live/si-chuan-wei-shi-31.m3u8,网络源,https://epg.pw/media/images/channel/2022/05/28/large/20220528220452110808_30.jpg
[BD]大湾区卫视,https://t.freetv.fun/live/da-wan-qu-wei-shi-2.m3u8,网络源,https://epg.pw/media/images/channel/2024/01/14/large/20240114132000365190_44.png
[BD]大湾区卫视,https://t.freetv.fun/live/da-wan-qu-wei-shi-7.m3u8,网络源,https://epg.pw/media/images/channel/2024/01/14/large/20240114132000365190_44.png
[BD]大湾区卫视,https://t.freetv.fun/live/da-wan-qu-wei-shi-1.m3u8,网络源,https://epg.pw/media/images/channel/2024/01/14/large/20240114132000365190_44.png
[VGA]大湾区卫视,https://t.freetv.fun/live/da-wan-qu-wei-shi-3.m3u8,网络源,https://epg.pw/media/images/channel/2024/01/14/large/20240114132000365190_44.png
[BD]大湾区卫视,https://t.freetv.fun/live/da-wan-qu-wei-shi-8.m3u8,网络源,https://epg.pw/media/images/channel/2024/01/14/large/20240114132000365190_44.png
[VGA]大湾区卫视,https://t.freetv.fun/live/da-wan-qu-wei-shi-9.m3u8,网络源,https://epg.pw/media/images/channel/2024/01/14/large/20240114132000365190_44.png
[VGA]大湾区卫视,https://t.freetv.fun/live/da-wan-qu-wei-shi-10.m3u8,网络源,https://epg.pw/media/images/channel/2024/01/14/large/20240114132000365190_44.png
[VGA]大湾区卫视,https://t.freetv.fun/live/da-wan-qu-wei-shi-17.m3u8,网络源,https://epg.pw/media/images/channel/2024/01/14/large/20240114132000365190_44.png
[HD]大湾区卫视,https://t.freetv.fun/live/da-wan-qu-wei-shi-19.php,网络源,https://epg.pw/media/images/channel/2024/01/14/large/20240114132000365190_44.png
[BD]大湾区卫视高清,https://t.freetv.fun/live/da-wan-qu-wei-shi-gao-qing.m3u8,网络源,https://epg.pw/media/images/channel/2024/01/14/large/20240114132000365190_44.png
[BD]大湾区卫视高清,https://t.freetv.fun/live/da-wan-qu-wei-shi-gao-qing-1.m3u8,网络源,https://epg.pw/media/images/channel/2024/01/14/large/20240114132000365190_44.png
[BD]大湾区卫视高清,https://t.freetv.fun/live/da-wan-qu-wei-shi-gao-qing-2.m3u8,网络源,https://epg.pw/media/images/channel/2024/01/14/large/20240114132000365190_44.png
[BD]大湾区卫视高清,https://t.freetv.fun/live/da-wan-qu-wei-shi-gao-qing-3.m3u8,网络源,https://epg.pw/media/images/channel/2024/01/14/large/20240114132000365190_44.png
[BD]大湾区卫视高清,https://t.freetv.fun/live/da-wan-qu-wei-shi-gao-qing-4.m3u8,网络源,https://epg.pw/media/images/channel/2024/01/14/large/20240114132000365190_44.png
[BD]大湾区卫视高清,https://t.freetv.fun/live/da-wan-qu-wei-shi-gao-qing-6.m3u8,网络源,https://epg.pw/media/images/channel/2024/01/14/large/20240114132000365190_44.png
[BD]大湾区卫视高清,https://t.freetv.fun/live/da-wan-qu-wei-shi-gao-qing-7.m3u8,网络源,https://epg.pw/media/images/channel/2024/01/14/large/20240114132000365190_44.png
[BD]大湾区卫视高清,https://t.freetv.fun/live/da-wan-qu-wei-shi-gao-qing-8.m3u8,网络源,https://epg.pw/media/images/channel/2024/01/14/large/20240114132000365190_44.png
[BD]大湾区卫视高清,https://t.freetv.fun/live/da-wan-qu-wei-shi-gao-qing-9.m3u8,网络源,https://epg.pw/media/images/channel/2024/01/14/large/20240114132000365190_44.png
[BD]大湾区卫视高清,https://t.freetv.fun/live/da-wan-qu-wei-shi-gao-qing-10.m3u8,网络源,https://epg.pw/media/images/channel/2024/01/14/large/20240114132000365190_44.png
[BD]大湾区卫视高清,https://t.freetv.fun/live/da-wan-qu-wei-shi-gao-qing-11.m3u8,网络源,https://epg.pw/media/images/channel/2024/01/14/large/20240114132000365190_44.png
[BD]大湾区卫视高清,https://t.freetv.fun/live/da-wan-qu-wei-shi-gao-qing-13.m3u8,网络源,https://epg.pw/media/images/channel/2024/01/14/large/20240114132000365190_44.png
[VGA]大湾区卫视,https://t.freetv.fun/live/da-wan-qu-wei-shi-29.m3u8,网络源,https://epg.pw/media/images/channel/2024/01/14/large/20240114132000365190_44.png
[VGA]大湾区卫视高清,https://t.freetv.fun/live/da-wan-qu-wei-shi-gao-qing-17.m3u8,网络源,https://epg.pw/media/images/channel/2024/01/14/large/20240114132000365190_44.png
[VGA]大湾区卫视高清,https://t.freetv.fun/live/da-wan-qu-wei-shi-gao-qing-19.m3u8,网络源,https://epg.pw/media/images/channel/2024/01/14/large/20240114132000365190_44.png
[VGA]大湾区卫视高清,https://t.freetv.fun/live/da-wan-qu-wei-shi-gao-qing-21.m3u8,网络源,https://epg.pw/media/images/channel/2024/01/14/large/20240114132000365190_44.png
[BD]大湾区卫视,https://t.freetv.fun/live/da-wan-qu-wei-shi-30.m3u8,网络源,https://epg.pw/media/images/channel/2024/01/14/large/20240114132000365190_44.png
[BD]大湾区卫视高清,https://t.freetv.fun/live/da-wan-qu-wei-shi-gao-qing-23.m3u8,网络源,https://epg.pw/media/images/channel/2024/01/14/large/20240114132000365190_44.png
[BD]大湾区卫视高清,https://t.freetv.fun/live/da-wan-qu-wei-shi-gao-qing-24.m3u8,网络源,https://epg.pw/media/images/channel/2024/01/14/large/20240114132000365190_44.png
[BD]大湾区卫视高清,https://t.freetv.fun/live/da-wan-qu-wei-shi-gao-qing-25.m3u8,网络源,https://epg.pw/media/images/channel/2024/01/14/large/20240114132000365190_44.png
[HD]大湾区卫视,https://t.freetv.fun/live/da-wan-qu-wei-shi-31.m3u8,网络源,https://epg.pw/media/images/channel/2024/01/14/large/20240114132000365190_44.png
[HD]大湾区卫视,https://t.freetv.fun/live/da-wan-qu-wei-shi-32.m3u8,网络源,https://epg.pw/media/images/channel/2024/01/14/large/20240114132000365190_44.png
[HD]大湾区卫视,https://t.freetv.fun/live/da-wan-qu-wei-shi-33.m3u8,网络源,https://epg.pw/media/images/channel/2024/01/14/large/20240114132000365190_44.png
[HD]大湾区卫视,https://t.freetv.fun/live/da-wan-qu-wei-shi-34.m3u8,网络源,https://epg.pw/media/images/channel/2024/01/14/large/20240114132000365190_44.png
[BD]广东大湾区卫视,https://t.freetv.fun/live/yan-dong-da-wan-qu-wei-shi.m3u8,网络源,https://epg.pw/media/images/channel/2024/01/14/large/20240114132000365190_44.png
[BD]大湾区卫视高清,https://t.freetv.fun/live/da-wan-qu-wei-shi-gao-qing-26.m3u8,网络源,https://epg.pw/media/images/channel/2024/01/14/large/20240114132000365190_44.png
[BD]大湾区卫视高清,https://t.freetv.fun/live/da-wan-qu-wei-shi-gao-qing-27.m3u8,网络源,https://epg.pw/media/images/channel/2024/01/14/large/20240114132000365190_44.png
[BD]大湾区卫视高清,https://t.freetv.fun/live/da-wan-qu-wei-shi-gao-qing-28.m3u8,网络源,https://epg.pw/media/images/channel/2024/01/14/large/20240114132000365190_44.png
[BD]大理新闻综合,https://t.freetv.fun/live/da-li-xin-wen-zong-he.m3u8,网络源,https://epg.pw/media/images/channel/2022/05/27/large/20220527160518896874_49.jpg
[SD]天映经典,https://t.freetv.fun/live/tian-ying-jing-dian-3.m3u8,网络源,https://epg.pw/media/images/channel/2019/01/23/large/20190123002742257631_40.jpg
[VGA]CCM *z,https://t.freetv.fun/live/ccm-z.ts,网络源,https://epg.pw/media/images/channel/2024/12/26/large/20241226152608705551_68.jpg
[BD]天映,https://t.freetv.fun/live/tian-ying-1.m3u8,网络源,https://epg.pw/media/images/channel/2023/08/05/large/20230805003741056376_18.png
[BD]天津卫视,https://t.freetv.fun/live/tian-jin-wei-shi-3.m3u8,网络源,https://epg.pw/media/images/channel/2026/02/26/large/20260226025419139967_11.jpg
[BD]天津卫视,https://t.freetv.fun/live/tian-jin-wei-shi-4.m3u8,网络源,https://epg.pw/media/images/channel/2026/02/26/large/20260226025419139967_11.jpg
[BD]天津卫视,https://t.freetv.fun/live/tian-jin-wei-shi-5.m3u8,网络源,https://epg.pw/media/images/channel/2026/02/26/large/20260226025419139967_11.jpg
[BD]天津卫视,https://t.freetv.fun/live/tian-jin-wei-shi-6.m3u8,网络源,https://epg.pw/media/images/channel/2026/02/26/large/20260226025419139967_11.jpg
[BD]天津卫视,https://t.freetv.fun/live/tian-jin-wei-shi-13.php,网络源,https://epg.pw/media/images/channel/2026/02/26/large/20260226025419139967_11.jpg
[BD]天津卫视,https://t.freetv.fun/live/tian-jin-wei-shi-16.m3u8,网络源,https://epg.pw/media/images/channel/2026/02/26/large/20260226025419139967_11.jpg
[HD]天津卫视,https://t.freetv.fun/live/tian-jin-wei-shi-1.m3u8,网络源,https://epg.pw/media/images/channel/2026/02/26/large/20260226025419139967_11.jpg
[SD]天津卫视,https://t.freetv.fun/live/tian-jin-wei-shi-7.m3u8,网络源,https://epg.pw/media/images/channel/2026/02/26/large/20260226025419139967_11.jpg
[BD]天津卫视,https://t.freetv.fun/live/tian-jin-wei-shi.m3u8,网络源,https://epg.pw/media/images/channel/2026/02/26/large/20260226025419139967_11.jpg
[VGA]天津卫视,https://t.freetv.fun/live/tian-jin-wei-shi-2.m3u8,网络源,https://epg.pw/media/images/channel/2026/02/26/large/20260226025419139967_11.jpg
[BD]天津卫视,https://t.freetv.fun/live/tian-jin-wei-shi-10.m3u8,网络源,https://epg.pw/media/images/channel/2026/02/26/large/20260226025419139967_11.jpg
[BD]天津卫视,https://t.freetv.fun/live/tian-jin-wei-shi-11.m3u8,网络源,https://epg.pw/media/images/channel/2026/02/26/large/20260226025419139967_11.jpg
[BD]天津卫视,https://t.freetv.fun/live/tian-jin-wei-shi-18.m3u8,网络源,https://epg.pw/media/images/channel/2026/02/26/large/20260226025419139967_11.jpg
[BD]天津卫视,https://t.freetv.fun/live/tian-jin-wei-shi-8.m3u8,网络源,https://epg.pw/media/images/channel/2026/02/26/large/20260226025419139967_11.jpg
[BD]天津卫视,https://t.freetv.fun/live/tian-jin-wei-shi-9.m3u8,网络源,https://epg.pw/media/images/channel/2026/02/26/large/20260226025419139967_11.jpg
[BD]天津卫视,https://t.freetv.fun/live/tian-jin-wei-shi-14.m3u8,网络源,https://epg.pw/media/images/channel/2026/02/26/large/20260226025419139967_11.jpg
[BD]天津卫视,https://t.freetv.fun/live/tian-jin-wei-shi-15.m3u8,网络源,https://epg.pw/media/images/channel/2026/02/26/large/20260226025419139967_11.jpg
[VGA]天津卫视,https://t.freetv.fun/live/tian-jin-wei-shi-17.m3u8,网络源,https://epg.pw/media/images/channel/2026/02/26/large/20260226025419139967_11.jpg
[BD]天津卫视,https://t.freetv.fun/live/tian-jin-wei-shi-19.m3u8,网络源,https://epg.pw/media/images/channel/2026/02/26/large/20260226025419139967_11.jpg
[BD]天津卫视,https://t.freetv.fun/live/tian-jin-wei-shi-20.m3u8,网络源,https://epg.pw/media/images/channel/2026/02/26/large/20260226025419139967_11.jpg
[SD]天津卫视,https://t.freetv.fun/live/tian-jin-wei-shi-21.m3u8,网络源,https://epg.pw/media/images/channel/2026/02/26/large/20260226025419139967_11.jpg
[BD]天津卫视,https://t.freetv.fun/live/tian-jin-wei-shi-22.m3u8,网络源,https://epg.pw/media/images/channel/2026/02/26/large/20260226025419139967_11.jpg
[BD]天津卫视,https://t.freetv.fun/live/tian-jin-wei-shi-23.m3u8,网络源,https://epg.pw/media/images/channel/2026/02/26/large/20260226025419139967_11.jpg
[BD]天津卫视,https://t.freetv.fun/live/tian-jin-wei-shi-24.m3u8,网络源,https://epg.pw/media/images/channel/2026/02/26/large/20260226025419139967_11.jpg
[SD]松原新闻综合,https://t.freetv.fun/live/song-yuan-xin-wen-zong-he.m3u8,网络源,https://epg.pw/media/images/channel/2022/10/23/large/20221023010857799299_19.jpg
[BD]西安移动电视,https://t.freetv.fun/live/xi-an-yi-dong-dian-shi.flv,网络源,https://epg.pw/media/images/channel/2021/10/11/large/20211011224135494623_29.png
[BD]西安移动电视,https://t.freetv.fun/live/xi-an-yi-dong-dian-shi-1.m3u8,网络源,https://epg.pw/media/images/channel/2021/10/11/large/20211011224135494623_29.png
[BD]安徽综艺,https://t.freetv.fun/live/an-hui-zong-yi.php,网络源,https://epg.pw/media/img/logo/2_105.jpg
[BD]安徽卫视,https://t.freetv.fun/live/an-hui-wei-shi-1.m3u8,网络源,https://epg.pw/media/images/channel/2023/07/19/large/20230719113027191823_22.jpg
[BD]安徽卫视,https://t.freetv.fun/live/an-hui-wei-shi-2.m3u8,网络源,https://epg.pw/media/images/channel/2023/07/19/large/20230719113027191823_22.jpg
[BD]安徽卫视,https://t.freetv.fun/live/an-hui-wei-shi-4.m3u8,网络源,https://epg.pw/media/images/channel/2023/07/19/large/20230719113027191823_22.jpg
[BD]安徽卫视,https://t.freetv.fun/live/an-hui-wei-shi-5.m3u8,网络源,https://epg.pw/media/images/channel/2023/07/19/large/20230719113027191823_22.jpg
[HD]安徽卫视,https://t.freetv.fun/live/an-hui-wei-shi-12.m3u8,网络源,https://epg.pw/media/images/channel/2023/07/19/large/20230719113027191823_22.jpg
[BD]安徽卫视,https://t.freetv.fun/live/an-hui-wei-shi-14.m3u8,网络源,https://epg.pw/media/images/channel/2023/07/19/large/20230719113027191823_22.jpg
[VGA]安徽卫视,https://t.freetv.fun/live/an-hui-wei-shi-18.m3u8,网络源,https://epg.pw/media/images/channel/2023/07/19/large/20230719113027191823_22.jpg
[BD]安徽卫视,https://t.freetv.fun/live/an-hui-wei-shi-13.m3u8,网络源,https://epg.pw/media/images/channel/2023/07/19/large/20230719113027191823_22.jpg
[BD]安徽卫视,https://t.freetv.fun/live/an-hui-wei-shi-3.m3u8,网络源,https://epg.pw/media/images/channel/2023/07/19/large/20230719113027191823_22.jpg
[SD]安徽卫视,https://t.freetv.fun/live/an-hui-wei-shi-7.m3u8,网络源,https://epg.pw/media/images/channel/2023/07/19/large/20230719113027191823_22.jpg
[SD]安徽卫视,https://t.freetv.fun/live/an-hui-wei-shi-35.m3u8,网络源,https://epg.pw/media/images/channel/2023/07/19/large/20230719113027191823_22.jpg
[BD]安徽卫视,https://t.freetv.fun/live/an-hui-wei-shi-49.m3u8,网络源,https://epg.pw/media/images/channel/2023/07/19/large/20230719113027191823_22.jpg
[BD]安徽卫视,https://t.freetv.fun/live/an-hui-wei-shi-23.m3u8,网络源,https://epg.pw/media/images/channel/2023/07/19/large/20230719113027191823_22.jpg
[VGA]安徽卫视,https://t.freetv.fun/live/an-hui-wei-shi.m3u8,网络源,https://epg.pw/media/images/channel/2023/07/19/large/20230719113027191823_22.jpg
[BD]安徽卫视,https://t.freetv.fun/live/an-hui-wei-shi-6.m3u8,网络源,https://epg.pw/media/images/channel/2023/07/19/large/20230719113027191823_22.jpg
[BD]安徽卫视,https://t.freetv.fun/live/an-hui-wei-shi-8.m3u8,网络源,https://epg.pw/media/images/channel/2023/07/19/large/20230719113027191823_22.jpg
[BD]安徽卫视,https://t.freetv.fun/live/an-hui-wei-shi-9.m3u8,网络源,https://epg.pw/media/images/channel/2023/07/19/large/20230719113027191823_22.jpg
[SD]安徽卫视,https://t.freetv.fun/live/an-hui-wei-shi-11.m3u8,网络源,https://epg.pw/media/images/channel/2023/07/19/large/20230719113027191823_22.jpg
[BD]安徽卫视,https://t.freetv.fun/live/an-hui-wei-shi-17.php,网络源,https://epg.pw/media/images/channel/2023/07/19/large/20230719113027191823_22.jpg
[BD]安徽卫视,https://t.freetv.fun/live/an-hui-wei-shi-19.m3u8,网络源,https://epg.pw/media/images/channel/2023/07/19/large/20230719113027191823_22.jpg
[BD]安徽卫视,https://t.freetv.fun/live/an-hui-wei-shi-20.m3u8,网络源,https://epg.pw/media/images/channel/2023/07/19/large/20230719113027191823_22.jpg
[BD]安徽卫视,https://t.freetv.fun/live/an-hui-wei-shi-21.m3u8,网络源,https://epg.pw/media/images/channel/2023/07/19/large/20230719113027191823_22.jpg
[BD]安徽卫视,https://t.freetv.fun/live/an-hui-wei-shi-22.m3u8,网络源,https://epg.pw/media/images/channel/2023/07/19/large/20230719113027191823_22.jpg
[BD]安徽卫视,https://t.freetv.fun/live/an-hui-wei-shi-24.php,网络源,https://epg.pw/media/images/channel/2023/07/19/large/20230719113027191823_22.jpg
[BD]安徽卫视,https://t.freetv.fun/live/an-hui-wei-shi-25.m3u8,网络源,https://epg.pw/media/images/channel/2023/07/19/large/20230719113027191823_22.jpg
[BD]安徽卫视,https://t.freetv.fun/live/an-hui-wei-shi-26.m3u8,网络源,https://epg.pw/media/images/channel/2023/07/19/large/20230719113027191823_22.jpg
[BD]安徽卫视,https://t.freetv.fun/live/an-hui-wei-shi-27.m3u8,网络源,https://epg.pw/media/images/channel/2023/07/19/large/20230719113027191823_22.jpg
[BD]安徽卫视,https://t.freetv.fun/live/an-hui-wei-shi-33.m3u8,网络源,https://epg.pw/media/images/channel/2023/07/19/large/20230719113027191823_22.jpg
[BD]广安新闻综合频道,https://t.freetv.fun/live/yan-an-xin-wen-zong-he-pin-dao.m3u8,网络源,https://epg.pw/media/images/channel/2022/11/01/large/20221101004303970375_24.jpg
[BD]瑞安新闻综合,https://t.freetv.fun/live/rui-an-xin-wen-zong-he.m3u8,网络源,https://epg.pw/media/img/logo/1_350.jpg
[HD]淳安新闻综合,https://t.freetv.fun/live/chun-an-xin-wen-zong-he.php,网络源,https://epg.pw/media/img/logo/1_350.jpg
[SD]农安新闻综合,https://t.freetv.fun/live/nong-an-xin-wen-zong-he.m3u8,网络源,https://epg.pw/media/images/channel/2022/10/31/large/20221031232831325255_59.jpg
[SD]大安新闻综合,https://t.freetv.fun/live/da-an-xin-wen-zong-he.m3u8,网络源,https://epg.pw/media/images/channel/2022/10/31/large/20221031232831325255_59.jpg
[VGA]广安新闻综合,https://t.freetv.fun/live/yan-an-xin-wen-zong-he.m3u8,网络源,https://epg.pw/media/images/channel/2022/10/31/large/20221031232831325255_59.jpg
[BD]宜兴新闻,https://t.freetv.fun/live/yi-xing-xin-wen.m3u8,网络源,https://epg.pw/media/img/logo/yixingxinwen.jpg
[BD]无锡宜兴新闻,https://t.freetv.fun/live/wu-xi-yi-xing-xin-wen.m3u8,网络源,https://epg.pw/media/img/logo/yixingxinwen.jpg
[HD]宜兴新闻综合,https://t.freetv.fun/live/yi-xing-xin-wen-zong-he-1.m3u8,网络源,https://epg.pw/media/images/channel/2022/11/02/large/20221102234931656659_73.jpg
[BD]家庭影院 高清,https://t.freetv.fun/live/jia-ting-ying-yuan-gao-qing.php,网络源,https://epg.pw/media/img/logo/1_370.jpg
[VGA]宿迁新闻综合,https://t.freetv.fun/live/su-qian-xin-wen-zong-he.m3u8,网络源,https://epg.pw/media/images/channel/2022/11/01/large/20221101023134119591_37.jpg
[BD]宁夏卫视,https://t.freetv.fun/live/zhu-xia-wei-shi-4.m3u8,网络源,https://epg.pw/media/images/channel/2022/05/31/large/20220531153504056322_25.jpg
[BD]宁夏卫视,https://t.freetv.fun/live/zhu-xia-wei-shi-9.m3u8,网络源,https://epg.pw/media/images/channel/2022/05/31/large/20220531153504056322_25.jpg
[VGA]宁夏卫视,https://t.freetv.fun/live/zhu-xia-wei-shi-14.php,网络源,https://epg.pw/media/images/channel/2022/05/31/large/20220531153504056322_25.jpg
[SD]宁夏卫视,https://t.freetv.fun/live/zhu-xia-wei-shi-6.m3u8,网络源,https://epg.pw/media/images/channel/2022/05/31/large/20220531153504056322_25.jpg
[BD]宁夏卫视,https://t.freetv.fun/live/zhu-xia-wei-shi-3.m3u8,网络源,https://epg.pw/media/images/channel/2022/05/31/large/20220531153504056322_25.jpg
[SD]宁夏卫视,https://t.freetv.fun/live/zhu-xia-wei-shi-5.m3u8,网络源,https://epg.pw/media/images/channel/2022/05/31/large/20220531153504056322_25.jpg
[BD]宁夏卫视,https://t.freetv.fun/live/zhu-xia-wei-shi-7.m3u8,网络源,https://epg.pw/media/images/channel/2022/05/31/large/20220531153504056322_25.jpg
[BD]宁夏卫视,https://t.freetv.fun/live/zhu-xia-wei-shi-18.m3u8,网络源,https://epg.pw/media/images/channel/2022/05/31/large/20220531153504056322_25.jpg
[BD]宁夏卫视,https://t.freetv.fun/live/zhu-xia-wei-shi-10.m3u8,网络源,https://epg.pw/media/images/channel/2022/05/31/large/20220531153504056322_25.jpg
[SD]宁夏卫视,https://t.freetv.fun/live/zhu-xia-wei-shi.m3u8,网络源,https://epg.pw/media/images/channel/2022/05/31/large/20220531153504056322_25.jpg
[VGA]宁夏卫视,https://t.freetv.fun/live/zhu-xia-wei-shi-1.m3u8,网络源,https://epg.pw/media/images/channel/2022/05/31/large/20220531153504056322_25.jpg
[VGA]宁夏卫视,https://t.freetv.fun/live/zhu-xia-wei-shi-2.m3u8,网络源,https://epg.pw/media/images/channel/2022/05/31/large/20220531153504056322_25.jpg
[BD]宁夏卫视,https://t.freetv.fun/live/zhu-xia-wei-shi-11.m3u8,网络源,https://epg.pw/media/images/channel/2022/05/31/large/20220531153504056322_25.jpg
[SD]宁夏卫视,https://t.freetv.fun/live/zhu-xia-wei-shi-13.m3u8,网络源,https://epg.pw/media/images/channel/2022/05/31/large/20220531153504056322_25.jpg
[SD]宁夏卫视,https://t.freetv.fun/live/zhu-xia-wei-shi-15.m3u8,网络源,https://epg.pw/media/images/channel/2022/05/31/large/20220531153504056322_25.jpg
[BD]宁夏卫视,https://t.freetv.fun/live/zhu-xia-wei-shi-17.m3u8,网络源,https://epg.pw/media/images/channel/2022/05/31/large/20220531153504056322_25.jpg
[BD]宁夏卫视,https://t.freetv.fun/live/zhu-xia-wei-shi-19.m3u8,网络源,https://epg.pw/media/images/channel/2022/05/31/large/20220531153504056322_25.jpg
[HD]宁夏卫视,https://t.freetv.fun/live/zhu-xia-wei-shi-20.m3u8,网络源,https://epg.pw/media/images/channel/2022/05/31/large/20220531153504056322_25.jpg
[BD]宁夏卫视,https://t.freetv.fun/live/zhu-xia-wei-shi-21.m3u8,网络源,https://epg.pw/media/images/channel/2022/05/31/large/20220531153504056322_25.jpg
[BD]宁夏卫视,https://t.freetv.fun/live/zhu-xia-wei-shi-22.m3u8,网络源,https://epg.pw/media/images/channel/2022/05/31/large/20220531153504056322_25.jpg
[VGA]宁夏卫视,https://t.freetv.fun/live/zhu-xia-wei-shi-23.m3u8,网络源,https://epg.pw/media/images/channel/2022/05/31/large/20220531153504056322_25.jpg
[BD]宁波新闻综合,https://t.freetv.fun/live/zhu-bo-xin-wen-zong-he.m3u8,网络源,https://epg.pw/media/images/channel/2022/08/12/large/20220812220328701004_15.jpg
[VGA]山东卫视,https://t.freetv.fun/live/shan-dong-wei-shi-2.m3u8,网络源,https://epg.pw/media/images/channel/2023/07/19/large/20230719112946432101_81.jpg
[BD]山东卫视,https://t.freetv.fun/live/shan-dong-wei-shi-5.m3u8,网络源,https://epg.pw/media/images/channel/2023/07/19/large/20230719112946432101_81.jpg
[BD]山东卫视,https://t.freetv.fun/live/shan-dong-wei-shi-3.m3u8,网络源,https://epg.pw/media/images/channel/2023/07/19/large/20230719112946432101_81.jpg
[BD]山东卫视,https://t.freetv.fun/live/shan-dong-wei-shi.m3u8,网络源,https://epg.pw/media/images/channel/2023/07/19/large/20230719112946432101_81.jpg
[HD]山东卫视,https://t.freetv.fun/live/shan-dong-wei-shi-1.m3u8,网络源,https://epg.pw/media/images/channel/2023/07/19/large/20230719112946432101_81.jpg
[BD]山东卫视,https://t.freetv.fun/live/shan-dong-wei-shi-4.m3u8,网络源,https://epg.pw/media/images/channel/2023/07/19/large/20230719112946432101_81.jpg
[BD]山东卫视,https://t.freetv.fun/live/shan-dong-wei-shi-6.m3u8,网络源,https://epg.pw/media/images/channel/2023/07/19/large/20230719112946432101_81.jpg
[BD]山东卫视,https://t.freetv.fun/live/shan-dong-wei-shi-7.m3u8,网络源,https://epg.pw/media/images/channel/2023/07/19/large/20230719112946432101_81.jpg
[BD]山东卫视,https://t.freetv.fun/live/shan-dong-wei-shi-8.m3u8,网络源,https://epg.pw/media/images/channel/2023/07/19/large/20230719112946432101_81.jpg
[BD]山东卫视,https://t.freetv.fun/live/shan-dong-wei-shi-9.m3u8,网络源,https://epg.pw/media/images/channel/2023/07/19/large/20230719112946432101_81.jpg
[BD]山东卫视,https://t.freetv.fun/live/shan-dong-wei-shi-11.m3u8,网络源,https://epg.pw/media/images/channel/2023/07/19/large/20230719112946432101_81.jpg
[BD]山东卫视,https://t.freetv.fun/live/shan-dong-wei-shi-12.m3u8,网络源,https://epg.pw/media/images/channel/2023/07/19/large/20230719112946432101_81.jpg
[SD]山东卫视,https://t.freetv.fun/live/shan-dong-wei-shi-13.m3u8,网络源,https://epg.pw/media/images/channel/2023/07/19/large/20230719112946432101_81.jpg
[HD]山东卫视,https://t.freetv.fun/live/shan-dong-wei-shi-15.m3u8,网络源,https://epg.pw/media/images/channel/2023/07/19/large/20230719112946432101_81.jpg
[BD]山东卫视,https://t.freetv.fun/live/shan-dong-wei-shi-18.m3u8,网络源,https://epg.pw/media/images/channel/2023/07/19/large/20230719112946432101_81.jpg
[VGA]山东卫视,https://t.freetv.fun/live/shan-dong-wei-shi-20.m3u8,网络源,https://epg.pw/media/images/channel/2023/07/19/large/20230719112946432101_81.jpg
[BD]山东卫视,https://t.freetv.fun/live/shan-dong-wei-shi-21.m3u8,网络源,https://epg.pw/media/images/channel/2023/07/19/large/20230719112946432101_81.jpg
[BD]山东卫视,https://t.freetv.fun/live/shan-dong-wei-shi-23.m3u8,网络源,https://epg.pw/media/images/channel/2023/07/19/large/20230719112946432101_81.jpg
[VGA]山东卫视,https://t.freetv.fun/live/shan-dong-wei-shi-24.m3u8,网络源,https://epg.pw/media/images/channel/2023/07/19/large/20230719112946432101_81.jpg
[BD]山东卫视,https://t.freetv.fun/live/shan-dong-wei-shi-25.m3u8,网络源,https://epg.pw/media/images/channel/2023/07/19/large/20230719112946432101_81.jpg
[BD]山东卫视,https://t.freetv.fun/live/shan-dong-wei-shi-29.m3u8,网络源,https://epg.pw/media/images/channel/2023/07/19/large/20230719112946432101_81.jpg
[BD]山东卫视,https://t.freetv.fun/live/shan-dong-wei-shi-30.m3u8,网络源,https://epg.pw/media/images/channel/2023/07/19/large/20230719112946432101_81.jpg
[SD]山西卫视,https://t.freetv.fun/live/shan-xi-wei-shi-1.m3u8,网络源,https://epg.pw/media/images/channel/2023/08/04/large/20230804221555254122_47.jpg
[BD]山西卫视,https://t.freetv.fun/live/shan-xi-wei-shi-10.m3u8,网络源,https://epg.pw/media/images/channel/2023/08/04/large/20230804221555254122_47.jpg
[BD]山西卫视,https://t.freetv.fun/live/shan-xi-wei-shi-8-1.m3u8,网络源,https://epg.pw/media/images/channel/2023/08/04/large/20230804221555254122_47.jpg
[SD]山西卫视,https://t.freetv.fun/live/shan-xi-wei-shi-9.m3u8,网络源,https://epg.pw/media/images/channel/2023/08/04/large/20230804221555254122_47.jpg
[BD]山西卫视,https://t.freetv.fun/live/shan-xi-wei-shi-5.m3u8,网络源,https://epg.pw/media/images/channel/2023/08/04/large/20230804221555254122_47.jpg
[HD]山西卫视,https://t.freetv.fun/live/shan-xi-wei-shi-20.m3u8,网络源,https://epg.pw/media/images/channel/2023/08/04/large/20230804221555254122_47.jpg
[SD]山西卫视,https://t.freetv.fun/live/shan-xi-wei-shi-57.m3u8,网络源,https://epg.pw/media/images/channel/2023/08/04/large/20230804221555254122_47.jpg
[HD]山西卫视,https://t.freetv.fun/live/shan-xi-wei-shi-3.m3u8,网络源,https://epg.pw/media/images/channel/2023/08/04/large/20230804221555254122_47.jpg
[HD]山西卫视,https://t.freetv.fun/live/shan-xi-wei-shi-2-1.m3u8,网络源,https://epg.pw/media/images/channel/2023/08/04/large/20230804221555254122_47.jpg
[VGA]山西卫视,https://t.freetv.fun/live/shan-xi-wei-shi-3-2.m3u8,网络源,https://epg.pw/media/images/channel/2023/08/04/large/20230804221555254122_47.jpg
[SD]山西卫视,https://t.freetv.fun/live/shan-xi-wei-shi-4-1.m3u8,网络源,https://epg.pw/media/images/channel/2023/08/04/large/20230804221555254122_47.jpg
[SD]山西卫视,https://t.freetv.fun/live/shan-xi-wei-shi-14.m3u8,网络源,https://epg.pw/media/images/channel/2023/08/04/large/20230804221555254122_47.jpg
[SD]山西卫视,https://t.freetv.fun/live/shan-xi-wei-shi-16-1.m3u8,网络源,https://epg.pw/media/images/channel/2023/08/04/large/20230804221555254122_47.jpg
[BD]山西卫视,https://t.freetv.fun/live/shan-xi-wei-shi-19-1.php,网络源,https://epg.pw/media/images/channel/2023/08/04/large/20230804221555254122_47.jpg
[BD]山西卫视,https://t.freetv.fun/live/shan-xi-wei-shi-24.m3u8,网络源,https://epg.pw/media/images/channel/2023/08/04/large/20230804221555254122_47.jpg
[BD]山西卫视,https://t.freetv.fun/live/shan-xi-wei-shi-25.m3u8,网络源,https://epg.pw/media/images/channel/2023/08/04/large/20230804221555254122_47.jpg
[SD]岭南戏曲,https://t.freetv.fun/live/ling-nan-xi-qu-1.m3u8,网络源,https://epg.pw/media/images/channel/2024/01/14/large/20240114131157979340_60.png
[BD]岭南戏曲,https://t.freetv.fun/live/ling-nan-xi-qu-2.m3u8,网络源,https://epg.pw/media/images/channel/2024/01/14/large/20240114131157979340_60.png
[SD]岭南戏曲,https://t.freetv.fun/live/ling-nan-xi-qu-3.m3u8,网络源,https://epg.pw/media/images/channel/2024/01/14/large/20240114131157979340_60.png
[SD]岭南戏曲,https://t.freetv.fun/live/ling-nan-xi-qu-5.m3u8,网络源,https://epg.pw/media/images/channel/2024/01/14/large/20240114131157979340_60.png
[SD]岭南戏曲,https://t.freetv.fun/live/ling-nan-xi-qu-6.m3u8,网络源,https://epg.pw/media/images/channel/2024/01/14/large/20240114131157979340_60.png
[BD]岭南戏曲,https://t.freetv.fun/live/ling-nan-xi-qu-7.m3u8,网络源,https://epg.pw/media/images/channel/2024/01/14/large/20240114131157979340_60.png
[BD]岭南戏曲,https://t.freetv.fun/live/ling-nan-xi-qu-14.m3u8,网络源,https://epg.pw/media/images/channel/2024/01/14/large/20240114131157979340_60.png
[SD]常山新闻综合,https://t.freetv.fun/live/chang-shan-xin-wen-zong-he.m3u8,网络源,https://epg.pw/media/img/logo/3_308.jpg
[SD]厦门卫视,https://t.freetv.fun/live/sha-men-wei-shi.m3u8,网络源,https://epg.pw/media/images/channel/2022/04/27/large/20220427145557789544_92.jpg
[SD]厦门卫视,https://t.freetv.fun/live/sha-men-wei-shi-5.m3u8,网络源,https://epg.pw/media/images/channel/2022/04/27/large/20220427145557789544_92.jpg
[SD]厦门卫视,https://t.freetv.fun/live/sha-men-wei-shi-2.m3u8,网络源,https://epg.pw/media/images/channel/2022/04/27/large/20220427145557789544_92.jpg
[SD]厦门卫视,https://t.freetv.fun/live/sha-men-wei-shi-3.m3u8,网络源,https://epg.pw/media/images/channel/2022/04/27/large/20220427145557789544_92.jpg
[SD]厦门卫视,https://t.freetv.fun/live/sha-men-wei-shi-4.m3u8,网络源,https://epg.pw/media/images/channel/2022/04/27/large/20220427145557789544_92.jpg
[SD]厦门卫视,https://t.freetv.fun/live/sha-men-wei-shi-6.m3u8,网络源,https://epg.pw/media/images/channel/2022/04/27/large/20220427145557789544_92.jpg
[SD]厦门卫视,https://t.freetv.fun/live/sha-men-wei-shi-7.m3u8,网络源,https://epg.pw/media/images/channel/2022/04/27/large/20220427145557789544_92.jpg
[SD]厦门卫视,https://t.freetv.fun/live/sha-men-wei-shi-9.m3u8,网络源,https://epg.pw/media/images/channel/2022/04/27/large/20220427145557789544_92.jpg
[SD]厦门卫视,https://t.freetv.fun/live/sha-men-wei-shi-12.m3u8,网络源,https://epg.pw/media/images/channel/2022/04/27/large/20220427145557789544_92.jpg
[VGA]广州新闻,https://t.freetv.fun/live/yan-zhou-xin-wen-2.m3u8,网络源,https://epg.pw/media/images/channel/2023/07/21/large/20230721135410645686_37.png
[HD]广州新闻,https://t.freetv.fun/live/yan-zhou-xin-wen-6.m3u8,网络源,https://epg.pw/media/images/channel/2023/07/21/large/20230721135410645686_37.png
[SD]广州新闻,https://t.freetv.fun/live/yan-zhou-xin-wen.m3u8,网络源,https://epg.pw/media/images/channel/2023/07/21/large/20230721135410645686_37.png
[VGA]广州竞赛,https://t.freetv.fun/live/yan-zhou-jing-sai.m3u8,网络源,https://epg.pw/media/images/channel/2023/07/21/large/20230721135340570397_23.png
[BD]经济科教高清,https://t.freetv.fun/live/jing-ji-ke-jiao-gao-qing-23.m3u8,网络源,https://epg.pw/media/images/channel/2020/05/22/large/20200522213230539870_96.png
[BD]经济科教高清,https://t.freetv.fun/live/jing-ji-ke-jiao-gao-qing-24.m3u8,网络源,https://epg.pw/media/images/channel/2020/05/22/large/20200522213230539870_96.png
[BD]经济科教高清,https://t.freetv.fun/live/jing-ji-ke-jiao-gao-qing-25.m3u8,网络源,https://epg.pw/media/images/channel/2020/05/22/large/20200522213230539870_96.png
[BD]经济科教高清,https://t.freetv.fun/live/jing-ji-ke-jiao-gao-qing-26.m3u8,网络源,https://epg.pw/media/images/channel/2020/05/22/large/20200522213230539870_96.png
[BD]经济科教高清,https://t.freetv.fun/live/jing-ji-ke-jiao-gao-qing-27.m3u8,网络源,https://epg.pw/media/images/channel/2020/05/22/large/20200522213230539870_96.png
[BD]经济科教高清,https://t.freetv.fun/live/jing-ji-ke-jiao-gao-qing-28.m3u8,网络源,https://epg.pw/media/images/channel/2020/05/22/large/20200522213230539870_96.png
[BD]经济科教高清,https://t.freetv.fun/live/jing-ji-ke-jiao-gao-qing-29.m3u8,网络源,https://epg.pw/media/images/channel/2020/05/22/large/20200522213230539870_96.png
[BD]经济科教高清,https://t.freetv.fun/live/jing-ji-ke-jiao-gao-qing-30.m3u8,网络源,https://epg.pw/media/images/channel/2020/05/22/large/20200522213230539870_96.png
[HD]广州综合,https://t.freetv.fun/live/yan-zhou-zong-he.php,网络源,https://epg.pw/media/images/channel/2023/07/21/large/20230721135738882605_91.png
[HD]广州综合,https://t.freetv.fun/live/yan-zhou-zong-he-1.m3u8,网络源,https://epg.pw/media/images/channel/2023/07/21/large/20230721135738882605_91.png
[HD]广东4k超高清,https://t.freetv.fun/live/yan-dong-4kchao-gao-qing.m3u8,网络源,https://epg.pw/media/images/channel/2024/01/14/large/20240114131048893907_89.png
[HD]广东4k超高清,https://t.freetv.fun/live/yan-dong-4kchao-gao-qing-1.m3u8,网络源,https://epg.pw/media/images/channel/2024/01/14/large/20240114131048893907_89.png
[HD]广东4k超高清,https://t.freetv.fun/live/yan-dong-4kchao-gao-qing-2.m3u8,网络源,https://epg.pw/media/images/channel/2024/01/14/large/20240114131048893907_89.png
[SD]广东公共,https://t.freetv.fun/live/yan-dong-gong-gong.m3u8,网络源,https://epg.pw/media/images/channel/2023/12/26/large/20231226205441024635_70.png
[BD]广东少儿,https://t.freetv.fun/live/yan-dong-shao-er.m3u8,网络源,https://epg.pw/media/images/channel/2023/07/21/large/20230721133553685102_74.png
[BD]广东少儿,https://t.freetv.fun/live/yan-dong-shao-er-1.m3u8,网络源,https://epg.pw/media/images/channel/2023/07/21/large/20230721133553685102_74.png
[BD]广东少儿,https://t.freetv.fun/live/yan-dong-shao-er-2.m3u8,网络源,https://epg.pw/media/images/channel/2023/07/21/large/20230721133553685102_74.png
[HD]广东少儿,https://t.freetv.fun/live/yan-dong-shao-er-3.m3u8,网络源,https://epg.pw/media/images/channel/2023/07/21/large/20230721133553685102_74.png
[BD]广东少儿,https://t.freetv.fun/live/yan-dong-shao-er-4.m3u8,网络源,https://epg.pw/media/images/channel/2023/07/21/large/20230721133553685102_74.png
[BD]广东少儿,https://t.freetv.fun/live/yan-dong-shao-er-5.m3u8,网络源,https://epg.pw/media/images/channel/2023/07/21/large/20230721133553685102_74.png
[BD]广东少儿,https://t.freetv.fun/live/yan-dong-shao-er-7.m3u8,网络源,https://epg.pw/media/images/channel/2023/07/21/large/20230721133553685102_74.png
[BD]广东少儿,https://t.freetv.fun/live/yan-dong-shao-er-8.m3u8,网络源,https://epg.pw/media/images/channel/2023/07/21/large/20230721133553685102_74.png
[VGA]广东少儿,https://t.freetv.fun/live/yan-dong-shao-er-9.m3u8,网络源,https://epg.pw/media/images/channel/2023/07/21/large/20230721133553685102_74.png
[VGA]广东少儿,https://t.freetv.fun/live/yan-dong-shao-er-10.m3u8,网络源,https://epg.pw/media/images/channel/2023/07/21/large/20230721133553685102_74.png
[VGA]广东少儿,https://t.freetv.fun/live/yan-dong-shao-er-14.m3u8,网络源,https://epg.pw/media/images/channel/2023/07/21/large/20230721133553685102_74.png
[VGA]广东少儿,https://t.freetv.fun/live/yan-dong-shao-er-24.m3u8,网络源,https://epg.pw/media/images/channel/2023/07/21/large/20230721133553685102_74.png
[BD]广东少儿高清,https://t.freetv.fun/live/yan-dong-shao-er-gao-qing-22.m3u8,网络源,https://epg.pw/media/images/channel/2023/07/21/large/20230721133553685102_74.png
[BD]广东少儿高清,https://t.freetv.fun/live/yan-dong-shao-er-gao-qing-24.m3u8,网络源,https://epg.pw/media/images/channel/2023/07/21/large/20230721133553685102_74.png
[BD]广东少儿高清,https://t.freetv.fun/live/yan-dong-shao-er-gao-qing-27.m3u8,网络源,https://epg.pw/media/images/channel/2023/07/21/large/20230721133553685102_74.png
[BD]广东少儿高清,https://t.freetv.fun/live/yan-dong-shao-er-gao-qing-28.m3u8,网络源,https://epg.pw/media/images/channel/2023/07/21/large/20230721133553685102_74.png
[HD]广东少儿,https://t.freetv.fun/live/yan-dong-shao-er-26.m3u8,网络源,https://epg.pw/media/images/channel/2023/07/21/large/20230721133553685102_74.png
[HD]广东少儿,https://t.freetv.fun/live/yan-dong-shao-er-27.m3u8,网络源,https://epg.pw/media/images/channel/2023/07/21/large/20230721133553685102_74.png
[HD]广东少儿,https://t.freetv.fun/live/yan-dong-shao-er-28.m3u8,网络源,https://epg.pw/media/images/channel/2023/07/21/large/20230721133553685102_74.png
[BD]广东少儿高清,https://t.freetv.fun/live/yan-dong-shao-er-gao-qing-31.m3u8,网络源,https://epg.pw/media/images/channel/2023/07/21/large/20230721133553685102_74.png
[BD]广东少儿高清,https://t.freetv.fun/live/yan-dong-shao-er-gao-qing.m3u8,网络源,https://epg.pw/media/images/channel/2023/12/26/large/20231226205555048307_40.png
[BD]广东少儿高清,https://t.freetv.fun/live/yan-dong-shao-er-gao-qing-1.m3u8,网络源,https://epg.pw/media/images/channel/2023/12/26/large/20231226205555048307_40.png
[BD]广东少儿高清,https://t.freetv.fun/live/yan-dong-shao-er-gao-qing-2.m3u8,网络源,https://epg.pw/media/images/channel/2023/12/26/large/20231226205555048307_40.png
[BD]广东少儿高清,https://t.freetv.fun/live/yan-dong-shao-er-gao-qing-3.m3u8,网络源,https://epg.pw/media/images/channel/2023/12/26/large/20231226205555048307_40.png
[BD]广东少儿高清,https://t.freetv.fun/live/yan-dong-shao-er-gao-qing-4.m3u8,网络源,https://epg.pw/media/images/channel/2023/12/26/large/20231226205555048307_40.png
[BD]广东少儿高清,https://t.freetv.fun/live/yan-dong-shao-er-gao-qing-5.m3u8,网络源,https://epg.pw/media/images/channel/2023/12/26/large/20231226205555048307_40.png
[BD]广东少儿高清,https://t.freetv.fun/live/yan-dong-shao-er-gao-qing-6.m3u8,网络源,https://epg.pw/media/images/channel/2023/12/26/large/20231226205555048307_40.png
[BD]广东少儿高清,https://t.freetv.fun/live/yan-dong-shao-er-gao-qing-7.m3u8,网络源,https://epg.pw/media/images/channel/2023/12/26/large/20231226205555048307_40.png
[BD]广东少儿高清,https://t.freetv.fun/live/yan-dong-shao-er-gao-qing-8.m3u8,网络源,https://epg.pw/media/images/channel/2023/12/26/large/20231226205555048307_40.png
[BD]广东少儿高清,https://t.freetv.fun/live/yan-dong-shao-er-gao-qing-9.m3u8,网络源,https://epg.pw/media/images/channel/2023/12/26/large/20231226205555048307_40.png
[VGA]广东少儿高清,https://t.freetv.fun/live/yan-dong-shao-er-gao-qing-10.m3u8,网络源,https://epg.pw/media/images/channel/2023/12/26/large/20231226205555048307_40.png
[BD]广东少儿高清,https://t.freetv.fun/live/yan-dong-shao-er-gao-qing-11.m3u8,网络源,https://epg.pw/media/images/channel/2023/12/26/large/20231226205555048307_40.png
[VGA]广东少儿高清,https://t.freetv.fun/live/yan-dong-shao-er-gao-qing-12.m3u8,网络源,https://epg.pw/media/images/channel/2023/12/26/large/20231226205555048307_40.png
[BD]广东少儿高清,https://t.freetv.fun/live/yan-dong-shao-er-gao-qing-13.m3u8,网络源,https://epg.pw/media/images/channel/2023/12/26/large/20231226205555048307_40.png
[VGA]广东少儿高清,https://t.freetv.fun/live/yan-dong-shao-er-gao-qing-14.m3u8,网络源,https://epg.pw/media/images/channel/2023/12/26/large/20231226205555048307_40.png
[VGA]广东少儿高清,https://t.freetv.fun/live/yan-dong-shao-er-gao-qing-15.m3u8,网络源,https://epg.pw/media/images/channel/2023/12/26/large/20231226205555048307_40.png
[VGA]广东少儿高清,https://t.freetv.fun/live/yan-dong-shao-er-gao-qing-17.m3u8,网络源,https://epg.pw/media/images/channel/2023/12/26/large/20231226205555048307_40.png
[VGA]广东少儿高清,https://t.freetv.fun/live/yan-dong-shao-er-gao-qing-21.m3u8,网络源,https://epg.pw/media/images/channel/2023/12/26/large/20231226205555048307_40.png
[BD]广东影视,https://t.freetv.fun/live/yan-dong-ying-shi-5.m3u8,网络源,https://epg.pw/media/images/channel/2024/01/14/large/20240114130217262909_90.png
[VGA]广东影视,https://t.freetv.fun/live/yan-dong-ying-shi.m3u8,网络源,https://epg.pw/media/images/channel/2024/01/14/large/20240114130217262909_90.png
[BD]广东影视,https://t.freetv.fun/live/yan-dong-ying-shi-1.m3u8,网络源,https://epg.pw/media/images/channel/2024/01/14/large/20240114130217262909_90.png
[BD]广东影视,https://t.freetv.fun/live/yan-dong-ying-shi-2.m3u8,网络源,https://epg.pw/media/images/channel/2024/01/14/large/20240114130217262909_90.png
[BD]广东影视,https://t.freetv.fun/live/yan-dong-ying-shi-3.m3u8,网络源,https://epg.pw/media/images/channel/2024/01/14/large/20240114130217262909_90.png
[VGA]广东影视,https://t.freetv.fun/live/yan-dong-ying-shi-4.m3u8,网络源,https://epg.pw/media/images/channel/2024/01/14/large/20240114130217262909_90.png
[HD]广东影视,https://t.freetv.fun/live/yan-dong-ying-shi-6.php,网络源,https://epg.pw/media/images/channel/2024/01/14/large/20240114130217262909_90.png
[BD]广东影视,https://t.freetv.fun/live/yan-dong-ying-shi-8.m3u8,网络源,https://epg.pw/media/images/channel/2024/01/14/large/20240114130217262909_90.png
[BD]广东影视,https://t.freetv.fun/live/yan-dong-ying-shi-20.m3u8,网络源,https://epg.pw/media/images/channel/2024/01/14/large/20240114130217262909_90.png
[BD]广东影视高清,https://t.freetv.fun/live/yan-dong-ying-shi-gao-qing.m3u8,网络源,https://epg.pw/media/images/channel/2023/12/26/large/20231226205507462932_79.png
[BD]广东影视高清,https://t.freetv.fun/live/yan-dong-ying-shi-gao-qing-1.m3u8,网络源,https://epg.pw/media/images/channel/2023/12/26/large/20231226205507462932_79.png
[BD]广东影视高清,https://t.freetv.fun/live/yan-dong-ying-shi-gao-qing-2.m3u8,网络源,https://epg.pw/media/images/channel/2023/12/26/large/20231226205507462932_79.png
[BD]广东影视高清,https://t.freetv.fun/live/yan-dong-ying-shi-gao-qing-3.m3u8,网络源,https://epg.pw/media/images/channel/2023/12/26/large/20231226205507462932_79.png
[BD]广东影视高清,https://t.freetv.fun/live/yan-dong-ying-shi-gao-qing-4.m3u8,网络源,https://epg.pw/media/images/channel/2023/12/26/large/20231226205507462932_79.png
[BD]广东影视高清,https://t.freetv.fun/live/yan-dong-ying-shi-gao-qing-5.m3u8,网络源,https://epg.pw/media/images/channel/2023/12/26/large/20231226205507462932_79.png
[BD]广东影视高清,https://t.freetv.fun/live/yan-dong-ying-shi-gao-qing-6.m3u8,网络源,https://epg.pw/media/images/channel/2023/12/26/large/20231226205507462932_79.png
[BD]广东影视高清,https://t.freetv.fun/live/yan-dong-ying-shi-gao-qing-7.m3u8,网络源,https://epg.pw/media/images/channel/2023/12/26/large/20231226205507462932_79.png
[BD]广东影视高清,https://t.freetv.fun/live/yan-dong-ying-shi-gao-qing-8.m3u8,网络源,https://epg.pw/media/images/channel/2023/12/26/large/20231226205507462932_79.png
[BD]广东影视高清,https://t.freetv.fun/live/yan-dong-ying-shi-gao-qing-10.m3u8,网络源,https://epg.pw/media/images/channel/2023/12/26/large/20231226205507462932_79.png
[BD]广东影视高清,https://t.freetv.fun/live/yan-dong-ying-shi-gao-qing-11.m3u8,网络源,https://epg.pw/media/images/channel/2023/12/26/large/20231226205507462932_79.png
[BD]广东影视高清,https://t.freetv.fun/live/yan-dong-ying-shi-gao-qing-12.m3u8,网络源,https://epg.pw/media/images/channel/2023/12/26/large/20231226205507462932_79.png
[BD]广东影视高清,https://t.freetv.fun/live/yan-dong-ying-shi-gao-qing-13.m3u8,网络源,https://epg.pw/media/images/channel/2023/12/26/large/20231226205507462932_79.png
[VGA]广东影视高清,https://t.freetv.fun/live/yan-dong-ying-shi-gao-qing-14.m3u8,网络源,https://epg.pw/media/images/channel/2023/12/26/large/20231226205507462932_79.png
[VGA]广东影视高清,https://t.freetv.fun/live/yan-dong-ying-shi-gao-qing-15.m3u8,网络源,https://epg.pw/media/images/channel/2023/12/26/large/20231226205507462932_79.png
[VGA]广东影视高清,https://t.freetv.fun/live/yan-dong-ying-shi-gao-qing-17.m3u8,网络源,https://epg.pw/media/images/channel/2023/12/26/large/20231226205507462932_79.png
[VGA]广东影视高清,https://t.freetv.fun/live/yan-dong-ying-shi-gao-qing-21.m3u8,网络源,https://epg.pw/media/images/channel/2023/12/26/large/20231226205507462932_79.png
[VGA]广东影视高清,https://t.freetv.fun/live/yan-dong-ying-shi-gao-qing-24.m3u8,网络源,https://epg.pw/media/images/channel/2023/12/26/large/20231226205507462932_79.png
[BD]广东影视高清,https://t.freetv.fun/live/yan-dong-ying-shi-gao-qing-25.m3u8,网络源,https://epg.pw/media/images/channel/2023/12/26/large/20231226205507462932_79.png
[BD]广东影视高清,https://t.freetv.fun/live/yan-dong-ying-shi-gao-qing-26.m3u8,网络源,https://epg.pw/media/images/channel/2023/12/26/large/20231226205507462932_79.png
[BD]广东影视高清,https://t.freetv.fun/live/yan-dong-ying-shi-gao-qing-27.m3u8,网络源,https://epg.pw/media/images/channel/2023/12/26/large/20231226205507462932_79.png
[BD]广东影视高清,https://t.freetv.fun/live/yan-dong-ying-shi-gao-qing-29.m3u8,网络源,https://epg.pw/media/images/channel/2023/12/26/large/20231226205507462932_79.png
[BD]广东影视高清,https://t.freetv.fun/live/yan-dong-ying-shi-gao-qing-30.m3u8,网络源,https://epg.pw/media/images/channel/2023/12/26/large/20231226205507462932_79.png
[BD]广东影视高清,https://t.freetv.fun/live/yan-dong-ying-shi-gao-qing-31.m3u8,网络源,https://epg.pw/media/images/channel/2023/12/26/large/20231226205507462932_79.png
[BD]广东影视高清,https://t.freetv.fun/live/yan-dong-ying-shi-gao-qing-32.m3u8,网络源,https://epg.pw/media/images/channel/2023/12/26/large/20231226205507462932_79.png
[HD]广东新闻,https://t.freetv.fun/live/yan-dong-xin-wen-10.m3u8,网络源,https://epg.pw/media/images/channel/2024/01/14/large/20240114131740840005_79.png
[BD]广东新闻,https://t.freetv.fun/live/yan-dong-xin-wen-1.m3u8,网络源,https://epg.pw/media/images/channel/2024/01/14/large/20240114131740840005_79.png
[BD]广东新闻,https://t.freetv.fun/live/yan-dong-xin-wen-2.m3u8,网络源,https://epg.pw/media/images/channel/2024/01/14/large/20240114131740840005_79.png
[SD]广东新闻,https://t.freetv.fun/live/yan-dong-xin-wen-3.m3u8,网络源,https://epg.pw/media/images/channel/2024/01/14/large/20240114131740840005_79.png
[HD]广东新闻,https://t.freetv.fun/live/yan-dong-xin-wen-5.m3u8,网络源,https://epg.pw/media/images/channel/2024/01/14/large/20240114131740840005_79.png
[HD]广东新闻,https://t.freetv.fun/live/yan-dong-xin-wen-7.m3u8,网络源,https://epg.pw/media/images/channel/2024/01/14/large/20240114131740840005_79.png
[HD]广东新闻,https://t.freetv.fun/live/yan-dong-xin-wen-8.m3u8,网络源,https://epg.pw/media/images/channel/2024/01/14/large/20240114131740840005_79.png
[VGA]广东新闻,https://t.freetv.fun/live/yan-dong-xin-wen-9.m3u8,网络源,https://epg.pw/media/images/channel/2024/01/14/large/20240114131740840005_79.png
[VGA]广东新闻,https://t.freetv.fun/live/yan-dong-xin-wen-11.m3u8,网络源,https://epg.pw/media/images/channel/2024/01/14/large/20240114131740840005_79.png
[HD]广东新闻,https://t.freetv.fun/live/yan-dong-xin-wen-12.m3u8,网络源,https://epg.pw/media/images/channel/2024/01/14/large/20240114131740840005_79.png
[BD]广东新闻,https://t.freetv.fun/live/yan-dong-xin-wen-26.m3u8,网络源,https://epg.pw/media/images/channel/2024/01/14/large/20240114131740840005_79.png
[BD]广东新闻高清,https://t.freetv.fun/live/yan-dong-xin-wen-gao-qing-2.m3u8,网络源,https://epg.pw/media/images/channel/2023/12/26/large/20231226205535927295_17.png
[BD]广东新闻高清,https://t.freetv.fun/live/yan-dong-xin-wen-gao-qing-3.m3u8,网络源,https://epg.pw/media/images/channel/2023/12/26/large/20231226205535927295_17.png
[BD]广东新闻高清,https://t.freetv.fun/live/yan-dong-xin-wen-gao-qing-6.m3u8,网络源,https://epg.pw/media/images/channel/2023/12/26/large/20231226205535927295_17.png
[BD]广东新闻高清,https://t.freetv.fun/live/yan-dong-xin-wen-gao-qing-7.m3u8,网络源,https://epg.pw/media/images/channel/2023/12/26/large/20231226205535927295_17.png
[BD]广东新闻高清,https://t.freetv.fun/live/yan-dong-xin-wen-gao-qing-11.m3u8,网络源,https://epg.pw/media/images/channel/2023/12/26/large/20231226205535927295_17.png
[VGA]广东新闻高清,https://t.freetv.fun/live/yan-dong-xin-wen-gao-qing-14.m3u8,网络源,https://epg.pw/media/images/channel/2023/12/26/large/20231226205535927295_17.png
[BD]广东新闻高清,https://t.freetv.fun/live/yan-dong-xin-wen-gao-qing-28.m3u8,网络源,https://epg.pw/media/images/channel/2023/12/26/large/20231226205535927295_17.png
[BD]广东新闻高清,https://t.freetv.fun/live/yan-dong-xin-wen-gao-qing-29.m3u8,网络源,https://epg.pw/media/images/channel/2023/12/26/large/20231226205535927295_17.png
[BD]广东新闻高清,https://t.freetv.fun/live/yan-dong-xin-wen-gao-qing-30.m3u8,网络源,https://epg.pw/media/images/channel/2023/12/26/large/20231226205535927295_17.png
[BD]广东新闻高清,https://t.freetv.fun/live/yan-dong-xin-wen-gao-qing-31.m3u8,网络源,https://epg.pw/media/images/channel/2023/12/26/large/20231226205535927295_17.png
[BD]广东民生,https://t.freetv.fun/live/yan-dong-min-sheng.m3u8,网络源,https://epg.pw/media/images/channel/2023/03/13/large/20230313162507210771_64.jpeg
[HD]广东民生,https://t.freetv.fun/live/yan-dong-min-sheng-3.m3u8,网络源,https://epg.pw/media/images/channel/2024/01/14/large/20240114130544678105_94.png
[BD]广东民生,https://t.freetv.fun/live/yan-dong-min-sheng-1.m3u8,网络源,https://epg.pw/media/images/channel/2024/01/14/large/20240114130544678105_94.png
[HD]广东民生,https://t.freetv.fun/live/yan-dong-min-sheng-5.m3u8,网络源,https://epg.pw/media/images/channel/2024/01/14/large/20240114130544678105_94.png
[BD]广东民生,https://t.freetv.fun/live/yan-dong-min-sheng-7.m3u8,网络源,https://epg.pw/media/images/channel/2024/01/14/large/20240114130544678105_94.png
[VGA]广东民生,https://t.freetv.fun/live/yan-dong-min-sheng-9.m3u8,网络源,https://epg.pw/media/images/channel/2024/01/14/large/20240114130544678105_94.png
[VGA]广东民生,https://t.freetv.fun/live/yan-dong-min-sheng-10.m3u8,网络源,https://epg.pw/media/images/channel/2024/01/14/large/20240114130544678105_94.png
[VGA]广东民生,https://t.freetv.fun/live/yan-dong-min-sheng-11.m3u8,网络源,https://epg.pw/media/images/channel/2024/01/14/large/20240114130544678105_94.png
[BD]广东民生,https://t.freetv.fun/live/yan-dong-min-sheng-12.m3u8,网络源,https://epg.pw/media/images/channel/2024/01/14/large/20240114130544678105_94.png
[BD]广东民生高清,https://t.freetv.fun/live/yan-dong-min-sheng-gao-qing.m3u8,网络源,https://epg.pw/media/images/channel/2024/01/14/large/20240114130544678105_94.png
[BD]广东民生高清,https://t.freetv.fun/live/yan-dong-min-sheng-gao-qing-1.m3u8,网络源,https://epg.pw/media/images/channel/2024/01/14/large/20240114130544678105_94.png
[BD]广东民生高清,https://t.freetv.fun/live/yan-dong-min-sheng-gao-qing-2.m3u8,网络源,https://epg.pw/media/images/channel/2024/01/14/large/20240114130544678105_94.png
[BD]广东民生高清,https://t.freetv.fun/live/yan-dong-min-sheng-gao-qing-6.m3u8,网络源,https://epg.pw/media/images/channel/2024/01/14/large/20240114130544678105_94.png
[BD]广东民生高清,https://t.freetv.fun/live/yan-dong-min-sheng-gao-qing-8.m3u8,网络源,https://epg.pw/media/images/channel/2024/01/14/large/20240114130544678105_94.png
[VGA]广东民生高清,https://t.freetv.fun/live/yan-dong-min-sheng-gao-qing-9.m3u8,网络源,https://epg.pw/media/images/channel/2024/01/14/large/20240114130544678105_94.png
[BD]广东民生高清,https://t.freetv.fun/live/yan-dong-min-sheng-gao-qing-11.m3u8,网络源,https://epg.pw/media/images/channel/2024/01/14/large/20240114130544678105_94.png
[VGA]广东民生高清,https://t.freetv.fun/live/yan-dong-min-sheng-gao-qing-12.m3u8,网络源,https://epg.pw/media/images/channel/2024/01/14/large/20240114130544678105_94.png
[BD]广东民生高清,https://t.freetv.fun/live/yan-dong-min-sheng-gao-qing-13.m3u8,网络源,https://epg.pw/media/images/channel/2024/01/14/large/20240114130544678105_94.png
[VGA]广东民生高清,https://t.freetv.fun/live/yan-dong-min-sheng-gao-qing-15.m3u8,网络源,https://epg.pw/media/images/channel/2024/01/14/large/20240114130544678105_94.png
[VGA]广东民生高清,https://t.freetv.fun/live/yan-dong-min-sheng-gao-qing-17.m3u8,网络源,https://epg.pw/media/images/channel/2024/01/14/large/20240114130544678105_94.png
[VGA]广东民生高清,https://t.freetv.fun/live/yan-dong-min-sheng-gao-qing-18.m3u8,网络源,https://epg.pw/media/images/channel/2024/01/14/large/20240114130544678105_94.png
[VGA]广东民生高清,https://t.freetv.fun/live/yan-dong-min-sheng-gao-qing-19.m3u8,网络源,https://epg.pw/media/images/channel/2024/01/14/large/20240114130544678105_94.png
[BD]广东民生高清,https://t.freetv.fun/live/yan-dong-min-sheng-gao-qing-25.m3u8,网络源,https://epg.pw/media/images/channel/2024/01/14/large/20240114130544678105_94.png
[BD]广东民生高清,https://t.freetv.fun/live/yan-dong-min-sheng-gao-qing-26.m3u8,网络源,https://epg.pw/media/images/channel/2024/01/14/large/20240114130544678105_94.png
[BD]广东民生高清,https://t.freetv.fun/live/yan-dong-min-sheng-gao-qing-30.m3u8,网络源,https://epg.pw/media/images/channel/2024/01/14/large/20240114130544678105_94.png
[BD]广东民生高清,https://t.freetv.fun/live/yan-dong-min-sheng-gao-qing-31.m3u8,网络源,https://epg.pw/media/images/channel/2024/01/14/large/20240114130544678105_94.png
[BD]广东珠江,https://t.freetv.fun/live/yan-dong-zhu-jiang.m3u8,网络源,https://epg.pw/media/images/channel/2025/01/28/large/20250128060916282738_90.png
[SD]广东珠江,https://t.freetv.fun/live/yan-dong-zhu-jiang-1.m3u8,网络源,https://epg.pw/media/images/channel/2025/01/28/large/20250128060916282738_90.png
[BD]广东珠江,https://t.freetv.fun/live/yan-dong-zhu-jiang-2.m3u8,网络源,https://epg.pw/media/images/channel/2025/01/28/large/20250128060916282738_90.png
[BD]广东珠江,https://t.freetv.fun/live/yan-dong-zhu-jiang-6.m3u8,网络源,https://epg.pw/media/images/channel/2025/01/28/large/20250128060916282738_90.png
[BD]广东珠江,https://t.freetv.fun/live/yan-dong-zhu-jiang-19.m3u8,网络源,https://epg.pw/media/images/channel/2024/02/04/large/20240204144739284792_38.png
[HD]广东珠江,https://t.freetv.fun/live/yan-dong-zhu-jiang-20.m3u8,网络源,https://epg.pw/media/images/channel/2024/02/04/large/20240204144739284792_38.png
[BD]广东珠江,https://t.freetv.fun/live/yan-dong-zhu-jiang-3.m3u8,网络源,https://epg.pw/media/images/channel/2024/02/04/large/20240204144739284792_38.png
[VGA]广东珠江,https://t.freetv.fun/live/yan-dong-zhu-jiang-4.m3u8,网络源,https://epg.pw/media/images/channel/2024/02/04/large/20240204144739284792_38.png
[SD]广东珠江,https://t.freetv.fun/live/yan-dong-zhu-jiang-8.m3u8,网络源,https://epg.pw/media/images/channel/2024/02/04/large/20240204144739284792_38.png
[HD]广东珠江,https://t.freetv.fun/live/yan-dong-zhu-jiang-10.m3u8,网络源,https://epg.pw/media/images/channel/2024/02/04/large/20240204144739284792_38.png
[VGA]广东珠江,https://t.freetv.fun/live/yan-dong-zhu-jiang-11.m3u8,网络源,https://epg.pw/media/images/channel/2024/02/04/large/20240204144739284792_38.png
[HD]广东珠江,https://t.freetv.fun/live/yan-dong-zhu-jiang-13.m3u8,网络源,https://epg.pw/media/images/channel/2024/02/04/large/20240204144739284792_38.png
[BD]广东珠江,https://t.freetv.fun/live/yan-dong-zhu-jiang-14.m3u8,网络源,https://epg.pw/media/images/channel/2024/02/04/large/20240204144739284792_38.png
[VGA]广东珠江,https://t.freetv.fun/live/yan-dong-zhu-jiang-15.m3u8,网络源,https://epg.pw/media/images/channel/2024/02/04/large/20240204144739284792_38.png
[VGA]广东珠江,https://t.freetv.fun/live/yan-dong-zhu-jiang-16.m3u8,网络源,https://epg.pw/media/images/channel/2024/02/04/large/20240204144739284792_38.png
[BD]广东珠江,https://t.freetv.fun/live/yan-dong-zhu-jiang-17.m3u8,网络源,https://epg.pw/media/images/channel/2024/02/04/large/20240204144739284792_38.png
[VGA]广东珠江,https://t.freetv.fun/live/yan-dong-zhu-jiang-18.m3u8,网络源,https://epg.pw/media/images/channel/2024/02/04/large/20240204144739284792_38.png
[SD]广东珠江,https://t.freetv.fun/live/yan-dong-zhu-jiang-21.m3u8,网络源,https://epg.pw/media/images/channel/2024/02/04/large/20240204144739284792_38.png
[BD]广东珠江高清,https://t.freetv.fun/live/yan-dong-zhu-jiang-gao-qing.m3u8,网络源,https://epg.pw/media/images/channel/2024/02/04/large/20240204144739284792_38.png
[BD]广东珠江高清,https://t.freetv.fun/live/yan-dong-zhu-jiang-gao-qing-2.m3u8,网络源,https://epg.pw/media/images/channel/2024/02/04/large/20240204144739284792_38.png
[BD]广东珠江高清,https://t.freetv.fun/live/yan-dong-zhu-jiang-gao-qing-4.m3u8,网络源,https://epg.pw/media/images/channel/2024/02/04/large/20240204144739284792_38.png
[BD]广东珠江高清,https://t.freetv.fun/live/yan-dong-zhu-jiang-gao-qing-6.m3u8,网络源,https://epg.pw/media/images/channel/2024/02/04/large/20240204144739284792_38.png
[BD]广东珠江高清,https://t.freetv.fun/live/yan-dong-zhu-jiang-gao-qing-7.m3u8,网络源,https://epg.pw/media/images/channel/2024/02/04/large/20240204144739284792_38.png
[BD]广东珠江高清,https://t.freetv.fun/live/yan-dong-zhu-jiang-gao-qing-8.m3u8,网络源,https://epg.pw/media/images/channel/2024/02/04/large/20240204144739284792_38.png
[BD]广东珠江高清,https://t.freetv.fun/live/yan-dong-zhu-jiang-gao-qing-9.m3u8,网络源,https://epg.pw/media/images/channel/2024/02/04/large/20240204144739284792_38.png
[BD]广东珠江高清,https://t.freetv.fun/live/yan-dong-zhu-jiang-gao-qing-10.m3u8,网络源,https://epg.pw/media/images/channel/2024/02/04/large/20240204144739284792_38.png
[BD]广东珠江高清,https://t.freetv.fun/live/yan-dong-zhu-jiang-gao-qing-11.m3u8,网络源,https://epg.pw/media/images/channel/2024/02/04/large/20240204144739284792_38.png
[BD]广东珠江高清,https://t.freetv.fun/live/yan-dong-zhu-jiang-gao-qing-12.m3u8,网络源,https://epg.pw/media/images/channel/2024/02/04/large/20240204144739284792_38.png
[VGA]广东珠江高清,https://t.freetv.fun/live/yan-dong-zhu-jiang-gao-qing-16.m3u8,网络源,https://epg.pw/media/images/channel/2024/02/04/large/20240204144739284792_38.png
[BD]广东珠江高清,https://t.freetv.fun/live/yan-dong-zhu-jiang-gao-qing-22.m3u8,网络源,https://epg.pw/media/images/channel/2024/02/04/large/20240204144739284792_38.png
[BD]广东珠江高清,https://t.freetv.fun/live/yan-dong-zhu-jiang-gao-qing-24.m3u8,网络源,https://epg.pw/media/images/channel/2024/02/04/large/20240204144739284792_38.png
[BD]广东珠江高清,https://t.freetv.fun/live/yan-dong-zhu-jiang-gao-qing-25.m3u8,网络源,https://epg.pw/media/images/channel/2024/02/04/large/20240204144739284792_38.png
[HD]广东珠江,https://t.freetv.fun/live/yan-dong-zhu-jiang-24.m3u8,网络源,https://epg.pw/media/images/channel/2024/02/04/large/20240204144739284792_38.png
[HD]广东珠江,https://t.freetv.fun/live/yan-dong-zhu-jiang-25.m3u8,网络源,https://epg.pw/media/images/channel/2024/02/04/large/20240204144739284792_38.png
[BD]广东珠江,https://t.freetv.fun/live/yan-dong-zhu-jiang-27.m3u8,网络源,https://epg.pw/media/images/channel/2024/02/04/large/20240204144739284792_38.png
[BD]广东珠江高清,https://t.freetv.fun/live/yan-dong-zhu-jiang-gao-qing-28.m3u8,网络源,https://epg.pw/media/images/channel/2024/02/04/large/20240204144739284792_38.png
[BD]广东珠江高清,https://t.freetv.fun/live/yan-dong-zhu-jiang-gao-qing-29.m3u8,网络源,https://epg.pw/media/images/channel/2024/02/04/large/20240204144739284792_38.png
[HD]广东移动,https://t.freetv.fun/live/yan-dong-yi-dong.m3u8,网络源,https://epg.pw/media/images/channel/2023/07/21/large/20230721133240810400_64.png
[HD]广东移动,https://t.freetv.fun/live/yan-dong-yi-dong-1.m3u8,网络源,https://epg.pw/media/images/channel/2023/07/21/large/20230721133240810400_64.png
[HD]广东移动,https://t.freetv.fun/live/yan-dong-yi-dong-2.m3u8,网络源,https://epg.pw/media/images/channel/2023/07/21/large/20230721133240810400_64.png
[HD]广东移动,https://t.freetv.fun/live/yan-dong-yi-dong-3.m3u8,网络源,https://epg.pw/media/images/channel/2023/07/21/large/20230721133240810400_64.png
[BD]广东经济科教,https://t.freetv.fun/live/yan-dong-jing-ji-ke-jiao-14.m3u8,网络源,https://epg.pw/media/images/channel/2024/01/11/large/20240111224501741507_16.png
[BD]广东综艺,https://t.freetv.fun/live/yan-dong-zong-yi-2.m3u8,网络源,https://epg.pw/media/images/channel/2023/07/19/large/20230719064646595865_81.jpg
[VGA]广东综艺,https://t.freetv.fun/live/yan-dong-zong-yi-3.m3u8,网络源,https://epg.pw/media/images/channel/2023/07/19/large/20230719064646595865_81.jpg
[BD]广东卫视,https://t.freetv.fun/live/yan-dong-wei-shi.m3u8,网络源,https://epg.pw/media/images/channel/2024/01/11/large/20240111225144968877_94.png
[BD]广东卫视,https://t.freetv.fun/live/yan-dong-wei-shi-8.m3u8,网络源,https://epg.pw/media/images/channel/2024/01/11/large/20240111225144968877_94.png
[BD]广东卫视,https://t.freetv.fun/live/yan-dong-wei-shi-16.m3u8,网络源,https://epg.pw/media/images/channel/2024/01/11/large/20240111225144968877_94.png
[BD]广东卫视,https://t.freetv.fun/live/yan-dong-wei-shi-20.m3u8,网络源,https://epg.pw/media/images/channel/2024/01/11/large/20240111225144968877_94.png
[BD]广东卫视,https://t.freetv.fun/live/yan-dong-wei-shi-6.m3u8,网络源,https://epg.pw/media/images/channel/2024/01/11/large/20240111225144968877_94.png
[BD]广东卫视,https://t.freetv.fun/live/yan-dong-wei-shi-9.m3u8,网络源,https://epg.pw/media/images/channel/2024/01/11/large/20240111225144968877_94.png
[HD]广东卫视,https://t.freetv.fun/live/yan-dong-wei-shi-18.m3u8,网络源,https://epg.pw/media/images/channel/2024/01/11/large/20240111225144968877_94.png
[BD]广东卫视,https://t.freetv.fun/live/yan-dong-wei-shi-22.m3u8,网络源,https://epg.pw/media/images/channel/2024/01/11/large/20240111225144968877_94.png
[BD]广东卫视,https://t.freetv.fun/live/yan-dong-wei-shi-25.m3u8,网络源,https://epg.pw/media/images/channel/2024/01/11/large/20240111225144968877_94.png
[BD]广东卫视,https://t.freetv.fun/live/yan-dong-wei-shi-28.m3u8,网络源,https://epg.pw/media/images/channel/2024/01/11/large/20240111225144968877_94.png
[BD]广东卫视,https://t.freetv.fun/live/yan-dong-wei-shi-1.m3u8,网络源,https://epg.pw/media/images/channel/2024/01/11/large/20240111225144968877_94.png
[VGA]广东卫视,https://t.freetv.fun/live/yan-dong-wei-shi-2.m3u8,网络源,https://epg.pw/media/images/channel/2024/01/11/large/20240111225144968877_94.png
[BD]广东卫视,https://t.freetv.fun/live/yan-dong-wei-shi-3.m3u8,网络源,https://epg.pw/media/images/channel/2024/01/11/large/20240111225144968877_94.png
[BD]广东卫视,https://t.freetv.fun/live/yan-dong-wei-shi-4.m3u8,网络源,https://epg.pw/media/images/channel/2024/01/11/large/20240111225144968877_94.png
[VGA]广东卫视,https://t.freetv.fun/live/yan-dong-wei-shi-5.m3u8,网络源,https://epg.pw/media/images/channel/2024/01/11/large/20240111225144968877_94.png
[HD]广东卫视,https://t.freetv.fun/live/yan-dong-wei-shi-11.m3u8,网络源,https://epg.pw/media/images/channel/2024/01/11/large/20240111225144968877_94.png
[BD]广东卫视,https://t.freetv.fun/live/yan-dong-wei-shi-12.m3u8,网络源,https://epg.pw/media/images/channel/2024/01/11/large/20240111225144968877_94.png
[BD]广东卫视,https://t.freetv.fun/live/yan-dong-wei-shi-13.m3u8,网络源,https://epg.pw/media/images/channel/2024/01/11/large/20240111225144968877_94.png
[SD]广东卫视,https://t.freetv.fun/live/yan-dong-wei-shi-14.m3u8,网络源,https://epg.pw/media/images/channel/2024/01/11/large/20240111225144968877_94.png
[SD]广东卫视,https://t.freetv.fun/live/yan-dong-wei-shi-17.m3u8,网络源,https://epg.pw/media/images/channel/2024/01/11/large/20240111225144968877_94.png
[VGA]广东卫视,https://t.freetv.fun/live/yan-dong-wei-shi-19.m3u8,网络源,https://epg.pw/media/images/channel/2024/01/11/large/20240111225144968877_94.png
[BD]广东卫视,https://t.freetv.fun/live/yan-dong-wei-shi-24.php,网络源,https://epg.pw/media/images/channel/2024/01/11/large/20240111225144968877_94.png
[VGA]广东卫视,https://t.freetv.fun/live/yan-dong-wei-shi-26.m3u8,网络源,https://epg.pw/media/images/channel/2024/01/11/large/20240111225144968877_94.png
[BD]广东卫视,https://t.freetv.fun/live/yan-dong-wei-shi-27.m3u8,网络源,https://epg.pw/media/images/channel/2024/01/11/large/20240111225144968877_94.png
[BD]广东卫视,https://t.freetv.fun/live/yan-dong-wei-shi-29.m3u8,网络源,https://epg.pw/media/images/channel/2024/01/11/large/20240111225144968877_94.png
[BD]广东卫视,https://t.freetv.fun/live/yan-dong-wei-shi-30.m3u8,网络源,https://epg.pw/media/images/channel/2024/01/11/large/20240111225144968877_94.png
[VGA]广东卫视,https://t.freetv.fun/live/yan-dong-wei-shi-31.m3u8,网络源,https://epg.pw/media/images/channel/2024/01/11/large/20240111225144968877_94.png
[BD]广东卫视,https://t.freetv.fun/live/yan-dong-wei-shi-32.m3u8,网络源,https://epg.pw/media/images/channel/2024/01/11/large/20240111225144968877_94.png
[BD]广东卫视,https://t.freetv.fun/live/yan-dong-wei-shi-33.m3u8,网络源,https://epg.pw/media/images/channel/2024/01/11/large/20240111225144968877_94.png
[HD]广东卫视,https://t.freetv.fun/live/yan-dong-wei-shi-37.m3u8,网络源,https://epg.pw/media/images/channel/2024/01/11/large/20240111225144968877_94.png
[BD]广东卫视高清,https://t.freetv.fun/live/yan-dong-wei-shi-gao-qing-25.m3u8,网络源,https://epg.pw/media/images/channel/2024/01/11/large/20240111225144968877_94.png
[BD]广东卫视高清,https://t.freetv.fun/live/yan-dong-wei-shi-gao-qing-28.m3u8,网络源,https://epg.pw/media/images/channel/2024/01/11/large/20240111225144968877_94.png
[BD]广东卫视高清,https://t.freetv.fun/live/yan-dong-wei-shi-gao-qing-29.m3u8,网络源,https://epg.pw/media/images/channel/2024/01/11/large/20240111225144968877_94.png
[HD]广东卫视,https://t.freetv.fun/live/yan-dong-wei-shi-40.m3u8,网络源,https://epg.pw/media/images/channel/2024/01/11/large/20240111225144968877_94.png
[BD]广东卫视,https://t.freetv.fun/live/yan-dong-wei-shi-41.m3u8,网络源,https://epg.pw/media/images/channel/2024/01/11/large/20240111225144968877_94.png
[BD]广东卫视,https://t.freetv.fun/live/yan-dong-wei-shi-42.m3u8,网络源,https://epg.pw/media/images/channel/2024/01/11/large/20240111225144968877_94.png
[BD]广东卫视,https://t.freetv.fun/live/yan-dong-wei-shi-44.m3u8,网络源,https://epg.pw/media/images/channel/2024/01/11/large/20240111225144968877_94.png
[BD]广东卫视高清,https://t.freetv.fun/live/yan-dong-wei-shi-gao-qing-31.m3u8,网络源,https://epg.pw/media/images/channel/2024/01/11/large/20240111225144968877_94.png
[BD]广东卫视高清,https://t.freetv.fun/live/yan-dong-wei-shi-gao-qing-32.m3u8,网络源,https://epg.pw/media/images/channel/2024/01/11/large/20240111225144968877_94.png
[BD]广东卫视高清,https://t.freetv.fun/live/yan-dong-wei-shi-gao-qing.m3u8,网络源,https://epg.pw/media/images/channel/2023/12/26/large/20231226204115695252_96.png
[BD]广东卫视高清,https://t.freetv.fun/live/yan-dong-wei-shi-gao-qing-2.m3u8,网络源,https://epg.pw/media/images/channel/2023/12/26/large/20231226204115695252_96.png
[BD]广东卫视高清,https://t.freetv.fun/live/yan-dong-wei-shi-gao-qing-3.m3u8,网络源,https://epg.pw/media/images/channel/2023/12/26/large/20231226204115695252_96.png
[BD]广东卫视高清,https://t.freetv.fun/live/yan-dong-wei-shi-gao-qing-4.m3u8,网络源,https://epg.pw/media/images/channel/2023/12/26/large/20231226204115695252_96.png
[BD]广东卫视高清,https://t.freetv.fun/live/yan-dong-wei-shi-gao-qing-5.m3u8,网络源,https://epg.pw/media/images/channel/2023/12/26/large/20231226204115695252_96.png
[BD]广东卫视高清,https://t.freetv.fun/live/yan-dong-wei-shi-gao-qing-6.m3u8,网络源,https://epg.pw/media/images/channel/2023/12/26/large/20231226204115695252_96.png
[BD]广东卫视高清,https://t.freetv.fun/live/yan-dong-wei-shi-gao-qing-7.m3u8,网络源,https://epg.pw/media/images/channel/2023/12/26/large/20231226204115695252_96.png
[BD]广东卫视高清,https://t.freetv.fun/live/yan-dong-wei-shi-gao-qing-8.m3u8,网络源,https://epg.pw/media/images/channel/2023/12/26/large/20231226204115695252_96.png
[BD]广东卫视高清,https://t.freetv.fun/live/yan-dong-wei-shi-gao-qing-9.m3u8,网络源,https://epg.pw/media/images/channel/2023/12/26/large/20231226204115695252_96.png
[BD]广东卫视高清,https://t.freetv.fun/live/yan-dong-wei-shi-gao-qing-10.m3u8,网络源,https://epg.pw/media/images/channel/2023/12/26/large/20231226204115695252_96.png
[BD]广东卫视高清,https://t.freetv.fun/live/yan-dong-wei-shi-gao-qing-13.m3u8,网络源,https://epg.pw/media/images/channel/2023/12/26/large/20231226204115695252_96.png
[BD]广东卫视高清,https://t.freetv.fun/live/yan-dong-wei-shi-gao-qing-14.m3u8,网络源,https://epg.pw/media/images/channel/2023/12/26/large/20231226204115695252_96.png
[VGA]广东卫视高清,https://t.freetv.fun/live/yan-dong-wei-shi-gao-qing-15.m3u8,网络源,https://epg.pw/media/images/channel/2023/12/26/large/20231226204115695252_96.png
[VGA]广东卫视高清,https://t.freetv.fun/live/yan-dong-wei-shi-gao-qing-16.m3u8,网络源,https://epg.pw/media/images/channel/2023/12/26/large/20231226204115695252_96.png
[VGA]广东卫视高清,https://t.freetv.fun/live/yan-dong-wei-shi-gao-qing-17.m3u8,网络源,https://epg.pw/media/images/channel/2023/12/26/large/20231226204115695252_96.png
[VGA]广东卫视高清,https://t.freetv.fun/live/yan-dong-wei-shi-gao-qing-18.m3u8,网络源,https://epg.pw/media/images/channel/2023/12/26/large/20231226204115695252_96.png
[VGA]广东卫视高清,https://t.freetv.fun/live/yan-dong-wei-shi-gao-qing-20.m3u8,网络源,https://epg.pw/media/images/channel/2023/12/26/large/20231226204115695252_96.png
[BD]广东卫视高清,https://t.freetv.fun/live/yan-dong-wei-shi-gao-qing-22.m3u8,网络源,https://epg.pw/media/images/channel/2023/12/26/large/20231226204115695252_96.png
[VGA]广东卫视高清,https://t.freetv.fun/live/yan-dong-wei-shi-gao-qing-23.m3u8,网络源,https://epg.pw/media/images/channel/2023/12/26/large/20231226204115695252_96.png
[BD]广东体育,https://t.freetv.fun/live/yan-dong-ti-yu-2.m3u8,网络源,https://epg.pw/media/images/channel/2024/01/14/large/20240114130318634112_23.png
[BD]广东体育,https://t.freetv.fun/live/yan-dong-ti-yu.m3u8,网络源,https://epg.pw/media/images/channel/2024/01/14/large/20240114130318634112_23.png
[BD]广东体育,https://t.freetv.fun/live/yan-dong-ti-yu-1.m3u8,网络源,https://epg.pw/media/images/channel/2024/01/14/large/20240114130318634112_23.png
[BD]广东体育,https://t.freetv.fun/live/yan-dong-ti-yu-10.m3u8,网络源,https://epg.pw/media/images/channel/2024/01/14/large/20240114130318634112_23.png
[HD]广东体育,https://t.freetv.fun/live/yan-dong-ti-yu-16.m3u8,网络源,https://epg.pw/media/images/channel/2024/01/14/large/20240114130358843013_66.png
[BD]广东体育,https://t.freetv.fun/live/yan-dong-ti-yu-17.m3u8,网络源,https://epg.pw/media/images/channel/2024/01/14/large/20240114130358843013_66.png
[VGA]广东体育,https://t.freetv.fun/live/yan-dong-ti-yu-5.m3u8,网络源,https://epg.pw/media/images/channel/2024/01/14/large/20240114130358843013_66.png
[VGA]广东体育,https://t.freetv.fun/live/yan-dong-ti-yu-13.m3u8,网络源,https://epg.pw/media/images/channel/2024/01/14/large/20240114130358843013_66.png
[HD]广东体育,https://t.freetv.fun/live/yan-dong-ti-yu-18.m3u8,网络源,https://epg.pw/media/images/channel/2024/01/14/large/20240114130358843013_66.png
[BD]广东体育高清,https://t.freetv.fun/live/yan-dong-ti-yu-gao-qing.m3u8,网络源,https://epg.pw/media/images/channel/2024/01/14/large/20240114130358843013_66.png
[BD]广东体育高清,https://t.freetv.fun/live/yan-dong-ti-yu-gao-qing-2.m3u8,网络源,https://epg.pw/media/images/channel/2024/01/14/large/20240114130358843013_66.png
[BD]广东体育高清,https://t.freetv.fun/live/yan-dong-ti-yu-gao-qing-5.m3u8,网络源,https://epg.pw/media/images/channel/2024/01/14/large/20240114130358843013_66.png
[BD]广东体育高清,https://t.freetv.fun/live/yan-dong-ti-yu-gao-qing-7.m3u8,网络源,https://epg.pw/media/images/channel/2024/01/14/large/20240114130358843013_66.png
[BD]广东体育高清,https://t.freetv.fun/live/yan-dong-ti-yu-gao-qing-8.m3u8,网络源,https://epg.pw/media/images/channel/2024/01/14/large/20240114130358843013_66.png
[BD]广东体育高清,https://t.freetv.fun/live/yan-dong-ti-yu-gao-qing-9.m3u8,网络源,https://epg.pw/media/images/channel/2024/01/14/large/20240114130358843013_66.png
[BD]广东体育高清,https://t.freetv.fun/live/yan-dong-ti-yu-gao-qing-10.m3u8,网络源,https://epg.pw/media/images/channel/2024/01/14/large/20240114130358843013_66.png
[BD]广东体育高清,https://t.freetv.fun/live/yan-dong-ti-yu-gao-qing-12.m3u8,网络源,https://epg.pw/media/images/channel/2024/01/14/large/20240114130358843013_66.png
[VGA]广东体育高清,https://t.freetv.fun/live/yan-dong-ti-yu-gao-qing-15.m3u8,网络源,https://epg.pw/media/images/channel/2024/01/14/large/20240114130358843013_66.png
[VGA]广东体育高清,https://t.freetv.fun/live/yan-dong-ti-yu-gao-qing-18.m3u8,网络源,https://epg.pw/media/images/channel/2024/01/14/large/20240114130358843013_66.png
[VGA]广东体育高清,https://t.freetv.fun/live/yan-dong-ti-yu-gao-qing-19.m3u8,网络源,https://epg.pw/media/images/channel/2024/01/14/large/20240114130358843013_66.png
[BD]广东体育高清,https://t.freetv.fun/live/yan-dong-ti-yu-gao-qing-25.m3u8,网络源,https://epg.pw/media/images/channel/2024/01/14/large/20240114130358843013_66.png
[BD]广东体育高清,https://t.freetv.fun/live/yan-dong-ti-yu-gao-qing-27.m3u8,网络源,https://epg.pw/media/images/channel/2024/01/14/large/20240114130358843013_66.png
[BD]广东体育高清,https://t.freetv.fun/live/yan-dong-ti-yu-gao-qing-28.m3u8,网络源,https://epg.pw/media/images/channel/2024/01/14/large/20240114130358843013_66.png
[BD]广东体育高清,https://t.freetv.fun/live/yan-dong-ti-yu-gao-qing-29.m3u8,网络源,https://epg.pw/media/images/channel/2024/01/14/large/20240114130358843013_66.png
[BD]广东体育高清,https://t.freetv.fun/live/yan-dong-ti-yu-gao-qing-30.m3u8,网络源,https://epg.pw/media/images/channel/2024/01/14/large/20240114130358843013_66.png
[BD]广东体育高清,https://t.freetv.fun/live/yan-dong-ti-yu-gao-qing-31.m3u8,网络源,https://epg.pw/media/images/channel/2024/01/14/large/20240114130358843013_66.png
[BD]广西综艺旅游,https://t.freetv.fun/live/yan-xi-zong-yi-lu-you.m3u8,网络源,https://epg.pw/media/images/channel/2022/05/27/large/20220527161053042728_73.jpg
[BD]广西综艺旅游,https://t.freetv.fun/live/yan-xi-zong-yi-lu-you-1.m3u8,网络源,https://epg.pw/media/images/channel/2022/05/27/large/20220527161053042728_73.jpg
[BD]广西综艺旅游,https://t.freetv.fun/live/yan-xi-zong-yi-lu-you-2.m3u8,网络源,https://epg.pw/media/images/channel/2022/05/27/large/20220527161053042728_73.jpg
[BD]广西综艺旅游,https://t.freetv.fun/live/yan-xi-zong-yi-lu-you-3.m3u8,网络源,https://epg.pw/media/images/channel/2022/05/27/large/20220527161053042728_73.jpg
[BD]广西卫视,https://t.freetv.fun/live/yan-xi-wei-shi.m3u8,网络源,https://epg.pw/media/images/channel/2025/01/28/large/20250128055652623222_35.jpg
[HD]广西卫视,https://t.freetv.fun/live/yan-xi-wei-shi-1.m3u8,网络源,https://epg.pw/media/images/channel/2025/01/28/large/20250128055652623222_35.jpg
[SD]广西卫视,https://t.freetv.fun/live/yan-xi-wei-shi-9.m3u8,网络源,https://epg.pw/media/images/channel/2025/01/28/large/20250128055652623222_35.jpg
[BD]广西卫视,https://t.freetv.fun/live/yan-xi-wei-shi-8.m3u8,网络源,https://epg.pw/media/images/channel/2025/01/28/large/20250128055652623222_35.jpg
[BD]广西卫视,https://t.freetv.fun/live/yan-xi-wei-shi-15.m3u8,网络源,https://epg.pw/media/images/channel/2025/01/28/large/20250128055652623222_35.jpg
[SD]广西卫视,https://t.freetv.fun/live/yan-xi-wei-shi-11.m3u8,网络源,https://epg.pw/media/images/channel/2025/01/28/large/20250128055652623222_35.jpg
[BD]广西卫视,https://t.freetv.fun/live/yan-xi-wei-shi-3.m3u8,网络源,https://epg.pw/media/images/channel/2025/01/28/large/20250128055652623222_35.jpg
[BD]广西卫视,https://t.freetv.fun/live/yan-xi-wei-shi-7.m3u8,网络源,https://epg.pw/media/images/channel/2025/01/28/large/20250128055652623222_35.jpg
[VGA]广西卫视,https://t.freetv.fun/live/yan-xi-wei-shi-16.m3u8,网络源,https://epg.pw/media/images/channel/2025/01/28/large/20250128055652623222_35.jpg
[BD]广西卫视,https://t.freetv.fun/live/yan-xi-wei-shi-18.m3u8,网络源,https://epg.pw/media/images/channel/2025/01/28/large/20250128055652623222_35.jpg
[SD]广西卫视,https://t.freetv.fun/live/yan-xi-wei-shi-24.m3u8,网络源,https://epg.pw/media/images/channel/2025/01/28/large/20250128055652623222_35.jpg
[SD]广西卫视,https://t.freetv.fun/live/yan-xi-wei-shi-28.m3u8,网络源,https://epg.pw/media/images/channel/2025/01/28/large/20250128055652623222_35.jpg
[BD]广西卫视,https://t.freetv.fun/live/yan-xi-wei-shi-29.m3u8,网络源,https://epg.pw/media/images/channel/2025/01/28/large/20250128055652623222_35.jpg
[SD]广西卫视,https://t.freetv.fun/live/yan-xi-wei-shi-37.m3u8,网络源,https://epg.pw/media/images/channel/2025/01/28/large/20250128055652623222_35.jpg
[BD]广西卫视,https://t.freetv.fun/live/yan-xi-wei-shi-2.m3u8,网络源,https://epg.pw/media/images/channel/2025/01/28/large/20250128055652623222_35.jpg
[BD]广西卫视,https://t.freetv.fun/live/yan-xi-wei-shi-4.m3u8,网络源,https://epg.pw/media/images/channel/2025/01/28/large/20250128055652623222_35.jpg
[VGA]广西卫视,https://t.freetv.fun/live/yan-xi-wei-shi-5.m3u8,网络源,https://epg.pw/media/images/channel/2025/01/28/large/20250128055652623222_35.jpg
[BD]广西卫视,https://t.freetv.fun/live/yan-xi-wei-shi-6.m3u8,网络源,https://epg.pw/media/images/channel/2025/01/28/large/20250128055652623222_35.jpg
[BD]广西卫视,https://t.freetv.fun/live/yan-xi-wei-shi-10.m3u8,网络源,https://epg.pw/media/images/channel/2025/01/28/large/20250128055652623222_35.jpg
[SD]广西卫视,https://t.freetv.fun/live/yan-xi-wei-shi-12.m3u8,网络源,https://epg.pw/media/images/channel/2025/01/28/large/20250128055652623222_35.jpg
[SD]广西卫视,https://t.freetv.fun/live/yan-xi-wei-shi-13.m3u8,网络源,https://epg.pw/media/images/channel/2025/01/28/large/20250128055652623222_35.jpg
[BD]广西卫视,https://t.freetv.fun/live/yan-xi-wei-shi-14.php,网络源,https://epg.pw/media/images/channel/2025/01/28/large/20250128055652623222_35.jpg
[BD]广西卫视,https://t.freetv.fun/live/yan-xi-wei-shi-19.m3u8,网络源,https://epg.pw/media/images/channel/2025/01/28/large/20250128055652623222_35.jpg
[VGA]广西卫视,https://t.freetv.fun/live/yan-xi-wei-shi-21.m3u8,网络源,https://epg.pw/media/images/channel/2025/01/28/large/20250128055652623222_35.jpg
[SD]广西卫视,https://t.freetv.fun/live/yan-xi-wei-shi-22.m3u8,网络源,https://epg.pw/media/images/channel/2025/01/28/large/20250128055652623222_35.jpg
[SD]广西卫视,https://t.freetv.fun/live/yan-xi-wei-shi-23.m3u8,网络源,https://epg.pw/media/images/channel/2025/01/28/large/20250128055652623222_35.jpg
[BD]广西卫视,https://t.freetv.fun/live/yan-xi-wei-shi-25.m3u8,网络源,https://epg.pw/media/images/channel/2025/01/28/large/20250128055652623222_35.jpg
[SD]广西卫视,https://t.freetv.fun/live/yan-xi-wei-shi-26.m3u8,网络源,https://epg.pw/media/images/channel/2025/01/28/large/20250128055652623222_35.jpg
[SD]广西卫视,https://t.freetv.fun/live/yan-xi-wei-shi-27.m3u8,网络源,https://epg.pw/media/images/channel/2025/01/28/large/20250128055652623222_35.jpg
[BD]广西卫视,https://t.freetv.fun/live/yan-xi-wei-shi-30.php,网络源,https://epg.pw/media/images/channel/2025/01/28/large/20250128055652623222_35.jpg
[BD]广西卫视编码,https://t.freetv.fun/live/yan-xi-wei-shi-bian-ma.php,网络源,https://epg.pw/media/images/channel/2022/12/06/large/20221206010809065685_61.jpg
[SD]延边卫视,https://t.freetv.fun/live/yan-bian-wei-shi-2.m3u8,网络源,https://epg.pw/media/images/channel/2022/05/31/large/20220531161239615102_64.jpg
[HD]延边卫视,https://t.freetv.fun/live/yan-bian-wei-shi-1.m3u8,网络源,https://epg.pw/media/images/channel/2022/05/31/large/20220531161239615102_64.jpg
[BD]dw德國之聲,https://t.freetv.fun/live/dwde-guo-zhi-sheng.m3u8,网络源,https://epg.pw/media/img/logo/1_203.jpg
[BD]dw德國之聲,https://t.freetv.fun/live/dwde-guo-zhi-sheng-6.m3u8,网络源,https://epg.pw/media/img/logo/1_203.jpg
[HD]恐怖电影,https://t.freetv.fun/live/kong-bu-dian-ying.m3u8,网络源,https://epg.pw/media/img/logo/2013/10/30/1dac9c985c376b0155f0f81c2dbcb781.png
[BD]爱奇艺,https://t.freetv.fun/live/ai-qi-yi-1.php,网络源,https://epg.pw/media/images/channel/2024/01/03/large/20240103202710753007_26.jpg
[BD]爱奇艺 *b,https://t.freetv.fun/live/ai-qi-yi-b.m3u8,网络源,https://epg.pw/media/images/channel/2024/01/03/large/20240103202710753007_26.jpg
[VGA]愛奇藝,https://t.freetv.fun/live/ai-qi-yi.php,网络源,https://epg.pw/media/images/channel/2024/01/03/large/20240103202710753007_26.jpg
[HD]成都简阳新闻综合,https://t.freetv.fun/live/cheng-du-jian-yang-xin-wen-zong-he.m3u8,网络源,https://epg.pw/media/images/channel/2022/05/28/large/20220528222017532327_58.jpg
[BD]戲曲,https://t.freetv.fun/live/xi-qu.m3u8,网络源,https://epg.pw/media/images/channel/2020/02/21/large/20200221054106656063_82.png
[HD]溧阳新闻综合,https://t.freetv.fun/live/li-yang-xin-wen-zong-he.flv,网络源,https://epg.pw/media/uploads/tmp_logo/2014/06/05/20140605225331495365_87.jpg
[VGA]溧阳新闻综合,https://t.freetv.fun/live/li-yang-xin-wen-zong-he-1.flv,网络源,https://epg.pw/media/uploads/tmp_logo/2014/06/05/20140605225331495365_87.jpg
[HD]东阳新闻综合,https://t.freetv.fun/live/dong-yang-xin-wen-zong-he.m3u8,网络源,https://epg.pw/media/uploads/tmp_logo/2014/06/05/20140605225331495365_87.jpg
[HD]简阳新闻综合,https://t.freetv.fun/live/jian-yang-xin-wen-zong-he.flv,网络源,https://epg.pw/media/uploads/tmp_logo/2014/06/05/20140605225331495365_87.jpg
[BD]揭阳综合高清,https://t.freetv.fun/live/jie-yang-zong-he-gao-qing.m3u8,网络源,https://epg.pw/media/uploads/tmp_logo/2014/06/05/20140605225331495365_87.jpg
[BD]揭阳综合高清,https://t.freetv.fun/live/jie-yang-zong-he-gao-qing-1.m3u8,网络源,https://epg.pw/media/uploads/tmp_logo/2014/06/05/20140605225331495365_87.jpg
[BD]揭阳综合高清,https://t.freetv.fun/live/jie-yang-zong-he-gao-qing-3.m3u8,网络源,https://epg.pw/media/uploads/tmp_logo/2014/06/05/20140605225331495365_87.jpg
[BD]揭阳综合高清,https://t.freetv.fun/live/jie-yang-zong-he-gao-qing-4.m3u8,网络源,https://epg.pw/media/uploads/tmp_logo/2014/06/05/20140605225331495365_87.jpg
[BD]揭阳综合高清,https://t.freetv.fun/live/jie-yang-zong-he-gao-qing-5.m3u8,网络源,https://epg.pw/media/uploads/tmp_logo/2014/06/05/20140605225331495365_87.jpg
[BD]揭阳综合高清,https://t.freetv.fun/live/jie-yang-zong-he-gao-qing-6.m3u8,网络源,https://epg.pw/media/uploads/tmp_logo/2014/06/05/20140605225331495365_87.jpg
[BD]揭阳综合高清,https://t.freetv.fun/live/jie-yang-zong-he-gao-qing-7.m3u8,网络源,https://epg.pw/media/uploads/tmp_logo/2014/06/05/20140605225331495365_87.jpg
[BD]揭阳综合高清,https://t.freetv.fun/live/jie-yang-zong-he-gao-qing-8.m3u8,网络源,https://epg.pw/media/uploads/tmp_logo/2014/06/05/20140605225331495365_87.jpg
[BD]揭阳综合高清,https://t.freetv.fun/live/jie-yang-zong-he-gao-qing-9.m3u8,网络源,https://epg.pw/media/uploads/tmp_logo/2014/06/05/20140605225331495365_87.jpg
[VGA]揭阳综合高清,https://t.freetv.fun/live/jie-yang-zong-he-gao-qing-11.m3u8,网络源,https://epg.pw/media/uploads/tmp_logo/2014/06/05/20140605225331495365_87.jpg
[VGA]揭阳综合高清,https://t.freetv.fun/live/jie-yang-zong-he-gao-qing-13.m3u8,网络源,https://epg.pw/media/uploads/tmp_logo/2014/06/05/20140605225331495365_87.jpg
[BD]揭阳综合高清,https://t.freetv.fun/live/jie-yang-zong-he-gao-qing-14.m3u8,网络源,https://epg.pw/media/uploads/tmp_logo/2014/06/05/20140605225331495365_87.jpg
