频道名,地址,来源,图标
Pluto TV True Crime (Sweden) DK,https://jmp2.uk/plu-61c097ec8bb1830008e3f962.m3u8,网络源,https://images.pluto.tv/channels/615333098185f00008715a56/colorLogoPNG.png
Pluto TV True Crime (Sweden) NO,https://jmp2.uk/plu-61c1e51354d923000731bf78.m3u8,网络源,https://images.pluto.tv/channels/615333098185f00008715a56/colorLogoPNG.png
Pluto TV True Crime (United States),https://jmp2.uk/plu-5812be1c249444e05d09cc50.m3u8,网络源,https://images.pluto.tv/channels/62e9289f8d467f0007fbc701/colorLogoPNG.png
Pluto TV True Crime (United States) CA,https://jmp2.uk/plu-62e9289f8d467f0007fbc701.m3u8,网络源,https://images.pluto.tv/channels/62e9289f8d467f0007fbc701/colorLogoPNG.png
Pluto TV Turbo,https://jmp2.uk/plu-6014761dfb91870008ea6463.m3u8,网络源,https://images.pluto.tv/channels/6014761dfb91870008ea6463/colorLogoPNG.png
Pluto TV Ungdomsserier (720p),https://jmp2.uk/plu-67f3fc1707d2ba4121bd34a8.m3u8,网络源,https://images.pluto.tv/channels/67f3fb1cdea1c5e0d588ac1b/colorLogoPNG_1748270797322.png
Pluto TV Ungdomsserier DK (720p),https://jmp2.uk/plu-67f3fb1cdea1c5e0d588ac1b.m3u8,网络源,https://images.pluto.tv/channels/67f3fb1cdea1c5e0d588ac1b/colorLogoPNG_1748270797322.png
Pluto TV Ungdomsserier NO (720p),https://jmp2.uk/plu-67f3fb7d07d2ba4121bd0c8b.m3u8,网络源,https://images.pluto.tv/channels/67f3fb1cdea1c5e0d588ac1b/colorLogoPNG_1748270797322.png
Pluto TV Varldskrigen,https://jmp2.uk/plu-677d3ad04bd63600082f7c54.m3u8,网络源,https://images.pluto.tv/channels/677d3ad04bd63600082f7c54/colorLogoPNG_1759445391825.png
Pluto TV Velocidad,https://jmp2.uk/plu-5dd6dc7480e3550009133d4a.m3u8,网络源,https://images.pluto.tv/channels/5dd6dc7480e3550009133d4a/colorLogoPNG.png
Pluto TV Verdenskrigene,https://jmp2.uk/plu-677d397b60fbeb00084b0bff.m3u8,网络源,https://images.pluto.tv/channels/677d397b60fbeb00084b0bff/colorLogoPNG_1759437735629.png
Pluto TV Verdenskrigene NO,https://jmp2.uk/plu-677d3a424bd63600082f7baf.m3u8,网络源,https://images.pluto.tv/channels/677d397b60fbeb00084b0bff/colorLogoPNG_1759437735629.png
Pluto TV Viagens,https://jmp2.uk/plu-5f32d432d612e50007e56133.m3u8,网络源,https://images.pluto.tv/channels/5f32d432d612e50007e56133/colorLogoPNG_1769016717502.png
Pluto TV Viaggi,https://jmp2.uk/plu-63c923944207be0007fd0887.m3u8,网络源,https://images.pluto.tv/channels/63c923944207be0007fd0887/colorLogoPNG_1774882201565.png
Pluto TV Vida Real,https://jmp2.uk/plu-5f32d4d9ec194100070c7449.m3u8,网络源,https://images.pluto.tv/channels/5f32d4d9ec194100070c7449/colorLogoPNG_1732044921019.png
Pluto TV Vida Real LatAm,https://jmp2.uk/plu-5df265697ec3510009df1ef0.m3u8,网络源,https://images.pluto.tv/channels/5f32d4d9ec194100070c7449/colorLogoPNG_1732044921019.png
Pluto TV Weihnachten im Sommer,https://jmp2.uk/plu-642ad072283aa4000806148c.m3u8,网络源,https://images.pluto.tv/channels/642ad072283aa4000806148c/colorLogoPNG.png
Pluto TV Western,https://jmp2.uk/plu-630dd3b2605f140007e002f5.m3u8,网络源,https://images.pluto.tv/channels/630dd3b2605f140007e002f5/colorLogoPNG_1732030684562.png
Pluto TV Western ES,https://jmp2.uk/plu-6385e82900ab2e000768a058.m3u8,网络源,https://images.pluto.tv/channels/630dd3b2605f140007e002f5/colorLogoPNG_1732030684562.png
Pluto TV Western IT,https://jmp2.uk/plu-62e7fb67478a5b0007e6c50c.m3u8,网络源,https://images.pluto.tv/channels/630dd3b2605f140007e002f5/colorLogoPNG_1732030684562.png
Pluto TV Western Serien,https://jmp2.uk/plu-682453215c646751955e1204.m3u8,网络源,https://images.pluto.tv/channels/682453215c646751955e1204/colorLogoPNG_1758265241676.png
Pluto TV Westerns (Germany),https://jmp2.uk/plu-5d4bdb635ce813b38639e6a3.m3u8,网络源,https://images.pluto.tv/channels/5d4bdb635ce813b38639e6a3/colorLogoPNG.png
Pluto TV Westerns (United States),https://jmp2.uk/plu-5b4e94282d4ec87bdcbb87cd.m3u8,网络源,https://images.pluto.tv/channels/62bdacc96a3751000811842d/colorLogoPNG.png
Pluto TV Westerns (United States) CA,https://jmp2.uk/plu-62bdacc96a3751000811842d.m3u8,网络源,https://images.pluto.tv/channels/62bdacc96a3751000811842d/colorLogoPNG.png
Pluto TV Wild West,https://jmp2.uk/plu-68c017bf337652ee75db201f.m3u8,网络源,https://images.pluto.tv/channels/68c01732b3900870ec74766f/colorLogoPNG_1761917904777.png
Pluto TV Wild West DK,https://jmp2.uk/plu-68c01732b3900870ec74766f.m3u8,网络源,https://images.pluto.tv/channels/68c01732b3900870ec74766f/colorLogoPNG_1761917904777.png
Pluto TV Wild West NO,https://jmp2.uk/plu-68c01785b3900870ec7480e4.m3u8,网络源,https://images.pluto.tv/channels/68c01732b3900870ec74766f/colorLogoPNG_1761917904777.png
Pluto TV Wipeout,https://jmp2.uk/plu-6909e5c3a3a4b49706b8373b.m3u8,网络源,https://i.imgur.com/KVTNBFr.png
Pluto TV Worst of Bundy,https://jmp2.uk/plu-69b968ca1c36025fd0a3d92d.m3u8,网络源,https://images.pluto.tv/channels/69b968ca1c36025fd0a3d92d/colorLogoPNG_1777369824096.png
Pluto TV Zombies,https://jmp2.uk/plu-65786888b228b7000843ad9a.m3u8,网络源,https://images.pluto.tv/channels/65786888b228b7000843ad9a/colorLogoPNG.png
Plzen TV (1080p),https://vysilani.zaktv.cz/broadcast/hls/ptv/index.m3u8,网络源,https://i.imgur.com/TxLKSqL.png
PMC,https://pmchls.wns.live/hls/stream.m3u8,网络源,https://i.imgur.com/AbrHI7K.png
PMC Royale (1080p),https://pmcrohls.wns.live/hls/stream.m3u8,网络源,
PMC Telugu (1080p),https://mumbai-edge.smartplaytv.in/PMC/index.m3u8,网络源,https://jiotvimages.cdn.jio.com/dare_images/images/PMC_Telugu.png
PMI TV (720p) [Not 24/7],https://cdn.live247stream.com/pmi/tv/playlist.m3u8,网络源,https://i.imgur.com/SfyCwXj.png
Pobeda (1080p),http://94.155.93.182/POBEDA_HD/index.m3u8,网络源,https://i.imgur.com/4KiYSln.png
Pocket Films,https://vglivessai.akamaized.net/sg/v1/manifest/611d79b11b77e2f571934fd80ca1413453772ac7/b8ada260-bb81-472b-b7c1-3a79213a84b8/e02a0ce5-6c42-4cca-bb53-e5cfecff74a9/0.m3u8,网络源,https://jiotvimages.cdn.jio.com/dare_images/images/p_pktflm.png
pocket.watch (1080p),https://dl74gpgmnb7i8.cloudfront.net/pocketwatch_GameOn.m3u8,网络源,https://i.imgur.com/T0V90Lz.png
Pocono Television Network (1080p),https://dfoiz3dv1euv7.cloudfront.net/ptnlive-s3/live1.m3u8,网络源,https://i.imgur.com/et6giFo.png
Poder de Dios TV (1080p),http://15.204.246.24:8080/PoderdeDiosHD/index.m3u8,网络源,https://i.imgur.com/jUfRz3L.png
Podium.TV 2 (1080p) [Not 24/7],https://rrr.sz.xlcdn.com/?account=ndc_mediagroep&file=NDC2&output=playlist.m3u8&service=wowza&type=live,网络源,https://i.imgur.com/bAhMhuz.jpg
Podium.TV 3 (1080p) [Not 24/7],https://rrr.sz.xlcdn.com/?account=ndc_mediagroep&file=NDC3&output=playlist.m3u8&service=wowza&type=live,网络源,https://i.imgur.com/bAhMhuz.jpg
Podium.TV (1080p) [Not 24/7],https://rrr.sz.xlcdn.com/?account=ndc_mediagroep&file=NDC1&output=playlist.m3u8&service=wowza&type=live,网络源,https://i.imgur.com/bAhMhuz.jpg
PodRadio pa Pluto TV,https://jmp2.uk/plu-67f79fdb3481170e68c0bc38.m3u8,网络源,https://images.pluto.tv/channels/67f79fdb3481170e68c0bc38/colorLogoPNG_1748943874109.png
Poehali! (1080p),http://31.148.48.15/Poehali/index.m3u8,网络源,https://i.imgur.com/ZNCpbII.png
Pointe TV,https://tv.pointville.ag/hls/mystream.m3u8,网络源,https://i.ibb.co/7tyD2kr/IMG-20240421-154850.jpg
PokerGo,https://jmp2.uk/plu-5fc54366b04b2300072e31af.m3u8,网络源,https://i.imgur.com/1603HED.png
Polar TV (Chile),https://polartv.webredirect.org/memfs/319ac83c-e602-4e91-8104-2b5501380b5e.m3u8,网络源,https://i.imgur.com/4exfvPt.png
Polar TV (Czech Republic) (1080p),https://stream.polar.cz/polar/polarlive-1/playlist.m3u8,网络源,https://i.imgur.com/pTJHIX1.png
Police TV (1080p),https://cdn-th-vip.livestreaming.in.th/policetv/policetv/playlist.m3u8,网络源,https://i.imgur.com/GhboFGt.png
Polimer News (576p),https://segment.yuppcdn.net/110322/polimernews/playlist.m3u8,网络源,https://dtil.tmsimg.com/assets/s143664_ld_h9_aa.png?lock=720x540
Polimer TV (720p),https://cdn.pishow.tv/ott/live/1241/master.m3u8,网络源,https://dtil.tmsimg.com/assets/s143665_ld_h15_aa.png?lock=720x540
Polsat 1 (1080p) [Geo-blocked],https://cdn-s-lb2.pluscdn.pl/lv/1517829/348/hls/816eca15/masterlist.m3u8,网络源,https://upload.wikimedia.org/wikipedia/commons/thumb/6/6c/Polsat_1_2021_gradient.svg/960px-Polsat_1_2021_gradient.svg.png
Polsat (1080p) [Geo-blocked],https://cdn-s-playnow-live.pluscdn.pl/ch/1502600/308/dash/20a18c30/live.mpd,网络源,https://i.imgur.com/xff6zGN.png
Polsat Games HD (1080p),http://92.63.196.180:8080/live/74173747597177/7vfxky4rjx3j/10209.m3u8?token=Q0FaWEpZFFsXAwNWUFMEBwJXAwMDVlpTBgVTVwEHAQNeWgoACVVXVQAVGEZGFUdTUl9qWwIVAlBSAQBdGENHQ10RbVBdEwxDAgANUAJVFxoRRlxfAxUCUU4RQA1QQwheTQ9eFRtUThVQRVoFWT5RU0VbVldEDVYUDl8cRlsPbVRdDlNXXRMMQwQVGEZcEkUUCVxAXgobGgMLR0IFQAQQClYWXlUVE1UOQFlAFkxDDxRjfhceRFJAFQddQw1bDxAKGg4BTAETGkNcRGsWUBJBRFZTWFcUFQJDUhEcRlkASm9bDFxXXFJCCFpZR0YPQwQUHxBYXQheTA4QbEANUEMIXk0PXkQ=,网络源,https://i.imgur.com/OSCrBvh.png
Polsat JimJam (576p),http://185.227.34.179:8080/jimjam/index.m3u8,网络源,https://i.imgur.com/GjppUlg.png
Polsat News 2 (1080p) [Geo-blocked],https://cdn-s-lb2.pluscdn.pl/lv/1533809/392/dash/3de17d4a/live.mpd,网络源,https://upload.wikimedia.org/wikipedia/commons/thumb/2/21/Polsat_News_2_2021_gradient.svg/500px-Polsat_News_2_2021_gradient.svg.png
Polsat News (1080p) [Geo-blocked],https://cdn-s-lb2.pluscdn.pl/lv/1517830/349/hls/f03a76f3/masterlist.m3u8,网络源,https://i.imgur.com/sx1yPuc.png
Polsat News Polityka (1080p) [Geo-blocked],https://cdn-s-lb2.pluscdn.pl/lv/1511888/322/hls/bd3b0bfe/masterlist.m3u8,网络源,https://upload.wikimedia.org/wikipedia/commons/thumb/4/40/Polsat_News_Polityka_2024_gradient.svg/960px-Polsat_News_Polityka_2024_gradient.svg.png
Polsat Sport 1 (1080p) [Geo-blocked],http://cdn-s-lb2.pluscdn.pl/lv/1544303/939/dash/7f74b079/live.mpd,网络源,https://upload.wikimedia.org/wikipedia/commons/thumb/e/e3/Polsat_Sport_1_2024.svg/500px-Polsat_Sport_1_2024.svg.png
Polsat Viasat History (1080p),http://185.227.34.179:8080/polsat-viasat-history-hd/index.m3u8,网络源,https://i.imgur.com/X16UGUf.png
Pomona Internet Streaming Channel (720p),https://reflect-pomona.cablecast.tv/live-1/live/live.m3u8,网络源,https://i.imgur.com/80gaUbq.png
PONTV (720p),http://122.248.43.242:1935/PONTV/_definst_/myStream/playlist.m3u8,网络源,https://i.imgur.com/P5erWzm.png
Pooya TV,https://ncdn.telewebion.ir/pooya/live/playlist.m3u8,网络源,https://upload.wikimedia.org/wikipedia/fa/5/5a/POOYA_tv_2.png
Pooya TV Plus,https://ncdn.telewebion.ir/javaneh/live/playlist.m3u8,网络源,https://upload.wikimedia.org/wikipedia/fa/5/5a/POOYA_tv_2.png
Pop (1080p),https://amg01753-narrativeentert-popkids-lggb-xyy5k.amagi.tv/ts-eu-w1-n2/playlist/amg01753-narrativeentert-popkids-lggb/playlist.m3u8,网络源,https://i.imgur.com/fGUlCY3.png
Pop Up (1080p) [Geo-blocked],https://amg01753-amg01753c9-samsung-gb-8005.playouts.now.amagi.tv/ts-eu-w1-n2/playlist/amg01753-narrativeuk-popup-samsunggb/playlist.m3u8,网络源,https://i.imgur.com/GdSotmS.png
POP World TV (720p),https://janus.xpbroadcasting.com:8443/hls/popworld.m3u8,网络源,https://i.imgur.com/LQB6G3s.jpg
Popcorn Central (1080p),https://oly-ftvpc.otteravision.com/oly/ftvpc/ftvpc.m3u8,网络源,https://i.imgur.com/ULGVjyC.png
Popstar! TV (1080p) [Not 24/7],https://linear-10.frequency.stream/dist/plex/10/hls/master/playlist.m3u8,网络源,https://i.imgur.com/d4xEiXX.png
Popu TV (1080p),http://190.108.83.69:8000/play/a070/index.m3u8,网络源,https://i.imgur.com/UqCogyZ.png
Popular TV Melilla (1080p) [Not 24/7],http://5940924978228.streamlock.net:1935/8009/8009/playlist.m3u8,网络源,https://i.imgur.com/TbevWX4.png
Portal Digital TV (720p) [Not 24/7],https://cdn-us-east-prod-ingest-infra-dacast-com.akamaized.net/5ccadd2a-00ad-4a5b-8322-4b5f69464a68/source/index.m3u8,网络源,https://www.vivalivetv.com/public/files/shows/0/1/3664-294x165-FFFFFF.jpg
Portlandia (720p),https://d1uvnirn6lhs2f.cloudfront.net/playlist.m3u8,网络源,https://i.imgur.com/I4KDvu9.png
Porto Canal (720p),https://pull-live-156-1.global.ssl.fastly.net/pc5865dc25400thmb-ea6bf03b14fa318f7133/smil:pc1-jhrgyuoqe5865db-68tkgb14fa318f7133f03.smil/playlist.m3u8,网络源,https://i.imgur.com/DwziwMY.png
Portuguesa Television (480p) [Not 24/7],https://streamtv.intervenhosting.net:3789/live/portutvlive.m3u8,网络源,https://i.imgur.com/jHUSfGz.png
Positiv TV (1080p),https://livecdn.use1-0004.jwplive.com/live/sites/fGLyccP5/media/FoWynVnP/live.isml/.m3u8,网络源,https://encrypted-tbn0.gstatic.com/images?q=tbn:ANd9GcR0VIzSua00Fkp3YfEiAsIKjZ6qSysSCEp8Ng&s
Potta-Divine TV USA (480p),https://playout7multirtmp.tulix.tv/live21/Stream1/playlist.m3u8,网络源,https://i.imgur.com/Yx0AnLW.png
Power 101.7 FM (720p),https://vcp11.myplaytv.com/powerfm/powerfm/playlist.m3u8,网络源,https://i.imgur.com/bkQrXjB.png
Power Dance (1080p),https://livetv.powerapp.com.tr/dance/dance.smil/playlist.m3u8,网络源,https://i.imgur.com/QpPteBO.png
Power Hit Radio (576p),https://cdnlb.tvplayhome.lt/live/eds/PWR_LTU_Live/GO3_LIVE_HLS/PWR_LTU_Live.m3u8,网络源,https://i.imgur.com/GOlQbfC.png
Power Love (1080p),https://livetv.powerapp.com.tr/plove/love.smil/playlist.m3u8,网络源,https://i.imgur.com/0RzUswR.png
Power Max Radio TV (720p),https://videostream.shockmedia.com.ar:19360/radio1045/radio1045.m3u8,网络源,https://i.ibb.co/qgZLYDj/channels4-profile-6.jpg
Power TV (Turkiye) (1080p),https://livetv.powerapp.com.tr/powerTV/powerhd.smil/playlist.m3u8,网络源,https://i.imgur.com/XSL1gd7.png
PowerHD,https://live2.tensila.com/1-1-1.power-tv/hls/master.m3u8,网络源,https://i.imgur.com/15gMDG0.png
PowerNation TV (1080p),https://amg01258-raycomsports-powernationau-samsungau-18bwc.amagi.tv/playlist.m3u8,网络源,https://i.imgur.com/jguTO8E.png
PowerTurk Akustik (1080p),https://livetv.powerapp.com.tr/pturkakustik/akustik.smil/playlist.m3u8,网络源,https://i.imgur.com/driabBO.png
PowerTurk Slow (1080p),https://livetv.powerapp.com.tr/pturkslow/slow.smil/playlist.m3u8,网络源,https://i.imgur.com/tQSoQXW.png
PowerTurk Taptaze (1080p),https://livetv.powerapp.com.tr/pturktaptaze/taptaze.smil/playlist.m3u8,网络源,https://i.imgur.com/a5nW3HU.png
PowerTurk TV (720p),https://live.artidijitalmedya.com/artidijital_powerturktv/powerturktv/playlist.m3u8,网络源,https://i.imgur.com/9OPoXQG.png
Powervision TV (720p),https://mumbai-edge.smartplaytv.in/PowerVision/index.m3u8,网络源,https://dtil.tmsimg.com/assets/s143670_ld_h15_aa.png?lock=720x540
Pradesh24 Gujarati (1080p),https://stream2.livebox.co.in/pradesh24hls/live.m3u8,网络源,https://jiotvimages.cdn.jio.com/dare_images/images/Pradesh24_Gujarati.png
Prag News (576p),https://streams.tangotv.in/PRAGNEWS/ORIGIN/index.m3u8,网络源,https://dtil.tmsimg.com/assets/s143671_ld_h15_aa.png?lock=720x540
Praise TV (720p),https://livecdn.live247stream.com/praise/tv/playlist.m3u8,网络源,https://i.imgur.com/T9fIdLs.png
Prameya News7 (576p),https://mumt03.tangotv.in/Dsly5z3HPRAMEYANEWS7/index.m3u8,网络源,https://dtil.tmsimg.com/assets/s143578_ld_h15_aa.png?lock=720x540
Prarthana Bhawan TV (576p),https://mumt03.tangotv.in/Dsly5z3HPRATHANABHAWAN/index.m3u8,网络源,https://xstreamcp-assets-msp.streamready.in/assets/LIVETV/LIVECHANNEL/LIVETV_LIVETVCHANNEL_PRARTHANA_BHAWAN/images/LOGO_HD/image.png
Prarthana TV (720p),https://livetv.tarangplus.in/prarthana-origin/live/playlist.m3u8,网络源,https://i.imgur.com/gj7dtNF.png
Pratham Khabar 24x7 (576p),https://livelegitpro.in/hls2/newstime/index.m3u8,网络源,https://i.imgur.com/HNsg5Px.png
Pratidin Time (576p),https://server.thelegitpro.in/pratidintime/pratidintime/index.fmp4.m3u8,网络源,https://xstreamcp-assets-msp.streamready.in/assets/LIVETV/LIVECHANNEL/LIVETV_LIVETVCHANNEL_PRATIDIN_TIME/images/LOGO_HD/image.png
Pravasi Channel (1080p),https://m6gdavepdn93-hls-live.5centscdn.com/pravasi/d0dbe915091d400bd8ee7f27f0791303.sdp/playlist.m3u8,网络源,https://i.imgur.com/1dHarb7.png
Preludio TV,https://tv.arkeo.cl:1936/preludio/preludio/playlist.m3u8,网络源,https://www.preludioradio.cl/wp-content/uploads/2023/06/logopreludio.png
Premialnoe HD (1080p),http://stream.mcquack.net/421/index.m3u8,网络源,https://i.imgur.com/ck4aLBP.png
Premier Sports 2 (Philippines) (1080p),https://amg19223-amg19223c4-amgplt0351.playout.now3.amagi.tv/playlist/amg19223-amg19223c4-amgplt0351/playlist.m3u8,网络源,https://i.imgur.com/UQeXWd2.png
Premier Sports (1080p),https://amg19223-amg19223c3-amgplt0351.playout.now3.amagi.tv/playlist/amg19223-amg19223c3-amgplt0351/playlist.m3u8,网络源,https://i.imgur.com/BURPHzI.png
Prensa Latina TV (1080p),https://eu1.servers10.com:8081/8192/index.m3u8,网络源,https://i.imgur.com/jbm2S9O.jpg
Presencia Television (720p) [Not 24/7],https://stream.oursnetworktv.com/latin/remaPresencia/playlist.m3u8,网络源,https://i.imgur.com/SVho6El.png
Press TV French (1080p),https://live4.presstv.ir/live/smil:presstvfr.smil/playlist.m3u8,网络源,https://upload.wikimedia.org/wikipedia/commons/thumb/f/fb/Press_TV_logo.svg/960px-Press_TV_logo.svg.png
Presumiendo Mexico (720p),https://60417ddeaf0d9.streamlock.net/telemetrika/smil:telemetrika.smil/playlist.m3u8,网络源,https://i.imgur.com/bFG4Rqz.png
PRIDEtv LATAM (1080p),https://backend.energeek.cl/webtv/pridetvweb/index.m3u8?token=ZZDemoIPTVGH,网络源,
Priklyucheniya (576p),https://stream8.cinerama.uz/1420/tracks-v1a1/mono.m3u8,网络源,https://i.imgur.com/qQ6pPPQ.png
Priklyucheniya HD (1080p),http://stream.mcquack.net/198/index.m3u8,网络源,https://i.imgur.com/qQ6pPPQ.png
Prima (Czech Republic) (1080p),http://88.212.15.19/live/prima_avc_25p/playlist.m3u8,网络源,https://upload.wikimedia.org/wikipedia/commons/thumb/2/2c/Prima_2013.png/960px-Prima_2013.png
Prima (Russia) (1080p),https://tele2dvrnat01-02.cdnvideo.ru/stream/NAT_Prima/hls/index.m3u8,网络源,https://i.imgur.com/33XGMch.png
Prima Cool,http://88.212.15.19/live/prima_cool_cz_avc/index.m3u8,网络源,https://upload.wikimedia.org/wikipedia/commons/thumb/5/50/Prima_Cool_logo_zelen%C3%A9.png/960px-Prima_Cool_logo_zelen%C3%A9.png
Prima Cool SK (1080p),http://88.212.15.19/live/prima_cool_avc_25p/playlist.m3u8,网络源,https://upload.wikimedia.org/wikipedia/commons/0/06/Prima_COOL_SK_logo.png
Prima Free,https://5f22d76e220e1.streamlock.net/primafree/primafree/playlist.m3u8,网络源,https://irp.cdn-website.com/184bfd6a/MOBILE/jpg/477.jpg
Prima Love,http://88.212.15.19/live/prima_love_cz_avc/index.m3u8,网络源,https://upload.wikimedia.org/wikipedia/commons/thumb/e/ec/Prima_Love_logo_2018.png/960px-Prima_Love_logo_2018.png
Prima News,https://hls02ns.antenaplay.ro/hls/prima-news-hd/index.m3u8,网络源,https://i.imgur.com/wlqGfU2.png
Prima Show (1080p),http://88.212.15.19/live/test_prima_show_hevc_25p/playlist.m3u8,网络源,https://i.imgur.com/XbwAwkp.png
Prima Star (1080p),http://88.212.15.19/live/test_prima_star_hevc_25p/playlist.m3u8,网络源,https://i.imgur.com/ppqgNDA.png
Prima TV (Italy) (720p),https://5db313b643fd8.streamlock.net/PrimaTV/PrimaTV/playlist.m3u8,网络源,https://i.imgur.com/HE9c8Sk.png
Prima TV (Romania) HD,http://eb4b8dcf.kablakaka.ru/iptv/AE8BY6FHF5ZGAG/6995/index.m3u8,网络源,https://i.imgur.com/p2umWAT.png
Prima Zoom (1080p),http://88.212.15.19/live/prima_zoom_avc_25p/playlist.m3u8,网络源,https://i.imgur.com/uNJqZ6p.png
PrimAntenna TV (720p),https://5f22d76e220e1.streamlock.net/primantenna14/primantenna14/playlist.m3u8,网络源,https://i.imgur.com/4Bx2321.png
Primavera 15,https://mc.servidor.stream:19360/8244/8244.m3u8,网络源,https://i.imgur.com/wsJ8Ag2.png
Prime9 News (1080p),https://mumbai-edge.smartplaytv.in/Prime9News/index.m3u8,网络源,https://jiotvimages.cdn.jio.com/dare_images/images/Prime_9_News.png
Prime (Syria) (1080p),https://mn-nl.mncdn.com/primetv/live/index.m3u8,网络源,https://prime1tv.com/wp-content/uploads/2025/12/7-1.png
Prime Asia TV (1080p),http://primeasia.selfip.net/Samsung/index.m3u8,网络源,https://jiotvimages.cdn.jio.com/dare_images/images/Prime_Asia_HD.png
Prime Canada TV (720p) [Not 24/7],http://cdn27.live247stream.com/primecanada/247/primecanada/stream1/playlist.m3u8,网络源,https://i.imgur.com/Vji81jB.png
Prime News (1080p),https://stream.ottlive.co.in/primenews/index.m3u8,网络源,https://jiotvimages.cdn.jio.com/dare_images/images/Prime_News.png
Primer TV (1080p),http://200.194.238.229:8383/live/primer/playlist.m3u8,网络源,https://i.imgur.com/PMptSP3.png
Primicia Vida (720p),https://mc.servidor.stream:19360/8248/8248.m3u8,网络源,https://i.imgur.com/hnkVwTG.png
Primitivos TV (720p),https://5eaccbab48461.streamlock.net:1936/heqhvtgebg/heqhvtgebg/playlist.m3u8,网络源,https://i.imgur.com/w9WpbTN.jpeg
Primocanale (1080p) [Not 24/7],https://msh0203.stream.seeweb.it/live/flv:stream2.sdp/playlist.m3u8,网络源,https://i.imgur.com/eunZ2Sa.png
Privesc.Eu TV (2160p),https://cachestar.privesc.eu/liniar/moldova/playlist.m3u8,网络源,https://i.imgur.com/ukBacSn.png
Pro100TV (576p),https://sirius.greenhosting.ru/Pro100tvRu/video.m3u8,网络源,https://i.imgur.com/YfQEflM.png
Pro Arena HD,http://eb4b8dcf.kablakaka.ru/iptv/AE8BY6FHF5ZGAG/6990/index.m3u8,网络源,https://i.imgur.com/KQmB9Cc.png
Pro Business (720p),https://tv-streaming.bsh.ru:21938/probusiness/probusiness.stream/playlist.m3u8,网络源,https://i.imgur.com/1u8KvTD.png
Pro Cinema,http://eb4b8dcf.kablakaka.ru/iptv/AE8BY6FHF5ZGAG/6951/index.m3u8,网络源,https://i.imgur.com/TvHFGwZ.png
Pro Lyubov (1080p),http://hls127.freeott.top:8080/ProLubovHD/video.m3u8,网络源,https://i.imgur.com/QpIGAT0.png
Pro Lyubov HD (1080p),http://str2.iptvhd.ru:8080/pro_lyubov/index.m3u8,网络源,https://i.imgur.com/QpIGAT0.png
PRO TV HD,http://eb4b8dcf.kablakaka.ru/iptv/3KZ2W9GEEY49ZV/6997/index.m3u8,网络源,https://i.imgur.com/zVk3WlT.png
PRO TV Chisinau (480p),https://stream.protv.md/live/sursa-1/index.m3u8,网络源,https://i.imgur.com/X5PYRxF.png
Probashi TV News (1080p),http://158.69.24.53:8080/probashi_tv/index.m3u8,网络源,https://i.imgur.com/7oTsfQ4.png
Proclamacion TV [Not 24/7],https://video2.getstreamhosting.com:19360/8000/8000.m3u8,网络源,https://i.imgur.com/8dt7awY.jpeg
Productiva TV,https://copacoradios.desdeparaguay.net/productivatv/productivatv_baja/playlist.m3u8?admin=nacion,网络源,https://i.imgur.com/KXHK7UP.png
Prodvizhenie (1080p),https://streaming.astrakhan.ru/proastrakhanhd/index.m3u8,网络源,https://i.imgur.com/KlsnfG9.png
PROFI 24 TV,https://live.ro24tv.ro/hls/stream.m3u8,网络源,https://profi24.ro/wp-content/uploads/2025/03/Logo_Profi24_Nou_Logo_Profi24_Landscape_Logo_Profi24_Landscape-e1742981714264.png
Prokino (360p),http://dtv.vol.net.ua/ProKino/index.m3u8,网络源,https://i.imgur.com/Vm9nbi8.png
PromarTV (576p),https://vcp.myplaytv.com/promar/promar/playlist.m3u8,网络源,https://upload.wikimedia.org/wikipedia/commons/9/9f/Promar_Television.png
Promovideo TV (486p),https://media2021.rtvweb.com/promovideo_web/promovideo/playlist.m3u8,网络源,https://i.imgur.com/eKpS5Ck.png
Pronems TV (1080p) [Not 24/7],https://fox.hostlagarto.com:8081/pronemstv/playlist.m3u8,网络源,https://i.imgur.com/a9ORO1G.png
Pronto-socorro: Historias De Emergencia,https://jmp2.uk/plu-61bb72a7bf8c520007a8fd27.m3u8,网络源,https://i.imgur.com/0PkyJ3U.png
ProSieben (1080p),https://dash4.antik.sk/live/test_pro_sieben_tizen/playlist.m3u8,网络源,https://i.imgur.com/zZOk3nh.png
Prosveshchenie (576p),http://cdn-01.bonus-tv.ru/prosveschenie_edge/index.m3u8,网络源,https://i.imgur.com/uppFhhq.png
PROTV News (1080p),https://cmero-ott-live.ssl.cdn.cra.cz/channels/cme-ro-voyo-news/playlist.m3u8?offsetSeconds=0&url=0,网络源,
Prudent Media (1080p),https://prudentmcdn.rixcast.com/prudentm.m3u8,网络源,https://i.imgur.com/DG0x4UD.png
Prva (1080p),https://de1.dstv.cx/PrvaTVHD/index.m3u8,网络源,https://i.imgur.com/NA31Gtm.png
Prva Files,https://de1.dstv.cx/PrvaFiles/index.m3u8,网络源,https://i.imgur.com/8lZgAXu.png
Prva Kick (1080p),https://de1.dstv.cx/PrvaKick/index.m3u8,网络源,https://i.imgur.com/zsXD3cd.png
Prva Life (1080p),https://de1.dstv.cx/PrvaLife/index.m3u8,网络源,https://i.imgur.com/fHntwzn.png
Prva Max (1080p),https://de1.dstv.cx/PrvaMax/index.m3u8,网络源,https://i.imgur.com/BzxmOaQ.png
Prva Plus (1080p),https://de1.dstv.cx/PrvaPlus/index.m3u8,网络源,https://i.imgur.com/IlenHxZ.png
Prva World (1080p),https://de1.dstv.cx/PrvaWorld/index.m3u8,网络源,https://i.imgur.com/tuh1vzj.png
PSD TV (720p),https://reflect-broadcast-psdschools.cablecast.tv/live-6/live/live.m3u8,网络源,https://i.imgur.com/djT0Q8q.png
PSL TV (360p),https://cdn3.wowza.com/5/UWpORHhLSEs5SkJs/psl/G0262_003/playlist.m3u8,网络源,https://i.imgur.com/kzdRmTN.png
PSM News,https://customer-ujex1meek7koqd9x.cloudflarestream.com/21262545317dadfa20dab4f9bd37c7c2/manifest/video.m3u8,网络源,https://i.imgur.com/mGuBbPv.png
PSN (288p),https://srspsn.live/live/livestream.m3u8,网络源,https://i.imgur.com/7i7GkSL.png
PSN Canal 45.2 (288p),https://srspsn2.live/live/livestream.m3u8,网络源,https://i.imgur.com/7i7GkSL.png
PSTV HD (480p) [Not 24/7],http://51.254.199.122:8080/PSTV/index.m3u8,网络源,https://i.imgur.com/xQlkuAa.png
PTC Chakde (720p),https://cdn.pishow.tv/ott/live/449/master.m3u8,网络源,https://xstreamcp-assets-msp.streamready.in/assets/LIVETV/LIVECHANNEL/LIVETV_LIVETVCHANNEL_PTC_CHAKDE/images/LOGO_HD/image.png
PTC Music (720p),https://d2lk5u59tns74c.cloudfront.net/out/v1/f913cf893c594f73b114216e74a2efbc/index.m3u8,网络源,https://xstreamcp-assets-msp.streamready.in/assets/LIVETV/LIVECHANNEL/LIVETV_LIVETVCHANNEL_PTC_MUSIC/images/LOGO_HD/image.png
PTC News (576p),https://streams.tangotv.in/PTCNEWS/ORIGIN/index.m3u8,网络源,https://xstreamcp-assets-msp.streamready.in/assets/LIVETV/LIVECHANNEL/LIVETV_LIVETVCHANNEL_PTC_NEWS/images/LOGO_HD/image.png
PTC Punjabi (576p),https://streams.tangotv.in/PTCPUNJABI/ORIGIN/index.m3u8,网络源,https://xstreamcp-assets-msp.streamready.in/assets/LIVETV/LIVECHANNEL/LIVETV_LIVETVCHANNEL_PTC_PUNJABI/images/LOGO_HD/image.png
PTC Punjabi HD (1080p),https://d3qs3d2rkhfqrt.cloudfront.net/out/v1/3e22a9c278db4e3eb779afd42e41b0a6/index.m3u8,网络源,https://xstreamcp-assets-msp.streamready.in/assets/LIVETV/LIVECHANNEL/LIVETV_LIVETVCHANNEL_PTC_PUNJABI/images/LOGO_HD/image.png
PTC Punjabi Canada (1080p),https://stream.ottlive.co.in/ptccanada/index.m3u8,网络源,https://upload.wikimedia.org/wikipedia/en/8/88/PTC_Punjabi.png
PTC Punjabi Gold (1080p),https://d3qs3d2rkhfqrt.cloudfront.net/out/v1/6e14bac6d0384e129521a4d005188bfb/index.m3u8,网络源,https://xstreamcp-assets-msp.streamready.in/assets/LIVETV/LIVECHANNEL/LIVETV_LIVETVCHANNEL_PTC_PUNJABI_GOLD/images/LOGO_HD/image.png
PTC Simran (576p),https://streams.tangotv.in/PTCSIMRAN/ORIGIN/index.m3u8,网络源,https://dtil.tmsimg.com/assets/GNLZZGG002NG05K.png?lock=720x540
PTL TV Network (1080p),https://storage.sardius.media/archives/-KyMV-J0vDqnClcSXs8p/events/site_1a4721d3BA/playlist.m3u8,网络源,https://i.imgur.com/EhISpCd.png
PTV (Bolivia) (720p),https://giatv.bozztv.com/giatv/giatv-PTVonLINE/PTVonLINE/playlist.m3u8,网络源,https://i.imgur.com/vPvR7dX.png
PTV (Ukraine) (720p),https://cdn15.live-tv.cloud/ua_infinitas_tv/hrpl-abr/playlist.m3u8,网络源,https://i.imgur.com/WDHoSVz.png
PTV Cordoba (1080p),https://streamer.zapitv.com/PTV_CORDOBA/index.m3u8,网络源,https://i.imgur.com/X3eIdVf.png
PTV Granada (720p),https://streamer.zapitv.com/PTV-granada/index.m3u8,网络源,https://i.imgur.com/eOcAakM.png
PTV Linares (720p),https://streamer.zapitv.com/ptv-linarez/index.m3u8,网络源,https://i.imgur.com/IqChsLQ.png
PTV Malaga (1080p),https://streamer.zapitv.com/PTV-malaga/index.m3u8,网络源,https://i.imgur.com/4eZYIX1.png
PTV News (1080p),http://103.250.28.74:8000/play/a017/index.m3u8,网络源,https://i.imgur.com/Fpn8VU7.png
PTV Sevilla (1080p),https://streamer.zapitv.com/PTV_sevilla/index.m3u8,网络源,https://i.imgur.com/EcinFGu.png
PTV Sports (1080p),http://103.250.28.74:8000/play/a019/index.m3u8,网络源,https://i.imgur.com/CPm6GHA.png
Public 4K TV HD,http://103.180.240.141:8080/hls/main1/playlist.m3u8,网络源,https://i.imgur.com/JxEzgDP.png
Public Movies (576p),https://mumt04.tangotv.in/m18aqlK4PUBLICMOVIES/index.m3u8,网络源,https://xstreamcp-assets-msp.streamready.in/assets/LIVETV/LIVECHANNEL/LIVETV_LIVETVCHANNEL_PUBLIC_MOVIES/images/LOGO_HD/image.png
Public Music (576p),https://mumt04.tangotv.in/m18aqlK4PUBLICMUSIC/index.m3u8,网络源,https://xstreamcp-assets-msp.streamready.in/assets/LIVETV/LIVECHANNEL/LIVETV_LIVETVCHANNEL_PUBLIC_MUSIC/images/LOGO_HD/image.png
Public News (1080p),http://103.250.28.74:8000/play/a04g/index.m3u8,网络源,https://i.imgur.com/q3ij8wO.png
Public TV (720p),https://cdn.pishow.tv/ott/live/439/master.m3u8,网络源,https://xstreamcp-assets-msp.streamready.in/assets/LIVETV/LIVECHANNEL/LIVETV_LIVETVCHANNEL_PUBLIC_TV/images/LOGO_HD/image.png
Pucon TV (1080p),https://redirector.dps.live/hls/pucontv/playlist.m3u8,网络源,https://i.imgur.com/nO4cV3E.png
Pudhari News (576p),https://streams.tangotv.in/PUDHARINEWS/ORIGIN/index.m3u8,网络源,https://xstreamcp-assets-msp.streamready.in/assets/LIVETV/LIVECHANNEL/LIVETV_LIVETVCHANNEL_PUDHARI_NEWS/images/LOGO_HD/image.png
Puissance TV,https://event.vedge.infomaniak.com/livecast/ik:puissancetelevision/manifest.m3u8,网络源,https://pbs.twimg.com/profile_images/1274572654016675842/A6v8Qo_X_400x400.jpg
Pula TV (1080p) [Not 24/7],https://fox.hostlagarto.com:8081/pulatv/index.m3u8,网络源,https://i.imgur.com/8gSLJ2f.png
Pulari TV (576p),https://mumbai-edge.smartplaytv.in/PulariTV/index.m3u8,网络源,https://i.imgur.com/v5urG30.png
Puls 2 (1080p),https://edge01.cdn.emitel.pl/bpk-tv/Puls2_HD/hbbtv-hls/index.m3u8,网络源,https://i.imgur.com/EOnzPiZ.png
Puls 2 HD (1080p),http://193.24.244.60:1001/udp/239.254.4.122:6060,网络源,https://i.imgur.com/EOnzPiZ.png
Pulse95 Radio (1080p),https://svs.itworkscdn.net/pulse95live/pulse96/playlist.m3u8,网络源,https://maraya.faulio.com/storage/mediagallery/60/26/fullhd_d5c3c81b0562a76bc63f073a5e0947f309b0215b.png
Punjabi Hits (1080p),https://stream.ottlive.co.in/punjabihits/index.m3u8,网络源,https://dtil.tmsimg.com/assets/s143691_ld_h15_aa.png?lock=720x540
Punjabi Shorts (1080p),https://vglivessai.akamaized.net/ptnr-yupptv/title-Punjabi_Shorts/in/v1/master/611d79b11b77e2f571934fd80ca1413453772ac7/27c3fd7a-b01f-4b00-ac03-557ac77acd47/index.m3u8,网络源,https://www.thegtcnetwork.com/punjabi-shorts.jpg
PUNKTum Fernsehen (1080p) [Not 24/7],http://58bd5b7a98e04.streamlock.net/medienasa-live/punktum_high/playlist.m3u8,网络源,https://i.imgur.com/3yamOmw.png
Punt 3 (1080p),https://bit.controlstreams.com:5443/LiveApp/streams/punt3.m3u8,网络源,https://i.imgur.com/i9tsnhD.png
Punta Cana TV (720p) [Not 24/7],https://fox.hostlagarto.com:8081/puntacanatv/index.m3u8,网络源,https://i.imgur.com/KF7fLTx.png
Puntland TV (720p),http://cdn.mediavisionuae.com:1935/live/putlandtv2.stream/playlist.m3u8,网络源,https://i.imgur.com/C8EvQUo.png
Punto TV (1080p) [Not 24/7],https://fox.hostlagarto.com:8081/puntotv/index.m3u8,网络源,https://imgur.com/vfvN6ox.png
Punto TV Digital 40 [Geo-blocked],https://ss2.tvrdomi.com:1936/puntotvdigital/puntotvdigital/playlist.m3u8,网络源,https://puntotvdigital.net/wp-content/uploads/2024/02/logo.png
Pura Palabra (718p) [Not 24/7],https://59825a54e4454.streamlock.net:8443/william233/william233/playlist.m3u8,网络源,https://i.imgur.com/nl5vyIw.png
Puranoticia TV (720p),https://pnt.janusmedia.tv/hls/pnt.m3u8,网络源,https://i.imgur.com/NklUi6Y.png
Puringla TV,https://stmv2.srvif.com/puringla/puringla/playlist.m3u8,网络源,https://i.imgur.com/CGyjxPO.jpg
Pursuit Channel (720p),https://a-cdn.klowdtv.com/live3/pursuit_720p/playlist.m3u8,网络源,https://upload.wikimedia.org/wikipedia/en/d/d6/Pursuit_Channel_logo.png
PursuitUP (1080p),https://d1p1siomv3cm7b.cloudfront.net/playlist.m3u8,网络源,https://i.imgur.com/5Vzwqts.png
Puruwa TV (1080p),https://live.tvcontrolcp.com:1936/puruwatv/puruwatv/playlist.m3u8,网络源,https://i.imgur.com/CYldC2R.png
Puthiya Thalaimurai (576p),https://mumt07.tangotv.in/zHjX9OFlPUTHIYAEXPRESS/index.m3u8,网络源,https://dtil.tmsimg.com/assets/s143692_ld_h15_aa.png?lock=720x540
Puthuyugam TV (576p),https://mumt04.tangotv.in/m18aqlK4PUTHUYUGAMTV/index.m3u8,网络源,https://dtil.tmsimg.com/assets/s143693_ld_h15_aa.png?lock=720x540
Puto TV Classic TV Crime Drama,https://jmp2.uk/plu-696e61287d2afdec4ff2cb75.m3u8,网络源,https://images.pluto.tv/channels/696e61287d2afdec4ff2cb75/colorLogoPNG_1768842232781.png
PVTV (720p),http://78.47.126.198:5080/LiveApp/streams/902003217052313577741820.m3u8?token=null,网络源,https://i.imgur.com/eKXPBFb.png
Q TV (576p),https://mumt05.tangotv.in/87NeALx2THEQ/index.m3u8,网络源,https://www.theq.tv/wp-content/uploads/2023/10/The-Q-new-Logo.png
Q'hubo TV (410p) [Not 24/7],https://5e85d90130e77.streamlock.net/6024/6024/playlist.m3u8,网络源,https://i.imgur.com/yZmnfvj.png
Q-Music (1080p),https://live-video.dpgmedia.net/e087512ad0c32643/out/v1/82d59bbe343b4d0896f829c59da82dc0/index.m3u8,网络源,https://i.imgur.com/VX5e9Xt.png
Qaf TV (1080p),https://customer-9vqui33qma2rownb.cloudflarestream.com/7792e558fe54e23bdd4b462ec275cdba/manifest/video.m3u8,网络源,https://i.imgur.com/hrk7Uce.png
Qaraqalpaqstan (720p),https://stream8.cinerama.uz/1467/playlist.m3u8,网络源,https://i.imgur.com/G3qrUJh.png
Qatar Television 2 (1080p),https://live.kwikmotion.com/qtv2live/qtv2.smil/playlist.m3u8,网络源,https://i.imgur.com/iWJxDUm.png
Qatar Television (1080p),https://live.kwikmotion.com/qtv1live/qtv1.smil/playlist.m3u8,网络源,https://i.imgur.com/N5RB4sp.png
Qatar TV The Holy Quran (1080p),https://qatartv.akamaized.net/hls/live/20000612/qtvquran/master.m3u8,网络源,https://www.qmc.qa/img/LiveChannels/1ca67a44-9290-4b2a-8a16-d8c6e2260816.jpg
Qausain TV (720p),https://acasmedia3.acangroup.org/qausaintv/qausaintv_output/playlist.m3u8,网络源,https://i.ibb.co/N70QyQ7/Qausain-TV-logo.png
Qazaqstan HD (1080p),http://stream.mcquack.net/71/index.m3u8,网络源,https://i.imgur.com/oI8g396.png
Qazaqstan International,https://stream8.cinerama.uz/1431/tracks-v1a1/mono.m3u8,网络源,https://cdn.qazaqstan.tv/qazaqstan.png?w=420&h=196&format=png&resize=aspectfill&g=centeralt=
QazSport (1080p),http://stream.mcquack.net/72/index.m3u8,网络源,https://i.imgur.com/UDJ0P5Q.png
Qazvin TV,https://ncdn.telewebion.ir/qazvin/live/playlist.m3u8,网络源,https://upload.wikimedia.org/wikipedia/commons/thumb/5/57/QazvinTV.svg/960px-QazvinTV.svg.png
QBC (1080p),https://googlecdn1.alkassdigital.net/livestream/qbc4/main.m3u8,网络源,https://www.qbc.news/_next/static/media/logo.0~2x9wpd284~a.svg
Qello Concerts by Stingray (1080p),https://lotus.stingray.com/manifest/qello-qello001-montreal/samsungtvplus/master.m3u8,网络源,https://i.imgur.com/IRyFTWq.png
Qinghai TV (576p),http://39.134.115.163:8080/PLTV/88888910/224/3221225727/index.m3u8,网络源,https://i.imgur.com/Nyuxo8S.png
Qmusic (720p),https://stream.qmusic.nl/qmusic/videohls.m3u8,网络源,https://i.imgur.com/fMTuqDu.png
Qollasuyo TV (720p),https://live-evg5.tv360.bitel.com.pe/bitel/qollasuyotv/playlist.m3u8,网络源,https://i.imgur.com/6bi7fGB.jpeg
Qonaev Media,https://s.qonaevtv.kz/live/qonaev/playlist.m3u8,网络源,https://i.imgur.com/JLlqgdp.png
Qosqo Times (720p),https://live-evg5.tv360.bitel.com.pe/bitel/qosqo/playlist.m3u8,网络源,https://i.imgur.com/oWJauwQ.png
Qostanai (576p) [Not 24/7],https://stream.kaztrk.kz/regional/kostanaytv/index.m3u8,网络源,https://i.imgur.com/eOz4xJ8.png
QPVN HD (1080p),https://liveh12.vtvprime.vn/hls/QPTV/index.m3u8,网络源,https://i.imgur.com/GQO7UNu.png
QTV Gambia (720p) [Not 24/7],https://player.qtv.gm/hls/live.stream.m3u8,网络源,https://i.imgur.com/ZsTuADb.png
QTV-1,http://video10.qtv.com.cn/drm/qtv1at/manifest.m3u8,网络源,https://www.tvchinese.net/uploads/tv/qdtv1.jpg
QTV-2,http://video10.qtv.com.cn/drm/qtv2at/manifest.m3u8,网络源,https://www.tvchinese.net/uploads/tv/qdtv2.jpg
QTV-3,http://video10.qtv.com.cn/drm/qtv3at/manifest.m3u8,网络源,https://www.tvchinese.net/uploads/tv/qdtv3.jpg
QTV-4,http://video10.qtv.com.cn/drm/qtv4at/manifest.m3u8,网络源,https://www.tvchinese.net/uploads/tv/qdtv4.jpg
QTV-5,http://video10.qtv.com.cn/drm/qtv5at/manifest.m3u8,网络源,https://www.tvchinese.net/uploads/tv/qdtv5.jpg
QTV-6,http://video10.qtv.com.cn/drm/qtv6at/manifest.m3u8,网络源,https://www.tvchinese.net/uploads/tv/qdtv6.jpg
QU4TRE Liege Media (1080p),https://tvlocales-live.freecaster.com/rtc/95d2f6ec-22f7-4027-b23d-d5372116b2ad/95d2f6ec-22f7-4027-b23d-d5372116b2ad.isml/master.m3u8,网络源,https://i.imgur.com/GHFuvmZ.png
Quantica TV,https://videostream.shockmedia.com.ar:19360/quanticatv/quanticatv.m3u8,网络源,https://i.imgur.com/6f8EYC2.jpeg
Quarto Canale Flegreo (720p),https://live.mariatvcdn.com/dialogos/171e41deedf405f10c7dd6311387fb43.sdp/playlist.m3u8,网络源,https://i.imgur.com/XfNSWp0.png
Qub TV,https://live.djemba.ro/memfs/474f9942-f72b-4130-817a-435cd54b2c36.m3u8,网络源,https://i.imgur.com/GvyF2Wh.png
Quest TV (240p) [Not 24/7],https://media2.streambrothers.com:19360/8028/8028.m3u8,网络源,https://i.imgur.com/4ATTIQi.png
Quince UCR (720p) [Not 24/7],http://163.178.170.127:1935/quinceucr/quinceucr/playlist.m3u8,网络源,https://i.imgur.com/U7DUlem.png
Quo Vadis TV (720p),https://tgn.bozztv.com/qvtv/qvtv-web/playlist.m3u8,网络源,https://i.imgur.com/pEqDDHl.png
Quran TV (Iran),https://ncdn.telewebion.ir/quran/live/playlist.m3u8,网络源,https://upload.wikimedia.org/wikipedia/fa/d/df/Quarntvlogo.png
Quran TV (Pakistan) (576p),http://103.250.28.74:8000/play/a03e/index.m3u8,网络源,https://i.imgur.com/nc7X3Ux.png
QVC2 (720p),https://qvc-amd-live.akamaized.net/hls/live/2034113/lsqvc2us/master.m3u8,网络源,https://static.wikia.nocookie.net/logopedia/images/a/ab/QVC2_%282017%29.svg/revision/latest/scale-to-width-down/512
QVC3 (1080p),https://qvc-amd-live.akamaized.net/hls/live/2034113/lsqvc3us/master.m3u8,网络源,https://i.imgur.com/edswdOO.png
QVC (Germany) (720p),https://qvcde-live.akamaized.net/hls/live/2097104/qvc/master.m3u8,网络源,https://i.imgur.com/EybRtsI.png
QVC (Italy) (540p),https://qrg.akamaized.net/hls/live/2017383/lsqvc1it/master.m3u8,网络源,https://i.imgur.com/6TWUVrh.png
QVC (Japan) (1080p),https://d1flvb4iqlercm.cloudfront.net/live/live_1080p_2nd.m3u8,网络源,https://i.imgur.com/6TWUVrh.png
QVC (United Kingdom) (540p),https://qvcuk-live.akamaized.net/hls/live/2097112/qvc/master.m3u8,网络源,https://i.imgur.com/6TWUVrh.png
QVC (United States) (720p),https://qvc-amd-live.akamaized.net/hls/live/2034113/lsqvc1us/master.m3u8,网络源,https://play-lh.googleusercontent.com/58IEgCECrId5YdLMZWL9ohHzyZCY1lNduLVxK9QF1P5EZuSIJScTWEMaw2efd88zMkc
QVC Beauty (540p),https://qvcuk-live.akamaized.net/hls/live/2097112/qby/master.m3u8,网络源,https://i.imgur.com/ZBHtqk1.png
QVC Extra (540p),https://qvcuk-live.akamaized.net/hls/live/2097112/qex/master.m3u8,网络源,https://i.imgur.com/TIe5T9Z.png
QVC Style (Germany) (540p),https://qvcde-live.akamaized.net/hls/live/2097104/qby/master.m3u8,网络源,https://i.imgur.com/DwdkHGj.png
QVC Style (United Kingdom) (540p),https://qvcuk-live.akamaized.net/hls/live/2097112/qst/master.m3u8,网络源,https://i.imgur.com/6HZlLL3.png
QVC Zwei (540p),https://qvcde-live.akamaized.net/hls/live/2097104/qps/master.m3u8,网络源,https://i.imgur.com/f94kPed.png
Qwest TV (1080p),https://qwestjazz-rakuten.amagi.tv/hls/amagi_hls_data_rakutenAA-qwestjazz-rakuten/CDN/master.m3u8,网络源,https://i.imgur.com/DjgNNHK.png
Qwest TV Jazz & Beyond (1080p),https://samsungau-qwestjazz-samsungtv-zw2jc.amagi.tv/playlist/samsungau-qwestjazz-samsungtv/playlist.m3u8,网络源,https://i.imgur.com/89yWH5L.png
Qyzyljar (720p),https://stream.kaztrk.kz/regional/petropavltv/index.m3u8,网络源,https://i.imgur.com/7l1WSDJ.png
Qyzylorda (720p),https://stream.kaztrk.kz/regional/kyzylordatv/index.m3u8,网络源,https://i.imgur.com/r4BFQpE.png
r8Dio TV,https://jmp2.uk/plu-698ddf5a8c21a5f2d64c14a8.m3u8,网络源,https://images.pluto.tv/channels/698ddf5a8c21a5f2d64c14a8/colorLogoPNG_1774610552478.png
R9 (720p) [Not 24/7],https://ms01.w24.at/R9/smil:liveeventR9.smil/playlist.m3u8,网络源,https://i.imgur.com/SVJiXxh.png
R Channel,http://180.180.243.239/streams/3/hls,网络源,https://raw.githubusercontent.com/songwenhui239/Songwenhui239/refs/heads/main/R%20Channel.png
R Plus (768p),https://thelegitpro.in/pntv/rplusnews24x7/index.m3u8,网络源,https://i.imgur.com/XUnWcZF.png
R Plus Gold (720p),https://cdn.pishow.tv/ott/live/1231/master.m3u8,网络源,https://i.imgur.com/dpI7XPC.png
R Television [Not 24/7],https://vdopanel.jlahozconsulting.com/p/3142/hybrid/play.m3u8,网络源,https://www.vivalivetv.com/public/files/shows/0/1/3039-294x165-FFFFFF.jpg
R&E TV (480p) [Not 24/7],https://cloud2.streaminglivehd.com:1936/8072/8072/playlist.m3u8,网络源,https://i.imgur.com/HpKQYp3.png
Raajje TV,https://raajjetv.yarr-myn.workers.dev/RaajjeTv.m3u8,网络源,https://i.imgur.com/QxdkiCZ.png
Raatdin Bangla (720p),https://server.playontv.in/raatdinbangla/index.m3u8,网络源,https://jiotvimages.cdn.jio.com/dare_images/images/raatdinbangla.png
Raavi TV (576p) [Not 24/7],http://116.90.120.149:8000/play/a01f/index.m3u8,网络源,https://i.imgur.com/Sdvg5h2.png
Rabeh Saqer (1080p),https://shd-amg-fast.edgenextcdn.net/tx004/playlist.m3u8,网络源,https://shahid.mbc.net/mediaObject/b98b0635-c8ed-4a7c-9efa-5856e278f54b?type=png
RACER International (1080p),https://amg00378-mavtv-amg00378c2-rakuten-us-1048.playouts.now.amagi.tv/playlist/amg00378-mavtvfast-motorsportsnetwork-rakutenus/playlist.m3u8,网络源,https://provider-static.plex.tv/epg/cms/production/dd4e5871-4347-49e3-9ea1-a8770ea9c518/RACER_Intl_logo_1500x1000.png
Racer Network (1080p),https://amg00378-mavtv-amg00378c2-samsung-au-1790.playouts.now.amagi.tv/playlist/amg00378-mavtvfast-motorsportsnetwork-samsungau/playlist.m3u8,网络源,https://upload.wikimedia.org/wikipedia/en/7/74/Racer_Network.jpg
Racer Select (1080p),https://amg00378-amg00378c4-freelivesports-emea-5637.playouts.now.amagi.tv/playlist.m3u8,网络源,https://i.imgur.com/CurtYvn.png
Racing.com (720p),https://racingvic-i.akamaized.net/hls/live/598695/racingvic/index1500.m3u8,网络源,https://i.imgur.com/Q55HX1O.png
Radar Tasikmalaya TV (720p) [Not 24/7],https://v2.siar.us/radartasikmalaya/live/playlist.m3u8,网络源,https://upload.wikimedia.org/wikipedia/commons/1/1a/Logo_Radar_Tasikmalaya_TV.png
RadiantTV (1080p),https://rpn.bozztv.com/radiant/radiant/radiant/index.m3u8,网络源,https://static.wixstatic.com/media/ba7a6c_6cc667c69cf24b94934b9d7f2e9853a5~mv2.png
Radio 1 (Belgium) (720p),https://live.vrtcdn.be/groupa/live/3c3a12b5-093d-4a19-ae1f-3e775433286e/live.isml/.m3u8,网络源,https://i.ibb.co/pwCs0YY/512px-VRT-Radio-1-logo-svg.png
Radio 1 (Russia) (720p) [Geo-blocked],https://stream.radio1.ru/memfs/49dee7fe-77ba-4e6b-8cdc-fa840535b242.m3u8,网络源,https://radiopotok.ru/f/station/512/1812.png
Radio 2 (720p),https://live.vrtcdn.be/groupa/live/66a9668e-b37b-4de2-878e-0218563b2dd2/live.isml/.m3u8,网络源,https://i.ibb.co/47mc8nJ/VRT-Radio-2-2022-svg.png
Radio 3 (720p),https://rtvelivestream.rtve.es/rtvesec/rne/rne3_main.m3u8,网络源,https://upload.wikimedia.org/wikipedia/commons/thumb/1/1b/RNE_Radio_3_2026.svg/500px-RNE_Radio_3_2026.svg.png
Radio 3i (720p),https://vstream-cdn.ch/hls/radio3i.m3u8,网络源,https://i.imgur.com/0Kmh49G.png
Radio 10 (720p),https://radio10.prd1.talpatvcdn.nl/2b725bc7c93f477eaf0e43955ea8a6c1/index.m3u8,网络源,https://i.imgur.com/2oGtj7r.png
Radio 21 TV (720p),https://live.creacast.com/radio21/smil:radio21.smil/playlist.m3u8,网络源,https://i.imgur.com/u8OhwI1.png
Radio 51 TV (480p) [Geo-blocked],http://178.32.140.155/canale51/canale51/playlist.m3u8,网络源,https://i.imgur.com/UupkBt6.png
Radio 350 (360p) [Not 24/7],https://stream.radio350.nl/hls/radio350.m3u8,网络源,https://i.imgur.com/3nkzXup.png
Radio 538 (270p),https://radio538.prd1.talpatvcdn.nl/22e9bbf9616547d7bc162c993009c533/index.m3u8,网络源,https://i.imgur.com/sd7BX9H.png
Radio Aalsmeer TV (720p) [Not 24/7],https://radioaalsmeer.nl:4443/live/tv.m3u8,网络源,https://i.imgur.com/SYzjLlI.png
Radio Albalad TV (720p),http://streaming.zaytonatube.com:8080/radioalbalad/radioalbalad/playlist.m3u8,网络源,https://upload.wikimedia.org/wikipedia/commons/7/71/Nothing_whitespace_blank.png
Radio America TV (720p),https://v2.tustreaming.cl/americamovil/index.m3u8,网络源,https://i.imgur.com/8DXWU8z.png
Radio Ancoa TV (720p),https://v2.tustreaming.cl/radioancoatv/index.m3u8,网络源,https://cdn.m3u.cl/logo/406_Radio_Ancoa_TV.png
Radio Ancon (720p),https://www.streaming507.net:19360/anconvideo/anconvideo.m3u8,网络源,https://i.imgur.com/xum8PNe.jpg
Radio Armonia TV (720p),https://v2.tustreaming.cl/armoniamovil/index.m3u8,网络源,https://i.imgur.com/puWBnP3.png
Radio Birikina TV (720p) [Not 24/7],https://56b50ada2d659.streamlock.net/RadioBirikinaTV/livestream/playlist.m3u8,网络源,https://i.imgur.com/CFAx6m5.png
Radio Bocairent TV (1080p) [Not 24/7],http://185.81.77.4/BocairentTV/index.m3u8,网络源,https://i.imgur.com/MzUQtrl.png
Radio Bonita 106.7 (720p),https://cloudvideo.servers10.com:8081/8154/index.m3u8,网络源,https://i.imgur.com/IvZtqyz.png
Radio Bremen Fernsehen (1080p) [Geo-blocked],https://rbhlslive.akamaized.net/hls/live/2020435/rbfs/master.m3u8,网络源,https://i.imgur.com/wsTOcuX.png
Radio Capital TiVu (720p),https://4c4b867c89244861ac216426883d1ad0.msvdn.net/live/S35394734/Z6U2wGoDYANk/playlist.m3u8,网络源,https://upload.wikimedia.org/wikipedia/it/3/38/Radio_Capital_logo_%282020%29.svg
Radio Carnaval TV (720p) [Not 24/7],https://eu1.servers10.com:8081/8116/index.m3u8,网络源,https://i.imgur.com/cdpbkSo.png
Radio Centro (720p),https://streamlov.alsolnet.com/grupocentrobo/live/playlist.m3u8,网络源,https://static2.mytuner.mobi/media/tvos_radios/574/radio-centro-fm.e939fb1e.png
Radio Chalaca,https://servilive.com:3414/hybrid/play.m3u8,网络源,https://i.imgur.com/9A6DBG7.png
Radio Chiloe (720p),https://videostream.chileservidores.com:8081/chiloe1/index.m3u8,网络源,https://cdn.m3u.cl/logo/409_Radio_Chiloe.png
Radio Clasica TV (720p),https://ares.disfrutaenlared.com:1936/clasica/clasica/playlist.m3u8,网络源,https://radioclasicapotosi.com/players/nexoplayer/assets/logo.png
Radio Coatan Canal 21,https://s2.tvdatta.com:3112/hybrid/play.m3u8,网络源,https://i.imgur.com/569xc5o.png
Radio Colmenar 92.5 FM,https://tvdatta.com:3041/live/colmenarlive.m3u8,网络源,https://i.imgur.com/LniNLO1.jpeg
Radio Conexion Web TV (720p),https://tuvideoonline.com.ar:3391/live/radioconexionlive.m3u8,网络源,https://i.imgur.com/pXS38zo.png
Radio Contact (1080p),https://contact-live-hls.akamaized.net/hls/live/2038650/CONTACT-Live-HLS/master.m3u8,网络源,https://i.imgur.com/32mmGvB.png
Radio Contemporanea Coihueco (720p),https://tv.arkeo.cl:19360/8046/8046.m3u8,网络源,https://cdn.m3u.cl/logo/1493_Radio_Contemporanea_Coihueco.png
Radio Cuenca Estereo (720p),https://eu1.servers10.com:8081/8074/index.m3u8,网络源,https://i.imgur.com/qZzSOeU.png
RADIO DISCOunt TV (1080p),https://585b674743bbb.streamlock.net/9030/9030/playlist.m3u8,网络源,https://i.imgur.com/ScNYMmx.png
Radio Duna (720p),https://mdstrm.com/live-stream-playlist/67ed8a8d6db4af9a0188555c.m3u8,网络源,https://cdn.m3u.cl/logo/427_Radio_Duna.png
Radio Edelweiss (720p),https://vmix.dyndns.biz/Edelweiss/index.m3u8,网络源,https://cdn.m3u.cl/logo/1313_Radio_Edelweiss.png
Radio El Sembrador (720p),https://tv.arkeo.cl:1936/elsembrador/elsembrador/playlist.m3u8,网络源,https://i.imgur.com/gBpMAc3.png
Radio Fann Jordan Studio (1080p) [Not 24/7],http://45.63.116.205/hls2/stream1.m3u8,网络源,https://cdn-profiles.tunein.com/s142626/images/logod.jpg
Radio Fantasia TV (720p),https://v2.tustreaming.cl/fantasiatv/index.m3u8,网络源,https://cdn.m3u.cl/logo/389_Radio_Fantasia_TV.png
Radio Fantastica 98.9 FM (1080p),http://190.107.232.9:8082/livestream/stream.m3u8,网络源,https://i.imgur.com/mpcIbrH.jpg
Radio Fiessta (720p),https://www.cloudscriptdog.cl:19360/fiesta-video-01/fiesta-video-01.m3u8,网络源,https://cdn.m3u.cl/logo/401_Radio_Fiessta.png
Radio Fiesta de Milagros TV (1080p),https://tv.webmedialive.com/fiestatv/live/playlist.m3u8,网络源,https://i.imgur.com/hqYPAYL.png
Radio Frecuencia Uno (720p),https://v1.tustreaming.cl/frecuencia1tv/index.m3u8,网络源,https://cdn.m3u.cl/logo/1646_Radio_Frecuencia_Uno.png
Radio Fx Net (720p),https://streamlov.alsolnet.com/radiofxnet/live/playlist.m3u8,网络源,https://radiofxnet.ro/wp-content/uploads/2021/03/cropped-cropped-cropped-cropped-Radio_FX_Net_logo-1-1.png
Radio Guaira TV,https://tvdatta.com:3991/live/guairatvlive.m3u8,网络源,https://i.imgur.com/kLanG1t.jpeg
Radio Hit FM TV (720p),https://peer2.tdiradio.com/static/streaming-playlists/hls/bab99862-ec1c-474f-9a02-4f8c8677d565/0.m3u8,网络源,https://i.imgur.com/gP2OT4S.png
Radio Hogar (720p),https://www.streaming507.net:19360/videoradiohogar/videoradiohogar.m3u8,网络源,https://i.imgur.com/P4A1Zwl.jpg
Radio Ibiza TV (720p) [Not 24/7],https://5929b138b139d.streamlock.net/RadioIbizaTV/livestream/playlist.m3u8,网络源,https://i.imgur.com/KfFqYQi.png
Radio Ideal (720p) [Not 24/7],https://www.idealfm104-7.com/hls/0/stream.m3u8,网络源,https://i.imgur.com/chPfoOs.png
Radio Iglesias (576p) [Geo-blocked],http://wms.shared.streamshow.it/visualradio/mp4:visualradio/playlist.m3u8,网络源,https://i.imgur.com/2OXQpZM.png
Radio Iglesias Sardegna (576p) [Geo-blocked],https://59d7d6f47d7fc.streamlock.net/visualradio/visualradio/playlist.m3u8,网络源,https://i.imgur.com/KDtVpLl.png
Radio Impacto 2 (288p) [Not 24/7],https://panel.streamingtv-mediacp.online:1936/jawepvrvyz/jawepvrvyz/playlist.m3u8,网络源,https://i.imgur.com/YvK1hm7.png
Radio Isla TV (720p),https://59a564764e2b6.streamlock.net/palestra/palestra/playlist.m3u8,网络源,https://i.ibb.co/PDThYr5/Logo-Radio-Isla.png
Radio JND (1080p),https://radiojnd.cdn.hostin.cc/radiojnd/playlist.m3u8,网络源,https://i.imgur.com/nyVlZeL.png
Radio Karolina TV (720p),https://peer2.tdiradio.com/static/streaming-playlists/hls/4207de1d-52e8-4591-ad9e-218069b864d1/0.m3u8,网络源,https://i.imgur.com/g2HpLX1.png
Radio Kollasuyo (720p),https://azura2.bitstreaming.net/hls/kollasuyo3/live.m3u8,网络源,https://kollasuyobucket.s3.amazonaws.com/wp_files/2022/08/01/rk-white-500.png
Radio La Serena TV (720p),https://5ff3d9babae13.streamlock.net/chrgkqgkyb/chrgkqgkyb/playlist.m3u8,网络源,https://i.imgur.com/65ftM3v.png
Radio Las Nieves (720p),https://v2.tustreaming.cl/rln/index.m3u8,网络源,https://cdn.m3u.cl/logo/408_Radio_Las_Nieves.png
Radio Lola TV (720p) [Not 24/7],https://peer2.tdiradio.com/static/streaming-playlists/hls/7c3ea8d3-49dc-4e1b-8b1e-dc6fab71f5cf/0.m3u8,网络源,https://i.imgur.com/41eE8fl.png
Radio Maria TV (1080p),https://radiomaria.inovanex.stream/stream.m3u8,网络源,https://upload.wikimedia.org/wikipedia/fr/1/1f/Radio_Maria_logo.png
Radio Master (720p),https://videoserver.tmcreativos.com:19360/radiomaster/radiomaster.m3u8,网络源,https://i.imgur.com/AUoxyzP.png
Radio Mega TV Amazonia (720p),https://ares.disfrutaenlared.com:1936/megatv/megatv/playlist.m3u8,网络源,https://i.imgur.com/yzSNWZ3.png
Radio Mir (720p),https://stream1.dc.beltelecom.by/radiomir/studio.stream/playlist.m3u8,网络源,https://pbs.twimg.com/profile_images/1902997619724480512/jY6I1qIH_400x400.jpg
Radio Moldova,https://radiolive.trm.md/hls_rma/actualitati.m3u8,网络源,https://i.imgur.com/wNifDCo.png
Radio Moldova Muzical,https://radiolive.trm.md:8001/hls_rmm/muzical.m3u8,网络源,https://i.imgur.com/ZFHWst4.png
Radio Moldova Tineret (1080p),https://radiolive.trm.md:8001/hls_rmt/tineret.m3u8,网络源,https://i.imgur.com/h2oZuyc.png
Radio Monumental TV (720p) [Not 24/7],https://cloud37.ecuatel.com/monumentaltv/live/manifest.m3u8,网络源,https://i.imgur.com/a97MaV2.png
Radio Norba TV (1080p),https://stream12.xdevel.com/video0s975885-2349/stream/playlist_dvr.m3u8,网络源,https://i.imgur.com/Tucoyzy.png
Radio Nuble (720p),https://tv.telselec.cl:3376/live/nublefmlive.m3u8,网络源,https://cdn.m3u.cl/logo/870_Radio_Nuble.png
Radio Number One (720p) [Not 24/7],https://56b50ada2d659.streamlock.net/RN1TV/livestream/playlist.m3u8,网络源,https://i.imgur.com/8cpuaG5.png
Radio Omega TV (720p) [Not 24/7],https://5caf24a595d94.streamlock.net:1937/8142/8142/playlist.m3u8,网络源,https://i.ibb.co/nfJhQMx/Bj7qf5-Tb-Z9.jpg
Radio Onda Digital (1080p),https://live.ondadigitaltv.com/RADIOODTV/index.m3u8,网络源,https://i.imgur.com/Lid5RTv.png
Radio Panoramica (720p),https://v2.tustreaming.cl/alingeproducciones/index.m3u8,网络源,https://cdn.m3u.cl/logo/1502_Radio_Panoramica.png
Radio Piter Pan TV (720p) [Not 24/7],https://58d921499d3d3.streamlock.net/RadioPiterpanTV/livestream/playlist.m3u8,网络源,https://i.imgur.com/hbqVWV4.png
Radio Popular TV,https://tv.arkeo.cl:19360/8052/8052.m3u8,网络源,https://i.imgur.com/71U0wTN.png
Radio Pudahuel (720p),https://unlimited2-cl-isp.dps.live/pudahueltv/pudahueltv.smil/playlist.m3u8,网络源,https://cdn.m3u.cl/logo/429_Pudahuel_FM.png
Radio RAM (1080p),https://1888165924.rsc.cdn77.org/live/RadioRAM/playlist.m3u8,网络源,https://i.ibb.co/LXbchP5q/logo-1.png
Radio Rancagua FM (720p),https://tv.arkeo.cl:1936/radiorancagua/radiorancagua/playlist.m3u8,网络源,https://i.imgur.com/ZzUc6je.png
Radio Realpolitik (720p),https://vivo.solumedia.com:19360/realpolitik/realpolitik.m3u8,网络源,https://i.imgur.com/L9KCdTX.png
Radio Ritmo FM (1080p) [Not 24/7],https://panel.tvstream.cl:1936/8046/8046/playlist.m3u8,网络源,https://i.imgur.com/qU3E0kX.png
Radio Romania 3Net (480p),https://media.3netmedia.ro/hls/stream.m3u8,网络源,https://www.radio3net.ro/img/logos/logo_3.png
Radio Romania Antena Satelor (720p) [Not 24/7],https://stream3.srr.ro/live/AntenaSatelor/playlist.m3u8,网络源,https://www.antenasatelor.ro/templates/default/images/custom/logo-main.svg
Radio Rossii (720p),https://stream.smotrim.ru/hls2/radio_rus/playlist_4.m3u8,网络源,https://upload.wikimedia.org/wikipedia/commons/thumb/b/bb/Radio_Rossii_logo.svg/1920px-Radio_Rossii_logo.svg.png
Radio Rumba TV (720p),https://live-evg7.tv360.bitel.com.pe/bitel/rumba/playlist.m3u8,网络源,https://i.imgur.com/BYcxI03.png
Radio San Borja TV (1080p),https://stream.mediacorp.pe/srt/3/playlist.m3u8,网络源,https://i.imgur.com/75dJBtH.png
Radio San Cristobal 88.7 FM,https://video.wilohosting.com:19360/sancristobalfm/sancristobalfm.m3u8,网络源,https://i.imgur.com/zaJhBdj.png
Radio San Gabriel (720p),https://twitch-m3u8.bastypro112.workers.dev/radiosangabrielbolivia/index.m3u8,网络源,https://static.mytuner.mobi/media/tvos_radios/bec3csmj7emx.jpg
Radio Shanson (720p) [Not 24/7],http://chanson-video.hostingradio.ru:8080/hls/chansonabr/live.m3u8,网络源,https://i.imgur.com/lbqM3K2.png
Radio Sines (720p) [Geo-blocked],https://load-balancer.azotosolutions.com/cdnedge19/smil:live19.smil/playlist.m3u8,网络源,https://i.imgur.com/Oe6F1nL.png
Radio Stad den Haag (720p),https://rsdh.cloud-streams.com/rsdh/rsdh/playlist.m3u8,网络源,https://i.imgur.com/ANK36EQ.png
Radio Studio Delta TV (1080p) [Not 24/7],https://5ce9406b73c33.streamlock.net/RSD/ngrp:livestream_all/playlist.m3u8,网络源,https://i.imgur.com/xJqVOpn.png
Radio Sublime Gracia TV (720p),https://5f700d5b2c46f.streamlock.net/sublime/sublime/playlist.m3u8,网络源,https://i.ibb.co/P9jgTz4/c49b986afb751882bcbee57f9c9b20d7-350x210.png
Radio Suyai TV (1080p),https://cl-2.backend.energeek.cl/RadioSuyai-Neo/index.m3u8,网络源,https://stream-tools.zenomedia.com/content/stations/883465cc-a2ee-418a-972d-2c937707687d/image/?keep=w&lu=1775615385000&resize=350x350
Radio SWH TV (1080p),https://00ff00.latnet.media/edge/swh_tv.smil/playlist.m3u8,网络源,https://i.imgur.com/cFrNsXn.png
Radio Taormina Sicilia (720p) [Not 24/7],https://stream2.xdevel.com/video1s3-7/stream/playlist.m3u8,网络源,https://i.imgur.com/SrhtocV.png
Radio Tele 4VEH (720p),https://uni01rtmp.tulix.tv/4vehtv/4vehtv-firetv/playlist.m3u8,网络源,https://i.imgur.com/AnOjqaS.png
Radio Tele Amen FM (360p) [Not 24/7],http://184.173.179.163:1935/daniel/daniel/playlist.m3u8,网络源,https://i.imgur.com/MTaFdHE.png
Radio Tele Evangile Sans Limite,https://5790d294af2dc.streamlock.net/8124/8124/chunklist.m3u8,网络源,https://i.imgur.com/CL32kFA.png
Radio Tele Full Gospel,https://f-tx-edge-87.christianworldmedia.com/EJCFG/mp4:EJCFG/playlist.m3u8,网络源,https://i.imgur.com/WbwIp9y.jpeg
Radio Tele Ginen,http://teleginen.srfms.com:1935/teleginen/livestream/playlist.m3u8,网络源,https://i.imgur.com/ESlt16G.png
Radio Tele Hit (480p),https://59d39900ebfb8.streamlock.net/RadioTelehit/RadioTelehit/playlist.m3u8,网络源,https://i.ibb.co/Gt2QDgf/cropped-transparent2-103x70.png
Radio Tele Kajou (480p) [Not 24/7],https://59d39900ebfb8.streamlock.net/RadioTelekAJOU/RadioTelekAJOU/playlist.m3u8,网络源,https://i.ibb.co/1MhvJ3B/logork.png
Radio Tele Planet Compas (720p) [Not 24/7],https://5dcab9aed5331.streamlock.net/mrcompas1/livestream/playlist.m3u8,网络源,https://i.imgur.com/ddb4lsa.png
Radio Tele Puissance,https://video1.getstreamhosting.com:1936/8560/8560/playlist.m3u8,网络源,https://i.imgur.com/ZLPwJug.png
Radio Tele Sentinel,https://59d39900ebfb8.streamlock.net/radiotelesentinel/radiotelesentinel/playlist.m3u8,网络源,https://i.imgur.com/hy3BJxj.png
Radio Tele Wisdom (360p) [Not 24/7],https://59d39900ebfb8.streamlock.net/daniel/daniel/playlist.m3u8,网络源,https://i.ibb.co/DQksC23/unnamed-1.jpg
Radio Television Marbella (720p),https://streaming.rtvmarbella.tv/hls/streamingweb.m3u8,网络源,https://i.imgur.com/o9Ro8TR.png
Radio Television Shilo (720p) [Not 24/7],https://watch.haitilive.net/freehb/rtvs/index.m3u8,网络源,https://cdn.onlineradiobox.com/img/l/0/98960.v3.png
Radio Televizija Banovina (1080p) [Not 24/7],https://pool.alter-media.hr:1936/live/myStream/playlist.m3u8?DVR=,网络源,https://i.imgur.com/gCFgC5D.png
Radio televizija Rozaje (614p) [Not 24/7],https://glb.bozztv.com/glb/ssh101/tvrozaje/index.m3u8,网络源,https://i.imgur.com/vTZjEC5.png
Radio Tropical (480p) [Not 24/7],https://videoserver.tmcreativos.com:19360/raditropical/raditropical.m3u8,网络源,https://i.imgur.com/TBPVOBI.png
Radio TV Basse-Terre (720p),https://vdo.ssl-stream.com:3412/stream/play.m3u8,网络源,https://i.imgur.com/OvnRplq.png
Radio TV El Arca del Pacto (1080p),https://video.wilohosting.com:19360/radiotvelarcadelpacto/radiotvelarcadelpacto.m3u8,网络源,https://i.imgur.com/Oq0i3Rb.png
Radio TV Neuquen (720p) [Not 24/7],https://media.neuquen.gov.ar/rtn/television/playlist.m3u8,网络源,https://i.imgur.com/HXBLozl.png
Radio UC (720p),https://oracle.streaminghd.cl/radiouc/radiouc/playlist.m3u8,网络源,https://cdn.m3u.cl/logo/1467_Radio_UC.png
Radio UNIACC (720p),https://scl.edge.grupoz.cl/uniaccastream/live/playlist.m3u8,网络源,https://cdn.m3u.cl/logo/1744_Radio_UNIACC.png
Radio Universal (720p),https://videostream.chileservidores.com:8081/universal/index.m3u8,网络源,https://cdn.m3u.cl/logo/390_Radio_Universal.png
Radio Universitaria San Andres (720p),https://edge.enhdtv.com/8054/index.m3u8,网络源,https://tvu.umsa.bo/documents/780216/0/LogoRUSA+%283%29.jpg
Radio Uno Tacna (720p),https://live-evg7.tv360.bitel.com.pe/bitel/radiounotv/playlist.m3u8,网络源,https://i.imgur.com/PswowQP.png
Radio UP (1080p),https://iptv.ixfo.com.ar:30443/live/RadioUpTvStreaming/playlist.m3u8,网络源,https://radioup.com.ar/wp-content/uploads/2025/06/logo-radioup-footer.png
Radio USACH (720p),https://rusach2.janus.cl/playlist/stream.m3u8,网络源,https://static.mytuner.mobi/media/tvos_radios/997/radio-udesantiago.75310738.jpg
Radio Via Libre (720p),https://live20.bozztv.com/akamaissh101/ssh101/vialibretv/playlist.m3u8,网络源,https://cdn.m3u.cl/logo/396_Radio_Via_Libre.png
Radio Vida Curico (720p),https://v2.tustreaming.cl/radiovidacurico/index.m3u8,网络源,https://cdn.m3u.cl/logo/167_Radio_Vida_Curico.png
Radio Vision de Dios Stereo (720p) [Not 24/7],https://live.tvcontrolcp.com:1936/8286/8286/playlist.m3u8,网络源,https://i.imgur.com/ckY8DRW.jpg
Radio Weser TV Bremen (576p),https://5857499ee635b.streamlock.net/radiowesertv-live/_definst_/mp4:livestreamTV/playlist.m3u8,网络源,
Radio y Television Crisol de la Alegria (1080p) [Not 24/7],https://omegaingenieria.com:19360/CRisolTVdigital-Live_abr/CRisolTVdigital-Live_abr.m3u8,网络源,https://i.imgur.com/EW2z5Ko.jpg
Radio y Television Marti (720p),https://ocb-ingest.akamaized.net/hls/live/2037032/tvmc01/playlist.m3u8,网络源,https://i.imgur.com/J2ZMa4g.png
Radio Yaqeen Jordan City View (1080p) [Not 24/7],http://45.63.116.205/hls4/stream1.m3u8,网络源,https://i.imgur.com/wHOQU0R.png
Radio Yguazu TV (480p),https://live.enhdtv.com:8081/radioiguazutv/index.m3u8,网络源,https://i.imgur.com/kVi0ICm.png
Radio Zeta (1080p),https://dd782ed59e2a4e86aabf6fc508674b59.msvdn.net/live/S9346184/XEx1LqlYbNic/playlist_video.m3u8,网络源,https://i.imgur.com/K2xLMin.png
Radio Zona 90.3 (720p),https://live.tvcontrolcp.com:8081/radiozona/index.m3u8,网络源,https://cdn.m3u.cl/logo/1629_Radio_Zona_90_3.png
Radiocanal (1080p),http://204.199.3.2/.m3u8,网络源,https://i.ibb.co/NNyDWsz/download-8.png
Radiofreccia (1080p),https://dd782ed59e2a4e86aabf6fc508674b59.msvdn.net/live/S3160845/0tuSetc8UFkF/playlist_video.m3u8,网络源,https://i.imgur.com/RxeRlar.png
RadioMensaje TV (720p),https://eu1.servers10.com:8081/8230/index.m3u8,网络源,https://i.imgur.com/TJNXjS2.png
RadioNL TV (1080p) [Not 24/7],https://stream.radionl.tv/radionltv/radionltv/playlist.m3u8,网络源,https://i.imgur.com/TVaMJYB.png
Radiotele (352p),http://linkrt.ddns.net:8080/hls/rtmorelia_MID.m3u8,网络源,https://i.imgur.com/XpcCZvu.png
RadioToppers (720p),https://server-67.stream-server.nl:1936/RadioToppers/RadioToppers/playlist.m3u8,网络源,https://i.imgur.com/9OMsUd7.png
RadioTV Oriente (720p),https://live.obslivestream.com/tvoriente/index.m3u8,网络源,https://i.imgur.com/iHaFLHX.png
Radiowa Czworka (1080p),https://stream14.polskieradio.pl/pr4_video/video_pr4.stream/playlist.m3u8,网络源,https://i.imgur.com/VAtxF7k.png
Radost Moya (576p),http://31.148.48.15/Radost_moya/index.m3u8,网络源,https://i.imgur.com/B5FA62o.png
Raftaar Media (576p),https://mumt04.tangotv.in/m18aqlK4RAFTAARMEDIA/index.m3u8,网络源,https://xstreamcp-assets-msp.streamready.in/assets/LIVETV/LIVECHANNEL/LIVETV_LIVETVCHANNEL_RAFTAAR_MEDIA/images/LOGO_HD/image.png
Rai 1 (720p),https://dash2.antik.sk/live/test_rai_uno_tizen/playlist.m3u8,网络源,https://upload.wikimedia.org/wikipedia/commons/thumb/f/fa/Rai_1_-_Logo_2016.svg/960px-Rai_1_-_Logo_2016.svg.png
Rai 3 (720p),https://dash2.antik.sk/live/test_rai_tre_tizen/playlist.m3u8,网络源,https://upload.wikimedia.org/wikipedia/commons/thumb/4/47/Rai_3_-_Logo_2016.svg/960px-Rai_3_-_Logo_2016.svg.png
Rai 4 (576p),https://mediapolisevent.rai.it/relinker/relinkerServlet.htm?cont=746966,网络源,https://i.imgur.com/sEY21rg.png
Rai Gulp (576p),https://mediapolis.rai.it/relinker/relinkerServlet.htm?cont=746953,网络源,https://i.imgur.com/irAhPJM.png
Rai News 24 (720p),https://rainews1-live.akamaized.net/hls/live/598326/rainews1/rainews1/playlist.m3u8,网络源,https://i.imgur.com/n2u57y3.png
Rai News 24 HD (1080p),https://d3k8wzt41aflvx.cloudfront.net/RAINEWS24/Live.m3u8,网络源,https://i.imgur.com/n2u57y3.png
Raia TV (720p) [Not 24/7],https://goliveafrica.media:9998/live/64873b6222c93/index.m3u8,网络源,https://i.imgur.com/IyFULjw.png
Rainbow Ruby (720p),https://dt9mwqwe98q7o.cloudfront.net/master.m3u8,网络源,https://i.imgur.com/eHNU2OQ.png
Raj Digital Plus (1080p),https://livestream.rajtv.tv/hlslive/Admin/px08241087/live/RajTV_Digital_plus/master_1.m3u8,网络源,https://xstreamcp-assets-msp.streamready.in/assets/LIVETV/LIVECHANNEL/LIVETV_LIVETVCHANNEL_RAJ_DIGITAL_PLUS/images/LOGO_HD/image.png
Raj Musix Kannada (576p),https://mumt01.tangotv.in/O5aw8Zn3RAJMUSIXKANDA/index.m3u8,网络源,https://i.imgur.com/z7fhhyX.png
Raj Musix Malayalam (576p),https://cdn.pishow.tv/ott/live/1073/master.m3u8,网络源,https://xstreamcp-assets-msp.streamready.in/assets/LIVETV/LIVECHANNEL/LIVETV_LIVETVCHANNEL_RAJ_MUSIX_MALAYALAM/images/LOGO_HD/image.png
Raj Musix Tamil (1080p),https://livestream.rajtv.tv/hlslive/Admin/px08241087/live/Raj_Musix/master_1.m3u8,网络源,https://xstreamcp-assets-msp.streamready.in/assets/LIVETV/LIVECHANNEL/LIVETV_LIVETVCHANNEL_RAJ_MUSIX_TAMIL/images/LOGO_HD/image.png
Raj Musix Telugu (720p),https://cdn.pishow.tv/ott/live/1213/master.m3u8,网络源,https://xstreamcp-assets-msp.streamready.in/assets/LIVETV/LIVECHANNEL/LIVETV_LIVETVCHANNEL_RAJ_MUSIX_TELUGU/images/LOGO_HD/image.png
Raj News Kannada (576p),https://mumt03.tangotv.in/Dsly5z3HRAJNEWSKANDA/index.m3u8,网络源,https://xstreamcp-assets-msp.streamready.in/assets/LIVETV/LIVECHANNEL/LIVETV_LIVETVCHANNEL_RAJ_NEWS_KANNADA/images/LOGO_HD/image.png
Raj News Malayalam (576p),https://mumt04.tangotv.in/m18aqlK4RAJNEWSMALAYALAM/index.m3u8,网络源,https://xstreamcp-assets-msp.streamready.in/assets/LIVETV/LIVECHANNEL/LIVETV_LIVETVCHANNEL_RAJ_NEWS_MALAYALAM/images/LOGO_HD/image.png
Raj News Telugu (576p),https://mumt04.tangotv.in/m18aqlK4RAJNEWSTELUGU/index.m3u8,网络源,https://xstreamcp-assets-msp.streamready.in/assets/LIVETV/LIVECHANNEL/LIVETV_LIVETVCHANNEL_RAJ_NEWS_TELUGU/images/LOGO_HD/image.png
Raj TV (1080p),https://livestream.rajtv.tv/hlslive/Admin/px08241087/live/RAJTV/master_1.m3u8,网络源,https://xstreamcp-assets-msp.streamready.in/assets/LIVETV/LIVECHANNEL/LIVETV_LIVETVCHANNEL_RAJ_TV/images/LOGO_HD/image.png
Rajdhani TV SD (1080p),https://stream.shariarsuvo.com/hls5/rajdhanicable.m3u8,网络源,https://i.imgur.com/MBm2gPz.jpeg
Rajeen TV (1080p) [Not 24/7],https://mn-nl.mncdn.com/palabroad/live/playlist.m3u8,网络源,https://i.imgur.com/6Cx22ya.png
Rakosmente TV (720p),http://rakosmentetv.hu:8080/hls/rmtv.m3u8,网络源,https://i.imgur.com/n39a2DT.png
Rakuten TV Action Movies (1080p),https://a9c57ec7ec5e4b7daeacc6316a0bb404.mediatailor.eu-west-1.amazonaws.com/v1/master/0547f18649bd788bec7b67b746e47670f558b6b2/production-LiveChannel-6069/master.m3u8,网络源,https://i.imgur.com/Meew6eX.png
Rakuten TV Action Movies Austria (720p),https://0f846627524f4dd2995e93581379db82.mediatailor.us-east-1.amazonaws.com/v1/master/44f73ba4d03e9607dcd9bebdcb8494d86964f1d8/Samsung-at_RakutenActionMovies-1/playlist.m3u8,网络源,https://i.imgur.com/Meew6eX.png
Rakuten TV Action Movies Finland (1080p),https://bca5a421a70c46ad911efd0a4767c4bf.mediatailor.eu-west-1.amazonaws.com/v1/master/0547f18649bd788bec7b67b746e47670f558b6b2/production-LiveChannel-6075/master.m3u8,网络源,https://i.imgur.com/Meew6eX.png
Rakuten TV Action Movies Germany (1080p),https://284824cf70404fdfb6ddf9349009c710.mediatailor.eu-west-1.amazonaws.com/v1/master/0547f18649bd788bec7b67b746e47670f558b6b2/production-LiveChannel-6066/master.m3u8,网络源,https://i.imgur.com/Meew6eX.png
Rakuten TV Action Movies Italy (1080p),https://87f2e2e5e7624e3bad85da1ca2ed31a7.mediatailor.eu-west-1.amazonaws.com/v1/master/0547f18649bd788bec7b67b746e47670f558b6b2/production-LiveChannel-6067/master.m3u8,网络源,https://i.imgur.com/Meew6eX.png
Rakuten TV Action Movies UK (1080p),https://54045f0c40fd442c8b06df076aaf1e85.mediatailor.eu-west-1.amazonaws.com/v1/master/0547f18649bd788bec7b67b746e47670f558b6b2/production-LiveChannel-6065/master.m3u8,网络源,https://i.imgur.com/Meew6eX.png
Rakuten TV Comedy Movies (1080p),https://71db867f03ce4d71a29e92155f07ab87.mediatailor.eu-west-1.amazonaws.com/v1/master/0547f18649bd788bec7b67b746e47670f558b6b2/production-LiveChannel-6180/master.m3u8,网络源,https://i.imgur.com/Meew6eX.png
Rakuten TV Comedy Movies Austria (720p),https://7ed752b220a441b7b22bdf697c6c4df8.mediatailor.us-east-1.amazonaws.com/v1/master/44f73ba4d03e9607dcd9bebdcb8494d86964f1d8/Samsung-at_RakutenComedyMovies-1/playlist.m3u8,网络源,https://i.imgur.com/Meew6eX.png
Rakuten TV Comedy Movies Finland (1080p),https://a300af98e00746e2acf2346f43e47bd1.mediatailor.eu-west-1.amazonaws.com/v1/master/0547f18649bd788bec7b67b746e47670f558b6b2/production-LiveChannel-6191/master.m3u8,网络源,https://i.imgur.com/Meew6eX.png
Rakuten TV Comedy Movies Germany (1080p),https://ecac08c9e2214375b907d6825aaf9a01.mediatailor.eu-west-1.amazonaws.com/v1/master/0547f18649bd788bec7b67b746e47670f558b6b2/production-LiveChannel-6182/master.m3u8,网络源,https://i.imgur.com/Meew6eX.png
Rakuten TV Comedy Movies Italy (1080p),https://b8bc6c4b9be64bd6aeb3b92aa8521ed4.mediatailor.eu-west-1.amazonaws.com/v1/master/0547f18649bd788bec7b67b746e47670f558b6b2/production-LiveChannel-6184/master.m3u8,网络源,https://i.imgur.com/Meew6eX.png
Rakuten TV Comedy Movies UK (1080p),https://9be783d652cd4b099cf63e1dc134c4a3.mediatailor.eu-west-1.amazonaws.com/v1/master/0547f18649bd788bec7b67b746e47670f558b6b2/production-LiveChannel-6181/master.m3u8,网络源,https://i.imgur.com/Meew6eX.png
Rakuten TV Drama Movies (1080p),https://a7089c89d85f453d850c4a1518b43076.mediatailor.eu-west-1.amazonaws.com/v1/master/0547f18649bd788bec7b67b746e47670f558b6b2/production-LiveChannel-6092/master.m3u8,网络源,https://i.imgur.com/Meew6eX.png
Rakuten TV Drama Movies Austria (720p),https://df1aa472ff5b4780a8d91fe319778b4d.mediatailor.us-east-1.amazonaws.com/v1/master/44f73ba4d03e9607dcd9bebdcb8494d86964f1d8/Samsung-at_RakutenTVShows-1/playlist.m3u8,网络源,https://i.imgur.com/Meew6eX.png
Rakuten TV Drama Movies Finland (1080p),https://d7e8ee3c924d4305a0c1840fe94c5d36.mediatailor.eu-west-1.amazonaws.com/v1/master/0547f18649bd788bec7b67b746e47670f558b6b2/production-LiveChannel-6102/master.m3u8,网络源,https://i.imgur.com/Meew6eX.png
Rakuten TV Drama Movies Germany (1080p),https://968754c2483045c1a9a7f677caec35b6.mediatailor.eu-west-1.amazonaws.com/v1/master/0547f18649bd788bec7b67b746e47670f558b6b2/production-LiveChannel-6096/master.m3u8,网络源,https://i.imgur.com/Meew6eX.png
Rakuten TV Drama Movies Italy (1080p),https://f84e0b1628464fab846160df957f269e.mediatailor.eu-west-1.amazonaws.com/v1/master/0547f18649bd788bec7b67b746e47670f558b6b2/production-LiveChannel-6094/master.m3u8,网络源,https://i.imgur.com/Meew6eX.png
Rakuten TV Drama Movies UK (1080p),https://fee09fd665814f51b939b6d106cf5f66.mediatailor.eu-west-1.amazonaws.com/v1/master/0547f18649bd788bec7b67b746e47670f558b6b2/production-LiveChannel-6093/master.m3u8,网络源,https://i.imgur.com/Meew6eX.png
Rakuten TV Family Movies (1080p),https://b0d59c8c98974e708e5ccb9a27cdfdfc.mediatailor.eu-west-1.amazonaws.com/v1/master/0547f18649bd788bec7b67b746e47670f558b6b2/production-LiveChannel-6205/master.m3u8,网络源,https://i.imgur.com/Meew6eX.png
Rakuten TV Family Movies Austria (720p),https://9fa8baba055e4a52b0a8d1ae7d78bed8.mediatailor.us-east-1.amazonaws.com/v1/master/44f73ba4d03e9607dcd9bebdcb8494d86964f1d8/Samsung-at_RakutenFamily-1/playlist.m3u8,网络源,https://i.imgur.com/Meew6eX.png
Rakuten TV Family Movies Finland (1080p),https://758ee983d61e400381dea6fa8154f4e0.mediatailor.eu-west-1.amazonaws.com/v1/master/0547f18649bd788bec7b67b746e47670f558b6b2/production-LiveChannel-6227/master.m3u8,网络源,https://i.imgur.com/Meew6eX.png
Rakuten TV Family Movies Germany (1080p),https://af230031eeac45f3b78d4f8a13265105.mediatailor.eu-west-1.amazonaws.com/v1/master/0547f18649bd788bec7b67b746e47670f558b6b2/production-LiveChannel-6209/master.m3u8,网络源,https://i.imgur.com/Meew6eX.png
Rakuten TV Family Movies Italy (1080p),https://3315fc3e7276420f895e19cf807dbee1.mediatailor.eu-west-1.amazonaws.com/v1/master/0547f18649bd788bec7b67b746e47670f558b6b2/production-LiveChannel-6215/master.m3u8,网络源,https://i.imgur.com/Meew6eX.png
Rakuten TV Family Movies Switzerland (720p),https://a24daf1125344b9cab66eed2fcff8821.mediatailor.us-east-1.amazonaws.com/v1/master/44f73ba4d03e9607dcd9bebdcb8494d86964f1d8/Samsung-ch_RakutenFamily-1/playlist.m3u8,网络源,https://i.imgur.com/Meew6eX.png
Rakuten TV Family Movies UK (1080p),https://e3207568b726401995c25670faaf32e4.mediatailor.eu-west-1.amazonaws.com/v1/master/0547f18649bd788bec7b67b746e47670f558b6b2/production-LiveChannel-6203/master.m3u8,网络源,https://i.imgur.com/Meew6eX.png
Rakuten TV Nordic Films (1080p),https://4aa9ef08b70d4b0c8f3519c5950b1930.mediatailor.eu-west-1.amazonaws.com/v1/master/0547f18649bd788bec7b67b746e47670f558b6b2/production-LiveChannel-6303/master.m3u8,网络源,https://images-3.rakuten.tv/storage/global-live-channel/translation/artwork/ff79e878-3eea-45fc-b0cd-55d6acce9b18-width200-quality90.jpeg
Rakuten TV Top Movies (1080p),https://ff335120300e4742a2b135ee9a9e7df8.mediatailor.eu-west-1.amazonaws.com/v1/master/0547f18649bd788bec7b67b746e47670f558b6b2/production-LiveChannel-5983/master.m3u8,网络源,https://i.imgur.com/Meew6eX.png
Rakuten TV Top Movies Finland (1080p),https://1d1b0d4cb6ae4c31985d13221795695b.mediatailor.eu-west-1.amazonaws.com/v1/master/0547f18649bd788bec7b67b746e47670f558b6b2/production-LiveChannel-6057/master.m3u8,网络源,https://i.imgur.com/Meew6eX.png
Rakuten TV Top Movies Germany (1080p),https://cbb622b29f5d43b598991f3fa19de291.mediatailor.eu-west-1.amazonaws.com/v1/master/0547f18649bd788bec7b67b746e47670f558b6b2/production-LiveChannel-5985/master.m3u8,网络源,https://i.imgur.com/Meew6eX.png
Rakuten TV Top Movies Italy (1080p),https://d4a4999341764c67a67e9ec9eb3790ab.mediatailor.eu-west-1.amazonaws.com/v1/master/0547f18649bd788bec7b67b746e47670f558b6b2/production-LiveChannel-5984/master.m3u8,网络源,https://i.imgur.com/Meew6eX.png
Rakuten TV Top Movies UK (1080p),https://0145451975a64b35866170fd2e8fa486.mediatailor.eu-west-1.amazonaws.com/v1/master/0547f18649bd788bec7b67b746e47670f558b6b2/production-LiveChannel-5987/master.m3u8,网络源,https://i.imgur.com/Meew6eX.png
Rakuten Viki (1080p),https://newidco-rakutenviki-2-eu.xiaomi.wurl.tv/playlist.m3u8,网络源,https://i.imgur.com/pbyd1g2.png
Rakuten Viki Poland,https://fd18f1cadd404894a31a3362c5f319bd.mediatailor.us-east-1.amazonaws.com/v1/master/04fd913bb278d8775298c26fdca9d9841f37601f/RakutenTV-eu_RakutenViki-1/playlist.m3u8,网络源,https://i.imgur.com/pbyd1g2.png
Rally TV (1080p),https://rally-tv-live.akamaized.net/hls/live/2117704/RallyTV-Pri/master.m3u8,网络源,https://i.postimg.cc/WtLq2C7c/logo-Rally-Tv1.png
Raly TV (720p),https://cloudvideo.servers10.com:8081/8072/index.m3u8,网络源,https://i.imgur.com/W8a1dIa.png
Rama Channel,https://ramach.ddns.net/live/ramalive/index.m3u8,网络源,https://i.imgur.com/pnbzE2V.png
Ramdhenu (576p),https://mumt01.tangotv.in/O5aw8Zn3RAMDHENU/index.m3u8,网络源,https://dtil.tmsimg.com/assets/s143717_ld_h15_aa.png?lock=720x540
RAN1 (1080p),http://58bd5b7a98e04.streamlock.net/medienasa-live/ran1_high/playlist.m3u8,网络源,https://i.imgur.com/zRg2BEa.png
Rang (576p),https://cdn.pishow.tv/ott/live/10017/master.m3u8,网络源,https://xstreamcp-assets-msp.streamready.in/assets/LIVETV/LIVECHANNEL/LIVETV_LIVETVCHANNEL_RANG/images/LOGO_HD/image.png
Rapid TV (480p),https://stream-hls.castr-cdn.com/6a05a899db0ebd344a759542/live_9655bc604f8211f19e748901a3f596d0/index.m3u8,网络源,https://i.imgur.com/FkMNcj1.jpeg
Rararadio (720p),https://58c04fb1d143f.streamlock.net/rararadio/rararadio/playlist.m3u8,网络源,https://i.imgur.com/vTpfxUG.png
RASD TV (1080i),https://cloud.streamingconnect.tv/hls/rasdtv2/rasdtv.m3u8,网络源,https://i.imgur.com/9Pb8806.png
Rashid AlMajed (1080p),https://dphwv2ufgnfsq.cloudfront.net/out/v1/59cd80dfe93a479eb8b4d79bc6f225ca/index.m3u8,网络源,https://assets.mbcmood.com/channels/1720177618Rashid%20AlMajed.webp
Rasmey Hang Meas HDTV,https://live.happywatch99.com/rhm/0c00b89a106bb365ec031b28fa3ae499.sdp/playlist.m3u8,网络源,https://i.imgur.com/EcqEMMg.png
RasoulallahTv (1080p),https://avr.host247.net/live/rasoulallahtv/playlist.m3u8,网络源,https://i.imgur.com/Jh5ADee.png
Rave TV (576p),https://viewmedia7219.bozztv.com/wmedia/viewmedia100/web_039/Stream/playlist.m3u8,网络源,https://i.imgur.com/pXKQE0G.png
Rawhide (Sweden),https://jmp2.uk/plu-6964bb3640c8de392514a0c6.m3u8,网络源,https://images.pluto.tv/channels/6964ba787e92438c2754e924/colorLogoPNG_1768209194548.png
Rawhide (Sweden) DK,https://jmp2.uk/plu-6964ba787e92438c2754e924.m3u8,网络源,https://images.pluto.tv/channels/6964ba787e92438c2754e924/colorLogoPNG_1768209194548.png
Rawhide (Sweden) NO,https://jmp2.uk/plu-6964baa63dfd98e10945ac51.m3u8,网络源,https://images.pluto.tv/channels/6964ba787e92438c2754e924/colorLogoPNG_1768209194548.png
Rawhide (United States),https://jmp2.uk/plu-634f307c7a068e00072c9982.m3u8,网络源,https://images.pluto.tv/channels/65660223635c3c00086c2578/colorLogoPNG.png
Rawhide (United States) CA,https://jmp2.uk/plu-65660223635c3c00086c2578.m3u8,网络源,https://images.pluto.tv/channels/65660223635c3c00086c2578/colorLogoPNG.png
Ray TV HD,https://streaming.tvnepal.com:19360/raynewsdaily/720p.m3u8,网络源,https://i.imgur.com/QIkgiEn.png
Ray TV HD SD (576p),https://streaming.tvnepal.com:19360/raynewsdaily/480p.m3u8,网络源,https://i.imgur.com/QIkgiEn.png
RAZ 1 (1080p),http://stream.mcquack.net/463/index.m3u8,网络源,https://s2.vcdn.biz/static/f/7607683721/image.jpg/pt/c192x192x4
RAZ 2 (1080p),http://stream.mcquack.net/464/index.m3u8,网络源,https://s7.vcdn.biz/static/f/7607698621/image.jpg/pt/c192x192x4
RAZ 3 International,https://dash2.antik.sk/live/kvartal_tv/playlist.m3u8,网络源,https://upload.wikimedia.org/wikipedia/commons/b/bb/Raz_3_%282026%29.png
Razavi TV,https://ncdn.telewebion.ir/razavi/live/playlist.m3u8,网络源,https://static.telewebion.com/channelsLogo/85f466a7-7d17-4ce8-bee6-13da4ff5deb1/default
RB TV (1080p),https://video.hostingcaaguazu.com:19360/rbtv/rbtv.m3u8,网络源,https://i.imgur.com/EMFAFX0.png
RBATV (720p),https://cdn.live.br1.jmvstream.com/w/LVW-15748/LVW15748_Yed7yzLuRC/playlist.m3u8,网络源,https://i.imgur.com/ZWFxlU1.png
rbb Fernsehen,https://dash2.antik.sk/live/test_rbb_tizen/playlist.m3u8,网络源,https://upload.wikimedia.org/wikipedia/commons/thumb/e/ec/Rbb_Fernsehen_Logo_2017.08.svg/960px-Rbb_Fernsehen_Logo_2017.08.svg.png
rbb Fernsehen Berlin (1080p) [Geo-blocked],https://rbb-hls-berlin.akamaized.net/hls/live/2017824/rbb_berlin/index.m3u8,网络源,https://upload.wikimedia.org/wikipedia/commons/thumb/e/ec/Rbb_Fernsehen_Logo_2017.08.svg/960px-Rbb_Fernsehen_Logo_2017.08.svg.png
rbb Fernsehen Brandenburg (1080p) [Geo-blocked],https://rbb-hls-brandenburg.akamaized.net/hls/live/2017825/rbb_brandenburg/master.m3u8,网络源,https://upload.wikimedia.org/wikipedia/commons/thumb/e/ec/Rbb_Fernsehen_Logo_2017.08.svg/960px-Rbb_Fernsehen_Logo_2017.08.svg.png
RBK-TV (576p),http://hls127.freeott.top:8080/RBK/video.m3u8,网络源,https://i.imgur.com/CwhmJby.png
RBW (1080p),http://58bd5b7a98e04.streamlock.net/medienasa-live/rbw_high/playlist.m3u8,网络源,https://i.imgur.com/A0UKdix.png
RCC TV (1080p) [Not 24/7],https://copacoradios.desdeparaguay.net/rcctv/rcctv/playlist.m3u8?admin=nacion,网络源,https://i.imgur.com/qdjBnRl.png
RCG TV 2 (360p) [Not 24/7],https://5caf24a595d94.streamlock.net:1937/stream56/stream56/playlist.m3u8,网络源,https://i.imgur.com/hXs9b7v.png
RCG TV (1080p),https://video1.getstreamhosting.com:1936/8172/8172/playlist.m3u8,网络源,https://i.imgur.com/kYtAR26.png
RCN HD2 (1080p),http://181.78.14.26:4000/play/a07m/index.m3u8,网络源,https://i.imgur.com/SrMPTfc.png
RCN Mas (1080p),https://rcntv-rcnmas-1-us.plex.wurl.tv/playlist.m3u8,网络源,https://i.imgur.com/MJzuRAN.png
RCN Novelas (1080p),https://cdnlive.klicgo.net/rcnnovelas/live/playlist.m3u8,网络源,https://i.imgur.com/9wxdWNQ.png
RCTI HD (720p),https://mncmedia.malingtv.workers.dev/rcti.m3u8,网络源,https://i.imgur.com/iLFx8ia.png
RCTV3 (480p),https://vod.cityofrc.us/live-6/live/stream-1/live.m3u8,网络源,https://i.imgur.com/TvFKG35.png
RCTV (United States) (720p),https://livestream.telvue.com/riflecmttv2/f7b44cfafd5c52223d5498196c8a2e7b.sdp/playlist.m3u8,网络源,https://i.imgur.com/DWwequ0.png
RCTV Brasil,https://stmv.webtvninjas.com.br/rctv/rctv/playlist.m3u8,网络源,https://eswqkrogupaisirwcsys.supabase.co/storage/v1/object/public/mbc-media/canais/1776378749826-jef0fj1ekwq.png
RCV TV (712p),https://59d39900ebfb8.streamlock.net/rcv/rcv/playlist.m3u8,网络源,https://i.imgur.com/0TEeEFG.jpg
RDN (1080p) [Not 24/7],https://edge.essastream.com/rdntv/tracks-v1a1/mono.m3u8,网络源,https://i.imgur.com/x02CGSW.png
RDS Social TV (720p),https://stream.rdstv.radio/out/v1/ec85f72b87f04555aa41d616d5be41dc/index.m3u8,网络源,https://i.imgur.com/bxGvE8C.png
RDX Goa (720p) [Geo-blocked],https://g5nl6xoalpq6-hls-live.5centscdn.com/rdxgoa/d0dbe915091d400bd8ee7f27f0791303.sdp/playlist.m3u8,网络源,https://jiotvimages.cdn.jio.com/dare_images/images/RDX_News.png
Re TV (1080p),https://retv2132.cloudycdn.services/slive/_definst_/retv_retv_channel_5k7_42787_default_891_hls.smil/playlist.m3u8,网络源,https://i.imgur.com/Z3cre5Xm.png
Ready TV Canal 6 (720p) [Not 24/7],https://streaming.telecablecentral.com.do/ReadyTV/ReadyHD/playlist.m3u8,网络源,https://i.imgur.com/ZONPQhR.png
Real America's Voice (1080p),https://stream.weathernationtv.com/RAVStirr_poekxujeisurekugzezyg/O1/playlistSCTE35.m3u8,网络源,https://upload.wikimedia.org/wikipedia/commons/thumb/5/5c/Logo_Real_America%27s_Voice.svg/960px-Logo_Real_America%27s_Voice.svg.png
Real America's Voice KPVM-LD,https://2-fss-2.streamhoster.com/pl_118/206858-4404454-1/playlist.m3u8,网络源,https://upload.wikimedia.org/wikipedia/commons/thumb/5/5c/Logo_Real_America%27s_Voice.svg/960px-Logo_Real_America%27s_Voice.svg.png
Real Madrid TV (726p),https://rmtv.akamaized.net/hls/live/2043153/rmtv-es-web/master.m3u8,网络源,https://i.imgur.com/5pMo7dL.png
Real Madrid TV English,http://88.212.15.19/live/real_madrid_tv/index.m3u8,网络源,https://i.imgur.com/5pMo7dL.png
Real News Kerala (1080p) [Not 24/7],https://bk7l298nyx53-hls-live.5centscdn.com/realnews/e7dee419f91aa9e65939d3677fb9c4f5.sdp/playlist.m3u8,网络源,https://jiotvimages.cdn.jio.com/dare_images/images/Real_News_Kerala.png
Real Television (720p),https://live-evg10.tv360.bitel.com.pe/bitel/realtv/playlist.m3u8,网络源,https://i.imgur.com/7KECyh5.jpeg
Real Wild (1080p),https://lds-realwild-samsungau.amagi.tv/playlist.m3u8,网络源,https://i.imgur.com/T9HHmAO.png
Realitatea Plus (720p),https://stream.realitatea.net/realitatea/plus_md/ts:playlist.m3u8,网络源,https://i.imgur.com/kqEPVPk.png
Realitatea Sportiva (720p),https://stream.realitatea.net/realitatea/sportiva_md/ts:playlist.m3u8,网络源,https://i.imgur.com/BaEyZto.png
Realitatea Star (576i),https://stream.realitatea.net/realitatea/star_md/ts:playlist.m3u8,网络源,https://i.imgur.com/bNdpyAZ.png
Realitatea TV (406p),https://realitatealive.md/tv/rlive.m3u8,网络源,https://i.imgur.com/Ul4IIfX.png
Reality Channel,https://d2dffl3588mvfk.cloudfront.net/out/v1/d8e15050ca4148aab0ee387a5e2eb46b/index_1.m3u8,网络源,https://static.g-cdn.app/streams/yes-reality-channel-il-hd.png
Record (720p),http://170.84.165.204/Record_HD/index.m3u8,网络源,https://i.imgur.com/sz9gTTr.png
Record News (720p),http://45.162.64.114/RECORD_NEWS/index.m3u8,网络源,https://i.imgur.com/HZDRG0K.png
Record RS (720p) [Geo-blocked],https://playpluspoa-lh.akamaihd.net/i/pp_poa@377864/index_720_av-p.m3u8,网络源,https://i.imgur.com/JLQWoNc.png
RecordTV Belem (720p) [Geo-blocked],https://playpluspa-lh.akamaihd.net/i/pp_pa@377468/index_720_av-p.m3u8,网络源,https://i.imgur.com/gEEiN10.png
RecordTV Brasilia (720p) [Geo-blocked],https://playplusbsa-lh.akamaihd.net/i/pp_bsa@377860/index_720_av-p.m3u8,网络源,https://i.imgur.com/PZMas8Y.png
RecordTV Goias (720p) [Geo-blocked],https://playplusgoya-lh.akamaihd.net/i/pp_gna@377833/index_720_av-p.m3u8,网络源,https://i.imgur.com/Fdoax1M.png
RecordTV Interior SP,http://200.77.176.130:8000/udp/224.0.0.4:49152,网络源,https://i.imgur.com/VcHy0fu.png
RecordTV Itapoan (720p) [Geo-blocked],https://playplussdr-lh.akamaihd.net/i/pp_sdr@377858/index_720_av-b.m3u8,网络源,https://upload.wikimedia.org/wikipedia/pt/thumb/1/13/Logotipo_da_RecordTV_Itapoan.png/500px-Logotipo_da_RecordTV_Itapoan.png
RecordTV Rio (720p) [Geo-blocked],https://playplusrjo-lh.akamaihd.net/i/pp_rj@377859/index_720_av-p.m3u8,网络源,https://upload.wikimedia.org/wikipedia/pt/thumb/c/ce/Logotipo_da_RecordTV_Rio.png/500px-Logotipo_da_RecordTV_Rio.png
RecordTV Sao Paulo (720p) [Geo-blocked],https://playplusspo-lh.akamaihd.net/i/pp_sp@350176/index_720_av-p.m3u8,网络源,https://upload.wikimedia.org/wikipedia/pt/thumb/1/10/Logotipo_da_Record.png/960px-Logotipo_da_Record.png
Red America TV (1080p),https://edge.enhdtv.com/redamerica/index.m3u8,网络源,https://i.imgur.com/qYNmeDe.png
Red Apple 21 (480p) [Not 24/7],https://cs.ebmcdn.net/eastbay-live-hs-1/fcps/mp4:fcps/playlist.m3u8,网络源,https://i.imgur.com/ICcQUCH.png
Red Bull TV (1080p),https://3ea22335.wurl.com/master/f36d25e7e52f1ba8d7e56eb859c636563214f541/UmFrdXRlblRWLWdiX1JlZEJ1bGxUVl9ITFM/playlist.m3u8,网络源,https://images.pluto.tv/channels/5e7cb84a172a0f0007da69e4/colorLogoPNG.png
Red Bull TV AU (1080p),https://db34cc6127ac459db55cab5f97cd66b9.mediatailor.us-west-2.amazonaws.com/v1/master/ba62fe743df0fe93366eba3a257d792884136c7f/LINEAR-680-WORBAUENFAST-WHALETVPLUS/680/whaletvplus/hls/master/playlist.m3u8,网络源,https://images.pluto.tv/channels/5e7cb84a172a0f0007da69e4/colorLogoPNG.png
Red Bull TV BR (1080p),https://d03ae6b5c6724c24867e97a3dc04934a.mediatailor.us-west-2.amazonaws.com/v1/master/ba62fe743df0fe93366eba3a257d792884136c7f/LINEAR-1026-WORBBRPTFAST-WHALETVPLUS/1026/hls/master/playlist.m3u8,网络源,https://images.pluto.tv/channels/5e7cb84a172a0f0007da69e4/colorLogoPNG.png
Red Bull TV DE (1080p),https://46cfeb23c7f74853bba7a256655a3119.mediatailor.us-west-2.amazonaws.com/v1/master/ba62fe743df0fe93366eba3a257d792884136c7f/LINEAR-582-WORBDACHDEFAST-WHALETVPLUS/582/whaletvplus/hls/master/playlist.m3u8,网络源,https://images.pluto.tv/channels/5e7cb84a172a0f0007da69e4/colorLogoPNG.png
Red Bull TV ES (1080p),https://886bd3fbc782459f8de7555d32d7e9ce.mediatailor.us-west-2.amazonaws.com/v1/master/ba62fe743df0fe93366eba3a257d792884136c7f/LINEAR-957-WORBLATAMESFAST-WHALETVPLUS/957/whaletvplus/hls/master/playlist.m3u8,网络源,https://images.pluto.tv/channels/5e7cb84a172a0f0007da69e4/colorLogoPNG.png
Red Bull TV SD (1080p),https://rbmn-live.akamaized.net/hls/live/590964/BoRB-AT/master.m3u8,网络源,https://images.pluto.tv/channels/5e7cb84a172a0f0007da69e4/colorLogoPNG.png
Red Bull TV UK (1080p),https://1a3566cb46914c5499fbc86fbc4ac87e.mediatailor.us-west-2.amazonaws.com/v1/master/ba62fe743df0fe93366eba3a257d792884136c7f/LINEAR-932-WORBUKENFAST-WHALETVPLUS/932/whaletvplus/hls/master/playlist.m3u8,网络源,https://images.pluto.tv/channels/5e7cb84a172a0f0007da69e4/colorLogoPNG.png
Red Bull TV US (1080p),https://0b73ace69ebb45eaa249bb87837cb958.mediatailor.us-west-2.amazonaws.com/v1/master/ba62fe743df0fe93366eba3a257d792884136c7f/LINEAR-644-WORBUSENFAST-LG_US/644/lgtv/hls/master/playlist.m3u8,网络源,https://images.pluto.tv/channels/5e7cb84a172a0f0007da69e4/colorLogoPNG.png
Red Carpet TV International (1080p),https://fast-rakuten.okast.tv/fa2e8c4385712f9a9076eaf728c751de/channels/1a6ecfaa-40c6-41b8-8634-595c424f856e/21f67fd1-4d21-43ba-8ad8-3afac9982c25/master.m3u8,网络源,https://i.imgur.com/xf7UXCA.png
Red CCTV (480p),https://solo.disfrutaenlared.com:1936/redcctv/redcctv/playlist.m3u8,网络源,https://i.imgur.com/YC5FRmq.png
Red Digital (1080p) [Not 24/7],https://video.hostingcaaguazu.com:19360/reddigitalsanpedro/reddigitalsanpedro.m3u8,网络源,https://i.imgur.com/3jj0MQP.jpg
Red DTV (1080p),http://15.204.246.24:8080/DTVHD/index.m3u8,网络源,https://i.imgur.com/fK0g2CK.png
Red Interior TV,https://video.wilohosting.com:19360/redinteriortv/redinteriortv.m3u8,网络源,https://i.imgur.com/z89GLCw.png
Red Line (480p),http://s55766.cdn.ngenix.net/s55766-media-origin/rline_high/index.m3u8,网络源,https://i.imgur.com/TgZ8Uv1.png
Red Rubi (720p),https://59d39900ebfb8.streamlock.net/asiesmipueblo/asiesmipueblo/playlist.m3u8,网络源,https://i.imgur.com/Y4KOypc.jpeg
Red Social Codi TV (720p) [Not 24/7],https://mp.panelchs.com:1936/8040/8040/playlist.m3u8,网络源,https://i.imgur.com/Yb4lhpG.png
Red TV Lebanon (1080p),https://live.kwikmotion.com/redtvlive/redtv.smil/playlist.m3u8,网络源,https://i.imgur.com/bWwY885.png
Red TV Shop (720p),https://master.tucableip.com/redtvshop/index.m3u8,网络源,https://i.imgur.com/I7yB176.png
Red TVE Ventanas (432p),https://s2.tvdatta.com:3825/live/redtvelive.m3u8,网络源,https://i.imgur.com/Pzf2ZAW.png
Red Uno (1080p) [Geo-blocked],http://15.204.246.24:8080/RedUnoSCZHD/index.m3u8,网络源,https://i.imgur.com/wfNaEV9.png
Red Uno La Paz (1080p) [Geo-blocked],http://15.204.246.24:8080/RedUnoLPZHD/index.m3u8,网络源,https://i.imgur.com/wfNaEV9.png
Red+ (1080p),https://inforedvos.lcdn.claro.net.co/Content/HLS_HLS_DIR/Live/channel(REDMASHDWEB)/master.m3u8,网络源,https://i.imgur.com/kuqkTMC.png
RedADvenir TV (360p) [Not 24/7],http://streamer1.streamhost.org:1935/salive/GMIredadvenirm/playlist.m3u8,网络源,https://i.imgur.com/WGkMt2j.png
RedADvenir TV KSCE (360p),https://2-fss-2.streamhoster.com/pl_120/200226-1449024-1/playlist.m3u8,网络源,https://i.imgur.com/970zAEn.png
Rede Brasil (1080p),https://redebrasil.nuvemplay.live/hls/stream.m3u8,网络源,https://i.imgur.com/TXJKwzZ.png
Rede CNT Rio de Janeiro (720p),http://45.162.64.114/CNT/index.m3u8,网络源,https://i.imgur.com/jcasAmw.png
Rede Familia (720p),http://168.197.104.22/REDE_FAMILIA/index.m3u8,网络源,https://i.imgur.com/7KVFCrQ.png
Rede Globo (720p),https://media2.cdntvms.com.br/tv_morena_dorados/index.m3u8,网络源,https://i.imgur.com/O02TF2r.png
Rede Gospel (1080p),https://cdn.live.br1.jmvstream.com/w/LVW-8719/LVW8719_AcLVAxWy5J/playlist.m3u8,网络源,https://i.imgur.com/mttSwgO.png
Rede Meio Norte (720p),https://maystreaming.cloudecast.com/redemeio/index.m3u8,网络源,https://i.imgur.com/KVdTi0M.png
Rede Metropole (720p),https://cdn-tiva-isaocorp-cloudecast-com.smartbit.co/metropole/index.m3u8,网络源,https://i.imgur.com/qJx9Zvd.png
Rede Minas (720p),https://8hzcavccys.zoeweb.tv/redeminas/ngrp:redeminas_all/playlist.m3u8,网络源,https://i.imgur.com/MtQWAHv.png
Rede NGT (1080p),https://isaocorp.cloudecast.com/ngt/index.m3u8,网络源,https://i.imgur.com/ZFN1R4B.png
Rede Premium TV (720p),https://cdn-tiva-stmv2-samcast-com-br.smartbit.co/leonardo9878/leonardo9878/playlist.m3u8,网络源,https://i.imgur.com/jMHaHAR.png
Rede RC (720p) [Not 24/7],http://tv02.logicahost.com.br:1935/rederc/rederc/live.m3u8,网络源,https://i.imgur.com/y9dqo3f.png
Rede Seculo 21 (720p),http://45.162.64.114/REDE_SECULO_21/index.m3u8,网络源,
Rede SPTV (360p),https://video01.logicahost.com.br/websptv/websptv/playlist.m3u8,网络源,https://i.imgur.com/kh3LGAP.png
Rede TV! (720p),http://45.162.64.114/REDE_TV/index.m3u8,网络源,https://i.imgur.com/ZJgD38F.png
Rede TV! Mais,https://cdn.live.br1.jmvstream.com/webtv/AVJ-15235/playlist/playlist.m3u8,网络源,https://i.ibb.co/F0Tm2WP/2103f4c07b851d64b4c96955765a9a95.png
Rede Vida (720p),http://168.197.104.22/REDE_VIDA/index.m3u8,网络源,https://i.imgur.com/mP1qfp2.png
RedeTV! Parana,https://tv01.zas.media:1936/redetvparana/redetvparana/playlist.m3u8,网络源,https://i.imgur.com/D8R0Af4.png
Reelz (720p),http://23.237.104.106:8080/USA_REELZ/index.m3u8,网络源,https://upload.wikimedia.org/wikipedia/commons/thumb/1/19/Reelz.svg/960px-Reelz.svg.png
Reflet TV (1080p),https://edge-a3.evrideo.tv/8f37c9f0-fe22-44f4-b64a-76ad11730daf_1000026630_HLS/manifest.m3u8,网络源,https://i.imgur.com/EauXR22.png
Reforma TV (1080p),https://5bf8041cb3fed.streamlock.net/ReformaTV/ReformaTV/playlist.m3u8,网络源,https://i.imgur.com/iZMDddR.png
ReggioTV (480p) [Not 24/7],https://cdn10.streamshow.it/cloud-reggiotv/reggiotv/playlist.m3u8,网络源,https://i.imgur.com/cEwJkRV.png
Regio90 TV (720p),https://ms2.mx-cd.net/dtv-02/260-2403096/Regio90TV.smil/playlist.m3u8,网络源,https://i.imgur.com/UGnm1jd.png
Regio TV (406p),http://tv.geniusnet.sk:8081/regiotv/pl.m3u8,网络源,https://i.imgur.com/WlF6tlZ.png
Regio TV Bodensee (1080p),https://regiotv-b.iptv-playoutcenter.de/regiotv-b/regiotv-b.stream_1/playlist.m3u8,网络源,https://i.imgur.com/3koyLef.png
Regio TV De Bilt (720p),https://d3ud9qm9b5yby9.cloudfront.net/nlpo/clr-nlpo/76ecd122/index.m3u8,网络源,https://i.imgur.com/2jQbmyK.png
Regio TV Nieuws (1080p) [Not 24/7],http://highvolume04.streampartner.nl/regiomedia/regiomedia/playlist.m3u8,网络源,https://i.imgur.com/BG7zrsC.png
Regio TV Stuttgart (1080p),https://regiotv-s.iptv-playoutcenter.de/regiotv-s/regiotv-s.stream_1/playlist.m3u8,网络源,https://i.imgur.com/3koyLef.png
Region TV Callao (720p),https://live-evg7.tv360.bitel.com.pe/bitel/regiontvSRT/playlist.m3u8,网络源,https://i.imgur.com/I4grcqk.png
Regional TV Yaguaron (1080p),https://video.hostingcaaguazu.com:19360/regionaltv/regionaltv.m3u8,网络源,https://i.imgur.com/iL5JnSy.jpeg
RegioPlusz TV (1080p) [Geo-blocked],https://stream.streaming4u.hu/RegioPluszTV/index.m3u8,网络源,https://i.imgur.com/VXPpukf.png
Reino Infantil,https://www.khuwemultimedia.com/hls/reinoinfantiltv/reinoinfantiltv.m3u8,网络源,https://i.imgur.com/oAygpDw.png
Reload Play (720p),http://web.onair-radio.eu:1935/video/video/playlist.m3u8,网络源,https://i.imgur.com/TZUsA2W.jpg
Remonty TV (1080p),https://prx-y5cf8.4vod.tv/playout/repl-abr67/index.m3u8,网络源,https://remontytv.pl/wp-content/uploads/2026/01/Remonty_TV_logo-color1.png
REN TV (576p),http://31.148.48.15/REN-TV/index.m3u8,网络源,https://i.imgur.com/0Tu5lte.png
REN TV HD (1080p),http://str2.iptvhd.ru:8080/REN_TV/index.m3u8,网络源,https://i.imgur.com/0Tu5lte.png
REN TV International (576p),http://178.134.1.158:8081/RENTV/index.m3u8,网络源,https://i.imgur.com/gBjk9oF.png
Renessans TV (576p),https://stream8.cinerama.uz/1221/tracks-v1a1/playlist.m3u8,网络源,https://i.imgur.com/cVlcqCX.png
Rengoni (576p),https://streams.tangotv.in/RENGONI/ORIGIN/index.m3u8,网络源,https://dtil.tmsimg.com/assets/s143722_ld_h15_aa.png?lock=720x540
Reno 911,https://jmp2.uk/plu-65e9781a2873090008b48d8a.m3u8,网络源,https://images.pluto.tv/channels/65e9766eec9fda0008cb418a/colorLogoPNG.png
Reno 911 DK,https://jmp2.uk/plu-65e9766eec9fda0008cb418a.m3u8,网络源,https://images.pluto.tv/channels/65e9766eec9fda0008cb418a/colorLogoPNG.png
Reno 911 NO,https://jmp2.uk/plu-65e977874e01740008c9fb4c.m3u8,网络源,https://images.pluto.tv/channels/65e9766eec9fda0008cb418a/colorLogoPNG.png
Renome TV (576p),http://85.238.112.40:8810/hls_sec/online/list-renome.m3u8,网络源,https://i.imgur.com/qL1uNlW.png
Report TV (720p),https://deb10stream.duckdns.org/hls/stream.m3u8,网络源,https://i.imgur.com/C9lM1KP.png
Reporter (720p),http://cdn1.live-tv.od.ua:8081/31chod/31chod-abr/31chod/31chod/playlist.m3u8,网络源,https://i.imgur.com/LyA3kBR.png
Reporter TV (576p),https://segment.yuppcdn.net/050522/reporter/playlist.m3u8,网络源,https://dtil.tmsimg.com/assets/s85096_ld_h15_aa.png?lock=720x540
Reportero TV [Not 24/7],https://streamrd.cloud:5443/LiveApp/streams/J3E3REmLNBzirS9A10575071547538.m3u8,网络源,https://dominicanchannels.com/wp-content/uploads/Reportero-100x75-1.png
Republic Bangla (1080p),https://vg-republictvlive.akamaized.net/v1/master/611d79b11b77e2f571934fd80ca1413453772ac7/vglive-sk-456368/main.m3u8,网络源,https://xstreamcp-assets-msp.streamready.in/assets/LIVETV/LIVECHANNEL/LIVETV_LIVETVCHANNEL_RSYMDOT_BANGLA/images/LOGO_HD/image.png
Republic Bharat (1080p),https://raw.githubusercontent.com/amazeyourself/adaptive-streams/refs/heads/main/streams/in/YuppTV/RepublicBharat.m3u8,网络源,https://dtil.tmsimg.com/assets/s143724_ld_h15_aa.png?lock=720x540
Republic Kannada (720p),https://mumbai-edge.smartplaytv.in/republickannada/index.m3u8,网络源,https://xstreamcp-assets-msp.streamready.in/assets/LIVETV/LIVECHANNEL/LIVETV_LIVETVCHANNEL_RSYMDOTKANNADA/images/LOGO_HD/image.png
Republic TV (1080p),https://raw.githubusercontent.com/amazeyourself/adaptive-streams/refs/heads/main/streams/in/YuppTV/RepublicTV.m3u8,网络源,https://dtil.tmsimg.com/assets/s143723_ld_h15_aa.png?lock=720x540
Republica TV (720p),https://rds3.desdeparaguay.net/republicatv/republicatv/playlist.m3u8,网络源,https://i.ibb.co/qYRw4JP/Captura.png
Resurrection TV (720p),https://1681360479.rsc.cdn77.org/1681360479/index.m3u8,网络源,https://i.imgur.com/IncyJW8.png
Rete 4 [Geo-blocked],https://live3-mediaset-it.akamaized.net/Content/hls_h0_clr_vos/live/channel(r4)/index.m3u8,网络源,https://upload.wikimedia.org/wikipedia/commons/thumb/c/c0/Rete_4_-_Logo_2018.svg/500px-Rete_4_-_Logo_2018.svg.png
Rete 8,https://64b16f23efbee.streamlock.net/rete8/rete8/playlist.m3u8,网络源,https://i.imgur.com/jojCxg3.png
Rete 55,https://live1.giocabet.tv/stream/6/index.m3u8,网络源,https://i.imgur.com/UtS9YLc.png
Rete Biella TV (720p) [Not 24/7],https://sb.top-ix.org/retebiella/streaming/playlist.m3u8,网络源,https://i.imgur.com/I4OVxIb.png
Rete Oro (720p) [Not 24/7],https://5926fc9c7c5b2.streamlock.net/9094/9094/playlist.m3u8,网络源,https://i.imgur.com/3oYiBSz.png
Rete TV Italia (1080p),https://57068da1deb21.streamlock.net/retetvitalia/retetvitalia/playlist.m3u8,网络源,https://i.imgur.com/BR7QfUF.png
Retemia (720p) [Not 24/7],https://5db313b643fd8.streamlock.net/Retemia/Retemia/playlist.m3u8,网络源,https://i.imgur.com/IbzQpfn.png
Reteveneta (480p),https://59d7d6f47d7fc.streamlock.net/reteveneta/reteveneta/playlist.m3u8,网络源,https://upload.wikimedia.org/wikipedia/it/d/df/Logo_Rete_Veneta.png
Retro (576p),http://stream.mcquack.net/191/index.m3u8,网络源,https://xml-epgservice.cdnvideo.ru/EPGService/hs/xmldata/852f4b92-cae5-463e-aad6-cd8844c5a49/logo/69.png
Retro Music TV (360p),https://stream.mediawork.cz/retrotv/retrotvHQ1/playlist.m3u8,网络源,https://i.imgur.com/pyOjdZs.png
Retro TV (720p) [Geo-blocked],https://freecast-lukentvlive.vgcdn.net/out/v1/665e9f91614b43b0a0654e9317f1d9f3/index.m3u8,网络源,https://i.imgur.com/iUTL0pm.png
RetroCrush (1080p),https://linear-899.frequency.stream/dist/cineverse/899/hls/master/playlist.m3u8,网络源,https://i.imgur.com/M40b4YI.png
Retromusica Television (720p),https://vdochile.com:3864/stream/play.m3u8,网络源,https://cdn.m3u.cl/logo/1765_Retromusica_Television.png
Retrox TV (720p) [Not 24/7],https://lbgo.bozztv.com/ssh101/ssh101/retyroxtv/playlist.m3u8,网络源,https://i.imgur.com/viJBL6f.png
Reuters TV (1080p),https://amg00453-reuters-amg00453c1-rakuten-uk-2110.playouts.now.amagi.tv/playlist/amg00453-reuters-reuters-rakutenuk/playlist.m3u8,网络源,https://i.imgur.com/6eQ2nCJ.png
Rev and Roll (720p),https://d39nqr4d4h6cv6.cloudfront.net/master.m3u8,网络源,
REV'N Action (720p) [Geo-blocked],https://freecast-lukentvlive.vgcdn.net/out/v1/a4f31f297fc5440f814bd2cffd77e689/index.m3u8,网络源,https://i.imgur.com/xsm8mMd.png
Revolt (720p),http://23.237.104.106:8080/USA_REVOLT/index.m3u8,网络源,https://i.imgur.com/eaYnGpH.png
Revry (1080p),https://linear-43.frequency.stream/dist/24i/43/hls/master/playlist.m3u8,网络源,https://i.imgur.com/XuTUaq4.png
Revry LatinX (720p),https://linear-142.frequency.stream/dist/24i/142/hls/master/playlist.m3u8,网络源,https://admin.worldlivetv.stream/upload/files/thumbnail/vuth_1676133370_91639_20154.png
Revry News (720p) [Not 24/7],https://linear-44.frequency.stream/dist/plex/44/hls/master/playlist.m3u8,网络源,https://i.imgur.com/lKMYCkb.png
Revry Queer (720p),https://linear-43.frequency.stream/dist/galxy/43/hls/master/playlist.m3u8,网络源,
Rewind TV (1080p),https://tls-cl.cdnz.cl/rewindtv/live/playlist.m3u8,网络源,https://i.imgur.com/OG0RC2e.png
Reyali (614p),https://eu1.servers10.com:8081/8090/index.m3u8,网络源,https://i.imgur.com/YmFjnsF.png
RFD-TV,https://rfdtv-jw.cdn.vustreams.com/live/7cba1a3b-318a-4097-8492-374478370b91/live.isml/7cba1a3b-318a-4097-8492-374478370b91.m3u8,网络源,https://i.imgur.com/FcT3beY.png
RFH (1080p),http://58bd5b7a98e04.streamlock.net/medienasa-live/RFH_high/playlist.m3u8,网络源,https://i.imgur.com/8DZa7in.png
RFM TV [Not 24/7],http://315e5a5d.ottrast.com/iptv/MM4E93NGF5LADZ/1038/index.m3u8,网络源,https://i.imgur.com/FVDTJxW.png
RFO (1080p),https://stream01.stream.welocal.world/stream/fhd-rfo_66876/ngrp:stream_all/playlist.m3u8,网络源,https://i.imgur.com/902BHGL.png
RFPtv (360p),https://video03.logicahost.com.br/rfptv/rfptv/playlist.m3u8,网络源,https://i.imgur.com/I60nQuR.png
Rhema TV (720p),https://5e85d90130e77.streamlock.net/6006/6006/playlist.m3u8,网络源,https://i.imgur.com/5o821rT.png
Rhone TV (1080p) [Geo-blocked],https://edge14.vedge.infomaniak.com/livecast/ik:rhonetv/manifest.m3u8,网络源,https://i.imgur.com/YyXJaBN.png
RHT Guadeloupe (720p),https://edge12.vedge.infomaniak.com/livecast/ik:livehautetension/manifest.m3u8,网络源,https://i.imgur.com/hQ0Q6nE.png
Rial TV (720p),https://5eaccbab48461.streamlock.net:1936/8124/8124/playlist.m3u8,网络源,https://i.imgur.com/zcwQyPI.png
Riau TV (1080p) [Not 24/7],http://122.248.43.242:1935/RIAUTV/_definst_/myStream/playlist.m3u8,网络源,https://i.imgur.com/1g8FtJi.png
Ribera TV (576p),https://common01.todostreaming.es/live/ribera-livestream.m3u8,网络源,https://i.imgur.com/mPvSubP.png
RiC (1080p),https://rictv.iptv-playoutcenter.de/rictv/rictv-web/playlist.m3u8,网络源,https://i.imgur.com/4wMZ8Em.png
Riddim & Hope TV,https://6zklxwavdw9b-hls-live.5centscdn.com/RIDDIMNHOPE/0954119dc19d9003dd5f4bb37b3f559e.sdp/playlist.m3u8,网络源,https://i.imgur.com/c27k0Bd.png
Ridiculousness (Germany) (720p),https://jmp2.uk/plu-5f8eb8a8b2619a000710605c.m3u8,网络源,https://images.pluto.tv/channels/5f8eb8a8b2619a000710605c/colorLogoPNG.png
Ridiculousness (United States),https://jmp2.uk/plu-6996296087742204bff43147.m3u8,网络源,https://images.pluto.tv/channels/6996296087742204bff43147/colorLogoPNG_1772645176417.png
Ridiculousness: Nya avsnitt,https://jmp2.uk/plu-68dfa1e7fae18f8db6218703.m3u8,网络源,https://images.pluto.tv/channels/68dfa1e7fae18f8db6218703/colorLogoPNG_1762543429004.png
Ridiculousness: Nye afsnit,https://jmp2.uk/plu-68dfa160cc3c6cd90404d798.m3u8,网络源,https://images.pluto.tv/channels/68dfa160cc3c6cd90404d798/colorLogoPNG_1762543256959.png
Ridiculousness: Nye episoder,https://jmp2.uk/plu-68dfa1a7fae18f8db6218222.m3u8,网络源,https://images.pluto.tv/channels/68dfa1a7fae18f8db6218222/colorLogoPNG_1762510989212.png
RiffTrax (720p),https://wurlrifftrax.global.transmit.live/hls/68222b9cbe836edbe6f39e74/playlist.m3u8,网络源,https://i.imgur.com/hM4yKMn.png
Right Now TV (720p),https://a-cdn.klowdtv.com/live2/rightnowtv_720p/playlist.m3u8,网络源,https://i.imgur.com/u8zXUOg.png
Riigikogu (720p),https://router.euddn.net/862366dd346d6b6392d5231546f3d179/smil:rk_live_1.smil/playlist.m3u8?c=8005,网络源,https://i.imgur.com/dJRGDt2.png
RIK 1,http://213.7.216.229:8888/udp/239.23.0.1:1234,网络源,https://i.imgur.com/31eq4lS.png
RIK 2,http://213.7.216.229:8888/udp/239.23.0.2:1234,网络源,https://i.imgur.com/EZUDmtI.png
RIK HD,http://213.7.216.229:8888/udp/239.23.0.5:1234,网络源,https://i.imgur.com/xQnHaPy.png
RIK Sat (720p) [Not 24/7],https://l3.cloudskep.com/cybcsat/abr/playlist.m3u8,网络源,https://i.imgur.com/BIKwFhD.png
Rika TV (480p),https://live-rikatv.cdnvideo.ru/rikatv/rikatv_tcode.sdp/playlist.m3u8,网络源,https://i.imgur.com/KJHWZ3B.png
Riku TV (1080p),https://amixtv.com:8081/rikutv/index.m3u8,网络源,https://i.imgur.com/XIDC4Mv.png
Rinjani TV,https://rinjanitv.cloud/hls/tvkabel.m3u8,网络源,https://lombokindustries.com/assunnah/zone/img/rinjanitv.png
Rioni TV (720p) [Not 24/7],http://video.rionitv.com:9090/hls/live/rioni.m3u8,网络源,https://i.imgur.com/ogMqmth.png
RIT TV (1080p),https://acesso.ecast.site:3648/live/ritlive.m3u8,网络源,https://i.imgur.com/Unjs1wi.png
Ritmu TV,https://659605a54e9a6.streamlock.net:8443/live/livestream/playlist.m3u8,网络源,https://play-lh.googleusercontent.com/aO-2614npPjbJny21ljgGDRqfixPUG39uLfXwG-xX6fd2y5sxjp_SR6ty92d9l08yt10
Ritoque TV (720p),https://streaming.purum.cl/ritoquetv/index.m3u8,网络源,https://i.imgur.com/nTVJcFA.png
Rivne 1 (720p),https://cdn1.live-tv.cloud/rivne1/rivne1-abr/playlist.m3u8,网络源,https://i.imgur.com/ytz7jYV.png
RJTV (1080p),https://rjtvhls.wns.live/hls/stream.m3u8,网络源,https://i.imgur.com/a1zuW2C.png
RL PRO TV,https://stream.berosat.live:19360/rlpro-tv/rlpro-tv.m3u8,网络源,https://i.imgur.com/PIBtCEN.jpeg
RLW TV (576p) [Not 24/7],https://webstreaming-8.viewmedia.tv/web_119/Stream/playlist.m3u8,网络源,https://i.imgur.com/VcwqoEF.png
RMC Life (1080p),http://145.239.5.177/333/index.m3u8,网络源,https://img1.dc2.oqee.net/channel_pictures/3606/w512
RMC Story (1080p),https://d15aro46bnpfm8.cloudfront.net/v1/master/3722c60a815c199d9c0ef36c5b73da68a62b09d1/cc-fqkqiax1078up/RMC_Story_FR.m3u8,网络源,https://upload.wikimedia.org/wikipedia/fr/thumb/4/43/Logo_RMC_Story_2025.png/960px-Logo_RMC_Story_2025.png
RMTV (288p),https://transcoder1.bitcare.eu/streaming/rimextv/rmtv.m3u8,网络源,https://rmtv.bg/img/logo.png
RN7 (1080p),https://streams.rn7.nl/memfs/49823eea-a17d-4e39-a435-75b6d60df96e.m3u8,网络源,https://i.imgur.com/dYBTrLc.png
RN Television (720p) [Not 24/7],https://videoserver.tmcreativos.com:19360/rnyurimaguas/rnyurimaguas.m3u8,网络源,https://i.imgur.com/oFGiW7u.png
RNE para todos (720p),https://rtvelivestream.rtve.es/rtvesec/rne/rne_para_todos_main.m3u8,网络源,https://i.ibb.co/dsgrWTP8/fast-rneaudioparatodos-nac.png
RNN (720p) [Not 24/7],https://2-fss-2.streamhoster.com/pl_138/206532-6829902-1/playlist.m3u8,网络源,https://i.imgur.com/12Z9qPw.png
RNN DOS (720p) [Not 24/7],https://2-fss-2.streamhoster.com/pl_138/206532-6829912-1/playlist.m3u8,网络源,https://i.imgur.com/12Z9qPw.png
Roar (1080p),https://fast-channels.sinclairstoryline.com/TBD/index.m3u8,网络源,https://iili.io/FxYNwOB.md.png
Roar KCWX (720p) [Not 24/7],http://65.36.6.216:1935/live/kcwx.smil/playlist.m3u8,网络源,https://iili.io/FxYNwOB.md.png
Roar KOKI-TV (1080p),https://cdn-uw2-prod.tsv2.amagi.tv/linear/amg02104-imagicommcommun-kokibreaking-ono/playlist.m3u8,网络源,https://iili.io/FxYNwOB.md.png
Roar WKEF (1080p),https://linear-690.frequency.stream/dist/stirr/690/hls/master/playlist.m3u8,网络源,https://iili.io/FxYNwOB.md.png
Roar WSBT-TV (1080p),https://linear-693.frequency.stream/dist/stirr/693/hls/master/playlist.m3u8,网络源,https://iili.io/FxYNwOB.md.png
Robinson Ekspeditionen,https://jmp2.uk/plu-63a42df60cc44a0007dd47f8.m3u8,网络源,https://images.pluto.tv/channels/63a42df60cc44a0007dd47f8/colorLogoPNG.png
Rocavision TV [Not 24/7],https://streamunoapp.com:3331/live/rocavisiontvlive.m3u8,网络源,https://imgur.com/FkHqqsi.jpg
Rocco TV,https://5ff3d9babae13.streamlock.net/wympnqeqts/wympnqeqts/playlist.m3u8,网络源,https://i.imgur.com/QFzCKRa.png
ROCK Action (1080p),http://nmk.ioapk.com:5050/4gtv-live138/index.m3u8,网络源,https://upload.wikimedia.org/wikipedia/commons/4/41/Rock_Action.png
Rock Antenne [Not 24/7],https://stream.rockantenne.de/rockantenne/stream/mp3,网络源,https://i.imgur.com/nvFXRjH.png
ROCK Entertainment HD (720p),http://58.8.186.128:10006/bysid/2612,网络源,https://i.imgur.com/PWzq0aU.png
Rock TV (North Macedonia) (1080p) [Not 24/7],https://stream.nasatv.com.mk/rocktv/hls/rocktv_live.m3u8,网络源,https://i.imgur.com/Y9miDQo.png
Rock TV (Romania) (720p),https://tv.broadcasting.ro/rocktv/85c83a80-4f71-4f2d-a8d6-43f676896bcb.m3u8,网络源,https://i.imgur.com/VB88A5V.png
ROCK X Stream (720p),http://58.8.186.128:10007/bysid/2811,网络源,https://i.ibb.co/TM8d2yp8/Rock-X-Stream.webp
Rockland TV (480p) [Not 24/7],https://live.creacast.com/rockland-radio/smil:rockland-radio.smil/playlist.m3u8,网络源,https://i.imgur.com/6ve1FTN.png
Rocky Hill Channel 16 (480p),https://securestream9.champds.com/LIVE/RockyHillCTLIVE/RockyHillCTLIVE.m3u8,网络源,https://i.imgur.com/2ZDcH2L.png
Rodja TV (720p),https://rodjatv.com/rodjatv/live.m3u8,网络源,https://i.imgur.com/XwCeHlC.png
Rodnoe Kino (576p),http://stream.mcquack.net/242/index.m3u8,网络源,https://i.imgur.com/H70LxoZ.png
Rohi (576p),http://103.250.28.74:8000/play/a00d/index.m3u8,网络源,https://i.imgur.com/zC8hXi4.png
Rojava TV (1080p),https://hlspackager.akamaized.net/live/DB/ROJAVA_HD/HLS/ROJAVA_HD.m3u8,网络源,https://i.imgur.com/42noysO.png
Romana TV Canal 42 (480p),https://videoserver.tmcreativos.com:19360/cvmhbyrcat/cvmhbyrcat.m3u8,网络源,https://i.imgur.com/EXnsmhx.png
Romantica TV (1080p),https://stream10.xdevel.com/video0s977363-1901/stream/playlist_dvr.m3u8,网络源,https://raw.githubusercontent.com/songwenhui239/Songwenhui239/refs/heads/main/Romantica%20TV.jpeg
Romantichnoe HD (1080p),http://str2.iptvhd.ru:8080/Semeynoe_HD/index.m3u8,网络源,https://i.imgur.com/ruacPMS.png
Ronahi TV (1080p),https://hlspackager.akamaized.net/live/DB/RONAHI_TV/HLS/RONAHI_TV.m3u8,网络源,https://i.imgur.com/JSvJpD8.png
Rongeen TV (720p),https://server.thelegitpro.in/rongeentv/rongeentv/index.m3u8,网络源,https://jiotvimages.cdn.jio.com/dare_images/images/Rongeen_TV.png
Rossini TV (720p),https://5cbd3bc28341f.streamlock.net:444/rossinitv_live/944A-63A6-9EB8-4492/playlist.m3u8,网络源,https://i.imgur.com/wGKsAk3.png
Rotana Radio Jordan Studio (1080p) [Not 24/7],http://45.63.116.205/hls/stream1.m3u8,网络源,https://i.imgur.com/xGDjlp5.png
Rotana Tarab Jordan City View (720p) [Not 24/7],http://45.63.116.205/hls3/stream1.m3u8,网络源,https://i.imgur.com/NjgOBts.png
ROTV Valencia (720p),https://rotv.romediavalencia.com:3839/live/rotvlive.m3u8,网络源,https://i.imgur.com/0TDnVQ4.png
ROV TV (576p),https://viewmedia7219.bozztv.com/wmedia/viewmedia100/web_012/Stream/playlist.m3u8,网络源,https://i.imgur.com/sbeuEYY.png
Roya TV (Iran),https://ncdn.telewebion.ir/iribu/live/playlist.m3u8,网络源,https://static.telewebion.com/channelsLogo/0e3d7425-1a1b-47c4-b020-2e09a5fc2598/default
Roya TV (Jordan) (1080p),https://live.kwikmotion.com/royatvpublic/royatv.smil/playlist.m3u8,网络源,https://i.imgur.com/WX80rty.png
Royalworld,https://ac76260b1102416c93f3d20958bfeb4b.mediatailor.us-east-1.amazonaws.com/v1/master/44f73ba4d03e9607dcd9bebdcb8494d86964f1d8/RakutenTV-pl_Royalworld/playlist.m3u8,网络源,https://images-3.rakuten.tv/storage/global-live-channel/translation/artwork/39438460-99ba-412e-ac19-9342249384af-width200-quality90.jpeg
Rozana Spokesman (1080p),https://live1.ottlive.co.in/spokesman/spokesman/index.m3u8,网络源,https://www.rozanaspokesman.in/images/logospokesman.png
Roze News (576p),http://103.250.28.74:8000/play/a01k/index.m3u8,网络源,https://i.imgur.com/TedWqfL.png
RPL Woerden (720p),https://d1893oi5c6e5u0.cloudfront.net/nlpo/clr-nlpo/rpltvwoerden/index.m3u8,网络源,https://i.imgur.com/UdYMXWQ.png
RPP TV (1080p),http://190.93.224.42/RPP/index.m3u8,网络源,https://i.imgur.com/oBz3CgE.png
RRI Net (1080p),https://private-streaming.rri.go.id/memfs/6f77c7b5-feb2-4935-9f89-e7e9fca0a54a_output_0.m3u8,网络源,https://upload.wikimedia.org/wikipedia/commons/thumb/c/c6/RRI_NET_2023.svg/960px-RRI_NET_2023.svg.png
RSelvaTV (720p),https://live-evg11.tv360.bitel.com.pe/bitel/selvaticaSRT/playlist.m3u8,网络源,https://i.imgur.com/DAK5ZnD.png
RSV Honduras (720p),https://stmv2.srvif.com/rsvhonduras/rsvhonduras/playlist.m3u8,网络源,https://i.imgur.com/yr7Ellh.jpg
RT (720p),http://212.5.144.156:8080/rt/index.m3u8,网络源,https://dtil.tmsimg.com/assets/s142401_ld_h15_aa.png?lock=720x540
RT HD (1080p),http://31.148.48.15/RT_HD/index.m3u8,网络源,https://dtil.tmsimg.com/assets/s142401_ld_h15_aa.png?lock=720x540
RT Arabic (1080p) [Geo-blocked],https://rt-arb.rttv.com/dvr/rtarab/playlist.m3u8,网络源,https://i.imgur.com/G8vGrn1.png
RT Balkan (1080p),https://rt-srb.rttv.com/dvr/rtbalkan/playlist.m3u8,网络源,https://pbs.twimg.com/media/FiHmjBrWIBsN41d.jpg
RT DE (1080p) [Not 24/7],https://rt-ger.rttv.com/dvr/rtdeutsch/playlist.m3u8,网络源,https://i.imgur.com/v1PIbB2.png
RT Documentary (1080p) [Geo-blocked],https://rt-rtd.rttv.com/dvr/rtdoc/playlist.m3u8,网络源,https://i.imgur.com/aeu5zIC.png
RT Documentary Russian (1080p),https://rt-doc.rttv.com/dvr/rtdru/playlist.m3u8,网络源,https://i.imgur.com/aeu5zIC.png
RT en Espanol (1080p),http://15.204.246.24:8080/RTHD/index.m3u8,网络源,https://upload.wikimedia.org/wikipedia/commons/thumb/a/a0/Russia-today-logo.svg/960px-Russia-today-logo.svg.png
RT France (1080p) [Geo-blocked],https://rt-fra.rttv.com/dvr/rtfrance/playlist.m3u8,网络源,https://upload.wikimedia.org/wikipedia/commons/thumb/b/b8/RT-France-logo.svg/960px-RT-France-logo.svg.png
RT India (1080p),https://rt-india.rttv.com/dvr/rtindia/playlist.m3u8,网络源,https://upload.wikimedia.org/wikipedia/commons/a/a0/Russia-today-logo.svg
RT JVA (720p) [Not 24/7],https://cdn140m.panaccess.com/HLS/RTVJA/index.m3u8,网络源,https://i.imgur.com/Ja3HVLB.jpg
RTA (1080p),https://rta-tv.akamaized.net/live/SD/RTA-1/RTA/RTA-1.m3u8,网络源,https://i.imgur.com/pJU2KPh.png
RTB 3,https://edge13.vedge.infomaniak.com/livecast/ik:rtb3-1/manifest.m3u8,网络源,https://i.imgur.com/OFZm8ic.png
RTB (360p) [Not 24/7],https://edge12.vedge.infomaniak.com/livecast/ik:rtblive1_8/manifest.m3u8,网络源,https://i.imgur.com/BFfLV0y.png
RTB Go (720p),https://d1211whpimeups.cloudfront.net/smil:rtbgo/playlist.m3u8,网络源,https://i.imgur.com/CGlzsD5.png
RTB Sukmaindera (720p),https://d1211whpimeups.cloudfront.net/smil:rtb1/playlist.m3u8,网络源,https://i.imgur.com/WpMGnTr.png
RTC Telecalabria (720p) [Not 24/7],http://fl1.mediastreaming.it:1935/calabriachannel/livestream/playlist.m3u8,网络源,https://i.imgur.com/NnFopuS.png
RTC Television,https://scl.edge.grupoz.cl/rtcstreaming/live/playlist.m3u8,网络源,https://i.imgur.com/w91IBj7.png
RTG TV (720p),http://31.148.48.15/RTG_HD/index.m3u8,网络源,https://i.imgur.com/ZMKPAho.png
RTG TV HD (1080p),http://stream.mcquack.net/164/index.m3u8,网络源,https://i.imgur.com/ZMKPAho.png
RTH-TV1 (1080p),https://2-fss-2.streamhoster.com/pl_120/amlst:206708-4203440/playlist.m3u8,网络源,https://i.imgur.com/4z0FiEA.png
RTH-TV2 Gospel (720p),https://2-fss-2.streamhoster.com/pl_120/amlst:206708-4202592/playlist.m3u8,网络源,https://i.imgur.com/4z0FiEA.png
RTHK TV 31 (1080p) [Geo-blocked],https://rthktv31-live.akamaized.net/hls/live/2036818/RTHKTV31/master.m3u8,网络源,https://i.imgur.com/kf818kM.png
RTHK TV 32 (1080p) [Geo-blocked],https://rthktv32-live.akamaized.net/hls/live/2036819/RTHKTV32/master.m3u8,网络源,https://i.imgur.com/MXLuUoU.png
RTHK TV 33 (1080p) [Geo-blocked],https://rthktv33-live.akamaized.net/hls/live/2101641/RTHKTV33/master.m3u8,网络源,https://i.imgur.com/2MProun.png
RTHK TV 34 (1080p) [Geo-blocked],https://rthktv34-live.akamaized.net/hls/live/2101642/RTHKTV34/master.m3u8,网络源,https://i.imgur.com/Kq5A6Qn.png
RTHK TV 35 (1080p) [Geo-blocked],https://rthktv35-live.akamaized.net/hls/live/2101643/RTHKTV35/master.m3u8,网络源,https://i.imgur.com/FQmNKDS.png
RTI 1 (1080p),https://video1.getstreamhosting.com:1936/8336/8336/playlist.m3u8,网络源,https://i.imgur.com/TybQZQS.png
RTK 1 (1080p),http://5.254.89.106/8702/index.m3u8,网络源,https://i.imgur.com/KTcWcO6.png
RTK 3 (1080p),https://gjirafa-video-live.gjirafa.net/gjvideo-livestream/rtk3/index.m3u8,网络源,https://i.imgur.com/Ut9VcT3.png
RTL9 (720p),http://145.239.5.177/308/index.m3u8,网络源,https://i.imgur.com/nFqjVNW.png
RTL 102.5 Best (1080p),https://dd782ed59e2a4e86aabf6fc508674b59.msvdn.net/live/S76960628/OEPHRUIctA0M/playlist_video.m3u8,网络源,https://i.imgur.com/9PNlbaq.png
RTL 102.5 Bro&Sis (1080p),https://dd782ed59e2a4e86aabf6fc508674b59.msvdn.net/live/S75007890/MUGHuxc9dQ3b/playlist_video.m3u8,网络源,https://i.imgur.com/EWbK4XZ.png
RTL 102.5 Caliente (1080p),https://dd782ed59e2a4e86aabf6fc508674b59.msvdn.net/live/S8448465/zTYa1Z5Op9ue/playlist_video.m3u8,网络源,https://i.imgur.com/P0zsi6I.png
RTL 102.5 Disco (1080p),https://dd782ed59e2a4e86aabf6fc508674b59.msvdn.net/live/S51100361/0Fb4R3k82b5Z/playlist_video.m3u8,网络源,https://i.imgur.com/JA1OPrz.png
RTL 102.5 Napule (1080p),https://dd782ed59e2a4e86aabf6fc508674b59.msvdn.net/live/S27134503/0f9AhuwKlhnZ/playlist_video.m3u8,网络源,https://i.imgur.com/HFPw1YW.png
RTL 102.5 Traffic (1080p),https://dd782ed59e2a4e86aabf6fc508674b59.msvdn.net/live/S38122967/2lyQRIAAGgRR/playlist_video.m3u8,网络源,https://i.imgur.com/EBftMcB.png
RTL 102.5 TV (1080p),https://dd782ed59e2a4e86aabf6fc508674b59.msvdn.net/live/S97044836/tbbP8T1ZRPBL/playlist_video.m3u8,网络源,https://i.imgur.com/75qUdR7.png
RTL (Germany),https://dash4.antik.sk/live/test_rtl_ger_tizen/playlist.m3u8,网络源,https://i.imgur.com/94K94k2.png
RTL Gold (Hungary),https://budapest-cache-1.antik.sk/live/test_film_plus_2_hungary_1200_atk/playlist.m3u8,网络源,https://i.imgur.com/PwbLDUQ.png
RTL Gold (Luxembourg) (1080p),https://stream.rtl.lu/data/live/tele/rtlgold/playlist.m3u8,网络源,https://i.imgur.com/LzHQoUv.png
RTL Tele Letzebuerg (1080p),https://live-edge.rtl.lu/channel1/smil:channel1/playlist.m3u8,网络源,https://i.imgur.com/fkW5Gbl.png
RTL Web Radio TV (1080p),https://rtlradio-streaming.rtl.lu/rtlradiowebtv/smil:rtlradiowebtv/playlist.m3u8,网络源,https://i.imgur.com/qyc8LsE.png
RTL Zwee (1080p),https://live-edge.rtl.lu/channel2/smil:channel2/playlist.m3u8,网络源,https://i.imgur.com/7SmCtyy.png
RTL Zwei,https://dash4.antik.sk/live/test_rtl_zwei_tizen/playlist.m3u8,网络源,https://upload.wikimedia.org/wikipedia/commons/thumb/f/f1/RTLZWEI_Logo_2019.svg/960px-RTLZWEI_Logo_2019.svg.png
RTL-TVI (1080p) [Not 24/7],https://tvi-live-hls.akamaized.net/hls/live/2038650/TVI-Live-HLS/master.m3u8,网络源,https://i.imgur.com/2CimAAN.png
RTM ASEAN,https://d25tgymtnqzu8s.cloudfront.net/event/smil:event1/chunklist_b2596000_slENG.m3u8,网络源,https://i.imgur.com/skAiUxg.png
RTM TV (1080p),https://5f22d76e220e1.streamlock.net/rtm/rtm/playlist.m3u8,网络源,https://i.imgur.com/w9Twxsi.png
RTM+ (720p) [Not 24/7],https://www.rtmplus.cz/live/1-playlist.m3u8,网络源,https://i.imgur.com/RNdcP2J.png
RTN (Argentina) (720p) [Not 24/7],https://media.neuquen.gov.ar/rtn/television/media.m3u8,网络源,https://i.imgur.com/8xqYg4C.png
RTN (United States),http://4.59.210.197:8815/udp/127.0.0.1:6002,网络源,https://i.imgur.com/jjUzuLV.png
RTNC 3,http://51.254.199.122:8080/e-cableRTNC3/index.m3u8,网络源,https://i.imgur.com/rr9Zsno.jpeg
RTP (Bolivia) (576p),https://rtp.noxun.net/hls720/stream3.m3u8,网络源,https://i.imgur.com/cECNvvr.png
RTP (Italy) (404p),https://flash2.xdevel.com/rtptv/rtptv/playlist.m3u8,网络源,https://upload.wikimedia.org/wikipedia/it/thumb/8/86/Logo_Radio_Televisione_Peloritana.svg/512px-Logo_Radio_Televisione_Peloritana.svg.png
RTP (Peru) (720p),https://live-evg7.tv360.bitel.com.pe/bitel/rtp/playlist.m3u8,网络源,https://i.imgur.com/nHMqAHn.jpeg
RTQ Queretaro (1080p),https://59d39900ebfb8.streamlock.net/rytqrolive/rytqrolive/chunklist.m3u8,网络源,https://i.imgur.com/RRckCvf.png
RTR-Planeta (576p),https://fs.uplink.kz/rtr_planeta/mono.m3u8?token=onlinetv,网络源,https://i.imgur.com/0YEahxs.png
RTR-Planeta Asia,https://streaming.televizor-24-tochka.ru/live/211.m3u8,网络源,https://i.imgur.com/0YEahxs.png
RTR-Planeta Europe (720p) [Geo-blocked],https://stream.smotrim.ru/hls/planeta_rtr_euro/playlist.m3u8?entity=channel&id=510&sign=5c0ac65d75140fac2fd938d77c92138d,网络源,https://i.imgur.com/0YEahxs.png
RTR-Planeta US (720p) [Geo-blocked],https://stream.smotrim.ru/hls/planeta_rtr_usa/playlist.m3u8?entity=channel&id=513&sign=3ac5d8e2db71ef7fc3d4becbff7512d8,网络源,https://i.imgur.com/0YEahxs.png
RTRS plus (576p) [Not 24/7],https://pluslive.rtrs.tv/plus/plus/playlist.m3u8,网络源,https://i.imgur.com/k06WvYl.png
RTRS TV (576p) [Not 24/7],https://uzivo.rtrs.tv/tv/live/index.m3u8,网络源,https://i.imgur.com/2Sgs5gM.png
RTRTV (1080p),https://tv3ecuador.site/hls/stream/index.m3u8,网络源,https://i.imgur.com/dvP2yqB.png
RTS 1,https://de1.dstv.cx/RTS1HD/index.m3u8,网络源,https://i.imgur.com/S1pKHSR.png
RTS 2 (1080p),https://de1.dstv.cx/RTS2HD/index.m3u8,网络源,https://i.imgur.com/jltAf5h.png
RTS 3 (Senegal) (720p),http://145.239.5.177/224/index.m3u8,网络源,https://i.imgur.com/UC3olOw.png
RTS 3 (Serbia) (720p),http://185.81.240.65:15000/udp/233.233.233.36:12000,网络源,https://i.imgur.com/gxuGB4J.png
RTS (1080p),http://45.171.108.253:8888/RTS/index.m3u8,网络源,https://i.imgur.com/PML8cJA.png
RTS Drama (576p),https://de1.dstv.cx/RTSDrama/index.m3u8,网络源,https://i.imgur.com/bsTUhYK.png
RTS Info (1080p),https://rtsinfo-d.akamaized.net/out/v1/2b7ae2e1ba3f43c6aba15bced153baf5/index.m3u8,网络源,https://raw.githubusercontent.com/tv-logo/tv-logos/refs/heads/main/countries/switzerland/rts-info-ch.png
RTS Kolo (576p),https://de1.dstv.cx/RTSKolo/index.m3u8,网络源,https://i.imgur.com/gXlEDDW.png
RTS Muzika (576p),https://de1.dstv.cx/RTSMuzika/index.m3u8,网络源,https://i.imgur.com/n8p11NI.png
RTS Poletarac (576p),https://de1.dstv.cx/RTSPoletarac/index.m3u8,网络源,https://i.imgur.com/8Nnw8NF.png
RTS Svet (1080p),https://de1.dstv.cx/RTSSvet/index.m3u8,网络源,https://i.imgur.com/LjunOdy.png
RTS Trezor (576p),https://de1.dstv.cx/RTSTrezor/index.m3u8,网络源,https://i.imgur.com/BnSHfxF.png
RTS Zivot (576p),https://de1.dstv.cx/RTSZivot/index.m3u8,网络源,https://i.imgur.com/NpFG9uy.png
RTSH 1 (1080p),http://178.33.11.6:8696/live/rtsh1ott/playlist.m3u8,网络源,https://i.imgur.com/Y8wotC4.png
RTSH 2 (1080p),http://178.33.11.6:8696/live/rtsh2/playlist.m3u8,网络源,https://i.imgur.com/AZ43XZn.png
RTSH 24 (1080p),http://178.33.11.6:8696/live/rtsh24/playlist.m3u8,网络源,https://i.imgur.com/H6tCoGW.png
RTSH Shqip (1080p),http://178.33.11.6:8696/live/rtshshqip/playlist.m3u8,网络源,https://i.imgur.com/88kRsW3.png
RTSH Sport (1080p),http://178.33.11.6:8696/live/rtshsport/playlist.m3u8,网络源,https://i.imgur.com/J6NKXyJ.png
RTTR Trento (720p),https://5f204aff97bee.streamlock.net/RTTRlive/livestream/playlist.m3u8,网络源,https://i.imgur.com/6DyzN8M.png
RTTV (720p) [Not 24/7],https://cloudvideo.servers10.com:19360/8212/8212.m3u8,网络源,https://i.imgur.com/eTfsCCq.png
RTU (1080p),http://45.224.97.181:9999/RTU/index.m3u8,网络源,https://i.imgur.com/1OWvMP4.png
RTV 1 (Netherlands) (720p),https://dy7fxpkq4ggk8.cloudfront.net/nlpo/clr-nlpo/rtv1/index.m3u8,网络源,https://i.imgur.com/lRCsPWT.png
RTV21,https://gjirafa-video-live.gjirafa.net/gjvideo-live/2cz-npl-jfn-9he/tracks-v2a1/mono.m3u8,网络源,https://i.imgur.com/AqQltGh.png
RTV38 (576p),https://845d8509d2cb4f249dd0b2ae5755b6c2.msvdn.net/rtv38/rtv38_live_main/mainabr/rtv38_live_main/main_576/chunks_dvr.m3u8,网络源,https://i.imgur.com/YOlwudm.png
RTV (Austria) (1080p) [Not 24/7],http://iptv.rtv-ooe.at/stream.m3u8,网络源,https://upload.wikimedia.org/wikipedia/commons/e/ed/RTV_OOE_Logo.png
RTV (Bangladesh) (720p),http://tvsen5.aynascope.net/RtvHD/index.m3u8,网络源,https://i.imgur.com/yu8ugqt.png
RTV (Ecuador) (720p) [Not 24/7],https://sv72.ecuaradiotv.net/rtvhd/live/manifest.m3u8,网络源,https://i.imgur.com/DzxGHRZ.png
RTV (South Korea) (720p),https://rtv-stream2.a04f922e9e85c8d25ebfeae3dfd22a67.com/rtv/rtv.m3u8,网络源,https://i.imgur.com/Vhp7yR7.png
RTV Arnhem TV (480p) [Not 24/7],https://ms2.mx-cd.net/tv/163-669433/RTV_Arnhem.smil/playlist.m3u8,网络源,
RTV Bap (480p),https://53be5ef2d13aa.streamlock.net/rtvbap/uzivo/playlist.m3u8,网络源,https://i.imgur.com/TBAtPH6.png
RTV Canal 57 (720p),https://stream.giostreaming.app/rtvcanal57/rtvcanal57.m3u8,网络源,https://i.imgur.com/tnOGWqL.png
RTV Drenthe (1080p),https://cdn.rtvdrenthe.nl/live/rtvdrenthe/tv/index.m3u8,网络源,https://i.imgur.com/UBQCjnG.png
RTV Glas Drine (404p) [Not 24/7],http://glasdrine.cutuk.net:8081/433ssdsw/GlasDrineSD/playlist.m3u8,网络源,https://i.imgur.com/9NgxOdb.png
RTV GO! (1080p) [Not 24/7],http://59132e529e3d1.streamlock.net:1935/Groningen1/Groningen1/playlist.m3u8,网络源,https://i.imgur.com/WUClFUJ.png
RTV HB (576p) [Not 24/7],https://prd-hometv-live-open.spectar.tv/ERO_1_083/playlist.m3u8,网络源,https://i.imgur.com/6FNL8Iv.png
RTV Horizon (720p),https://tv.rtvhorizon.nl/hls/horizon/1_2/index.m3u8,网络源,https://i.imgur.com/wnRsI8B.png
RTV Islam (720p),http://5.254.89.106/8714/index.m3u8,网络源,https://i.ibb.co/LSJqLJw/RTV-LOGO.png
RTV LOVE (720p),https://d2o8iss0ldenh4.cloudfront.net/nlpo/clr-nlpo/rtvlove/index.m3u8,网络源,https://i.imgur.com/hucwX6v.png
RTV Maastricht (720p) [Not 24/7],http://stream.rtvmaastricht.nl:8081/rtvm_live/tv/playlist.m3u8,网络源,https://i.imgur.com/nYl8H2e.png
RTV Meppel (720p),https://d2eanln3bsfb0d.cloudfront.net/nlpo/clr-nlpo/rtvmeppel/index.m3u8,网络源,https://i.imgur.com/RosyQkb.png
RTV NOF Achtkarspelen & Tytsjerksteradiel (720p),https://5e6ab219de8f5.streamlock.net/rtvnof/rtvnof/playlist.m3u8,网络源,https://i.imgur.com/VO6wBcD.png
RTV Noord (720p) [Not 24/7],https://media.rtvnoord.nl/live/rtvnoord/tv/index.m3u8,网络源,https://i.imgur.com/l92Cb6H.png
RTV Noord Extra (1080p) [Not 24/7],https://media.rtvnoord.nl/live/rtvnoord/extra/index.m3u8,网络源,https://i.imgur.com/T0UvltB.png
RTV Noordoost Friesland (720p) [Not 24/7],https://593aed234297b.streamlock.net/rtvnof2/live/playlist.m3u8,网络源,https://i.imgur.com/CpQIedo.png
RTV Novi Pazar,https://tv.rtvnp.rs/stream.m3u8,网络源,https://i.imgur.com/NpyRVyC.png
RTV Nuble,https://tv.arkeo.cl:1936/canalrtv/canalrtv/playlist.m3u8,网络源,https://i.imgur.com/BDKgDZG.png
RTV Oost (720p),https://d34cg2bnc08ruf.cloudfront.net/live/rtvoost/tv/index.m3u8,网络源,https://i.imgur.com/nTR6q9H.png
RTV Parkstad (1080p),https://live.streamteam.eu:8443/parkstad/parkstad/tv/playlist.m3u8,网络源,https://i.imgur.com/zsTuF9y.png
RTV Pendimi (720p),https://www.rtvpendimi.com:19360/tvpendimi/tvpendimi.m3u8,网络源,https://i.ibb.co/tD48GMD/RTV-Pendimi.png
RTV Purmerend (720p),https://ms2.mx-cd.net/dtv-10/268-2641474/RTV_Purmerend_TV.smil/playlist.m3u8,网络源,https://i.imgur.com/dLKSpqz.png
RTV Rijnmond (1080p),https://dcur8bjarl5c2.cloudfront.net/live/rijnmond/tv/index.m3u8,网络源,https://i.imgur.com/fJTs9xH.png
RTV Rijnmond Extra (1080p),http://dcur8bjarl5c2.cloudfront.net/live/rijnmond/tv-extra/index.m3u8,网络源,https://i.imgur.com/mlrd5ia.png
RTV Rijnstreek TV (720p) [Not 24/7],https://ms7.mx-cd.net/tv/290-3222276/RTV_Rijnstreek.smil/playlist.m3u8,网络源,https://i.imgur.com/uM5sJJs.png
RTV SLOS (720p),https://d3b6teev8t7bb2.cloudfront.net/nlpo/clr-nlpo/rtvslos/index.m3u8,网络源,https://i.imgur.com/xdzrT9A.png
RTV Utrecht (1080p),https://d18rwjdhpr8dcw.cloudfront.net/live/rtvutrecht/rtvutrecht/index.m3u8,网络源,https://i.imgur.com/nrvs30l.png
RTV Veluwezoom TV (720p),https://dt4pogjgi3q8s.cloudfront.net/nlpo/clr-nlpo/rtvveluwezoom/index.m3u8,网络源,https://i.imgur.com/KeHbJTM.png
RTV Vida (1080p),https://vidartv2.todostreaming.es/live/radiovida-emisiontvhd.m3u8,网络源,https://i.imgur.com/EqUfEAh.png
RTV Westerwolde (432p),https://media.rtvwesterwolde.nl/hls/live/index.m3u8,网络源,https://i.imgur.com/002YXP6.png
RTV Zenica (720p),https://stream.rtvze.ba/live/123/123.m3u8,网络源,https://i.imgur.com/TKUaflB.png
RTV Zulthe (720p),http://ms7.mx-cd.net/tv/212-1299944/RTV-Zulthe.smil/playlist.m3u8,网络源,https://i.imgur.com/Z3zUUsJ.png
RTVC (720p),https://cdn140m.panaccess.com/HLS/RTVC/index.m3u8,网络源,https://i.imgur.com/oXuSkHz.png
RTVi US (1080p),https://amg17233-amg17233c1-wisptv-us-6409.playouts.now.amagi.tv/playlist.m3u8,网络源,https://www.einpresswire.com/image/large/960869/logo-rtvi-us.png#676x536
RTVS1,http://51.254.199.122:8080/RTVS1/index.m3u8,网络源,https://i.imgur.com/doaZCzy.png
RU.TV (1080p),https://bl.rutube.ru/livestream/b1eb8e90d7e636677b3eb73b4fcbb717/index.m3u8?e=2069285076&s=d-E-bxKy2v3EEJ94RQX9CA&scheme=https,网络源,https://i.imgur.com/Z7HUU7V.png
RU.TV Kids (720p),https://rutvkids.ru/live/efir/index.m3u8,网络源,https://rutvkids.ru/brand/logo-kids.png
Rudaw TV (1080p),https://hlspackager.akamaized.net/live/DB/RUDAW/HLS/RUDAW.m3u8,网络源,https://i.imgur.com/Zo3IWOn.png
RugbyPass TV (720p),https://jmp2.uk/plu-66f137cb483d460008ece053.m3u8,网络源,
Rugrats (Germany),https://jmp2.uk/plu-610c09219fc0430007a3fce6.m3u8,网络源,https://images.pluto.tv/channels/610c09219fc0430007a3fce6/colorLogoPNG.png
Rugrats (United States),https://jmp2.uk/plu-5ea7215005d66d0007e8128a.m3u8,网络源,https://images.pluto.tv/channels/5ea7215005d66d0007e8128a/colorLogoPNG.png
Rumba TV (1080p),http://45.162.193.35/RUMBATV/index.m3u8,网络源,https://i.imgur.com/WtVpWwI.png
RumbaMix TV (720p),https://live-evg5.tv360.bitel.com.pe/bitel/mixtvSRT/playlist.m3u8,网络源,https://i.imgur.com/rwA3HIp.png
Rumbo Minero TV (1080p),http://45.70.201.81:8000/play/a018/index.m3u8,网络源,https://www.rumbominero.com/wp-content/uploads/2021/05/logo_RM_AM_2.png
Runtime (720p),https://jmp2.uk/plu-6086d3f420fc8500075f8dbf.m3u8,网络源,https://i.imgur.com/2USCMvP.png
Runtime Espanol (720p),https://run-rt-uh-roku.otteravision.com/run/rt_uh/rt_uh.m3u8,网络源,https://i.imgur.com/OMQq19N.png
Rupashi Bangla TV (720p),https://app24.jagobd.com.bd/c3VydmVyX8RpbEU9Mi8xNy8yMFDEEHGcfRgzQ6NTAgdEoaeFzbF92YWxIZTO0U0ezN1IzMyfvcEdsEfeDeKiNkVN3PTOmdFseWRtaW51aiPhnPTI2/ruposhibangla.stream/playlist.m3u8,网络源,https://jiotvimages.cdn.jio.com/dare_images/images/Rupashi_Bangla.png
Rupasi Bangla (720p),https://cdn.pishow.tv/ott/live/1039/master.m3u8,网络源,https://dtil.tmsimg.com/assets/s143733_ld_h15_aa.png?lock=720x540
Russia-1 (1080p),http://vgtrkregion-reg.cdnvideo.ru/vgtrk/maykop/russia1-hd/index.m3u8,网络源,https://i.imgur.com/Osd2JHL.png
Russia-1 +4 (1080p),https://vgtrkregion-reg.cdnvideo.ru/vgtrk/4/russia1-hd/index.m3u8,网络源,https://i.imgur.com/Osd2JHL.png
Russia-1 +5 (1080p),https://vgtrkregion-reg.cdnvideo.ru/vgtrk/5/russia1-hd/index.m3u8,网络源,https://i.imgur.com/Osd2JHL.png
Russia-1 +6 (1080p),https://vgtrkregion-reg.cdnvideo.ru/vgtrk/6/russia1-hd/index.m3u8,网络源,https://i.imgur.com/Osd2JHL.png
Russia-1 +7 (1080p),https://vgtrkregion-reg.cdnvideo.ru/vgtrk/7/russia1-hd/index.m3u8,网络源,https://i.imgur.com/Osd2JHL.png
Russia-1 +8 (1080p),https://vgtrkregion-reg.cdnvideo.ru/vgtrk/8/russia1-hd/index.m3u8,网络源,https://i.imgur.com/Osd2JHL.png
Russia-1 +9 (1080p),https://vgtrkregion-reg.cdnvideo.ru/vgtrk/9/russia1-hd/index.m3u8,网络源,https://i.imgur.com/Osd2JHL.png
Russia-1 HD (1080p),https://stream.smotrim.ru/hls2/russia_hd/playlist_6.m3u8,网络源,https://uut-telecom.ru/wp-content/uploads/2021/12/rossiya-1-hd.png
Russia-24 (1080p),https://vgtrkregion-reg.cdnvideo.ru/vgtrk/habarovsk/russia24-sd/index.m3u8,网络源,https://upload.wikimedia.org/wikipedia/commons/thumb/6/66/Rossiya-24_Logo.svg/960px-Rossiya-24_Logo.svg.png
Russia-24 HD (1080p),http://77.232.131.211/Rossiya24/index.m3u8,网络源,https://upload.wikimedia.org/wikipedia/commons/thumb/6/66/Rossiya-24_Logo.svg/960px-Rossiya-24_Logo.svg.png
Russia-K (576p),http://stream.mcquack.net/229/index.m3u8,网络源,https://upload.wikimedia.org/wikipedia/commons/thumb/4/45/Russia-Cultura.svg/960px-Russia-Cultura.svg.png
Russia-K +2 (1080p),https://vgtrkregion-reg.cdnvideo.ru/vgtrk/2/kultura-hd/index.m3u8,网络源,https://upload.wikimedia.org/wikipedia/commons/thumb/4/45/Russia-Cultura.svg/960px-Russia-Cultura.svg.png
Russia-K +4 (1080p),https://vgtrkregion-reg.cdnvideo.ru/vgtrk/4/kultura-hd/index.m3u8,网络源,https://upload.wikimedia.org/wikipedia/commons/thumb/4/45/Russia-Cultura.svg/960px-Russia-Cultura.svg.png
Russia-K +7 (1080p),https://vgtrkregion-reg.cdnvideo.ru/vgtrk/7/kultura-hd/index.m3u8,网络源,https://upload.wikimedia.org/wikipedia/commons/thumb/4/45/Russia-Cultura.svg/960px-Russia-Cultura.svg.png
Russia-K HD (1080p),https://stream.smotrim.ru/hls2/russia_k/playlist_5.m3u8,网络源,https://upload.wikimedia.org/wikipedia/commons/thumb/4/45/Russia-Cultura.svg/960px-Russia-Cultura.svg.png
Russian Extreme (576p),http://str2.iptvhd.ru:8080/Russkiy_ekstrim/index.m3u8,网络源,https://i.imgur.com/hJK7mOW.png
Russian MusicBox (576p),http://stream.mcquack.net/319/index.m3u8,网络源,https://i.imgur.com/ZkJ3Rh9.png
Russkiy Bestseller (576p),http://stream.mcquack.net/208/index.m3u8,网络源,https://i.imgur.com/w0ZE9QJ.png
Russkiy Detektiv (576p),http://stream.mcquack.net/204/index.m3u8,网络源,https://i.imgur.com/H3qhN8S.png
Russkiy Illusion (576p),https://fs.uplink.kz/russkiy_illusion/mono.m3u8?token=onlinetv,网络源,https://i.imgur.com/RlsqFN8.png
Russkiy roman (1080p),http://31.148.48.15/Russkiy_Roman_HD/index.m3u8,网络源,https://i.imgur.com/cQN0P2B.png
Rustavi 2,http://31.146.5.178:8087/play/a008/index.m3u8,网络源,https://i.imgur.com/rPqd1Cx.png
Ruta 66 TV (1080p) [Not 24/7],https://edge.livestreaminggroup.info/ruta66tvlive/index.m3u8,网络源,https://i.imgur.com/oY4Xfvq.png
RUTC TV (720p),http://d26sxnc75smwvh.cloudfront.net/livehttporigin/rutclive_720p2.stream/playlist.m3u8,网络源,https://i.ibb.co/yPDhKBp/rutc-logo.jpg
RUV 2 (1080p),https://ruvlive.akamaized.net/out/v1/2ff7673de40f419fa5164498fae89089/index.m3u8,网络源,https://upload.wikimedia.org/wikipedia/commons/thumb/5/55/R%C3%9AV_2_2019_logo.svg/960px-R%C3%9AV_2_2019_logo.svg.png
RUV (720p),https://ruv-web-live.akamaized.net/streymi/ruverl/ruverl.m3u8,网络源,https://upload.wikimedia.org/wikipedia/commons/thumb/1/11/R%C3%9AV_ohf_2019_logo.svg/960px-R%C3%9AV_ohf_2019_logo.svg.png
RVTV (1080p),https://rvtv-on-freecast.b-cdn.net/RVTV-on-Freecast/index.m3u8,网络源,https://i.imgur.com/pBBb0wx.png
RVTV Civic (720p),https://livestream.telvue.com/roguevalleycmttv2/f7b44cfafd5c52223d5498196c8a2e7b.sdp/playlist.m3u8,网络源,https://i.imgur.com/cTLhQjo.png
RVTV Grants Pass (720p),https://livestream.telvue.com/roguevalleycmttv4/f7b44cfafd5c52223d5498196c8a2e7b.sdp/playlist.m3u8,网络源,https://i.imgur.com/Vpv0P6t.png
RVTV Prime (720p),https://livestream.telvue.com/roguevalleycmttv1/f7b44cfafd5c52223d5498196c8a2e7b.sdp/playlist.m3u8,网络源,https://i.imgur.com/0Qd9Ic7.png
RVTV Voices (720p),https://livestream.telvue.com/roguevalleycmttv3/f7b44cfafd5c52223d5498196c8a2e7b.sdp/playlist.m3u8,网络源,https://i.imgur.com/kOGQBZj.png
Rwanda TV (480p) [Not 24/7],http://197.243.19.131:1935/rtv25/rtv/chunklist.m3u8,网络源,https://i.imgur.com/4nbGvxW.png
Rwenzori TV,https://stream.rwenzoritv.com:3232/live/rwenzoritvlive.m3u8,网络源,https://i.imgur.com/qo4QHfz.png
Ryan and Friends (1080p),https://ryanandfriends-samsungau.amagi.tv/playlist.m3u8,网络源,https://i.imgur.com/jcIprmt.png
Rybalka (1080p),https://dash2.antik.sk/live/test_rybalka_tv_atktv/playlist.m3u8,网络源,https://i.imgur.com/NafW0xT.png
Rybalka i okhota (576p),https://fs.uplink.kz/ohota_i_ribalka/mono.m3u8?token=onlinetv,网络源,https://www.cableman.ru/sites/default/files/rybalka_i_ohota_int.png
Rybolov (576p),http://stream.mcquack.net/264/index.m3u8,网络源,https://i.imgur.com/wJMTcFS.png
Ryongnamsan Television SD [Not 24/7],https://kctv.koryofront.org/stream/ryongnamsan/index.m3u8,网络源,https://i.imgur.com/1BHJjY4.png
Ryzhiy (576i),https://stream8.cinerama.uz/1407/tracks-v1a1/mono.m3u8,网络源,https://i.imgur.com/acrU2IE.png
RZD TV (1080p) [Geo-blocked],http://hls.tva.cdnvideo.ru/tva/tvahd.sdp/playlist.m3u8,网络源,https://i.imgur.com/lf1r9L6.png
S1 (1080p) [Not 24/7],https://sitv.ru/hls/stv.m3u8,网络源,https://i.imgur.com/chNBF5t.png
S4C (1080p) [Geo-blocked],https://v2.uk.live.s4c-cdn.co.uk/out/v1/S4C/UK_TX/uk_live/uk-tx-dvb.mpd,网络源,https://i.imgur.com/vrcbnBv.png
S Corby TV (480p),https://vodcdn.bamboo-cloud.com/livehls/6a9f89be0630445532152563/master.m3u8,网络源,https://i.postimg.cc/432q9g12/In-Shot-20260908-063951605.png
S Free! (360p),https://vodcdn.bamboo-cloud.com/livehls/6a81c67306304414d27742d3/master.m3u8,网络源,https://i.postimg.cc/DZ47qB39/In-Shot-20260816-210045369.png
S KPop! (480p),https://vodcdn.bamboo-cloud.com/livehls/6aac8803063044569e156563/master.m3u8,网络源,https://i.postimg.cc/521WRm5k/In-Shot-20260918-070004312.png
S Metro TV (360p),https://vodcdn.bamboo-cloud.com/livehls/6a9f8b4606304461c50dfe93/master.m3u8,网络源,https://i.postimg.cc/1z72qQKC/In-Shot-20260908-064106298.png
S Premium! HD (360p),https://vodcdn.bamboo-cloud.com/livehls/68d0876e06304461862415b2/master.m3u8,网络源,https://i.postimg.cc/Mp1TTWq0/In-Shot-20260818-135217619.png
S Sport 2 (720p),https://corestream.siteyaptim.live/s-sport2/index.m3u8,网络源,https://i.imgur.com/2jIItAy.png
S Sport (720p),https://corestream.siteyaptim.live/s-sport/index.m3u8,网络源,https://upload.wikimedia.org/wikipedia/commons/a/a9/S_Sport_logo1.png
S Tom Sings (1080p),https://vodcdn.bamboo-cloud.com/livehls/6a8408ae0630440c2f39aec3/master.m3u8,网络源,https://i.postimg.cc/5tfB3Ktv/In-Shot-20260818-133542271.png
Saab TV (576p),https://ap02.iqplay.tv:8082/iqb8002/s03btv/playlist.m3u8,网络源,https://i.imgur.com/JEC1J89.png
Saam TV,https://cdn.pishow.tv/ott/live/437/master.m3u8,网络源,https://xstreamcp-assets-msp.streamready.in/assets/LIVETV/LIVECHANNEL/LIVETV_LIVETVCHANNEL_SAAM_TV/images/LOGO_HD/image.png
Saarland Fernsehen 1 (1080p),https://saarland1.iptv-playoutcenter.de/saarland1/saarland1.stream_1/playlist.m3u8,网络源,https://i.imgur.com/OodehFV.png
Saarland Fernsehen 2 (720p) [Not 24/7],https://saarland2.iptv-playoutcenter.de/saarland2/saarland2.stream_2/playlist.m3u8,网络源,https://i.imgur.com/Yv7j4ia.png
SAB TV (1080p),https://ml-pull-dvc-myco.io:2096/SAB_ENTERTAINMENT/tracks-v1a1/mono.ts.m3u8,网络源,https://i.imgur.com/hC7Sidr.png
Sabalan TV,https://ncdn.telewebion.ir/sabalan/live/playlist.m3u8,网络源,https://upload.wikimedia.org/wikipedia/fa/f/f2/Ardabil_SABALAN.png
SABC 1 (720p) [Geo-blocked],https://sabconeta.cdn.mangomolo.com/sabc1/smil:sabc1.stream.smil/master.m3u8,网络源,https://i.imgur.com/G8OXWe4.png
SABC 2 [Geo-blocked],https://sabctwota.cdn.mangomolo.com/sabc2/smil:sabc2.stream.smil/master.m3u8,网络源,https://i.imgur.com/rj6i9sn.png
SABC Lehae [Geo-blocked],https://sabctretalh.cdn.mangomolo.com/lehae/smil:lehae.stream.smil/master.m3u8,网络源,https://i.imgur.com/YhdnZHH.png
SABC News (720p) [Geo-blocked],https://sabconetanw.cdn.mangomolo.com/news/smil:news.stream.smil/master.m3u8,网络源,https://i.imgur.com/liLta8j.png
Sabor TV (720p),https://v1.tustreaming.cl/sabortv/index.m3u8,网络源,https://cdn.m3u.cl/logo/416_Sabor_TV.png
Sabrina The Teenage Witch,https://jmp2.uk/plu-66276091cee0d900085fe053.m3u8,网络源,https://images.pluto.tv/channels/66276091cee0d900085fe053/colorLogoPNG.png
Sabrina the Teenage Witch,https://jmp2.uk/plu-6512d72b473a540008592be5.m3u8,网络源,https://images.pluto.tv/channels/6512ecf63a0d700008db506a/colorLogoPNG.png
Sabrina the Teenage Witch DK,https://jmp2.uk/plu-6512ecf63a0d700008db506a.m3u8,网络源,https://images.pluto.tv/channels/6512ecf63a0d700008db506a/colorLogoPNG.png
Sabrina the Teenage Witch NO,https://jmp2.uk/plu-6512d3c96a84140008513ff5.m3u8,网络源,https://images.pluto.tv/channels/6512ecf63a0d700008db506a/colorLogoPNG.png
Sabrina: Total verhext!,https://jmp2.uk/plu-622f40c901d4b70007ad7609.m3u8,网络源,https://images.pluto.tv/channels/622f40c901d4b70007ad7609/colorLogoPNG.png
Sabz TV,https://ncdn.telewebion.ir/sabz/live/playlist.m3u8,网络源,https://upload.wikimedia.org/wikipedia/commons/thumb/7/7d/Logo_Golestan.png/960px-Logo_Golestan.png
Sach Bedhadak (576p),https://sbnews.nexcdn.online/sbnews/live/index.m3u8,网络源,https://dtil.tmsimg.com/assets/s158864_ld_h15_aa.png?lock=720x540
Sachsen Eins (1080p),https://sachsen1.iptv-playoutcenter.de/sachsen1/sachsen1.stream_1/playlist.m3u8,网络源,https://i.imgur.com/2EXNdd8.png
Sachsen Fernsehen Chemnitz (1080p),https://chemnitz.iptv-playoutcenter.de/chemnitz/chemnitzfernsehen.stream_1/playlist.m3u8,网络源,https://i.imgur.com/4SEAbVf.png
Sachsen Fernsehen Dresden (1080p) [Not 24/7],https://dresden.iptv-playoutcenter.de/dresden/dresdenfernsehen.stream_1/playlist.m3u8,网络源,https://i.imgur.com/rnvprGj.png
Sachsen Fernsehen Leipzig (1080p),https://leipzig.iptv-playoutcenter.de/leipzig/leipzigfernsehen.stream_1/playlist.m3u8,网络源,https://i.imgur.com/easmJUw.png
SADA TV (1080p) [Not 24/7],http://cdn12.henico.net:8080/live/sadatv/index.m3u8,网络源,https://i.ibb.co/cXPzpGp/SADA-CHANNEL-HBN-global-Punjabi-Satellite-TV.png
Sadhna (720p),https://6n3yow8pl9ok-hls-live.5centscdn.com/sadhanalivetv/live.stream/playlist.m3u8,网络源,https://xstreamcp-assets-msp.streamready.in/assets/LIVETV/LIVECHANNEL/LIVETV_LIVETVCHANNEL_SADHNA/images/LOGO_HD/image.png
Sadhna News Madhya Pradesh/Chhattisgarh (576p),https://mumt04.tangotv.in/m18aqlK4SADHNEWSPMRAJ/index.m3u8,网络源,https://i.imgur.com/799WMit.png
Sadhna Plus News (720p),https://6n3yow8pl9ok-hls-live.5centscdn.com/sadhananewstv/live.stream/playlist.m3u8,网络源,https://jiotvimages.cdn.jio.com/dare_images/images/Sadhna_News_Plus.png
Sadhna TV (576p),https://mumt05.tangotv.in/87NeALx2SADHNATV/index.m3u8,网络源,https://dtil.tmsimg.com/assets/s143736_ld_h15_aa.png?lock=720x540
Safari TV (576p),https://mumt04.tangotv.in/m18aqlK4SAFARITV/index.m3u8,网络源,https://xstreamcp-assets-msp.streamready.in/assets/LIVETV/LIVECHANNEL/LIVETV_LIVETVCHANNEL_SAFARI_TV/images/LOGO_HD/image.png
Safeer TV (1080p),https://cdn3.wowza.com/1/YStGZlJRdktzZkdK/VXROZWNW/hls/live/playlist.m3u8,网络源,https://image.roku.com/developer_channels/prod/8389e15af8fe49ac7c36d201c24ebf62fbe5b22897c2879ca26ae936e0ed308d.png
Sahana News (576p),https://mumt03.tangotv.in/Dsly5z3HSAHANANEWS/index.m3u8,网络源,https://i.imgur.com/3odbJJq.png
Sahand TV,https://ncdn.telewebion.ir/sahand/live/playlist.m3u8,网络源,https://upload.wikimedia.org/wikipedia/fa/thumb/3/37/Tabriz_Sahand.svg/960px-Tabriz_Sahand.svg.png
Sai TV (576p),https://mumbai-edge.smartplaytv.in/SaiTV/index.m3u8,网络源,https://xstreamcp-assets-msp.streamready.in/assets/LIVETV/LIVECHANNEL/LIVETV_LIVETVCHANNEL_SAI_TV/images/LOGO_HD/image.png
Sairam TV (576p),https://mumt04.tangotv.in/m18aqlK4SAIRAMTV/index.m3u8,网络源,
Sakshi TV (576p),https://yuppmedtaorire.akamaized.net/v1/master/a0d007312bfd99c47f76b77ae26b1ccdaae76cb1/sakshi_nim_https/240122/sakshi/playlist.m3u8,网络源,https://xstreamcp-assets-msp.streamready.in/assets/LIVETV/LIVECHANNEL/LIVETV_LIVETVCHANNEL_SAKSHI_TV/images/LOGO_HD/image.png
Salaam TV (720p),https://d2o3r1shda7xvv.cloudfront.net/index_5.m3u8,网络源,https://dtil.tmsimg.com/assets/s144466_ld_h15_aa.png?lock=720x540
Salamat TV,https://ncdn.telewebion.ir/salamat/live/playlist.m3u8,网络源,https://upload.wikimedia.org/wikipedia/fa/f/f0/IRIB_Salamat_Logo.png
Salem News Channel (1080p),https://amg00732-salemmediagroup-snc-ono-ekp8j.amagi.tv/playlist/amg00732-salemmediagroup-snc-ono/playlist.m3u8,网络源,https://i.imgur.com/aDbc64y.png
Salira TV (720p),https://live.salira.tv/p/3870/hybrid/play.m3u8,网络源,https://upload.wikimedia.org/wikipedia/commons/6/6b/Logo_Salira_TV.png
Salsa Gorda Television (1080p) [Not 24/7],https://live20.bozztv.com/akamaissh101/ssh101/qMUAZEy/playlist.m3u8,网络源,https://i.imgur.com/3IhYd7G.jpg
Salt TV (Uganda),https://stream.salttelevision.com/hls/stream.m3u8,网络源,https://i.imgur.com/AK9nE6Y.png
Salto 1 (720p),https://d11lnfpmek70tc.cloudfront.net/nlpo/clr-nlpo/2103d417/index.m3u8,网络源,https://i.imgur.com/hyubvS5.png
Salto 2 (720p),https://d11lnfpmek70tc.cloudfront.net/nlpo/clr-nlpo/bad78523/index.m3u8,网络源,https://i.imgur.com/6H3ycdL.png
Salto 4 (720p),https://salto-streams.nl/hls/sotv2.m3u8,网络源,https://i.vimeocdn.com/portrait/31947989_640x640
Salto ADE (720p),https://live.salto.nl/hls/at5.m3u8,网络源,https://i.vimeocdn.com/portrait/31947989_640x640
Salto Brasa Music (1080p),https://salto-streams.nl/hls/sotv1.m3u8,网络源,https://i.vimeocdn.com/portrait/31947989_640x640
Salvacion TV (720p),https://stream.eleden.com/livesalvatv/ngrp:livesalvatv_all/playlist.m3u8,网络源,https://i.imgur.com/6HOViG9.png
Salvation TV (India) (1080p),https://ktismaservers.in:3902/live/salvationtvlive.m3u8,网络源,https://content.jdmagicbox.com/comp/bangalore/l5/080pxx80.xx80.150207120517.e4l5/catalogue/salvation-tv-network-pvt-m-g-road-bangalore-religious-organizations-1sabn2d.jpg
Salvation TV (Nigeria) (576p),https://viewmedia7219.bozztv.com/wmedia/viewmedia100/web_017/Stream/playlist.m3u8,网络源,https://i.imgur.com/Nb08dfK.png
Salve TV (720p),https://58de7a369a9c4.streamlock.net/salvetv/ngrp:stream_720p_web/playlist.m3u8,网络源,https://i.imgur.com/GhKjHMG.png
Salyam (576p),https://bsttv.bonus-tv.ru/cdn/salyam/playlist.m3u8,网络源,https://i.imgur.com/FfULLr1.png
Samaa TV (576p),http://103.250.28.74:8000/play/a022/index.m3u8,网络源,https://i.imgur.com/r3U4A1P.png
Samachar Plus 24x7 (576p),https://mumt05.tangotv.in/87NeALx2VERTENTSAMACHARPLUS/index.m3u8,网络源,https://jiotvimages.cdn.jio.com/dare_images/images/Samachar_Plus.png
Samara 24 (1080p),https://vgtrkregion-reg.cdnvideo.ru/vgtrk/samara/samara24-hd/index.m3u8,网络源,https://i.imgur.com/YUe3Dwd.png
Samara-GIS (1080p) [Not 24/7],https://tv.samaragis.ru/new/new/tracks-v1a1/mono.m3u8,网络源,https://samaragis.ru/wp-includes/images/logo.png
Samarra TV,https://live.bradosti.net/live/samaraweb_playlist.m3u8,网络源,https://i.imgur.com/7uQoIXi.png
Samay Kolkata (1080p),https://server.livelegitpro.in/samaykolkata/samaykolkata/index.m3u8,网络源,https://jiotvimages.cdn.jio.com/dare_images/images/Samay_Kolkata.png
Samiaki TV (540p) [Not 24/7],http://live.cast-control.eu:1935/samiaki/samiaki/playlist.m3u8,网络源,https://i.imgur.com/9Pf1we6.png
Sampit TV (720p) [Not 24/7],https://sampit-tv.siar.us/live/sampit-tv.m3u8,网络源,https://i.imgur.com/8cFJa8G.png
Samsung Wildlife (720p) [Geo-blocked],https://pb-olm46bexcljjf.akamaized.net/Samsung_Wild_Life.m3u8,网络源,https://i.imgur.com/x06npU2.png
San Ignacio TV (720p),https://amixtv.live:3753/live/sitvlive.m3u8,网络源,https://i.ibb.co/XJNGsv0/903784d2b8df3f29a43579b78d4341d3.png
San Isidro TV (720p) [Not 24/7],https://5790d294af2dc.streamlock.net/expresooriental/expresooriental/playlist.m3u8,网络源,https://i.imgur.com/pwmJrsm.jpg
San Jose TV (1080p),https://rtmp.info/sanjosetv/envivo/playlist.m3u8,网络源,https://i.ibb.co/mbB8hqL/blanco-crop.png
San Luis +,https://stream.radiosmundiales.com/hls/sanluismas/sanluismas.m3u8,网络源,https://i.imgur.com/bGoGiry.png
San Marino RTV (720p),https://d2hrvno5bw6tg2.cloudfront.net/smrtv-ch01/smil:ch-01.smil/chunklist.m3u8,网络源,https://i.imgur.com/ZJSWusT.png
San Marino RTV Sport (720p),https://d2hrvno5bw6tg2.cloudfront.net/smrtv-ch02/smil:ch-02.smil/master.m3u8,网络源,https://i.imgur.com/PGm944g.png
San Nicolas TV (720p),https://v4.tustreaming.cl/sannicolastv/index.m3u8,网络源,https://i.imgur.com/z94YCpH.png
San Pedro TV (1080p) [Not 24/7],https://iptv.ixfo.com.ar:30443/live/sanpedrotv/playlist.m3u8,网络源,https://i.imgur.com/UkpXogr.png
San Vito Television,https://stream.lamegatv.com/hls/sanvitotelevision/index.m3u8,网络源,https://i.imgur.com/Yd7JOxr.png
Sana Plus (1080p),https://mumbai-edge.smartplaytv.in/SanaPlusHD/index.m3u8,网络源,https://i.imgur.com/N6tKUZv.png
Sana TV (1080p),https://vglivessai.akamaized.net/us/v1/master/611d79b11b77e2f571934fd80ca1413453772ac7/b6d9e864-ec16-410a-804d-ccf8f720bfaa/index.m3u8,网络源,https://i.imgur.com/CR7DGBv.png
Sandesh News (576p),https://mumt01.tangotv.in/O5aw8Zn3SANDESHNEWS/index.m3u8,网络源,https://dtil.tmsimg.com/assets/s143755_ld_h15_aa.png?lock=720x540
Sandzak TV (576p),https://streaming.iptv.nextfiber.rs/nxt004/master.m3u8,网络源,https://i.imgur.com/lm9Fgsp.png
Sangat TV (576p),https://mumt06.tangotv.in/qYyB8fXVSANGATTV/index.m3u8,网络源,https://upload.wikimedia.org/wikipedia/en/c/c3/Sangat_TV_logo.png
