频道名,地址,来源,图标
Al Najah News (720p),https://streaming.najah.edu:8443/hls/AlNajah.m3u8,网络源,https://i.imgur.com/c2bwn4G.png
Al Qamar TV (1080p),https://streamer3.premio.link/alqamar/playlist.m3u8,网络源,https://i.imgur.com/zkBT0C8.png
Al Quran Al Kareem TV (720p),http://m.live.net.sa:1935/live/quran/gmswf.m3u8,网络源,https://aloula.faulio.com/storage/mediagallery/da/6c/fullhd_7eaf7e165c4cad5b3a45eff65d2011e18be5d670.png
Al Rasheed TV (1080p) [Not 24/7],https://media1.livaat.com/static/AL-RASHEED-HD/playlist.m3u8,网络源,https://i.imgur.com/ltyRjPK.png
Al Rayyan Old TV (1080p),https://alrayyancdn.vidgyor.com/pub-nooldraybinbdh/liveabr/playlist_dvr.m3u8,网络源,https://i.imgur.com/4qB5iN0.png
Al Rayyan TV (1080p),https://alrayyancdn.vidgyor.com/pub-noalrayy3pwz0l/liveabr/playlist_dvr.m3u8,网络源,https://i.imgur.com/Ts3RjTV.png
Al Riyadh Radio (1080p),https://live.kwikmotion.com/sbrksariyadhradiolive/srpksariyadhradio/playlist.m3u8,网络源,https://aloula.faulio.com/storage/mediagallery/37/1a/fullhd_399eddcc4305f34f41c7fab24c3518fab5d55d97.png
Al Saudiya (1080p),https://shd-gcp-live.edgenextcdn.net/live/bitmovin-saudi-tv/2ad66056b51fd8c1b624854623112e43/index.m3u8,网络源,https://i.imgur.com/GRQTndk.png
Al Saudiya Alaan (1080p),https://shd-gcp-live.edgenextcdn.net/live/bitmovin-ksa-now/71ed3aa814c643306c0a8bc4fcc7d17f/index.m3u8,网络源,https://i.imgur.com/sEOjApe.png
Al Shallal TV (1080p),https://amg01480-alshallalfze-alshallal-ono-q0hfg.amagi.tv/playlist.m3u8,网络源,https://i.imgur.com/otAHLRo.png
Al Sharqiya (1080p),http://185.9.2.18/chid_144/index.m3u8,网络源,https://i.imgur.com/mJIG5IV.png
Al Sharqiya Min Kabla (1080p),https://svs.itworkscdn.net/kablatvlive/kabtv1.smil/playlist.m3u8,网络源,https://i.imgur.com/m4qheI4.png
Al Sharqiya News (1080p),https://5d94523502c2d.streamlock.net/alsharqiyalive/mystream/playlist.m3u8,网络源,https://i.imgur.com/PeAcXB9.png
Al Sunnah Al Nabawiyah TV (720p),http://m.live.net.sa:1935/live/sunnah/gmswf.m3u8,网络源,https://aloula.faulio.com/storage/mediagallery/33/92/fullhd_879e557011826f507a045b4e0b4c3b57ba93edae.png
Al Wafa Tarim (720p),https://ammedia.siar.us/ammedia/live/playlist.m3u8,网络源,https://i.ibb.co/3yfMjmf/logo-3.png
Al Wilayah (720p),https://nl.livekadeh.com/hls2/alwilayah_tv.m3u8,网络源,https://i.imgur.com/OI1HQv5.png
Al Wousta TV (1080p),https://svs.itworkscdn.net/alwoustalive/alwoustatv.smil/playlist.m3u8,网络源,https://i.imgur.com/zgMqQPQ.png
Al Yaum TV (1080p),https://hlspackager.akamaized.net/live/DB/ALYAUM_TV/HLS/ALYAUM_TV.m3u8,网络源,https://i.imgur.com/rBixF3P.png
Al-Aimma TV (1080p),https://alaimma.tv/live/index.m3u8,网络源,https://alaimma.tv/alaimma-logo.png
Al-Bahjah TV (1080p),http://202.150.161.117:8000/play/AlBahjahTV,网络源,https://i.imgur.com/52dlDZk.png
Al-Fady TV (1080p) [Not 24/7],https://5d658d7e9f562.streamlock.net/alfadytv.tv/alfadytv.smil/playlist.m3u8,网络源,https://i.imgur.com/7L0l0iY.png
Al-Iman TV (Indonesia) (720p),https://tv.aliman.id/aliman/live.m3u8,网络源,https://i.imgur.com/Qj1EFf1.png
Al-Iman TV (Lebanon) (240p) [Not 24/7],https://svs.itworkscdn.net/alimanlive/imantv.smil/playlist.m3u8,网络源,https://i.imgur.com/4WKQppG.png
Al-Jawadain TV (1080p) [Not 24/7],https://live.aljawadain.org/live/aljawadaintv/playlist.m3u8,网络源,https://i.imgur.com/Eo3UYCK.png
Al-Mahdi TV (1080p),https://iptv.almahditv.com/almahditv/playlist.m3u8,网络源,https://i.imgur.com/S1YM83i.png
Al-Manar (576p) [Not 24/7],https://edge.fastpublish.me/live/index.m3u8,网络源,https://i.imgur.com/sOQLV7L.png
Al-Naeem TV,http://37.238.136.61/hls/stream.m3u8,网络源,https://i.imgur.com/JyWjfIB.png
Al-Rafidain TV (720p) [Not 24/7],https://arrafidain.tvplayer.online/arrafidaintv/source/playlist.m3u8,网络源,https://i.imgur.com/rjXDCN5.png
Al-Sahat TV (720p),https://assahat.b-cdn.net/Assahat/assahatobs/index.m3u8,网络源,https://i.imgur.com/UVndAta.png
Al-Souriya TV (1080p),https://shd-gcp-live.edgenextcdn.net/live/bitmovin-al-souriya-tv/e3150760fa5fd62776225433b8c3d406/index.m3u8,网络源,https://i.imgur.com/8FILgXT.jpeg
Al-Zahra TV Turkic (720p) [Not 24/7],https://live.al-zahratv.com/live/playlist.m3u8,网络源,https://i.imgur.com/QEHKGnG.png
Ala-Too 24 (480p) [Not 24/7],https://st2.mediabay.tv/KG_KTRK-Ala-too/playlist.m3u8,网络源,https://i.imgur.com/vBPmUQA.png
Alabama Weather Network (720p),https://alwxnet-ott-proxy.cloud9streaming.com/alwxnet/live/playlist.m3u8,网络源,
Alabbassia TV (1080p),https://stream.alabbassia.com/live/alabbassia/index.m3u8,网络源,https://raw.githubusercontent.com/Alabbassia2026/Alabbassia-TV-Official/main/Logo%20PNG.png
Alacanti TV (576p) [Not 24/7],https://streaming01.gestec-video.com/hls/artequatreAlacanti.m3u8,网络源,https://i.imgur.com/pcWU6e1.png
Alalam News Channel Syria (1080p),http://live2.alalam.ir/live/Alalam/index.m3u8,网络源,https://i.imgur.com/WQKYPKD.png
Alankar TV (720p),https://livetv.tarangplus.in/alankar-origin/live/playlist.m3u8,网络源,https://xstreamcp-assets-msp.streamready.in/assets/LIVETV/LIVECHANNEL/LIVETV_LIVETVCHANNEL_ALANKAR/images/LOGO_HD/image.png
Alanya Posta TV (1080p),https://api-tv3.yayin.com.tr/postatv/postatv/playlist.m3u8,网络源,https://i.imgur.com/a3w9eFe.png
Alarabiya (1080p),https://live.alarabiya.net/alarabiapublish/alarabiya.smil/playlist.m3u8,网络源,https://shahid.mbc.net/mediaObject/a4c125db-ede8-4970-9eed-963948c78651?height=auto&width=512&croppingPoint=&version=1&type=png
Alau TV (576p),https://otv.wotom.net/alau/stream.m3u8,网络源,https://i.imgur.com/gK6ZRzp.png
Alawla TV,https://live.alawla.tv/hls/stream.m3u8,网络源,https://i.imgur.com/3Kv0t3X.png
Alb UK TV (1080p),http://5.254.89.106/8794/index.m3u8,网络源,https://i.imgur.com/TMg4Kxi.png
Albanian TV America (1080p),http://5.254.89.106/8711/index.m3u8,网络源,https://albtvusa.com/wp-content/uploads/2021/10/logo.final_.png
AlbKanale Music TV HD (1080p),https://albportal.net/albkanalemusic.m3u8,网络源,https://i.imgur.com/JdKxscs.png
Alborz TV,https://ncdn.telewebion.ir/alborz/live/playlist.m3u8,网络源,https://upload.wikimedia.org/wikipedia/commons/thumb/4/4b/Alborz_TV_logo.svg/960px-Alborz_TV_logo.svg.png
Alcance FM PLAY TV,https://video.wilohosting.com:19360/alcancefmtv/alcancefmtv.m3u8,网络源,https://i.imgur.com/ymcWecA.png
Alcance TV (Mexico) (720p),https://5bf8041cb3fed.streamlock.net/AlcanceTV/AlcanceTV/playlist.m3u8,网络源,https://i.imgur.com/5nYjRlb.png
Alcance TV (Venezuela) (720p),https://rv100.globalhost1.com:3516/live/tjjqdqurlive.m3u8,网络源,https://i.imgur.com/veeuqS1.png
Alcarria TV (576p) [Not 24/7],http://217.182.77.27/live/alcarriatv-livestream.m3u8,网络源,https://i.imgur.com/pzJAYan.png
Alcarrizos TV (720p) [Not 24/7],https://5790d294af2dc.streamlock.net/alcarrizostv/alcarrizostv/playlist.m3u8,网络源,https://i.ibb.co/C3fdPYGs/Alcarrizo.jpg
Alegre TV RD (720p) [Not 24/7],https://streamunoapp.com:3149/live/alegretvlive.m3u8,网络源,https://i.imgur.com/O6USO8r.png
Alegria TV (720p),https://lbgo.bozztv.com/ssh101/ssh101/confirmatv/playlist.m3u8,网络源,https://i.imgur.com/MIBZ2pZ.png
Aleph Business (1280p),https://streamw.m.ro/Aleph/ngrp:Alephbiz.stream_all/playlist.m3u8,网络源,https://i.imgur.com/IqvZBeo.png
Aleph News (720p),https://stream-aleph.m.ro/Aleph/ngrp:Alephnewsmain.stream_all/playlist.m3u8,网络源,https://i.imgur.com/qPRQZMI.png
Alert TV (576p) [Not 24/7],https://itv.streams.ovh/ALEERT/ALEERT/playlist.m3u8,网络源,https://i.imgur.com/xqa87lG.png
Alerta Bogota (720p) [Geo-blocked],https://mdstrm.com/live-stream-playlist/69b2cdf98815b9b6c48c2532.m3u8,网络源,https://static.mytuner.mobi/media/tvos_radios/664/fantastica-bogota-1044-fm.953b1280.png
Alerte a Malibu,https://jmp2.uk/plu-60afaa535580be0007ac9ee4.m3u8,网络源,https://i.imgur.com/hBiB6uk.png
Alerth Alnabawi Channel (576p),http://82.212.74.2:8000/live/7307.m3u8,网络源,https://i.imgur.com/iYibJxK.png
Alex Berlin (1080p),https://alex-stream.rosebud-media.de/bounce/alexlivetv50.smil/index.m3u8,网络源,https://i.imgur.com/eTmHk4e.png
Alfa & Omega Vision (480p) [Not 24/7],https://srv.panelcast.net/dorian/dorian/playlist.m3u8,网络源,https://i.imgur.com/4BSKCQT.png
Alfa Omega TV (1080p) [Not 24/7],https://aom-live.maghost.ro/aomTV/streams/OOztu5o9Fx6dh9mD1711027803849.m3u8,网络源,https://static.wikia.nocookie.net/logopedia/images/e/e3/Aotv_logo_svg.svg/revision/latest/scale-to-width-down/512
Alfa Sport (1080p) [Not 24/7],https://dev.aftermind.xyz/edge-hls/unitrust/alfasports/index.m3u8?token=8TXWzhY3h6jrzqEqx,网络源,https://i.imgur.com/vhMPYIW.png
Alfold TV (1080p),https://cloudfront41.lexanetwork.com:1344/relay01/livestream006.sdp/playlist.m3u8,网络源,https://i.imgur.com/W6jg8iM.png
Alghadeer TV (1080p),https://sd343444.vodu.store:3356/live/Alghadeer/index.m3u8,网络源,https://i.imgur.com/YPj6kXq.png
Alhaqeqa Aldawlia (1080p) [Not 24/7],https://ghaasiflu.online/alhqeqa/index.m3u8,网络源,
Alhurra (720p),https://mbn-ingest-worldsafe.akamaized.net/hls/live/2038900/MBN_Alhurra_Worldsafe_HLS/master.m3u8,网络源,https://i.imgur.com/tiQp2sR.png
Alhurra Iraq (720p),https://mbn-ingest-worldsafe.akamaized.net/hls/live/2038899/MBN_Iraq_Worldsafe_HLS/master.m3u8,网络源,https://i.imgur.com/fsgQDcN.png
Aliento Vision (720p) [Not 24/7],https://627bb251f23c7.streamlock.net:444/Alientoenvivo/Alientoenvivo/playlist.m3u8,网络源,https://i.imgur.com/h5EWT2n.png
Alikhbaria Syria (1080p),http://185.9.2.18/chid_423/index.m3u8,网络源,https://alikhbariah.com/wp-content/themes/alekhbariah-custom-theme/img/logo.webp
Alistiqama TV (576p),https://jmc-live.ercdn.net/alistiqama/alistiqama.m3u8,网络源,https://i.imgur.com/2FPtYZr.png
Alkarma TV Australia (1080p),https://5a8308add0b31.streamlock.net/alkarmatv.com/alkarmaau.smil/playlist.m3u8,网络源,https://i.imgur.com/90ykspa.png
Alkarma TV Family (1080p) [Not 24/7],https://58cc65c534c67.streamlock.net/alkarmatv.com/alkarmaNA2.smil/playlist.m3u8,网络源,https://i.imgur.com/yUEuQA2.png
Alkarma TV Middle East (1080p) [Not 24/7],https://58cc65c534c67.streamlock.net/alkarmatv.com/alkarmame1.smil/playlist.m3u8,网络源,https://i.imgur.com/6OmNw5A.png
Alkarma TV North America & Canada (1080p) [Not 24/7],https://5aafcc5de91f1.streamlock.net/alkarmatv.com/alkarmana1.smil/playlist.m3u8,网络源,https://i.imgur.com/pnm60bq.png
Alkarma TV Praise (720p) [Not 24/7],https://58cc65c534c67.streamlock.net/alkarmatv.com/alkarmapa.smil/playlist.m3u8,网络源,https://i.imgur.com/bJLKkou.png
Alkarma TV Talmaza Discipleship (1080p) [Not 24/7],https://58cc65c534c67.streamlock.net/alkarmatv.com/alkarmame2.smil/playlist.m3u8,网络源,https://i.imgur.com/t2ZkRbr.png
Alkarma TV Youth & English (1080p) [Not 24/7],https://5aafcc5de91f1.streamlock.net/alkarmatv.com/alkarmaus.smil/playlist.m3u8,网络源,https://i.imgur.com/kpuO8m7.png
Alkass Three (720p),https://streamer2.qna.org.qa/148161470_live/148161470_296.sdp/playlist.m3u8,网络源,https://i.imgur.com/d57BdFh.png
Alkhuzama Radio (1080p),https://live.kwikmotion.com/sbrksakhuzamaradiolive/srpkhuzama/playlist.m3u8,网络源,https://shahid.mbc.net/mediaObject/61010cbc-91c5-4ce1-94a4-ed40adadb97b
All Reality by WE tv (720p),https://jmp2.uk/plu-5e82530945600e0007ca076c.m3u8,网络源,https://i.imgur.com/HZTz5HJ.png
All Time Movies (576p),https://tvsen6.aynaott.com/a2cKGQtB/index.m3u8,网络源,https://yt3.googleusercontent.com/U4INXhwmEUOABHoemQBpI6C9t4jb9iBmDvZ3ZT3lAb9Au_jVl32NL8XDpy-9cBjRJ2LP69Ovzg=s900-c-k-c0x00ffffff-no-rj
All Weddings WE tv,https://amc-allweddings-1-us.xumo.wurl.tv/playlist.m3u8,网络源,https://i.imgur.com/OjLCew5.png
ALLBLK Gems (720p),https://df1zke3zj042m.cloudfront.net/playlist.m3u8,网络源,https://i.imgur.com/gnkepQJ.png
Alle hassen Chris,https://jmp2.uk/plu-622f6e1e2792150007e0b2ff.m3u8,网络源,https://images.pluto.tv/channels/622f6e1e2792150007e0b2ff/colorLogoPNG.png
Allgau TV (1080p),https://stream01.welocal.stream/stream/fhd-allgaeutv_25679/ngrp:stream_all/playlist.m3u8,网络源,https://upload.wikimedia.org/wikipedia/commons/thumb/8/8e/Allg%C3%A4u_TV_Logo_%282021%29.svg/960px-Allg%C3%A4u_TV_Logo_%282021%29.svg.png
Allo Cine (1080p),https://d1yl6bf4hrzbr0.cloudfront.net/v1/master/3722c60a815c199d9c0ef36c5b73da68a62b09d1/cc-5km3zs4zs9sp0/allo.m3u8,网络源,https://raw.githubusercontent.com/songwenhui239/Songwenhui239/refs/heads/main/Allo%20Cine.jpeg
Alma TV (576p),http://151.0.207.99:1935/AlmaTv/AlmaTv/playlist.m3u8,网络源,https://i.imgur.com/MfFOnJp.png
Almagd TV Middle East (1080p) [Not 24/7],https://597f64b67707a.streamlock.net/almagd.tv/almagd.smil/playlist.m3u8,网络源,https://i.imgur.com/3pUik3b.png
Almagd TV North America (1080p),https://5aafcc5de91f1.streamlock.net/almagd.tv/almagd.smil/playlist.m3u8,网络源,https://i.imgur.com/3pUik3b.png
Almahriah TV (576p),https://starmenajo.com/hls/almahriah/index.m3u8,网络源,https://i.imgur.com/GgEeTNr.png
Almaty TV (576p),https://fs.uplink.kz/almaty/mono.m3u8?token=onlinetv,网络源,https://i.imgur.com/Mjqwt8C.png
Alpe d'Huez TV (720p) [Not 24/7],https://edge13.vedge.infomaniak.com/livecast/ik:adhtv/manifest.m3u8,网络源,https://i.imgur.com/090tCQ5.png
Alpha Channel (720p),https://5b01a3d32b65c.streamlock.net:1936/tvalpha/tvalpha/playlist.m3u8,网络源,https://i.imgur.com/c1QqslA.png
alpha Cinema (1080p),https://live.15plusmg.ru/memfs/b389173a-df4e-4171-8904-e249893e71eb.m3u8,网络源,https://i.imgur.com/146OgfU.png
Alpha Digital (480p),https://streamfi-alphatvdgtl1.zettawiseroutes.com:8181/hls/stream.m3u8,网络源,https://i.imgur.com/sLt242H.png
Alpha TV (1080p),https://alphatvlive2.siliconweb.com/alphatvlive/live_abr/playlist.m3u8,网络源,https://i.imgur.com/6twzd38.png
Alpo TV,https://vs.sednastream.com:1936/alportv/alportv/playlist.m3u8,网络源,https://i.imgur.com/Pr4ixiA.png
Alquran (1080p),https://ktvlive.online/stream/hls/ch1.m3u8,网络源,https://i.imgur.com/lqVwrAF.png
Alsacias Television (720p),https://s.emisoras.tv:8081/atv/index.m3u8,网络源,https://i.imgur.com/SbuD1UW.png
Alsat (576p),http://5.254.89.106/8713/index.m3u8,网络源,https://upload.wikimedia.org/wikipedia/commons/thumb/7/72/Logo_of_Alsat_TV_%282020-%29.svg/960px-Logo_of_Alsat_TV_%282020-%29.svg.png
Alt Media TV,https://video.hostingcaaguazu.com:19360/altmedia/altmedia.m3u8,网络源,https://i.imgur.com/YkOgWMc.png
Altaghier TV (1080p),https://jmc-live.ercdn.net/altaghier/altaghier.m3u8,网络源,https://i.imgur.com/YTyCBvB.png
Altanto TV (1080p) [Not 24/7],https://stream.haislin.com/ls_j3BOKxBbUJ/index.m3u8,网络源,https://i.imgur.com/KWvVLhc.png
Altas TV (1080p),https://edge1.socialsmart.tv/altastv/bant1/playlist.m3u8,网络源,https://i.imgur.com/XaJ7fp6.png
Altena TV (720p),https://dnx1f4sl30ba2.cloudfront.net/nlpo/clr-nlpo/altenatv/index.m3u8,网络源,https://i.imgur.com/0wblu0I.png
Altenburg TV (1080p),https://58de7a369a9c4.streamlock.net/abgtv/abgtv_1080p/playlist.m3u8,网络源,https://i.imgur.com/3JriZGR.png
Alternativa TV (720p),https://live20.bozztv.com/giatv/giatv-alternativatv/alternativatv/playlist.m3u8,网络源,https://i.imgur.com/KCrSbgv.png
AlternaTV (720p) [Not 24/7],https://tv.alterna.ar/stream/hls/live.m3u8,网络源,https://tv.alterna.ar/alternatv.png
Althania (1080p),https://live.kwikmotion.com/syriatv02live/syriatv02.smil/playlist.m3u8,网络源,https://www.althania.tv/themes/custom/althania/assets/images/stv-logo.svg
Althingi (1080p) [Not 24/7],https://althingi-live.secure.footprint.net/althingi/live/index.m3u8,网络源,https://i.imgur.com/tKNPdea.png
AltoAdige TV (720p),https://5f204aff97bee.streamlock.net/AltoAdigeTV/livestream/playlist.m3u8,网络源,https://i.imgur.com/yt7JJrn.png
Altura TV (720p),https://live-evg10.tv360.bitel.com.pe/bitel/urbanatv/playlist.m3u8,网络源,https://i.imgur.com/U6GwIL7.jpeg
ALTV (1080p),https://thaipbs-ujxrch.cdn.byteark.com/live/playlist_1080p/index.m3u8,网络源,https://i.imgur.com/MCbCSWv.png
Altyn Asyr (406p) [Not 24/7],https://alpha.tv.online.tm/hls/ch001.m3u8,网络源,https://i.imgur.com/D7RBtZ2.png
Alvin Channel TV (360p) [Not 24/7],https://cdn10-alvinchannel.yayin.com.tr/alvinchannel/alvinchannel/playlist.m3u8,网络源,https://i.imgur.com/m6CM7VU.png
Always Funny Videos (720p),https://d24l3uppudokci.cloudfront.net/playlist.m3u8,网络源,https://i.imgur.com/vfdN5Xl.png
Alwesam TV (1080p),https://stream.addresses-sat.com/Alwesam/index.m3u8,网络源,https://i.imgur.com/rtqVAxf.png
ALWifak News TV (720p),http://alwifaklive.info:1935/live/myStream/playlist.m3u8,网络源,https://i.imgur.com/1vqhmNz.png
AM Canal,https://streaming.bitsur.cl:3534/live/vdo1102live.m3u8,网络源,https://i.imgur.com/wfi9NXL.png
Amaga Television (720p),https://viewhn.com/amagatelevision/sdfUYWKegHKRPpSirG/playlist.m3u8,网络源,https://i.imgur.com/hvpbfzG.png
Amani TV (1080p) [Not 24/7],https://goccn.cloud/hls/amanitv/index.m3u8,网络源,https://i.imgur.com/0cY4K7G.png
Amarin TV,https://lb1-live-mv.v2h-cdn.com/hls/ffad/vibomi/vibomi.m3u8,网络源,https://static.wikia.nocookie.net/logopedia/images/f/ff/Amarin_TV_2015.svg/revision/latest/scale-to-width-down/512
AmarUjala (1080p),https://amarujala.ottlive.co.in/amarujala/index.m3u8,网络源,https://i.imgur.com/ndQ8LZp.png
Amazing Discoveries TV (720p),https://uni01rtmp.tulix.tv/amazingdtv/amazingdtv/playlist.m3u8,网络源,https://i.imgur.com/I0oPFTj.png
Amazing Facts TV (1080p),https://hlspackager.akamaized.net/live/DB/AMAZING_FACTS/HLS/AMAZING_FACTS.m3u8,网络源,https://i.imgur.com/4d65Bev.png
Amazon Sat (1080p),https://amazonsat.brasilstream.com.br/hls/amazonsat/index.m3u8,网络源,https://i.imgur.com/7rjCS5i.png
Amazonia TV,https://servilive.com:3199/live/amazoniatvlive.m3u8,网络源,https://i.imgur.com/sSW7d8e.png
Amazonica TV (720p),https://live-evg8.tv360.bitel.com.pe/bitel/amazonicatvSRT/playlist.m3u8,网络源,https://i.imgur.com/22ebHAX.jpeg
AMC (Afghanistan) (1080p),https://amchls.wns.live/hls/stream.m3u8,网络源,https://i.imgur.com/yj8RNnG.png
AMC (United States) (720p),http://23.239.31.26:8989/amc/index.m3u8,网络源,https://upload.wikimedia.org/wikipedia/commons/thumb/3/34/AMC_logo_2019.svg/960px-AMC_logo_2019.svg.png
AMC (United States) East (720p),http://190.11.225.124:5000/live/amc_hd/playlist.m3u8,网络源,https://upload.wikimedia.org/wikipedia/commons/thumb/3/34/AMC_logo_2019.svg/960px-AMC_logo_2019.svg.png
AMC en Espanol,https://amc-amcespanol-1-us.lg.wurl.tv/playlist.m3u8,网络源,https://i.imgur.com/L1h6W5Q.png
AMC Europe Bulgary (576p),http://hls127.freeott.top:8080/BG_AMC/video.m3u8,网络源,https://upload.wikimedia.org/wikipedia/commons/thumb/3/34/AMC_logo_2019.svg/960px-AMC_logo_2019.svg.png
AMC Latin America (1080p),http://15.204.246.24:8080/AMCHD/index.m3u8,网络源,https://upload.wikimedia.org/wikipedia/commons/thumb/3/34/AMC_logo_2019.svg/960px-AMC_logo_2019.svg.png
AMC Latin America Brazil (720p),http://170.83.49.66:8083/AMCHD/index.m3u8,网络源,https://upload.wikimedia.org/wikipedia/commons/thumb/3/34/AMC_logo_2019.svg/960px-AMC_logo_2019.svg.png
Ame 47 (576p),https://ss2.tvrdomi.com:1936/ame47/ame47/playlist.m3u8,网络源,https://i.imgur.com/MUEbjeP.png
Amedia Hit (1080p),http://stream.mcquack.net/162/index.m3u8,网络源,https://i.imgur.com/a8ZBGBw.png
Amedia Premium (720p),http://31.148.48.15/Amedia_Premium_HD/index.m3u8,网络源,https://i.imgur.com/UUjehw9.png
America Estereo Guayaquil (360p),https://video.makrodigital.com/americaestereoguayaquil/americaestereoguayaquil/playlist.m3u8,网络源,https://i.imgur.com/gUqKymM.png
America Estereo Ibarra (720p),https://video.makrodigital.com/americaestereoibarra/americaestereoibarra/playlist.m3u8,网络源,https://i.imgur.com/gUqKymM.png
America Estereo Quito (1080p),https://video.makrodigital.com/americaestereoquito/americaestereoquito/playlist.m3u8,网络源,https://i.imgur.com/gUqKymM.png
America Estereo Tulcan (614p),https://video.makrodigital.com/americaestereotulcan/americaestereotulcan/playlist.m3u8,网络源,https://i.imgur.com/gUqKymM.png
America Paraguay (720p),http://45.170.130.224:8000/play/a02o/index.m3u8?hls,网络源,https://i.imgur.com/rCEu3fM.png
America Television (1080p),http://45.171.108.253:8888/AMERICA/index.m3u8,网络源,https://upload.wikimedia.org/wikipedia/commons/thumb/4/4c/Am%C3%A9rica_Televisi%C3%B3n.svg/500px-Am%C3%A9rica_Televisi%C3%B3n.svg.png
America TeVe (1080p),https://live.gideo.video/americateve2/master.m3u8,网络源,https://i.imgur.com/K9o3mLP.png
America's Next Top Model,https://jmp2.uk/plu-68757c45759366af05b3b199.m3u8,网络源,https://images.pluto.tv/channels/68679fc6bb46d0bdd38ac9a4/colorLogoPNG_1756466390265.png
America's Next Top Model CA,https://jmp2.uk/plu-68679fc6bb46d0bdd38ac9a4.m3u8,网络源,https://images.pluto.tv/channels/68679fc6bb46d0bdd38ac9a4/colorLogoPNG_1756466390265.png
America's Test Kitchen (720p),https://jmp2.uk/plu-5e84f54a82f05300080e6746.m3u8,网络源,https://i.imgur.com/prMkTsZ.png
America's Voice (720p),https://content.uplynk.com/channel/26bd482ffe364a1282bc3df28bd3c21f.m3u8,网络源,
America's Voice News (720p),https://jmp2.uk/plu-5e1f7da4bc7d740009831259.m3u8,网络源,https://i.imgur.com/C4w0eYC.png
American Crime Channel,https://d39g1vxj2ef6in.cloudfront.net/v1/master/3fec3e5cac39a52b2132f9c66c83dae043dc17d4/prod-rakuten-stitched/master.m3u8?ads.xumo_channelId=88883104,网络源,https://provider-static.plex.tv/epg/cms/production/5d4ac35c-dd3f-4f56-a272-41ebfe3477a9/american_crime_channel_dark_logo_-_Kam_JeyRDXV2.png
American Horrors (480p),http://107.167.7.162:8081/playlist/amhor/playlist.m3u8,网络源,https://image.roku.com/developer_channels/prod/16f5571a82819e8992a748c70b256cbe63105f4b546b73d129668dc2cb701d91.png
Ameritrade (1080p) [Not 24/7],https://tdameritrade-vizio.amagi.tv/playlist.m3u8,网络源,https://images-na.ssl-images-amazon.com/images/I/71CZKwin9mL.png
AMG TV (1080p),https://2-fss-2.streamhoster.com/pl_138/201660-1270634-1/playlist.m3u8,网络源,https://i.imgur.com/m5Anun9.png
AMGA TV (720p) [Not 24/7],https://streamer1.connectto.com/AMGA_WEB_1202/playlist.m3u8,网络源,https://i.imgur.com/NTlC6e7.png
Amigos TV Chiquimula (480p),https://antmedia.cablevisionrobles.com:5443/LiveApp/streams/CqwAgRagMvBNYN8c1731608980342.m3u8,网络源,https://i.ibb.co/tLhcNTD/amigos-tv-chiquimula.png
Amitel TV (720p),https://stv2.boliviaplay.com.bo/hls/stream.m3u8,网络源,https://amiteltv.com/wp-content/uploads/2026/01/LOGO-SIN-FONDO-WEB.png
Amman TV (720p),https://ammantv-live.ercdn.net/ammantvhd/ammantvhd.m3u8,网络源,https://i.imgur.com/5l7kw0b.png
Amou Yazid TV (576p),http://mkstream.servehttp.com:1940/AmouYazid/ay1/playlist.m3u8,网络源,https://i.imgur.com/L8UPGPC.png
Amouzesh TV,https://ncdn.telewebion.ir/amouzesh/live/playlist.m3u8,网络源,https://upload.wikimedia.org/wikipedia/commons/thumb/5/5b/Amouzesh_TV_logo_%282023%29.svg/500px-Amouzesh_TV_logo_%282023%29.svg.png
Amozhgary TV,https://app-live.org/live/3268334b/index.m3u8,网络源,https://i.imgur.com/sseqFsO.png
AMP 1 (720p),https://dlttx48mxf9m3.cloudfront.net/vod_clients/amp/live/ch1/video.m3u8,网络源,https://i.imgur.com/3ZhrthD.png
AMP 2 (720p),https://dlttx48mxf9m3.cloudfront.net/vod_clients/amp/live/ch2/video.m3u8,网络源,https://i.imgur.com/nfur3FR.png
Amrita TV (720p),https://ddash74r36xqp.cloudfront.net/master.m3u8,网络源,https://i.imgur.com/WdSjlPl.png
Amu TV,https://jmc-live.ercdn.net/amutv/amutv.m3u8,网络源,https://i.imgur.com/KXdvPum.png
AMusic Channel (720p),http://mn-nl.mncdn.com/amusictv/amusicsrt.stream/playlist.m3u8,网络源,https://i.imgur.com/06zuf64.png
AMX Noticias (720p) [Not 24/7],https://5e50264bd6766.streamlock.net/mexiquense2/videomexiquense2/playlist.m3u8,网络源,https://i.imgur.com/snIU1UA.jpg
An Giang TV 1 (1080p) [Geo-blocked],https://tv.angiangtv.vn/live/kgtv/kgtv.m3u8,网络源,https://i.imgur.com/mgp6RAU.png
An Giang TV 2 (1080p) [Geo-blocked],https://tv.angiangtv.vn/live/kgtv2/kgtv2.m3u8,网络源,https://i.imgur.com/efrauLr.png
An Giang TV 3 (1080p) [Geo-blocked],https://tv.angiangtv.vn/live/kgtv1/kgtv1.m3u8,网络源,https://i.imgur.com/gZUV4z8.png
An Ninh TV HD (1080p),https://liveh12.vtvprime.vn/hls/ANNINHTV/index.m3u8,网络源,https://static.wikia.nocookie.net/logos/images/1/1a/ANTV_2023.png/revision/latest/scale-to-width-down/512?path-prefix=vi
Ana y los 7,https://jmp2.uk/plu-5f1acce7f17797000718f9be.m3u8,网络源,https://i.imgur.com/X5g6gXS.png
Anadolu Net TV (1080p),https://live.artidijitalmedya.com/artidijital_anadolunet/anadolunet/playlist.m3u8,网络源,https://www.anadolunettv.com/d/r/logo.png
Anand TV (India) (1080p),https://live.legitpro.co.in/anandtv/index.m3u8,网络源,https://jiotvimages.cdn.jio.com/dare_images/images/Anand_TV.png
Anand TV (United Kingdom) (720p) [Not 24/7],https://live-anandtv.anandmedia.net/anandtvapp/anandtv/index.m3u8,网络源,https://i.imgur.com/5VOPFzs.png
Anand Wari TV (576p),https://mumt03.tangotv.in/Dsly5z3HANANDWARITV/index.m3u8,网络源,https://papaji.freetvindia.com/media/channels/anandvari.png
Ananda Barta (720p),https://account19.livebox.co.in/Anandabarta2hls/live.m3u8,网络源,https://jiotvimages.cdn.jio.com/dare_images/images/Anand_Barta.png
Ananda TV (480p),http://103.99.249.139/anandatv/index.m3u8,网络源,https://i.imgur.com/jkbo7Qe.png
ANB News (720p),https://server.livelegitpro.in:9899/anbnews/anbnews/index.m3u8,网络源,https://xstreamcp-assets-msp.streamready.in/assets/LIVETV/LIVECHANNEL/LIVETV_LIVETVCHANNEL_ANB_NEWS/images/LOGO_HD/image.png
ANC Television (720p),https://live.amelbatv.co:81/anctvlive/index.m3u8,网络源,https://i.imgur.com/xjTU14t.jpg
Andes Television (720p),https://live-evg7.tv360.bitel.com.pe/bitel/andestvSRT/playlist.m3u8,网络源,https://i.imgur.com/CsW4Op8.png
Andina RTV (720p),https://live-evg8.tv360.bitel.com.pe/bitel/andinatvSRT/playlist.m3u8,网络源,https://i.imgur.com/KoQPpVh.jpeg
Ando TV (1080p),http://play.kankanlive.com/live/1711956137852982.m3u8,网络源,https://i.imgur.com/EpTsFVu.png
Andorra TV (1080p),https://livesg1.rtva.hiway.media/11a6d6f4-ee13-47c7-9c27-7313cf5424e2/manifest.m3u8,网络源,https://upload.wikimedia.org/wikipedia/commons/3/32/Logo_Andorra_Televisi%C3%B3.png
Andromeda,https://jmp2.uk/plu-6850335b5965a2fd49f7e36d.m3u8,网络源,https://i.imgur.com/6ot2lmd.png
Andromeda Italy (720p),https://jmp2.uk/plu-60802d37ee238e0007c94e64.m3u8,网络源,https://i.imgur.com/6ot2lmd.png
Andromeda UK,https://jmp2.uk/plu-5e8db96bccae160007c71eec.m3u8,网络源,https://i.imgur.com/6ot2lmd.png
Andy Haryana (576p),https://mumt03.tangotv.in/Dsly5z3HANDYHARYANA/index.m3u8,网络源,https://i.imgur.com/rmCBD3e.png
AnewZ TV,https://53be5ef2d13aa.streamlock.net/cubesanewz-secure/smil:cubesanewz-secure-web.smil/playlist.m3u8,网络源,https://i.imgur.com/Lwgdbuu.png
Angel TV (720p),https://janya-digimix.akamaized.net/vglive-sk-394914/india/ngrp:angelindia_all/playlist.m3u8,网络源,https://i.imgur.com/qKLEGU7.png
Angel TV Africa (720p),https://janya-digimix.akamaized.net/vglive-sk-904559/africa/ngrp:angelafrica_all/playlist.m3u8,网络源,https://i.imgur.com/qKLEGU7.png
Angel TV America (720p),https://janya-digimix.akamaized.net/vglive-sk-374850/america/ngrp:angelamerica_all/playlist.m3u8,网络源,https://i.imgur.com/qKLEGU7.png
Angel TV Arabia (720p),https://janya-digimix.akamaized.net/vglive-sk-213167/arabia/ngrp:angelarabia_all/playlist.m3u8,网络源,https://i.imgur.com/qKLEGU7.png
Angel TV Australia (720p),https://janya-digimix.akamaized.net/vglive-sk-310787/australia/ngrp:angelaustralia_all/playlist.m3u8,网络源,https://i.imgur.com/qKLEGU7.png
Angel TV Chinese (720p),https://janya-digimix.akamaized.net/vglive-sk-999451/chinese/ngrp:angelchinese_all/playlist.m3u8,网络源,https://i.imgur.com/qKLEGU7.png
Angel TV Europe (720p),https://janya-digimix.akamaized.net/vglive-sk-512011/europe/ngrp:angeleurope_all/playlist.m3u8,网络源,https://i.imgur.com/qKLEGU7.png
Angel TV FarEast (720p),https://janya-digimix.akamaized.net/vglive-sk-438760/fareast/ngrp:angelfareast_all/playlist.m3u8,网络源,https://i.imgur.com/qKLEGU7.png
Angel TV Hebrew (720p),https://janya-digimix.akamaized.net/vglive-sk-150533/hebrew/ngrp:angelhebrew_all/playlist.m3u8,网络源,https://i.imgur.com/qKLEGU7.png
Angel TV Indo-China (720p),https://janya-digimix.akamaized.net/vglive-sk-703035/indochina/ngrp:angelindochina_all/playlist.m3u8,网络源,https://i.imgur.com/qKLEGU7.png
Angel TV Indonesia (720p),https://janya-digimix.akamaized.net/vglive-sk-234616/indonesia/ngrp:angelindonesia_all/playlist.m3u8,网络源,https://i.imgur.com/qKLEGU7.png
Angel TV Nepal (720p),https://janya-digimix.akamaized.net/vglive-sk-109639/nepali/ngrp:angelnepali_all/playlist.m3u8,网络源,https://i.imgur.com/qKLEGU7.png
Angel TV Portuguese (720p),https://janya-digimix.akamaized.net/vglive-sk-382409/portuese/ngrp:angelportuguese_all/playlist.m3u8,网络源,https://i.imgur.com/qKLEGU7.png
Angel TV Russian (720p),https://janya-digimix.akamaized.net/vglive-sk-955415/russia/ngrp:angelrussia_all/playlist.m3u8,网络源,https://i.imgur.com/qKLEGU7.png
Angel TV Spanish (720p),https://janya-digimix.akamaized.net/vglive-sk-351398/spanish/ngrp:angelspanish_all/playlist.m3u8,网络源,https://i.imgur.com/qKLEGU7.png
Angelus TV (1080p),https://video.angelustv.ro/hls/angelustv.m3u8,网络源,https://static.wikia.nocookie.net/logopedia/images/1/12/Angelus_TV.svg/revision/latest/scale-to-width-down/512
Anger Management Channel (1080p),https://amg00353-lionsgatestudio-angermgmt-samsungau-o9jg9.amagi.tv/playlist/amg00353-lionsgatestudio-angermgmt-samsungau/playlist.m3u8,网络源,https://i.imgur.com/VXZgrNy.png
Anhui TV,https://restream.pdtvhd.com/memfs/c1cd2ed0-3b2b-4c25-af98-a7fb0b1eb130.m3u8,网络源,https://i.imgur.com/gDn101f.png
Ani (576p),http://46.32.176.50/anitv/index.m3u8,网络源,https://i.imgur.com/i2AP0hp.png
ANIMAL KINGDOM (720p),https://cdn6.goprimetime.info/feed/202306140918/LC18/index.m3u8,网络源,
Animation+ (1080p) [Geo-blocked],https://pb-ioe9d0fpkd6pp.akamaized.net/playlist.m3u8,网络源,https://i.imgur.com/OIFK6JB.png
Animax Asia India (1080p) [Geo-blocked],https://amg02159-kcglobal-amg02159c1-samsung-in-521.playouts.now.amagi.tv/playlist/amg02159-kcglobal-animax-samsungin/playlist.m3u8,网络源,https://jiotvimages.cdn.jio.com/dare_images/images/Animax.png
Anime Vision (1080p),https://d1ujfw1zyymzyd.cloudfront.net/v1/master/3722c60a815c199d9c0ef36c5b73da68a62b09d1/cc-a6fukwkbxmex8/live/fast-channel-animevision-64527ec0/fast-channel-animevision-64527ec0.m3u8,网络源,https://i.imgur.com/pUpKznl.png
Anime Vision Classics (1080p),https://d82pyvmcw2kdc.cloudfront.net/v1/master/3722c60a815c199d9c0ef36c5b73da68a62b09d1/cc-swfivzrzwamaq/live/fast-channel-animevisionclassics-efc8dc6d/fast-channel-animevisionclassics-efc8dc6d.m3u8,网络源,https://i.imgur.com/mTaiEE1.png
Anime x HIDIVE,https://jmp2.uk/plu-6793eaa4bc03978b9bc63db1.m3u8,网络源,https://i.imgur.com/v0BlxCa.png
Aniplus Asia (720p),https://amg18481-amg18481c1-amgplt0352.playout.now3.amagi.tv/playlist/amg18481-amg18481c1-amgplt0352/playlist.m3u8,网络源,https://i.imgur.com/Im3MePy.png
Anixe + (360p),https://ma.anixa.tv/clips/stream/anixesd/index.m3u8,网络源,https://i.imgur.com/hvGJ2oa.png
Anixe HD Serie (360p),https://ma.anixa.tv/clips/stream/anixehd/index.m3u8,网络源,https://upload.wikimedia.org/wikipedia/commons/thumb/c/c0/Anixe_HD.svg/960px-Anixe_HD.svg.png
Anjan TV (720p),https://anjan.vstream.online/anjanorg/ngrp:anjan_hdall/playlist.m3u8,网络源,https://i.imgur.com/sh0yFSf.png
ANT1 Cyprus (1080p),http://l2.cloudskep.com/ant1cm2/abr/playlist.m3u8,网络源,https://i.imgur.com/2KAObBt.png
Antares Television,https://5949aa132c8fb.streamlock.net:1963/iptvantares/liveantarestv/playlist.m3u8,网络源,https://i.imgur.com/05gwtk2.png
Antena 1 (Romania),https://live4dai.antenaplay.ro/live2_sdi14/live2_sdi14_600k.m3u8,网络源,https://i.imgur.com/EPmwuuv.png
Antena 3 Internacional,http://177.10.184.193:8000/play/a06a/index.m3u8,网络源,https://upload.wikimedia.org/wikipedia/commons/8/83/Antena3Internacional2025.png
Antena 7 (480p),https://alba-do-antena7-antena7.stream.mediatiquestream.com/index.m3u8,网络源,https://i.imgur.com/zKWFgeQ.png
Antena 21 (480p),https://alba-do-antena7-c21.stream.mediatiquestream.com/index.m3u8,网络源,https://i.imgur.com/QE0XWLh.png
Antena International,https://live4dai.antenaplay.ro/live2_sdi06/live2_sdi06_600k.m3u8,网络源,https://static.wikia.nocookie.net/logopedia/images/3/38/Antena_Interna%C8%9Bional_2022.png/revision/latest/scale-to-width-down/512
Antena Monden (720p),https://stream1.antenaplay.ro/live/AntenaMonden/playlist.m3u8,网络源,https://static.wikia.nocookie.net/logopedia/images/0/01/Antena_Monden_2022.png/revision/latest/scale-to-width-down/300
Antena Seis TV (720p) [Geo-blocked],https://video1.azulstream.com:8081/antenaseistv/index.m3u8,网络源,https://i.imgur.com/9Nh2mo9.png
Antena Stars,https://live4dai.antenaplay.ro/live2_sdi07/live2_sdi07_600k.m3u8,网络源,https://static.wikia.nocookie.net/logopedia/images/7/7e/A_Stars_2022.png/revision/latest/scale-to-width-down/300
Antena SUR (720p),https://cloudpro.servidoresdestream.com:8081/8010/index.m3u8,网络源,https://i.imgur.com/4aHrD2l.jpeg
Antena TV,https://5ca9af4645e15.streamlock.net/grd/videogrd/playlist.m3u8,网络源,https://i.imgur.com/1sAgSME.png
Antena Uno Radiovideo (360p),https://tvdatta.com:3578/live/antenaunolive.m3u8,网络源,https://i.imgur.com/PCN6iZJ.png
Antenna 2 TV (720p),https://58f12ffd2447a.streamlock.net/Antenna2/livestream/playlist.m3u8,网络源,https://i.imgur.com/kNrzk3X.png
Antenna Sud (720p),https://live.antennasudwebtv.it:9443/hls/vod.m3u8,网络源,https://i.imgur.com/Sf0bA4P.png
Antenna Sud Extra (720p),https://live.antennasudwebtv.it:9443/hls/vod92.m3u8,网络源,https://i.imgur.com/kiCcHzc.png
Antenna Tre (480p) [Geo-blocked],https://59d8c0cee6f3d.streamlock.net/antennatreveneto/antennatreveneto.stream/playlist.m3u8,网络源,
Antenne A,http://51.254.199.122:8080/antenne_a-plus/index.m3u8,网络源,https://i.imgur.com/tgxrcv7.png
Antenne Kaernten (720p),https://60efd7a2b4d02.streamlock.net/a_kaernten/ngrp:livestream_all/playlist.m3u8,网络源,https://i.imgur.com/nUKFDsb.jpeg
Antenne Reunion (720p) [Not 24/7],https://live-antenne-reunion.zeop.tv/live/c3eds/antreunihd/hls_fta/antreunihd.m3u8?location=ZEOP01,网络源,https://i.imgur.com/EPIMMaB.png
Antenne Steiermark (720p),https://60efd7a2b4d02.streamlock.net/a_steiermark/ngrp:livestream_all/playlist.m3u8,网络源,https://i.imgur.com/qnappvd.jpeg
Antenne Vorarlberg (720p) [Not 24/7],https://5857db5306b83.streamlock.net/antennevorarlberg-live/_definst_/mp4:livestream/playlist.m3u8,网络源,https://i.imgur.com/GW750Zc.png
Anthony Bourdain: Parts Unknown,https://jmp2.uk/plu-69173ce8abd4703b27f71d44.m3u8,网络源,https://i.imgur.com/dAO9llk.png
Antik Info TV (1080p),https://dash4.antik.sk/live/test_infokanal_tizen/playlist.m3u8,网络源,https://i.imgur.com/Q0qL60o.png
Antiques Road Trip (1080p),https://amg02333-pbs-amg02333c1-samsung-au-1253.playouts.now.amagi.tv/PBSD-AntiquesRoadTripSF-samsung/playlist.m3u8,网络源,https://i.imgur.com/kkm7VqV.png
Antiques Roadshow UK (1080p),https://bbc-antiquesroadshowuk-1-us.roku.wurl.tv/playlist.m3u8,网络源,https://i.imgur.com/rKWLv48.png
Antofagasta TV (1080p),https://unlimited6-cl.dps.live/atv/atv.smil/playlist.m3u8,网络源,https://i.imgur.com/XIQr0fs.png
Anzoategui TV (360p) [Not 24/7],https://vcp2.myplaytv.com/anzoateguitv/anzoateguitv/playlist.m3u8,网络源,https://i.imgur.com/SLqrEOz.png
AP TV,https://59nyqg8elwap-hls-live.5centscdn.com/APTV/85c20905211659d143febd7c32592ee0.sdp/playlist.m3u8,网络源,https://i.imgur.com/Oky18bX.png
APA Tv (1080p),http://stream.apa.tv/apastream/index.m3u8,网络源,https://i.imgur.com/2CSW4V4.png
apart TV (1080p),https://2-fss-2.streamhoster.com/pl_124/206820-4338160-1/playlist.m3u8,网络源,https://i.imgur.com/IBcMIcZ.png
APN (576p),https://mumt01.tangotv.in/O5aw8Zn3APN/index.m3u8,网络源,https://ltsk-cdn.s3.eu-west-1.amazonaws.com/jumpstart/Temp_Live/cdn/HLS/Channel/transparentImages/APN.png
Apna Channel (576p),http://115.42.65.142:9981/stream/channelid/1273966657,网络源,https://i.imgur.com/ICSA4W6.png
Apna Punjab TV (720p),https://plus.gigabitcdn.net/live-stream/apna-punjab-H3sE/playlist.m3u8,网络源,https://i.imgur.com/IM4D8Wz.png
Apostol TV (576p),https://live.apostoltv.hu/live/playlist.m3u8,网络源,https://i.imgur.com/C43Cc9N.png
Apsara TV11 (720p),https://live.ams.com.kh/app/stream/playlist.m3u8,网络源,https://i.imgur.com/9wJe71I.png
Apsua TV,https://gcmx3v3owcj.a.trbcdn.net/livemaster/ba7pu_fgej0zelpw.smil/playlist.m3u8?blstid=null,网络源,https://i.imgur.com/TJowroY.png
Aqjaiyq (576p),https://stream.kaztrk.kz/regional/oraltv/index.m3u8,网络源,https://i.imgur.com/ZqIzzmf.png
Aqlvoy,https://stream8.cinerama.uz/1205/tracks-v1a1/mono.m3u8,网络源,https://i.imgur.com/ekF5cAi.png
Aqtobe (576p),https://stream.kaztrk.kz/regional/aktobetv/index.m3u8,网络源,https://i.imgur.com/csKl1z6.png
Ara TV,https://ncdn.telewebion.ir/ara/live/playlist.m3u8,网络源,https://i.ibb.co/dwSHt2SG/Ara.png
Arabi TV (1080p),https://streamtv2.elitecomunicacion.cloud:3628/live/arabitv2025live.m3u8,网络源,https://i.ibb.co/9Vp9Ghg/LOGO-WEB-ARABI-TV-3.png
Arabica TV (720p),http://istream.binarywaves.com:8081/hls/arabica/playlist.m3u8,网络源,https://i.imgur.com/sTOoDy1.png
Aradana TV (576p),https://mumbai-edge.smartplaytv.in/AradanaTV/index.m3u8,网络源,https://dtil.tmsimg.com/assets/s142649_ld_h9_aa.png?lock=720x540
Aragon TV Internacional (720p) [Not 24/7],https://cartv.streaming.aranova.es/hls/live/aragontv_canal1.m3u8,网络源,https://static.wikia.nocookie.net/logopedia/images/1/12/Arag%C3%B3n_Internacional.png/revision/latest/scale-to-width-down/512
Araruna TV,https://video05.logicahost.com.br/ararunatv/ararunatv/playlist.m3u8,网络源,https://i.imgur.com/jl39ula.png
Aras TV (576p) [Not 24/7],http://1.rtmp.org/tv217/yayin.stream/playlist.m3u8,网络源,https://i.imgur.com/JsDCyWG.png
Aratu On,https://cdn.live.br1.jmvstream.com/w/LVW-9359/LVW9359_XSyReL0QVf/playlist.m3u8,网络源,https://i.imgur.com/Ht4jCab.png
Arax TV,https://araxhls.wns.live/hls/stream.m3u8,网络源,
Arbol de Vida TV (240p) [Not 24/7],https://yupistream.top:19360/livearbol/livearbol.m3u8,网络源,https://i.imgur.com/4sGDc4X.jpg
Archivos Forenses,https://jmp2.uk/plu-5f984f4a09e92d0007d74647.m3u8,网络源,https://i.imgur.com/Pxrl9Ug.png
ARD-alpha (720p),https://mcdn.br.de/br/fs/ard_alpha/hls/de/master.m3u8,网络源,https://upload.wikimedia.org/wikipedia/commons/thumb/4/4b/ARD_alpha.svg/960px-ARD_alpha.svg.png
ARDB TV (1080p) [Not 24/7],https://ardbtv.ardb.com.kh:8443/tv-live/tv-online.m3u8,网络源,https://i.imgur.com/yOncWla.png
Are We There Yet? (1080p),https://amg00353-lionsgatestudio-arewethereyet-samsunguk-6h2ju.amagi.tv/playlist/amg00353-lionsgatestudio-arewethereyet-samsunguk/playlist.m3u8,网络源,https://i.imgur.com/3BJQiHP.png
Are You The One?,https://jmp2.uk/plu-61c0ac242bb0cf0007015f89.m3u8,网络源,https://images.pluto.tv/channels/61c091c39863900007ac9e8f/colorLogoPNG.png
Are You The One? DK,https://jmp2.uk/plu-61c091c39863900007ac9e8f.m3u8,网络源,https://images.pluto.tv/channels/61c091c39863900007ac9e8f/colorLogoPNG.png
Are You The One? NO,https://jmp2.uk/plu-61c1db8ed6d97900076ea15c.m3u8,网络源,https://images.pluto.tv/channels/61c091c39863900007ac9e8f/colorLogoPNG.png
Argentinisima Satelital (540p),https://stream1.sersat.com/hls/argentinisima.m3u8,网络源,https://i.imgur.com/xFgJawa.png
Arges TV (720p),https://btutzctahuf0wjoq.cdn.streamingserver.io/hls/yjvam8hlp2g3u08z02tv0yz66rq3cy.m3u8,网络源,https://i.imgur.com/qufz6nk.png
Argus News (576p),https://mumt05.tangotv.in/87NeALx2ARGUSNEWS/index.m3u8,网络源,https://xstreamcp-assets-msp.streamready.in/assets/LIVETV/LIVECHANNEL/LIVETV_LIVETVCHANNEL_ARGUS/images/LOGO_HD/image.png
Arica TV,https://envivo.arica.tv/hls/Live2025AricaTV.m3u8,网络源,https://i.imgur.com/I67WOgT.png
Arirang Radio (720p),http://amdlive-ch01.ctnd.com.edgesuite.net/arirang_3ch/smil:arirang_3ch.smil/playlist.m3u8,网络源,https://i.imgur.com/dtfiG9k.png
Arirang TV (1080p),http://amdlive-ch01.ctnd.com.edgesuite.net/arirang_1ch/smil:arirang_1ch.smil/playlist.m3u8,网络源,https://i.imgur.com/Asu5pE9.png
Arirang TV HD (720p),http://45.162.64.114/ARIRANG/index.m3u8,网络源,https://i.imgur.com/Asu5pE9.png
Arirang UN (1080p),https://amdlive-ch02-ctnd-com.akamaized.net/arirang_2ch/smil:arirang_2ch.smil/playlist.m3u8,网络源,https://i.imgur.com/Jdy3WNm.png
Aris 24 (720p) [Not 24/7],http://serv25.vintera.tv:8081/test/aris/playlist.m3u8,网络源,https://i.imgur.com/CTFVEAb.png
Aristo TV (360p),https://ma.anixa.tv/clips/stream/aristo/index.m3u8,网络源,https://i.imgur.com/DLVjeno.png
Ark TV (1080p) [Not 24/7],https://stream.hydeinnovations.com/arktv-international/index.fmp4.m3u8,网络源,https://i.imgur.com/yCHNZXD.png
Arkadag TV (406p) [Not 24/7],https://alpha.tv.online.tm/hls/ch000.m3u8,网络源,https://i.imgur.com/JdEb4Ug.png
Arkhyz 24 (1080p),https://live.mediacdn.ru/sr1/arhis24/playlist.m3u8,网络源,https://i.imgur.com/blAtdkJ.png
Arko TV,https://arkhls.wns.live/hls/stream.m3u8,网络源,
Arktika 24 (1080p),https://vgtrkregion-reg.cdnvideo.ru/vgtrk/arhangelsk/arktika24-hd/index.m3u8,网络源,https://i.imgur.com/kmbdyr6.png
Arlaadi TV,https://ap02.iqplay.tv:8082/iqb8002/alr114iapp/playlist.m3u8,网络源,https://i.imgur.com/2tlFMXF.png
Armenia 1 (1080p),https://ifl01eu-new.bozztv.com/am1abr/index.m3u8,网络源,https://i.imgur.com/HIwJ4lc.png
Armenia 1 America (1080p),https://amtvusdvr.tulix.tv/am4abr/index.m3u8,网络源,https://i.imgur.com/HIwJ4lc.png
Armenia 1 Sattelite (1080p),https://amtv.tulixcdn.com/amtv2/am2abr/index.m3u8,网络源,https://i.imgur.com/HIwJ4lc.png
Armenia 2 (1080p),https://amtv.tulixcdn.com/amtv3/am3abr/index.m3u8,网络源,https://i.imgur.com/AXmXw9X.png
Army TV (1080p),https://api-tv.ipnet.ua/api/v1/manifest/2118742632.m3u8,网络源,https://i.imgur.com/pGByjbh.png
Arpegio TV (720p),https://live-evg8.tv360.bitel.com.pe/bitel/arpegioSRT/playlist.m3u8,网络源,https://i.imgur.com/mxnKK1a.png
Arputhar Yesu TV (576p),https://account33.livebox.co.in/jesushelpshls/live.m3u8,网络源,https://arputharyesutv.net/wp-content/uploads/2022/07/AR-LOGO-PNG.png
Arryadia,http://149.100.11.252:8000/play/a065/index.m3u8,网络源,https://i.imgur.com/XjzK3gZ.png
Arsenal (576p),https://stream8.cinerama.uz/1414/tracks-v1a1/mono.m3u8,网络源,https://i.imgur.com/DBpVeb0.png
ART (Greece) (1080p),https://rumble.com/live-hls-dvr/78ixwi/playlist.m3u8,网络源,https://i.imgur.com/mNeLu04.png
ART (Russia) (576p),http://89.104.114.24:8080/art/index.m3u8,网络源,https://optim.tildacdn.com/tild3134-3836-4338-a138-666666653363/-/format/webp/__.png.webp
ART TV,https://rtmp.win:3696/live/arttvgrlive.m3u8,网络源,https://i.imgur.com/8uS0sib.png
Arte 1 (720p),http://45.162.64.114/ARTE1/index.m3u8,网络源,https://i.imgur.com/Ivnk7A6.png
arte (France) (720p),http://145.239.5.177/300/index.m3u8,网络源,https://i.imgur.com/ecXMjNl.png
arte (Germany) (720p) [Geo-blocked],https://artesimulcast.akamaized.net/hls/live/2030993/artelive_de/index.m3u8,网络源,https://i.imgur.com/ecXMjNl.png
arte (Germany) HD,https://dash4.antik.sk/live/test_arte_avc_25p/playlist.m3u8,网络源,https://i.imgur.com/ecXMjNl.png
ARTFLIX Movie Classics (720p),https://amogonetworx-artflix-1-nl.samsung.wurl.tv/playlist.m3u8,网络源,https://i.imgur.com/5pOZQB4.png
ARTN TV (1080p) [Not 24/7],https://streamer1.connectto.com/ARTN_mobile/index.m3u8,网络源,
ARTV (Chile) (720p),http://45.162.193.35/ARTV/index.m3u8,网络源,https://i.imgur.com/rKP1ihL.png
ARTV (Portugal) (720p) [Not 24/7],https://playout172.livextend.cloud/liveiframe/_definst_/liveartvabr/playlist.m3u8,网络源,https://i.imgur.com/y00t9hr.png
Aruba.TV (1080p),https://cdn01.setar.aw/Canal49/canal49/playlist.m3u8,网络源,https://i.imgur.com/9fWY09U.png
ArubaTV +,https://rtmpcontrol.com:1936/atvplus/ngrp:atvplus_all/playlist.m3u8,网络源,https://i.imgur.com/9s6LZJZ.png
Arvan TV,https://arvhls.wns.live/hls/stream.m3u8,网络源,
ARY News,https://cdn07lhr.tamashaweb.com:8087/jazzauth/vsat-arynews-abr/live/vsat-arynews-H/chunks_dvr_timeshift-0-3600.m3u8,网络源,https://i.imgur.com/R4KtTbJ.jpg
Aryan TV National (576p),https://mumt04.tangotv.in/m18aqlK4ARYANTVNATIONAL/index.m3u8,网络源,https://xstreamcp-assets-msp.streamready.in/assets/LIVETV/LIVECHANNEL/LIVETV_LIVETVCHANNEL_ARYAN_TV_NATIONAL/images/LOGO_HD/image.png
Aryen TV (1080p) [Not 24/7],https://aryen.tv/live/tv/playlist.m3u8,网络源,https://i.imgur.com/hIhzT7t.png
AS3 Sport TV (1080p),https://streamtv.as3sport.online:3394/hybrid/play.m3u8,网络源,https://i.ibb.co/bRmGbsyV/A3-SPORTTV.jpg
As Contenidos (720p),https://master.tucableip.com/ascontenido/index.m3u8,网络源,https://ascontenidos.com.bo/wp-content/uploads/2023/07/cropped-logo512.png
AS TV (900p),https://live.artidijitalmedya.com/artidijital_astv/astv/playlist.m3u8,网络源,https://asset.artidijitalmedya.com/image/188x188/channels/v1/logo_13.png
Asgabat (406p) [Not 24/7],https://alpha.tv.online.tm/hls/ch006.m3u8,网络源,https://i.imgur.com/EzjR1vo.png
Asharq Discovery (1080p),https://svs.itworkscdn.net/asharqdiscoverylive/asharqd.smil/playlist_dvr.m3u8,网络源,https://i.imgur.com/Czxi7yk.png
Asharq Documentary (1080p),https://svs.itworkscdn.net/asharqdocumentarylive/asharqdocumentary.smil/playlist_dvr.m3u8,网络源,https://i.imgur.com/v6VsFEt.png
Asharq News (1080p),https://live-news.asharq.com/asharq.m3u8,网络源,https://i.imgur.com/bqRC3sl.png
Asharq Radio (1080p),https://svs.itworkscdn.net/asharqradiovlive/asharqradiov/playlist.m3u8,网络源,https://i.imgur.com/M6K8cD3.jpeg
Ashiil TV (480p),https://wahyu1ptv.pages.dev/AshiilTV-HD.m3u8,网络源,https://i.imgur.com/bTktkcr.png
Asi Sucede Guanajuato (720p) [Not 24/7],https://stream.oursnetworktv.com/latin/encoder13/playlist.m3u8,网络源,https://i.imgur.com/6W7HUtG.png
Asia TV (720p),https://stream.asiatvnet.com/1/live/master.m3u8,网络源,https://saddlebrown-jellyfish-181801.hostingersite.com/ATV-logo.png
Asian Culture TV (1080p),https://cdn.vegasplus.us/vegas/actv/playlist.m3u8,网络源,https://i.imgur.com/o1icKZu.png
Asian Drama (1080p),http://103.172.187.30:12000/stream/mytv/null-11/master.m3u8,网络源,https://i.imgur.com/wqtN7mH.png
Asian News (1080p),https://stream.ottlive.co.in/asiannews/index.m3u8,网络源,https://jiotvimages.cdn.jio.com/dare_images/images/Asian_News.png
AsianCrush (1080p),https://linear-900.frequency.stream/dist/cineverse/900/hls/master/playlist.m3u8,网络源,https://i.imgur.com/hW6z1RG.png
Asianet HD (720p),https://raw.githubusercontent.com/amazeyourself/adaptive-streams/refs/heads/main/streams/in/YuppTV/AsianetHD.m3u8,网络源,https://i.imgur.com/Wv7MOzg.png
Asianet Middle East (576p),https://mumt03.tangotv.in/Dsly5z3HASIANETMIDDLEEAST/index.m3u8,网络源,https://i.imgur.com/du9iZ0s.png
Asianet Movies HD (720p),https://da86m1sqpm3o0.cloudfront.net/28072023/smil:asianetmovies1.smil/playlist.m3u8,网络源,https://i.imgur.com/cps67hs.png
Asianet News (1080p),https://amg13737-amg13737c1-amgplt0016.playout.now3.amagi.tv/playlist/amg13737-amg13737c1-amgplt0016/playlist.m3u8,网络源,https://xstreamcp-assets-msp.streamready.in/assets/LIVETV/LIVECHANNEL/LIVETV_LIVETVCHANNEL_ASIANET_NEWS/images/LOGO_HD/image.png
Asianet Suvarna News (1080p) [Not 24/7],https://asianetnews.vgcdn.net/vglive-sk-335835/playlist.m3u8,网络源,https://dtil.tmsimg.com/assets/s142682_ld_h15_aa.png?lock=720x540
Asil TV (576p),https://live.asil.tv/asiltv/index.m3u8,网络源,https://i.imgur.com/gROQqFD.png
AsiriTV (720p) [Not 24/7],https://video2.lhdserver.es/asiritv/live.m3u8,网络源,https://i.imgur.com/7bGVFBa.png
Asom Live 24 (576p),https://mumt06.tangotv.in/qYyB8fXVASHOMLIVE/index.m3u8,网络源,https://papaji.freetvindia.com/media/channels/asom_live_24x7.png
Asomavision (614p),https://asomatv.cloud-ip.cc/livestream/stream.m3u8,网络源,https://i.imgur.com/VqwyCV1.png
Aspire TV Life (1080p),https://uptv-aspiretvlife-klowdtv.amagi.tv/playlist.m3u8,网络源,https://press.upentertainment.com/wp-content/uploads/2022/03/aspire-tv-life-logo.jpg
Assam Talks (576p),http://tvsen7.aynascope.net/AssamTalks/index.m3u8,网络源,https://dtil.tmsimg.com/assets/s142683_ld_h15_aa.png?lock=720x540
Assen TV (720p),https://takeoff.jetstre.am/?account=OmroepAssen&file=OmroepAssenTV/playlist.m3u8&output=playlist.m3u8&protocol=https&service=webdav&type=live,网络源,https://i.imgur.com/upik15D.png
Assirat TV (576p),https://softverse.b-cdn.net/Assirat/assiratobs/playlist.m3u8,网络源,https://i.imgur.com/ps4Gtj0.png
Astana TV (576p),http://stream.mcquack.net/28/index.m3u8,网络源,https://upload.wikimedia.org/wikipedia/en/7/7b/Astana_TV_Logo.png
Astha TV (1080p) [Not 24/7],https://hgmtv.com:19360/asthatv/asthatv.m3u8,网络源,https://asthatv.com/wp-content/uploads/2026/02/Logo-Astha.png
Astra TV (1080p),https://server.gointernet.gr/live/livestream.m3u8,网络源,https://i.imgur.com/oYRPfZm.png
Astrahan 24 (720p),https://streaming.astrakhan.ru/astrakhan24/playlist.m3u8,网络源,https://i.imgur.com/9WcnjQN.png
Astrahan.Ru Sport (720p),https://streaming.astrakhan.ru/astrakhanrusporthd/playlist.m3u8,网络源,https://i.imgur.com/BKaEtqL.png
Astrahan.Ru TV (480p),https://streaming.astrakhan.ru/astrakhanrulivehd/playlist.m3u8,网络源,https://i.imgur.com/w4ys6zm.png
AT5,https://takeoff.jetstre.am/?account=atvijf&file=live&output=playlist.m3u8&protocol=https&service=wowza&type=live,网络源,https://i.imgur.com/iAiSlEL.png
At Home with Family Handyman (720p),https://d1ik2p49apxqjf.cloudfront.net/playlist.m3u8,网络源,https://i.imgur.com/WfKlGbX.png
Atabal TV (1080p) [Not 24/7],https://vdopanel.jlahozconsulting.com:3648/live/atabaltvlive.m3u8,网络源,https://imgur.com/QWR9SOH.png
Atacama Noticias (720p) [Not 24/7],https://v2.tustreaming.cl/atacamanoticias/index.m3u8,网络源,https://i.imgur.com/Avx4Ecf.png
Atacama TV,https://v2.tustreaming.cl/atacamatv/tracks-v1a1/mono.ts.m3u8,网络源,https://i.postimg.cc/rwS082hL/atacama-tv.png
Atambua TV (720p),http://122.248.43.242:1935/ATAMBUATV/_definst_/myStream/playlist.m3u8,网络源,https://upload.wikimedia.org/wikipedia/commons/7/72/Atambua_TV.png
Atameken Business (576p),https://fs.uplink.kz/atameken/mono.m3u8?token=onlinetv,网络源,https://i.imgur.com/CfRvm8i.png
Atfal & Mawaheb TV (1080p),https://5aafcc5de91f1.streamlock.net/atfal1.com/atfal2/playlist.m3u8,网络源,https://i.imgur.com/Y2BqP9m.png
ATG Live (720p),https://kanal75xto-llhls.akamaized.net/live/Data/atg-kanal-15-02a-rr/HLS-Legacy-HL/atg-kanal-15-02a-rr.m3u8,网络源,https://i.imgur.com/bPWFXkL.png
ATL 26,https://securestream11.champds.com/LIVE/AtlantaGALIVE/AtlantaGALIVE.m3u8,网络源,https://i.imgur.com/s4fqNMt.png
Atlanta Channel (720p),http://media4.tripsmarter.com:1935/LiveTV/ACVBHD/playlist.m3u8,网络源,https://i.imgur.com/MOGQAns.png
Atlantis Radio TV (720p),https://live-evg8.tv360.bitel.com.pe/bitel/atlantisSRT/playlist.m3u8,网络源,https://i.imgur.com/1eB9roP.png
Atlas (480p),https://cdn.whiplash.cc/whiplash-atlas/index.m3u8,网络源,https://whiplash.cc/assets/img/channels/atlas.png
ATM Rozrywka REWORK (720p),https://grupaatmrr.org.pl:8888/fallback/index.m3u8,网络源,https://i.ibb.co/B5BfmQNs/ATM.jpg
ATN Bangla (720p),http://tvsen5.aynascope.net/atnbangla/index.m3u8,网络源,https://i.imgur.com/K1HmMRz.png
ATN Bangla UK (576p),https://app.ncare.live/c3VydmVyX8RpbEU9Mi8xNy8yMDE0GIDU6RgzQ6NTAgdEoaeFzbF92YWxIZTO0U0ezN1IzMyfvcGVMZEJCTEFWeVN3PTOmdFsaWRtaW51aiPhnPTI2/atnbanglauk-off.stream/playlist.m3u8,网络源,https://i.imgur.com/vFpjggf.png
ATN Music (360p),https://app.ncare.live/c3VydmVyX8RpbEU9Mi8xNy8yMDE0GIDU6RgzQ6NTAgdEoaeFzbF92YWxIZTO0U0ezN1IzMyfvcGVMZEJCTEFWeVN3PTOmdFsaWRtaW51aiPhnPTI/atnmusic.stream/playlist.m3u8,网络源,https://www.jagobd.com/wp-content/uploads/2015/12/atnmusic.jpg?x50681
Atomic Academy TV (480p),https://atomic.streamnet.ro/academia.m3u8,网络源,https://i.imgur.com/ZbrDIbZ.png
Atomic TV (360p),https://atomic.streamnet.ro/atomictv.m3u8,网络源,https://i.imgur.com/O4uI0Uy.png
ATR (1080p),http://stream.mcquack.net/244/index.m3u8,网络源,https://i.imgur.com/lRJAXC7.png
Atrak TV,https://ncdn.telewebion.ir/atrak/live/playlist.m3u8,网络源,https://upload.wikimedia.org/wikipedia/fa/thumb/2/28/Bojnourd_ATRAK_TV.svg/960px-Bojnourd_ATRAK_TV.svg.png
Atrina TV,https://atrihls.wns.live/hls/stream.m3u8,网络源,
ATV (Austria) HD (1080p),http://212.186.45.34:9981/stream/channelid/692531719?profile=pass,网络源,https://i.imgur.com/1pA0Tid.png
ATV (Belgium) (1080p),https://live.zendzend.com/mpegts/29375_107244/media_mpegts_0.m3u8,网络源,https://upload.wikimedia.org/wikipedia/commons/thumb/5/52/ATV_Belgium_logo.svg/960px-ATV_Belgium_logo.svg.png
ATV (Guinea) (400p) [Not 24/7],https://guineetvdirect.online:3320/live/atvguineelive.m3u8,网络源,https://i.imgur.com/YkJPCfR.jpeg
ATV (Hungary) (160p),https://streamservers.atv.hu/atvlive/atvstream_1_aac/playlist.m3u8,网络源,https://i.imgur.com/85sIvrX.png
ATV (Kosovo) (1080p),http://5.254.89.106/8709/index.m3u8,网络源,https://i.imgur.com/lX6sekx.png
ATV (Pakistan) (1080p),http://115.42.65.142:9981/stream/channelid/299762256,网络源,https://upload.wikimedia.org/wikipedia/en/8/83/Atv_pakistan.PNG
ATV (Peru) (1080p),http://190.93.224.42/ATV/index.m3u8,网络源,https://i.imgur.com/eUzYZfg.png
ATV (Turkiye) (1080p),https://rnttwmjcin.turknet.ercdn.net/lcpmvefbyo/atv/atv_1080p.m3u8,网络源,https://i.imgur.com/HyVUwFC.png
ATV Alanya (1080p),https://cdn-alanyatv.yayin.com.tr/alanyatv/alanyatv/playlist.m3u8,网络源,https://i.imgur.com/bUwarR0.png
ATV Avrupa (576p),https://flask-api-hls-atvavrupahdtrkvz-live.onrender.com/hls_stream/master.m3u8,网络源,https://i.tmgrup.com.tr/aav/site/v1/i/atv-avrupa-logo.png
ATV Spirit (360p),https://streamservers.atv.hu/atvliveedge/_definst_/atvstream_2_aac/playlist.m3u8,网络源,https://i.imgur.com/JINE5xS.png
ATV Sur (1080p),http://190.93.224.42/ATV-SUR/index.m3u8,网络源,https://i.imgur.com/LnyVa5H.png
ATV+ (1080p),http://45.171.108.253:8888/ATV/index.m3u8,网络源,https://i.imgur.com/fY9256H.png
ATVSat (1080p) [Not 24/7],https://stream.atvsat.com/atvsatlive/smil:atvsatlive.smil/playlist.m3u8,网络源,https://i.imgur.com/pwM5txv.png
ATXN1 (1080p),https://cdn-atxn-01.vos360.video/Content/HLS/Live/channel(616d6f49-eaec-6f7e-7186-2bbaf66c69c0)/index.m3u8,网络源,https://i.imgur.com/tSMtDlz.png
ATXN2 (1080p),https://cdn-atxn-01.vos360.video/Content/HLS/Live/channel(f97b5ddc-b7e4-dff8-9f10-8c16d0833639)/index.m3u8,网络源,https://i.imgur.com/tSMtDlz.png
ATXN3 (1080p),https://cdn-atxn-01.vos360.video/Content/HLS/Live/channel(c55d1594-ad62-7434-aa17-4d71adb80f99)/index.m3u8,网络源,https://i.imgur.com/tSMtDlz.png
Atyray (720p),https://stream.kaztrk.kz/regional/atyrautv/index.m3u8,网络源,https://i.imgur.com/kva4O3T.png
Auction Hunters (Germany),https://jmp2.uk/plu-5ede45d077746000072be0fe.m3u8,网络源,https://i.imgur.com/4SPOVN7.png
Auction Hunters (Germany) GB,https://jmp2.uk/plu-62ac50e92c48f900071444c9.m3u8,网络源,https://i.imgur.com/4SPOVN7.png
Auction Hunters (Sweden),https://jmp2.uk/plu-62da7380478a5b0007e610d9.m3u8,网络源,https://images.pluto.tv/channels/62da73c4ec46c000070f4cb1/colorLogoPNG.png
Auction Hunters (Sweden) DK,https://jmp2.uk/plu-62da73c4ec46c000070f4cb1.m3u8,网络源,https://images.pluto.tv/channels/62da73c4ec46c000070f4cb1/colorLogoPNG.png
Auction Hunters (Sweden) NO,https://jmp2.uk/plu-62da7159ca8f220008032730.m3u8,网络源,https://images.pluto.tv/channels/62da73c4ec46c000070f4cb1/colorLogoPNG.png
Audaz TV (432p) [Not 24/7],https://cloud2.streaminglivehd.com:1936/8264/8264/playlist.m3u8,网络源,https://i.imgur.com/QtCgtZq.jpg
Audiokiss (1080p),https://master.tucableip.com/audiokisstv/index.m3u8,网络源,https://www.audiokiss.com/audiokiss/wp-content/uploads/sites/4/2021/02/Audio_kiss800-768x405.png
Auge TV (720p),https://cdn-tiva-video01-logicahost-com-br.smartbit.co/canalaugetv/canalaugetv/playlist.m3u8,网络源,https://m.media-amazon.com/images/I/81UMY8nlXHL._SL500_.png
Augsburg TV (1080p),https://stream02.welocal.stream/stream/fhd-augsburgtv_104951/ngrp:stream_all/playlist.m3u8,网络源,https://i.imgur.com/27AKMUL.png
Aupur Television (1080p),https://canal.aupurtv.co/live/stream/index.m3u8,网络源,https://i.imgur.com/FTv7zpJ.jpeg
aurLife HD (614p),http://124.109.47.101/hls/stream1.m3u8,网络源,https://i.imgur.com/GfWLn3O.jpg
Aurora Arte (480p),https://59d7d6f47d7fc.streamlock.net/auroraarte/auroraarte/playlist.m3u8,网络源,https://i.imgur.com/Y1Yq3iV.png
Aurora Media Films (720p),https://cdn.streamhispanatv.net:3417/live/auroramflive.m3u8,网络源,https://i.imgur.com/DVC5w6H.png
AuroraTV (720p),https://reflect-aurora.cablecast.tv/live-8/live/live.m3u8,网络源,https://i.imgur.com/g8Q1ASR.png
Ausbiz TV (720p) [Not 24/7],https://d9quh89lh7dtw.cloudfront.net/public-output/index.m3u8,网络源,https://i.imgur.com/8vGGdB0.png
Austral TV (1080p),https://stmv3.voxtvhd.com.br/australtv/australtv/playlist.m3u8,网络源,https://i.imgur.com/zgGuCYL.png
Autentic History (1080p),https://9e754fa707344ccca6d84955c8fcaf36.mediatailor.us-east-1.amazonaws.com/v1/master/44f73ba4d03e9607dcd9bebdcb8494d86964f1d8/RlaxxTV-eu_AutenticHistory/playlist.m3u8,网络源,https://d3b6luslimvglo.cloudfront.net/images/79/rlaxximages/channels-rescaled/icon-white/autentichistory_white.png
Autentic Travel (1080p),https://cb0c87cc605942ff9766a4e6744bbadc.mediatailor.us-east-1.amazonaws.com/v1/master/44f73ba4d03e9607dcd9bebdcb8494d86964f1d8/RlaxxTV-eu_AutenticTravel/playlist.m3u8,网络源,https://d3b6luslimvglo.cloudfront.net/images/79/rlaxximages/channels-rescaled/icon-white/autentictravel_white.png
Autentica Television (720p) [Not 24/7],https://live.obslivestream.com/autenticatvmux/index.m3u8,网络源,https://i.imgur.com/bEJK3RN.png
Auto Plus (576p),http://str2.iptvhd.ru:8080/Avto_Plyus/index.m3u8,网络源,https://i.imgur.com/sVc8cFt.png
Autonoma TV,https://wifispeed.trapemn.tv:1936/comunales/autonoma-tv/playlist.m3u8,网络源,https://i.imgur.com/kD6badL.png
AVA Family,https://familyhls.avatv.live/hls/stream.m3u8,网络源,
AVA Series,https://avaserieshls.wns.live/hls/stream.m3u8,网络源,https://i.imgur.com/8AfAfZE.png
Avang TV (1080p),https://hls.avang.live/hls/stream.m3u8,网络源,https://i.imgur.com/3I1n7fO.png
Avar TV (1080p),https://avr.host247.net/live/AvarTv/playlist.m3u8,网络源,https://i.imgur.com/JazFBkW.jpeg
Avatar (Germany),https://jmp2.uk/plu-656df599c0fc8800089c75ab.m3u8,网络源,https://images.pluto.tv/channels/656df599c0fc8800089c75ab/colorLogoPNG.png
Avatar (Sweden),https://jmp2.uk/plu-61c09b48d6d97900076e91c5.m3u8,网络源,https://images.pluto.tv/channels/61c09b48d6d97900076e91c5/colorLogoPNG.png
Avatar: A lenda de Aang,https://jmp2.uk/plu-6759eeb1bd523200083b4f29.m3u8,网络源,https://images.pluto.tv/channels/6759eeb1bd523200083b4f29/colorLogoPNG.png
Avatar: La Leyenda de Aang,https://jmp2.uk/plu-6759ee82bd523200083b4f0f.m3u8,网络源,https://images.pluto.tv/channels/6759ee82bd523200083b4f0f/colorLogoPNG.png
Avers (480p),https://avers.pp.ua/hls/efir.m3u8,网络源,https://i.imgur.com/rHHz94D.png
AVI Rewind (1080p),http://45.70.201.81:8000/play/a010/index.m3u8,网络源,https://zplay.cl/LogosV2/AVIREWINDS_NEW.png
Aviation TV (480p),http://streamer02.nbo1.angani.co:1935/aviationtv/myStream/playlist.m3u8,网络源,https://i.imgur.com/WOU9z5G.png
Aviva TV (288p) [Not 24/7],https://video.misistemareseller.com/atvhonduras/atvhonduras/playlist.m3u8,网络源,https://i.imgur.com/0jMM4TQ.png
Avivamiento TV (1080p) [Not 24/7],https://s1.abntelevision.com/avivamientoabr/stream/avivamientohd/avivamientohd/playlist.m3u8,网络源,https://i.imgur.com/ydoBp3b.png
AVT Khyber (1080p),http://115.42.65.142:9981/stream/channelid/1380586642,网络源,https://i.imgur.com/FqkABWT.png
Avto24 (576p),http://stream.mcquack.net/78/index.m3u8,网络源,https://i.imgur.com/GXSXmN2.png
Awaaz India TV (720p) [Not 24/7],https://awaazindia.livebox.co.in/AwaazIndaTVhls/Live.m3u8,网络源,https://i.imgur.com/eKQs51V.png
Awakening TV (576p),https://mumt03.tangotv.in/Dsly5z3HAWAKENINGTV/index.m3u8,网络源,https://i.imgur.com/p26iWOi.png
Awapa Sports TV (1080p) [Not 24/7],https://mgv-awapa.akamaized.net/hls/live/2104282/MGV_CHANNEL15/master.m3u8,网络源,https://i.imgur.com/MNw5cJH.jpg
AWE (720p),https://a-cdn.klowdtv.com/live1/awe_720p/playlist.m3u8,网络源,https://i.imgur.com/OjpCtGj.png
AWE International (720p),https://a-cdn.klowdtv.com/live1/aweint/playlist.m3u8,网络源,https://i.imgur.com/VhxtMUQ.png
AWE Plus (720p),https://a-cdn.herringnetwork.com/affiliate/awee/playlist.m3u8,网络源,https://i.imgur.com/hL8i7Ar.png
AWE Plus KPVM-LD,https://2-fss-2.streamhoster.com/pl_120/206858-4404552-1/playlist.m3u8,网络源,https://i.imgur.com/hL8i7Ar.png
Awesome TV [Geo-blocked],https://488b9e074624.ap-south-1.playback.live-video.net/api/video/v1/ap-south-1.533267421985.channel.B7bB1wHJRCnw.m3u8,网络源,https://i.imgur.com/x90U1Bf.png
Awkward (Germany),https://jmp2.uk/plu-62bc1784120ba80007935aaa.m3u8,网络源,https://images.pluto.tv/channels/62bc1784120ba80007935aaa/colorLogoPNG.png
Awkward (Sweden),https://jmp2.uk/plu-61c0925c738ecd000882450a.m3u8,网络源,https://images.pluto.tv/channels/61c0925c738ecd000882450a/colorLogoPNG.png
AXN (Brazil) (720p),http://170.83.16.50/AXN/index.m3u8,网络源,https://upload.wikimedia.org/wikipedia/commons/thumb/5/52/AXN_logo_%282015%29.svg/960px-AXN_logo_%282015%29.svg.png
AXN Asia Taiwan (1080p),http://125.227.210.55:4050/VideoInput/play.ts,网络源,https://upload.wikimedia.org/wikipedia/commons/thumb/5/52/AXN_logo_%282015%29.svg/960px-AXN_logo_%282015%29.svg.png
AXN Asia Thailand (720p),http://58.8.186.128:10007/bysid/2814,网络源,https://upload.wikimedia.org/wikipedia/commons/thumb/5/52/AXN_logo_%282015%29.svg/960px-AXN_logo_%282015%29.svg.png
AXN Black (576p),http://hls127.freeott.top:8080/BG_AXN_Black/video.m3u8,网络源,https://i.imgur.com/Peo1QiZ.png
AXN Black Poland (576p),http://185.227.34.179:8080/axn-black/index.m3u8,网络源,https://i.imgur.com/Peo1QiZ.png
AXN CEE Bulgary,http://85.11.144.9:4222/AXN,网络源,https://upload.wikimedia.org/wikipedia/commons/thumb/5/52/AXN_logo_%282015%29.svg/960px-AXN_logo_%282015%29.svg.png
AXN Latin America (1080p),http://138.121.15.230:9002/AXN/index.m3u8,网络源,https://upload.wikimedia.org/wikipedia/commons/thumb/5/52/AXN_logo_%282015%29.svg/960px-AXN_logo_%282015%29.svg.png
AXN Latin America Chile (1080p),https://cdn1tlinkgo.tlink.cl/axnhd/index.m3u8,网络源,https://upload.wikimedia.org/wikipedia/commons/thumb/5/52/AXN_logo_%282015%29.svg/960px-AXN_logo_%282015%29.svg.png
AXN Latin America Mexico,http://190.11.225.124:5000/live/axn_hd/playlist.m3u8,网络源,https://upload.wikimedia.org/wikipedia/commons/thumb/5/52/AXN_logo_%282015%29.svg/960px-AXN_logo_%282015%29.svg.png
AXN Latin America South,http://45.228.235.116:8000/play/a0iy/index.m3u8,网络源,https://upload.wikimedia.org/wikipedia/commons/thumb/5/52/AXN_logo_%282015%29.svg/960px-AXN_logo_%282015%29.svg.png
AXN White Bulgaria (576p),http://hls127.freeott.top:8080/BG_AXN_White/video.m3u8,网络源,https://i.imgur.com/47IKxmt.png
AXN White Poland (576p),http://185.227.34.179:8080/axn-white/index.m3u8,网络源,https://i.imgur.com/47IKxmt.png
AXS TV (720p),http://23.239.31.26:8989/axstv/index.m3u8,网络源,https://upload.wikimedia.org/wikipedia/commons/thumb/c/c2/AXS_TV_logo.svg/960px-AXS_TV_logo.svg.png
Ayaz TV (720p),https://janya-ayaztv.vgcdn.net/ptnr-WebApp/title-Ayaz_TV/v1/vglive-sk-934820/main.m3u8,网络源,https://www.ayaztv.com/storage/assets/site_logo.png
AYNI TV (1080p),http://15.204.246.24:8080/AyniTVHD/index.m3u8,网络源,https://i.ibb.co/SPCkBR8/ayni-tv-bo.png
Aysen TV (720p),https://v1.tustreaming.cl/aysentv/index.m3u8,网络源,https://i.imgur.com/DmdBf9S.png
Ayush TV (576p),http://d1msejlow1t3l4.cloudfront.net/fta/ayushtv/playlist.m3u8,网络源,https://dtil.tmsimg.com/assets/s142692_ld_h15_aa.png?lock=720x540
Az Cinema (1080p),https://cdn1tlinkgo.tlink.cl/azcinema/index.m3u8,网络源,https://i.imgur.com/B5UN7C8.png
Az Star TV (1080p),https://live.livestreamtv.ca/azstar/amlst:azstar/playlist.m3u8,网络源,https://i.imgur.com/di3XX5L.png
Az TV (1080p),https://str.yodacdn.net/azertv/index.m3u8,网络源,https://i.imgur.com/snBMMeH.png
AZA TV HD (1080p),https://tv.webmedialive.com/azatvhn/live/playlist.m3u8,网络源,https://i.imgur.com/Jytpy32.png
Azahares Radiovisual Multimedia (720p),https://streamyes.alsolnet.com/azaharesfm/live/playlist.m3u8,网络源,https://i.imgur.com/g1BFoSs.png
Azan TV,https://dbcanada.sonarbanglatv.com/azantv/atv/index.m3u8,网络源,https://i.imgur.com/JlqS6I4.jpeg
Aznews TV (720p) [Not 24/7],https://edge1.socialsmart.tv/aznews/smil/playlist.m3u8,网络源,https://i.imgur.com/Kw17XfP.png
Azteca Deportes Network (1080p),http://181.119.66.28:8081/AZTECA-DEPORTES-HD/index.m3u8,网络源,https://match-images.icdb.tv/5913207f2494844101287828e87625eb.jpg
Azteca Honduras (720p),https://mdstrm.com/live-stream-playlist/65a1d2fd7e7f14355550d570.m3u8,网络源,https://i.imgur.com/sxFh1dw.png
Azteca Internacional (1080p),https://azt-mun.otteravision.com/azt/mun/mun.m3u8,网络源,https://upload.wikimedia.org/wikipedia/commons/e/eb/Azteca_Internacional_logo_2023.png
Azzurra TV (576p),https://ed05.top-ix.org/avtvlive/azzurra/streaming/playlist.m3u8,网络源,https://i.imgur.com/qWIZNEc.png
B1,https://hls02ns.antenaplay.ro/hls/b1-tv-hd/index.m3u8,网络源,https://upload.wikimedia.org/wikipedia/commons/thumb/5/57/B1_TV_logo.svg/960px-B1_TV_logo.svg.png
B4U Bhojpuri (1080p),https://cdnb4u.wiseplayout.com/B4U_Bhojpuri/master.m3u8,网络源,https://i.imgur.com/NwOQUDp.png
B4U Kadak (576p),https://streams.tangotv.in/B4UKADAK/ORIGIN/index.m3u8,网络源,https://dtil.tmsimg.com/assets/s142695_ld_h15_aa.png?lock=720x540
B4U Movies (576p),https://streams.tangotv.in/B4UMOVIES/ORIGIN/index.m3u8,网络源,https://i.imgur.com/M9kMFJl.png
B4U Music (576p),https://cdn.pishow.tv/ott/live/415/master.m3u8,网络源,https://dtil.tmsimg.com/assets/s158141_ld_h15_aa.png?lock=720x540
B15 Fresnillo (1080p),https://s5.mexside.net:1936/lsac/lsac/playlist.m3u8,网络源,https://i.imgur.com/kaUhEQy.png
B15 Zacatecas (1080p),https://s5.mexside.net:1936/envio2/envio2/playlist.m3u8,网络源,https://i.imgur.com/kaUhEQy.png
Baan Baan TV 73,https://vdo.plathong.net/live8794/live8794/playlist.m3u8,网络源,https://i.imgur.com/JGLy1Pm.png
Bab Al Hara (1080p),https://shd-amg-fast.edgenextcdn.net/tx010/playlist.m3u8,网络源,https://i.imgur.com/QtlnZbq.png
Baby Shark TV (1080p),https://newidco-babysharktv-1-us.roku.wurl.tv/playlist.m3u8,网络源,https://i.imgur.com/SbBKr8L.png
Baby Time (576p),http://178.134.1.158:8081/babytime/index.m3u8,网络源,https://i.imgur.com/lW3WIBD.png
BabyFirst (720p),https://cdn.fast.jwp.services/v1/channel/1_jB6940Ei_TvhvIHDL/manifest.m3u8,网络源,https://i.imgur.com/WxLHBwu.png
BabyFirst Brazil,https://jmp2.uk/plu-5f4fb4cf605ddf000748e16f.m3u8,网络源,https://i.imgur.com/WxLHBwu.png
BabyFirst Spanish (720p),http://168.228.44.241:9997/play/a07u/index.m3u8,网络源,https://i.imgur.com/WxLHBwu.png
BabyTV Latin America (1080p),https://cdn1tlinkgo.tlink.cl/babytv/index.m3u8,网络源,https://i.imgur.com/4BDJ5FT.png
BabyTV Turkiye (1080p) [Geo-blocked],https://saran-live.ercdn.net/babytv/index.m3u8,网络源,https://i.imgur.com/4BDJ5FT.png
Bacan Te Veo (360p),https://stmv6.voxtvhd.com.br/vacantveo2/vacantveo2/playlist.m3u8,网络源,https://i.imgur.com/m1LK6rY.png
Backstage (1080p),https://d2ah48mnofquik.cloudfront.net/Backstage.m3u8,网络源,https://i.imgur.com/qcTNvNU.png
Bada Khabar (576p),https://mumbai-edge.smartplaytv.in/BADAKHABAR/index.m3u8,网络源,https://i.imgur.com/XiwygDJ.png
Badakhshon (576p),https://live.teleradiocom.tj/11/3m.m3u8,网络源,https://i.imgur.com/iK6AmkZ.png
Baden TV (1080p) [Not 24/7],http://badentv-stream2.siebnich.info/rtplive/btv.stream/live.m3u8,网络源,https://i.imgur.com/L6vE9Bz.png
Bahar TV (720p) [Not 24/7],https://59d39900ebfb8.streamlock.net/bahartv/bahartv/playlist.m3u8,网络源,https://yt3.googleusercontent.com/ytc/AIdro_nErN-N8qBYQy7YZnf-eAS2A97TFf1Ljs7yv2nxsc6T3A=s160-c-k-c0x00ffffff-no-rj
Bahrain International (720p) [Not 24/7],https://5c7b683162943.streamlock.net/live/ngrp:bahraininternational_all/playlist.m3u8,网络源,https://i.imgur.com/t6Lmntr.png
Bahrain Quran (720p) [Not 24/7],https://5c7b683162943.streamlock.net/live/ngrp:bahrainquran_all/playlist.m3u8,网络源,https://i.imgur.com/er5hOK4.png
Bahrain Sports 1 (720p) [Not 24/7],https://5c7b683162943.streamlock.net/live/ngrp:sportsone_all/playlist.m3u8,网络源,https://i.imgur.com/fBpLsbC.png
Bahrain Sports 2 (720p) [Not 24/7],https://5c7b683162943.streamlock.net/live/ngrp:bahrainsportstwo_all/playlist.m3u8,网络源,https://i.imgur.com/ZkuZmIo.png
Bahrain TV (720p) [Not 24/7],https://5c7b683162943.streamlock.net/live/ngrp:bahraintvmain_all/playlist.m3u8,网络源,https://i.imgur.com/LTD0jIm.png
Baicheng TV [Geo-blocked],https://stream2.jlntv.cn/baicheng1/sd/live.m3u8,网络源,https://www.tvchinese.net/uploads/tv/baicheng.jpg
Bailen TV (720p) [Not 24/7],http://cpd.bailen.tv:8080/Playlist_CANAL_24H/playlist.m3u8,网络源,https://i.imgur.com/a64hwzq.png
Bajai TV (720p),https://cloudfront41.lexanetwork.com:1344/relay01/livestream002.sdp/playlist.m3u8,网络源,https://i.imgur.com/cyReGWh.png
Bajo Techo TV (1080p) [Not 24/7],https://fox.hostlagarto.com:8081/bajotechotv/tracks-v1a1/mono.m3u8,网络源,https://i.imgur.com/I2wRq88.png
Baku.TV,https://rtmp.baku.tv/hls/bakutv.m3u8,网络源,https://i.imgur.com/r4FzxSg.png
Balabol (1080p),https://cdn-dvr.ntv.ru/Balabol/index.m3u8,网络源,https://cdn2-static.ntv.ru/home/promo/24740/balabol_vse.jpg
Balapan (576p),https://fs.uplink.kz/balapan/mono.m3u8?token=onlinetv,网络源,https://vote.rtrk.kz/img/balapan-logo.png
Balapan HD (1080p),https://balapantv-stream.qazcdn.com/balapantv/balapantv/playlist.m3u8,网络源,https://vote.rtrk.kz/img/balapan-logo.png
Balapan International (1080p),https://live-3.otcnet.ru/Balapan/index.m3u8,网络源,https://otv.server-img.lfstrm.tv/images/channel_logos/logo_638108d82e47243302bc81f1.png
Balaton TV (432p),https://stream.iptvservice.eu/hls/balatontv.m3u8,网络源,https://balatontelevizio.hu/wp-content/uploads/2020/05/balaton_tv_logo.png
Balchi TV,https://rtmpcontrol.com:1936/balchitv/balchitv/playlist.m3u8,网络源,https://i.imgur.com/XlCaZvF.png
Balikpapan TV (720p),http://122.248.43.242:1935/BALIKPAPANTV/_definst_/myStream/playlist.m3u8,网络源,https://i.imgur.com/P3whqna.png
Balle Balle (576p),https://streams.tangotv.in/BALLEBALLE/ORIGIN/index.m3u8,网络源,https://jiotvimages.cdn.jio.com/dare_images/images/Balle_Balle_TV.png
Balle Balle HD (720p),https://mcncdndigital.com/balleballetv/index.m3u8,网络源,https://jiotvimages.cdn.jio.com/dare_images/images/Balle_Balle_TV.png
Balta TV (768p),http://194.50.51.34/playlist.m3u8,网络源,https://cdn.teleon.tv/logo/balta-tv-ua.png
Balti TV (1080p) [Geo-blocked],http://77.89.199.174:8000/play/1024/index.m3u8,网络源,https://i.imgur.com/S1vEqZp.png
BAM-TV,https://belafrikamediatv.vedge.infomaniak.com/livecast/ik:belafrikamediatv/manifest.m3u8,网络源,https://i.imgur.com/9UmR6cs.png
BamBarBia.TV (720p) [Not 24/7],http://cdn1.live-tv.od.ua:8081/bbb/bbbtv-abr/playlist.m3u8,网络源,https://i.imgur.com/zdRvy87.png
BAMOS TV (1080p) [Not 24/7],https://video2.getstreamhosting.com:19360/8092/8092.m3u8,网络源,https://i.imgur.com/ntK4D64.png
Band (720p),http://170.84.165.204/BAND_HD/index.m3u8,网络源,https://i.imgur.com/1r5T6Pw.png
Band Sports (1080p),https://cdn-5.nxplay.com.br/BAND_SPORTS/index.m3u8,网络源,https://i.imgur.com/EuPvzJe.png
BandNews (1080p),https://cdn-5.nxplay.com.br/BAND_NEWS/index.m3u8,网络源,https://i.ibb.co/0jVZBFp/u8ya-iw-R-400x400.jpg
Bandung TV (360p),http://202.150.153.254:65500/bandungtvWEBSITE.m3u8,网络源,https://i.postimg.cc/JzqSzcj9/200px-Logo-bdg-tv-2016.png
Bangla Vision (720p),https://tvsen5.aynaott.com/banglavision/index.m3u8,网络源,https://i.imgur.com/nCWgp38.png
Bani Vision (720p) [Not 24/7],https://videostream.shockmedia.com.ar/hls/banivision/banivision.m3u8,网络源,https://www.banivision.com/wp-content/uploads/2023/04/Bani-Vision-Favicon.png
Banjar TV (720p) [Not 24/7],https://banjartv.siar.us/banjartv/live/playlist.m3u8,网络源,https://i.imgur.com/TA76a10.png
Bansal News (720p),https://8yzmq2gbdvax-hls-live.wmncdn.net/bansalnewstv1/live1.stream/playlist.m3u8,网络源,https://xstreamcp-assets-msp.streamready.in/assets/LIVETV/LIVECHANNEL/LIVETV_LIVETVCHANNEL_BANSAL_NEWS/images/LOGO_HD/image.png
Banten TV (720p) [Not 24/7],https://5bf7b725107e5.streamlock.net/bantentv/bantentv/playlist.m3u8,网络源,https://i.imgur.com/tbtF40p.png
Bar Rescue,https://jmp2.uk/plu-60a3d889a5b3690008dc7fe8.m3u8,网络源,https://images.pluto.tv/channels/655f2ee6c0fc88000877d26c/colorLogoPNG.png
Bar Rescue CA,https://jmp2.uk/plu-655f2ee6c0fc88000877d26c.m3u8,网络源,https://images.pluto.tv/channels/655f2ee6c0fc88000877d26c/colorLogoPNG.png
Baraka Television (720p) [Not 24/7],https://stream.berosat.live:19360/baraka-hd/baraka-hd.m3u8,网络源,https://i.imgur.com/IKXddHN.png
Baran TV,https://ncdn.telewebion.ir/baran/live/playlist.m3u8,网络源,https://upload.wikimedia.org/wikipedia/fa/thumb/b/b9/TV_Baran.svg/500px-TV_Baran.svg.png
Baraza TV (1080p),https://eco.streams.ovh:8081/barazatv/tracks-v1a1/mono.m3u8,网络源,https://i.imgur.com/TZ1unwF.png
Baraza TV Deep House (720p),https://rtmp.streams.ovh:1936/barazarelax/barazazararelax/barazarelax/playlist.m3u8,网络源,https://i.imgur.com/TZ1unwF.png
Baraza TV Relaxing (720p),https://rtmp.streams.ovh:1936/barazarelax/barazarelax/playlist.m3u8,网络源,https://i.imgur.com/TZ1unwF.png
Barbe TV (720p) [Not 24/7],https://cdn.streamhispanatv.net:3549/live/barbetvlive.m3u8,网络源,https://i.imgur.com/2Sekew2.png
Barca TV,https://live20.bozztv.com/dvrfl06/astv/astv-barca/index.m3u8,网络源,https://i.imgur.com/d8x7c8i.png
Barinas TV (720p) [Not 24/7],https://vcp13.myplaytv.com/barinastv/barinastv/playlist.m3u8,网络源,https://i.ibb.co/D7bLHGB/1575-Barinas-TV.png
Bark TV (1080p),https://bbb-barkt-streamstak.otteravision.com/bbb/barkt/barkt.m3u8,网络源,https://images.squarespace-cdn.com/content/v1/6a233007201fda6808a47ff9/f4f45cba-d340-4963-860a-37edaf91bc7f/BarkTV_Horizontal_Color.png
Barrandov Krimi (1080p),https://dash4.antik.sk/live/test_barrandov_plus_atk_1200/playlist.m3u8,网络源,https://upload.wikimedia.org/wikipedia/commons/thumb/5/57/Logo-krimi-barrandov-color.svg/960px-Logo-krimi-barrandov-color.svg.png
Bashkortostan 24 (1080p),https://vgtrkregion-reg.cdnvideo.ru/vgtrk/ufa/bashkortostan24-hd/index.m3u8,网络源,https://i.imgur.com/s34Wtz6.png
Batam TV (480p) [Not 24/7],http://122.248.43.242:1935/BATAMTV/_definst_/myStream/playlist.m3u8,网络源,https://i.imgur.com/lo7YXnW.png
Battlestar Galactica,https://jmp2.uk/plu-69d7ebff029c431826bd328e.m3u8,网络源,https://images.pluto.tv/channels/69d7ebff029c431826bd328e/colorLogoPNG_1776982986391.png
BATV (480p),https://reflect-batv.cablecast.tv/live-5/live/live.m3u8,网络源,https://i.imgur.com/nTeE4xu.png
BATV Educational Channel,https://livestream.telvue.com/billerica2/f7b44cfafd5c52223d5498196c8a2e7b.sdp/playlist.m3u8,网络源,https://i.imgur.com/eDoJqtg.png
BATV Government Channel,https://livestream.telvue.com/billerica3/f7b44cfafd5c52223d5498196c8a2e7b.sdp/playlist.m3u8,网络源,https://i.imgur.com/4MdSstx.png
BATV Government TV (480p),https://reflect-batv.cablecast.tv/live-3/live/live.m3u8,网络源,https://i.imgur.com/VPGIfVh.png
BATV Public Channel,https://livestream.telvue.com/billerica1/f7b44cfafd5c52223d5498196c8a2e7b.sdp/playlist.m3u8,网络源,https://i.imgur.com/zKQMDsu.png
Bayon TV,https://live-evg2.tv360.metfone.com.kh/livebayontv/bayontvhd.stream/playlist.m3u8,网络源,https://i.imgur.com/Gry2KEN.jpg
Bayres TV (720p),https://streaming01.mikrolive.tv/bayrestv/live/playlist.m3u8,网络源,https://blogger.googleusercontent.com/img/b/R29vZ2xl/AVvXsEjKrroOZ4RYMYlzGqMQjiIO2QbRNVndEM9PiC-CaRn0PO2AoB_YKyrt6Eigzh4M1gPZaVn5udDL5YzrzxAmyQCj_HTF8Pszo46dk9dABt9TpepY43_IEzT80atZEMaiMcdrqt3lmxAbZYaLwCgr6vDUgV1HlvmhIOJ99UlwAhG2FoHgtCm13CWEugV7Bvg/w1200-h630-p-k-no-nu/bayres-tv-removebg-preview.png
Baywatch (1080p),https://amg00145-fremantlemedian-baywatch-samsungau-gtsd6.amagi.tv/playlist/amg00145-fremantlemedian-baywatch-samsungau/playlist.m3u8,网络源,https://i.imgur.com/c2esKHg.png
BBC Alba [Geo-blocked],https://vs-cmaf-pushb-uk-live.akamaized.net/x=4/i=urn:bbc:pips:service:bbc_alba/hevc_iptv_mse_v0.mpd,网络源,https://i.imgur.com/36KDxLg.png
BBC America (720p),http://23.239.31.26:8989/bbcamerica/index.m3u8,网络源,https://i.imgur.com/pTiiPz0.png
BBC Arabic (720p),https://vs-cmaf-pushb-ww-live.akamaized.net/x=4/i=urn:bbc:pips:service:bbc_arabic_tv/pc_hd_abr_v2.mpd,网络源,https://i.imgur.com/ScyTG6P.png
BBC Drama (1080p),https://amg00793-amg00793c40-rakuten-es-5444.playouts.now.amagi.tv/playlist.m3u8,网络源,https://i.imgur.com/HctHhLL.png
BBC Earth Czechia,http://88.212.15.29/live/test_bbc_eartch_hevc/playlist.m3u8,网络源,https://i.imgur.com/nGSsUd4.png
BBC Earth Romania HD (576p),http://hls127.freeott.top:8080/BG_The_World/video.m3u8,网络源,https://i.imgur.com/nGSsUd4.png
BBC Earth US (1080p),https://amg00793-amg00793c6-xumo-us-2669.playouts.now.amagi.tv/BBCStudios-BBCEarthA-hls/playlist.m3u8,网络源,https://i.imgur.com/nGSsUd4.png
BBC Food (1080p),https://d1e9r0b71zfwk7.cloudfront.net/playlist.m3u8,网络源,https://i.imgur.com/kcmHcSx.png
BBC Four (720p) [Geo-blocked],https://vs-cmaf-pushb-uk.live.fastly.md.bbci.co.uk/x=4/i=urn:bbc:pips:service:bbc_four_hd/iptv_hd_abr_v1.mpd,网络源,https://upload.wikimedia.org/wikipedia/commons/thumb/6/6d/BBC_Four_logo_2021.svg/960px-BBC_Four_logo_2021.svg.png
BBC Four/CBeebies (720p),http://193.46.58.239:8080/CbeebiesHD/index.m3u8,网络源,https://i.imgur.com/aH0PCPy.png
BBC Home & Garden (1080p),https://d11r33s5i066xh.cloudfront.net/playlist.m3u8,网络源,https://i.imgur.com/rC0pi1D.png
BBC Kids (720p),https://dmr1h4skdal9h.cloudfront.net/playlist.m3u8,网络源,https://i.imgur.com/vKUD64a.png
BBC Lifestyle Asia (720p),http://58.8.186.128:10003/bysid/2333,网络源,https://i.imgur.com/9mzJJ3y.png
BBC News (1080p),https://xemzi.short.gy/1000015,网络源,https://xstreamcp-assets-msp.streamready.in/assets/LIVETV/LIVECHANNEL/LIVETV_LIVETVCHANNEL_BBC_NEWS/images/LOGO_HD/image.png
BBC News Africa (1080p),https://vs-cmaf-push-ww-live.akamaized.net/x=4/i=urn:bbc:pips:service:bbc_news_channel_hd/hevc_iptv_mse_v0.mpd,网络源,https://xstreamcp-assets-msp.streamready.in/assets/LIVETV/LIVECHANNEL/LIVETV_LIVETVCHANNEL_BBC_NEWS/images/LOGO_HD/image.png
BBC News Asia Pacific (576p),https://thinkkast.dpdns.org/thinkkast/bbcworld_news_sd/versiglia/index.m3u8,网络源,https://xstreamcp-assets-msp.streamready.in/assets/LIVETV/LIVECHANNEL/LIVETV_LIVETVCHANNEL_BBC_NEWS/images/LOGO_HD/image.png
BBC News Europe (576p),http://46.32.176.50/bbcworld/index.m3u8,网络源,https://xstreamcp-assets-msp.streamready.in/assets/LIVETV/LIVECHANNEL/LIVETV_LIVETVCHANNEL_BBC_NEWS/images/LOGO_HD/image.png
BBC News Latin America (720p),http://138.121.15.230:9002/BBC-NEWS/index.m3u8,网络源,https://xstreamcp-assets-msp.streamready.in/assets/LIVETV/LIVECHANNEL/LIVETV_LIVETVCHANNEL_BBC_NEWS/images/LOGO_HD/image.png
BBC News North America (1080p),http://23.237.104.106:8080/USA_BBC_NEWS/index.m3u8,网络源,https://xstreamcp-assets-msp.streamready.in/assets/LIVETV/LIVECHANNEL/LIVETV_LIVETVCHANNEL_BBC_NEWS/images/LOGO_HD/image.png
BBC News South Asia (720p),https://mumbai-edge.smartplaytv.in/BBCNews/index.m3u8,网络源,https://xstreamcp-assets-msp.streamready.in/assets/LIVETV/LIVECHANNEL/LIVETV_LIVETVCHANNEL_BBC_NEWS/images/LOGO_HD/image.png
BBC News UK HD (1080p),http://45.153.96.44:8001,网络源,https://xstreamcp-assets-msp.streamready.in/assets/LIVETV/LIVECHANNEL/LIVETV_LIVETVCHANNEL_BBC_NEWS/images/LOGO_HD/image.png
BBC News Pashto (720p),https://vs-cmaf-pushb-ww.live.cf.md.bbci.co.uk/x=4/i=urn:bbc:pips:service:bbc_afghan_tv/pc_hd_abr_v2.mpd,网络源,https://static.files.bbci.co.uk/ws/simorgh-assets/public/pashto/images/metadata/poster-1024x576.png
BBC One (720p) [Geo-blocked],https://vs-cmaf-push-uk-live.akamaized.net/x=4/i=urn:bbc:pips:service:bbc_one_london/iptv_hd_abr_v1.mpd,网络源,https://upload.wikimedia.org/wikipedia/commons/thumb/8/8b/BBC_One_logo_2021.svg/960px-BBC_One_logo_2021.svg.png
BBC One Channel Islands (720p) [Geo-blocked],https://vs-cmaf-pushb-uk-live.akamaized.net/x=4/i=urn:bbc:pips:service:bbc_one_channel_islands/pc_hd_abr_v2.mpd,网络源,https://upload.wikimedia.org/wikipedia/commons/thumb/8/8b/BBC_One_logo_2021.svg/960px-BBC_One_logo_2021.svg.png
BBC One East (720p) [Geo-blocked],https://vs-cmaf-pushb-uk-live.akamaized.net/x=4/i=urn:bbc:pips:service:bbc_one_east/pc_hd_abr_v2.mpd,网络源,https://upload.wikimedia.org/wikipedia/commons/thumb/8/8b/BBC_One_logo_2021.svg/960px-BBC_One_logo_2021.svg.png
BBC One East Midlands (720p) [Geo-blocked],https://vs-cmaf-pushb-uk-live.akamaized.net/x=4/i=urn:bbc:pips:service:bbc_one_east_midlands/pc_hd_abr_v2.mpd,网络源,https://upload.wikimedia.org/wikipedia/commons/thumb/8/8b/BBC_One_logo_2021.svg/960px-BBC_One_logo_2021.svg.png
BBC One East Midlands HD [Geo-blocked],https://vs-cmaf-pushb-uk-live.akamaized.net/x=4/i=urn:bbc:pips:service:bbc_one_east_midlands/hevc_iptv_mse_v0.mpd,网络源,https://upload.wikimedia.org/wikipedia/commons/thumb/8/8b/BBC_One_logo_2021.svg/960px-BBC_One_logo_2021.svg.png
BBC One London HD (720p),http://193.46.58.239:8080/BBCOneHD/index.m3u8,网络源,https://upload.wikimedia.org/wikipedia/commons/thumb/8/8b/BBC_One_logo_2021.svg/960px-BBC_One_logo_2021.svg.png
BBC One North East & Cumbria (720p) [Geo-blocked],https://vs-cmaf-pushb-uk-live.akamaized.net/x=4/i=urn:bbc:pips:service:bbc_one_north_east/pc_hd_abr_v2.mpd,网络源,https://upload.wikimedia.org/wikipedia/commons/thumb/8/8b/BBC_One_logo_2021.svg/960px-BBC_One_logo_2021.svg.png
BBC One North East & Cumbria HD [Geo-blocked],https://vs-cmaf-pushb-uk-live.akamaized.net/x=4/i=urn:bbc:pips:service:bbc_one_north_east/hevc_iptv_mse_v0.mpd,网络源,https://upload.wikimedia.org/wikipedia/commons/thumb/8/8b/BBC_One_logo_2021.svg/960px-BBC_One_logo_2021.svg.png
BBC One North West (720p) [Geo-blocked],https://vs-cmaf-pushb-uk-live.akamaized.net/x=4/i=urn:bbc:pips:service:bbc_one_north_west/pc_hd_abr_v2.mpd,网络源,https://upload.wikimedia.org/wikipedia/commons/thumb/8/8b/BBC_One_logo_2021.svg/960px-BBC_One_logo_2021.svg.png
BBC One North West HD [Geo-blocked],https://vs-cmaf-pushb-uk-live.akamaized.net/x=4/i=urn:bbc:pips:service:bbc_one_north_west/hevc_iptv_mse_v0.mpd,网络源,https://upload.wikimedia.org/wikipedia/commons/thumb/8/8b/BBC_One_logo_2021.svg/960px-BBC_One_logo_2021.svg.png
BBC One Northern Ireland (720p) [Geo-blocked],https://vs-cmaf-pushb-uk-live.akamaized.net/x=4/i=urn:bbc:pips:service:bbc_one_northern_ireland_hd/pc_hd_abr_v2.mpd,网络源,https://upload.wikimedia.org/wikipedia/commons/thumb/8/8b/BBC_One_logo_2021.svg/960px-BBC_One_logo_2021.svg.png
BBC One Northern Ireland HD [Geo-blocked],https://vs-cmaf-pushb-uk-live.akamaized.net/x=4/i=urn:bbc:pips:service:bbc_one_northern_ireland_hd/hevc_iptv_mse_v0.mpd,网络源,https://upload.wikimedia.org/wikipedia/commons/thumb/8/8b/BBC_One_logo_2021.svg/960px-BBC_One_logo_2021.svg.png
BBC One Scotland (540p) [Geo-blocked],https://vs-hls-pushb-uk-live.akamaized.net/x=4/i=urn:bbc:pips:service:bbc_one_scotland_hd/pc_hd_abr_v2.m3u8,网络源,https://upload.wikimedia.org/wikipedia/commons/thumb/8/8b/BBC_One_logo_2021.svg/960px-BBC_One_logo_2021.svg.png
BBC One Scotland HD (720p) [Geo-blocked],https://vs-cmaf-pushb-uk-live.akamaized.net/x=4/i=urn:bbc:pips:service:bbc_one_scotland_hd/pc_hd_abr_v2.mpd,网络源,https://upload.wikimedia.org/wikipedia/commons/thumb/8/8b/BBC_One_logo_2021.svg/960px-BBC_One_logo_2021.svg.png
BBC One South (720p) [Geo-blocked],https://vs-cmaf-pushb-uk-live.akamaized.net/x=4/i=urn:bbc:pips:service:bbc_one_south/pc_hd_abr_v2.mpd,网络源,https://upload.wikimedia.org/wikipedia/commons/thumb/8/8b/BBC_One_logo_2021.svg/960px-BBC_One_logo_2021.svg.png
BBC One South East (720p) [Geo-blocked],https://vs-cmaf-pushb-uk-live.akamaized.net/x=4/i=urn:bbc:pips:service:bbc_one_south_east/pc_hd_abr_v2.mpd,网络源,https://upload.wikimedia.org/wikipedia/commons/thumb/8/8b/BBC_One_logo_2021.svg/960px-BBC_One_logo_2021.svg.png
BBC One South West (720p) [Geo-blocked],https://vs-cmaf-pushb-uk-live.akamaized.net/x=4/i=urn:bbc:pips:service:bbc_one_south_west/pc_hd_abr_v2.mpd,网络源,https://upload.wikimedia.org/wikipedia/commons/thumb/8/8b/BBC_One_logo_2021.svg/960px-BBC_One_logo_2021.svg.png
BBC One Wales (720p) [Geo-blocked],https://vs-cmaf-pushb-uk-live.akamaized.net/x=4/i=urn:bbc:pips:service:bbc_one_wales_hd/pc_hd_abr_v2.mpd,网络源,https://upload.wikimedia.org/wikipedia/commons/thumb/8/8b/BBC_One_logo_2021.svg/960px-BBC_One_logo_2021.svg.png
BBC One West (720p) [Geo-blocked],https://vs-cmaf-pushb-uk-live.akamaized.net/x=4/i=urn:bbc:pips:service:bbc_one_west/pc_hd_abr_v2.mpd,网络源,https://upload.wikimedia.org/wikipedia/commons/thumb/8/8b/BBC_One_logo_2021.svg/960px-BBC_One_logo_2021.svg.png
BBC One West Midlands (720p) [Geo-blocked],https://vs-cmaf-pushb-uk-live.akamaized.net/x=4/i=urn:bbc:pips:service:bbc_one_west_midlands/pc_hd_abr_v2.mpd,网络源,https://upload.wikimedia.org/wikipedia/commons/thumb/8/8b/BBC_One_logo_2021.svg/960px-BBC_One_logo_2021.svg.png
BBC One Yorkshire (720p) [Geo-blocked],https://vs-cmaf-pushb-uk-live.akamaized.net/x=4/i=urn:bbc:pips:service:bbc_one_yorks/pc_hd_abr_v2.mpd,网络源,https://upload.wikimedia.org/wikipedia/commons/thumb/8/8b/BBC_One_logo_2021.svg/960px-BBC_One_logo_2021.svg.png
BBC One Yorkshire HD (720p) [Geo-blocked],https://vs-cmaf-pushb-uk-live.akamaized.net/x=4/i=urn:bbc:pips:service:bbc_one_east_yorkshire/pc_hd_abr_v2.mpd,网络源,https://upload.wikimedia.org/wikipedia/commons/thumb/8/8b/BBC_One_logo_2021.svg/960px-BBC_One_logo_2021.svg.png
BBC Parliament (720p) [Geo-blocked],https://vs-cmaf-pushb-uk-live.akamaized.net/x=4/i=urn:bbc:pips:service:bbc_parliament/iptv_hd_abr_v1.mpd,网络源,https://upload.wikimedia.org/wikipedia/commons/thumb/4/49/BBC_Parliament_Logo.svg/960px-BBC_Parliament_Logo.svg.png
BBC Persian (1080p),https://vs-cmaf-pushb-ww-live.akamaized.net/x=4/i=urn:bbc:pips:service:bbc_persian_tv/hevc_iptv_mse_v0.mpd,网络源,https://i.imgur.com/4uTMnPb.png
BBC Red Button 1 (720p) [Geo-blocked],https://vs-cmaf-pushb-uk.live.cf.md.bbci.co.uk/x=4/i=urn:bbc:pips:service:red_button_one/iptv_hd_abr_v1.mpd,网络源,https://d2n0069hmnqmmx.cloudfront.net/epgdata/1.0/newchanlogos/512/512/skychb2051.png
BBC Red Button 2 (720p) [Geo-blocked],https://ve-cmaf-push-uk-live.akamaized.net/x=4/i=urn:bbc:pips:service:uk_bbc_stream_002/iptv_hd_abr_v1.mpd,网络源,https://i.imgur.com/g2Aga13.png
BBC Red Button 3 (720p) [Geo-blocked],https://ve-cmaf-push-uk-live.akamaized.net/x=4/i=urn:bbc:pips:service:uk_bbc_stream_003/iptv_hd_abr_v1.mpd,网络源,https://i.imgur.com/g2Aga13.png
BBC Red Button 4 (720p) [Geo-blocked],https://ve-cmaf-push-uk-live.akamaized.net/x=4/i=urn:bbc:pips:service:uk_bbc_stream_004/iptv_hd_abr_v1.mpd,网络源,https://i.imgur.com/g2Aga13.png
BBC Red Button 5 (720p) [Geo-blocked],https://ve-cmaf-push-uk-live.akamaized.net/x=4/i=urn:bbc:pips:service:uk_bbc_stream_005/iptv_hd_abr_v1.mpd,网络源,https://i.imgur.com/g2Aga13.png
BBC Red Button 6 (720p) [Geo-blocked],https://ve-cmaf-push-uk-live.akamaized.net/x=4/i=urn:bbc:pips:service:uk_bbc_stream_006/iptv_hd_abr_v1.mpd,网络源,https://i.imgur.com/g2Aga13.png
BBC Red Button 7 (720p) [Geo-blocked],https://ve-cmaf-push-uk-live.akamaized.net/x=4/i=urn:bbc:pips:service:uk_bbc_stream_007/iptv_hd_abr_v1.mpd,网络源,https://i.imgur.com/g2Aga13.png
BBC Red Button 8 (720p) [Geo-blocked],https://ve-cmaf-push-uk-live.akamaized.net/x=4/i=urn:bbc:pips:service:uk_bbc_stream_008/iptv_hd_abr_v1.mpd,网络源,https://i.imgur.com/g2Aga13.png
BBC Red Button 9 (720p) [Geo-blocked],https://ve-cmaf-push-uk-live.akamaized.net/x=4/i=urn:bbc:pips:service:uk_bbc_stream_009/iptv_hd_abr_v1.mpd,网络源,https://i.imgur.com/g2Aga13.png
BBC Red Button 10 (720p) [Geo-blocked],https://ve-cmaf-push-uk-live.akamaized.net/x=4/i=urn:bbc:pips:service:uk_bbc_stream_010/iptv_hd_abr_v1.mpd,网络源,https://i.imgur.com/g2Aga13.png
BBC Red Button 11 (720p) [Geo-blocked],https://ve-cmaf-push-uk-live.akamaized.net/x=4/i=urn:bbc:pips:service:uk_bbc_stream_011/iptv_hd_abr_v1.mpd,网络源,https://i.imgur.com/g2Aga13.png
BBC Red Button 12 (720p) [Geo-blocked],https://ve-cmaf-push-uk-live.akamaized.net/x=4/i=urn:bbc:pips:service:uk_bbc_stream_012/iptv_hd_abr_v1.mpd,网络源,https://i.imgur.com/g2Aga13.png
BBC Red Button 13 (720p) [Geo-blocked],https://ve-cmaf-push-uk-live.akamaized.net/x=4/i=urn:bbc:pips:service:uk_bbc_stream_013/iptv_hd_abr_v1.mpd,网络源,https://i.imgur.com/g2Aga13.png
BBC Red Button 14 (720p) [Geo-blocked],https://ve-cmaf-push-uk-live.akamaized.net/x=4/i=urn:bbc:pips:service:uk_bbc_stream_014/iptv_hd_abr_v1.mpd,网络源,https://i.imgur.com/g2Aga13.png
BBC Red Button 15 (720p) [Geo-blocked],https://ve-cmaf-push-uk-live.akamaized.net/x=4/i=urn:bbc:pips:service:uk_bbc_stream_015/iptv_hd_abr_v1.mpd,网络源,https://i.imgur.com/g2Aga13.png
BBC Red Button 16 (720p) [Geo-blocked],https://ve-cmaf-push-uk-live.akamaized.net/x=4/i=urn:bbc:pips:service:uk_bbc_stream_016/iptv_hd_abr_v1.mpd,网络源,https://i.imgur.com/g2Aga13.png
BBC Red Button 17 (720p) [Geo-blocked],https://ve-cmaf-push-uk-live.akamaized.net/x=4/i=urn:bbc:pips:service:uk_bbc_stream_017/iptv_hd_abr_v1.mpd,网络源,https://i.imgur.com/g2Aga13.png
BBC Red Button 18 (720p) [Geo-blocked],https://ve-cmaf-push-uk-live.akamaized.net/x=4/i=urn:bbc:pips:service:uk_bbc_stream_018/iptv_hd_abr_v1.mpd,网络源,https://i.imgur.com/g2Aga13.png
BBC Red Button 19 (720p) [Geo-blocked],https://ve-cmaf-push-uk-live.akamaized.net/x=4/i=urn:bbc:pips:service:uk_bbc_stream_019/iptv_hd_abr_v1.mpd,网络源,https://i.imgur.com/g2Aga13.png
BBC Red Button 20 (720p) [Geo-blocked],https://ve-cmaf-push-uk-live.akamaized.net/x=4/i=urn:bbc:pips:service:uk_bbc_stream_020/iptv_hd_abr_v1.mpd,网络源,https://i.imgur.com/g2Aga13.png
BBC Red Button 21 (720p) [Geo-blocked],https://ve-cmaf-push-uk-live.akamaized.net/x=4/i=urn:bbc:pips:service:uk_bbc_stream_021/iptv_hd_abr_v1.mpd,网络源,https://i.imgur.com/g2Aga13.png
BBC Red Button 22 (720p) [Geo-blocked],https://ve-cmaf-push-uk-live.akamaized.net/x=4/i=urn:bbc:pips:service:uk_bbc_stream_022/iptv_hd_abr_v1.mpd,网络源,https://i.imgur.com/g2Aga13.png
BBC Red Button 23 (720p) [Geo-blocked],https://ve-cmaf-push-uk-live.akamaized.net/x=4/i=urn:bbc:pips:service:uk_bbc_stream_023/iptv_hd_abr_v1.mpd,网络源,https://i.imgur.com/g2Aga13.png
BBC Red Button 24 (720p) [Geo-blocked],https://ve-cmaf-push-uk-live.akamaized.net/x=4/i=urn:bbc:pips:service:uk_bbc_stream_024/iptv_hd_abr_v1.mpd,网络源,https://i.imgur.com/g2Aga13.png
BBC Scotland (720p) [Geo-blocked],https://vs-cmaf-pushb-uk-live.akamaized.net/x=4/i=urn:bbc:pips:service:bbc_scotland_hd/iptv_hd_abr_v1.mpd,网络源,https://upload.wikimedia.org/wikipedia/commons/thumb/6/66/BBC_Scotland_2021_%28channel%29.svg/960px-BBC_Scotland_2021_%28channel%29.svg.png
BBC Three (720p) [Geo-blocked],https://vs-cmaf-pushb-uk-live.akamaized.net/x=4/i=urn:bbc:pips:service:bbc_three_hd/iptv_hd_abr_v1.mpd,网络源,https://upload.wikimedia.org/wikipedia/commons/thumb/7/76/BBC_Three_2022.svg/960px-BBC_Three_2022.svg.png
BBC Three/CBBC (720p),http://193.46.58.239:8080/CBBCHD/index.m3u8,网络源,https://i.imgur.com/CGXC5fp.png
BBC Travel,https://jmp2.uk/plu-60e4519e6873180007d3cddb.m3u8,网络源,https://i.imgur.com/QiuYWs9.png
BBC Two HD (720p),http://193.46.58.239:8080/BBCTwoHD/index.m3u8,网络源,https://upload.wikimedia.org/wikipedia/commons/thumb/1/15/BBC_Two_logo_2021.svg/960px-BBC_Two_logo_2021.svg.png
BBC Two Northern Ireland (540p) [Geo-blocked],https://vs-hls-pushb-uk-live.akamaized.net/x=4/i=urn:bbc:pips:service:bbc_two_northern_ireland_hd/pc_hd_abr_v2.m3u8,网络源,https://upload.wikimedia.org/wikipedia/commons/thumb/1/15/BBC_Two_logo_2021.svg/960px-BBC_Two_logo_2021.svg.png
BBC Two Northern Ireland HD (720p) [Geo-blocked],https://vs-cmaf-pushb-uk-live.akamaized.net/x=4/i=urn:bbc:pips:service:bbc_two_northern_ireland_hd/iptv_hd_abr_v1.mpd,网络源,https://upload.wikimedia.org/wikipedia/commons/thumb/1/15/BBC_Two_logo_2021.svg/960px-BBC_Two_logo_2021.svg.png
BBC Two Wales (720p) [Geo-blocked],https://vs-cmaf-pushb-uk-live.akamaized.net/x=4/i=urn:bbc:pips:service:bbc_two_wales_digital/iptv_hd_abr_v1.mpd,网络源,https://upload.wikimedia.org/wikipedia/commons/thumb/1/15/BBC_Two_logo_2021.svg/960px-BBC_Two_logo_2021.svg.png
BBC UHD 1 (1080p),https://xemzi.short.gy/1000001,网络源,https://upload.wikimedia.org/wikipedia/commons/thumb/4/41/BBC_Logo_2021.svg/960px-BBC_Logo_2021.svg.png
BBC UHD 2 (1080p),https://xemzi.short.gy/1000002,网络源,https://upload.wikimedia.org/wikipedia/commons/thumb/4/41/BBC_Logo_2021.svg/960px-BBC_Logo_2021.svg.png
BBC UHD 3 (720p),http://45.14.84.37/bbc3/index.m3u8,网络源,https://upload.wikimedia.org/wikipedia/commons/thumb/4/41/BBC_Logo_2021.svg/960px-BBC_Logo_2021.svg.png
BBC UHD 4 (720p),http://45.14.84.37/bbc4/index.m3u8,网络源,https://upload.wikimedia.org/wikipedia/commons/thumb/4/41/BBC_Logo_2021.svg/960px-BBC_Logo_2021.svg.png
BBS TV (South Korea) (1080p),http://bbstv.clouducs.com:1935/bbstv-live/livestream/playlist.m3u8,网络源,https://i.imgur.com/01UmXRe.png
BBS TV (Uganda),https://bbstv.ug/hls/ch01/index.m3u8,网络源,https://i.imgur.com/Hub1AXv.png
BCN Gospel TV HD (720p),https://live1.ovalcast.com:3916/live/bcngospeltvlive.m3u8,网络源,https://bcngospelchannel.com/wp-content/uploads/2025/09/bcn-gospel-channer-favicon.png
BCS StarCross TV (576p),https://viewmedia7219.bozztv.com/wmedia/viewmedia100/web_001/Stream/playlist.m3u8,网络源,https://i.imgur.com/VKv1Y6p.png
BD Television (720p),https://stream.oursnetworktv.com/latin/telegtmb/playlist.m3u8,网络源,https://i.ibb.co/VBJhHkJ/Fda27b8e352949c39c8d88de33a284a4.png
Beach TV Florida & Alabama (720p),http://media4.tripsmarter.com:1935/LiveTV/DTVHD/playlist.m3u8,网络源,https://i.imgur.com/weypM9C.png
Beach TV Key West & Florida Keys (720p),https://5ed325193d4e1.streamlock.net:444/LiveTV/KTVHD/playlist.m3u8,网络源,https://i.imgur.com/XhDBdff.png
Beach TV Myrtle Beach & The Grand Strand (720p),http://media4.tripsmarter.com:1935/LiveTV/MTVHD/playlist.m3u8,网络源,https://i.imgur.com/aLYz7Bv.png
Beach TV Panama City (720p),http://media4.tripsmarter.com:1935/LiveTV/BTVHD/playlist.m3u8,网络源,https://i.imgur.com/HCQDvEe.png
Beats Radio (480p),https://videostream.shockmedia.com.ar:19360/beatsradio/beatsradio.m3u8,网络源,https://i.imgur.com/zkNUO5p.png
BEATTV (1080p),https://tv.beatfm.nl/live.m3u8,网络源,https://i.imgur.com/egK33Dj.png
Beautiful Life TV,https://5ddce30eb4b55.streamlock.net/bltvhd/bltv1/playlist.m3u8,网络源,https://i.imgur.com/hkwcBM9.png
Beavis and Butt-Head,https://jmp2.uk/plu-6486e8b48e3c0a0008e56914.m3u8,网络源,https://images.pluto.tv/channels/6486e8984cfc2c0008b6844e/colorLogoPNG.png
Beavis and Butt-Head DK,https://jmp2.uk/plu-6486e8984cfc2c0008b6844e.m3u8,网络源,https://images.pluto.tv/channels/6486e8984cfc2c0008b6844e/colorLogoPNG.png
Beavis and Butt-Head NO,https://jmp2.uk/plu-6486e8328e3c0a0008e5686c.m3u8,网络源,https://images.pluto.tv/channels/6486e8984cfc2c0008b6844e/colorLogoPNG.png
Beb TV (720p),https://live-hls-qunv.livepush.io/live_cdn/em8A-kbzIfHqu73/index.m3u8,网络源,https://i.imgur.com/3XOk1lP.jpeg
Bebeto TV (1080p) [Not 24/7],https://edge.essastream.com/bebetotelevision/index.m3u8,网络源,
Becker (Germany),https://jmp2.uk/plu-630348a54c48ce00077eb6c7.m3u8,网络源,https://images.pluto.tv/channels/630348a54c48ce00077eb6c7/colorLogoPNG.png
Becker (Sweden),https://jmp2.uk/plu-672e16f5daad7f0008929a0d.m3u8,网络源,https://images.pluto.tv/channels/672e157d7d5da5000812872d/colorLogoPNG-1731073515797.png
Becker (Sweden) DK,https://jmp2.uk/plu-672e157d7d5da5000812872d.m3u8,网络源,https://images.pluto.tv/channels/672e157d7d5da5000812872d/colorLogoPNG-1731073515797.png
Becker (Sweden) NO,https://jmp2.uk/plu-672e1634e482950008c759a5.m3u8,网络源,https://images.pluto.tv/channels/672e157d7d5da5000812872d/colorLogoPNG-1731073515797.png
Beijing Satellite TV [Not 24/7],http://ivi.bupt.edu.cn/hls/btv1.m3u8,网络源,https://i.imgur.com/vsktAez.png
Beijing Satellite TV HD (1080p),http://go.bkpcp.top/mg/bjws,网络源,https://i.imgur.com/vsktAez.png
beIN SPORTS XTRA (1080p),https://bein-xtra-bein.amagi.tv/playlist.m3u8,网络源,https://i.ibb.co/HT49GPmB/XTRA-2.png
beIN SPORTS XTRA en Espanol (1080p),http://201.190.41.246:9060/play/a03y/index.m3u8,网络源,https://i.imgur.com/V562tpO.png
BeitolAbbas TV Channel (720p),https://live.beitolabbas.tv/live/beitolabbastv.m3u8,网络源,https://i.imgur.com/s8PfUQy.png
BeJoy.kids (1080p),https://stream.paroledivita.org/bejoy.m3u8,网络源,https://bejoy.kids/wp-content/uploads/2025/09/Logo_Bejoy.png
BEK News (720p),https://cdn3.wowza.com/5/ZWQ1K2NYTmpFbGsr/BEK-WOWZA-1/smil:BEKPRIMEeast.smil/playlist.m3u8,网络源,https://i.imgur.com/m80uxdz.png
BEK Sports West (720p),https://cdn3.wowza.com/5/ZWQ1K2NYTmpFbGsr/BEK-WOWZA-1/smil:BEKPRIMEW.smil/playlist.m3u8,网络源,https://i.imgur.com/1l3t5jd.png
Bel RTL (1080p),https://bel-live-hls.akamaized.net/hls/live/2038650/BEL-Live-HLS/master.m3u8,网络源,https://i.imgur.com/0DUprIW.png
Belarus-1 (1080p),https://ngtrk.dc.beltelecom.by/ngtrk/_definst_/smil:belarus1.smil/playlist.m3u8,网络源,https://i.imgur.com/sUD9t5j.png
Belarus-1 HD (1080p),https://ngtrk.dc.beltelecom.by/ngtrk/smil:belarus1.smil/playlist.m3u8,网络源,https://i.imgur.com/sUD9t5j.png
Belarus-2 HD (1080p),https://ngtrk.dc.beltelecom.by/ngtrk/smil:belarus2.smil/playlist.m3u8,网络源,https://i.imgur.com/BpEHpPS.png
Belarus-3 HD (1080p) [Not 24/7],https://ngtrk.dc.beltelecom.by/ngtrk/smil:belarus3.smil/playlist.m3u8,网络源,https://i.imgur.com/JkcDycn.png
Belarus-4 Gomel,https://live.dc.beltelecom.by/trkgomel/trkgomel.stream/playlist.m3u8,网络源,https://i.imgur.com/XNkQrMr.png
Belarus-4 Vitebsk (1080p),https://ngtrk.dc.beltelecom.by/vtv/bt4.stream/playlist.m3u8,网络源,https://i.imgur.com/XNkQrMr.png
Belarus-5 (1080p) [Not 24/7],https://ngtrk.dc.beltelecom.by/ngtrk/smil:belarus5.smil/playlist.m3u8,网络源,https://i.imgur.com/NJsRFud.png
Belarus-5 HD (1080p),http://178.124.179.122:8080/BT5/index.m3u8,网络源,https://i.imgur.com/NJsRFud.png
Belarus-5 Internet (1080p) [Not 24/7],https://edge59.dc.beltelecom.by/ngtrk/smil:belarus5int.smil/playlist.m3u8,网络源,https://i.imgur.com/NJsRFud.png
Belarus-24 (576p),http://ott-7.sevstar.net/belarus24/index.m3u8,网络源,https://i.imgur.com/BP7tY6F.png
Belarus-24 HD (1080p),https://ngtrk.dc.beltelecom.by/ngtrk/smil:belarus24.smil/playlist.m3u8,网络源,https://i.imgur.com/BP7tY6F.png
Belgorod 24 (1080p),https://belnovosti.cdn.easyhoster.ru:8443/stream.m3u8,网络源,https://i.imgur.com/EEirvyx.png
Bella Abanquina TV (720p),https://live-evg8.tv360.bitel.com.pe/bitel/bellaabanquinaSRT/playlist.m3u8,网络源,https://i.imgur.com/bORM4rt.png
Bellator MMA,https://jmp2.uk/plu-5ebc8688f3697d00072f7cf8.m3u8,网络源,https://i.imgur.com/VBKoLHk.png
Bellavision (1080p) [Not 24/7],https://fox.hostlagarto.com:8081/bellavision8hd/tracks-v1a1/mono.m3u8,网络源,https://i.imgur.com/XqQ3kCs.png
Belle Amie (540p),http://92.60.238.10:1935/live/belleamie/playlist.m3u8,网络源,https://i.imgur.com/tOlN5Rz.png
Bem Melhor (720p),https://cdn-tiva-video01-logicahost-com-br.smartbit.co/bemmelhor/bemmelhor/playlist.m3u8,网络源,https://www.ubplay.com.br/wp-content/uploads/sites/67/2025/10/capa-site-bemmelhor.png
Bendicion Channel (720p),https://s.emisoras.tv:8081/bendicionchannel/index.m3u8,网络源,https://i.imgur.com/yKzV7m7.png
Benguturk TV (1080p),http://185.234.111.229:8000/play/a05u,网络源,https://i.imgur.com/p3ON1oX.png
Benie TV (720p),https://tv.voozmedia.fun/benietv/index.m3u8,网络源,https://i.imgur.com/7FXi05e.jpeg
Benin Web TV (720p),https://stream.beninwebtv.bj/2/live/stream.m3u8,网络源,https://i.imgur.com/CYy4n0N.png
Berente TV (1080p),https://stream.streaming4u.hu/BerenteTV/index.m3u8,网络源,https://i.imgur.com/3H3Ct9f.png
Bergamo TV (1080p),https://db142859fd5541b09de25d6507f1f2d3.msvdn.net/live/S17501676/oIxAsgEEA46M/playlist_dvr.m3u8,网络源,https://i.imgur.com/Np3RaKv.png
Berks Community TV (1080p),https://livestream.telvue.com/berkscmttv2/f7b44cfafd5c52223d5498196c8a2e7b.sdp/playlist.m3u8,网络源,https://i.imgur.com/vQ6a4VL.png
Best of BATV Channel,https://livestream.telvue.com/billerica4/f7b44cfafd5c52223d5498196c8a2e7b.sdp/playlist.m3u8,网络源,https://i.imgur.com/TUMiKCX.png
Best of Dance TV (1080p),https://m1b2.worldcast.tv/dancetelevisionone/dancetelevisionone.m3u8,网络源,https://hebbkx1anhila5yf.public.blob.vercel-storage.com/dt-logo-ARVwXaV7R0NW1kmXYBxN0OA78sD706.png
Best of Dr Phil,https://jmp2.uk/plu-666815f24b9fb400083f7e31.m3u8,网络源,https://i.imgur.com/Jj0wTFQ.png
Best of MTV,https://jmp2.uk/plu-632afdf820e83e000710ea12.m3u8,网络源,https://images.pluto.tv/channels/632aff5e44111b00076ad9b1/colorLogoPNG_1767773210944.png
Best of MTV DK,https://jmp2.uk/plu-632aff5e44111b00076ad9b1.m3u8,网络源,https://images.pluto.tv/channels/632aff5e44111b00076ad9b1/colorLogoPNG_1767773210944.png
Best of MTV NO,https://jmp2.uk/plu-632afc466699570007ed1106.m3u8,网络源,https://images.pluto.tv/channels/632aff5e44111b00076ad9b1/colorLogoPNG_1767773210944.png
Best of Paradise Hotel: Finalveckan,https://jmp2.uk/plu-65e97d41f7f0af0008da2543.m3u8,网络源,https://images.pluto.tv/channels/65e97d41f7f0af0008da2543/colorLogoPNG.png
Best of Paradise Hotel: Kyssar & karlek,https://jmp2.uk/plu-65b1077e0d9ab40008245b20.m3u8,网络源,https://images.pluto.tv/channels/65b1077e0d9ab40008245b20/colorLogoPNG.png
Best of Paradise Hotel: Pandoras Ask,https://jmp2.uk/plu-65e97d760d456100082da660.m3u8,网络源,https://images.pluto.tv/channels/65e97d760d456100082da660/colorLogoPNG.png
Best of Paradise Hotel: Skolveckan,https://jmp2.uk/plu-65e97cd118036500082ed0ce.m3u8,网络源,https://images.pluto.tv/channels/65e97cd118036500082ed0ce/colorLogoPNG.png
Best of The Drew Barrymore Show (Sweden),https://jmp2.uk/plu-630483153a21200007f1920f.m3u8,网络源,https://images.pluto.tv/channels/62beb692cda2b10007d5fd76/colorLogoPNG.png
Best of The Drew Barrymore Show (Sweden) DK,https://jmp2.uk/plu-62beb692cda2b10007d5fd76.m3u8,网络源,https://images.pluto.tv/channels/62beb692cda2b10007d5fd76/colorLogoPNG.png
Best of The Drew Barrymore Show (Sweden) NO,https://jmp2.uk/plu-630478cfdb5a4a0007ec255e.m3u8,网络源,https://images.pluto.tv/channels/62beb692cda2b10007d5fd76/colorLogoPNG.png
Best of The Drew Barrymore Show (United States),https://jmp2.uk/plu-6310cbee5a8ad300070fdb7c.m3u8,网络源,https://images.pluto.tv/channels/6310cbee5a8ad300070fdb7c/colorLogoPNG.png
Best TV (720p) [Not 24/7],http://push-int.siliconweb.com/bestTV/stream/playlist.m3u8,网络源,https://i.imgur.com/AeeeDUc.png
BestClasicosTV (720p) [Not 24/7],https://acceso.mediosdecostarica.com:3873/hybrid/play.m3u8,网络源,https://i.imgur.com/a/BRb8AVL.png
BET,https://jmp2.uk/plu-61c187ef1efe1b0007571711.m3u8,网络源,https://images.pluto.tv/channels/61c1939b8929e40007ff6382/colorLogoPNG.png
BET DK,https://jmp2.uk/plu-61c1939b8929e40007ff6382.m3u8,网络源,https://images.pluto.tv/channels/61c1939b8929e40007ff6382/colorLogoPNG.png
BET NO,https://jmp2.uk/plu-61dd5bf8db0b8e00080804ff.m3u8,网络源,https://images.pluto.tv/channels/61c1939b8929e40007ff6382/colorLogoPNG.png
BET Cinema,https://jmp2.uk/plu-58af4c093a41ca9d4ecabe96.m3u8,网络源,https://images.pluto.tv/channels/58af4c093a41ca9d4ecabe96/colorLogoPNG_1759338280891.png
BET Classics Pluto TV,https://jmp2.uk/plu-60f85644a9493e0007a1f035.m3u8,网络源,https://images.pluto.tv/channels/60f85644a9493e0007a1f035/colorLogoPNG_1759339662769.png
BET Comedy Movies,https://jmp2.uk/plu-68c32d88f56983aba40052bd.m3u8,网络源,https://images.pluto.tv/channels/68c32d88f56983aba40052bd/colorLogoPNG_1759246622596.png
BET Pluto TV,https://jmp2.uk/plu-5ca670f6593a5d78f0e85aed.m3u8,网络源,https://images.pluto.tv/channels/5ff768b6a4c8b80008498610/colorLogoPNG_1756804608228.png
BET Pluto TV BR,https://jmp2.uk/plu-5ff768b6a4c8b80008498610.m3u8,网络源,https://images.pluto.tv/channels/5ff768b6a4c8b80008498610/colorLogoPNG_1756804608228.png
BET Throwbacks,https://jmp2.uk/plu-61326275b3c86a00078e4833.m3u8,网络源,https://images.pluto.tv/channels/61326275b3c86a00078e4833/colorLogoPNG_1759340015358.png
BET Visionaries,https://jmp2.uk/plu-663946c1b18d700008d9c168.m3u8,网络源,https://images.pluto.tv/channels/663946c1b18d700008d9c168/colorLogoPNG_1759338795452.png
Bethel Colombia (720p),http://138.121.15.230:9002/BETHEL/index.m3u8,网络源,https://i.imgur.com/BYdMsLL.png
Bethel TV (720p),https://alfa.betheltv.tv/srt/3_abr/playlist.m3u8,网络源,https://i.imgur.com/zCVh765.png
Better Health TV (480p),https://tgn.bozztv.com/betterlife/betterhealth/betterhealth/index.m3u8,网络源,https://i.imgur.com/qnwJiji.png
Better Life Nature Channel (480p),https://tgn.bozztv.com/betterlife/betternature/betternature/index.m3u8,网络源,https://i.imgur.com/D8Vuw6I.png
Better Life TV (720p),https://tgn.bozztv.com/betterlife/betterlife/betterlife/index.m3u8,网络源,https://i.imgur.com/OWI7Y0l.png
Beverly Hillbillies,https://jmp2.uk/plu-5f7796e470510900070d4e3d.m3u8,网络源,https://i.imgur.com/OV9hT93.png
Beverly Hills 90210,https://jmp2.uk/plu-5f4d83e0a382c00007bc02e7.m3u8,网络源,https://images.pluto.tv/channels/5f4d83e0a382c00007bc02e7/colorLogoPNG.png
Beyaz TV (720p) [Not 24/7],https://mn-nl.mncdn.com/blutv_beyaztv2/live.m3u8,网络源,https://i.imgur.com/uykIdML.png
Beyond Belief: Fact or Fiction,https://jmp2.uk/plu-611f85396abc84000738417b.m3u8,网络源,https://i.imgur.com/3uXQg7Y.png
Beyond the Gates,https://jmp2.uk/plu-687ff00ff6bc08130f16ab81.m3u8,网络源,https://images.pluto.tv/channels/687ff00ff6bc08130f16ab81/colorLogoPNG_1755074273752.png
BFM2 (1080p),https://d1ib1gsg71oarf.cloudfront.net/v1/master/3722c60a815c199d9c0ef36c5b73da68a62b09d1/cc-scp7wda722jph/BFM2_FR.m3u8,网络源,https://alloforfait.fr/wp-content/uploads/2024/03/logo-bfm2-300x200.jpg
Bhagyam TV (1080p),https://ott.bhagyam.net/hls/bhagyamweb/index-1409148900-now.m3u8,网络源,https://jiotvimages.cdn.jio.com/dare_images/images/aanadhamtvtamil.png
Bhakthi Siri (576p),https://mumbai-edge.smartplaytv.in/Bhakthisiri/index.m3u8,网络源,https://jiotvimages.cdn.jio.com/dare_images/images/channel/f6da6ddbbd4e157e54904f34196118e7.png
Bhakthi TV (720p),https://cdn.pishow.tv/ott/live/397/master.m3u8,网络源,https://upload.wikimedia.org/wikipedia/en/6/61/Bhakthi_TV_logo.jpg
Bhakti Sagar (576p),https://mumt05.tangotv.in/87NeALx2BHAKTISAGAR/index.m3u8,网络源,https://jiotvimages.cdn.jio.com/dare_images/images/Bhaktisagar.png
Bharat24 (720p),https://cdn.ottlive.co.in/bharat24/index.m3u8,网络源,https://dtil.tmsimg.com/assets/s142710_ld_h15_aa.png?lock=720x540
Bharat Express (576p),https://mumt07.tangotv.in/zHjX9OFlBHARATEXPRESS/index.m3u8,网络源,https://xstreamcp-assets-msp.streamready.in/assets/LIVETV/LIVECHANNEL/LIVETV_LIVETVCHANNEL_BHARAT_EXPRESS/images/LOGO_HD/image.png
Bharat Samachar (576p),https://mumt03.tangotv.in/Dsly5z3HBHARATSAMACHAR/index.m3u8,网络源,https://xstreamcp-assets-msp.streamready.in/assets/LIVETV/LIVECHANNEL/LIVETV_LIVETVCHANNEL_BHARAT_SAMACHAR/images/LOGO_HD/image.png
Bhojpuri Cinema (720p),https://live-bhojpuri.akamaized.net/liveabr/playlist.m3u8,网络源,https://xstreamcp-assets-msp.streamready.in/assets/LIVETV/LIVECHANNEL/LIVETV_LIVETVCHANNEL_BHOJPURI_CINEMA/images/LOGO_HD/image.png
BHRT (720p) [Geo-blocked],https://bhrtstream.bhtelecom.ba/bhrtportal.m3u8,网络源,https://i.imgur.com/01bZ5rw.png
BHTV10 (720p),https://cdn3.wowza.com/5/V2Y2VmhqMEFDTUkx/beverlyhills/G0072_006/playlist.m3u8,网络源,https://i.imgur.com/NRrJ6xb.png
BHTV35 (720p),https://cdn3.wowza.com/5/V2Y2VmhqMEFDTUkx/beverlyhills/G0072_007/playlist.m3u8,网络源,https://i.imgur.com/3Gqc5f2.png
Bialogardzka Telewizja Kablowa (1080p),https://bsmbialogard.pl/live/index.m3u8,网络源,https://btk.bsmbialogard.pl/sites/default/files/inline-images/logo%20header2%282%29.png
Bibel TV (720p),https://bibint01.iptv-playoutcenter.de/bibint01/bibint01.stream_all/playlist.m3u8,网络源,https://i.imgur.com/RLwmrk3.png
Bibel TV Impuls (720p),https://bibeltv02.iptv-playoutcenter.de/bibeltv02/bibeltv02.stream_1/playlist.m3u8,网络源,https://i.imgur.com/k4tbW3W.png
Bibel TV Musik (720p),https://bibeltv03.iptv-playoutcenter.de/bibeltv03/bibeltv03.stream_1/playlist.m3u8,网络源,https://i.imgur.com/yIqOcP5.png
Big Asia (720p),http://live-bigasia.cdnvideo.ru/bigasia/bigasia.smil/playlist.m3u8,网络源,https://i.imgur.com/vruuPKF.png
Big Brother,https://jmp2.uk/plu-6661f11a41af6400080e90d8.m3u8,网络源,https://images.pluto.tv/channels/6661f11a41af6400080e90d8/colorLogoPNG.png
BIG BROTHER CLASSIC,https://jmp2.uk/plu-663e09e4b18d700008e48dcf.m3u8,网络源,https://images.pluto.tv/channels/663e09e4b18d700008e48dcf/colorLogoPNG.png
BIG Civic Channel,https://reflect-brookline-interactive-group.cablecast.tv/live-5/live/stream-2/live.m3u8,网络源,https://i.imgur.com/6HDMVBB.png
BIG Community Channel,https://reflect-brookline-interactive-group.cablecast.tv/live-4/live/stream-1/live.m3u8,网络源,https://i.imgur.com/6HDMVBB.png
Big Planet (576p),https://fs.uplink.kz/big_planet/mono.m3u8?token=onlinetv,网络源,https://i.imgur.com/wyuqWTR.png
Big Ten Network (720p),http://23.237.104.106:8080/USA_BTN/index.m3u8,网络源,https://upload.wikimedia.org/wikipedia/en/thumb/3/39/Big_Ten_Network_Logo.svg/960px-Big_Ten_Network_Logo.svg.png
Big Time Plus (1080p),https://shd-gcp-live.edgenextcdn.net/live/bitmovin-big-time-plus/924283f994779a311c1389698ff7e736/index.m3u8,网络源,https://shahid.mbc.net/mediaObject/4e042cb6-500b-4e4c-a8ca-21a5a7a7a71b
Big TV 24x7 (1080p),https://stream.ottlive.co.in/bigtvmalayalam/index.m3u8,网络源,https://i.postimg.cc/rpHrRxR5/big_tv_malayalam.png
BIG TV (720p),https://cdn.pishow.tv/ott/live/1059/master.m3u8,网络源,https://jiotvimages.cdn.jio.com/dare_images/images/Big_TV.png
Bigtime,https://103f01c3ff79408e83c9212f8a374ecc.mediatailor.us-east-1.amazonaws.com/v1/master/0fb304b2320b25f067414d481a779b77db81760d/RakutenTV-eu_BjgtjmeDarmoweFilmy/playlist.m3u8,网络源,https://images-3.rakuten.tv/storage/global-live-channel/translation/artwork/1fe37ff8-c6b7-4123-8c68-653d657b4c5f-width200-quality90.jpeg
Bilim Ilim (480p) [Not 24/7],http://gohoski.fvds.ru:3000/mediabay/611/index.m3u8,网络源,https://i.ibb.co/qswtSWm/428598841-309456895457301-6206911287895397651-n-1.png
Billiard TV (1080p) [Geo-blocked],https://pb-wm04vonaerv0k.akamaized.net/billi.m3u8,网络源,https://i.imgur.com/BZijfKh.png
Bilyonaryo News Channel (1080p) [Geo-blocked],https://amg19223-amg19223c11-amgplt0352.playout.now3.amagi.tv/playlist/amg19223-amg19223c11-amgplt0352/playlist.m3u8,网络源,https://i.imgur.com/iTH9Z0j.png
Binge,https://videostack1.cdnstream1.com:1936/binge-tv/binge-tv/playlist.m3u8,网络源,https://i.imgur.com/kEETRln.png
Bingtuan Satellite TV (540p) [Not 24/7],http://112.25.48.68/live/program/live/btws/1300000/mnf.m3u8,网络源,https://i.imgur.com/Y4qxDqz.png
Bio Bio TV (1080p),http://cdn1tlinkgo.tlink.cl/biobiotv/mono.m3u8,网络源,https://i.imgur.com/lhglEUP.png
Biosfera TV (720p) [Not 24/7],https://tvdatta.com:3021/live/biosferatvlive.m3u8,网络源,https://i.imgur.com/khytcgd.png
Bir TV (720p),https://edge.taksimbilisim.com/birtv/bant1/playlist.m3u8,网络源,https://birtv.tv/assets/upload/637f83951df60.png
bitMe (1080p),https://cablered.iptvperu.tv:1936/cablered/bitme-srt_new/playlist.m3u8,网络源,https://i.imgur.com/79hrcx8.png
bitMe Latin America (1080p),https://cablered.iptvperu.tv:1936/cablered/bitme_new/playlist.m3u8,网络源,https://i.imgur.com/JgXQz6c.png
BIZ Cinema (1080p),https://fl.biztv.media/cinema_720_EMfSyXgoRdiIHgldXTZICucKTIeCKO/index.m3u8,网络源,https://biztv.uz/static/media/biz-cinema.286b83dc.png
BIZ Music (1080p),https://fl.biztv.media/music_720_QAKpGmVUjaPApCNjpsgBxrdqNihAkl/index.m3u8,网络源,https://i.ibb.co/DfsCJwk/Uz-biz-music-5462.jpg
Biz TV (1080p),https://2-fss-1.streamhoster.com/pl_154/205722-2251224-1/playlist.m3u8,网络源,https://upload.wikimedia.org/wikipedia/commons/0/05/A_logo_for_BizTV.png
BIZ TV (1080p),https://fl.biztv.media/biz_tv_720_uni8jhub4h8fub4idejswh8dh3j94finbu4nidj39inwsj92in3d/index.m3u8,网络源,https://biztv.uz/static/media/logo.5f993187.png
Biznet Adventure (1080p),http://livestream.biznetvideo.net/biznet_adventure/smil:adventure.smil/playlist.m3u8,网络源,https://i.imgur.com/ZREy4zM.png
Biznet Kids (1080p),http://livestream.biznetvideo.net/biznet_kids/smil:kids.smil/index.m3u8,网络源,https://i.imgur.com/J5QNqJ0.png
Biznet Lifestyle (1080p),http://livestream.biznetvideo.net/biznet_lifestyle/smil:lifestyle.smil/index.m3u8,网络源,https://i.imgur.com/XqUfQKA.png
Bizz TV (1080p),https://stream.bizzmedia.biz/bizz_tv/index.m3u8,网络源,https://i.imgur.com/UxHaJNR.png
Black (1080p),http://stream.mcquack.net/283/index.m3u8,网络源,https://i.imgur.com/iSzAO32.png
Black Family Sitcoms,https://jmp2.uk/plu-686d61503484d6073283059d.m3u8,网络源,https://images.pluto.tv/channels/686d61503484d6073283059d/colorLogoPNG_1752619670829.png
Black Ink Crew,https://jmp2.uk/plu-5d51e2bceca5b4b2c0e06c50.m3u8,网络源,https://i.imgur.com/QnuIVB6.png
Black News Channel (1080p),https://blacknewschannel-xumo-us.amagi.tv/playlist.m3u8,网络源,https://i.imgur.com/oX5oR4d.png
Blaze (576p) [Geo-blocked],https://live-blaze-ssai.simplestreamcdn.com/v1/master/774d979dd66704abea7c5b62cb34c6815fda0d35/blaze-live-broadcast-scte/index.m3u8,网络源,https://i.imgur.com/6UcPWP9.png
Blaze Live (720p),https://jmp2.uk/plu-5e46fba0c43b0d00096e5ac1.m3u8,网络源,https://i.imgur.com/GwxneSQ.png
Blitstv,https://stmv1.transmissaodigital.com/blitstv/blitstv/playlist.m3u8,网络源,https://i.imgur.com/FO4QTRf.jpeg
BLK Regional TV (1080p),https://58bd5b7a98e04.streamlock.net/medienasa-live/_definst_/mp4:BLKonline_high/playlist.m3u8,网络源,https://i.imgur.com/JLgnPG1.png
Blokbaster HD (1080p),http://stream.mcquack.net/364/index.m3u8,网络源,https://i.imgur.com/KcOi4Os.png
Bloomberg HT (720p),https://ciner-live.daioncdn.net/bloomberght/bloomberght.m3u8,网络源,https://i.imgur.com/bmkXfIE.png
Bloomberg Originals (1080p),https://bloomberg.com/media-manifest/streams/qt.m3u8,网络源,https://jiotvimages.cdn.jio.com/dare_images/images/Bloomberg_Originals.png
Bloomberg Originals SD (1080p),https://86fdc85a.wurl.com/master/f36d25e7e52f1ba8d7e56eb859c636563214f541/TEctZ2JfQmxvb21iZXJnT3JpZ2luYWxzX0hMUw/playlist.m3u8,网络源,https://jiotvimages.cdn.jio.com/dare_images/images/Bloomberg_Originals.png
Bloomberg TV (1080p),http://23.237.104.106:8080/USA_BLOOMBERG/index.m3u8,网络源,https://i.imgur.com/OuogLHx.png
Bloomberg TV + (2160p),https://d8975dc3.wurl.com/master/f36d25e7e52f1ba8d7e56eb859c636563214f541/U2Ftc3VuZy1nYl9CbG9vbWJlcmdUVlBsdXNfSExT/playlist.m3u8,网络源,https://i.imgur.com/OuogLHx.png
Bloomberg TV Asia (720p),https://bloomberg.com/media-manifest/streams/asia.m3u8,网络源,https://i.imgur.com/OuogLHx.png
Bloomberg TV Asia Live Event (720p),https://bloomberg.com/media-manifest/streams/asia-event.m3u8,网络源,https://i.imgur.com/OuogLHx.png
Bloomberg TV Australia (270p),https://bloomberg.com/media-manifest/streams/aus.m3u8,网络源,https://i.imgur.com/OuogLHx.png
Bloomberg TV EMEA Live Event (720p),https://bloomberg.com/media-manifest/streams/eu-event.m3u8,网络源,https://i.imgur.com/OuogLHx.png
Bloomberg TV Europe (720p),https://bloomberg.com/media-manifest/streams/eu.m3u8,网络源,https://i.imgur.com/OuogLHx.png
Bloomberg TV Live Event (720p),https://bloomberg.com/media-manifest/streams/us-event.m3u8,网络源,https://i.imgur.com/OuogLHx.png
Bloomberg TV Politics Live Event (720p),https://bloomberg.com/media-manifest/streams/politics.m3u8,网络源,https://i.imgur.com/OuogLHx.png
Blu Radio (720p),https://mdstrm.com/live-stream-playlist/58d1921a72e2b22e2905e493.m3u8,网络源,https://i.imgur.com/w2t8CGT.png
Blue Bloods,https://jmp2.uk/plu-61b3b8c645b45d0007a9bb8d.m3u8,网络源,https://images.pluto.tv/channels/61b3b8c645b45d0007a9bb8d/colorLogoSVG.svg
Blue Sky TV (720p),https://cdn5.smart-tv-data.com/bluesky/bluesky-live/playlist.m3u8,网络源,https://i.imgur.com/C9CormG.png
BM&C News (720p),https://jmp2.uk/plu-666c9c60a7efd40008f552f0.m3u8,网络源,https://i.imgur.com/pOUY2Uz.png
BMC-HD TV (720p),https://livestream.telvue.com/belmontmedia4/f7b44cfafd5c52223d5498196c8a2e7b.sdp/playlist.m3u8,网络源,https://i.imgur.com/c9LiTz0.png
BMG TV,https://tv.nucast.tv/lb/ge/bmg/index.m3u8,网络源,https://i.imgur.com/vGLkTPA.png
BMS TV (720p) [Not 24/7],https://5bf7b725107e5.streamlock.net/bmstv/bmstv/playlist.m3u8,网络源,https://i.imgur.com/snMxng5.png
BN Channel (1080p),http://ikitv.sqn.at:8000/play/a01l/index.m3u8,网络源,https://upload.wikimedia.org/wikipedia/commons/thumb/5/54/BN_Channel.png/960px-BN_Channel.png
BNB Digital (720p),https://live-evg8.tv360.bitel.com.pe/bitel/bnbSRT/playlist.m3u8,网络源,https://i.imgur.com/MgEN1F8.png
BNN Bloomberg,https://pe-ak-lp01a-9c9media.akamaized.net/live/News1BNNDigi/p/dash/00000001/1bba52dc66e4c68e/manifest.mpd,网络源,https://upload.wikimedia.org/wikipedia/commons/thumb/4/45/BNN_Bloomberg.svg/960px-BNN_Bloomberg.svg.png
BNR Nieuwsradio (720p) [Geo-blocked],https://bnr-cache-cdp.triple-it.nl/studio/index.m3u8,网络源,https://i.imgur.com/d0KLwkj.png
BNT 1 (1080p),https://shift03.isp.bg/BNT1_HD/index.m3u8,网络源,https://i.imgur.com/7JU9b5j.png
BNT 2 (1080p),https://shift03.isp.bg/BNT2_HD/index.m3u8,网络源,https://i.imgur.com/FyTUr9Q.png
BNT 3 (1080p),https://shift03.isp.bg/BNT3_HD/index.m3u8,网络源,https://i.imgur.com/pPpSJ4u.png
BNT 4 (1080p),https://shift03.isp.bg/BNT4_HD/index.m3u8,网络源,https://i.imgur.com/Lw8b3yu.png
Boas Novas (1080p),https://cdn.jmvstream.com/w/LVW-9375/LVW9375_6i0wPBCHYc/playlist.m3u8,网络源,https://i.imgur.com/ZqhizdP.png
Bob Esponja (720p),https://jmp2.uk/plu-5f1aca0b4e448e00075e7c5e.m3u8,网络源,https://images.pluto.tv/channels/5f1aca0b4e448e00075e7c5e/colorLogoPNG.png
Bob Esponja Calca Quadrada (720p),https://jmp2.uk/plu-62545c0b002f4b0007688b61.m3u8,网络源,https://images.pluto.tv/channels/62545c0b002f4b0007688b61/colorLogoPNG.png
Bob Esponja Pantalones Cuadrados (720p),https://jmp2.uk/plu-6254598f5083f800076d8563.m3u8,网络源,https://images.pluto.tv/channels/6254598f5083f800076d8563/colorLogoPNG_1781042617821.png
Bob l'eponge (720p),https://jmp2.uk/plu-66588931a3865300085ca800.m3u8,网络源,https://images.pluto.tv/channels/66588931a3865300085ca800/colorLogoPNG.png
Bober (576p),https://fs.uplink.kz/bober/mono.m3u8?token=onlinetv,网络源,https://i.imgur.com/clWWhB8.png
Boca Chica TV (720p) [Not 24/7],https://fox.hostlagarto.com:8081/bocachicatv/tracks-v1a1/mono.m3u8,网络源,https://i.imgur.com/npiRBPC.png
Boishakhi TV,https://boishakhi.sonarbanglatv.com/boishakhi/boishakhitv/index.m3u8,网络源,https://i.imgur.com/gxL05Y4.png
Boks TV (720p),http://31.148.48.15/Boks_TV/index.m3u8,网络源,https://i.imgur.com/R1UjyfX.png
BOKTV (720p) [Not 24/7],https://livestream2.bokradio.co.za/hls/Bok5c.m3u8,网络源,https://i.imgur.com/mcNjuuO.png
Bol Entertainment HD,https://vodzong.mjunoon.tv:8087/streamtest/Channel5-159-4/playlist.m3u8,网络源,https://i.imgur.com/eajSRFo.png
Bolajon (576p),https://stream8.cinerama.uz/1007/playlist.m3u8,网络源,https://i.imgur.com/s7o0ifu.png
Boligjakten,https://jmp2.uk/plu-61c1dc21b9587d0007e3fc15.m3u8,网络源,https://images.pluto.tv/channels/61c1dc21b9587d0007e3fc15/colorLogoPNG.png
Boligkjop i blinde,https://jmp2.uk/plu-63c6a1c46d126a000760b91c.m3u8,网络源,https://images.pluto.tv/channels/63c6a1c46d126a000760b91c/colorLogoPNG.png
Boligkob i blinde,https://jmp2.uk/plu-63c6a27a4faf1c0007b48f7b.m3u8,网络源,https://images.pluto.tv/channels/63c6a27a4faf1c0007b48f7b/colorLogoPNG.png
Bolivia TV (1080p),http://15.204.246.24:8080/BoliviaTvHD/index.m3u8,网络源,https://i.imgur.com/tKLYYys.png
Bolivision (1080p),http://15.204.246.24:8080/BolivisionHD/index.m3u8,网络源,https://i.imgur.com/U98Z5zn.png
Bolivision Santa Cruz (720p),https://d1mws3umreue1g.cloudfront.net/index.m3u8,网络源,https://upload.wikimedia.org/wikipedia/commons/7/75/Bolivisi%C3%B3n2025.png
Bollygold (1080p),https://jmp2.uk/stvp-IN4000600Q,网络源,https://tvpnlogopus.samsungcloud.tv/platform/image/sourcelogo/vc/00/02/34/IN4000600Q_20260805T003941SQUARE.png
Bollywood (576p),http://str2.iptvhd.ru:8080/bollywood/index.m3u8,网络源,https://i.imgur.com/YLQRnXt.png
Bollywood HD (1080p),http://str2.iptvhd.ru:8080/Bollywood_HD/index.m3u8,网络源,https://i.imgur.com/YLQRnXt.png
Bollywood Film,https://tvextra-hls.b-cdn.net/bollywoodfilm/bollywoodfilm.m3u8,网络源,https://i.imgur.com/bEMUpHZ.png
Bollywood HD Russia (576p),https://xykt-fix.github.io/cinerama_edge01/hls/BOLLYWOOD_RU/Movie009.m3u8,网络源,https://i.imgur.com/scDKOLS.png
Bolt (Russia) (576p),http://hls127.freeott.top:8080/Bolt/video.m3u8,网络源,https://i.imgur.com/YdIHXOR.png
Bom Channel (720p),https://5f22d76e220e1.streamlock.net/canale6/canale6/playlist.m3u8,网络源,https://bomchannel.it/wp-content/uploads/2025/02/Tavola-disegno-1-768x432.png
bon appetit (1080p),https://bonappetit-samsung.amagi.tv/playlist.m3u8,网络源,https://i.imgur.com/YhFFxlE.png
Bon Dia TV (1080p),https://directes-tv-int.3catdirectes.cat/live-content/bondia-hls/master.m3u8,网络源,https://i.imgur.com/VgRCu2U.png
Bonaire.tv (1080p) [Not 24/7],https://media.streambrothers.com:1936/8506/8506/playlist.m3u8,网络源,https://i.ibb.co/rG8pHh9/bonaire-tv-logo-596x150.png
Bonanza,https://jmp2.uk/plu-68e9913c4a666b9054849832.m3u8,网络源,https://images.pluto.tv/channels/696e647b07ea70192d49f6a5/colorLogoPNG_1768842647658.png
Bonanza CA,https://jmp2.uk/plu-696e647b07ea70192d49f6a5.m3u8,网络源,https://images.pluto.tv/channels/696e647b07ea70192d49f6a5/colorLogoPNG_1768842647658.png
Bonao TV (720p) [Not 24/7],https://tele-stream.telecasa.net/live/st2/bonaotv-hd/index.m3u8,网络源,https://i.imgur.com/en1vCZB.png
Bonce TV (480p) [Not 24/7],https://seswa.bonce.tv/hls/bonceswa.m3u8,网络源,https://i.imgur.com/7cVkllH.png
Bonches Latinos TV (720p),https://5790d294af2dc.streamlock.net/latinostv/latinostv/playlist.m3u8,网络源,https://i.imgur.com/Kp8x0NS.png
Bondi Rescue (Sweden) (720p),https://jmp2.uk/plu-660d67eec8311c0008b8c3f7.m3u8,网络源,https://images.pluto.tv/channels/660d66be7bcd8600087cfee5/colorLogoPNG.png
Bondi Rescue (Sweden) DK (720p),https://jmp2.uk/plu-660d66be7bcd8600087cfee5.m3u8,网络源,https://images.pluto.tv/channels/660d66be7bcd8600087cfee5/colorLogoPNG.png
Bondi Rescue (Sweden) NO (720p),https://jmp2.uk/plu-660d67c419ca71000849a4e9.m3u8,网络源,https://images.pluto.tv/channels/660d66be7bcd8600087cfee5/colorLogoPNG.png
Bondi Rescue (United States) (720p),https://jmp2.uk/plu-66166989635c7500084105a2.m3u8,网络源,https://images.pluto.tv/channels/66166989635c7500084105a2/colorLogoPNG.png
Boogle Bollywood (720p),https://yuppnimrestreammum.akamaized.net/181224/smil:bogglebollywood.smil/playlist.m3u8?hdnts=st=1735898689~exp=1835898688~acl=*~hmac=f5fe24724fe05481e3841f9eb5ab8efdee0a3dd83645ae9dcf45703f525bab7b,网络源,https://jiotvimages.cdn.jio.com/dare_images/images/Boogle_Bollywood.png
Boonniyom TV,https://live.x2.co.th/live/bntv.m3u8,网络源,https://i.imgur.com/KvdFCD5.png
Boreal (720p) [Not 24/7],https://edge.essastream.com/borealtelevision/tracks-v1a1/mono.m3u8,网络源,https://i.imgur.com/KSquHTG.png
Boss Brothers TV (1080p),http://51.254.199.122:8080/bossbrothersTV/index.m3u8,网络源,https://i.imgur.com/rc9MXm5.png
Bouke (504p),https://dlgt0tdl2hpq3.cloudfront.net/rtbf/clr-rtbf/e1ccc6aa/index.m3u8,网络源,https://i.imgur.com/STLavel.png
Bounce (720p),http://23.237.104.106:8080/USA_BOUNCE/index.m3u8,网络源,https://m.media-amazon.com/images/I/718bHckb8eL.png
Bounce XL (1080p),https://cdn-uw2-prod.tsv2.amagi.tv/linear/amg01438-ewscrippscompan-bouncexl-tablo/playlist.m3u8,网络源,https://i.imgur.com/GzxgSkc.png
Boushehr TV,https://ncdn.telewebion.ir/bushehr/live/playlist.m3u8,网络源,https://upload.wikimedia.org/wikipedia/fa/thumb/9/94/Bushehr_TV.svg/500px-Bushehr_TV.svg.png
Box Kids TV (720p),http://170.83.49.66:8083/BOXKIDSHD/index.m3u8,网络源,https://upload.wikimedia.org/wikipedia/commons/1/18/Boxkidstv.png
BPTV (360p),https://buenapark.cablecast.tv/live/stream-1/live.m3u8,网络源,https://i.imgur.com/ObNBL7L.png
BPX TV Radio,https://video1.getstreamhosting.com:1936/8212/8212/playlist.m3u8,网络源,https://i.imgur.com/86VXni8.jpeg
BR6 TV (720p),https://58c04fb1d143f.streamlock.net/slob/slob/playlist.m3u8,网络源,https://i.imgur.com/NKtAiXu.png
BR8 TV,https://cdn.live.br1.jmvstream.com/w/LVW-11668/ngrp:LVW11668_wiJpjbMrks_all/playlist.m3u8,网络源,https://i.ibb.co/1QZv2q1/Br8-fb-graph.png
BR Fernsehen (720p),https://mcdn.br.de/br/fs/bfs_nord/hls/de/master.m3u8,网络源,https://upload.wikimedia.org/wikipedia/commons/thumb/5/51/Logo_Bayerischer_Rundfunk_2024.svg/960px-Logo_Bayerischer_Rundfunk_2024.svg.png
BR Fernsehen Sud (1080p),https://mcdn.br.de/br/fs/bfs_sued/hls/de/master.m3u8,网络源,https://upload.wikimedia.org/wikipedia/commons/thumb/5/51/Logo_Bayerischer_Rundfunk_2024.svg/960px-Logo_Bayerischer_Rundfunk_2024.svg.png
Bragado TV,https://mp.panelchs.com:1936/8028/ngrp:8028_all/playlist.m3u8,网络源,https://i.imgur.com/xP88fKG.png
Brat TV (1080p),https://streams2.sofast.tv/v1/master/611d79b11b77e2f571934fd80ca1413453772ac7/04072b68-dc6a-4d5e-98af-f356ba8d5063/playlist.m3u8,网络源,https://i.imgur.com/Kkcp9Bk.png
Bravo (720p),http://41.205.93.154/BRAVO/index.m3u8,网络源,https://i.imgur.com/JmTIRLF.png
Bravo Farsi TV (360p),https://bravoohls.wns.live/hls/stream.m3u8,网络源,https://i.ibb.co/yynxRTS/Bravo-Farsi.jpg
Bravo TV (1080p),https://redirector.rudo.video/hls-video/c54ac2799874375c81c1672abb700870537c5223/bravo/bravo.smil/playlist.m3u8,网络源,https://upload.wikimedia.org/wikipedia/commons/5/5e/Bravotv.png
Bravo! Kids TV,https://streaming.radiohub.hr/RadioHub_WEB_streaming/BHWUC27pGZ/3.m3u8,网络源,https://i.imgur.com/JcJ6fQ9.png
Bread TV (720p),https://video.bread-tv.com:8091/hls-live24/online/index.m3u8,网络源,https://bread-tv.com/uploads/allimg/241202/9_1836542371.png
Breinholts,https://jmp2.uk/plu-660d6c0094db140008fe2f74.m3u8,网络源,https://images.pluto.tv/channels/660d6c0094db140008fe2f74/colorLogoPNG.png
Brevard Government Access TV (720p),https://cdn3.wowza.com/5/cXdyRHF0Z3kxN0k2/brevardfl/G2111_002/playlist.m3u8,网络源,https://i.imgur.com/eUTDIQ2.png
Brian TV (720p) [Not 24/7],https://livefta.malimarcdn.com/ftaedge00/briantv.sdp/playlist.m3u8,网络源,https://i.imgur.com/zG1WNgU.jpg
Bric ve Satranc TV (480p) [Not 24/7],http://139.162.182.79/live/test/index.m3u8,网络源,https://i.imgur.com/TXDV1ty.png
Bride TV (576p),https://viewmedia7219.bozztv.com/wmedia/viewmedia100/web_013/Stream/playlist.m3u8,网络源,https://i.imgur.com/snZMucg.png
BRIDGE (576p),http://stream.mcquack.net/318/index.m3u8,网络源,https://i.imgur.com/qYObfrG.png
BRIDGE Classic (576p),http://stream.mcquack.net/272/index.m3u8,网络源,https://i.imgur.com/JJTQq81.png
BRIDGE Deluxe (1080p),http://31.148.48.15/Bridge_TV_HD/index.m3u8,网络源,https://i.imgur.com/EazL8w7.png
BRIDGE Deluxe HD (576p),http://stream.mcquack.net/92/index.m3u8,网络源,https://i.imgur.com/EazL8w7.png
BRIDGE Fresh (1080p),http://str2.iptvhd.ru:8080/Bridge_TV_HD/index.m3u8,网络源,https://i.imgur.com/IkUhaiG.png
BRIDGE Hits (576p),http://stream.mcquack.net/320/index.m3u8,网络源,https://i.imgur.com/sIW9oR4.png
BRIDGE Rock (576p),http://178.134.1.158:8081/BRIDGEROCK/index.m3u8,网络源,https://i.imgur.com/MHuwct2.png
Brionnais TV (720p),https://stream2.mandarine.media/brionnaistv/brionnaistv/playlist.m3u8,网络源,https://i.imgur.com/y94bhqX.jpg
Brit Asia TV (1080p),https://hls.autopo.st/hls/britasiatv/index.m3u8,网络源,https://jiotvimages.cdn.jio.com/dare_images/images/Brit_Asia.png
Britain's Next Top Model,https://jmp2.uk/plu-67a09e5921af38000808900a.m3u8,网络源,https://images.pluto.tv/channels/67a09ddc21af380008088dc3/colorLogoPNG.png
Britain's Next Top Model DK,https://jmp2.uk/plu-67a09ddc21af380008088dc3.m3u8,网络源,https://images.pluto.tv/channels/67a09ddc21af380008088dc3/colorLogoPNG.png
Britain's Next Top Model NO,https://jmp2.uk/plu-67a09e25c070cf00083c40fa.m3u8,网络源,https://images.pluto.tv/channels/67a09ddc21af380008088dc3/colorLogoPNG.png
BritBox Mysteries (1080p),https://aegis-cloudfront-1.tubi.video/c95700f8-e51c-4a36-ad46-56f70fc9f1d9/playlist.m3u8,网络源,https://i.imgur.com/PJdzoLN.png
British Comedy,https://jmp2.uk/plu-638e11951177840007fdd6b2.m3u8,网络源,https://images.pluto.tv/channels/638e11951177840007fdd6b2/colorLogoPNG_1745597179027.png
BRK News (720p),https://mumbai-edge.smartplaytv.in/BRKNEWS/index.m3u8,网络源,https://d229kpbsb5jevy.cloudfront.net/yuppfast/content/common/channel/logos/brk-news.png
Broad City,https://jmp2.uk/plu-65cba7b1ec452d0008acbed8.m3u8,网络源,https://images.pluto.tv/channels/65cba73611ced700082123bc/colorLogoPNG.png
Broad City DK,https://jmp2.uk/plu-65cba73611ced700082123bc.m3u8,网络源,https://images.pluto.tv/channels/65cba73611ced700082123bc/colorLogoPNG.png
Broad City NO,https://jmp2.uk/plu-65cba778ec452d0008acbe86.m3u8,网络源,https://images.pluto.tv/channels/65cba73611ced700082123bc/colorLogoPNG.png
Brondby TV,https://jmp2.uk/plu-685029cda1e091e16ff57fc8.m3u8,网络源,https://images.pluto.tv/channels/685029cda1e091e16ff57fc8/colorLogoPNG_1750246109707.png
BRTV (Indonesia) (720p),https://5bf7b725107e5.streamlock.net/brtv/brtv/playlist.m3u8,网络源,https://upload.wikimedia.org/wikipedia/id/1/1f/Logo_BRTV.png
BRTV (Turkiye) (720p) [Geo-blocked],https://live.artidijitalmedya.com/artidijital_brtv/brtv/playlist.m3u8,网络源,https://i.imgur.com/U3qlEAp.png
BRTV Kaku Childrens Channel,http://223.111.191.105/downflv.brtvcloud.com/kkkkasd/winfr.m3u8,网络源,https://i.imgur.com/t8X4wPZ.png
Bruno Masi TV (720p),https://rds3.desdeparaguay.net/brunomasitv/brunomasitv/playlist.m3u8,网络源,https://i.ibb.co/QFmyjZN/unnamed-1.png
Bruzz (720p),https://hls-origin01-bruzz.cdn02.rambla.be/main/adliveorigin-bruzz/_definst_/V3n5YY.smil/playlist.m3u8,网络源,https://i.imgur.com/OYlYidF.png
BS Film (576p),https://lbgo.bozztv.com/ssh101/ssh101/bsfilm/playlist.m3u8,网络源,https://www.vivalivetv.com/public/files/shows/0/1/3953-640x360-FFFFFF.jpg
BST (576p),https://bsttv.bonus-tv.ru/cdn/bst/playlist.m3u8,网络源,https://i.imgur.com/IDotHmQ.png
BSTV (Hong Kong) (576p),http://202.69.67.66:443/webcast/bshdlive-pc/playlist.m3u8,网络源,https://i.imgur.com/GVYSSgm.png
BSTV (Pakistan) (576p),https://lbgo.bozztv.com/ssh101/ssh101/bstv/playlist.m3u8,网络源,https://www.vivalivetv.com/public/files/shows/0/1/3952-640x360-FFFFFF.jpg
BT TV (720p),https://feeds.intoday.in/bttv/itgd.m3u8,网络源,https://akm-img-a-in.tosshub.com/businesstoday/resource/img/best-bank-new.png
BTA TV (720p),https://cloud.fastchannel.es/manifiest/hls/prog9/btatv.m3u8,网络源,https://i.imgur.com/vygOosC.png
BTB 2 (1080p),https://emisja.btb.j00r.us/iptv/session/2/hls.m3u8,网络源,https://i.imgur.com/C5g0ejM.png
BTB 3 (1080p),https://emisja3.btb.j00r.us/iptv/session/3/hls.m3u8,网络源,https://i.imgur.com/Z193940.png
BTB Info (1080p),https://emisja2.btb.j00r.us/iptv/session/4/hls.m3u8,网络源,https://btb.j00r.us/img.php?id=87fa06e1418604cb096a0bb3f24e4371&type=Primary&w=400&t=BTB+Info
BTL TV (720p) [Not 24/7],https://goliveafrica.media:9998/live/638da5440743c/index.m3u8,网络源,https://i.imgur.com/4r09woD.jpg
BTM TV (480p) [Not 24/7],https://btmug.zerocdn.org/hls/stream.m3u8,网络源,https://i.imgur.com/NUvA2jf.png
BTN TV (Rwanda),https://tv.btnrwanda.com:3973/live/btnv2live.m3u8,网络源,https://i.imgur.com/WmaP8zP.png
BTN TV (South Korea) (1080p),https://btn.nowcdn.co.kr/btn/btnlive2m/playlist.m3u8,网络源,https://i.imgur.com/sOoS7RQ.png
BTV (Hungary) (360p),https://cloudfront44.lexanetwork.com:1344/freerelay/babolnatv.sdp/playlist.m3u8,网络源,https://i.imgur.com/0PKqn3V.png
BTV (Uganda) (480p),https://streamfi-alphadgtl1.zettawiseroutes.com:8181/hls/stream.m3u8,网络源,https://i.imgur.com/rcHZ1al.png
BTV News (720p),https://live-evg2.tv360.metfone.com.kh/livetest/bayontest.stream/playlist.m3u8,网络源,https://i.imgur.com/sUHiRj3.png
BTV Panama (720p) [Not 24/7],https://stream.oursnetworktv.com/latin/btvpanama/playlist.m3u8,网络源,https://i.imgur.com/CiYVtgB.png
Bucovina TV (576i),https://www.bucovinatv.ro/proxy/video/playlist.m3u8,网络源,https://i.imgur.com/6klhXxp.png
Budapest Europa Televizio (576p),https://cloudfront44.lexanetwork.com:1344/freerelay/bpetv.sdp/playlist.m3u8,网络源,https://i.imgur.com/CqqWtzo.png
Buena TV (1080p),https://59825a54e4454.streamlock.net:8443/papo351/papo351/playlist.m3u8,网络源,https://i.imgur.com/tsajuxi.png
Buendia TV,https://servilive.com:3508/stream/play.m3u8,网络源,https://i.imgur.com/m5hNyNE.png
Buenisima Radio TV,https://canal.mediaserver.com.co/live/buenisimatv.m3u8,网络源,https://i.imgur.com/URKDlOZ.png
Buin Somos Todos (720p) [Not 24/7],https://bst.buin.cl/0.m3u8,网络源,https://i.imgur.com/zzeBtux.png
Bukedde TV 1 (576p),https://stream.hydeinnovations.com/bukedde1flussonic/index.m3u8,网络源,https://i.imgur.com/HFq5QlJ.png
Bukedde TV 2 (576p) [Not 24/7],https://stream.hydeinnovations.com/bukedde2flussonic/index.m3u8,网络源,https://i.imgur.com/ukwPZeY.png
Bull,https://jmp2.uk/plu-6964b9e19bf57be1537fc7d7.m3u8,网络源,https://images.pluto.tv/channels/6964b982ca459f9b939da8e6/colorLogoPNG_1770900947317.png
Bull DK,https://jmp2.uk/plu-6964b982ca459f9b939da8e6.m3u8,网络源,https://images.pluto.tv/channels/6964b982ca459f9b939da8e6/colorLogoPNG_1770900947317.png
Bull NO,https://jmp2.uk/plu-6964b9b97d2afdec4f9390f6.m3u8,网络源,https://images.pluto.tv/channels/6964b982ca459f9b939da8e6/colorLogoPNG_1770900947317.png
BUM Television (720p) [Not 24/7],https://movil.ejeserver.com/live/visiondorada.m3u8,网络源,https://i.imgur.com/I0eGYI0.png
Bungo TV (480p) [Not 24/7],https://5bf7b725107e5.streamlock.net/bungotv/bungotv/playlist.m3u8,网络源,https://i.imgur.com/OrCrtDA.png
Bursa TV (720p) [Not 24/7],https://win1.yayin.com.tr/bursatv/bursatv/playlist.m3u8,网络源,https://i.imgur.com/9cl1MR8.png
Business Rockstars (720p),https://stream-us-east-1.getpublica.com/playlist.m3u8?network_id=2220,网络源,https://i.imgur.com/vfAMWLJ.png
Busuioc TV,https://tt.nfthost.net/static/streaming-playlists/hls/bb907ca9-5cb5-49dd-b276-d77721a9bc6d/master.m3u8,网络源,https://i.imgur.com/CQtfBPu.png
BUTV10 (1080p) [Not 24/7],https://cdnapisec.kaltura.com/p/2184561/sp/218456100/playManifest/entryId/1_68qxw4eu/format/applehttp/a.m3u8,网络源,https://i.imgur.com/Iv1Fe67.png
Buying Blind Denmark,https://jmp2.uk/plu-63c6a7544faf1c0007b496d7.m3u8,网络源,https://images.pluto.tv/channels/63c6a7544faf1c0007b496d7/colorLogoPNG.png
Buzzfeed Unsolved,https://d39g1vxj2ef6in.cloudfront.net/v1/master/3fec3e5cac39a52b2132f9c66c83dae043dc17d4/prod-rakuten-stitched/master.m3u8?ads.xumo_channelId=88883099,网络源,https://images-0.rakuten.tv/storage/global-live-channel/translation/artwork/e16cfcc7-2040-4bd5-8339-16d499f8799e-width200-quality90.png
Buzzr (1080p),http://23.237.104.106:8080/USA_BUZZR/index.m3u8,网络源,https://static.wikia.nocookie.net/logopedia/images/1/12/0mk7F5ao.png/revision/latest/scale-to-width-down/512
BVC,https://vivo.solumedia.com:19360/bvnet/bvnet.m3u8,网络源,https://i.imgur.com/I06TSx0.png
BVG (576p),https://mumt05.tangotv.in/87NeALx2BVG/index.m3u8,网络源,https://jiotvimages.cdn.jio.com/dare_images/images/BVG.png
BX1 (504p),https://dlgt0tdl2hpq3.cloudfront.net/rtbf/clr-rtbf/7ec67c8d/index.m3u8,网络源,https://i.imgur.com/0OkSa6c.png
BX Arts (720p),https://reflect-stream-bronxnet.cablecast.tv/live-19/live/stream-2/live.m3u8,网络源,https://i.imgur.com/PF71rdZ.png
BX Culture (720p),https://reflect-stream-bronxnet.cablecast.tv/live-7/live/stream-3/live.m3u8,网络源,https://i.imgur.com/PF71rdZ.png
BX Inform (1080p),https://reflect-stream-bronxnet.cablecast.tv/live-8/live/stream-4/live.m3u8,网络源,https://i.imgur.com/PF71rdZ.png
BX Inspire (720p),https://reflect-stream-bronxnet.cablecast.tv/live-18/live/stream-7/live.m3u8,网络源,https://i.imgur.com/PF71rdZ.png
BX Omni (720p),https://reflect-stream-bronxnet.cablecast.tv/live-16/live/stream-1/live.m3u8,网络源,https://i.imgur.com/PF71rdZ.png
BYU TV (1080p),https://d13j8jpstr8iqz.cloudfront.net/BYUtv.m3u8,网络源,https://i.imgur.com/mruGyuu.png
C9N (720p),https://d2b5h5wyivfnfl.cloudfront.net/live/48f53430-9014-4459-a048-6169dac14140/ts:abr.m3u8,网络源,https://i.imgur.com/iXkwP31.png
C31 Melbourne (240p),https://d1k6kax80wecy5.cloudfront.net/RLnAKY/index.m3u8,网络源,https://i.imgur.com/Ge1EutY.png
C Malayalam TV (1080p),https://2-fss-2.streamhoster.com/pl_120/206508-3261972-1/playlist.m3u8,网络源,https://i.imgur.com/rpg0bQA.png
C Star (1080p),http://145.239.5.177/361/index.m3u8,网络源,https://i.imgur.com/w4kAX1V.png
Ca Mau TV (720p) [Geo-blocked],https://tv.ctvcamau.vn/live/tv/tv.m3u8,网络源,
Cable Imagen Armstrong (540p) [Not 24/7],https://stream.arcast.com.ar/casse/casse/playlist.m3u8,网络源,https://i.imgur.com/U9NuJQC.png
Cabo Frio TV (720p),https://59f2354c05961.streamlock.net:1443/ararutv/_definst_/ararutv/playlist.m3u8,网络源,https://i.imgur.com/mPi6Wp3.png
CAD TV,https://videoserver.tmcreativos.com:19360/dcsajkpvrh/dcsajkpvrh.m3u8,网络源,https://i.imgur.com/lafmmRa.jpeg
Cadena103.TV,https://streamlov.alsolnet.com/cadena103/live/playlist.m3u8,网络源,https://i.imgur.com/vBsry35.png
Cadena Elite (720p) [Not 24/7],https://cloudvideo.servers10.com:8081/8004/index.m3u8,网络源,https://i.imgur.com/3yeGDTP.png
Cadena TV (720p) [Not 24/7],https://tv.bitstreaming.net:3789/live/cdntvlive.m3u8,网络源,https://i.imgur.com/stvzqzd.png
Cadena TV SD,https://live-evg10.tv360.bitel.com.pe/bitel/cadenatv/playlist.m3u8,网络源,https://i.imgur.com/stvzqzd.png
Cafe Film,https://cafefhls.wns.live/hls/stream.m3u8,网络源,
Cafe Trade TV,https://cafetradehls.wns.live/hls/stream.m3u8,网络源,https://i.ibb.co/GW4cMfc/cafe-trade-tv.png
CafeTV24 (720p),https://srvx1.selftv.video/cafe/live/playlist.m3u8,网络源,https://i.imgur.com/SRFzjja.png
Cagney & Lacey,https://jmp2.uk/plu-6960c5a906d76f50db2816dc.m3u8,网络源,https://images.pluto.tv/channels/6960c5a906d76f50db2816dc/colorLogoPNG_1767949823270.png
Caillou,https://do7nccdsswstc.cloudfront.net/v1/manifest/3722c60a815c199d9c0ef36c5b73da68a62b09d1/cc-1aso0bc668saa/a5233c83-f772-4a81-959a-45ec7877ef61/5.m3u8,网络源,https://i.imgur.com/RgKaoe4.png
Cajamarca TV (720p),https://live-evg8.tv360.bitel.com.pe/bitel/cajamarcatvSRT/playlist.m3u8,网络源,https://i.imgur.com/pC57NYv.png
Calabria TV,https://64b16f23efbee.streamlock.net/calabriatv/calabriatv/playlist.m3u8,网络源,https://i.imgur.com/noTgJJp.png
Caldera Vision,https://tv.arkeo.cl:1936/kymczwbrge/kymczwbrge/playlist.m3u8,网络源,https://i.imgur.com/A3Jiffe.png
California Medios TV (720p),https://s5.mexside.net:1936/medios/medios/playlist.m3u8,网络源,https://i.imgur.com/IDvpRNI.png
California Music Channel (1080p),https://cmc-cmctv-cineverse.amagi.tv/playlist.m3u8,网络源,https://i.imgur.com/FyNot5W.png
CAM 10 TV (720p),https://stream.it-innov.com/cam10tv/index.m3u8,网络源,https://i.imgur.com/xspb9uY.png
Camera dei Deputati (240p),https://video-ar.radioradicale.it/diretta/camera2/playlist.m3u8,网络源,https://i.imgur.com/hv4zi9N.png
Camera Smile TV (480p),https://rpn.bozztv.com/gusa/gusa-camerasmile/index.m3u8,网络源,https://i.imgur.com/V5h4R83.png
Camp Kulinaris,https://jmp2.uk/plu-6400bf66dff38e00083f4ee8.m3u8,网络源,https://images.pluto.tv/channels/61c1dce2fb9ae40007d0ac15/colorLogoPNG.png
Camp Kulinaris NO,https://jmp2.uk/plu-61c1dce2fb9ae40007d0ac15.m3u8,网络源,https://images.pluto.tv/channels/61c1dce2fb9ae40007d0ac15/colorLogoPNG.png
Camp Spoopy (576p),https://stream.ads.ottera.tv/playlist.m3u8?network_id=269,网络源,https://img2.static-ottera.com/prod/tg/linear_channel/logo/640x360/camp-spoopy-2021_1920-x-1080_option-5.jpg
Campo Abierto TV (720p),https://v2.tustreaming.cl/catvlive/index.m3u8,网络源,https://i.imgur.com/KL6pgaL.png
Campus TV (480p) [Not 24/7],https://5e85d90130e77.streamlock.net/6052/6052/playlist.m3u8,网络源,https://i.imgur.com/E1TmADM.png
CampusTV (720p) [Not 24/7],https://pantera1-100gb-cl-movistar.dps.live/campustv/campustv.smil/playlist.m3u8,网络源,https://i.imgur.com/LvzLg33.png
Camu TV (480p) [Not 24/7],https://live20.bozztv.com/akamaissh101/ssh101/camutv/playlist.m3u8,网络源,https://i.imgur.com/3d8cLm9.jpg
Can Tho TV 2 (1080p),https://live.canthotv.vn/cs2/live.stream/playlist.m3u8,网络源,https://i.ibb.co/JjVvkMsf/cantho2-2025.png
Can Tho TV 3 (1080p),https://live.canthotv.vn/cs3/tv/chunklist.m3u8,网络源,https://i.ibb.co/d4G2PD9s/cantho3-2025.png
Can Tho TV (1080p),https://live.canthotv.vn/live/tv/chunklist.m3u8,网络源,https://i.ibb.co/MDhNH26J/cantho1-2025.png
CAN TV19 (1080p),https://cantv.streamguys1.com/cantv/cantv19hls/playlist.m3u8,网络源,https://i.imgur.com/PUQtIa3.png
CAN TV21 (1080p),https://cantv.streamguys1.com/cantv/cantv21hls/playlist.m3u8,网络源,https://i.imgur.com/KP5bCYr.png
CAN TV27 (1080p),https://cantv.streamguys1.com/cantv/cantv27hls/playlist.m3u8,网络源,https://i.imgur.com/43EpWsD.png
CAN TV36 (1080p),https://cantv.streamguys1.com/cantv/cantv36hls/playlist.m3u8,网络源,https://i.imgur.com/43EpWsD.png
Cana TV Digital (720p) [Not 24/7],https://stream.hostuis.com:19360/canatvdigital/canatvdigital.m3u8,网络源,https://i.imgur.com/k8jxt12.png
Canada One (720p) [Not 24/7],http://cdn8.live247stream.com/canadaone/tv/playlist.m3u8,网络源,
Canaf54 TV,https://5caf24a595d94.streamlock.net:1937/pvyugfkzkc/pvyugfkzkc/playlist.m3u8,网络源,https://i.imgur.com/viB0FS2.png
Canal 1 (Colombia) (576p),http://138.121.15.230:9002/CANAL-UNO/index.m3u8,网络源,https://i.imgur.com/YFywPLC.png
Canal 1 (Costa Rica) (720p) [Not 24/7],https://vid.canal1cr.com:3424/multi_live/play_720.m3u8,网络源,https://i.ibb.co/KhNS8Dy/cropped-logoo-1.png
Canal 1 Mar Menor Torre Pacheco (1080p),https://directo.tuwebtv.es/canal1.m3u8,网络源,https://i.imgur.com/MQOwCdZ.png
Canal 1 Nuble,https://tls-cl.cdnz.cl/canal21tv/live/playlist.m3u8,网络源,https://i.imgur.com/PGSixH5.png
Canal 2 (Costa Rica) (720p) [Not 24/7],https://d2hha8xu9trvi8.cloudfront.net/ts:abr.m3u8,网络源,https://i.imgur.com/Nn8BtH5.png
Canal 2 (El Salvador) (720p),http://186.33.26.18:8000/play/a0qp/index.m3u8,网络源,https://upload.wikimedia.org/wikipedia/commons/thumb/7/79/Canal_2_TCS.png/960px-Canal_2_TCS.png
Canal 2 Alpavision Neiva (720p) [Not 24/7],https://stmv1.voxtvhd.com.br/alpavision/alpavision/playlist.m3u8,网络源,https://i.imgur.com/Yv8XIGW.png
Canal 2 de Ushuaia (1080p),https://nd106.republicaservers.com:4433/hls/c6611/index.m3u8,网络源,https://i.ibb.co/q5NPdK2/canal2-logo.png
Canal 2 Gualeguay,https://stream.arcast.net:4443/gualeguay/gualeguay/playlist.m3u8,网络源,https://i.imgur.com/TOlncyp.png
Canal 2 Mar del Plata (720p),https://tv.streamcasthd.com:3641/live/canal2mdplive.m3u8,网络源,https://i.imgur.com/wlKFPBW.jpeg
Canal 2 Misiones (1080p),https://nd106.republicaservers.com:4433/hls/canal2misioness/index.m3u8,网络源,https://i.imgur.com/YqTNXDf.png
Canal 2 NexTV Rafaela (720p),https://edge.enhdtv.com/nexthd/index.m3u8,网络源,https://i.imgur.com/hgj3CaR.jpeg
Canal 2 Quellon (1080p) [Not 24/7],https://pantera1-100gb-cl-movistar.dps.live/tvquellon/tvquellon.smil/playlist.m3u8,网络源,https://i.imgur.com/MOwLCwT.png
Canal 3 (Burkina Faso),https://cs2.push2stream.com/CANAL3BENIN/playlist.m3u8,网络源,https://i.imgur.com/WIrVAa2.png
Canal 3 (Guatemala) (720p),https://d3jocgwjuhw91y.cloudfront.net/ts:abr.m3u8,网络源,https://i.imgur.com/yCykjIp.png
Canal 3 Formosa,https://stmvideo6.livecastv.com/agenfor/agenfor/playlist.m3u8,网络源,https://i.imgur.com/rVDrNIy.png
Canal 3 Impresionante (480p),https://cloud2.streaminglivehd.com:2020/hls/8036/8036.m3u8,网络源,https://i.imgur.com/mdfiWG9.png
Canal 3 KMK TV (720p),https://live20.bozztv.com/giatv/giatv-KMKTV/KMKTV/chunks.m3u8,网络源,https://i.imgur.com/sgRDRBK.jpg
Canal 3 La Pampa (1080p),https://stream.arcast.com.ar/c3lapampa/ngrp:c3lapampa_all/playlist.m3u8,网络源,https://i.imgur.com/SsNFudZ.png
Canal 3 Las Heras (720p),https://stream.arcast.com.ar/canal3/canal3/playlist.m3u8,网络源,https://i.imgur.com/bd2afET.png
Canal 3 Pinamar,http://intelincloud01.com.ar/hls/cn3/index.m3u8,网络源,https://i.imgur.com/IABFaH1.png
Canal 3 Tacural,http://vivo.canal3tacural.com.ar:8081/hls/stream.m3u8,网络源,https://i.imgur.com/RKvSa52.jpeg
Canal 3 TV Biar (480p) [Not 24/7],https://avantstreaming.es/hls/canal3.m3u8,网络源,https://i.imgur.com/cnKCZkK.png
Canal 4 (Costa Rica) (720p),https://dlhn7gdemxofz.cloudfront.net/ts:abr.m3u8,网络源,https://i.imgur.com/5arZEgO.png
Canal 4 (El Salvador) (1080p),http://45.5.118.188:8000/play/a00j/index.m3u8,网络源,https://upload.wikimedia.org/wikipedia/commons/thumb/1/1b/Canal_4_TCS.png/960px-Canal_4_TCS.png
Canal 4 Catalunya (1080p),https://limited35.todostreaming.es/live/mitjans-livestream.m3u8,网络源,https://i.imgur.com/tQh8C3s.png
Canal 4 Esquel,https://stream.arcast.com.ar/canal4esquel/canal4esquel/playlist.m3u8,网络源,https://i.imgur.com/6kbOr16.png
Canal 4 Jujuy,https://5cd577a3dd8ec.streamlock.net/CANAL4/smil:CANAL4.smil/playlist.m3u8,网络源,https://i.imgur.com/qB6I274.png
